"Sample","ReadID","sampled_methylation","allele"
"NGS_H19_Hetero_Phased_Rep1","Read_1",0.0209133421328945,"Haplotype_A_Unmeth"
"NGS_H19_Hetero_Phased_Rep1","Read_2",0.0123988297008622,"Haplotype_A_Unmeth"
"NGS_H19_Hetero_Phased_Rep1","Read_3",0.0225518004138151,"Haplotype_A_Unmeth"
"NGS_H19_Hetero_Phased_Rep1","Read_4",0.0193144404431852,"Haplotype_A_Unmeth"
"NGS_H19_Hetero_Phased_Rep1","Read_5",0.0141212274686554,"Haplotype_A_Unmeth"
"NGS_H19_Hetero_Phased_Rep1","Read_6",0.982271049642951,"Haplotype_B_Meth"
"NGS_H19_Hetero_Phased_Rep1","Read_7",0.981250669411667,"Haplotype_B_Meth"
"NGS_H19_Hetero_Phased_Rep1","Read_8",0.978406308669776,"Haplotype_B_Meth"
"NGS_H19_Hetero_Phased_Rep1","Read_9",0.0145417569602215,"Haplotype_A_Unmeth"
"NGS_H19_Hetero_Phased_Rep1","Read_10",0.0225961819789165,"Haplotype_A_Unmeth"
"NGS_H19_Hetero_Phased_Rep1","Read_11",0.976357070753702,"Haplotype_B_Meth"
"NGS_H19_Hetero_Phased_Rep1","Read_12",0.97852487977484,"Haplotype_B_Meth"
"NGS_H19_Hetero_Phased_Rep1","Read_13",0.980880722714585,"Haplotype_B_Meth"
"NGS_H19_Hetero_Phased_Rep1","Read_14",0.0150854712259629,"Haplotype_A_Unmeth"
"NGS_H19_Hetero_Phased_Rep1","Read_15",0.982342408367501,"Haplotype_B_Meth"
"NGS_H19_Hetero_Phased_Rep1","Read_16",0.981352158510563,"Haplotype_B_Meth"
"NGS_H19_Hetero_Phased_Rep1","Read_17",0.0132082684488848,"Haplotype_A_Unmeth"
"NGS_H19_Hetero_Phased_Rep1","Read_18",0.976645195642376,"Haplotype_B_Meth"
"NGS_H19_Hetero_Phased_Rep1","Read_19",0.0209511197312819,"Haplotype_A_Unmeth"
"NGS_H19_Hetero_Phased_Rep1","Read_20",0.969520752686596,"Haplotype_B_Meth"
"NGS_H19_Hetero_Phased_Rep1","Read_21",0.989971625609801,"Haplotype_B_Meth"
"NGS_H19_Hetero_Phased_Rep1","Read_22",0.019030078663419,"Haplotype_A_Unmeth"
"NGS_H19_Hetero_Phased_Rep1","Read_23",0.966351921085759,"Haplotype_B_Meth"
"NGS_H19_Hetero_Phased_Rep1","Read_24",0.0212573087570225,"Haplotype_A_Unmeth"
"NGS_H19_Hetero_Phased_Rep1","Read_25",0.0242870376095307,"Haplotype_A_Unmeth"
"NGS_H19_Hetero_Phased_Rep1","Read_26",0.0140660637924061,"Haplotype_A_Unmeth"
"NGS_H19_Hetero_Phased_Rep1","Read_27",0.0208768768482988,"Haplotype_A_Unmeth"
"NGS_H19_Hetero_Phased_Rep1","Read_28",0.0180161411802583,"Haplotype_A_Unmeth"
"NGS_H19_Hetero_Phased_Rep1","Read_29",0.0149158083251754,"Haplotype_A_Unmeth"
"NGS_H19_Hetero_Phased_Rep1","Read_30",0.973579940968861,"Haplotype_B_Meth"
"NGS_H19_Hetero_Phased_Rep1","Read_31",0.986542356140465,"Haplotype_B_Meth"
"NGS_H19_Hetero_Phased_Rep1","Read_32",0.985707391681361,"Haplotype_B_Meth"
"NGS_H19_Hetero_Phased_Rep1","Read_33",0.0227632874438787,"Haplotype_A_Unmeth"
"NGS_H19_Hetero_Phased_Rep1","Read_34",0.978165824821372,"Haplotype_B_Meth"
"NGS_H19_Hetero_Phased_Rep1","Read_35",0.0276981522124352,"Haplotype_A_Unmeth"
"NGS_H19_Hetero_Phased_Rep1","Read_36",0.982550710165869,"Haplotype_B_Meth"
"NGS_H19_Hetero_Phased_Rep1","Read_37",0.0144389076665163,"Haplotype_A_Unmeth"
"NGS_H19_Hetero_Phased_Rep1","Read_38",0.0317957102055331,"Haplotype_A_Unmeth"
"NGS_H19_Hetero_Phased_Rep1","Read_39",0.976322945937483,"Haplotype_B_Meth"
"NGS_H19_Hetero_Phased_Rep1","Read_40",0.0167698652009279,"Haplotype_A_Unmeth"
"NGS_H19_Hetero_Phased_Rep1","Read_41",0.983636056808215,"Haplotype_B_Meth"
"NGS_H19_Hetero_Phased_Rep1","Read_42",0.978107411921953,"Haplotype_B_Meth"
"NGS_H19_Hetero_Phased_Rep1","Read_43",0.976971351804844,"Haplotype_B_Meth"
"NGS_H19_Hetero_Phased_Rep1","Read_44",0.978569890904505,"Haplotype_B_Meth"
"NGS_H19_Hetero_Phased_Rep1","Read_45",0.0221427244399405,"Haplotype_A_Unmeth"
"NGS_H19_Hetero_Phased_Rep1","Read_46",0.98014891923617,"Haplotype_B_Meth"
"NGS_H19_Hetero_Phased_Rep1","Read_47",0.972883421262949,"Haplotype_B_Meth"
"NGS_H19_Hetero_Phased_Rep1","Read_48",0.0192217665350358,"Haplotype_A_Unmeth"
"NGS_H19_Hetero_Phased_Rep1","Read_49",0.0187090401715324,"Haplotype_A_Unmeth"
"NGS_H19_Hetero_Phased_Rep1","Read_50",0.0203994218967213,"Haplotype_A_Unmeth"
"NGS_H19_Hetero_Phased_Rep1","Read_51",0.976804567859019,"Haplotype_B_Meth"
"NGS_H19_Hetero_Phased_Rep1","Read_52",0.977882501831213,"Haplotype_B_Meth"
"NGS_H19_Hetero_Phased_Rep1","Read_53",0.979884978247318,"Haplotype_B_Meth"
"NGS_H19_Hetero_Phased_Rep1","Read_54",0.973028903117956,"Haplotype_B_Meth"
"NGS_H19_Hetero_Phased_Rep1","Read_55",0.981415596984539,"Haplotype_B_Meth"
"NGS_H19_Hetero_Phased_Rep1","Read_56",0.975267180692654,"Haplotype_B_Meth"
"NGS_H19_Hetero_Phased_Rep1","Read_57",0.0190969010962854,"Haplotype_A_Unmeth"
"NGS_H19_Hetero_Phased_Rep1","Read_58",0.019163722404194,"Haplotype_A_Unmeth"
"NGS_H19_Hetero_Phased_Rep1","Read_59",0.981049860907561,"Haplotype_B_Meth"
"NGS_H19_Hetero_Phased_Rep1","Read_60",0.9829127907065,"Haplotype_B_Meth"
"NGS_H19_Hetero_Phased_Rep1","Read_61",0.983671140458292,"Haplotype_B_Meth"
"NGS_H19_Hetero_Phased_Rep1","Read_62",0.0246838280343492,"Haplotype_A_Unmeth"
"NGS_H19_Hetero_Phased_Rep1","Read_63",0.0230845251811964,"Haplotype_A_Unmeth"
"NGS_H19_Hetero_Phased_Rep1","Read_64",0.0246325169013723,"Haplotype_A_Unmeth"
"NGS_H19_Hetero_Phased_Rep1","Read_65",0.972202337100345,"Haplotype_B_Meth"
"NGS_H19_Hetero_Phased_Rep1","Read_66",0.0197822944792898,"Haplotype_A_Unmeth"
"NGS_H19_Hetero_Phased_Rep1","Read_67",0.026185520413952,"Haplotype_A_Unmeth"
"NGS_H19_Hetero_Phased_Rep1","Read_68",0.981279857303472,"Haplotype_B_Meth"
"NGS_H19_Hetero_Phased_Rep1","Read_69",0.978053905464298,"Haplotype_B_Meth"
"NGS_H19_Hetero_Phased_Rep1","Read_70",0.0141444936421247,"Haplotype_A_Unmeth"
"NGS_H19_Hetero_Phased_Rep1","Read_71",0.976838786208505,"Haplotype_B_Meth"
"NGS_H19_Hetero_Phased_Rep1","Read_72",0.0208832090462311,"Haplotype_A_Unmeth"
"NGS_H19_Hetero_Phased_Rep1","Read_73",0.982569994999958,"Haplotype_B_Meth"
"NGS_H19_Hetero_Phased_Rep1","Read_74",0.978477042334327,"Haplotype_B_Meth"
"NGS_H19_Hetero_Phased_Rep1","Read_75",0.0222209478418937,"Haplotype_A_Unmeth"
"NGS_H19_Hetero_Phased_Rep1","Read_76",0.981387427613804,"Haplotype_B_Meth"
"NGS_H19_Hetero_Phased_Rep1","Read_77",0.0183076710961137,"Haplotype_A_Unmeth"
"NGS_H19_Hetero_Phased_Rep1","Read_78",0.980829143204789,"Haplotype_B_Meth"
"NGS_H19_Hetero_Phased_Rep1","Read_79",0.987337837018291,"Haplotype_B_Meth"
"NGS_H19_Hetero_Phased_Rep1","Read_80",0.976874595366856,"Haplotype_B_Meth"
"NGS_H19_Hetero_Phased_Rep1","Read_81",0.0160258697877148,"Haplotype_A_Unmeth"
"NGS_H19_Hetero_Phased_Rep1","Read_82",0.0162086309927039,"Haplotype_A_Unmeth"
"NGS_H19_Hetero_Phased_Rep1","Read_83",0.0237124616988224,"Haplotype_A_Unmeth"
"NGS_H19_Hetero_Phased_Rep1","Read_84",0.97861748359017,"Haplotype_B_Meth"
"NGS_H19_Hetero_Phased_Rep1","Read_85",0.0123792358095224,"Haplotype_A_Unmeth"
"NGS_H19_Hetero_Phased_Rep1","Read_86",0.983174498202462,"Haplotype_B_Meth"
"NGS_H19_Hetero_Phased_Rep1","Read_87",0.0136325077684626,"Haplotype_A_Unmeth"
"NGS_H19_Hetero_Phased_Rep1","Read_88",0.0245233955255997,"Haplotype_A_Unmeth"
"NGS_H19_Hetero_Phased_Rep1","Read_89",0.981765751504054,"Haplotype_B_Meth"
"NGS_H19_Hetero_Phased_Rep1","Read_90",0.971933826418959,"Haplotype_B_Meth"
"NGS_H19_Hetero_Phased_Rep1","Read_91",0.976161220970792,"Haplotype_B_Meth"
"NGS_H19_Hetero_Phased_Rep1","Read_92",0.0173351497920928,"Haplotype_A_Unmeth"
"NGS_H19_Hetero_Phased_Rep1","Read_93",0.982604817138333,"Haplotype_B_Meth"
"NGS_H19_Hetero_Phased_Rep1","Read_94",0.970065262272556,"Haplotype_B_Meth"
"NGS_H19_Hetero_Phased_Rep1","Read_95",0.0186786773369672,"Haplotype_A_Unmeth"
"NGS_H19_Hetero_Phased_Rep1","Read_96",0.0223800037510786,"Haplotype_A_Unmeth"
"NGS_H19_Hetero_Phased_Rep1","Read_97",0.0215026865236044,"Haplotype_A_Unmeth"
"NGS_H19_Hetero_Phased_Rep1","Read_98",0.0299799057181126,"Haplotype_A_Unmeth"
"NGS_H19_Hetero_Phased_Rep1","Read_99",0.0168764193375139,"Haplotype_A_Unmeth"
"NGS_H19_Hetero_Phased_Rep1","Read_100",0.0210786286416208,"Haplotype_A_Unmeth"
"NGS_H19_Hetero_Phased_Rep1","Read_101",0.982956113386282,"Haplotype_B_Meth"
"NGS_H19_Hetero_Phased_Rep1","Read_102",0.012487570498771,"Haplotype_A_Unmeth"
"NGS_H19_Hetero_Phased_Rep1","Read_103",0.023614751394902,"Haplotype_A_Unmeth"
"NGS_H19_Hetero_Phased_Rep1","Read_104",0.980401536478278,"Haplotype_B_Meth"
"NGS_H19_Hetero_Phased_Rep1","Read_105",0.0188583946583846,"Haplotype_A_Unmeth"
"NGS_H19_Hetero_Phased_Rep1","Read_106",0.982524845847181,"Haplotype_B_Meth"
"NGS_H19_Hetero_Phased_Rep1","Read_107",0.0164708860120031,"Haplotype_A_Unmeth"
"NGS_H19_Hetero_Phased_Rep1","Read_108",0.977993464809393,"Haplotype_B_Meth"
"NGS_H19_Hetero_Phased_Rep1","Read_109",0.0194473527466207,"Haplotype_A_Unmeth"
"NGS_H19_Hetero_Phased_Rep1","Read_110",0.978352250009455,"Haplotype_B_Meth"
"NGS_H19_Hetero_Phased_Rep1","Read_111",0.979289860203837,"Haplotype_B_Meth"
"NGS_H19_Hetero_Phased_Rep1","Read_112",0.0151647471803359,"Haplotype_A_Unmeth"
"NGS_H19_Hetero_Phased_Rep1","Read_113",0.022839179619655,"Haplotype_A_Unmeth"
"NGS_H19_Hetero_Phased_Rep1","Read_114",0.988533423038232,"Haplotype_B_Meth"
"NGS_H19_Hetero_Phased_Rep1","Read_115",0.964955666741959,"Haplotype_B_Meth"
"NGS_H19_Hetero_Phased_Rep1","Read_116",0.976352201994714,"Haplotype_B_Meth"
"NGS_H19_Hetero_Phased_Rep1","Read_117",0.978195159589035,"Haplotype_B_Meth"
"NGS_H19_Hetero_Phased_Rep1","Read_118",0.0196173063069364,"Haplotype_A_Unmeth"
"NGS_H19_Hetero_Phased_Rep1","Read_119",0.0167203140352044,"Haplotype_A_Unmeth"
"NGS_H19_Hetero_Phased_Rep1","Read_120",0.0180907301070232,"Haplotype_A_Unmeth"
"NGS_H19_Hetero_Phased_Rep1","Read_121",0.981162602861815,"Haplotype_B_Meth"
"NGS_H19_Hetero_Phased_Rep1","Read_122",0.977987263735967,"Haplotype_B_Meth"
"NGS_H19_Hetero_Phased_Rep1","Read_123",0.986278781310484,"Haplotype_B_Meth"
"NGS_H19_Hetero_Phased_Rep1","Read_124",0.0193512501936353,"Haplotype_A_Unmeth"
"NGS_H19_Hetero_Phased_Rep1","Read_125",0.98366890861728,"Haplotype_B_Meth"
"NGS_H19_Hetero_Phased_Rep1","Read_126",0.0182518848057864,"Haplotype_A_Unmeth"
"NGS_H19_Hetero_Phased_Rep1","Read_127",0.984877281591183,"Haplotype_B_Meth"
"NGS_H19_Hetero_Phased_Rep1","Read_128",0.0203212745895701,"Haplotype_A_Unmeth"
"NGS_H19_Hetero_Phased_Rep1","Read_129",0.0278979191881968,"Haplotype_A_Unmeth"
"NGS_H19_Hetero_Phased_Rep1","Read_130",0.0181983464330108,"Haplotype_A_Unmeth"
"NGS_H19_Hetero_Phased_Rep1","Read_131",0.0181467738203007,"Haplotype_A_Unmeth"
"NGS_H19_Hetero_Phased_Rep1","Read_132",0.972873573268874,"Haplotype_B_Meth"
"NGS_H19_Hetero_Phased_Rep1","Read_133",0.0160740625290476,"Haplotype_A_Unmeth"
"NGS_H19_Hetero_Phased_Rep1","Read_134",0.0240592194470536,"Haplotype_A_Unmeth"
"NGS_H19_Hetero_Phased_Rep1","Read_135",0.981274831032512,"Haplotype_B_Meth"
"NGS_H19_Hetero_Phased_Rep1","Read_136",0.0180923956278863,"Haplotype_A_Unmeth"
"NGS_H19_Hetero_Phased_Rep1","Read_137",0.984431000858056,"Haplotype_B_Meth"
"NGS_H19_Hetero_Phased_Rep1","Read_138",0.0281010711976871,"Haplotype_A_Unmeth"
"NGS_H19_Hetero_Phased_Rep1","Read_139",0.0258766714951866,"Haplotype_A_Unmeth"
"NGS_H19_Hetero_Phased_Rep1","Read_140",0.985657973849185,"Haplotype_B_Meth"
"NGS_H19_Hetero_Phased_Rep1","Read_141",0.0192343756139143,"Haplotype_A_Unmeth"
"NGS_H19_Hetero_Phased_Rep1","Read_142",0.985250896372332,"Haplotype_B_Meth"
"NGS_H19_Hetero_Phased_Rep1","Read_143",0.0213697362567818,"Haplotype_A_Unmeth"
"NGS_H19_Hetero_Phased_Rep1","Read_144",0.0229649226616329,"Haplotype_A_Unmeth"
"NGS_H19_Hetero_Phased_Rep1","Read_145",0.964996509162241,"Haplotype_B_Meth"
"NGS_H19_Hetero_Phased_Rep1","Read_146",0.983224511383896,"Haplotype_B_Meth"
"NGS_H19_Hetero_Phased_Rep1","Read_147",0.978696443049903,"Haplotype_B_Meth"
"NGS_H19_Hetero_Phased_Rep1","Read_148",0.975922482183603,"Haplotype_B_Meth"
"NGS_H19_Hetero_Phased_Rep1","Read_149",0.0187276823496398,"Haplotype_A_Unmeth"
"NGS_H19_Hetero_Phased_Rep1","Read_150",0.975558256404011,"Haplotype_B_Meth"
"NGS_H19_Hetero_Phased_Rep1","Read_151",0.0229284936260036,"Haplotype_A_Unmeth"
"NGS_H19_Hetero_Phased_Rep1","Read_152",0.0191887599829331,"Haplotype_A_Unmeth"
"NGS_H19_Hetero_Phased_Rep1","Read_153",0.0112455766112748,"Haplotype_A_Unmeth"
"NGS_H19_Hetero_Phased_Rep1","Read_154",0.0233732902805769,"Haplotype_A_Unmeth"
"NGS_H19_Hetero_Phased_Rep1","Read_155",0.983727384107197,"Haplotype_B_Meth"
"NGS_H19_Hetero_Phased_Rep1","Read_156",0.0166799610047305,"Haplotype_A_Unmeth"
"NGS_H19_Hetero_Phased_Rep1","Read_157",0.981773468448828,"Haplotype_B_Meth"
"NGS_H19_Hetero_Phased_Rep1","Read_158",0.977207497184581,"Haplotype_B_Meth"
"NGS_H19_Hetero_Phased_Rep1","Read_159",0.019285583589974,"Haplotype_A_Unmeth"
"NGS_H19_Hetero_Phased_Rep1","Read_160",0.0166540448281816,"Haplotype_A_Unmeth"
"NGS_H19_Hetero_Phased_Rep1","Read_161",0.0202339809620632,"Haplotype_A_Unmeth"
"NGS_H19_Hetero_Phased_Rep1","Read_162",0.981298462543452,"Haplotype_B_Meth"
"NGS_H19_Hetero_Phased_Rep1","Read_163",0.975250672769156,"Haplotype_B_Meth"
"NGS_H19_Hetero_Phased_Rep1","Read_164",0.968331931300212,"Haplotype_B_Meth"
"NGS_H19_Hetero_Phased_Rep1","Read_165",0.0202990716396302,"Haplotype_A_Unmeth"
"NGS_H19_Hetero_Phased_Rep1","Read_166",0.981719434143971,"Haplotype_B_Meth"
"NGS_H19_Hetero_Phased_Rep1","Read_167",0.97715932111187,"Haplotype_B_Meth"
"NGS_H19_Hetero_Phased_Rep1","Read_168",0.0151095812278953,"Haplotype_A_Unmeth"
"NGS_H19_Hetero_Phased_Rep1","Read_169",0.983227727573562,"Haplotype_B_Meth"
"NGS_H19_Hetero_Phased_Rep1","Read_170",0.0250802606557975,"Haplotype_A_Unmeth"
"NGS_H19_Hetero_Phased_Rep1","Read_171",0.971254833439768,"Haplotype_B_Meth"
"NGS_H19_Hetero_Phased_Rep1","Read_172",0.0194015969293864,"Haplotype_A_Unmeth"
"NGS_H19_Hetero_Phased_Rep1","Read_173",0.0265901667884046,"Haplotype_A_Unmeth"
"NGS_H19_Hetero_Phased_Rep1","Read_174",0.984636343149446,"Haplotype_B_Meth"
"NGS_H19_Hetero_Phased_Rep1","Read_175",0.0267352667049404,"Haplotype_A_Unmeth"
"NGS_H19_Hetero_Phased_Rep1","Read_176",0.0283584952808478,"Haplotype_A_Unmeth"
"NGS_H19_Hetero_Phased_Rep1","Read_177",0.985344990236295,"Haplotype_B_Meth"
"NGS_H19_Hetero_Phased_Rep1","Read_178",0.981369489780223,"Haplotype_B_Meth"
"NGS_H19_Hetero_Phased_Rep1","Read_179",0.979825063119421,"Haplotype_B_Meth"
"NGS_H19_Hetero_Phased_Rep1","Read_180",0.977770098829892,"Haplotype_B_Meth"
"NGS_H19_Hetero_Phased_Rep1","Read_181",0.975446941216295,"Haplotype_B_Meth"
"NGS_H19_Hetero_Phased_Rep1","Read_182",0.0166952949079024,"Haplotype_A_Unmeth"
"NGS_H19_Hetero_Phased_Rep1","Read_183",0.98071423655437,"Haplotype_B_Meth"
"NGS_H19_Hetero_Phased_Rep1","Read_184",0.978882216419023,"Haplotype_B_Meth"
"NGS_H19_Hetero_Phased_Rep1","Read_185",0.0252949290701074,"Haplotype_A_Unmeth"
"NGS_H19_Hetero_Phased_Rep1","Read_186",0.0211175996967251,"Haplotype_A_Unmeth"
"NGS_H19_Hetero_Phased_Rep1","Read_187",0.0229843818178546,"Haplotype_A_Unmeth"
"NGS_H19_Hetero_Phased_Rep1","Read_188",0.981403143085025,"Haplotype_B_Meth"
"NGS_H19_Hetero_Phased_Rep1","Read_189",0.972667021941962,"Haplotype_B_Meth"
"NGS_H19_Hetero_Phased_Rep1","Read_190",0.986512820780349,"Haplotype_B_Meth"
"NGS_H19_Hetero_Phased_Rep1","Read_191",0.0163638313065971,"Haplotype_A_Unmeth"
"NGS_H19_Hetero_Phased_Rep1","Read_192",0.982483368670191,"Haplotype_B_Meth"
"NGS_H19_Hetero_Phased_Rep1","Read_193",0.0177257709425692,"Haplotype_A_Unmeth"
"NGS_H19_Hetero_Phased_Rep1","Read_194",0.0124985427515103,"Haplotype_A_Unmeth"
"NGS_H19_Hetero_Phased_Rep1","Read_195",0.984254211943084,"Haplotype_B_Meth"
"NGS_H19_Hetero_Phased_Rep1","Read_196",0.0134464465529942,"Haplotype_A_Unmeth"
"NGS_H19_Hetero_Phased_Rep1","Read_197",0.0201815588166915,"Haplotype_A_Unmeth"
"NGS_H19_Hetero_Phased_Rep1","Read_198",0.0131392759543614,"Haplotype_A_Unmeth"
"NGS_H19_Hetero_Phased_Rep1","Read_199",0.0121151545662234,"Haplotype_A_Unmeth"
"NGS_H19_Hetero_Phased_Rep1","Read_200",0.0120012872961382,"Haplotype_A_Unmeth"
"NGS_H19_Hetero_Phased_Rep1","Read_201",0.985561731246839,"Haplotype_B_Meth"
"NGS_H19_Hetero_Phased_Rep1","Read_202",0.019565331624083,"Haplotype_A_Unmeth"
"NGS_H19_Hetero_Phased_Rep1","Read_203",0.982459915006175,"Haplotype_B_Meth"
"NGS_H19_Hetero_Phased_Rep1","Read_204",0.024594029648296,"Haplotype_A_Unmeth"
"NGS_H19_Hetero_Phased_Rep1","Read_205",0.979537168633002,"Haplotype_B_Meth"
"NGS_H19_Hetero_Phased_Rep1","Read_206",0.979197031291611,"Haplotype_B_Meth"
"NGS_H19_Hetero_Phased_Rep1","Read_207",0.976206294847779,"Haplotype_B_Meth"
"NGS_H19_Hetero_Phased_Rep1","Read_208",0.0158627160990327,"Haplotype_A_Unmeth"
"NGS_H19_Hetero_Phased_Rep1","Read_209",0.0188802325678482,"Haplotype_A_Unmeth"
"NGS_H19_Hetero_Phased_Rep1","Read_210",0.0223615403166223,"Haplotype_A_Unmeth"
"NGS_H19_Hetero_Phased_Rep1","Read_211",0.0263036749576626,"Haplotype_A_Unmeth"
"NGS_H19_Hetero_Phased_Rep1","Read_212",0.982452189628834,"Haplotype_B_Meth"
"NGS_H19_Hetero_Phased_Rep1","Read_213",0.0182325149281805,"Haplotype_A_Unmeth"
"NGS_H19_Hetero_Phased_Rep1","Read_214",0.972751425885851,"Haplotype_B_Meth"
"NGS_H19_Hetero_Phased_Rep1","Read_215",0.0232655285902609,"Haplotype_A_Unmeth"
"NGS_H19_Hetero_Phased_Rep1","Read_216",0.0266599172350748,"Haplotype_A_Unmeth"
"NGS_H19_Hetero_Phased_Rep1","Read_217",0.975249321694364,"Haplotype_B_Meth"
"NGS_H19_Hetero_Phased_Rep1","Read_218",0.985769555671729,"Haplotype_B_Meth"
"NGS_H19_Hetero_Phased_Rep1","Read_219",0.0232078757610895,"Haplotype_A_Unmeth"
"NGS_H19_Hetero_Phased_Rep1","Read_220",0.985160256208837,"Haplotype_B_Meth"
"NGS_H19_Hetero_Phased_Rep1","Read_221",0.0169597086871984,"Haplotype_A_Unmeth"
"NGS_H19_Hetero_Phased_Rep1","Read_222",0.979854605976039,"Haplotype_B_Meth"
"NGS_H19_Hetero_Phased_Rep1","Read_223",0.0240149189574002,"Haplotype_A_Unmeth"
"NGS_H19_Hetero_Phased_Rep1","Read_224",0.97805997105306,"Haplotype_B_Meth"
"NGS_H19_Hetero_Phased_Rep1","Read_225",0.97433453593896,"Haplotype_B_Meth"
"NGS_H19_Hetero_Phased_Rep1","Read_226",0.969615674044715,"Haplotype_B_Meth"
"NGS_H19_Hetero_Phased_Rep1","Read_227",0.984696634284159,"Haplotype_B_Meth"
"NGS_H19_Hetero_Phased_Rep1","Read_228",0.971885762092882,"Haplotype_B_Meth"
"NGS_H19_Hetero_Phased_Rep1","Read_229",0.016429254433697,"Haplotype_A_Unmeth"
"NGS_H19_Hetero_Phased_Rep1","Read_230",0.981889643219182,"Haplotype_B_Meth"
"NGS_H19_Hetero_Phased_Rep1","Read_231",0.988654161703738,"Haplotype_B_Meth"
"NGS_H19_Hetero_Phased_Rep1","Read_232",0.0279639546112206,"Haplotype_A_Unmeth"
"NGS_H19_Hetero_Phased_Rep1","Read_233",0.0132909193626896,"Haplotype_A_Unmeth"
"NGS_H19_Hetero_Phased_Rep1","Read_234",0.973243256924511,"Haplotype_B_Meth"
"NGS_H19_Hetero_Phased_Rep1","Read_235",0.981718960052493,"Haplotype_B_Meth"
"NGS_H19_Hetero_Phased_Rep1","Read_236",0.0223926719306195,"Haplotype_A_Unmeth"
"NGS_H19_Hetero_Phased_Rep1","Read_237",0.981998561834351,"Haplotype_B_Meth"
"NGS_H19_Hetero_Phased_Rep1","Read_238",0.977204660893957,"Haplotype_B_Meth"
"NGS_H19_Hetero_Phased_Rep1","Read_239",0.0202515988265617,"Haplotype_A_Unmeth"
"NGS_H19_Hetero_Phased_Rep1","Read_240",0.980343249506532,"Haplotype_B_Meth"
"NGS_H19_Hetero_Phased_Rep1","Read_241",0.0259338378905172,"Haplotype_A_Unmeth"
"NGS_H19_Hetero_Phased_Rep1","Read_242",0.0130912359910647,"Haplotype_A_Unmeth"
"NGS_H19_Hetero_Phased_Rep1","Read_243",0.010490519353332,"Haplotype_A_Unmeth"
"NGS_H19_Hetero_Phased_Rep1","Read_244",0.981686459427928,"Haplotype_B_Meth"
"NGS_H19_Hetero_Phased_Rep1","Read_245",0.980283557058971,"Haplotype_B_Meth"
"NGS_H19_Hetero_Phased_Rep1","Read_246",0.0177274128888869,"Haplotype_A_Unmeth"
"NGS_H19_Hetero_Phased_Rep1","Read_247",0.0195268332085991,"Haplotype_A_Unmeth"
"NGS_H19_Hetero_Phased_Rep1","Read_248",0.978729385042828,"Haplotype_B_Meth"
"NGS_H19_Hetero_Phased_Rep1","Read_249",0.0162502825437375,"Haplotype_A_Unmeth"
"NGS_H19_Hetero_Phased_Rep1","Read_250",0.980254330948874,"Haplotype_B_Meth"
"NGS_H19_Hetero_Phased_Rep1","Read_251",0.0236907102364049,"Haplotype_A_Unmeth"
"NGS_H19_Hetero_Phased_Rep1","Read_252",0.973371459895949,"Haplotype_B_Meth"
"NGS_H19_Hetero_Phased_Rep1","Read_253",0.0171699451758528,"Haplotype_A_Unmeth"
"NGS_H19_Hetero_Phased_Rep1","Read_254",0.0165546659809862,"Haplotype_A_Unmeth"
"NGS_H19_Hetero_Phased_Rep1","Read_255",0.980949205159253,"Haplotype_B_Meth"
"NGS_H19_Hetero_Phased_Rep1","Read_256",0.0199176648852695,"Haplotype_A_Unmeth"
"NGS_H19_Hetero_Phased_Rep1","Read_257",0.970057494395221,"Haplotype_B_Meth"
"NGS_H19_Hetero_Phased_Rep1","Read_258",0.0215994876620819,"Haplotype_A_Unmeth"
"NGS_H19_Hetero_Phased_Rep1","Read_259",0.0253279799504903,"Haplotype_A_Unmeth"
"NGS_H19_Hetero_Phased_Rep1","Read_260",0.979806986605498,"Haplotype_B_Meth"
"NGS_H19_Hetero_Phased_Rep1","Read_261",0.977949963969634,"Haplotype_B_Meth"
"NGS_H19_Hetero_Phased_Rep1","Read_262",0.0162527459841751,"Haplotype_A_Unmeth"
"NGS_H19_Hetero_Phased_Rep1","Read_263",0.978601434144054,"Haplotype_B_Meth"
"NGS_H19_Hetero_Phased_Rep1","Read_264",0.985852346378019,"Haplotype_B_Meth"
"NGS_H19_Hetero_Phased_Rep1","Read_265",0.986067253389061,"Haplotype_B_Meth"
"NGS_H19_Hetero_Phased_Rep1","Read_266",0.976889119857345,"Haplotype_B_Meth"
"NGS_H19_Hetero_Phased_Rep1","Read_267",0.98217915202734,"Haplotype_B_Meth"
"NGS_H19_Hetero_Phased_Rep1","Read_268",0.0164475938815697,"Haplotype_A_Unmeth"
"NGS_H19_Hetero_Phased_Rep1","Read_269",0.0225217586621769,"Haplotype_A_Unmeth"
"NGS_H19_Hetero_Phased_Rep1","Read_270",0.0185119201233324,"Haplotype_A_Unmeth"
"NGS_H19_Hetero_Phased_Rep1","Read_271",0.979459211555556,"Haplotype_B_Meth"
"NGS_H19_Hetero_Phased_Rep1","Read_272",0.0144091218584643,"Haplotype_A_Unmeth"
"NGS_H19_Hetero_Phased_Rep1","Read_273",0.984097368849464,"Haplotype_B_Meth"
"NGS_H19_Hetero_Phased_Rep1","Read_274",0.976093003797179,"Haplotype_B_Meth"
"NGS_H19_Hetero_Phased_Rep1","Read_275",0.025976173286709,"Haplotype_A_Unmeth"
"NGS_H19_Hetero_Phased_Rep1","Read_276",0.0150054077403437,"Haplotype_A_Unmeth"
"NGS_H19_Hetero_Phased_Rep1","Read_277",0.98305746130026,"Haplotype_B_Meth"
"NGS_H19_Hetero_Phased_Rep1","Read_278",0.0151341194230468,"Haplotype_A_Unmeth"
"NGS_H19_Hetero_Phased_Rep1","Read_279",0.0183741122221033,"Haplotype_A_Unmeth"
"NGS_H19_Hetero_Phased_Rep1","Read_280",0.983474466517377,"Haplotype_B_Meth"
"NGS_H19_Hetero_Phased_Rep1","Read_281",0.979514830339362,"Haplotype_B_Meth"
"NGS_H19_Hetero_Phased_Rep1","Read_282",0.973044027540429,"Haplotype_B_Meth"
"NGS_H19_Hetero_Phased_Rep1","Read_283",0.0217920364963932,"Haplotype_A_Unmeth"
"NGS_H19_Hetero_Phased_Rep1","Read_284",0.0129554853944081,"Haplotype_A_Unmeth"
"NGS_H19_Hetero_Phased_Rep1","Read_285",0.0200363866642582,"Haplotype_A_Unmeth"
"NGS_H19_Hetero_Phased_Rep1","Read_286",0.0170371518269363,"Haplotype_A_Unmeth"
"NGS_H19_Hetero_Phased_Rep1","Read_287",0.0178345458538643,"Haplotype_A_Unmeth"
"NGS_H19_Hetero_Phased_Rep1","Read_288",0.0182234198087912,"Haplotype_A_Unmeth"
"NGS_H19_Hetero_Phased_Rep1","Read_289",0.979182328388521,"Haplotype_B_Meth"
"NGS_H19_Hetero_Phased_Rep1","Read_290",0.0195623856090528,"Haplotype_A_Unmeth"
"NGS_H19_Hetero_Phased_Rep1","Read_291",0.0117480271934323,"Haplotype_A_Unmeth"
"NGS_H19_Hetero_Phased_Rep1","Read_292",0.978151573616559,"Haplotype_B_Meth"
"NGS_H19_Hetero_Phased_Rep1","Read_293",0.982552175692969,"Haplotype_B_Meth"
"NGS_H19_Hetero_Phased_Rep1","Read_294",0.985628380481793,"Haplotype_B_Meth"
"NGS_H19_Hetero_Phased_Rep1","Read_295",0.0173363177505068,"Haplotype_A_Unmeth"
"NGS_H19_Hetero_Phased_Rep1","Read_296",0.983406253526739,"Haplotype_B_Meth"
"NGS_H19_Hetero_Phased_Rep1","Read_297",0.977671714486631,"Haplotype_B_Meth"
"NGS_H19_Hetero_Phased_Rep1","Read_298",0.984476331651862,"Haplotype_B_Meth"
"NGS_H19_Hetero_Phased_Rep1","Read_299",0.986924501389481,"Haplotype_B_Meth"
"NGS_H19_Hetero_Phased_Rep1","Read_300",0.978133570426332,"Haplotype_B_Meth"
"NGS_H19_Hetero_Phased_Rep1","Read_301",0.0198906437635341,"Haplotype_A_Unmeth"
"NGS_H19_Hetero_Phased_Rep1","Read_302",0.984376464345252,"Haplotype_B_Meth"
"NGS_H19_Hetero_Phased_Rep1","Read_303",0.980629909064237,"Haplotype_B_Meth"
"NGS_H19_Hetero_Phased_Rep1","Read_304",0.985156722020685,"Haplotype_B_Meth"
"NGS_H19_Hetero_Phased_Rep1","Read_305",0.981585294158562,"Haplotype_B_Meth"
"NGS_H19_Hetero_Phased_Rep1","Read_306",0.972774038514474,"Haplotype_B_Meth"
"NGS_H19_Hetero_Phased_Rep1","Read_307",0.982906237929654,"Haplotype_B_Meth"
"NGS_H19_Hetero_Phased_Rep1","Read_308",0.980194328017424,"Haplotype_B_Meth"
"NGS_H19_Hetero_Phased_Rep1","Read_309",0.989856091897466,"Haplotype_B_Meth"
"NGS_H19_Hetero_Phased_Rep1","Read_310",0.981225802746015,"Haplotype_B_Meth"
"NGS_H19_Hetero_Phased_Rep1","Read_311",0.0204471831546474,"Haplotype_A_Unmeth"
"NGS_H19_Hetero_Phased_Rep1","Read_312",0.0207462890917261,"Haplotype_A_Unmeth"
"NGS_H19_Hetero_Phased_Rep1","Read_313",0.986406602698765,"Haplotype_B_Meth"
"NGS_H19_Hetero_Phased_Rep1","Read_314",0.0202330697773791,"Haplotype_A_Unmeth"
"NGS_H19_Hetero_Phased_Rep1","Read_315",0.0223698393239006,"Haplotype_A_Unmeth"
"NGS_H19_Hetero_Phased_Rep1","Read_316",0.976914226550406,"Haplotype_B_Meth"
"NGS_H19_Hetero_Phased_Rep1","Read_317",0.0140192292513021,"Haplotype_A_Unmeth"
"NGS_H19_Hetero_Phased_Rep1","Read_318",0.0141594809257056,"Haplotype_A_Unmeth"
"NGS_H19_Hetero_Phased_Rep1","Read_319",0.0170533138745872,"Haplotype_A_Unmeth"
"NGS_H19_Hetero_Phased_Rep1","Read_320",0.984261689155982,"Haplotype_B_Meth"
"NGS_H19_Hetero_Phased_Rep1","Read_321",0.0171891864583662,"Haplotype_A_Unmeth"
"NGS_H19_Hetero_Phased_Rep1","Read_322",0.0218175310138038,"Haplotype_A_Unmeth"
"NGS_H19_Hetero_Phased_Rep1","Read_323",0.986522108237555,"Haplotype_B_Meth"
"NGS_H19_Hetero_Phased_Rep1","Read_324",0.0222145577015065,"Haplotype_A_Unmeth"
"NGS_H19_Hetero_Phased_Rep1","Read_325",0.0164834474070967,"Haplotype_A_Unmeth"
"NGS_H19_Hetero_Phased_Rep1","Read_326",0.0175429154399378,"Haplotype_A_Unmeth"
"NGS_H19_Hetero_Phased_Rep1","Read_327",0.982844420430007,"Haplotype_B_Meth"
"NGS_H19_Hetero_Phased_Rep1","Read_328",0.971776246949236,"Haplotype_B_Meth"
"NGS_H19_Hetero_Phased_Rep1","Read_329",0.0207593027224436,"Haplotype_A_Unmeth"
"NGS_H19_Hetero_Phased_Rep1","Read_330",0.979041902417713,"Haplotype_B_Meth"
"NGS_H19_Hetero_Phased_Rep1","Read_331",0.979784825588787,"Haplotype_B_Meth"
"NGS_H19_Hetero_Phased_Rep1","Read_332",0.980160740747017,"Haplotype_B_Meth"
"NGS_H19_Hetero_Phased_Rep1","Read_333",0.980767860546083,"Haplotype_B_Meth"
"NGS_H19_Hetero_Phased_Rep1","Read_334",0.977280925502095,"Haplotype_B_Meth"
"NGS_H19_Hetero_Phased_Rep1","Read_335",0.0287982980473671,"Haplotype_A_Unmeth"
"NGS_H19_Hetero_Phased_Rep1","Read_336",0.0167917343030039,"Haplotype_A_Unmeth"
"NGS_H19_Hetero_Phased_Rep1","Read_337",0.973918568693284,"Haplotype_B_Meth"
"NGS_H19_Hetero_Phased_Rep1","Read_338",0.984847259695689,"Haplotype_B_Meth"
"NGS_H19_Hetero_Phased_Rep1","Read_339",0.985535597364233,"Haplotype_B_Meth"
"NGS_H19_Hetero_Phased_Rep1","Read_340",0.0169961076340573,"Haplotype_A_Unmeth"
"NGS_H19_Hetero_Phased_Rep1","Read_341",0.981903087269983,"Haplotype_B_Meth"
"NGS_H19_Hetero_Phased_Rep1","Read_342",0.0178424372483447,"Haplotype_A_Unmeth"
"NGS_H19_Hetero_Phased_Rep1","Read_343",0.977516185410961,"Haplotype_B_Meth"
"NGS_H19_Hetero_Phased_Rep1","Read_344",0.0271815425198251,"Haplotype_A_Unmeth"
"NGS_H19_Hetero_Phased_Rep1","Read_345",0.0232326947479355,"Haplotype_A_Unmeth"
"NGS_H19_Hetero_Phased_Rep1","Read_346",0.0149229068863708,"Haplotype_A_Unmeth"
"NGS_H19_Hetero_Phased_Rep1","Read_347",0.0146964262720216,"Haplotype_A_Unmeth"
"NGS_H19_Hetero_Phased_Rep1","Read_348",0.0223514540232939,"Haplotype_A_Unmeth"
"NGS_H19_Hetero_Phased_Rep1","Read_349",0.0198835374060095,"Haplotype_A_Unmeth"
"NGS_H19_Hetero_Phased_Rep1","Read_350",0.983966933129368,"Haplotype_B_Meth"
"NGS_H19_Hetero_Phased_Rep1","Read_351",0.0190512280745322,"Haplotype_A_Unmeth"
"NGS_H19_Hetero_Phased_Rep1","Read_352",0.982445497876134,"Haplotype_B_Meth"
"NGS_H19_Hetero_Phased_Rep1","Read_353",0.981603096491825,"Haplotype_B_Meth"
"NGS_H19_Hetero_Phased_Rep1","Read_354",0.0160293731847512,"Haplotype_A_Unmeth"
"NGS_H19_Hetero_Phased_Rep1","Read_355",0.0206066295218607,"Haplotype_A_Unmeth"
"NGS_H19_Hetero_Phased_Rep1","Read_356",0.0130413571594968,"Haplotype_A_Unmeth"
"NGS_H19_Hetero_Phased_Rep1","Read_357",0.022430012105782,"Haplotype_A_Unmeth"
"NGS_H19_Hetero_Phased_Rep1","Read_358",0.0168362534220816,"Haplotype_A_Unmeth"
"NGS_H19_Hetero_Phased_Rep1","Read_359",0.970804609238368,"Haplotype_B_Meth"
"NGS_H19_Hetero_Phased_Rep1","Read_360",0.00972653472496074,"Haplotype_A_Unmeth"
"NGS_H19_Hetero_Phased_Rep1","Read_361",0.975806009365858,"Haplotype_B_Meth"
"NGS_H19_Hetero_Phased_Rep1","Read_362",0.975611080589516,"Haplotype_B_Meth"
"NGS_H19_Hetero_Phased_Rep1","Read_363",0.975002457604318,"Haplotype_B_Meth"
"NGS_H19_Hetero_Phased_Rep1","Read_364",0.0273099858172459,"Haplotype_A_Unmeth"
"NGS_H19_Hetero_Phased_Rep1","Read_365",0.020145610679014,"Haplotype_A_Unmeth"
"NGS_H19_Hetero_Phased_Rep1","Read_366",0.0170854432395807,"Haplotype_A_Unmeth"
"NGS_H19_Hetero_Phased_Rep1","Read_367",0.982922729880727,"Haplotype_B_Meth"
"NGS_H19_Hetero_Phased_Rep1","Read_368",0.0176754225165437,"Haplotype_A_Unmeth"
"NGS_H19_Hetero_Phased_Rep1","Read_369",0.0167733325081183,"Haplotype_A_Unmeth"
"NGS_H19_Hetero_Phased_Rep1","Read_370",0.0182290701785401,"Haplotype_A_Unmeth"
"NGS_H19_Hetero_Phased_Rep1","Read_371",0.969568250629491,"Haplotype_B_Meth"
"NGS_H19_Hetero_Phased_Rep1","Read_372",0.0210042245684568,"Haplotype_A_Unmeth"
"NGS_H19_Hetero_Phased_Rep1","Read_373",0.977893068020425,"Haplotype_B_Meth"
"NGS_H19_Hetero_Phased_Rep1","Read_374",0.0150664564343349,"Haplotype_A_Unmeth"
"NGS_H19_Hetero_Phased_Rep1","Read_375",0.0172604751788628,"Haplotype_A_Unmeth"
"NGS_H19_Hetero_Phased_Rep1","Read_376",0.0144445338126712,"Haplotype_A_Unmeth"
"NGS_H19_Hetero_Phased_Rep1","Read_377",0.0246772803669583,"Haplotype_A_Unmeth"
"NGS_H19_Hetero_Phased_Rep1","Read_378",0.970282503709168,"Haplotype_B_Meth"
"NGS_H19_Hetero_Phased_Rep1","Read_379",0.0216759479692535,"Haplotype_A_Unmeth"
"NGS_H19_Hetero_Phased_Rep1","Read_380",0.977195649175921,"Haplotype_B_Meth"
"NGS_H19_Hetero_Phased_Rep1","Read_381",0.981546958431266,"Haplotype_B_Meth"
"NGS_H19_Hetero_Phased_Rep1","Read_382",0.0249596341784715,"Haplotype_A_Unmeth"
"NGS_H19_Hetero_Phased_Rep1","Read_383",0.0245319849319569,"Haplotype_A_Unmeth"
"NGS_H19_Hetero_Phased_Rep1","Read_384",0.975982141474152,"Haplotype_B_Meth"
"NGS_H19_Hetero_Phased_Rep1","Read_385",0.0207928702963098,"Haplotype_A_Unmeth"
"NGS_H19_Hetero_Phased_Rep1","Read_386",0.968410961544458,"Haplotype_B_Meth"
"NGS_H19_Hetero_Phased_Rep1","Read_387",0.0213472290973516,"Haplotype_A_Unmeth"
"NGS_H19_Hetero_Phased_Rep1","Read_388",0.977431714339273,"Haplotype_B_Meth"
"NGS_H19_Hetero_Phased_Rep1","Read_389",0.977841663139889,"Haplotype_B_Meth"
"NGS_H19_Hetero_Phased_Rep1","Read_390",0.983234752252454,"Haplotype_B_Meth"
"NGS_H19_Hetero_Phased_Rep1","Read_391",0.985868554914538,"Haplotype_B_Meth"
"NGS_H19_Hetero_Phased_Rep1","Read_392",0.0213085586922401,"Haplotype_A_Unmeth"
"NGS_H19_Hetero_Phased_Rep1","Read_393",0.0233167768738639,"Haplotype_A_Unmeth"
"NGS_H19_Hetero_Phased_Rep1","Read_394",0.0209689677912915,"Haplotype_A_Unmeth"
"NGS_H19_Hetero_Phased_Rep1","Read_395",0.0189957075894619,"Haplotype_A_Unmeth"
"NGS_H19_Hetero_Phased_Rep1","Read_396",0.978080693050721,"Haplotype_B_Meth"
"NGS_H19_Hetero_Phased_Rep1","Read_397",0.0201733739391372,"Haplotype_A_Unmeth"
"NGS_H19_Hetero_Phased_Rep1","Read_398",0.978520351732503,"Haplotype_B_Meth"
"NGS_H19_Hetero_Phased_Rep1","Read_399",0.977996738985467,"Haplotype_B_Meth"
"NGS_H19_Hetero_Phased_Rep1","Read_400",0.975526840469513,"Haplotype_B_Meth"
"NGS_H19_Hetero_Phased_Rep1","Read_401",0.0241250262708549,"Haplotype_A_Unmeth"
"NGS_H19_Hetero_Phased_Rep1","Read_402",0.0188079072937351,"Haplotype_A_Unmeth"
"NGS_H19_Hetero_Phased_Rep1","Read_403",0.982343579694226,"Haplotype_B_Meth"
"NGS_H19_Hetero_Phased_Rep1","Read_404",0.0171753570492662,"Haplotype_A_Unmeth"
"NGS_H19_Hetero_Phased_Rep1","Read_405",0.0180454020497791,"Haplotype_A_Unmeth"
"NGS_H19_Hetero_Phased_Rep1","Read_406",0.975578208911652,"Haplotype_B_Meth"
"NGS_H19_Hetero_Phased_Rep1","Read_407",0.0201310049139706,"Haplotype_A_Unmeth"
"NGS_H19_Hetero_Phased_Rep1","Read_408",0.980533412566476,"Haplotype_B_Meth"
"NGS_H19_Hetero_Phased_Rep1","Read_409",0.0148842638871384,"Haplotype_A_Unmeth"
"NGS_H19_Hetero_Phased_Rep1","Read_410",0.965529547002837,"Haplotype_B_Meth"
"NGS_H19_Hetero_Phased_Rep1","Read_411",0.985007370675092,"Haplotype_B_Meth"
"NGS_H19_Hetero_Phased_Rep1","Read_412",0.982339609448319,"Haplotype_B_Meth"
"NGS_H19_Hetero_Phased_Rep1","Read_413",0.0219800618404851,"Haplotype_A_Unmeth"
"NGS_H19_Hetero_Phased_Rep1","Read_414",0.973257741430835,"Haplotype_B_Meth"
"NGS_H19_Hetero_Phased_Rep1","Read_415",0.0203000908893292,"Haplotype_A_Unmeth"
"NGS_H19_Hetero_Phased_Rep1","Read_416",0.98452881556411,"Haplotype_B_Meth"
"NGS_H19_Hetero_Phased_Rep1","Read_417",0.025056988374211,"Haplotype_A_Unmeth"
"NGS_H19_Hetero_Phased_Rep1","Read_418",0.021294426014884,"Haplotype_A_Unmeth"
"NGS_H19_Hetero_Phased_Rep1","Read_419",0.983056880026378,"Haplotype_B_Meth"
"NGS_H19_Hetero_Phased_Rep1","Read_420",0.0207967468761926,"Haplotype_A_Unmeth"
"NGS_H19_Hetero_Phased_Rep1","Read_421",0.0168386617393487,"Haplotype_A_Unmeth"
"NGS_H19_Hetero_Phased_Rep1","Read_422",0.0177819107929317,"Haplotype_A_Unmeth"
"NGS_H19_Hetero_Phased_Rep1","Read_423",0.019934498329604,"Haplotype_A_Unmeth"
"NGS_H19_Hetero_Phased_Rep1","Read_424",0.980853848096686,"Haplotype_B_Meth"
"NGS_H19_Hetero_Phased_Rep1","Read_425",0.0217876755066337,"Haplotype_A_Unmeth"
"NGS_H19_Hetero_Phased_Rep1","Read_426",0.983355587673448,"Haplotype_B_Meth"
"NGS_H19_Hetero_Phased_Rep1","Read_427",0.0171819472493556,"Haplotype_A_Unmeth"
"NGS_H19_Hetero_Phased_Rep1","Read_428",0.978158350146363,"Haplotype_B_Meth"
"NGS_H19_Hetero_Phased_Rep1","Read_429",0.0220316841742221,"Haplotype_A_Unmeth"
"NGS_H19_Hetero_Phased_Rep1","Read_430",0.0255571898357628,"Haplotype_A_Unmeth"
"NGS_H19_Hetero_Phased_Rep1","Read_431",0.982295071780508,"Haplotype_B_Meth"
"NGS_H19_Hetero_Phased_Rep1","Read_432",0.0162669610069811,"Haplotype_A_Unmeth"
"NGS_H19_Hetero_Phased_Rep1","Read_433",0.974404401992458,"Haplotype_B_Meth"
"NGS_H19_Hetero_Phased_Rep1","Read_434",0.98189292412539,"Haplotype_B_Meth"
"NGS_H19_Hetero_Phased_Rep1","Read_435",0.0261926106388372,"Haplotype_A_Unmeth"
"NGS_H19_Hetero_Phased_Rep1","Read_436",0.980800307839737,"Haplotype_B_Meth"
"NGS_H19_Hetero_Phased_Rep1","Read_437",0.0150910551597212,"Haplotype_A_Unmeth"
"NGS_H19_Hetero_Phased_Rep1","Read_438",0.0182327416449573,"Haplotype_A_Unmeth"
"NGS_H19_Hetero_Phased_Rep1","Read_439",0.981871814505355,"Haplotype_B_Meth"
"NGS_H19_Hetero_Phased_Rep1","Read_440",0.0156478926585954,"Haplotype_A_Unmeth"
"NGS_H19_Hetero_Phased_Rep1","Read_441",0.976985147185836,"Haplotype_B_Meth"
"NGS_H19_Hetero_Phased_Rep1","Read_442",0.0231645531704304,"Haplotype_A_Unmeth"
"NGS_H19_Hetero_Phased_Rep1","Read_443",0.976437647781406,"Haplotype_B_Meth"
"NGS_H19_Hetero_Phased_Rep1","Read_444",0.0176995917254203,"Haplotype_A_Unmeth"
"NGS_H19_Hetero_Phased_Rep1","Read_445",0.977330964923599,"Haplotype_B_Meth"
"NGS_H19_Hetero_Phased_Rep1","Read_446",0.97973317337904,"Haplotype_B_Meth"
"NGS_H19_Hetero_Phased_Rep1","Read_447",0.978315952285719,"Haplotype_B_Meth"
"NGS_H19_Hetero_Phased_Rep1","Read_448",0.978962109490355,"Haplotype_B_Meth"
"NGS_H19_Hetero_Phased_Rep1","Read_449",0.976016723729628,"Haplotype_B_Meth"
"NGS_H19_Hetero_Phased_Rep1","Read_450",0.0161878783304711,"Haplotype_A_Unmeth"
"NGS_H19_Hetero_Phased_Rep1","Read_451",0.977864417318898,"Haplotype_B_Meth"
"NGS_H19_Hetero_Phased_Rep1","Read_452",0.0191795823067166,"Haplotype_A_Unmeth"
"NGS_H19_Hetero_Phased_Rep1","Read_453",0.0187681750613578,"Haplotype_A_Unmeth"
"NGS_H19_Hetero_Phased_Rep1","Read_454",0.982485617945452,"Haplotype_B_Meth"
"NGS_H19_Hetero_Phased_Rep1","Read_455",0.0206249882617038,"Haplotype_A_Unmeth"
"NGS_H19_Hetero_Phased_Rep1","Read_456",0.0240053137018226,"Haplotype_A_Unmeth"
"NGS_H19_Hetero_Phased_Rep1","Read_457",0.0244731543486808,"Haplotype_A_Unmeth"
"NGS_H19_Hetero_Phased_Rep1","Read_458",0.979305935301174,"Haplotype_B_Meth"
"NGS_H19_Hetero_Phased_Rep1","Read_459",0.0205582867728263,"Haplotype_A_Unmeth"
"NGS_H19_Hetero_Phased_Rep1","Read_460",0.977866682148873,"Haplotype_B_Meth"
"NGS_H19_Hetero_Phased_Rep1","Read_461",0.978798011069486,"Haplotype_B_Meth"
"NGS_H19_Hetero_Phased_Rep1","Read_462",0.0179331054726994,"Haplotype_A_Unmeth"
"NGS_H19_Hetero_Phased_Rep1","Read_463",0.0235332555837231,"Haplotype_A_Unmeth"
"NGS_H19_Hetero_Phased_Rep1","Read_464",0.0259757323955828,"Haplotype_A_Unmeth"
"NGS_H19_Hetero_Phased_Rep1","Read_465",0.0153045724390255,"Haplotype_A_Unmeth"
"NGS_H19_Hetero_Phased_Rep1","Read_466",0.976450480682209,"Haplotype_B_Meth"
"NGS_H19_Hetero_Phased_Rep1","Read_467",0.0252683594346268,"Haplotype_A_Unmeth"
"NGS_H19_Hetero_Phased_Rep1","Read_468",0.0142183990410941,"Haplotype_A_Unmeth"
"NGS_H19_Hetero_Phased_Rep1","Read_469",0.0241228462867789,"Haplotype_A_Unmeth"
"NGS_H19_Hetero_Phased_Rep1","Read_470",0.98375122609802,"Haplotype_B_Meth"
"NGS_H19_Hetero_Phased_Rep1","Read_471",0.988972264236411,"Haplotype_B_Meth"
"NGS_H19_Hetero_Phased_Rep1","Read_472",0.982937917464051,"Haplotype_B_Meth"
"NGS_H19_Hetero_Phased_Rep1","Read_473",0.978924075770524,"Haplotype_B_Meth"
"NGS_H19_Hetero_Phased_Rep1","Read_474",0.976300127959686,"Haplotype_B_Meth"
"NGS_H19_Hetero_Phased_Rep1","Read_475",0.975694703601814,"Haplotype_B_Meth"
"NGS_H19_Hetero_Phased_Rep1","Read_476",0.983450291650305,"Haplotype_B_Meth"
"NGS_H19_Hetero_Phased_Rep1","Read_477",0.0181590374951191,"Haplotype_A_Unmeth"
"NGS_H19_Hetero_Phased_Rep1","Read_478",0.986246166172314,"Haplotype_B_Meth"
"NGS_H19_Hetero_Phased_Rep1","Read_479",0.0232334853396373,"Haplotype_A_Unmeth"
"NGS_H19_Hetero_Phased_Rep1","Read_480",0.982895157517225,"Haplotype_B_Meth"
"NGS_H19_Hetero_Phased_Rep1","Read_481",0.0197729873896022,"Haplotype_A_Unmeth"
"NGS_H19_Hetero_Phased_Rep1","Read_482",0.0187896242909378,"Haplotype_A_Unmeth"
"NGS_H19_Hetero_Phased_Rep1","Read_483",0.0212548871159802,"Haplotype_A_Unmeth"
"NGS_H19_Hetero_Phased_Rep1","Read_484",0.019717133752166,"Haplotype_A_Unmeth"
"NGS_H19_Hetero_Phased_Rep1","Read_485",0.0184530709435085,"Haplotype_A_Unmeth"
"NGS_H19_Hetero_Phased_Rep1","Read_486",0.974717186044145,"Haplotype_B_Meth"
"NGS_H19_Hetero_Phased_Rep1","Read_487",0.977519679549096,"Haplotype_B_Meth"
"NGS_H19_Hetero_Phased_Rep1","Read_488",0.0213482171507495,"Haplotype_A_Unmeth"
"NGS_H19_Hetero_Phased_Rep1","Read_489",0.00886770631985608,"Haplotype_A_Unmeth"
"NGS_H19_Hetero_Phased_Rep1","Read_490",0.982727924958351,"Haplotype_B_Meth"
"NGS_H19_Hetero_Phased_Rep1","Read_491",0.985908691045152,"Haplotype_B_Meth"
"NGS_H19_Hetero_Phased_Rep1","Read_492",0.0163779496693414,"Haplotype_A_Unmeth"
"NGS_H19_Hetero_Phased_Rep1","Read_493",0.987327117067936,"Haplotype_B_Meth"
"NGS_H19_Hetero_Phased_Rep1","Read_494",0.977744338902657,"Haplotype_B_Meth"
"NGS_H19_Hetero_Phased_Rep1","Read_495",0.0136911376670646,"Haplotype_A_Unmeth"
"NGS_H19_Hetero_Phased_Rep1","Read_496",0.0188852986281025,"Haplotype_A_Unmeth"
"NGS_H19_Hetero_Phased_Rep1","Read_497",0.981108269538647,"Haplotype_B_Meth"
"NGS_H19_Hetero_Phased_Rep1","Read_498",0.973204301734797,"Haplotype_B_Meth"
"NGS_H19_Hetero_Phased_Rep1","Read_499",0.987425776858979,"Haplotype_B_Meth"
"NGS_H19_Hetero_Phased_Rep1","Read_500",0.98720699229744,"Haplotype_B_Meth"
"NGS_H19_Hetero_Phased_Rep1","Read_501",0.985330197932624,"Haplotype_B_Meth"
"NGS_H19_Hetero_Phased_Rep1","Read_502",0.0166227953908669,"Haplotype_A_Unmeth"
"NGS_H19_Hetero_Phased_Rep1","Read_503",0.977589662484448,"Haplotype_B_Meth"
"NGS_H19_Hetero_Phased_Rep1","Read_504",0.0197303024641231,"Haplotype_A_Unmeth"
"NGS_H19_Hetero_Phased_Rep1","Read_505",0.0193201947077007,"Haplotype_A_Unmeth"
"NGS_H19_Hetero_Phased_Rep1","Read_506",0.978149286446364,"Haplotype_B_Meth"
"NGS_H19_Hetero_Phased_Rep1","Read_507",0.98552259882554,"Haplotype_B_Meth"
"NGS_H19_Hetero_Phased_Rep1","Read_508",0.0238580713397606,"Haplotype_A_Unmeth"
"NGS_H19_Hetero_Phased_Rep1","Read_509",0.980670744099463,"Haplotype_B_Meth"
"NGS_H19_Hetero_Phased_Rep1","Read_510",0.012939216393407,"Haplotype_A_Unmeth"
"NGS_H19_Hetero_Phased_Rep1","Read_511",0.0167124146710693,"Haplotype_A_Unmeth"
"NGS_H19_Hetero_Phased_Rep1","Read_512",0.0150344164168848,"Haplotype_A_Unmeth"
"NGS_H19_Hetero_Phased_Rep1","Read_513",0.979582265828701,"Haplotype_B_Meth"
"NGS_H19_Hetero_Phased_Rep1","Read_514",0.978444404074529,"Haplotype_B_Meth"
"NGS_H19_Hetero_Phased_Rep1","Read_515",0.980962195075584,"Haplotype_B_Meth"
"NGS_H19_Hetero_Phased_Rep1","Read_516",0.976550297924332,"Haplotype_B_Meth"
"NGS_H19_Hetero_Phased_Rep1","Read_517",0.0205570904046594,"Haplotype_A_Unmeth"
"NGS_H19_Hetero_Phased_Rep1","Read_518",0.0175305935368273,"Haplotype_A_Unmeth"
"NGS_H19_Hetero_Phased_Rep1","Read_519",0.974346865704843,"Haplotype_B_Meth"
"NGS_H19_Hetero_Phased_Rep1","Read_520",0.0165477348340599,"Haplotype_A_Unmeth"
"NGS_H19_Hetero_Phased_Rep1","Read_521",0.973403339447994,"Haplotype_B_Meth"
"NGS_H19_Hetero_Phased_Rep1","Read_522",0.981238898206824,"Haplotype_B_Meth"
"NGS_H19_Hetero_Phased_Rep1","Read_523",0.0161984494846891,"Haplotype_A_Unmeth"
"NGS_H19_Hetero_Phased_Rep1","Read_524",0.987653289582589,"Haplotype_B_Meth"
"NGS_H19_Hetero_Phased_Rep1","Read_525",0.0199769203991676,"Haplotype_A_Unmeth"
"NGS_H19_Hetero_Phased_Rep1","Read_526",0.0207740717353186,"Haplotype_A_Unmeth"
"NGS_H19_Hetero_Phased_Rep1","Read_527",0.975816153148134,"Haplotype_B_Meth"
"NGS_H19_Hetero_Phased_Rep1","Read_528",0.97710858151551,"Haplotype_B_Meth"
"NGS_H19_Hetero_Phased_Rep1","Read_529",0.977981000414159,"Haplotype_B_Meth"
"NGS_H19_Hetero_Phased_Rep1","Read_530",0.985497041202172,"Haplotype_B_Meth"
"NGS_H19_Hetero_Phased_Rep1","Read_531",0.0149979501031563,"Haplotype_A_Unmeth"
"NGS_H19_Hetero_Phased_Rep1","Read_532",0.977808783337823,"Haplotype_B_Meth"
"NGS_H19_Hetero_Phased_Rep1","Read_533",0.0231812711480095,"Haplotype_A_Unmeth"
"NGS_H19_Hetero_Phased_Rep1","Read_534",0.980732258961472,"Haplotype_B_Meth"
"NGS_H19_Hetero_Phased_Rep1","Read_535",0.0157424539221163,"Haplotype_A_Unmeth"
"NGS_H19_Hetero_Phased_Rep1","Read_536",0.0199473980730399,"Haplotype_A_Unmeth"
"NGS_H19_Hetero_Phased_Rep1","Read_537",0.987879667484559,"Haplotype_B_Meth"
"NGS_H19_Hetero_Phased_Rep1","Read_538",0.985808139636885,"Haplotype_B_Meth"
"NGS_H19_Hetero_Phased_Rep1","Read_539",0.016008377038677,"Haplotype_A_Unmeth"
"NGS_H19_Hetero_Phased_Rep1","Read_540",0.980422043939644,"Haplotype_B_Meth"
"NGS_H19_Hetero_Phased_Rep1","Read_541",0.978593170816193,"Haplotype_B_Meth"
"NGS_H19_Hetero_Phased_Rep1","Read_542",0.0229914489164167,"Haplotype_A_Unmeth"
"NGS_H19_Hetero_Phased_Rep1","Read_543",0.0219064679189296,"Haplotype_A_Unmeth"
"NGS_H19_Hetero_Phased_Rep1","Read_544",0.972262584298598,"Haplotype_B_Meth"
"NGS_H19_Hetero_Phased_Rep1","Read_545",0.978179801034499,"Haplotype_B_Meth"
"NGS_H19_Hetero_Phased_Rep1","Read_546",0.023001191826133,"Haplotype_A_Unmeth"
"NGS_H19_Hetero_Phased_Rep1","Read_547",0.982887052333471,"Haplotype_B_Meth"
"NGS_H19_Hetero_Phased_Rep1","Read_548",0.0160772797893125,"Haplotype_A_Unmeth"
"NGS_H19_Hetero_Phased_Rep1","Read_549",0.981402196828762,"Haplotype_B_Meth"
"NGS_H19_Hetero_Phased_Rep1","Read_550",0.0235636756133956,"Haplotype_A_Unmeth"
"NGS_H19_Hetero_Phased_Rep1","Read_551",0.984049029789166,"Haplotype_B_Meth"
"NGS_H19_Hetero_Phased_Rep1","Read_552",0.0146804133450262,"Haplotype_A_Unmeth"
"NGS_H19_Hetero_Phased_Rep1","Read_553",0.0201092771406542,"Haplotype_A_Unmeth"
"NGS_H19_Hetero_Phased_Rep1","Read_554",0.0148509397335807,"Haplotype_A_Unmeth"
"NGS_H19_Hetero_Phased_Rep1","Read_555",0.0146000280453162,"Haplotype_A_Unmeth"
"NGS_H19_Hetero_Phased_Rep1","Read_556",0.0164562862030373,"Haplotype_A_Unmeth"
"NGS_H19_Hetero_Phased_Rep1","Read_557",0.0214240245959726,"Haplotype_A_Unmeth"
"NGS_H19_Hetero_Phased_Rep1","Read_558",0.98152164477046,"Haplotype_B_Meth"
"NGS_H19_Hetero_Phased_Rep1","Read_559",0.977643598194415,"Haplotype_B_Meth"
"NGS_H19_Hetero_Phased_Rep1","Read_560",0.0207662012280595,"Haplotype_A_Unmeth"
"NGS_H19_Hetero_Phased_Rep1","Read_561",0.0218723217960069,"Haplotype_A_Unmeth"
"NGS_H19_Hetero_Phased_Rep1","Read_562",0.0300728972812378,"Haplotype_A_Unmeth"
"NGS_H19_Hetero_Phased_Rep1","Read_563",0.980267231425855,"Haplotype_B_Meth"
"NGS_H19_Hetero_Phased_Rep1","Read_564",0.0140507277988759,"Haplotype_A_Unmeth"
"NGS_H19_Hetero_Phased_Rep1","Read_565",0.0150751365526628,"Haplotype_A_Unmeth"
"NGS_H19_Hetero_Phased_Rep1","Read_566",0.021731318636771,"Haplotype_A_Unmeth"
"NGS_H19_Hetero_Phased_Rep1","Read_567",0.979762312724955,"Haplotype_B_Meth"
"NGS_H19_Hetero_Phased_Rep1","Read_568",0.983224475783104,"Haplotype_B_Meth"
"NGS_H19_Hetero_Phased_Rep1","Read_569",0.0202841681168328,"Haplotype_A_Unmeth"
"NGS_H19_Hetero_Phased_Rep1","Read_570",0.982319635863603,"Haplotype_B_Meth"
"NGS_H19_Hetero_Phased_Rep1","Read_571",0.0190009833113774,"Haplotype_A_Unmeth"
"NGS_H19_Hetero_Phased_Rep1","Read_572",0.0178257803607983,"Haplotype_A_Unmeth"
"NGS_H19_Hetero_Phased_Rep1","Read_573",0.0217736094445229,"Haplotype_A_Unmeth"
"NGS_H19_Hetero_Phased_Rep1","Read_574",0.986115762877203,"Haplotype_B_Meth"
"NGS_H19_Hetero_Phased_Rep1","Read_575",0.0267474667188979,"Haplotype_A_Unmeth"
"NGS_H19_Hetero_Phased_Rep1","Read_576",0.0246056038651079,"Haplotype_A_Unmeth"
"NGS_H19_Hetero_Phased_Rep1","Read_577",0.975763250356024,"Haplotype_B_Meth"
"NGS_H19_Hetero_Phased_Rep1","Read_578",0.981816425836284,"Haplotype_B_Meth"
"NGS_H19_Hetero_Phased_Rep1","Read_579",0.978521000558707,"Haplotype_B_Meth"
"NGS_H19_Hetero_Phased_Rep1","Read_580",0.0220937530423528,"Haplotype_A_Unmeth"
"NGS_H19_Hetero_Phased_Rep1","Read_581",0.0254249710343322,"Haplotype_A_Unmeth"
"NGS_H19_Hetero_Phased_Rep1","Read_582",0.0250968320756317,"Haplotype_A_Unmeth"
"NGS_H19_Hetero_Phased_Rep1","Read_583",0.975891916526715,"Haplotype_B_Meth"
"NGS_H19_Hetero_Phased_Rep1","Read_584",0.0199634711080174,"Haplotype_A_Unmeth"
"NGS_H19_Hetero_Phased_Rep1","Read_585",0.022481442122153,"Haplotype_A_Unmeth"
"NGS_H19_Hetero_Phased_Rep1","Read_586",0.0229258278970382,"Haplotype_A_Unmeth"
"NGS_H19_Hetero_Phased_Rep1","Read_587",0.972589356122242,"Haplotype_B_Meth"
"NGS_H19_Hetero_Phased_Rep1","Read_588",0.982177259728595,"Haplotype_B_Meth"
"NGS_H19_Hetero_Phased_Rep1","Read_589",0.0211837587110172,"Haplotype_A_Unmeth"
"NGS_H19_Hetero_Phased_Rep1","Read_590",0.01551721834098,"Haplotype_A_Unmeth"
"NGS_H19_Hetero_Phased_Rep1","Read_591",0.0199558877194003,"Haplotype_A_Unmeth"
"NGS_H19_Hetero_Phased_Rep1","Read_592",0.0133682463723671,"Haplotype_A_Unmeth"
"NGS_H19_Hetero_Phased_Rep1","Read_593",0.0240192181556754,"Haplotype_A_Unmeth"
"NGS_H19_Hetero_Phased_Rep1","Read_594",0.976164576920865,"Haplotype_B_Meth"
"NGS_H19_Hetero_Phased_Rep1","Read_595",0.0227009739505955,"Haplotype_A_Unmeth"
"NGS_H19_Hetero_Phased_Rep1","Read_596",0.971149421735218,"Haplotype_B_Meth"
"NGS_H19_Hetero_Phased_Rep1","Read_597",0.977749353016449,"Haplotype_B_Meth"
"NGS_H19_Hetero_Phased_Rep1","Read_598",0.0193234207753941,"Haplotype_A_Unmeth"
"NGS_H19_Hetero_Phased_Rep1","Read_599",0.0166892978321463,"Haplotype_A_Unmeth"
"NGS_H19_Hetero_Phased_Rep1","Read_600",0.981087008492824,"Haplotype_B_Meth"
"NGS_H19_Hetero_Phased_Rep1","Read_601",0.976591513323689,"Haplotype_B_Meth"
"NGS_H19_Hetero_Phased_Rep1","Read_602",0.980823585188241,"Haplotype_B_Meth"
"NGS_H19_Hetero_Phased_Rep1","Read_603",0.0156086648663722,"Haplotype_A_Unmeth"
"NGS_H19_Hetero_Phased_Rep1","Read_604",0.980770954546244,"Haplotype_B_Meth"
"NGS_H19_Hetero_Phased_Rep1","Read_605",0.987809747372178,"Haplotype_B_Meth"
"NGS_H19_Hetero_Phased_Rep1","Read_606",0.021157877811403,"Haplotype_A_Unmeth"
"NGS_H19_Hetero_Phased_Rep1","Read_607",0.0203590997505151,"Haplotype_A_Unmeth"
"NGS_H19_Hetero_Phased_Rep1","Read_608",0.981911879179198,"Haplotype_B_Meth"
"NGS_H19_Hetero_Phased_Rep1","Read_609",0.0176588896718607,"Haplotype_A_Unmeth"
"NGS_H19_Hetero_Phased_Rep1","Read_610",0.0198271567817946,"Haplotype_A_Unmeth"
"NGS_H19_Hetero_Phased_Rep1","Read_611",0.0207671390000922,"Haplotype_A_Unmeth"
"NGS_H19_Hetero_Phased_Rep1","Read_612",0.0312933167639189,"Haplotype_A_Unmeth"
"NGS_H19_Hetero_Phased_Rep1","Read_613",0.0166665565213903,"Haplotype_A_Unmeth"
"NGS_H19_Hetero_Phased_Rep1","Read_614",0.0197443287184612,"Haplotype_A_Unmeth"
"NGS_H19_Hetero_Phased_Rep1","Read_615",0.0188410331420917,"Haplotype_A_Unmeth"
"NGS_H19_Hetero_Phased_Rep1","Read_616",0.981834444661446,"Haplotype_B_Meth"
"NGS_H19_Hetero_Phased_Rep1","Read_617",0.0208330340395065,"Haplotype_A_Unmeth"
"NGS_H19_Hetero_Phased_Rep1","Read_618",0.980137496464511,"Haplotype_B_Meth"
"NGS_H19_Hetero_Phased_Rep1","Read_619",0.97060003173943,"Haplotype_B_Meth"
"NGS_H19_Hetero_Phased_Rep1","Read_620",0.981849903838041,"Haplotype_B_Meth"
"NGS_H19_Hetero_Phased_Rep1","Read_621",0.980131330423048,"Haplotype_B_Meth"
"NGS_H19_Hetero_Phased_Rep1","Read_622",0.967290585634186,"Haplotype_B_Meth"
"NGS_H19_Hetero_Phased_Rep1","Read_623",0.0188759118701903,"Haplotype_A_Unmeth"
"NGS_H19_Hetero_Phased_Rep1","Read_624",0.973934473084454,"Haplotype_B_Meth"
"NGS_H19_Hetero_Phased_Rep1","Read_625",0.979957382711013,"Haplotype_B_Meth"
"NGS_H19_Hetero_Phased_Rep1","Read_626",0.0116676653992907,"Haplotype_A_Unmeth"
"NGS_H19_Hetero_Phased_Rep1","Read_627",0.0147352799154381,"Haplotype_A_Unmeth"
"NGS_H19_Hetero_Phased_Rep1","Read_628",0.980861421645788,"Haplotype_B_Meth"
"NGS_H19_Hetero_Phased_Rep1","Read_629",0.977665802544435,"Haplotype_B_Meth"
"NGS_H19_Hetero_Phased_Rep1","Read_630",0.98148187755452,"Haplotype_B_Meth"
"NGS_H19_Hetero_Phased_Rep1","Read_631",0.0231830336842264,"Haplotype_A_Unmeth"
"NGS_H19_Hetero_Phased_Rep1","Read_632",0.0168968301291494,"Haplotype_A_Unmeth"
"NGS_H19_Hetero_Phased_Rep1","Read_633",0.0247914433695136,"Haplotype_A_Unmeth"
"NGS_H19_Hetero_Phased_Rep1","Read_634",0.0158407374485829,"Haplotype_A_Unmeth"
"NGS_H19_Hetero_Phased_Rep1","Read_635",0.979391828023367,"Haplotype_B_Meth"
"NGS_H19_Hetero_Phased_Rep1","Read_636",0.0237315660566709,"Haplotype_A_Unmeth"
"NGS_H19_Hetero_Phased_Rep1","Read_637",0.980512313083837,"Haplotype_B_Meth"
"NGS_H19_Hetero_Phased_Rep1","Read_638",0.018510455833609,"Haplotype_A_Unmeth"
"NGS_H19_Hetero_Phased_Rep1","Read_639",0.97894765751971,"Haplotype_B_Meth"
"NGS_H19_Hetero_Phased_Rep1","Read_640",0.017157430311909,"Haplotype_A_Unmeth"
"NGS_H19_Hetero_Phased_Rep1","Read_641",0.979963818020517,"Haplotype_B_Meth"
"NGS_H19_Hetero_Phased_Rep1","Read_642",0.977308874998165,"Haplotype_B_Meth"
"NGS_H19_Hetero_Phased_Rep1","Read_643",0.979550342488705,"Haplotype_B_Meth"
"NGS_H19_Hetero_Phased_Rep1","Read_644",0.974622757101774,"Haplotype_B_Meth"
"NGS_H19_Hetero_Phased_Rep1","Read_645",0.966362253488583,"Haplotype_B_Meth"
"NGS_H19_Hetero_Phased_Rep1","Read_646",0.0132323223910022,"Haplotype_A_Unmeth"
"NGS_H19_Hetero_Phased_Rep1","Read_647",0.977939053237998,"Haplotype_B_Meth"
"NGS_H19_Hetero_Phased_Rep1","Read_648",0.0233134170270772,"Haplotype_A_Unmeth"
"NGS_H19_Hetero_Phased_Rep1","Read_649",0.0189202988410184,"Haplotype_A_Unmeth"
"NGS_H19_Hetero_Phased_Rep1","Read_650",0.0225191756605286,"Haplotype_A_Unmeth"
"NGS_H19_Hetero_Phased_Rep1","Read_651",0.0242783542305842,"Haplotype_A_Unmeth"
"NGS_H19_Hetero_Phased_Rep1","Read_652",0.973591403471236,"Haplotype_B_Meth"
"NGS_H19_Hetero_Phased_Rep1","Read_653",0.982106741751685,"Haplotype_B_Meth"
"NGS_H19_Hetero_Phased_Rep1","Read_654",0.0202467921379528,"Haplotype_A_Unmeth"
"NGS_H19_Hetero_Phased_Rep1","Read_655",0.0183356499672377,"Haplotype_A_Unmeth"
"NGS_H19_Hetero_Phased_Rep1","Read_656",0.975053505885634,"Haplotype_B_Meth"
"NGS_H19_Hetero_Phased_Rep1","Read_657",0.97768068072618,"Haplotype_B_Meth"
"NGS_H19_Hetero_Phased_Rep1","Read_658",0.980202292202387,"Haplotype_B_Meth"
"NGS_H19_Hetero_Phased_Rep1","Read_659",0.0264234331190847,"Haplotype_A_Unmeth"
"NGS_H19_Hetero_Phased_Rep1","Read_660",0.0137419775328909,"Haplotype_A_Unmeth"
"NGS_H19_Hetero_Phased_Rep1","Read_661",0.979177394405923,"Haplotype_B_Meth"
"NGS_H19_Hetero_Phased_Rep1","Read_662",0.978711886004641,"Haplotype_B_Meth"
"NGS_H19_Hetero_Phased_Rep1","Read_663",0.980649213682,"Haplotype_B_Meth"
"NGS_H19_Hetero_Phased_Rep1","Read_664",0.0233328936651644,"Haplotype_A_Unmeth"
"NGS_H19_Hetero_Phased_Rep1","Read_665",0.9792771954621,"Haplotype_B_Meth"
"NGS_H19_Hetero_Phased_Rep1","Read_666",0.981916909836518,"Haplotype_B_Meth"
"NGS_H19_Hetero_Phased_Rep1","Read_667",0.977724288758608,"Haplotype_B_Meth"
"NGS_H19_Hetero_Phased_Rep1","Read_668",0.979118626314276,"Haplotype_B_Meth"
"NGS_H19_Hetero_Phased_Rep1","Read_669",0.982547956689429,"Haplotype_B_Meth"
"NGS_H19_Hetero_Phased_Rep1","Read_670",0.0166311277002259,"Haplotype_A_Unmeth"
"NGS_H19_Hetero_Phased_Rep1","Read_671",0.0154900363452195,"Haplotype_A_Unmeth"
"NGS_H19_Hetero_Phased_Rep1","Read_672",0.982685083275195,"Haplotype_B_Meth"
"NGS_H19_Hetero_Phased_Rep1","Read_673",0.978177109381175,"Haplotype_B_Meth"
"NGS_H19_Hetero_Phased_Rep1","Read_674",0.0198625572901197,"Haplotype_A_Unmeth"
"NGS_H19_Hetero_Phased_Rep1","Read_675",0.0245571274334468,"Haplotype_A_Unmeth"
"NGS_H19_Hetero_Phased_Rep1","Read_676",0.984743074498843,"Haplotype_B_Meth"
"NGS_H19_Hetero_Phased_Rep1","Read_677",0.976348797452532,"Haplotype_B_Meth"
"NGS_H19_Hetero_Phased_Rep1","Read_678",0.024022959010362,"Haplotype_A_Unmeth"
"NGS_H19_Hetero_Phased_Rep1","Read_679",0.979522084190537,"Haplotype_B_Meth"
"NGS_H19_Hetero_Phased_Rep1","Read_680",0.983312983894305,"Haplotype_B_Meth"
"NGS_H19_Hetero_Phased_Rep1","Read_681",0.97485498729389,"Haplotype_B_Meth"
"NGS_H19_Hetero_Phased_Rep1","Read_682",0.981439606385339,"Haplotype_B_Meth"
"NGS_H19_Hetero_Phased_Rep1","Read_683",0.986983865249945,"Haplotype_B_Meth"
"NGS_H19_Hetero_Phased_Rep1","Read_684",0.0217612529803197,"Haplotype_A_Unmeth"
"NGS_H19_Hetero_Phased_Rep1","Read_685",0.983724945780268,"Haplotype_B_Meth"
"NGS_H19_Hetero_Phased_Rep1","Read_686",0.981424459736837,"Haplotype_B_Meth"
"NGS_H19_Hetero_Phased_Rep1","Read_687",0.980929964710726,"Haplotype_B_Meth"
"NGS_H19_Hetero_Phased_Rep1","Read_688",0.971312749095622,"Haplotype_B_Meth"
"NGS_H19_Hetero_Phased_Rep1","Read_689",0.978457701963413,"Haplotype_B_Meth"
"NGS_H19_Hetero_Phased_Rep1","Read_690",0.0158848662003405,"Haplotype_A_Unmeth"
"NGS_H19_Hetero_Phased_Rep1","Read_691",0.0154487114942605,"Haplotype_A_Unmeth"
"NGS_H19_Hetero_Phased_Rep1","Read_692",0.978125870834015,"Haplotype_B_Meth"
"NGS_H19_Hetero_Phased_Rep1","Read_693",0.980327924711018,"Haplotype_B_Meth"
"NGS_H19_Hetero_Phased_Rep1","Read_694",0.977295530200648,"Haplotype_B_Meth"
"NGS_H19_Hetero_Phased_Rep1","Read_695",0.981629893838139,"Haplotype_B_Meth"
"NGS_H19_Hetero_Phased_Rep1","Read_696",0.0231116227569557,"Haplotype_A_Unmeth"
"NGS_H19_Hetero_Phased_Rep1","Read_697",0.988961337255443,"Haplotype_B_Meth"
"NGS_H19_Hetero_Phased_Rep1","Read_698",0.984448034288039,"Haplotype_B_Meth"
"NGS_H19_Hetero_Phased_Rep1","Read_699",0.982568320409527,"Haplotype_B_Meth"
"NGS_H19_Hetero_Phased_Rep1","Read_700",0.982208018997353,"Haplotype_B_Meth"
"NGS_H19_Hetero_Phased_Rep1","Read_701",0.974528526603054,"Haplotype_B_Meth"
"NGS_H19_Hetero_Phased_Rep1","Read_702",0.97640072194328,"Haplotype_B_Meth"
"NGS_H19_Hetero_Phased_Rep1","Read_703",0.977571617715204,"Haplotype_B_Meth"
"NGS_H19_Hetero_Phased_Rep1","Read_704",0.981571335890048,"Haplotype_B_Meth"
"NGS_H19_Hetero_Phased_Rep1","Read_705",0.987767560371631,"Haplotype_B_Meth"
"NGS_H19_Hetero_Phased_Rep1","Read_706",0.0218348443218889,"Haplotype_A_Unmeth"
"NGS_H19_Hetero_Phased_Rep1","Read_707",0.0222035102943521,"Haplotype_A_Unmeth"
"NGS_H19_Hetero_Phased_Rep1","Read_708",0.0157825270718472,"Haplotype_A_Unmeth"
"NGS_H19_Hetero_Phased_Rep1","Read_709",0.983001964350057,"Haplotype_B_Meth"
"NGS_H19_Hetero_Phased_Rep1","Read_710",0.985982270100621,"Haplotype_B_Meth"
"NGS_H19_Hetero_Phased_Rep1","Read_711",0.981129518329855,"Haplotype_B_Meth"
"NGS_H19_Hetero_Phased_Rep1","Read_712",0.0170917717248479,"Haplotype_A_Unmeth"
"NGS_H19_Hetero_Phased_Rep1","Read_713",0.972346384166038,"Haplotype_B_Meth"
"NGS_H19_Hetero_Phased_Rep1","Read_714",0.0114378231771549,"Haplotype_A_Unmeth"
"NGS_H19_Hetero_Phased_Rep1","Read_715",0.98602507916821,"Haplotype_B_Meth"
"NGS_H19_Hetero_Phased_Rep1","Read_716",0.985627931703992,"Haplotype_B_Meth"
"NGS_H19_Hetero_Phased_Rep1","Read_717",0.0257014843964845,"Haplotype_A_Unmeth"
"NGS_H19_Hetero_Phased_Rep1","Read_718",0.0202681182611636,"Haplotype_A_Unmeth"
"NGS_H19_Hetero_Phased_Rep1","Read_719",0.979561681605771,"Haplotype_B_Meth"
"NGS_H19_Hetero_Phased_Rep1","Read_720",0.0227992254560365,"Haplotype_A_Unmeth"
"NGS_H19_Hetero_Phased_Rep1","Read_721",0.982720424515542,"Haplotype_B_Meth"
"NGS_H19_Hetero_Phased_Rep1","Read_722",0.976946948742338,"Haplotype_B_Meth"
"NGS_H19_Hetero_Phased_Rep1","Read_723",0.0203745371583575,"Haplotype_A_Unmeth"
"NGS_H19_Hetero_Phased_Rep1","Read_724",0.0199125683598373,"Haplotype_A_Unmeth"
"NGS_H19_Hetero_Phased_Rep1","Read_725",0.978750705321908,"Haplotype_B_Meth"
"NGS_H19_Hetero_Phased_Rep1","Read_726",0.0200110747322909,"Haplotype_A_Unmeth"
"NGS_H19_Hetero_Phased_Rep1","Read_727",0.981365165086838,"Haplotype_B_Meth"
"NGS_H19_Hetero_Phased_Rep1","Read_728",0.96812276674495,"Haplotype_B_Meth"
"NGS_H19_Hetero_Phased_Rep1","Read_729",0.982093784060038,"Haplotype_B_Meth"
"NGS_H19_Hetero_Phased_Rep1","Read_730",0.0257992632033272,"Haplotype_A_Unmeth"
"NGS_H19_Hetero_Phased_Rep1","Read_731",0.0138144638736004,"Haplotype_A_Unmeth"
"NGS_H19_Hetero_Phased_Rep1","Read_732",0.0235953404077462,"Haplotype_A_Unmeth"
"NGS_H19_Hetero_Phased_Rep1","Read_733",0.978740104655946,"Haplotype_B_Meth"
"NGS_H19_Hetero_Phased_Rep1","Read_734",0.982133662488523,"Haplotype_B_Meth"
"NGS_H19_Hetero_Phased_Rep1","Read_735",0.0199626221271874,"Haplotype_A_Unmeth"
"NGS_H19_Hetero_Phased_Rep1","Read_736",0.0217422012027418,"Haplotype_A_Unmeth"
"NGS_H19_Hetero_Phased_Rep1","Read_737",0.015818904857241,"Haplotype_A_Unmeth"
"NGS_H19_Hetero_Phased_Rep1","Read_738",0.0281579856726186,"Haplotype_A_Unmeth"
"NGS_H19_Hetero_Phased_Rep1","Read_739",0.0107565673143472,"Haplotype_A_Unmeth"
"NGS_H19_Hetero_Phased_Rep1","Read_740",0.0142315345152463,"Haplotype_A_Unmeth"
"NGS_H19_Hetero_Phased_Rep1","Read_741",0.0240322788489845,"Haplotype_A_Unmeth"
"NGS_H19_Hetero_Phased_Rep1","Read_742",0.973795033420856,"Haplotype_B_Meth"
"NGS_H19_Hetero_Phased_Rep1","Read_743",0.0100338583348442,"Haplotype_A_Unmeth"
"NGS_H19_Hetero_Phased_Rep1","Read_744",0.0271037698987295,"Haplotype_A_Unmeth"
"NGS_H19_Hetero_Phased_Rep1","Read_745",0.980821044181193,"Haplotype_B_Meth"
"NGS_H19_Hetero_Phased_Rep1","Read_746",0.0176631500059462,"Haplotype_A_Unmeth"
"NGS_H19_Hetero_Phased_Rep1","Read_747",0.0160653847942862,"Haplotype_A_Unmeth"
"NGS_H19_Hetero_Phased_Rep1","Read_748",0.982980157465152,"Haplotype_B_Meth"
"NGS_H19_Hetero_Phased_Rep1","Read_749",0.97887726874588,"Haplotype_B_Meth"
"NGS_H19_Hetero_Phased_Rep1","Read_750",0.0200955004450142,"Haplotype_A_Unmeth"
"NGS_H19_Hetero_Phased_Rep1","Read_751",0.983053256924654,"Haplotype_B_Meth"
"NGS_H19_Hetero_Phased_Rep1","Read_752",0.0137676622070765,"Haplotype_A_Unmeth"
"NGS_H19_Hetero_Phased_Rep1","Read_753",0.982223694605031,"Haplotype_B_Meth"
"NGS_H19_Hetero_Phased_Rep1","Read_754",0.0214827732701903,"Haplotype_A_Unmeth"
"NGS_H19_Hetero_Phased_Rep1","Read_755",0.0248368066926502,"Haplotype_A_Unmeth"
"NGS_H19_Hetero_Phased_Rep1","Read_756",0.981492109397572,"Haplotype_B_Meth"
"NGS_H19_Hetero_Phased_Rep1","Read_757",0.0262886069994605,"Haplotype_A_Unmeth"
"NGS_H19_Hetero_Phased_Rep1","Read_758",0.0170563681755144,"Haplotype_A_Unmeth"
"NGS_H19_Hetero_Phased_Rep1","Read_759",0.982987245933717,"Haplotype_B_Meth"
"NGS_H19_Hetero_Phased_Rep1","Read_760",0.0178593325237098,"Haplotype_A_Unmeth"
"NGS_H19_Hetero_Phased_Rep1","Read_761",0.014714458960941,"Haplotype_A_Unmeth"
"NGS_H19_Hetero_Phased_Rep1","Read_762",0.0227314957625506,"Haplotype_A_Unmeth"
"NGS_H19_Hetero_Phased_Rep1","Read_763",0.98949446331933,"Haplotype_B_Meth"
"NGS_H19_Hetero_Phased_Rep1","Read_764",0.98077031667674,"Haplotype_B_Meth"
"NGS_H19_Hetero_Phased_Rep1","Read_765",0.983855361669252,"Haplotype_B_Meth"
"NGS_H19_Hetero_Phased_Rep1","Read_766",0.0188213738039222,"Haplotype_A_Unmeth"
"NGS_H19_Hetero_Phased_Rep1","Read_767",0.0232999908011399,"Haplotype_A_Unmeth"
"NGS_H19_Hetero_Phased_Rep1","Read_768",0.98103011496046,"Haplotype_B_Meth"
"NGS_H19_Hetero_Phased_Rep1","Read_769",0.0131530323436655,"Haplotype_A_Unmeth"
"NGS_H19_Hetero_Phased_Rep1","Read_770",0.0158973403701731,"Haplotype_A_Unmeth"
"NGS_H19_Hetero_Phased_Rep1","Read_771",0.979666101755894,"Haplotype_B_Meth"
"NGS_H19_Hetero_Phased_Rep1","Read_772",0.983173899917744,"Haplotype_B_Meth"
"NGS_H19_Hetero_Phased_Rep1","Read_773",0.972597658038866,"Haplotype_B_Meth"
"NGS_H19_Hetero_Phased_Rep1","Read_774",0.020887112732309,"Haplotype_A_Unmeth"
"NGS_H19_Hetero_Phased_Rep1","Read_775",0.975300926375774,"Haplotype_B_Meth"
"NGS_H19_Hetero_Phased_Rep1","Read_776",0.0207779598424598,"Haplotype_A_Unmeth"
"NGS_H19_Hetero_Phased_Rep1","Read_777",0.982565748769623,"Haplotype_B_Meth"
"NGS_H19_Hetero_Phased_Rep1","Read_778",0.982838177176435,"Haplotype_B_Meth"
"NGS_H19_Hetero_Phased_Rep1","Read_779",0.977479024824079,"Haplotype_B_Meth"
"NGS_H19_Hetero_Phased_Rep1","Read_780",0.985507959492896,"Haplotype_B_Meth"
"NGS_H19_Hetero_Phased_Rep1","Read_781",0.0240907443828213,"Haplotype_A_Unmeth"
"NGS_H19_Hetero_Phased_Rep1","Read_782",0.983512356677888,"Haplotype_B_Meth"
"NGS_H19_Hetero_Phased_Rep1","Read_783",0.985483113276852,"Haplotype_B_Meth"
"NGS_H19_Hetero_Phased_Rep1","Read_784",0.019435671097705,"Haplotype_A_Unmeth"
"NGS_H19_Hetero_Phased_Rep1","Read_785",0.0129663505302896,"Haplotype_A_Unmeth"
"NGS_H19_Hetero_Phased_Rep1","Read_786",0.0214591490921809,"Haplotype_A_Unmeth"
"NGS_H19_Hetero_Phased_Rep1","Read_787",0.0203760739306844,"Haplotype_A_Unmeth"
"NGS_H19_Hetero_Phased_Rep1","Read_788",0.98065322368875,"Haplotype_B_Meth"
"NGS_H19_Hetero_Phased_Rep1","Read_789",0.978840410011744,"Haplotype_B_Meth"
"NGS_H19_Hetero_Phased_Rep1","Read_790",0.0137007502353232,"Haplotype_A_Unmeth"
"NGS_H19_Hetero_Phased_Rep1","Read_791",0.965980354844648,"Haplotype_B_Meth"
"NGS_H19_Hetero_Phased_Rep1","Read_792",0.0259264972185858,"Haplotype_A_Unmeth"
"NGS_H19_Hetero_Phased_Rep1","Read_793",0.98662087249839,"Haplotype_B_Meth"
"NGS_H19_Hetero_Phased_Rep1","Read_794",0.0205908170847061,"Haplotype_A_Unmeth"
"NGS_H19_Hetero_Phased_Rep1","Read_795",0.978851700938471,"Haplotype_B_Meth"
"NGS_H19_Hetero_Phased_Rep1","Read_796",0.984569472839331,"Haplotype_B_Meth"
"NGS_H19_Hetero_Phased_Rep1","Read_797",0.0139799840225557,"Haplotype_A_Unmeth"
"NGS_H19_Hetero_Phased_Rep1","Read_798",0.0254651406750097,"Haplotype_A_Unmeth"
"NGS_H19_Hetero_Phased_Rep1","Read_799",0.981262340332692,"Haplotype_B_Meth"
"NGS_H19_Hetero_Phased_Rep1","Read_800",0.985165180224473,"Haplotype_B_Meth"
"NGS_H19_Hetero_Phased_Rep1","Read_801",0.0134687188704341,"Haplotype_A_Unmeth"
"NGS_H19_Hetero_Phased_Rep1","Read_802",0.00875723257982251,"Haplotype_A_Unmeth"
"NGS_H19_Hetero_Phased_Rep1","Read_803",0.976545571821778,"Haplotype_B_Meth"
"NGS_H19_Hetero_Phased_Rep1","Read_804",0.979114961470241,"Haplotype_B_Meth"
"NGS_H19_Hetero_Phased_Rep1","Read_805",0.98022805028742,"Haplotype_B_Meth"
"NGS_H19_Hetero_Phased_Rep1","Read_806",0.986624664053036,"Haplotype_B_Meth"
"NGS_H19_Hetero_Phased_Rep1","Read_807",0.0161852301651574,"Haplotype_A_Unmeth"
"NGS_H19_Hetero_Phased_Rep1","Read_808",0.98085120366577,"Haplotype_B_Meth"
"NGS_H19_Hetero_Phased_Rep1","Read_809",0.98194594755172,"Haplotype_B_Meth"
"NGS_H19_Hetero_Phased_Rep1","Read_810",0.0261563655709631,"Haplotype_A_Unmeth"
"NGS_H19_Hetero_Phased_Rep1","Read_811",0.0187745418674834,"Haplotype_A_Unmeth"
"NGS_H19_Hetero_Phased_Rep1","Read_812",0.978586597915797,"Haplotype_B_Meth"
"NGS_H19_Hetero_Phased_Rep1","Read_813",0.0164009578234362,"Haplotype_A_Unmeth"
"NGS_H19_Hetero_Phased_Rep1","Read_814",0.975213769408275,"Haplotype_B_Meth"
"NGS_H19_Hetero_Phased_Rep1","Read_815",0.983334232597126,"Haplotype_B_Meth"
"NGS_H19_Hetero_Phased_Rep1","Read_816",0.983541844677447,"Haplotype_B_Meth"
"NGS_H19_Hetero_Phased_Rep1","Read_817",0.97533861965379,"Haplotype_B_Meth"
"NGS_H19_Hetero_Phased_Rep1","Read_818",0.98296731368891,"Haplotype_B_Meth"
"NGS_H19_Hetero_Phased_Rep1","Read_819",0.982655684311543,"Haplotype_B_Meth"
"NGS_H19_Hetero_Phased_Rep1","Read_820",0.0233183430054692,"Haplotype_A_Unmeth"
"NGS_H19_Hetero_Phased_Rep1","Read_821",0.0167006012331244,"Haplotype_A_Unmeth"
"NGS_H19_Hetero_Phased_Rep1","Read_822",0.0136259257618335,"Haplotype_A_Unmeth"
"NGS_H19_Hetero_Phased_Rep1","Read_823",0.976780732335681,"Haplotype_B_Meth"
"NGS_H19_Hetero_Phased_Rep1","Read_824",0.0236684021720767,"Haplotype_A_Unmeth"
"NGS_H19_Hetero_Phased_Rep1","Read_825",0.0163869935409659,"Haplotype_A_Unmeth"
"NGS_H19_Hetero_Phased_Rep1","Read_826",0.0173054125020902,"Haplotype_A_Unmeth"
"NGS_H19_Hetero_Phased_Rep1","Read_827",0.979729032747035,"Haplotype_B_Meth"
"NGS_H19_Hetero_Phased_Rep1","Read_828",0.982811333220942,"Haplotype_B_Meth"
"NGS_H19_Hetero_Phased_Rep1","Read_829",0.977951100208352,"Haplotype_B_Meth"
"NGS_H19_Hetero_Phased_Rep1","Read_830",0.981994817307992,"Haplotype_B_Meth"
"NGS_H19_Hetero_Phased_Rep1","Read_831",0.973968771797684,"Haplotype_B_Meth"
"NGS_H19_Hetero_Phased_Rep1","Read_832",0.977541334588739,"Haplotype_B_Meth"
"NGS_H19_Hetero_Phased_Rep1","Read_833",0.964675236816967,"Haplotype_B_Meth"
"NGS_H19_Hetero_Phased_Rep1","Read_834",0.97836897361519,"Haplotype_B_Meth"
"NGS_H19_Hetero_Phased_Rep1","Read_835",0.0100301400232538,"Haplotype_A_Unmeth"
"NGS_H19_Hetero_Phased_Rep1","Read_836",0.0201890866615996,"Haplotype_A_Unmeth"
"NGS_H19_Hetero_Phased_Rep1","Read_837",0.97525041752081,"Haplotype_B_Meth"
"NGS_H19_Hetero_Phased_Rep1","Read_838",0.0221553827809826,"Haplotype_A_Unmeth"
"NGS_H19_Hetero_Phased_Rep1","Read_839",0.989215453286782,"Haplotype_B_Meth"
"NGS_H19_Hetero_Phased_Rep1","Read_840",0.977001114651437,"Haplotype_B_Meth"
"NGS_H19_Hetero_Phased_Rep1","Read_841",0.978015006825048,"Haplotype_B_Meth"
"NGS_H19_Hetero_Phased_Rep1","Read_842",0.97850536934866,"Haplotype_B_Meth"
"NGS_H19_Hetero_Phased_Rep1","Read_843",0.974522319614218,"Haplotype_B_Meth"
"NGS_H19_Hetero_Phased_Rep1","Read_844",0.0224933681662204,"Haplotype_A_Unmeth"
"NGS_H19_Hetero_Phased_Rep1","Read_845",0.973675200491612,"Haplotype_B_Meth"
"NGS_H19_Hetero_Phased_Rep1","Read_846",0.0172289398119564,"Haplotype_A_Unmeth"
"NGS_H19_Hetero_Phased_Rep1","Read_847",0.0148318960463787,"Haplotype_A_Unmeth"
"NGS_H19_Hetero_Phased_Rep1","Read_848",0.0153471503162973,"Haplotype_A_Unmeth"
"NGS_H19_Hetero_Phased_Rep1","Read_849",0.0238265470198058,"Haplotype_A_Unmeth"
"NGS_H19_Hetero_Phased_Rep1","Read_850",0.980774540498053,"Haplotype_B_Meth"
"NGS_H19_Hetero_Phased_Rep1","Read_851",0.969426546052708,"Haplotype_B_Meth"
"NGS_H19_Hetero_Phased_Rep1","Read_852",0.983316659020385,"Haplotype_B_Meth"
"NGS_H19_Hetero_Phased_Rep1","Read_853",0.976561497968104,"Haplotype_B_Meth"
"NGS_H19_Hetero_Phased_Rep1","Read_854",0.974392517526286,"Haplotype_B_Meth"
"NGS_H19_Hetero_Phased_Rep1","Read_855",0.0181264844808246,"Haplotype_A_Unmeth"
"NGS_H19_Hetero_Phased_Rep1","Read_856",0.974875556229625,"Haplotype_B_Meth"
"NGS_H19_Hetero_Phased_Rep1","Read_857",0.0137929293462236,"Haplotype_A_Unmeth"
"NGS_H19_Hetero_Phased_Rep1","Read_858",0.0273517898862656,"Haplotype_A_Unmeth"
"NGS_H19_Hetero_Phased_Rep1","Read_859",0.976041825745737,"Haplotype_B_Meth"
"NGS_H19_Hetero_Phased_Rep1","Read_860",0.0247008788731321,"Haplotype_A_Unmeth"
"NGS_H19_Hetero_Phased_Rep1","Read_861",0.0209224370420627,"Haplotype_A_Unmeth"
"NGS_H19_Hetero_Phased_Rep1","Read_862",0.983232328261673,"Haplotype_B_Meth"
"NGS_H19_Hetero_Phased_Rep1","Read_863",0.977746933337073,"Haplotype_B_Meth"
"NGS_H19_Hetero_Phased_Rep1","Read_864",0.0165051215021163,"Haplotype_A_Unmeth"
"NGS_H19_Hetero_Phased_Rep1","Read_865",0.983809940233846,"Haplotype_B_Meth"
"NGS_H19_Hetero_Phased_Rep1","Read_866",0.979236158958363,"Haplotype_B_Meth"
"NGS_H19_Hetero_Phased_Rep1","Read_867",0.98377476870286,"Haplotype_B_Meth"
"NGS_H19_Hetero_Phased_Rep1","Read_868",0.0261555285972626,"Haplotype_A_Unmeth"
"NGS_H19_Hetero_Phased_Rep1","Read_869",0.0142594125342761,"Haplotype_A_Unmeth"
"NGS_H19_Hetero_Phased_Rep1","Read_870",0.0205814290787527,"Haplotype_A_Unmeth"
"NGS_H19_Hetero_Phased_Rep1","Read_871",0.983416950800711,"Haplotype_B_Meth"
"NGS_H19_Hetero_Phased_Rep1","Read_872",0.0158834737392371,"Haplotype_A_Unmeth"
"NGS_H19_Hetero_Phased_Rep1","Read_873",0.975805960571095,"Haplotype_B_Meth"
"NGS_H19_Hetero_Phased_Rep1","Read_874",0.980221798776413,"Haplotype_B_Meth"
"NGS_H19_Hetero_Phased_Rep1","Read_875",0.977526327991891,"Haplotype_B_Meth"
"NGS_H19_Hetero_Phased_Rep1","Read_876",0.976762396721928,"Haplotype_B_Meth"
"NGS_H19_Hetero_Phased_Rep1","Read_877",0.0246985003275266,"Haplotype_A_Unmeth"
"NGS_H19_Hetero_Phased_Rep1","Read_878",0.0267967991113179,"Haplotype_A_Unmeth"
"NGS_H19_Hetero_Phased_Rep1","Read_879",0.968060755503056,"Haplotype_B_Meth"
"NGS_H19_Hetero_Phased_Rep1","Read_880",0.982151467200715,"Haplotype_B_Meth"
"NGS_H19_Hetero_Phased_Rep1","Read_881",0.0129810345003088,"Haplotype_A_Unmeth"
"NGS_H19_Hetero_Phased_Rep1","Read_882",0.978297409868971,"Haplotype_B_Meth"
"NGS_H19_Hetero_Phased_Rep1","Read_883",0.0182254823613584,"Haplotype_A_Unmeth"
"NGS_H19_Hetero_Phased_Rep1","Read_884",0.983397321954295,"Haplotype_B_Meth"
"NGS_H19_Hetero_Phased_Rep1","Read_885",0.0298290850114157,"Haplotype_A_Unmeth"
"NGS_H19_Hetero_Phased_Rep1","Read_886",0.0258389853659535,"Haplotype_A_Unmeth"
"NGS_H19_Hetero_Phased_Rep1","Read_887",0.0252535312948512,"Haplotype_A_Unmeth"
"NGS_H19_Hetero_Phased_Rep1","Read_888",0.021092302411117,"Haplotype_A_Unmeth"
"NGS_H19_Hetero_Phased_Rep1","Read_889",0.976466585775778,"Haplotype_B_Meth"
"NGS_H19_Hetero_Phased_Rep1","Read_890",0.0172903751869723,"Haplotype_A_Unmeth"
"NGS_H19_Hetero_Phased_Rep1","Read_891",0.0295615154034386,"Haplotype_A_Unmeth"
"NGS_H19_Hetero_Phased_Rep1","Read_892",0.0220492861760479,"Haplotype_A_Unmeth"
"NGS_H19_Hetero_Phased_Rep1","Read_893",0.0229299207322422,"Haplotype_A_Unmeth"
"NGS_H19_Hetero_Phased_Rep1","Read_894",0.984141099142739,"Haplotype_B_Meth"
"NGS_H19_Hetero_Phased_Rep1","Read_895",0.0234596426476147,"Haplotype_A_Unmeth"
"NGS_H19_Hetero_Phased_Rep1","Read_896",0.0193103962803141,"Haplotype_A_Unmeth"
"NGS_H19_Hetero_Phased_Rep1","Read_897",0.0179226983346734,"Haplotype_A_Unmeth"
"NGS_H19_Hetero_Phased_Rep1","Read_898",0.0289596410735995,"Haplotype_A_Unmeth"
"NGS_H19_Hetero_Phased_Rep1","Read_899",0.0208113786845279,"Haplotype_A_Unmeth"
"NGS_H19_Hetero_Phased_Rep1","Read_900",0.980819492749002,"Haplotype_B_Meth"
"NGS_H19_Hetero_Phased_Rep1","Read_901",0.0144530635769465,"Haplotype_A_Unmeth"
"NGS_H19_Hetero_Phased_Rep1","Read_902",0.0241838627986827,"Haplotype_A_Unmeth"
"NGS_H19_Hetero_Phased_Rep1","Read_903",0.0149007219408602,"Haplotype_A_Unmeth"
"NGS_H19_Hetero_Phased_Rep1","Read_904",0.0176081271137385,"Haplotype_A_Unmeth"
"NGS_H19_Hetero_Phased_Rep1","Read_905",0.980417690791448,"Haplotype_B_Meth"
"NGS_H19_Hetero_Phased_Rep1","Read_906",0.979424630347536,"Haplotype_B_Meth"
"NGS_H19_Hetero_Phased_Rep1","Read_907",0.97947877040242,"Haplotype_B_Meth"
"NGS_H19_Hetero_Phased_Rep1","Read_908",0.0253459059437924,"Haplotype_A_Unmeth"
"NGS_H19_Hetero_Phased_Rep1","Read_909",0.0212620543138652,"Haplotype_A_Unmeth"
"NGS_H19_Hetero_Phased_Rep1","Read_910",0.0268077458760303,"Haplotype_A_Unmeth"
"NGS_H19_Hetero_Phased_Rep1","Read_911",0.0172487065623234,"Haplotype_A_Unmeth"
"NGS_H19_Hetero_Phased_Rep1","Read_912",0.0198750305743606,"Haplotype_A_Unmeth"
"NGS_H19_Hetero_Phased_Rep1","Read_913",0.023079080674003,"Haplotype_A_Unmeth"
"NGS_H19_Hetero_Phased_Rep1","Read_914",0.0231420476048144,"Haplotype_A_Unmeth"
"NGS_H19_Hetero_Phased_Rep1","Read_915",0.0287218943231237,"Haplotype_A_Unmeth"
"NGS_H19_Hetero_Phased_Rep1","Read_916",0.0158805874816681,"Haplotype_A_Unmeth"
"NGS_H19_Hetero_Phased_Rep1","Read_917",0.0195077389795956,"Haplotype_A_Unmeth"
"NGS_H19_Hetero_Phased_Rep1","Read_918",0.98359478960452,"Haplotype_B_Meth"
"NGS_H19_Hetero_Phased_Rep1","Read_919",0.982685385212658,"Haplotype_B_Meth"
"NGS_H19_Hetero_Phased_Rep1","Read_920",0.016336381407305,"Haplotype_A_Unmeth"
"NGS_H19_Hetero_Phased_Rep1","Read_921",0.988186478819706,"Haplotype_B_Meth"
"NGS_H19_Hetero_Phased_Rep1","Read_922",0.978883548956278,"Haplotype_B_Meth"
"NGS_H19_Hetero_Phased_Rep1","Read_923",0.98157883378596,"Haplotype_B_Meth"
"NGS_H19_Hetero_Phased_Rep1","Read_924",0.0152562769135399,"Haplotype_A_Unmeth"
"NGS_H19_Hetero_Phased_Rep1","Read_925",0.0181017393309738,"Haplotype_A_Unmeth"
"NGS_H19_Hetero_Phased_Rep1","Read_926",0.017024568299875,"Haplotype_A_Unmeth"
"NGS_H19_Hetero_Phased_Rep1","Read_927",0.0217340254277092,"Haplotype_A_Unmeth"
"NGS_H19_Hetero_Phased_Rep1","Read_928",0.977089012108004,"Haplotype_B_Meth"
"NGS_H19_Hetero_Phased_Rep1","Read_929",0.980654497103311,"Haplotype_B_Meth"
"NGS_H19_Hetero_Phased_Rep1","Read_930",0.976081533572037,"Haplotype_B_Meth"
"NGS_H19_Hetero_Phased_Rep1","Read_931",0.0151114134261023,"Haplotype_A_Unmeth"
"NGS_H19_Hetero_Phased_Rep1","Read_932",0.0205509381207271,"Haplotype_A_Unmeth"
"NGS_H19_Hetero_Phased_Rep1","Read_933",0.0261632451695361,"Haplotype_A_Unmeth"
"NGS_H19_Hetero_Phased_Rep1","Read_934",0.019822318674408,"Haplotype_A_Unmeth"
"NGS_H19_Hetero_Phased_Rep1","Read_935",0.0130714624682543,"Haplotype_A_Unmeth"
"NGS_H19_Hetero_Phased_Rep1","Read_936",0.0194675599037755,"Haplotype_A_Unmeth"
"NGS_H19_Hetero_Phased_Rep1","Read_937",0.984425591001565,"Haplotype_B_Meth"
"NGS_H19_Hetero_Phased_Rep1","Read_938",0.986328372040604,"Haplotype_B_Meth"
"NGS_H19_Hetero_Phased_Rep1","Read_939",0.984304226682116,"Haplotype_B_Meth"
"NGS_H19_Hetero_Phased_Rep1","Read_940",0.980858054794111,"Haplotype_B_Meth"
"NGS_H19_Hetero_Phased_Rep1","Read_941",0.978733246710054,"Haplotype_B_Meth"
"NGS_H19_Hetero_Phased_Rep1","Read_942",0.97700582142099,"Haplotype_B_Meth"
"NGS_H19_Hetero_Phased_Rep1","Read_943",0.0185109895870161,"Haplotype_A_Unmeth"
"NGS_H19_Hetero_Phased_Rep1","Read_944",0.0184261803268183,"Haplotype_A_Unmeth"
"NGS_H19_Hetero_Phased_Rep1","Read_945",0.0279110535903742,"Haplotype_A_Unmeth"
"NGS_H19_Hetero_Phased_Rep1","Read_946",0.0178642956354788,"Haplotype_A_Unmeth"
"NGS_H19_Hetero_Phased_Rep1","Read_947",0.0176376440766101,"Haplotype_A_Unmeth"
"NGS_H19_Hetero_Phased_Rep1","Read_948",0.977865518807327,"Haplotype_B_Meth"
"NGS_H19_Hetero_Phased_Rep1","Read_949",0.980790162528075,"Haplotype_B_Meth"
"NGS_H19_Hetero_Phased_Rep1","Read_950",0.988543786375095,"Haplotype_B_Meth"
"NGS_H19_Hetero_Phased_Rep1","Read_951",0.0118789386909605,"Haplotype_A_Unmeth"
"NGS_H19_Hetero_Phased_Rep1","Read_952",0.0190901650982082,"Haplotype_A_Unmeth"
"NGS_H19_Hetero_Phased_Rep1","Read_953",0.0213417967363693,"Haplotype_A_Unmeth"
"NGS_H19_Hetero_Phased_Rep1","Read_954",0.976706237822319,"Haplotype_B_Meth"
"NGS_H19_Hetero_Phased_Rep1","Read_955",0.980415418751035,"Haplotype_B_Meth"
"NGS_H19_Hetero_Phased_Rep1","Read_956",0.980708573474002,"Haplotype_B_Meth"
"NGS_H19_Hetero_Phased_Rep1","Read_957",0.985827376743907,"Haplotype_B_Meth"
"NGS_H19_Hetero_Phased_Rep1","Read_958",0.975471392810279,"Haplotype_B_Meth"
"NGS_H19_Hetero_Phased_Rep1","Read_959",0.977485416425366,"Haplotype_B_Meth"
"NGS_H19_Hetero_Phased_Rep1","Read_960",0.983522518613018,"Haplotype_B_Meth"
"NGS_H19_Hetero_Phased_Rep1","Read_961",0.983631314485071,"Haplotype_B_Meth"
"NGS_H19_Hetero_Phased_Rep1","Read_962",0.0283552911603397,"Haplotype_A_Unmeth"
"NGS_H19_Hetero_Phased_Rep1","Read_963",0.022158227579272,"Haplotype_A_Unmeth"
"NGS_H19_Hetero_Phased_Rep1","Read_964",0.0171140259026612,"Haplotype_A_Unmeth"
"NGS_H19_Hetero_Phased_Rep1","Read_965",0.983563842829412,"Haplotype_B_Meth"
"NGS_H19_Hetero_Phased_Rep1","Read_966",0.0192352294947641,"Haplotype_A_Unmeth"
"NGS_H19_Hetero_Phased_Rep1","Read_967",0.979767836451222,"Haplotype_B_Meth"
"NGS_H19_Hetero_Phased_Rep1","Read_968",0.988433000998708,"Haplotype_B_Meth"
"NGS_H19_Hetero_Phased_Rep1","Read_969",0.0282725506113851,"Haplotype_A_Unmeth"
"NGS_H19_Hetero_Phased_Rep1","Read_970",0.982867247364011,"Haplotype_B_Meth"
"NGS_H19_Hetero_Phased_Rep1","Read_971",0.981822401200307,"Haplotype_B_Meth"
"NGS_H19_Hetero_Phased_Rep1","Read_972",0.983887987775693,"Haplotype_B_Meth"
"NGS_H19_Hetero_Phased_Rep1","Read_973",0.0133464054888529,"Haplotype_A_Unmeth"
"NGS_H19_Hetero_Phased_Rep1","Read_974",0.981727074868387,"Haplotype_B_Meth"
"NGS_H19_Hetero_Phased_Rep1","Read_975",0.985670960511748,"Haplotype_B_Meth"
"NGS_H19_Hetero_Phased_Rep1","Read_976",0.0136150511335085,"Haplotype_A_Unmeth"
"NGS_H19_Hetero_Phased_Rep1","Read_977",0.0143116501671125,"Haplotype_A_Unmeth"
"NGS_H19_Hetero_Phased_Rep1","Read_978",0.0159591942452827,"Haplotype_A_Unmeth"
"NGS_H19_Hetero_Phased_Rep1","Read_979",0.0228823105012908,"Haplotype_A_Unmeth"
"NGS_H19_Hetero_Phased_Rep1","Read_980",0.0191528333125634,"Haplotype_A_Unmeth"
"NGS_H19_Hetero_Phased_Rep1","Read_981",0.976504989473169,"Haplotype_B_Meth"
"NGS_H19_Hetero_Phased_Rep1","Read_982",0.976591349316736,"Haplotype_B_Meth"
"NGS_H19_Hetero_Phased_Rep1","Read_983",0.975396956928901,"Haplotype_B_Meth"
"NGS_H19_Hetero_Phased_Rep1","Read_984",0.0126697404831584,"Haplotype_A_Unmeth"
"NGS_H19_Hetero_Phased_Rep1","Read_985",0.976129830205789,"Haplotype_B_Meth"
"NGS_H19_Hetero_Phased_Rep1","Read_986",0.982818410788339,"Haplotype_B_Meth"
"NGS_H19_Hetero_Phased_Rep1","Read_987",0.983889417738059,"Haplotype_B_Meth"
"NGS_H19_Hetero_Phased_Rep1","Read_988",0.982644715720704,"Haplotype_B_Meth"
"NGS_H19_Hetero_Phased_Rep1","Read_989",0.974985561386842,"Haplotype_B_Meth"
"NGS_H19_Hetero_Phased_Rep1","Read_990",0.979004857521832,"Haplotype_B_Meth"
"NGS_H19_Hetero_Phased_Rep1","Read_991",0.971415435115434,"Haplotype_B_Meth"
"NGS_H19_Hetero_Phased_Rep1","Read_992",0.976326268173042,"Haplotype_B_Meth"
"NGS_H19_Hetero_Phased_Rep1","Read_993",0.0128176783731515,"Haplotype_A_Unmeth"
"NGS_H19_Hetero_Phased_Rep1","Read_994",0.0166377260720211,"Haplotype_A_Unmeth"
"NGS_H19_Hetero_Phased_Rep1","Read_995",0.0198788141051185,"Haplotype_A_Unmeth"
"NGS_H19_Hetero_Phased_Rep1","Read_996",0.978937383744034,"Haplotype_B_Meth"
"NGS_H19_Hetero_Phased_Rep1","Read_997",0.97795707147615,"Haplotype_B_Meth"
"NGS_H19_Hetero_Phased_Rep1","Read_998",0.981117627692172,"Haplotype_B_Meth"
"NGS_H19_Hetero_Phased_Rep1","Read_999",0.983563709852454,"Haplotype_B_Meth"
"NGS_H19_Hetero_Phased_Rep1","Read_1000",0.02202714572991,"Haplotype_A_Unmeth"
"NGS_H19_Hetero_Phased_Rep1","Read_1001",0.0214606259035966,"Haplotype_A_Unmeth"
"NGS_H19_Hetero_Phased_Rep1","Read_1002",0.0212633877863693,"Haplotype_A_Unmeth"
"NGS_H19_Hetero_Phased_Rep1","Read_1003",0.980240242156367,"Haplotype_B_Meth"
"NGS_H19_Hetero_Phased_Rep1","Read_1004",0.986054300583765,"Haplotype_B_Meth"
"NGS_H19_Hetero_Phased_Rep1","Read_1005",0.0177061003239246,"Haplotype_A_Unmeth"
"NGS_H19_Hetero_Phased_Rep1","Read_1006",0.0122367882016427,"Haplotype_A_Unmeth"
"NGS_H19_Hetero_Phased_Rep1","Read_1007",0.0184443914832314,"Haplotype_A_Unmeth"
"NGS_H19_Hetero_Phased_Rep1","Read_1008",0.0208096872450155,"Haplotype_A_Unmeth"
"NGS_H19_Hetero_Phased_Rep1","Read_1009",0.981640304599261,"Haplotype_B_Meth"
"NGS_H19_Hetero_Phased_Rep1","Read_1010",0.972781637002432,"Haplotype_B_Meth"
"NGS_H19_Hetero_Phased_Rep1","Read_1011",0.976733932911145,"Haplotype_B_Meth"
"NGS_H19_Hetero_Phased_Rep1","Read_1012",0.0144599079967189,"Haplotype_A_Unmeth"
"NGS_H19_Hetero_Phased_Rep1","Read_1013",0.979924824606164,"Haplotype_B_Meth"
"NGS_H19_Hetero_Phased_Rep1","Read_1014",0.021860363944161,"Haplotype_A_Unmeth"
"NGS_H19_Hetero_Phased_Rep1","Read_1015",0.0214848119509036,"Haplotype_A_Unmeth"
"NGS_H19_Hetero_Phased_Rep1","Read_1016",0.0199472285006915,"Haplotype_A_Unmeth"
"NGS_H19_Hetero_Phased_Rep1","Read_1017",0.977761736220748,"Haplotype_B_Meth"
"NGS_H19_Hetero_Phased_Rep1","Read_1018",0.964328784745852,"Haplotype_B_Meth"
"NGS_H19_Hetero_Phased_Rep1","Read_1019",0.0171501947706431,"Haplotype_A_Unmeth"
"NGS_H19_Hetero_Phased_Rep1","Read_1020",0.97694199564756,"Haplotype_B_Meth"
"NGS_H19_Hetero_Phased_Rep1","Read_1021",0.0218152521301324,"Haplotype_A_Unmeth"
"NGS_H19_Hetero_Phased_Rep1","Read_1022",0.977829746577363,"Haplotype_B_Meth"
"NGS_H19_Hetero_Phased_Rep1","Read_1023",0.976937966303467,"Haplotype_B_Meth"
"NGS_H19_Hetero_Phased_Rep1","Read_1024",0.0126358419223285,"Haplotype_A_Unmeth"
"NGS_H19_Hetero_Phased_Rep1","Read_1025",0.975404533690325,"Haplotype_B_Meth"
"NGS_H19_Hetero_Phased_Rep1","Read_1026",0.0195426723110554,"Haplotype_A_Unmeth"
"NGS_H19_Hetero_Phased_Rep1","Read_1027",0.982483213519136,"Haplotype_B_Meth"
"NGS_H19_Hetero_Phased_Rep1","Read_1028",0.978164306315171,"Haplotype_B_Meth"
"NGS_H19_Hetero_Phased_Rep1","Read_1029",0.016066188479113,"Haplotype_A_Unmeth"
"NGS_H19_Hetero_Phased_Rep1","Read_1030",0.0177811131380752,"Haplotype_A_Unmeth"
"NGS_H19_Hetero_Phased_Rep1","Read_1031",0.983016261718852,"Haplotype_B_Meth"
"NGS_H19_Hetero_Phased_Rep1","Read_1032",0.0159992456145949,"Haplotype_A_Unmeth"
"NGS_H19_Hetero_Phased_Rep1","Read_1033",0.0210509835065451,"Haplotype_A_Unmeth"
"NGS_H19_Hetero_Phased_Rep1","Read_1034",0.981027221470148,"Haplotype_B_Meth"
"NGS_H19_Hetero_Phased_Rep1","Read_1035",0.0180144163466922,"Haplotype_A_Unmeth"
"NGS_H19_Hetero_Phased_Rep1","Read_1036",0.0259238881643189,"Haplotype_A_Unmeth"
"NGS_H19_Hetero_Phased_Rep1","Read_1037",0.0314686014972609,"Haplotype_A_Unmeth"
"NGS_H19_Hetero_Phased_Rep1","Read_1038",0.0213429957474705,"Haplotype_A_Unmeth"
"NGS_H19_Hetero_Phased_Rep1","Read_1039",0.0257180265833309,"Haplotype_A_Unmeth"
"NGS_H19_Hetero_Phased_Rep1","Read_1040",0.983480130832769,"Haplotype_B_Meth"
"NGS_H19_Hetero_Phased_Rep1","Read_1041",0.0167228292333609,"Haplotype_A_Unmeth"
"NGS_H19_Hetero_Phased_Rep1","Read_1042",0.984079316454496,"Haplotype_B_Meth"
"NGS_H19_Hetero_Phased_Rep1","Read_1043",0.978745015156624,"Haplotype_B_Meth"
"NGS_H19_Hetero_Phased_Rep1","Read_1044",0.979427146781975,"Haplotype_B_Meth"
"NGS_H19_Hetero_Phased_Rep1","Read_1045",0.979937978659381,"Haplotype_B_Meth"
"NGS_H19_Hetero_Phased_Rep1","Read_1046",0.985807694329259,"Haplotype_B_Meth"
"NGS_H19_Hetero_Phased_Rep1","Read_1047",0.97579295237777,"Haplotype_B_Meth"
"NGS_H19_Hetero_Phased_Rep1","Read_1048",0.985961802888223,"Haplotype_B_Meth"
"NGS_H19_Hetero_Phased_Rep1","Read_1049",0.00764490824870402,"Haplotype_A_Unmeth"
"NGS_H19_Hetero_Phased_Rep1","Read_1050",0.979313567473298,"Haplotype_B_Meth"
"NGS_H19_Hetero_Phased_Rep1","Read_1051",0.0295093941659967,"Haplotype_A_Unmeth"
"NGS_H19_Hetero_Phased_Rep1","Read_1052",0.982010828467015,"Haplotype_B_Meth"
"NGS_H19_Hetero_Phased_Rep1","Read_1053",0.0163601060753141,"Haplotype_A_Unmeth"
"NGS_H19_Hetero_Phased_Rep1","Read_1054",0.983168750830593,"Haplotype_B_Meth"
"NGS_H19_Hetero_Phased_Rep1","Read_1055",0.985740393219537,"Haplotype_B_Meth"
"NGS_H19_Hetero_Phased_Rep1","Read_1056",0.0176616658668791,"Haplotype_A_Unmeth"
"NGS_H19_Hetero_Phased_Rep1","Read_1057",0.977553434345116,"Haplotype_B_Meth"
"NGS_H19_Hetero_Phased_Rep1","Read_1058",0.0215937941267587,"Haplotype_A_Unmeth"
"NGS_H19_Hetero_Phased_Rep1","Read_1059",0.971680989402798,"Haplotype_B_Meth"
"NGS_H19_Hetero_Phased_Rep1","Read_1060",0.981431630131756,"Haplotype_B_Meth"
"NGS_H19_Hetero_Phased_Rep1","Read_1061",0.017614303410128,"Haplotype_A_Unmeth"
"NGS_H19_Hetero_Phased_Rep1","Read_1062",0.0188630469945401,"Haplotype_A_Unmeth"
"NGS_H19_Hetero_Phased_Rep1","Read_1063",0.97395004982231,"Haplotype_B_Meth"
"NGS_H19_Hetero_Phased_Rep1","Read_1064",0.0164405333632112,"Haplotype_A_Unmeth"
"NGS_H19_Hetero_Phased_Rep1","Read_1065",0.0166028259124581,"Haplotype_A_Unmeth"
"NGS_H19_Hetero_Phased_Rep1","Read_1066",0.978069310732332,"Haplotype_B_Meth"
"NGS_H19_Hetero_Phased_Rep1","Read_1067",0.983179757490509,"Haplotype_B_Meth"
"NGS_H19_Hetero_Phased_Rep1","Read_1068",0.0165171103813647,"Haplotype_A_Unmeth"
"NGS_H19_Hetero_Phased_Rep1","Read_1069",0.977556543239288,"Haplotype_B_Meth"
"NGS_H19_Hetero_Phased_Rep1","Read_1070",0.00809122783155582,"Haplotype_A_Unmeth"
"NGS_H19_Hetero_Phased_Rep1","Read_1071",0.973344280549707,"Haplotype_B_Meth"
"NGS_H19_Hetero_Phased_Rep1","Read_1072",0.0211066939661328,"Haplotype_A_Unmeth"
"NGS_H19_Hetero_Phased_Rep1","Read_1073",0.983231796209269,"Haplotype_B_Meth"
"NGS_H19_Hetero_Phased_Rep1","Read_1074",0.020230459363552,"Haplotype_A_Unmeth"
"NGS_H19_Hetero_Phased_Rep1","Read_1075",0.983300669430814,"Haplotype_B_Meth"
"NGS_H19_Hetero_Phased_Rep1","Read_1076",0.0208449516100477,"Haplotype_A_Unmeth"
"NGS_H19_Hetero_Phased_Rep1","Read_1077",0.979866568239726,"Haplotype_B_Meth"
"NGS_H19_Hetero_Phased_Rep1","Read_1078",0.981739557962915,"Haplotype_B_Meth"
"NGS_H19_Hetero_Phased_Rep1","Read_1079",0.981061490172205,"Haplotype_B_Meth"
"NGS_H19_Hetero_Phased_Rep1","Read_1080",0.9778687234606,"Haplotype_B_Meth"
"NGS_H19_Hetero_Phased_Rep1","Read_1081",0.0111133138514843,"Haplotype_A_Unmeth"
"NGS_H19_Hetero_Phased_Rep1","Read_1082",0.974554910187729,"Haplotype_B_Meth"
"NGS_H19_Hetero_Phased_Rep1","Read_1083",0.971030294419258,"Haplotype_B_Meth"
"NGS_H19_Hetero_Phased_Rep1","Read_1084",0.0194305854980692,"Haplotype_A_Unmeth"
"NGS_H19_Hetero_Phased_Rep1","Read_1085",0.0164545558066947,"Haplotype_A_Unmeth"
"NGS_H19_Hetero_Phased_Rep1","Read_1086",0.978543951869659,"Haplotype_B_Meth"
"NGS_H19_Hetero_Phased_Rep1","Read_1087",0.0208721789782876,"Haplotype_A_Unmeth"
"NGS_H19_Hetero_Phased_Rep1","Read_1088",0.0201548705489694,"Haplotype_A_Unmeth"
"NGS_H19_Hetero_Phased_Rep1","Read_1089",0.0231515047739865,"Haplotype_A_Unmeth"
"NGS_H19_Hetero_Phased_Rep1","Read_1090",0.0200571690951626,"Haplotype_A_Unmeth"
"NGS_H19_Hetero_Phased_Rep1","Read_1091",0.0180951795577968,"Haplotype_A_Unmeth"
"NGS_H19_Hetero_Phased_Rep1","Read_1092",0.0187953515240975,"Haplotype_A_Unmeth"
"NGS_H19_Hetero_Phased_Rep1","Read_1093",0.0196666449881969,"Haplotype_A_Unmeth"
"NGS_H19_Hetero_Phased_Rep1","Read_1094",0.985497071730692,"Haplotype_B_Meth"
"NGS_H19_Hetero_Phased_Rep1","Read_1095",0.984971128105092,"Haplotype_B_Meth"
"NGS_H19_Hetero_Phased_Rep1","Read_1096",0.0147797662457024,"Haplotype_A_Unmeth"
"NGS_H19_Hetero_Phased_Rep1","Read_1097",0.0193773496703876,"Haplotype_A_Unmeth"
"NGS_H19_Hetero_Phased_Rep1","Read_1098",0.0227447670955083,"Haplotype_A_Unmeth"
"NGS_H19_Hetero_Phased_Rep1","Read_1099",0.0209860925451371,"Haplotype_A_Unmeth"
"NGS_H19_Hetero_Phased_Rep1","Read_1100",0.979983410028469,"Haplotype_B_Meth"
"NGS_H19_Hetero_Phased_Rep1","Read_1101",0.0157159783138259,"Haplotype_A_Unmeth"
"NGS_H19_Hetero_Phased_Rep1","Read_1102",0.978683824508984,"Haplotype_B_Meth"
"NGS_H19_Hetero_Phased_Rep1","Read_1103",0.0259392434436902,"Haplotype_A_Unmeth"
"NGS_H19_Hetero_Phased_Rep1","Read_1104",0.0255473654293615,"Haplotype_A_Unmeth"
"NGS_H19_Hetero_Phased_Rep1","Read_1105",0.981122658556353,"Haplotype_B_Meth"
"NGS_H19_Hetero_Phased_Rep1","Read_1106",0.0267305119925844,"Haplotype_A_Unmeth"
"NGS_H19_Hetero_Phased_Rep1","Read_1107",0.0134712535666079,"Haplotype_A_Unmeth"
"NGS_H19_Hetero_Phased_Rep1","Read_1108",0.0169425139509812,"Haplotype_A_Unmeth"
"NGS_H19_Hetero_Phased_Rep1","Read_1109",0.018204459026967,"Haplotype_A_Unmeth"
"NGS_H19_Hetero_Phased_Rep1","Read_1110",0.97918231036534,"Haplotype_B_Meth"
"NGS_H19_Hetero_Phased_Rep1","Read_1111",0.0217622915659844,"Haplotype_A_Unmeth"
"NGS_H19_Hetero_Phased_Rep1","Read_1112",0.0237779725142994,"Haplotype_A_Unmeth"
"NGS_H19_Hetero_Phased_Rep1","Read_1113",0.0189789974434644,"Haplotype_A_Unmeth"
"NGS_H19_Hetero_Phased_Rep1","Read_1114",0.984998538874857,"Haplotype_B_Meth"
"NGS_H19_Hetero_Phased_Rep1","Read_1115",0.983688520801333,"Haplotype_B_Meth"
"NGS_H19_Hetero_Phased_Rep1","Read_1116",0.031084416152212,"Haplotype_A_Unmeth"
"NGS_H19_Hetero_Phased_Rep1","Read_1117",0.0215686656123512,"Haplotype_A_Unmeth"
"NGS_H19_Hetero_Phased_Rep1","Read_1118",0.974974278658797,"Haplotype_B_Meth"
"NGS_H19_Hetero_Phased_Rep1","Read_1119",0.0218616572903013,"Haplotype_A_Unmeth"
"NGS_H19_Hetero_Phased_Rep1","Read_1120",0.976893718777671,"Haplotype_B_Meth"
"NGS_H19_Hetero_Phased_Rep1","Read_1121",0.977377222844917,"Haplotype_B_Meth"
"NGS_H19_Hetero_Phased_Rep1","Read_1122",0.0244645692299404,"Haplotype_A_Unmeth"
"NGS_H19_Hetero_Phased_Rep1","Read_1123",0.980966283984699,"Haplotype_B_Meth"
"NGS_H19_Hetero_Phased_Rep1","Read_1124",0.981623269372963,"Haplotype_B_Meth"
"NGS_H19_Hetero_Phased_Rep1","Read_1125",0.0184455930699165,"Haplotype_A_Unmeth"
"NGS_H19_Hetero_Phased_Rep1","Read_1126",0.0219813672961172,"Haplotype_A_Unmeth"
"NGS_H19_Hetero_Phased_Rep1","Read_1127",0.978689001836725,"Haplotype_B_Meth"
"NGS_H19_Hetero_Phased_Rep1","Read_1128",0.983403760797873,"Haplotype_B_Meth"
"NGS_H19_Hetero_Phased_Rep1","Read_1129",0.0205578721658499,"Haplotype_A_Unmeth"
"NGS_H19_Hetero_Phased_Rep1","Read_1130",0.0207683218556684,"Haplotype_A_Unmeth"
"NGS_H19_Hetero_Phased_Rep1","Read_1131",0.0177833422110221,"Haplotype_A_Unmeth"
"NGS_H19_Hetero_Phased_Rep1","Read_1132",0.0196075191275999,"Haplotype_A_Unmeth"
"NGS_H19_Hetero_Phased_Rep1","Read_1133",0.97819068653719,"Haplotype_B_Meth"
"NGS_H19_Hetero_Phased_Rep1","Read_1134",0.0235862117101605,"Haplotype_A_Unmeth"
"NGS_H19_Hetero_Phased_Rep1","Read_1135",0.0184458062127702,"Haplotype_A_Unmeth"
"NGS_H19_Hetero_Phased_Rep1","Read_1136",0.986148602013934,"Haplotype_B_Meth"
"NGS_H19_Hetero_Phased_Rep1","Read_1137",0.983710516600343,"Haplotype_B_Meth"
"NGS_H19_Hetero_Phased_Rep1","Read_1138",0.983873784136367,"Haplotype_B_Meth"
"NGS_H19_Hetero_Phased_Rep1","Read_1139",0.972817628261633,"Haplotype_B_Meth"
"NGS_H19_Hetero_Phased_Rep1","Read_1140",0.0147763323469653,"Haplotype_A_Unmeth"
"NGS_H19_Hetero_Phased_Rep1","Read_1141",0.980798350037701,"Haplotype_B_Meth"
"NGS_H19_Hetero_Phased_Rep1","Read_1142",0.0142961220683475,"Haplotype_A_Unmeth"
"NGS_H19_Hetero_Phased_Rep1","Read_1143",0.0321155621564773,"Haplotype_A_Unmeth"
"NGS_H19_Hetero_Phased_Rep1","Read_1144",0.0150383562111495,"Haplotype_A_Unmeth"
"NGS_H19_Hetero_Phased_Rep1","Read_1145",0.0153742327288069,"Haplotype_A_Unmeth"
"NGS_H19_Hetero_Phased_Rep1","Read_1146",0.983967153378498,"Haplotype_B_Meth"
"NGS_H19_Hetero_Phased_Rep1","Read_1147",0.0152300309559262,"Haplotype_A_Unmeth"
"NGS_H19_Hetero_Phased_Rep1","Read_1148",0.0233337544172037,"Haplotype_A_Unmeth"
"NGS_H19_Hetero_Phased_Rep1","Read_1149",0.982030133957703,"Haplotype_B_Meth"
"NGS_H19_Hetero_Phased_Rep1","Read_1150",0.0244058572022413,"Haplotype_A_Unmeth"
"NGS_H19_Hetero_Phased_Rep1","Read_1151",0.979978872465451,"Haplotype_B_Meth"
"NGS_H19_Hetero_Phased_Rep1","Read_1152",0.0237347720190665,"Haplotype_A_Unmeth"
"NGS_H19_Hetero_Phased_Rep1","Read_1153",0.0202724369629168,"Haplotype_A_Unmeth"
"NGS_H19_Hetero_Phased_Rep1","Read_1154",0.0191368436640859,"Haplotype_A_Unmeth"
"NGS_H19_Hetero_Phased_Rep1","Read_1155",0.976030771358294,"Haplotype_B_Meth"
"NGS_H19_Hetero_Phased_Rep1","Read_1156",0.0168993589869293,"Haplotype_A_Unmeth"
"NGS_H19_Hetero_Phased_Rep1","Read_1157",0.0181120488810889,"Haplotype_A_Unmeth"
"NGS_H19_Hetero_Phased_Rep1","Read_1158",0.0207234078025597,"Haplotype_A_Unmeth"
"NGS_H19_Hetero_Phased_Rep1","Read_1159",0.0230106600972121,"Haplotype_A_Unmeth"
"NGS_H19_Hetero_Phased_Rep1","Read_1160",0.0183759845472452,"Haplotype_A_Unmeth"
"NGS_H19_Hetero_Phased_Rep1","Read_1161",0.0208635948224584,"Haplotype_A_Unmeth"
"NGS_H19_Hetero_Phased_Rep1","Read_1162",0.0205185429648044,"Haplotype_A_Unmeth"
"NGS_H19_Hetero_Phased_Rep1","Read_1163",0.982088903076095,"Haplotype_B_Meth"
"NGS_H19_Hetero_Phased_Rep1","Read_1164",0.0153552103172102,"Haplotype_A_Unmeth"
"NGS_H19_Hetero_Phased_Rep1","Read_1165",0.985187171573301,"Haplotype_B_Meth"
"NGS_H19_Hetero_Phased_Rep1","Read_1166",0.976459643626853,"Haplotype_B_Meth"
"NGS_H19_Hetero_Phased_Rep1","Read_1167",0.0226151760167067,"Haplotype_A_Unmeth"
"NGS_H19_Hetero_Phased_Rep1","Read_1168",0.971518342477736,"Haplotype_B_Meth"
"NGS_H19_Hetero_Phased_Rep1","Read_1169",0.978521206411069,"Haplotype_B_Meth"
"NGS_H19_Hetero_Phased_Rep1","Read_1170",0.0260792538827117,"Haplotype_A_Unmeth"
"NGS_H19_Hetero_Phased_Rep1","Read_1171",0.984779706941013,"Haplotype_B_Meth"
"NGS_H19_Hetero_Phased_Rep1","Read_1172",0.0172620755181166,"Haplotype_A_Unmeth"
"NGS_H19_Hetero_Phased_Rep1","Read_1173",0.0238819523109421,"Haplotype_A_Unmeth"
"NGS_H19_Hetero_Phased_Rep1","Read_1174",0.978267519055119,"Haplotype_B_Meth"
"NGS_H19_Hetero_Phased_Rep1","Read_1175",0.0185149630255963,"Haplotype_A_Unmeth"
"NGS_H19_Hetero_Phased_Rep1","Read_1176",0.977871754373018,"Haplotype_B_Meth"
"NGS_H19_Hetero_Phased_Rep1","Read_1177",0.0293463964678177,"Haplotype_A_Unmeth"
"NGS_H19_Hetero_Phased_Rep1","Read_1178",0.971155971044172,"Haplotype_B_Meth"
"NGS_H19_Hetero_Phased_Rep1","Read_1179",0.0172056958130955,"Haplotype_A_Unmeth"
"NGS_H19_Hetero_Phased_Rep1","Read_1180",0.0221585673136266,"Haplotype_A_Unmeth"
"NGS_H19_Hetero_Phased_Rep1","Read_1181",0.0173167200752291,"Haplotype_A_Unmeth"
"NGS_H19_Hetero_Phased_Rep1","Read_1182",0.0146360428743607,"Haplotype_A_Unmeth"
"NGS_H19_Hetero_Phased_Rep1","Read_1183",0.0160338163807483,"Haplotype_A_Unmeth"
"NGS_H19_Hetero_Phased_Rep1","Read_1184",0.0197765993388033,"Haplotype_A_Unmeth"
"NGS_H19_Hetero_Phased_Rep1","Read_1185",0.978568717739212,"Haplotype_B_Meth"
"NGS_H19_Hetero_Phased_Rep1","Read_1186",0.0158131404241188,"Haplotype_A_Unmeth"
"NGS_H19_Hetero_Phased_Rep1","Read_1187",0.983710768256974,"Haplotype_B_Meth"
"NGS_H19_Hetero_Phased_Rep1","Read_1188",0.977676560249482,"Haplotype_B_Meth"
"NGS_H19_Hetero_Phased_Rep1","Read_1189",0.0235390642717886,"Haplotype_A_Unmeth"
"NGS_H19_Hetero_Phased_Rep1","Read_1190",0.97397511065286,"Haplotype_B_Meth"
"NGS_H19_Hetero_Phased_Rep1","Read_1191",0.976051190685612,"Haplotype_B_Meth"
"NGS_H19_Hetero_Phased_Rep1","Read_1192",0.983960916822572,"Haplotype_B_Meth"
"NGS_H19_Hetero_Phased_Rep1","Read_1193",0.979267912405629,"Haplotype_B_Meth"
"NGS_H19_Hetero_Phased_Rep1","Read_1194",0.981847041273941,"Haplotype_B_Meth"
"NGS_H19_Hetero_Phased_Rep1","Read_1195",0.0184718890906873,"Haplotype_A_Unmeth"
"NGS_H19_Hetero_Phased_Rep1","Read_1196",0.978194448998975,"Haplotype_B_Meth"
"NGS_H19_Hetero_Phased_Rep1","Read_1197",0.980147328108157,"Haplotype_B_Meth"
"NGS_H19_Hetero_Phased_Rep1","Read_1198",0.0250220087618041,"Haplotype_A_Unmeth"
"NGS_H19_Hetero_Phased_Rep1","Read_1199",0.984207773204854,"Haplotype_B_Meth"
"NGS_H19_Hetero_Phased_Rep1","Read_1200",0.0281975654669343,"Haplotype_A_Unmeth"
"NGS_H19_Hetero_Phased_Rep1","Read_1201",0.0195801857526055,"Haplotype_A_Unmeth"
"NGS_H19_Hetero_Phased_Rep1","Read_1202",0.0232762318696605,"Haplotype_A_Unmeth"
"NGS_H19_Hetero_Phased_Rep1","Read_1203",0.0241558709138745,"Haplotype_A_Unmeth"
"NGS_H19_Hetero_Phased_Rep1","Read_1204",0.988055305446259,"Haplotype_B_Meth"
"NGS_H19_Hetero_Phased_Rep1","Read_1205",0.0144527643902207,"Haplotype_A_Unmeth"
"NGS_H19_Hetero_Phased_Rep1","Read_1206",0.023849215980788,"Haplotype_A_Unmeth"
"NGS_H19_Hetero_Phased_Rep1","Read_1207",0.0159186803293321,"Haplotype_A_Unmeth"
"NGS_H19_Hetero_Phased_Rep1","Read_1208",0.0253129158261891,"Haplotype_A_Unmeth"
"NGS_H19_Hetero_Phased_Rep1","Read_1209",0.0194683091134599,"Haplotype_A_Unmeth"
"NGS_H19_Hetero_Phased_Rep1","Read_1210",0.0142914266193449,"Haplotype_A_Unmeth"
"NGS_H19_Hetero_Phased_Rep1","Read_1211",0.978227954984833,"Haplotype_B_Meth"
"NGS_H19_Hetero_Phased_Rep1","Read_1212",0.979859815888448,"Haplotype_B_Meth"
"NGS_H19_Hetero_Phased_Rep1","Read_1213",0.978666922548033,"Haplotype_B_Meth"
"NGS_H19_Hetero_Phased_Rep1","Read_1214",0.0154699804692799,"Haplotype_A_Unmeth"
"NGS_H19_Hetero_Phased_Rep1","Read_1215",0.980744473843016,"Haplotype_B_Meth"
"NGS_H19_Hetero_Phased_Rep1","Read_1216",0.0256534659498915,"Haplotype_A_Unmeth"
"NGS_H19_Hetero_Phased_Rep1","Read_1217",0.97307080512971,"Haplotype_B_Meth"
"NGS_H19_Hetero_Phased_Rep1","Read_1218",0.0222254146635456,"Haplotype_A_Unmeth"
"NGS_H19_Hetero_Phased_Rep1","Read_1219",0.0157381825098123,"Haplotype_A_Unmeth"
"NGS_H19_Hetero_Phased_Rep1","Read_1220",0.0179949964398074,"Haplotype_A_Unmeth"
"NGS_H19_Hetero_Phased_Rep1","Read_1221",0.986511324080139,"Haplotype_B_Meth"
"NGS_H19_Hetero_Phased_Rep1","Read_1222",0.974217850712705,"Haplotype_B_Meth"
"NGS_H19_Hetero_Phased_Rep1","Read_1223",0.0186044479030016,"Haplotype_A_Unmeth"
"NGS_H19_Hetero_Phased_Rep1","Read_1224",0.0214011853270698,"Haplotype_A_Unmeth"
"NGS_H19_Hetero_Phased_Rep1","Read_1225",0.980533542337452,"Haplotype_B_Meth"
"NGS_H19_Hetero_Phased_Rep1","Read_1226",0.980582099627232,"Haplotype_B_Meth"
"NGS_H19_Hetero_Phased_Rep1","Read_1227",0.986151813525938,"Haplotype_B_Meth"
"NGS_H19_Hetero_Phased_Rep1","Read_1228",0.97720445304571,"Haplotype_B_Meth"
"NGS_H19_Hetero_Phased_Rep1","Read_1229",0.987655734530812,"Haplotype_B_Meth"
"NGS_H19_Hetero_Phased_Rep1","Read_1230",0.0138488961994209,"Haplotype_A_Unmeth"
"NGS_H19_Hetero_Phased_Rep1","Read_1231",0.975857896035273,"Haplotype_B_Meth"
"NGS_H19_Hetero_Phased_Rep1","Read_1232",0.976857640457309,"Haplotype_B_Meth"
"NGS_H19_Hetero_Phased_Rep1","Read_1233",0.966585114769077,"Haplotype_B_Meth"
"NGS_H19_Hetero_Phased_Rep1","Read_1234",0.020627838550173,"Haplotype_A_Unmeth"
"NGS_H19_Hetero_Phased_Rep1","Read_1235",0.0278107648510433,"Haplotype_A_Unmeth"
"NGS_H19_Hetero_Phased_Rep1","Read_1236",0.980947980523044,"Haplotype_B_Meth"
"NGS_H19_Hetero_Phased_Rep1","Read_1237",0.0247016189423359,"Haplotype_A_Unmeth"
"NGS_H19_Hetero_Phased_Rep1","Read_1238",0.0149407012840512,"Haplotype_A_Unmeth"
"NGS_H19_Hetero_Phased_Rep1","Read_1239",0.981409967382011,"Haplotype_B_Meth"
"NGS_H19_Hetero_Phased_Rep1","Read_1240",0.989282541814728,"Haplotype_B_Meth"
"NGS_H19_Hetero_Phased_Rep1","Read_1241",0.984685931180006,"Haplotype_B_Meth"
"NGS_H19_Hetero_Phased_Rep1","Read_1242",0.983082319864333,"Haplotype_B_Meth"
"NGS_H19_Hetero_Phased_Rep1","Read_1243",0.973303797854241,"Haplotype_B_Meth"
"NGS_H19_Hetero_Phased_Rep1","Read_1244",0.0167216332357745,"Haplotype_A_Unmeth"
"NGS_H19_Hetero_Phased_Rep1","Read_1245",0.980246578508829,"Haplotype_B_Meth"
"NGS_H19_Hetero_Phased_Rep1","Read_1246",0.0143275996936723,"Haplotype_A_Unmeth"
"NGS_H19_Hetero_Phased_Rep1","Read_1247",0.970581121146414,"Haplotype_B_Meth"
"NGS_H19_Hetero_Phased_Rep1","Read_1248",0.969526118428356,"Haplotype_B_Meth"
"NGS_H19_Hetero_Phased_Rep1","Read_1249",0.0130386456033814,"Haplotype_A_Unmeth"
"NGS_H19_Hetero_Phased_Rep1","Read_1250",0.0224037072374094,"Haplotype_A_Unmeth"
"NGS_H19_Hetero_Phased_Rep1","Read_1251",0.0250145823504828,"Haplotype_A_Unmeth"
"NGS_H19_Hetero_Phased_Rep1","Read_1252",0.0189356607643493,"Haplotype_A_Unmeth"
"NGS_H19_Hetero_Phased_Rep1","Read_1253",0.0231930879814644,"Haplotype_A_Unmeth"
"NGS_H19_Hetero_Phased_Rep1","Read_1254",0.982247205740377,"Haplotype_B_Meth"
"NGS_H19_Hetero_Phased_Rep1","Read_1255",0.973243064630719,"Haplotype_B_Meth"
"NGS_H19_Hetero_Phased_Rep1","Read_1256",0.0270358497165599,"Haplotype_A_Unmeth"
"NGS_H19_Hetero_Phased_Rep1","Read_1257",0.973756780081012,"Haplotype_B_Meth"
"NGS_H19_Hetero_Phased_Rep1","Read_1258",0.0187213292441914,"Haplotype_A_Unmeth"
"NGS_H19_Hetero_Phased_Rep1","Read_1259",0.979830909282287,"Haplotype_B_Meth"
"NGS_H19_Hetero_Phased_Rep1","Read_1260",0.975423577006177,"Haplotype_B_Meth"
"NGS_H19_Hetero_Phased_Rep1","Read_1261",0.981894677129272,"Haplotype_B_Meth"
"NGS_H19_Hetero_Phased_Rep1","Read_1262",0.981076021211121,"Haplotype_B_Meth"
"NGS_H19_Hetero_Phased_Rep1","Read_1263",0.0149606425186032,"Haplotype_A_Unmeth"
"NGS_H19_Hetero_Phased_Rep1","Read_1264",0.0158228658958914,"Haplotype_A_Unmeth"
"NGS_H19_Hetero_Phased_Rep1","Read_1265",0.983623497233339,"Haplotype_B_Meth"
"NGS_H19_Hetero_Phased_Rep1","Read_1266",0.972510595828051,"Haplotype_B_Meth"
"NGS_H19_Hetero_Phased_Rep1","Read_1267",0.982679728257153,"Haplotype_B_Meth"
"NGS_H19_Hetero_Phased_Rep1","Read_1268",0.976591677384821,"Haplotype_B_Meth"
"NGS_H19_Hetero_Phased_Rep1","Read_1269",0.0175442328314696,"Haplotype_A_Unmeth"
"NGS_H19_Hetero_Phased_Rep1","Read_1270",0.0267756422717231,"Haplotype_A_Unmeth"
"NGS_H19_Hetero_Phased_Rep1","Read_1271",0.981898140305369,"Haplotype_B_Meth"
"NGS_H19_Hetero_Phased_Rep1","Read_1272",0.983597616969327,"Haplotype_B_Meth"
"NGS_H19_Hetero_Phased_Rep1","Read_1273",0.0264299500809435,"Haplotype_A_Unmeth"
"NGS_H19_Hetero_Phased_Rep1","Read_1274",0.0164616744471167,"Haplotype_A_Unmeth"
"NGS_H19_Hetero_Phased_Rep1","Read_1275",0.985997765243133,"Haplotype_B_Meth"
"NGS_H19_Hetero_Phased_Rep1","Read_1276",0.0180783981197433,"Haplotype_A_Unmeth"
"NGS_H19_Hetero_Phased_Rep1","Read_1277",0.0206747026670025,"Haplotype_A_Unmeth"
"NGS_H19_Hetero_Phased_Rep1","Read_1278",0.976247522229196,"Haplotype_B_Meth"
"NGS_H19_Hetero_Phased_Rep1","Read_1279",0.0262408779704871,"Haplotype_A_Unmeth"
"NGS_H19_Hetero_Phased_Rep1","Read_1280",0.0243709969639994,"Haplotype_A_Unmeth"
"NGS_H19_Hetero_Phased_Rep1","Read_1281",0.98138444953424,"Haplotype_B_Meth"
"NGS_H19_Hetero_Phased_Rep1","Read_1282",0.983440226402637,"Haplotype_B_Meth"
"NGS_H19_Hetero_Phased_Rep1","Read_1283",0.985125745071871,"Haplotype_B_Meth"
"NGS_H19_Hetero_Phased_Rep1","Read_1284",0.979333246653502,"Haplotype_B_Meth"
"NGS_H19_Hetero_Phased_Rep1","Read_1285",0.0223214342737347,"Haplotype_A_Unmeth"
"NGS_H19_Hetero_Phased_Rep1","Read_1286",0.0164090712327858,"Haplotype_A_Unmeth"
"NGS_H19_Hetero_Phased_Rep1","Read_1287",0.981413323561096,"Haplotype_B_Meth"
"NGS_H19_Hetero_Phased_Rep1","Read_1288",0.0188623451372005,"Haplotype_A_Unmeth"
"NGS_H19_Hetero_Phased_Rep1","Read_1289",0.0208257081934441,"Haplotype_A_Unmeth"
"NGS_H19_Hetero_Phased_Rep1","Read_1290",0.0219696455503891,"Haplotype_A_Unmeth"
"NGS_H19_Hetero_Phased_Rep1","Read_1291",0.981234870118682,"Haplotype_B_Meth"
"NGS_H19_Hetero_Phased_Rep1","Read_1292",0.983260715867838,"Haplotype_B_Meth"
"NGS_H19_Hetero_Phased_Rep1","Read_1293",0.987689946432204,"Haplotype_B_Meth"
"NGS_H19_Hetero_Phased_Rep1","Read_1294",0.0199399307907664,"Haplotype_A_Unmeth"
"NGS_H19_Hetero_Phased_Rep1","Read_1295",0.0173067216078407,"Haplotype_A_Unmeth"
"NGS_H19_Hetero_Phased_Rep1","Read_1296",0.0170963237757283,"Haplotype_A_Unmeth"
"NGS_H19_Hetero_Phased_Rep1","Read_1297",0.0154812426250139,"Haplotype_A_Unmeth"
"NGS_H19_Hetero_Phased_Rep1","Read_1298",0.0201161923875378,"Haplotype_A_Unmeth"
"NGS_H19_Hetero_Phased_Rep1","Read_1299",0.0204476657737861,"Haplotype_A_Unmeth"
"NGS_H19_Hetero_Phased_Rep1","Read_1300",0.972352695248416,"Haplotype_B_Meth"
"NGS_H19_Hetero_Phased_Rep1","Read_1301",0.0243998089769409,"Haplotype_A_Unmeth"
"NGS_H19_Hetero_Phased_Rep1","Read_1302",0.0177917928300893,"Haplotype_A_Unmeth"
"NGS_H19_Hetero_Phased_Rep1","Read_1303",0.972708800275595,"Haplotype_B_Meth"
"NGS_H19_Hetero_Phased_Rep1","Read_1304",0.981548636747915,"Haplotype_B_Meth"
"NGS_H19_Hetero_Phased_Rep1","Read_1305",0.0154136314450721,"Haplotype_A_Unmeth"
"NGS_H19_Hetero_Phased_Rep1","Read_1306",0.0240801330863214,"Haplotype_A_Unmeth"
"NGS_H19_Hetero_Phased_Rep1","Read_1307",0.0281145954477308,"Haplotype_A_Unmeth"
"NGS_H19_Hetero_Phased_Rep1","Read_1308",0.979692477637166,"Haplotype_B_Meth"
"NGS_H19_Hetero_Phased_Rep1","Read_1309",0.0247616567034102,"Haplotype_A_Unmeth"
"NGS_H19_Hetero_Phased_Rep1","Read_1310",0.987397551017995,"Haplotype_B_Meth"
"NGS_H19_Hetero_Phased_Rep1","Read_1311",0.973877011457796,"Haplotype_B_Meth"
"NGS_H19_Hetero_Phased_Rep1","Read_1312",0.974731655532473,"Haplotype_B_Meth"
"NGS_H19_Hetero_Phased_Rep1","Read_1313",0.977177892793598,"Haplotype_B_Meth"
"NGS_H19_Hetero_Phased_Rep1","Read_1314",0.0235745508607248,"Haplotype_A_Unmeth"
"NGS_H19_Hetero_Phased_Rep1","Read_1315",0.980529011016194,"Haplotype_B_Meth"
"NGS_H19_Hetero_Phased_Rep1","Read_1316",0.977462207214315,"Haplotype_B_Meth"
"NGS_H19_Hetero_Phased_Rep1","Read_1317",0.0256854018331702,"Haplotype_A_Unmeth"
"NGS_H19_Hetero_Phased_Rep1","Read_1318",0.975917993275776,"Haplotype_B_Meth"
"NGS_H19_Hetero_Phased_Rep1","Read_1319",0.0190280084001385,"Haplotype_A_Unmeth"
"NGS_H19_Hetero_Phased_Rep1","Read_1320",0.0175268625624102,"Haplotype_A_Unmeth"
"NGS_H19_Hetero_Phased_Rep1","Read_1321",0.986285960939155,"Haplotype_B_Meth"
"NGS_H19_Hetero_Phased_Rep1","Read_1322",0.983214800499853,"Haplotype_B_Meth"
"NGS_H19_Hetero_Phased_Rep1","Read_1323",0.986436596567064,"Haplotype_B_Meth"
"NGS_H19_Hetero_Phased_Rep1","Read_1324",0.0309376557578538,"Haplotype_A_Unmeth"
"NGS_H19_Hetero_Phased_Rep1","Read_1325",0.98492412996626,"Haplotype_B_Meth"
"NGS_H19_Hetero_Phased_Rep1","Read_1326",0.0204032847893844,"Haplotype_A_Unmeth"
"NGS_H19_Hetero_Phased_Rep1","Read_1327",0.988312050143724,"Haplotype_B_Meth"
"NGS_H19_Hetero_Phased_Rep1","Read_1328",0.0150512681663877,"Haplotype_A_Unmeth"
"NGS_H19_Hetero_Phased_Rep1","Read_1329",0.975464528641917,"Haplotype_B_Meth"
"NGS_H19_Hetero_Phased_Rep1","Read_1330",0.0258792840880697,"Haplotype_A_Unmeth"
"NGS_H19_Hetero_Phased_Rep1","Read_1331",0.982078521335101,"Haplotype_B_Meth"
"NGS_H19_Hetero_Phased_Rep1","Read_1332",0.973888715598191,"Haplotype_B_Meth"
"NGS_H19_Hetero_Phased_Rep1","Read_1333",0.0263671785306292,"Haplotype_A_Unmeth"
"NGS_H19_Hetero_Phased_Rep1","Read_1334",0.0214508953946413,"Haplotype_A_Unmeth"
"NGS_H19_Hetero_Phased_Rep1","Read_1335",0.0243246961187275,"Haplotype_A_Unmeth"
"NGS_H19_Hetero_Phased_Rep1","Read_1336",0.0132692226105616,"Haplotype_A_Unmeth"
"NGS_H19_Hetero_Phased_Rep1","Read_1337",0.973866287770996,"Haplotype_B_Meth"
"NGS_H19_Hetero_Phased_Rep1","Read_1338",0.0172093634214483,"Haplotype_A_Unmeth"
"NGS_H19_Hetero_Phased_Rep1","Read_1339",0.984089088087292,"Haplotype_B_Meth"
"NGS_H19_Hetero_Phased_Rep1","Read_1340",0.0229699596468361,"Haplotype_A_Unmeth"
"NGS_H19_Hetero_Phased_Rep1","Read_1341",0.0100315458115356,"Haplotype_A_Unmeth"
"NGS_H19_Hetero_Phased_Rep1","Read_1342",0.0167868760755814,"Haplotype_A_Unmeth"
"NGS_H19_Hetero_Phased_Rep1","Read_1343",0.963904843149349,"Haplotype_B_Meth"
"NGS_H19_Hetero_Phased_Rep1","Read_1344",0.01730962361171,"Haplotype_A_Unmeth"
"NGS_H19_Hetero_Phased_Rep1","Read_1345",0.98325665920021,"Haplotype_B_Meth"
"NGS_H19_Hetero_Phased_Rep1","Read_1346",0.0236012483858635,"Haplotype_A_Unmeth"
"NGS_H19_Hetero_Phased_Rep1","Read_1347",0.986733763785674,"Haplotype_B_Meth"
"NGS_H19_Hetero_Phased_Rep1","Read_1348",0.986478784255708,"Haplotype_B_Meth"
"NGS_H19_Hetero_Phased_Rep1","Read_1349",0.982380655056261,"Haplotype_B_Meth"
"NGS_H19_Hetero_Phased_Rep1","Read_1350",0.0172719475089958,"Haplotype_A_Unmeth"
"NGS_H19_Hetero_Phased_Rep1","Read_1351",0.0216908447169604,"Haplotype_A_Unmeth"
"NGS_H19_Hetero_Phased_Rep1","Read_1352",0.974897813153749,"Haplotype_B_Meth"
"NGS_H19_Hetero_Phased_Rep1","Read_1353",0.984939201883779,"Haplotype_B_Meth"
"NGS_H19_Hetero_Phased_Rep1","Read_1354",0.983510215334825,"Haplotype_B_Meth"
"NGS_H19_Hetero_Phased_Rep1","Read_1355",0.969900033831232,"Haplotype_B_Meth"
"NGS_H19_Hetero_Phased_Rep1","Read_1356",0.0215345974247966,"Haplotype_A_Unmeth"
"NGS_H19_Hetero_Phased_Rep1","Read_1357",0.0239170760638568,"Haplotype_A_Unmeth"
"NGS_H19_Hetero_Phased_Rep1","Read_1358",0.0218178364973735,"Haplotype_A_Unmeth"
"NGS_H19_Hetero_Phased_Rep1","Read_1359",0.0198810393519665,"Haplotype_A_Unmeth"
"NGS_H19_Hetero_Phased_Rep1","Read_1360",0.974810443064111,"Haplotype_B_Meth"
"NGS_H19_Hetero_Phased_Rep1","Read_1361",0.0262733301410681,"Haplotype_A_Unmeth"
"NGS_H19_Hetero_Phased_Rep1","Read_1362",0.0247726849042968,"Haplotype_A_Unmeth"
"NGS_H19_Hetero_Phased_Rep1","Read_1363",0.985639448107264,"Haplotype_B_Meth"
"NGS_H19_Hetero_Phased_Rep1","Read_1364",0.0139128968440067,"Haplotype_A_Unmeth"
"NGS_H19_Hetero_Phased_Rep1","Read_1365",0.0208931261358067,"Haplotype_A_Unmeth"
"NGS_H19_Hetero_Phased_Rep1","Read_1366",0.979830520625235,"Haplotype_B_Meth"
"NGS_H19_Hetero_Phased_Rep1","Read_1367",0.984486732276508,"Haplotype_B_Meth"
"NGS_H19_Hetero_Phased_Rep1","Read_1368",0.0251273694272386,"Haplotype_A_Unmeth"
"NGS_H19_Hetero_Phased_Rep1","Read_1369",0.985096849321308,"Haplotype_B_Meth"
"NGS_H19_Hetero_Phased_Rep1","Read_1370",0.982509463992738,"Haplotype_B_Meth"
"NGS_H19_Hetero_Phased_Rep1","Read_1371",0.976932396769976,"Haplotype_B_Meth"
"NGS_H19_Hetero_Phased_Rep1","Read_1372",0.0184917161850009,"Haplotype_A_Unmeth"
"NGS_H19_Hetero_Phased_Rep1","Read_1373",0.981168007317303,"Haplotype_B_Meth"
"NGS_H19_Hetero_Phased_Rep1","Read_1374",0.986809273905452,"Haplotype_B_Meth"
"NGS_H19_Hetero_Phased_Rep1","Read_1375",0.0293643318632986,"Haplotype_A_Unmeth"
"NGS_H19_Hetero_Phased_Rep1","Read_1376",0.98164454332737,"Haplotype_B_Meth"
"NGS_H19_Hetero_Phased_Rep1","Read_1377",0.0167481035371519,"Haplotype_A_Unmeth"
"NGS_H19_Hetero_Phased_Rep1","Read_1378",0.977007333106304,"Haplotype_B_Meth"
"NGS_H19_Hetero_Phased_Rep1","Read_1379",0.982800171784409,"Haplotype_B_Meth"
"NGS_H19_Hetero_Phased_Rep1","Read_1380",0.977632700680056,"Haplotype_B_Meth"
"NGS_H19_Hetero_Phased_Rep1","Read_1381",0.0278544963439326,"Haplotype_A_Unmeth"
"NGS_H19_Hetero_Phased_Rep1","Read_1382",0.0160701009298199,"Haplotype_A_Unmeth"
"NGS_H19_Hetero_Phased_Rep1","Read_1383",0.0280632231450169,"Haplotype_A_Unmeth"
"NGS_H19_Hetero_Phased_Rep1","Read_1384",0.965195035071788,"Haplotype_B_Meth"
"NGS_H19_Hetero_Phased_Rep1","Read_1385",0.0175625205946362,"Haplotype_A_Unmeth"
"NGS_H19_Hetero_Phased_Rep1","Read_1386",0.983399638348593,"Haplotype_B_Meth"
"NGS_H19_Hetero_Phased_Rep1","Read_1387",0.978397353279119,"Haplotype_B_Meth"
"NGS_H19_Hetero_Phased_Rep1","Read_1388",0.0170437831866815,"Haplotype_A_Unmeth"
"NGS_H19_Hetero_Phased_Rep1","Read_1389",0.0194007156469213,"Haplotype_A_Unmeth"
"NGS_H19_Hetero_Phased_Rep1","Read_1390",0.980320177644548,"Haplotype_B_Meth"
"NGS_H19_Hetero_Phased_Rep1","Read_1391",0.976784066949901,"Haplotype_B_Meth"
"NGS_H19_Hetero_Phased_Rep1","Read_1392",0.0188614966177892,"Haplotype_A_Unmeth"
"NGS_H19_Hetero_Phased_Rep1","Read_1393",0.0188422499219093,"Haplotype_A_Unmeth"
"NGS_H19_Hetero_Phased_Rep1","Read_1394",0.027311342063328,"Haplotype_A_Unmeth"
"NGS_H19_Hetero_Phased_Rep1","Read_1395",0.0214016137091714,"Haplotype_A_Unmeth"
"NGS_H19_Hetero_Phased_Rep1","Read_1396",0.987224953162331,"Haplotype_B_Meth"
"NGS_H19_Hetero_Phased_Rep1","Read_1397",0.97569582754327,"Haplotype_B_Meth"
"NGS_H19_Hetero_Phased_Rep1","Read_1398",0.0137350045014576,"Haplotype_A_Unmeth"
"NGS_H19_Hetero_Phased_Rep1","Read_1399",0.0172126915118818,"Haplotype_A_Unmeth"
"NGS_H19_Hetero_Phased_Rep1","Read_1400",0.0246434836305763,"Haplotype_A_Unmeth"
"NGS_H19_Hetero_Phased_Rep1","Read_1401",0.0325626172470449,"Haplotype_A_Unmeth"
"NGS_H19_Hetero_Phased_Rep1","Read_1402",0.0210312904407917,"Haplotype_A_Unmeth"
"NGS_H19_Hetero_Phased_Rep1","Read_1403",0.980791178784114,"Haplotype_B_Meth"
"NGS_H19_Hetero_Phased_Rep1","Read_1404",0.974395285184844,"Haplotype_B_Meth"
"NGS_H19_Hetero_Phased_Rep1","Read_1405",0.0172933521842109,"Haplotype_A_Unmeth"
"NGS_H19_Hetero_Phased_Rep1","Read_1406",0.0288795267417093,"Haplotype_A_Unmeth"
"NGS_H19_Hetero_Phased_Rep1","Read_1407",0.979355781019757,"Haplotype_B_Meth"
"NGS_H19_Hetero_Phased_Rep1","Read_1408",0.013514680849267,"Haplotype_A_Unmeth"
"NGS_H19_Hetero_Phased_Rep1","Read_1409",0.0190747650225364,"Haplotype_A_Unmeth"
"NGS_H19_Hetero_Phased_Rep1","Read_1410",0.974247023765,"Haplotype_B_Meth"
"NGS_H19_Hetero_Phased_Rep1","Read_1411",0.0201998312156253,"Haplotype_A_Unmeth"
"NGS_H19_Hetero_Phased_Rep1","Read_1412",0.035668537095508,"Haplotype_A_Unmeth"
"NGS_H19_Hetero_Phased_Rep1","Read_1413",0.0212825936731735,"Haplotype_A_Unmeth"
"NGS_H19_Hetero_Phased_Rep1","Read_1414",0.0193359738743213,"Haplotype_A_Unmeth"
"NGS_H19_Hetero_Phased_Rep1","Read_1415",0.984600393561531,"Haplotype_B_Meth"
"NGS_H19_Hetero_Phased_Rep1","Read_1416",0.974491636438618,"Haplotype_B_Meth"
"NGS_H19_Hetero_Phased_Rep1","Read_1417",0.982605665554468,"Haplotype_B_Meth"
"NGS_H19_Hetero_Phased_Rep1","Read_1418",0.0230016852007543,"Haplotype_A_Unmeth"
"NGS_H19_Hetero_Phased_Rep1","Read_1419",0.0192071417813704,"Haplotype_A_Unmeth"
"NGS_H19_Hetero_Phased_Rep1","Read_1420",0.0175792110424414,"Haplotype_A_Unmeth"
"NGS_H19_Hetero_Phased_Rep1","Read_1421",0.987850331533205,"Haplotype_B_Meth"
"NGS_H19_Hetero_Phased_Rep1","Read_1422",0.976225164549354,"Haplotype_B_Meth"
"NGS_H19_Hetero_Phased_Rep1","Read_1423",0.983571849632101,"Haplotype_B_Meth"
"NGS_H19_Hetero_Phased_Rep1","Read_1424",0.024934983625222,"Haplotype_A_Unmeth"
"NGS_H19_Hetero_Phased_Rep1","Read_1425",0.980310830390019,"Haplotype_B_Meth"
"NGS_H19_Hetero_Phased_Rep1","Read_1426",0.984705356160904,"Haplotype_B_Meth"
"NGS_H19_Hetero_Phased_Rep1","Read_1427",0.0281932106403343,"Haplotype_A_Unmeth"
"NGS_H19_Hetero_Phased_Rep1","Read_1428",0.0190991333605498,"Haplotype_A_Unmeth"
"NGS_H19_Hetero_Phased_Rep1","Read_1429",0.0274065670570963,"Haplotype_A_Unmeth"
"NGS_H19_Hetero_Phased_Rep1","Read_1430",0.0197256885409704,"Haplotype_A_Unmeth"
"NGS_H19_Hetero_Phased_Rep1","Read_1431",0.0212547452381452,"Haplotype_A_Unmeth"
"NGS_H19_Hetero_Phased_Rep1","Read_1432",0.0254680951341559,"Haplotype_A_Unmeth"
"NGS_H19_Hetero_Phased_Rep1","Read_1433",0.979018060084099,"Haplotype_B_Meth"
"NGS_H19_Hetero_Phased_Rep1","Read_1434",0.989912421672651,"Haplotype_B_Meth"
"NGS_H19_Hetero_Phased_Rep1","Read_1435",0.980017560652546,"Haplotype_B_Meth"
"NGS_H19_Hetero_Phased_Rep1","Read_1436",0.97277513078994,"Haplotype_B_Meth"
"NGS_H19_Hetero_Phased_Rep1","Read_1437",0.978178391884724,"Haplotype_B_Meth"
"NGS_H19_Hetero_Phased_Rep1","Read_1438",0.980069106819779,"Haplotype_B_Meth"
"NGS_H19_Hetero_Phased_Rep1","Read_1439",0.979839440476696,"Haplotype_B_Meth"
"NGS_H19_Hetero_Phased_Rep1","Read_1440",0.987018785961606,"Haplotype_B_Meth"
"NGS_H19_Hetero_Phased_Rep1","Read_1441",0.0262649049010268,"Haplotype_A_Unmeth"
"NGS_H19_Hetero_Phased_Rep1","Read_1442",0.0202032532515446,"Haplotype_A_Unmeth"
"NGS_H19_Hetero_Phased_Rep1","Read_1443",0.977814062180441,"Haplotype_B_Meth"
"NGS_H19_Hetero_Phased_Rep1","Read_1444",0.979181177561271,"Haplotype_B_Meth"
"NGS_H19_Hetero_Phased_Rep1","Read_1445",0.0134679775737746,"Haplotype_A_Unmeth"
"NGS_H19_Hetero_Phased_Rep1","Read_1446",0.984196769370151,"Haplotype_B_Meth"
"NGS_H19_Hetero_Phased_Rep1","Read_1447",0.0155574791074537,"Haplotype_A_Unmeth"
"NGS_H19_Hetero_Phased_Rep1","Read_1448",0.984501431047182,"Haplotype_B_Meth"
"NGS_H19_Hetero_Phased_Rep1","Read_1449",0.0139461370001988,"Haplotype_A_Unmeth"
"NGS_H19_Hetero_Phased_Rep1","Read_1450",0.983905161486631,"Haplotype_B_Meth"
"NGS_H19_Hetero_Phased_Rep1","Read_1451",0.0187708234219859,"Haplotype_A_Unmeth"
"NGS_H19_Hetero_Phased_Rep1","Read_1452",0.018874259017231,"Haplotype_A_Unmeth"
"NGS_H19_Hetero_Phased_Rep1","Read_1453",0.0243209672758891,"Haplotype_A_Unmeth"
"NGS_H19_Hetero_Phased_Rep1","Read_1454",0.982421786253404,"Haplotype_B_Meth"
"NGS_H19_Hetero_Phased_Rep1","Read_1455",0.0177135369879809,"Haplotype_A_Unmeth"
"NGS_H19_Hetero_Phased_Rep1","Read_1456",0.978586865477516,"Haplotype_B_Meth"
"NGS_H19_Hetero_Phased_Rep1","Read_1457",0.0178627750286897,"Haplotype_A_Unmeth"
"NGS_H19_Hetero_Phased_Rep1","Read_1458",0.0281066064327834,"Haplotype_A_Unmeth"
"NGS_H19_Hetero_Phased_Rep1","Read_1459",0.0244105495718906,"Haplotype_A_Unmeth"
"NGS_H19_Hetero_Phased_Rep1","Read_1460",0.984086357432475,"Haplotype_B_Meth"
"NGS_H19_Hetero_Phased_Rep1","Read_1461",0.974650271325543,"Haplotype_B_Meth"
"NGS_H19_Hetero_Phased_Rep1","Read_1462",0.0181287814464929,"Haplotype_A_Unmeth"
"NGS_H19_Hetero_Phased_Rep1","Read_1463",0.0182978864360279,"Haplotype_A_Unmeth"
"NGS_H19_Hetero_Phased_Rep1","Read_1464",0.0115997212618766,"Haplotype_A_Unmeth"
"NGS_H19_Hetero_Phased_Rep1","Read_1465",0.0209338470602208,"Haplotype_A_Unmeth"
"NGS_H19_Hetero_Phased_Rep1","Read_1466",0.0166745748944466,"Haplotype_A_Unmeth"
"NGS_H19_Hetero_Phased_Rep1","Read_1467",0.981982154854537,"Haplotype_B_Meth"
"NGS_H19_Hetero_Phased_Rep1","Read_1468",0.0172300477027748,"Haplotype_A_Unmeth"
"NGS_H19_Hetero_Phased_Rep1","Read_1469",0.986957944758954,"Haplotype_B_Meth"
"NGS_H19_Hetero_Phased_Rep1","Read_1470",0.980948304037627,"Haplotype_B_Meth"
"NGS_H19_Hetero_Phased_Rep1","Read_1471",0.969602884655739,"Haplotype_B_Meth"
"NGS_H19_Hetero_Phased_Rep1","Read_1472",0.0189666041734961,"Haplotype_A_Unmeth"
"NGS_H19_Hetero_Phased_Rep1","Read_1473",0.0176867336165149,"Haplotype_A_Unmeth"
"NGS_H19_Hetero_Phased_Rep1","Read_1474",0.0191772591634464,"Haplotype_A_Unmeth"
"NGS_H19_Hetero_Phased_Rep1","Read_1475",0.980515080862753,"Haplotype_B_Meth"
"NGS_H19_Hetero_Phased_Rep1","Read_1476",0.986937693749965,"Haplotype_B_Meth"
"NGS_H19_Hetero_Phased_Rep1","Read_1477",0.0224471642270852,"Haplotype_A_Unmeth"
"NGS_H19_Hetero_Phased_Rep1","Read_1478",0.0271079285676672,"Haplotype_A_Unmeth"
"NGS_H19_Hetero_Phased_Rep1","Read_1479",0.0236696834910324,"Haplotype_A_Unmeth"
"NGS_H19_Hetero_Phased_Rep1","Read_1480",0.0218970747146356,"Haplotype_A_Unmeth"
"NGS_H19_Hetero_Phased_Rep1","Read_1481",0.985139149064346,"Haplotype_B_Meth"
"NGS_H19_Hetero_Phased_Rep1","Read_1482",0.0157506445916305,"Haplotype_A_Unmeth"
"NGS_H19_Hetero_Phased_Rep1","Read_1483",0.978336605683861,"Haplotype_B_Meth"
"NGS_H19_Hetero_Phased_Rep1","Read_1484",0.988356834277417,"Haplotype_B_Meth"
"NGS_H19_Hetero_Phased_Rep1","Read_1485",0.972876738559667,"Haplotype_B_Meth"
"NGS_H19_Hetero_Phased_Rep1","Read_1486",0.983020249365649,"Haplotype_B_Meth"
"NGS_H19_Hetero_Phased_Rep1","Read_1487",0.0235514458090116,"Haplotype_A_Unmeth"
"NGS_H19_Hetero_Phased_Rep1","Read_1488",0.976633973878084,"Haplotype_B_Meth"
"NGS_H19_Hetero_Phased_Rep1","Read_1489",0.976530480092597,"Haplotype_B_Meth"
"NGS_H19_Hetero_Phased_Rep1","Read_1490",0.975579625208197,"Haplotype_B_Meth"
"NGS_H19_Hetero_Phased_Rep1","Read_1491",0.0309348059787047,"Haplotype_A_Unmeth"
"NGS_H19_Hetero_Phased_Rep1","Read_1492",0.980303639380605,"Haplotype_B_Meth"
"NGS_H19_Hetero_Phased_Rep1","Read_1493",0.0156275761302626,"Haplotype_A_Unmeth"
"NGS_H19_Hetero_Phased_Rep1","Read_1494",0.0351426236767251,"Haplotype_A_Unmeth"
"NGS_H19_Hetero_Phased_Rep1","Read_1495",0.973236618196185,"Haplotype_B_Meth"
"NGS_H19_Hetero_Phased_Rep1","Read_1496",0.0211995993867827,"Haplotype_A_Unmeth"
"NGS_H19_Hetero_Phased_Rep1","Read_1497",0.977773046742643,"Haplotype_B_Meth"
"NGS_H19_Hetero_Phased_Rep1","Read_1498",0.0166530284290976,"Haplotype_A_Unmeth"
"NGS_H19_Hetero_Phased_Rep1","Read_1499",0.0218394344713474,"Haplotype_A_Unmeth"
"NGS_H19_Hetero_Phased_Rep1","Read_1500",0.0199535641523191,"Haplotype_A_Unmeth"
"NGS_H19_Hetero_Phased_Rep1","Read_1501",0.98437960622042,"Haplotype_B_Meth"
"NGS_H19_Hetero_Phased_Rep1","Read_1502",0.981690251098373,"Haplotype_B_Meth"
"NGS_H19_Hetero_Phased_Rep1","Read_1503",0.982122113592298,"Haplotype_B_Meth"
"NGS_H19_Hetero_Phased_Rep1","Read_1504",0.983041962991966,"Haplotype_B_Meth"
"NGS_H19_Hetero_Phased_Rep1","Read_1505",0.0242361588496863,"Haplotype_A_Unmeth"
"NGS_H19_Hetero_Phased_Rep1","Read_1506",0.983117808186708,"Haplotype_B_Meth"
"NGS_H19_Hetero_Phased_Rep1","Read_1507",0.017393040733298,"Haplotype_A_Unmeth"
"NGS_H19_Hetero_Phased_Rep1","Read_1508",0.986071926159069,"Haplotype_B_Meth"
"NGS_H19_Hetero_Phased_Rep1","Read_1509",0.0199420016017609,"Haplotype_A_Unmeth"
"NGS_H19_Hetero_Phased_Rep1","Read_1510",0.979791972542909,"Haplotype_B_Meth"
"NGS_H19_Hetero_Phased_Rep1","Read_1511",0.0205284702389199,"Haplotype_A_Unmeth"
"NGS_H19_Hetero_Phased_Rep1","Read_1512",0.981562250799253,"Haplotype_B_Meth"
"NGS_H19_Hetero_Phased_Rep1","Read_1513",0.976527700064316,"Haplotype_B_Meth"
"NGS_H19_Hetero_Phased_Rep1","Read_1514",0.982210966417369,"Haplotype_B_Meth"
"NGS_H19_Hetero_Phased_Rep1","Read_1515",0.981849816798157,"Haplotype_B_Meth"
"NGS_H19_Hetero_Phased_Rep1","Read_1516",0.984097729242524,"Haplotype_B_Meth"
"NGS_H19_Hetero_Phased_Rep1","Read_1517",0.98205739504916,"Haplotype_B_Meth"
"NGS_H19_Hetero_Phased_Rep1","Read_1518",0.0227912824780764,"Haplotype_A_Unmeth"
"NGS_H19_Hetero_Phased_Rep1","Read_1519",0.0196060971814882,"Haplotype_A_Unmeth"
"NGS_H19_Hetero_Phased_Rep1","Read_1520",0.978515648823441,"Haplotype_B_Meth"
"NGS_H19_Hetero_Phased_Rep1","Read_1521",0.978137624031122,"Haplotype_B_Meth"
"NGS_H19_Hetero_Phased_Rep1","Read_1522",0.0243976224502639,"Haplotype_A_Unmeth"
"NGS_H19_Hetero_Phased_Rep1","Read_1523",0.98101694578586,"Haplotype_B_Meth"
"NGS_H19_Hetero_Phased_Rep1","Read_1524",0.0242473559689652,"Haplotype_A_Unmeth"
"NGS_H19_Hetero_Phased_Rep1","Read_1525",0.014468510882867,"Haplotype_A_Unmeth"
"NGS_H19_Hetero_Phased_Rep1","Read_1526",0.0310680543908823,"Haplotype_A_Unmeth"
"NGS_H19_Hetero_Phased_Rep1","Read_1527",0.0228823252229879,"Haplotype_A_Unmeth"
"NGS_H19_Hetero_Phased_Rep1","Read_1528",0.986957291212611,"Haplotype_B_Meth"
"NGS_H19_Hetero_Phased_Rep1","Read_1529",0.025460693573291,"Haplotype_A_Unmeth"
"NGS_H19_Hetero_Phased_Rep1","Read_1530",0.023015158081199,"Haplotype_A_Unmeth"
"NGS_H19_Hetero_Phased_Rep1","Read_1531",0.0239858185726266,"Haplotype_A_Unmeth"
"NGS_H19_Hetero_Phased_Rep1","Read_1532",0.0260743837946838,"Haplotype_A_Unmeth"
"NGS_H19_Hetero_Phased_Rep1","Read_1533",0.019484642221671,"Haplotype_A_Unmeth"
"NGS_H19_Hetero_Phased_Rep1","Read_1534",0.985889919669119,"Haplotype_B_Meth"
"NGS_H19_Hetero_Phased_Rep1","Read_1535",0.0216997829110495,"Haplotype_A_Unmeth"
"NGS_H19_Hetero_Phased_Rep1","Read_1536",0.981362120381151,"Haplotype_B_Meth"
"NGS_H19_Hetero_Phased_Rep1","Read_1537",0.977832007174972,"Haplotype_B_Meth"
"NGS_H19_Hetero_Phased_Rep1","Read_1538",0.0176832952126007,"Haplotype_A_Unmeth"
"NGS_H19_Hetero_Phased_Rep1","Read_1539",0.0188807315893035,"Haplotype_A_Unmeth"
"NGS_H19_Hetero_Phased_Rep1","Read_1540",0.0151582882815125,"Haplotype_A_Unmeth"
"NGS_H19_Hetero_Phased_Rep1","Read_1541",0.0252932790224979,"Haplotype_A_Unmeth"
"NGS_H19_Hetero_Phased_Rep1","Read_1542",0.983356137768868,"Haplotype_B_Meth"
"NGS_H19_Hetero_Phased_Rep1","Read_1543",0.983633344738094,"Haplotype_B_Meth"
"NGS_H19_Hetero_Phased_Rep1","Read_1544",0.0269057381494386,"Haplotype_A_Unmeth"
"NGS_H19_Hetero_Phased_Rep1","Read_1545",0.973430688109907,"Haplotype_B_Meth"
"NGS_H19_Hetero_Phased_Rep1","Read_1546",0.979471766797282,"Haplotype_B_Meth"
"NGS_H19_Hetero_Phased_Rep1","Read_1547",0.0229201129042399,"Haplotype_A_Unmeth"
"NGS_H19_Hetero_Phased_Rep1","Read_1548",0.97697369427159,"Haplotype_B_Meth"
"NGS_H19_Hetero_Phased_Rep1","Read_1549",0.0155057836079576,"Haplotype_A_Unmeth"
"NGS_H19_Hetero_Phased_Rep1","Read_1550",0.0280543898519303,"Haplotype_A_Unmeth"
"NGS_H19_Hetero_Phased_Rep1","Read_1551",0.973753488878846,"Haplotype_B_Meth"
"NGS_H19_Hetero_Phased_Rep1","Read_1552",0.972359631582889,"Haplotype_B_Meth"
"NGS_H19_Hetero_Phased_Rep1","Read_1553",0.015504250752318,"Haplotype_A_Unmeth"
"NGS_H19_Hetero_Phased_Rep1","Read_1554",0.983117330309262,"Haplotype_B_Meth"
"NGS_H19_Hetero_Phased_Rep1","Read_1555",0.0198076439957757,"Haplotype_A_Unmeth"
"NGS_H19_Hetero_Phased_Rep1","Read_1556",0.977144103130195,"Haplotype_B_Meth"
"NGS_H19_Hetero_Phased_Rep1","Read_1557",0.0145366736011255,"Haplotype_A_Unmeth"
"NGS_H19_Hetero_Phased_Rep1","Read_1558",0.0227634664337834,"Haplotype_A_Unmeth"
"NGS_H19_Hetero_Phased_Rep1","Read_1559",0.972405310296524,"Haplotype_B_Meth"
"NGS_H19_Hetero_Phased_Rep1","Read_1560",0.0181189346370761,"Haplotype_A_Unmeth"
"NGS_H19_Hetero_Phased_Rep1","Read_1561",0.97638758085563,"Haplotype_B_Meth"
"NGS_H19_Hetero_Phased_Rep1","Read_1562",0.0254356115914728,"Haplotype_A_Unmeth"
"NGS_H19_Hetero_Phased_Rep1","Read_1563",0.979104002508089,"Haplotype_B_Meth"
"NGS_H19_Hetero_Phased_Rep1","Read_1564",0.982528811322974,"Haplotype_B_Meth"
"NGS_H19_Hetero_Phased_Rep1","Read_1565",0.025741814924115,"Haplotype_A_Unmeth"
"NGS_H19_Hetero_Phased_Rep1","Read_1566",0.985681189532569,"Haplotype_B_Meth"
"NGS_H19_Hetero_Phased_Rep1","Read_1567",0.0281407729286211,"Haplotype_A_Unmeth"
"NGS_H19_Hetero_Phased_Rep1","Read_1568",0.985623170280642,"Haplotype_B_Meth"
"NGS_H19_Hetero_Phased_Rep1","Read_1569",0.984206188811611,"Haplotype_B_Meth"
"NGS_H19_Hetero_Phased_Rep1","Read_1570",0.978692067633802,"Haplotype_B_Meth"
"NGS_H19_Hetero_Phased_Rep1","Read_1571",0.977548611995437,"Haplotype_B_Meth"
"NGS_H19_Hetero_Phased_Rep1","Read_1572",0.0275253158298104,"Haplotype_A_Unmeth"
"NGS_H19_Hetero_Phased_Rep1","Read_1573",0.969834822034802,"Haplotype_B_Meth"
"NGS_H19_Hetero_Phased_Rep1","Read_1574",0.97278143805634,"Haplotype_B_Meth"
"NGS_H19_Hetero_Phased_Rep1","Read_1575",0.0193831300915789,"Haplotype_A_Unmeth"
"NGS_H19_Hetero_Phased_Rep1","Read_1576",0.0228499623395627,"Haplotype_A_Unmeth"
"NGS_H19_Hetero_Phased_Rep1","Read_1577",0.0271506227799954,"Haplotype_A_Unmeth"
"NGS_H19_Hetero_Phased_Rep1","Read_1578",0.978687784528374,"Haplotype_B_Meth"
"NGS_H19_Hetero_Phased_Rep1","Read_1579",0.987790348148874,"Haplotype_B_Meth"
"NGS_H19_Hetero_Phased_Rep1","Read_1580",0.0247454490656678,"Haplotype_A_Unmeth"
"NGS_H19_Hetero_Phased_Rep1","Read_1581",0.0147354939773766,"Haplotype_A_Unmeth"
"NGS_H19_Hetero_Phased_Rep1","Read_1582",0.980976851047983,"Haplotype_B_Meth"
"NGS_H19_Hetero_Phased_Rep1","Read_1583",0.980750756635617,"Haplotype_B_Meth"
"NGS_H19_Hetero_Phased_Rep1","Read_1584",0.0189039510643061,"Haplotype_A_Unmeth"
"NGS_H19_Hetero_Phased_Rep1","Read_1585",0.98226478253238,"Haplotype_B_Meth"
"NGS_H19_Hetero_Phased_Rep1","Read_1586",0.990527256790304,"Haplotype_B_Meth"
"NGS_H19_Hetero_Phased_Rep1","Read_1587",0.0220736439767121,"Haplotype_A_Unmeth"
"NGS_H19_Hetero_Phased_Rep1","Read_1588",0.0153219727840545,"Haplotype_A_Unmeth"
"NGS_H19_Hetero_Phased_Rep1","Read_1589",0.979378771782161,"Haplotype_B_Meth"
"NGS_H19_Hetero_Phased_Rep1","Read_1590",0.0173033325554912,"Haplotype_A_Unmeth"
"NGS_H19_Hetero_Phased_Rep1","Read_1591",0.0227898073540759,"Haplotype_A_Unmeth"
"NGS_H19_Hetero_Phased_Rep1","Read_1592",0.984098624528265,"Haplotype_B_Meth"
"NGS_H19_Hetero_Phased_Rep1","Read_1593",0.0162038737549912,"Haplotype_A_Unmeth"
"NGS_H19_Hetero_Phased_Rep1","Read_1594",0.0257478533216331,"Haplotype_A_Unmeth"
"NGS_H19_Hetero_Phased_Rep1","Read_1595",0.979759042811685,"Haplotype_B_Meth"
"NGS_H19_Hetero_Phased_Rep1","Read_1596",0.979548545029771,"Haplotype_B_Meth"
"NGS_H19_Hetero_Phased_Rep1","Read_1597",0.0151912502084718,"Haplotype_A_Unmeth"
"NGS_H19_Hetero_Phased_Rep1","Read_1598",0.973521718343479,"Haplotype_B_Meth"
"NGS_H19_Hetero_Phased_Rep1","Read_1599",0.982752865137725,"Haplotype_B_Meth"
"NGS_H19_Hetero_Phased_Rep1","Read_1600",0.974195266599761,"Haplotype_B_Meth"
"NGS_H19_Hetero_Phased_Rep1","Read_1601",0.985504529197269,"Haplotype_B_Meth"
"NGS_H19_Hetero_Phased_Rep1","Read_1602",0.982140118783178,"Haplotype_B_Meth"
"NGS_H19_Hetero_Phased_Rep1","Read_1603",0.023009548914919,"Haplotype_A_Unmeth"
"NGS_H19_Hetero_Phased_Rep1","Read_1604",0.976165654170971,"Haplotype_B_Meth"
"NGS_H19_Hetero_Phased_Rep1","Read_1605",0.0343124519375052,"Haplotype_A_Unmeth"
"NGS_H19_Hetero_Phased_Rep1","Read_1606",0.978044188444329,"Haplotype_B_Meth"
"NGS_H19_Hetero_Phased_Rep1","Read_1607",0.98044419414737,"Haplotype_B_Meth"
"NGS_H19_Hetero_Phased_Rep1","Read_1608",0.0168847095840377,"Haplotype_A_Unmeth"
"NGS_H19_Hetero_Phased_Rep1","Read_1609",0.982689562991285,"Haplotype_B_Meth"
"NGS_H19_Hetero_Phased_Rep1","Read_1610",0.983548392558253,"Haplotype_B_Meth"
"NGS_H19_Hetero_Phased_Rep1","Read_1611",0.974218527621405,"Haplotype_B_Meth"
"NGS_H19_Hetero_Phased_Rep1","Read_1612",0.981906211858934,"Haplotype_B_Meth"
"NGS_H19_Hetero_Phased_Rep1","Read_1613",0.0280470783840797,"Haplotype_A_Unmeth"
"NGS_H19_Hetero_Phased_Rep1","Read_1614",0.0217125694975891,"Haplotype_A_Unmeth"
"NGS_H19_Hetero_Phased_Rep1","Read_1615",0.964356121711673,"Haplotype_B_Meth"
"NGS_H19_Hetero_Phased_Rep1","Read_1616",0.0126838535873639,"Haplotype_A_Unmeth"
"NGS_H19_Hetero_Phased_Rep1","Read_1617",0.981550578061951,"Haplotype_B_Meth"
"NGS_H19_Hetero_Phased_Rep1","Read_1618",0.986173600858451,"Haplotype_B_Meth"
"NGS_H19_Hetero_Phased_Rep1","Read_1619",0.978005728310776,"Haplotype_B_Meth"
"NGS_H19_Hetero_Phased_Rep1","Read_1620",0.0206518576718727,"Haplotype_A_Unmeth"
"NGS_H19_Hetero_Phased_Rep1","Read_1621",0.0250903320365801,"Haplotype_A_Unmeth"
"NGS_H19_Hetero_Phased_Rep1","Read_1622",0.989411806232967,"Haplotype_B_Meth"
"NGS_H19_Hetero_Phased_Rep1","Read_1623",0.981204191412677,"Haplotype_B_Meth"
"NGS_H19_Hetero_Phased_Rep1","Read_1624",0.978051527697348,"Haplotype_B_Meth"
"NGS_H19_Hetero_Phased_Rep1","Read_1625",0.975239111889093,"Haplotype_B_Meth"
"NGS_H19_Hetero_Phased_Rep1","Read_1626",0.0199644568346397,"Haplotype_A_Unmeth"
"NGS_H19_Hetero_Phased_Rep1","Read_1627",0.970985444410048,"Haplotype_B_Meth"
"NGS_H19_Hetero_Phased_Rep1","Read_1628",0.0231997694860766,"Haplotype_A_Unmeth"
"NGS_H19_Hetero_Phased_Rep1","Read_1629",0.98356148158272,"Haplotype_B_Meth"
"NGS_H19_Hetero_Phased_Rep1","Read_1630",0.0173836250302396,"Haplotype_A_Unmeth"
"NGS_H19_Hetero_Phased_Rep1","Read_1631",0.0141680111002124,"Haplotype_A_Unmeth"
"NGS_H19_Hetero_Phased_Rep1","Read_1632",0.981207557984095,"Haplotype_B_Meth"
"NGS_H19_Hetero_Phased_Rep1","Read_1633",0.0168127850190846,"Haplotype_A_Unmeth"
"NGS_H19_Hetero_Phased_Rep1","Read_1634",0.0113400064746105,"Haplotype_A_Unmeth"
"NGS_H19_Hetero_Phased_Rep1","Read_1635",0.020866935311322,"Haplotype_A_Unmeth"
"NGS_H19_Hetero_Phased_Rep1","Read_1636",0.0201881718078582,"Haplotype_A_Unmeth"
"NGS_H19_Hetero_Phased_Rep1","Read_1637",0.984313944396673,"Haplotype_B_Meth"
"NGS_H19_Hetero_Phased_Rep1","Read_1638",0.978978030215205,"Haplotype_B_Meth"
"NGS_H19_Hetero_Phased_Rep1","Read_1639",0.0284000421146633,"Haplotype_A_Unmeth"
"NGS_H19_Hetero_Phased_Rep1","Read_1640",0.0239993827893365,"Haplotype_A_Unmeth"
"NGS_H19_Hetero_Phased_Rep1","Read_1641",0.98478263252112,"Haplotype_B_Meth"
"NGS_H19_Hetero_Phased_Rep1","Read_1642",0.981632800324834,"Haplotype_B_Meth"
"NGS_H19_Hetero_Phased_Rep1","Read_1643",0.0140483398900354,"Haplotype_A_Unmeth"
"NGS_H19_Hetero_Phased_Rep1","Read_1644",0.982718375310734,"Haplotype_B_Meth"
"NGS_H19_Hetero_Phased_Rep1","Read_1645",0.0159249231042398,"Haplotype_A_Unmeth"
"NGS_H19_Hetero_Phased_Rep1","Read_1646",0.0108752541019702,"Haplotype_A_Unmeth"
"NGS_H19_Hetero_Phased_Rep1","Read_1647",0.0198826860969601,"Haplotype_A_Unmeth"
"NGS_H19_Hetero_Phased_Rep1","Read_1648",0.0231908929176233,"Haplotype_A_Unmeth"
"NGS_H19_Hetero_Phased_Rep1","Read_1649",0.0158699510108756,"Haplotype_A_Unmeth"
"NGS_H19_Hetero_Phased_Rep1","Read_1650",0.977867804758249,"Haplotype_B_Meth"
"NGS_H19_Hetero_Phased_Rep1","Read_1651",0.984757091416703,"Haplotype_B_Meth"
"NGS_H19_Hetero_Phased_Rep1","Read_1652",0.0247718183413276,"Haplotype_A_Unmeth"
"NGS_H19_Hetero_Phased_Rep1","Read_1653",0.984305432419418,"Haplotype_B_Meth"
"NGS_H19_Hetero_Phased_Rep1","Read_1654",0.984672445734979,"Haplotype_B_Meth"
"NGS_H19_Hetero_Phased_Rep1","Read_1655",0.969894924782091,"Haplotype_B_Meth"
"NGS_H19_Hetero_Phased_Rep1","Read_1656",0.0290488954735814,"Haplotype_A_Unmeth"
"NGS_H19_Hetero_Phased_Rep1","Read_1657",0.0199780868577099,"Haplotype_A_Unmeth"
"NGS_H19_Hetero_Phased_Rep1","Read_1658",0.0228115311643724,"Haplotype_A_Unmeth"
"NGS_H19_Hetero_Phased_Rep1","Read_1659",0.0168071741830266,"Haplotype_A_Unmeth"
"NGS_H19_Hetero_Phased_Rep1","Read_1660",0.016051217135242,"Haplotype_A_Unmeth"
"NGS_H19_Hetero_Phased_Rep1","Read_1661",0.983315844561337,"Haplotype_B_Meth"
"NGS_H19_Hetero_Phased_Rep1","Read_1662",0.980541519289833,"Haplotype_B_Meth"
"NGS_H19_Hetero_Phased_Rep1","Read_1663",0.0203073029931249,"Haplotype_A_Unmeth"
"NGS_H19_Hetero_Phased_Rep1","Read_1664",0.97669439899002,"Haplotype_B_Meth"
"NGS_H19_Hetero_Phased_Rep1","Read_1665",0.977644596707378,"Haplotype_B_Meth"
"NGS_H19_Hetero_Phased_Rep1","Read_1666",0.0161556202770706,"Haplotype_A_Unmeth"
"NGS_H19_Hetero_Phased_Rep1","Read_1667",0.979906204011711,"Haplotype_B_Meth"
"NGS_H19_Hetero_Phased_Rep1","Read_1668",0.0192295147801173,"Haplotype_A_Unmeth"
"NGS_H19_Hetero_Phased_Rep1","Read_1669",0.978601147292948,"Haplotype_B_Meth"
"NGS_H19_Hetero_Phased_Rep1","Read_1670",0.975077150150362,"Haplotype_B_Meth"
"NGS_H19_Hetero_Phased_Rep1","Read_1671",0.0326010849830577,"Haplotype_A_Unmeth"
"NGS_H19_Hetero_Phased_Rep1","Read_1672",0.979711035462998,"Haplotype_B_Meth"
"NGS_H19_Hetero_Phased_Rep1","Read_1673",0.0284205870156413,"Haplotype_A_Unmeth"
"NGS_H19_Hetero_Phased_Rep1","Read_1674",0.0250642993569397,"Haplotype_A_Unmeth"
"NGS_H19_Hetero_Phased_Rep1","Read_1675",0.0182535682927473,"Haplotype_A_Unmeth"
"NGS_H19_Hetero_Phased_Rep1","Read_1676",0.0191202192494436,"Haplotype_A_Unmeth"
"NGS_H19_Hetero_Phased_Rep1","Read_1677",0.979833472515834,"Haplotype_B_Meth"
"NGS_H19_Hetero_Phased_Rep1","Read_1678",0.980354988630186,"Haplotype_B_Meth"
"NGS_H19_Hetero_Phased_Rep1","Read_1679",0.0162049384313507,"Haplotype_A_Unmeth"
"NGS_H19_Hetero_Phased_Rep1","Read_1680",0.0140252052532308,"Haplotype_A_Unmeth"
"NGS_H19_Hetero_Phased_Rep1","Read_1681",0.022923502627736,"Haplotype_A_Unmeth"
"NGS_H19_Hetero_Phased_Rep1","Read_1682",0.985177887266116,"Haplotype_B_Meth"
"NGS_H19_Hetero_Phased_Rep1","Read_1683",0.0151052165277531,"Haplotype_A_Unmeth"
"NGS_H19_Hetero_Phased_Rep1","Read_1684",0.0207929747187282,"Haplotype_A_Unmeth"
"NGS_H19_Hetero_Phased_Rep1","Read_1685",0.0127121942191861,"Haplotype_A_Unmeth"
"NGS_H19_Hetero_Phased_Rep1","Read_1686",0.0190020500485487,"Haplotype_A_Unmeth"
"NGS_H19_Hetero_Phased_Rep1","Read_1687",0.987291074402117,"Haplotype_B_Meth"
"NGS_H19_Hetero_Phased_Rep1","Read_1688",0.971769551914527,"Haplotype_B_Meth"
"NGS_H19_Hetero_Phased_Rep1","Read_1689",0.979569093205348,"Haplotype_B_Meth"
"NGS_H19_Hetero_Phased_Rep1","Read_1690",0.980760003957414,"Haplotype_B_Meth"
"NGS_H19_Hetero_Phased_Rep1","Read_1691",0.0221131945386808,"Haplotype_A_Unmeth"
"NGS_H19_Hetero_Phased_Rep1","Read_1692",0.0187667689142531,"Haplotype_A_Unmeth"
"NGS_H19_Hetero_Phased_Rep1","Read_1693",0.978595045623818,"Haplotype_B_Meth"
"NGS_H19_Hetero_Phased_Rep1","Read_1694",0.983446197164289,"Haplotype_B_Meth"
"NGS_H19_Hetero_Phased_Rep1","Read_1695",0.0226829279777141,"Haplotype_A_Unmeth"
"NGS_H19_Hetero_Phased_Rep1","Read_1696",0.983372355876463,"Haplotype_B_Meth"
"NGS_H19_Hetero_Phased_Rep1","Read_1697",0.0186782241578848,"Haplotype_A_Unmeth"
"NGS_H19_Hetero_Phased_Rep1","Read_1698",0.020483912196821,"Haplotype_A_Unmeth"
"NGS_H19_Hetero_Phased_Rep1","Read_1699",0.0218449435743936,"Haplotype_A_Unmeth"
"NGS_H19_Hetero_Phased_Rep1","Read_1700",0.980821652481911,"Haplotype_B_Meth"
"NGS_H19_Hetero_Phased_Rep1","Read_1701",0.982938981214274,"Haplotype_B_Meth"
"NGS_H19_Hetero_Phased_Rep1","Read_1702",0.980914247138786,"Haplotype_B_Meth"
"NGS_H19_Hetero_Phased_Rep1","Read_1703",0.983172653341653,"Haplotype_B_Meth"
"NGS_H19_Hetero_Phased_Rep1","Read_1704",0.98107987855449,"Haplotype_B_Meth"
"NGS_H19_Hetero_Phased_Rep1","Read_1705",0.0232289503848247,"Haplotype_A_Unmeth"
"NGS_H19_Hetero_Phased_Rep1","Read_1706",0.97872321396852,"Haplotype_B_Meth"
"NGS_H19_Hetero_Phased_Rep1","Read_1707",0.0285250307859048,"Haplotype_A_Unmeth"
"NGS_H19_Hetero_Phased_Rep1","Read_1708",0.979923302417732,"Haplotype_B_Meth"
"NGS_H19_Hetero_Phased_Rep1","Read_1709",0.0257889801670772,"Haplotype_A_Unmeth"
"NGS_H19_Hetero_Phased_Rep1","Read_1710",0.980010391917795,"Haplotype_B_Meth"
"NGS_H19_Hetero_Phased_Rep1","Read_1711",0.974978473491514,"Haplotype_B_Meth"
"NGS_H19_Hetero_Phased_Rep1","Read_1712",0.0179581912658158,"Haplotype_A_Unmeth"
"NGS_H19_Hetero_Phased_Rep1","Read_1713",0.0133958622840427,"Haplotype_A_Unmeth"
"NGS_H19_Hetero_Phased_Rep1","Read_1714",0.0163516058557835,"Haplotype_A_Unmeth"
"NGS_H19_Hetero_Phased_Rep1","Read_1715",0.979979378518733,"Haplotype_B_Meth"
"NGS_H19_Hetero_Phased_Rep1","Read_1716",0.980475890086055,"Haplotype_B_Meth"
"NGS_H19_Hetero_Phased_Rep1","Read_1717",0.0204883360111497,"Haplotype_A_Unmeth"
"NGS_H19_Hetero_Phased_Rep1","Read_1718",0.0117302321953854,"Haplotype_A_Unmeth"
"NGS_H19_Hetero_Phased_Rep1","Read_1719",0.981114775335249,"Haplotype_B_Meth"
"NGS_H19_Hetero_Phased_Rep1","Read_1720",0.0230449806712796,"Haplotype_A_Unmeth"
"NGS_H19_Hetero_Phased_Rep1","Read_1721",0.978912620869131,"Haplotype_B_Meth"
"NGS_H19_Hetero_Phased_Rep1","Read_1722",0.980981475837775,"Haplotype_B_Meth"
"NGS_H19_Hetero_Phased_Rep1","Read_1723",0.984470452343596,"Haplotype_B_Meth"
"NGS_H19_Hetero_Phased_Rep1","Read_1724",0.0163407269684322,"Haplotype_A_Unmeth"
"NGS_H19_Hetero_Phased_Rep1","Read_1725",0.981832086085656,"Haplotype_B_Meth"
"NGS_H19_Hetero_Phased_Rep1","Read_1726",0.0317793280713349,"Haplotype_A_Unmeth"
"NGS_H19_Hetero_Phased_Rep1","Read_1727",0.0179905010451816,"Haplotype_A_Unmeth"
"NGS_H19_Hetero_Phased_Rep1","Read_1728",0.0192658880915789,"Haplotype_A_Unmeth"
"NGS_H19_Hetero_Phased_Rep1","Read_1729",0.982003835690162,"Haplotype_B_Meth"
"NGS_H19_Hetero_Phased_Rep1","Read_1730",0.981906936746271,"Haplotype_B_Meth"
"NGS_H19_Hetero_Phased_Rep1","Read_1731",0.974459168846164,"Haplotype_B_Meth"
"NGS_H19_Hetero_Phased_Rep1","Read_1732",0.0269549928542526,"Haplotype_A_Unmeth"
"NGS_H19_Hetero_Phased_Rep1","Read_1733",0.976134490175588,"Haplotype_B_Meth"
"NGS_H19_Hetero_Phased_Rep1","Read_1734",0.976968500776848,"Haplotype_B_Meth"
"NGS_H19_Hetero_Phased_Rep1","Read_1735",0.984497734314034,"Haplotype_B_Meth"
"NGS_H19_Hetero_Phased_Rep1","Read_1736",0.979674858975454,"Haplotype_B_Meth"
"NGS_H19_Hetero_Phased_Rep1","Read_1737",0.0203685926011052,"Haplotype_A_Unmeth"
"NGS_H19_Hetero_Phased_Rep1","Read_1738",0.979261278764175,"Haplotype_B_Meth"
"NGS_H19_Hetero_Phased_Rep1","Read_1739",0.983549382409052,"Haplotype_B_Meth"
"NGS_H19_Hetero_Phased_Rep1","Read_1740",0.0176141146216773,"Haplotype_A_Unmeth"
"NGS_H19_Hetero_Phased_Rep1","Read_1741",0.0276494719702151,"Haplotype_A_Unmeth"
"NGS_H19_Hetero_Phased_Rep1","Read_1742",0.0229215850136176,"Haplotype_A_Unmeth"
"NGS_H19_Hetero_Phased_Rep1","Read_1743",0.98049764935865,"Haplotype_B_Meth"
"NGS_H19_Hetero_Phased_Rep1","Read_1744",0.973281555720125,"Haplotype_B_Meth"
"NGS_H19_Hetero_Phased_Rep1","Read_1745",0.016732275330556,"Haplotype_A_Unmeth"
"NGS_H19_Hetero_Phased_Rep1","Read_1746",0.0219036053136662,"Haplotype_A_Unmeth"
"NGS_H19_Hetero_Phased_Rep1","Read_1747",0.0270069784039217,"Haplotype_A_Unmeth"
"NGS_H19_Hetero_Phased_Rep1","Read_1748",0.0178243733198319,"Haplotype_A_Unmeth"
"NGS_H19_Hetero_Phased_Rep1","Read_1749",0.0189354191357585,"Haplotype_A_Unmeth"
"NGS_H19_Hetero_Phased_Rep1","Read_1750",0.979824989166001,"Haplotype_B_Meth"
"NGS_H19_Hetero_Phased_Rep1","Read_1751",0.973890043941339,"Haplotype_B_Meth"
"NGS_H19_Hetero_Phased_Rep1","Read_1752",0.984066887074418,"Haplotype_B_Meth"
"NGS_H19_Hetero_Phased_Rep1","Read_1753",0.981469868193522,"Haplotype_B_Meth"
"NGS_H19_Hetero_Phased_Rep1","Read_1754",0.018912102787956,"Haplotype_A_Unmeth"
"NGS_H19_Hetero_Phased_Rep1","Read_1755",0.976469973141934,"Haplotype_B_Meth"
"NGS_H19_Hetero_Phased_Rep1","Read_1756",0.0204958451139499,"Haplotype_A_Unmeth"
"NGS_H19_Hetero_Phased_Rep1","Read_1757",0.981757125139346,"Haplotype_B_Meth"
"NGS_H19_Hetero_Phased_Rep1","Read_1758",0.977194826322347,"Haplotype_B_Meth"
"NGS_H19_Hetero_Phased_Rep1","Read_1759",0.975400061246931,"Haplotype_B_Meth"
"NGS_H19_Hetero_Phased_Rep1","Read_1760",0.0156225635864475,"Haplotype_A_Unmeth"
"NGS_H19_Hetero_Phased_Rep1","Read_1761",0.020500933651689,"Haplotype_A_Unmeth"
"NGS_H19_Hetero_Phased_Rep1","Read_1762",0.0272708636776202,"Haplotype_A_Unmeth"
"NGS_H19_Hetero_Phased_Rep1","Read_1763",0.97662532245857,"Haplotype_B_Meth"
"NGS_H19_Hetero_Phased_Rep1","Read_1764",0.978566020057786,"Haplotype_B_Meth"
"NGS_H19_Hetero_Phased_Rep1","Read_1765",0.0169946464627674,"Haplotype_A_Unmeth"
"NGS_H19_Hetero_Phased_Rep1","Read_1766",0.972472110725817,"Haplotype_B_Meth"
"NGS_H19_Hetero_Phased_Rep1","Read_1767",0.980056939445204,"Haplotype_B_Meth"
"NGS_H19_Hetero_Phased_Rep1","Read_1768",0.977779116607328,"Haplotype_B_Meth"
"NGS_H19_Hetero_Phased_Rep1","Read_1769",0.983792219402737,"Haplotype_B_Meth"
"NGS_H19_Hetero_Phased_Rep1","Read_1770",0.98230128121097,"Haplotype_B_Meth"
"NGS_H19_Hetero_Phased_Rep1","Read_1771",0.0198150593237478,"Haplotype_A_Unmeth"
"NGS_H19_Hetero_Phased_Rep1","Read_1772",0.0159878181767642,"Haplotype_A_Unmeth"
"NGS_H19_Hetero_Phased_Rep1","Read_1773",0.978257455267707,"Haplotype_B_Meth"
"NGS_H19_Hetero_Phased_Rep1","Read_1774",0.0184729602172766,"Haplotype_A_Unmeth"
"NGS_H19_Hetero_Phased_Rep1","Read_1775",0.983012898536446,"Haplotype_B_Meth"
"NGS_H19_Hetero_Phased_Rep1","Read_1776",0.982469918991459,"Haplotype_B_Meth"
"NGS_H19_Hetero_Phased_Rep1","Read_1777",0.980378795216216,"Haplotype_B_Meth"
"NGS_H19_Hetero_Phased_Rep1","Read_1778",0.983033703084376,"Haplotype_B_Meth"
"NGS_H19_Hetero_Phased_Rep1","Read_1779",0.972089887118236,"Haplotype_B_Meth"
"NGS_H19_Hetero_Phased_Rep1","Read_1780",0.0268659827373024,"Haplotype_A_Unmeth"
"NGS_H19_Hetero_Phased_Rep1","Read_1781",0.984506795735971,"Haplotype_B_Meth"
"NGS_H19_Hetero_Phased_Rep1","Read_1782",0.978433868215457,"Haplotype_B_Meth"
"NGS_H19_Hetero_Phased_Rep1","Read_1783",0.975566071589548,"Haplotype_B_Meth"
"NGS_H19_Hetero_Phased_Rep1","Read_1784",0.977789253612284,"Haplotype_B_Meth"
"NGS_H19_Hetero_Phased_Rep1","Read_1785",0.0123373359293176,"Haplotype_A_Unmeth"
"NGS_H19_Hetero_Phased_Rep1","Read_1786",0.0179726309632861,"Haplotype_A_Unmeth"
"NGS_H19_Hetero_Phased_Rep1","Read_1787",0.0171953238297337,"Haplotype_A_Unmeth"
"NGS_H19_Hetero_Phased_Rep1","Read_1788",0.975416205919352,"Haplotype_B_Meth"
"NGS_H19_Hetero_Phased_Rep1","Read_1789",0.0265721253544544,"Haplotype_A_Unmeth"
"NGS_H19_Hetero_Phased_Rep1","Read_1790",0.0232628163962849,"Haplotype_A_Unmeth"
"NGS_H19_Hetero_Phased_Rep1","Read_1791",0.980847422876232,"Haplotype_B_Meth"
"NGS_H19_Hetero_Phased_Rep1","Read_1792",0.0176639824837858,"Haplotype_A_Unmeth"
"NGS_H19_Hetero_Phased_Rep1","Read_1793",0.98114127542345,"Haplotype_B_Meth"
"NGS_H19_Hetero_Phased_Rep1","Read_1794",0.980519692292023,"Haplotype_B_Meth"
"NGS_H19_Hetero_Phased_Rep1","Read_1795",0.0166859454627475,"Haplotype_A_Unmeth"
"NGS_H19_Hetero_Phased_Rep1","Read_1796",0.986578247141278,"Haplotype_B_Meth"
"NGS_H19_Hetero_Phased_Rep1","Read_1797",0.981159810286981,"Haplotype_B_Meth"
"NGS_H19_Hetero_Phased_Rep1","Read_1798",0.0119104651736366,"Haplotype_A_Unmeth"
"NGS_H19_Hetero_Phased_Rep1","Read_1799",0.0167556061039815,"Haplotype_A_Unmeth"
"NGS_H19_Hetero_Phased_Rep1","Read_1800",0.0159517624954485,"Haplotype_A_Unmeth"
"NGS_H19_Hetero_Phased_Rep1","Read_1801",0.0281426576237173,"Haplotype_A_Unmeth"
"NGS_H19_Hetero_Phased_Rep1","Read_1802",0.980275512884061,"Haplotype_B_Meth"
"NGS_H19_Hetero_Phased_Rep1","Read_1803",0.0216711317465727,"Haplotype_A_Unmeth"
"NGS_H19_Hetero_Phased_Rep1","Read_1804",0.983115725442806,"Haplotype_B_Meth"
"NGS_H19_Hetero_Phased_Rep1","Read_1805",0.982961025209482,"Haplotype_B_Meth"
"NGS_H19_Hetero_Phased_Rep1","Read_1806",0.980938476067126,"Haplotype_B_Meth"
"NGS_H19_Hetero_Phased_Rep1","Read_1807",0.980806889969166,"Haplotype_B_Meth"
"NGS_H19_Hetero_Phased_Rep1","Read_1808",0.0173542405549109,"Haplotype_A_Unmeth"
"NGS_H19_Hetero_Phased_Rep1","Read_1809",0.97936740826464,"Haplotype_B_Meth"
"NGS_H19_Hetero_Phased_Rep1","Read_1810",0.0203501659025253,"Haplotype_A_Unmeth"
"NGS_H19_Hetero_Phased_Rep1","Read_1811",0.979739084059711,"Haplotype_B_Meth"
"NGS_H19_Hetero_Phased_Rep1","Read_1812",0.980077520342328,"Haplotype_B_Meth"
"NGS_H19_Hetero_Phased_Rep1","Read_1813",0.9829025013238,"Haplotype_B_Meth"
"NGS_H19_Hetero_Phased_Rep1","Read_1814",0.974065301211035,"Haplotype_B_Meth"
"NGS_H19_Hetero_Phased_Rep1","Read_1815",0.978123729786447,"Haplotype_B_Meth"
"NGS_H19_Hetero_Phased_Rep1","Read_1816",0.0313280694703152,"Haplotype_A_Unmeth"
"NGS_H19_Hetero_Phased_Rep1","Read_1817",0.981041623556733,"Haplotype_B_Meth"
"NGS_H19_Hetero_Phased_Rep1","Read_1818",0.0124777363271761,"Haplotype_A_Unmeth"
"NGS_H19_Hetero_Phased_Rep1","Read_1819",0.968750672352267,"Haplotype_B_Meth"
"NGS_H19_Hetero_Phased_Rep1","Read_1820",0.0155547585369454,"Haplotype_A_Unmeth"
"NGS_H19_Hetero_Phased_Rep1","Read_1821",0.981609678762268,"Haplotype_B_Meth"
"NGS_H19_Hetero_Phased_Rep1","Read_1822",0.0150692599081439,"Haplotype_A_Unmeth"
"NGS_H19_Hetero_Phased_Rep1","Read_1823",0.982719453562575,"Haplotype_B_Meth"
"NGS_H19_Hetero_Phased_Rep1","Read_1824",0.0324454579063801,"Haplotype_A_Unmeth"
"NGS_H19_Hetero_Phased_Rep1","Read_1825",0.98033313040704,"Haplotype_B_Meth"
"NGS_H19_Hetero_Phased_Rep1","Read_1826",0.0338197333599346,"Haplotype_A_Unmeth"
"NGS_H19_Hetero_Phased_Rep1","Read_1827",0.987989749886905,"Haplotype_B_Meth"
"NGS_H19_Hetero_Phased_Rep1","Read_1828",0.972058195345705,"Haplotype_B_Meth"
"NGS_H19_Hetero_Phased_Rep1","Read_1829",0.017542648451701,"Haplotype_A_Unmeth"
"NGS_H19_Hetero_Phased_Rep1","Read_1830",0.97754973702542,"Haplotype_B_Meth"
"NGS_H19_Hetero_Phased_Rep1","Read_1831",0.0184670667878423,"Haplotype_A_Unmeth"
"NGS_H19_Hetero_Phased_Rep1","Read_1832",0.979674566196133,"Haplotype_B_Meth"
"NGS_H19_Hetero_Phased_Rep1","Read_1833",0.0326922737142778,"Haplotype_A_Unmeth"
"NGS_H19_Hetero_Phased_Rep1","Read_1834",0.0181566113786605,"Haplotype_A_Unmeth"
"NGS_H19_Hetero_Phased_Rep1","Read_1835",0.0125962712655434,"Haplotype_A_Unmeth"
"NGS_H19_Hetero_Phased_Rep1","Read_1836",0.987763422359066,"Haplotype_B_Meth"
"NGS_H19_Hetero_Phased_Rep1","Read_1837",0.0192412501767778,"Haplotype_A_Unmeth"
"NGS_H19_Hetero_Phased_Rep1","Read_1838",0.0179509477907401,"Haplotype_A_Unmeth"
"NGS_H19_Hetero_Phased_Rep1","Read_1839",0.980207330399689,"Haplotype_B_Meth"
"NGS_H19_Hetero_Phased_Rep1","Read_1840",0.984218177995181,"Haplotype_B_Meth"
"NGS_H19_Hetero_Phased_Rep1","Read_1841",0.97536633354034,"Haplotype_B_Meth"
"NGS_H19_Hetero_Phased_Rep1","Read_1842",0.0295429564379754,"Haplotype_A_Unmeth"
"NGS_H19_Hetero_Phased_Rep1","Read_1843",0.97867760475593,"Haplotype_B_Meth"
"NGS_H19_Hetero_Phased_Rep1","Read_1844",0.0184827954324953,"Haplotype_A_Unmeth"
"NGS_H19_Hetero_Phased_Rep1","Read_1845",0.0229174309112989,"Haplotype_A_Unmeth"
"NGS_H19_Hetero_Phased_Rep1","Read_1846",0.0144995721829715,"Haplotype_A_Unmeth"
"NGS_H19_Hetero_Phased_Rep1","Read_1847",0.987750067266592,"Haplotype_B_Meth"
"NGS_H19_Hetero_Phased_Rep1","Read_1848",0.972300292055173,"Haplotype_B_Meth"
"NGS_H19_Hetero_Phased_Rep1","Read_1849",0.984632864799988,"Haplotype_B_Meth"
"NGS_H19_Hetero_Phased_Rep1","Read_1850",0.0158057200857615,"Haplotype_A_Unmeth"
"NGS_H19_Hetero_Phased_Rep1","Read_1851",0.0105108080562269,"Haplotype_A_Unmeth"
"NGS_H19_Hetero_Phased_Rep1","Read_1852",0.980944357861102,"Haplotype_B_Meth"
"NGS_H19_Hetero_Phased_Rep1","Read_1853",0.0330577582369646,"Haplotype_A_Unmeth"
"NGS_H19_Hetero_Phased_Rep1","Read_1854",0.976006913536869,"Haplotype_B_Meth"
"NGS_H19_Hetero_Phased_Rep1","Read_1855",0.0264317525705453,"Haplotype_A_Unmeth"
"NGS_H19_Hetero_Phased_Rep1","Read_1856",0.0171424990092775,"Haplotype_A_Unmeth"
"NGS_H19_Hetero_Phased_Rep1","Read_1857",0.0154899638692769,"Haplotype_A_Unmeth"
"NGS_H19_Hetero_Phased_Rep1","Read_1858",0.0166152950182584,"Haplotype_A_Unmeth"
"NGS_H19_Hetero_Phased_Rep1","Read_1859",0.0128243649308397,"Haplotype_A_Unmeth"
"NGS_H19_Hetero_Phased_Rep1","Read_1860",0.0213029302381595,"Haplotype_A_Unmeth"
"NGS_H19_Hetero_Phased_Rep1","Read_1861",0.985764215716116,"Haplotype_B_Meth"
"NGS_H19_Hetero_Phased_Rep1","Read_1862",0.018587792712243,"Haplotype_A_Unmeth"
"NGS_H19_Hetero_Phased_Rep1","Read_1863",0.0253330270466477,"Haplotype_A_Unmeth"
"NGS_H19_Hetero_Phased_Rep1","Read_1864",0.0255737462433722,"Haplotype_A_Unmeth"
"NGS_H19_Hetero_Phased_Rep1","Read_1865",0.0193357361691453,"Haplotype_A_Unmeth"
"NGS_H19_Hetero_Phased_Rep1","Read_1866",0.979866913557946,"Haplotype_B_Meth"
"NGS_H19_Hetero_Phased_Rep1","Read_1867",0.987972674315351,"Haplotype_B_Meth"
"NGS_H19_Hetero_Phased_Rep1","Read_1868",0.980530782065679,"Haplotype_B_Meth"
"NGS_H19_Hetero_Phased_Rep1","Read_1869",0.981922371728142,"Haplotype_B_Meth"
"NGS_H19_Hetero_Phased_Rep1","Read_1870",0.981812330432393,"Haplotype_B_Meth"
"NGS_H19_Hetero_Phased_Rep1","Read_1871",0.0221552028261232,"Haplotype_A_Unmeth"
"NGS_H19_Hetero_Phased_Rep1","Read_1872",0.983048808240442,"Haplotype_B_Meth"
"NGS_H19_Hetero_Phased_Rep1","Read_1873",0.978155501150382,"Haplotype_B_Meth"
"NGS_H19_Hetero_Phased_Rep1","Read_1874",0.0180181654417165,"Haplotype_A_Unmeth"
"NGS_H19_Hetero_Phased_Rep1","Read_1875",0.974441401625417,"Haplotype_B_Meth"
"NGS_H19_Hetero_Phased_Rep1","Read_1876",0.0153123566524191,"Haplotype_A_Unmeth"
"NGS_H19_Hetero_Phased_Rep1","Read_1877",0.0273289693484538,"Haplotype_A_Unmeth"
"NGS_H19_Hetero_Phased_Rep1","Read_1878",0.982555014749819,"Haplotype_B_Meth"
"NGS_H19_Hetero_Phased_Rep1","Read_1879",0.0281689398131558,"Haplotype_A_Unmeth"
"NGS_H19_Hetero_Phased_Rep1","Read_1880",0.0258939840633809,"Haplotype_A_Unmeth"
"NGS_H19_Hetero_Phased_Rep1","Read_1881",0.978503654112727,"Haplotype_B_Meth"
"NGS_H19_Hetero_Phased_Rep1","Read_1882",0.0201492969247125,"Haplotype_A_Unmeth"
"NGS_H19_Hetero_Phased_Rep1","Read_1883",0.985001747834256,"Haplotype_B_Meth"
"NGS_H19_Hetero_Phased_Rep1","Read_1884",0.0176353502729964,"Haplotype_A_Unmeth"
"NGS_H19_Hetero_Phased_Rep1","Read_1885",0.0180832262429251,"Haplotype_A_Unmeth"
"NGS_H19_Hetero_Phased_Rep1","Read_1886",0.978785128260599,"Haplotype_B_Meth"
"NGS_H19_Hetero_Phased_Rep1","Read_1887",0.983270563841541,"Haplotype_B_Meth"
"NGS_H19_Hetero_Phased_Rep1","Read_1888",0.0176581427062396,"Haplotype_A_Unmeth"
"NGS_H19_Hetero_Phased_Rep1","Read_1889",0.0216051776197139,"Haplotype_A_Unmeth"
"NGS_H19_Hetero_Phased_Rep1","Read_1890",0.989050640848807,"Haplotype_B_Meth"
"NGS_H19_Hetero_Phased_Rep1","Read_1891",0.984736313512749,"Haplotype_B_Meth"
"NGS_H19_Hetero_Phased_Rep1","Read_1892",0.976128481811464,"Haplotype_B_Meth"
"NGS_H19_Hetero_Phased_Rep1","Read_1893",0.979103590801261,"Haplotype_B_Meth"
"NGS_H19_Hetero_Phased_Rep1","Read_1894",0.0173275678083402,"Haplotype_A_Unmeth"
"NGS_H19_Hetero_Phased_Rep1","Read_1895",0.978258610991042,"Haplotype_B_Meth"
"NGS_H19_Hetero_Phased_Rep1","Read_1896",0.984192964277417,"Haplotype_B_Meth"
"NGS_H19_Hetero_Phased_Rep1","Read_1897",0.978975127172602,"Haplotype_B_Meth"
"NGS_H19_Hetero_Phased_Rep1","Read_1898",0.0163178746277925,"Haplotype_A_Unmeth"
"NGS_H19_Hetero_Phased_Rep1","Read_1899",0.0144637367512054,"Haplotype_A_Unmeth"
"NGS_H19_Hetero_Phased_Rep1","Read_1900",0.0202955990975725,"Haplotype_A_Unmeth"
"NGS_H19_Hetero_Phased_Rep1","Read_1901",0.978578134194581,"Haplotype_B_Meth"
"NGS_H19_Hetero_Phased_Rep1","Read_1902",0.984653446051437,"Haplotype_B_Meth"
"NGS_H19_Hetero_Phased_Rep1","Read_1903",0.0223391879362152,"Haplotype_A_Unmeth"
"NGS_H19_Hetero_Phased_Rep1","Read_1904",0.981255276580509,"Haplotype_B_Meth"
"NGS_H19_Hetero_Phased_Rep1","Read_1905",0.984246219462123,"Haplotype_B_Meth"
"NGS_H19_Hetero_Phased_Rep1","Read_1906",0.980716233549502,"Haplotype_B_Meth"
"NGS_H19_Hetero_Phased_Rep1","Read_1907",0.023912316394503,"Haplotype_A_Unmeth"
"NGS_H19_Hetero_Phased_Rep1","Read_1908",0.984019951042822,"Haplotype_B_Meth"
"NGS_H19_Hetero_Phased_Rep1","Read_1909",0.988972173731582,"Haplotype_B_Meth"
"NGS_H19_Hetero_Phased_Rep1","Read_1910",0.0199690854932734,"Haplotype_A_Unmeth"
"NGS_H19_Hetero_Phased_Rep1","Read_1911",0.984292683262174,"Haplotype_B_Meth"
"NGS_H19_Hetero_Phased_Rep1","Read_1912",0.0148432330952233,"Haplotype_A_Unmeth"
"NGS_H19_Hetero_Phased_Rep1","Read_1913",0.0248521998663696,"Haplotype_A_Unmeth"
"NGS_H19_Hetero_Phased_Rep1","Read_1914",0.977245299983553,"Haplotype_B_Meth"
"NGS_H19_Hetero_Phased_Rep1","Read_1915",0.979701757436953,"Haplotype_B_Meth"
"NGS_H19_Hetero_Phased_Rep1","Read_1916",0.985976563980219,"Haplotype_B_Meth"
"NGS_H19_Hetero_Phased_Rep1","Read_1917",0.984862565434564,"Haplotype_B_Meth"
"NGS_H19_Hetero_Phased_Rep1","Read_1918",0.973502303953526,"Haplotype_B_Meth"
"NGS_H19_Hetero_Phased_Rep1","Read_1919",0.0217277885328331,"Haplotype_A_Unmeth"
"NGS_H19_Hetero_Phased_Rep1","Read_1920",0.0221909777652255,"Haplotype_A_Unmeth"
"NGS_H19_Hetero_Phased_Rep1","Read_1921",0.976703334360639,"Haplotype_B_Meth"
"NGS_H19_Hetero_Phased_Rep1","Read_1922",0.0176604659659844,"Haplotype_A_Unmeth"
"NGS_H19_Hetero_Phased_Rep1","Read_1923",0.977204267383143,"Haplotype_B_Meth"
"NGS_H19_Hetero_Phased_Rep1","Read_1924",0.0211689275208422,"Haplotype_A_Unmeth"
"NGS_H19_Hetero_Phased_Rep1","Read_1925",0.018418404935636,"Haplotype_A_Unmeth"
"NGS_H19_Hetero_Phased_Rep1","Read_1926",0.985088297550722,"Haplotype_B_Meth"
"NGS_H19_Hetero_Phased_Rep1","Read_1927",0.977199625207974,"Haplotype_B_Meth"
"NGS_H19_Hetero_Phased_Rep1","Read_1928",0.0201610047639801,"Haplotype_A_Unmeth"
"NGS_H19_Hetero_Phased_Rep1","Read_1929",0.0232299373753544,"Haplotype_A_Unmeth"
"NGS_H19_Hetero_Phased_Rep1","Read_1930",0.983383730038132,"Haplotype_B_Meth"
"NGS_H19_Hetero_Phased_Rep1","Read_1931",0.013514554321254,"Haplotype_A_Unmeth"
"NGS_H19_Hetero_Phased_Rep1","Read_1932",0.978153788075291,"Haplotype_B_Meth"
"NGS_H19_Hetero_Phased_Rep1","Read_1933",0.0147774492542269,"Haplotype_A_Unmeth"
"NGS_H19_Hetero_Phased_Rep1","Read_1934",0.976126599186643,"Haplotype_B_Meth"
"NGS_H19_Hetero_Phased_Rep1","Read_1935",0.0239004879134315,"Haplotype_A_Unmeth"
"NGS_H19_Hetero_Phased_Rep1","Read_1936",0.0227936993651727,"Haplotype_A_Unmeth"
"NGS_H19_Hetero_Phased_Rep1","Read_1937",0.977215740271466,"Haplotype_B_Meth"
"NGS_H19_Hetero_Phased_Rep1","Read_1938",0.977437374640071,"Haplotype_B_Meth"
"NGS_H19_Hetero_Phased_Rep1","Read_1939",0.977929145075859,"Haplotype_B_Meth"
"NGS_H19_Hetero_Phased_Rep1","Read_1940",0.0159209130597643,"Haplotype_A_Unmeth"
"NGS_H19_Hetero_Phased_Rep1","Read_1941",0.0198228881540965,"Haplotype_A_Unmeth"
"NGS_H19_Hetero_Phased_Rep1","Read_1942",0.0216110498958796,"Haplotype_A_Unmeth"
"NGS_H19_Hetero_Phased_Rep1","Read_1943",0.0120954900429309,"Haplotype_A_Unmeth"
"NGS_H19_Hetero_Phased_Rep1","Read_1944",0.975374488247126,"Haplotype_B_Meth"
"NGS_H19_Hetero_Phased_Rep1","Read_1945",0.0137731233600385,"Haplotype_A_Unmeth"
"NGS_H19_Hetero_Phased_Rep1","Read_1946",0.977140525803399,"Haplotype_B_Meth"
"NGS_H19_Hetero_Phased_Rep1","Read_1947",0.0151791529261126,"Haplotype_A_Unmeth"
"NGS_H19_Hetero_Phased_Rep1","Read_1948",0.0195248603064138,"Haplotype_A_Unmeth"
"NGS_H19_Hetero_Phased_Rep1","Read_1949",0.973788554921677,"Haplotype_B_Meth"
"NGS_H19_Hetero_Phased_Rep1","Read_1950",0.0334791116770241,"Haplotype_A_Unmeth"
"NGS_H19_Hetero_Phased_Rep1","Read_1951",0.0155277191288791,"Haplotype_A_Unmeth"
"NGS_H19_Hetero_Phased_Rep1","Read_1952",0.990499127567147,"Haplotype_B_Meth"
"NGS_H19_Hetero_Phased_Rep1","Read_1953",0.022439072429128,"Haplotype_A_Unmeth"
"NGS_H19_Hetero_Phased_Rep1","Read_1954",0.982556268315135,"Haplotype_B_Meth"
"NGS_H19_Hetero_Phased_Rep1","Read_1955",0.976372047544931,"Haplotype_B_Meth"
"NGS_H19_Hetero_Phased_Rep1","Read_1956",0.0220223870951242,"Haplotype_A_Unmeth"
"NGS_H19_Hetero_Phased_Rep1","Read_1957",0.0173784388607521,"Haplotype_A_Unmeth"
"NGS_H19_Hetero_Phased_Rep1","Read_1958",0.976063152693616,"Haplotype_B_Meth"
"NGS_H19_Hetero_Phased_Rep1","Read_1959",0.973519999496831,"Haplotype_B_Meth"
"NGS_H19_Hetero_Phased_Rep1","Read_1960",0.977061719949918,"Haplotype_B_Meth"
"NGS_H19_Hetero_Phased_Rep1","Read_1961",0.0160137367044821,"Haplotype_A_Unmeth"
"NGS_H19_Hetero_Phased_Rep1","Read_1962",0.98585703106815,"Haplotype_B_Meth"
"NGS_H19_Hetero_Phased_Rep1","Read_1963",0.0209235496460711,"Haplotype_A_Unmeth"
"NGS_H19_Hetero_Phased_Rep1","Read_1964",0.980485788281413,"Haplotype_B_Meth"
"NGS_H19_Hetero_Phased_Rep1","Read_1965",0.976804499305394,"Haplotype_B_Meth"
"NGS_H19_Hetero_Phased_Rep1","Read_1966",0.984177130217834,"Haplotype_B_Meth"
"NGS_H19_Hetero_Phased_Rep1","Read_1967",0.0192151847067251,"Haplotype_A_Unmeth"
"NGS_H19_Hetero_Phased_Rep1","Read_1968",0.986949498491773,"Haplotype_B_Meth"
"NGS_H19_Hetero_Phased_Rep1","Read_1969",0.979976076899961,"Haplotype_B_Meth"
"NGS_H19_Hetero_Phased_Rep1","Read_1970",0.020184857952677,"Haplotype_A_Unmeth"
"NGS_H19_Hetero_Phased_Rep1","Read_1971",0.980553249468663,"Haplotype_B_Meth"
"NGS_H19_Hetero_Phased_Rep1","Read_1972",0.0219221249474363,"Haplotype_A_Unmeth"
"NGS_H19_Hetero_Phased_Rep1","Read_1973",0.984865167039518,"Haplotype_B_Meth"
"NGS_H19_Hetero_Phased_Rep1","Read_1974",0.982931135596947,"Haplotype_B_Meth"
"NGS_H19_Hetero_Phased_Rep1","Read_1975",0.979906418805553,"Haplotype_B_Meth"
"NGS_H19_Hetero_Phased_Rep1","Read_1976",0.982605629884337,"Haplotype_B_Meth"
"NGS_H19_Hetero_Phased_Rep1","Read_1977",0.0131166580042923,"Haplotype_A_Unmeth"
"NGS_H19_Hetero_Phased_Rep1","Read_1978",0.983325125979369,"Haplotype_B_Meth"
"NGS_H19_Hetero_Phased_Rep1","Read_1979",0.0131553088190766,"Haplotype_A_Unmeth"
"NGS_H19_Hetero_Phased_Rep1","Read_1980",0.0183903242603709,"Haplotype_A_Unmeth"
"NGS_H19_Hetero_Phased_Rep1","Read_1981",0.00967964866232103,"Haplotype_A_Unmeth"
"NGS_H19_Hetero_Phased_Rep1","Read_1982",0.0266318347946278,"Haplotype_A_Unmeth"
"NGS_H19_Hetero_Phased_Rep1","Read_1983",0.983265179640325,"Haplotype_B_Meth"
"NGS_H19_Hetero_Phased_Rep1","Read_1984",0.979739104935434,"Haplotype_B_Meth"
"NGS_H19_Hetero_Phased_Rep1","Read_1985",0.980903833421896,"Haplotype_B_Meth"
"NGS_H19_Hetero_Phased_Rep1","Read_1986",0.0171363885590599,"Haplotype_A_Unmeth"
"NGS_H19_Hetero_Phased_Rep1","Read_1987",0.976700487598501,"Haplotype_B_Meth"
"NGS_H19_Hetero_Phased_Rep1","Read_1988",0.0307842667232499,"Haplotype_A_Unmeth"
"NGS_H19_Hetero_Phased_Rep1","Read_1989",0.0226285261264186,"Haplotype_A_Unmeth"
"NGS_H19_Hetero_Phased_Rep1","Read_1990",0.980971138402668,"Haplotype_B_Meth"
"NGS_H19_Hetero_Phased_Rep1","Read_1991",0.0185725685203693,"Haplotype_A_Unmeth"
"NGS_H19_Hetero_Phased_Rep1","Read_1992",0.974658594527293,"Haplotype_B_Meth"
"NGS_H19_Hetero_Phased_Rep1","Read_1993",0.974073689981409,"Haplotype_B_Meth"
"NGS_H19_Hetero_Phased_Rep1","Read_1994",0.0185894034782282,"Haplotype_A_Unmeth"
"NGS_H19_Hetero_Phased_Rep1","Read_1995",0.976220596678587,"Haplotype_B_Meth"
"NGS_H19_Hetero_Phased_Rep1","Read_1996",0.0166046760402982,"Haplotype_A_Unmeth"
"NGS_H19_Hetero_Phased_Rep1","Read_1997",0.981897926580316,"Haplotype_B_Meth"
"NGS_H19_Hetero_Phased_Rep1","Read_1998",0.0229413366757214,"Haplotype_A_Unmeth"
"NGS_H19_Hetero_Phased_Rep1","Read_1999",0.018921274135463,"Haplotype_A_Unmeth"
"NGS_H19_Hetero_Phased_Rep1","Read_2000",0.985131794527853,"Haplotype_B_Meth"
"NGS_H19_Hetero_Phased_Rep1","Read_2001",0.0177728851260582,"Haplotype_A_Unmeth"
"NGS_H19_Hetero_Phased_Rep1","Read_2002",0.976825367944801,"Haplotype_B_Meth"
"NGS_H19_Hetero_Phased_Rep1","Read_2003",0.983273162565738,"Haplotype_B_Meth"
"NGS_H19_Hetero_Phased_Rep1","Read_2004",0.0156173334251996,"Haplotype_A_Unmeth"
"NGS_H19_Hetero_Phased_Rep1","Read_2005",0.0228324395127657,"Haplotype_A_Unmeth"
"NGS_H19_Hetero_Phased_Rep1","Read_2006",0.974473058586568,"Haplotype_B_Meth"
"NGS_H19_Hetero_Phased_Rep1","Read_2007",0.976541143126895,"Haplotype_B_Meth"
"NGS_H19_Hetero_Phased_Rep1","Read_2008",0.976131589286085,"Haplotype_B_Meth"
"NGS_H19_Hetero_Phased_Rep1","Read_2009",0.0226349040745089,"Haplotype_A_Unmeth"
"NGS_H19_Hetero_Phased_Rep1","Read_2010",0.980083699723883,"Haplotype_B_Meth"
"NGS_H19_Hetero_Phased_Rep1","Read_2011",0.0257864691023029,"Haplotype_A_Unmeth"
"NGS_H19_Hetero_Phased_Rep1","Read_2012",0.0142970643609411,"Haplotype_A_Unmeth"
"NGS_H19_Hetero_Phased_Rep1","Read_2013",0.985660872199386,"Haplotype_B_Meth"
"NGS_H19_Hetero_Phased_Rep1","Read_2014",0.0218409612102313,"Haplotype_A_Unmeth"
"NGS_H19_Hetero_Phased_Rep1","Read_2015",0.974777076265468,"Haplotype_B_Meth"
"NGS_H19_Hetero_Phased_Rep1","Read_2016",0.0302595442381888,"Haplotype_A_Unmeth"
"NGS_H19_Hetero_Phased_Rep1","Read_2017",0.976697547193408,"Haplotype_B_Meth"
"NGS_H19_Hetero_Phased_Rep1","Read_2018",0.0121644664630609,"Haplotype_A_Unmeth"
"NGS_H19_Hetero_Phased_Rep1","Read_2019",0.974542945363657,"Haplotype_B_Meth"
"NGS_H19_Hetero_Phased_Rep1","Read_2020",0.0172118038518937,"Haplotype_A_Unmeth"
"NGS_H19_Hetero_Phased_Rep1","Read_2021",0.0199230405790287,"Haplotype_A_Unmeth"
"NGS_H19_Hetero_Phased_Rep1","Read_2022",0.023625624228174,"Haplotype_A_Unmeth"
"NGS_H19_Hetero_Phased_Rep1","Read_2023",0.983076452131642,"Haplotype_B_Meth"
"NGS_H19_Hetero_Phased_Rep1","Read_2024",0.0226723945051982,"Haplotype_A_Unmeth"
"NGS_H19_Hetero_Phased_Rep1","Read_2025",0.0207591644259826,"Haplotype_A_Unmeth"
"NGS_H19_Hetero_Phased_Rep1","Read_2026",0.979553591880633,"Haplotype_B_Meth"
"NGS_H19_Hetero_Phased_Rep1","Read_2027",0.977125577490483,"Haplotype_B_Meth"
"NGS_H19_Hetero_Phased_Rep1","Read_2028",0.978579742811958,"Haplotype_B_Meth"
"NGS_H19_Hetero_Phased_Rep1","Read_2029",0.980556635998872,"Haplotype_B_Meth"
"NGS_H19_Hetero_Phased_Rep1","Read_2030",0.980642468052653,"Haplotype_B_Meth"
"NGS_H19_Hetero_Phased_Rep1","Read_2031",0.979227340000957,"Haplotype_B_Meth"
"NGS_H19_Hetero_Phased_Rep1","Read_2032",0.0170195064756115,"Haplotype_A_Unmeth"
"NGS_H19_Hetero_Phased_Rep1","Read_2033",0.986217099546461,"Haplotype_B_Meth"
"NGS_H19_Hetero_Phased_Rep1","Read_2034",0.974156384236467,"Haplotype_B_Meth"
"NGS_H19_Hetero_Phased_Rep1","Read_2035",0.0144610574481846,"Haplotype_A_Unmeth"
"NGS_H19_Hetero_Phased_Rep1","Read_2036",0.976353431085257,"Haplotype_B_Meth"
"NGS_H19_Hetero_Phased_Rep1","Read_2037",0.0205036133233457,"Haplotype_A_Unmeth"
"NGS_H19_Hetero_Phased_Rep1","Read_2038",0.0139154875650439,"Haplotype_A_Unmeth"
"NGS_H19_Hetero_Phased_Rep1","Read_2039",0.979097708708895,"Haplotype_B_Meth"
"NGS_H19_Hetero_Phased_Rep1","Read_2040",0.0240879168803135,"Haplotype_A_Unmeth"
"NGS_H19_Hetero_Phased_Rep1","Read_2041",0.023147344337036,"Haplotype_A_Unmeth"
"NGS_H19_Hetero_Phased_Rep1","Read_2042",0.0179365078470905,"Haplotype_A_Unmeth"
"NGS_H19_Hetero_Phased_Rep1","Read_2043",0.0183096521393532,"Haplotype_A_Unmeth"
"NGS_H19_Hetero_Phased_Rep1","Read_2044",0.984201423111978,"Haplotype_B_Meth"
"NGS_H19_Hetero_Phased_Rep1","Read_2045",0.0219997701252392,"Haplotype_A_Unmeth"
"NGS_H19_Hetero_Phased_Rep1","Read_2046",0.988498423771697,"Haplotype_B_Meth"
"NGS_H19_Hetero_Phased_Rep1","Read_2047",0.982948184493424,"Haplotype_B_Meth"
"NGS_H19_Hetero_Phased_Rep1","Read_2048",0.0217956684865661,"Haplotype_A_Unmeth"
"NGS_H19_Hetero_Phased_Rep1","Read_2049",0.979549562140875,"Haplotype_B_Meth"
"NGS_H19_Hetero_Phased_Rep1","Read_2050",0.980550293098415,"Haplotype_B_Meth"
"NGS_H19_Hetero_Phased_Rep1","Read_2051",0.0205632319426404,"Haplotype_A_Unmeth"
"NGS_H19_Hetero_Phased_Rep1","Read_2052",0.966897428871976,"Haplotype_B_Meth"
"NGS_H19_Hetero_Phased_Rep1","Read_2053",0.0161094944190131,"Haplotype_A_Unmeth"
"NGS_H19_Hetero_Phased_Rep1","Read_2054",0.969904664139886,"Haplotype_B_Meth"
"NGS_H19_Hetero_Phased_Rep1","Read_2055",0.979530341970037,"Haplotype_B_Meth"
"NGS_H19_Hetero_Phased_Rep1","Read_2056",0.0208002628381469,"Haplotype_A_Unmeth"
"NGS_H19_Hetero_Phased_Rep1","Read_2057",0.971194838576451,"Haplotype_B_Meth"
"NGS_H19_Hetero_Phased_Rep1","Read_2058",0.980709322089909,"Haplotype_B_Meth"
"NGS_H19_Hetero_Phased_Rep1","Read_2059",0.023919452094892,"Haplotype_A_Unmeth"
"NGS_H19_Hetero_Phased_Rep1","Read_2060",0.018841502425906,"Haplotype_A_Unmeth"
"NGS_H19_Hetero_Phased_Rep1","Read_2061",0.980882551170057,"Haplotype_B_Meth"
"NGS_H19_Hetero_Phased_Rep1","Read_2062",0.975536810183841,"Haplotype_B_Meth"
"NGS_H19_Hetero_Phased_Rep1","Read_2063",0.0167937108669478,"Haplotype_A_Unmeth"
"NGS_H19_Hetero_Phased_Rep1","Read_2064",0.0139297439017698,"Haplotype_A_Unmeth"
"NGS_H19_Hetero_Phased_Rep1","Read_2065",0.972100693037555,"Haplotype_B_Meth"
"NGS_H19_Hetero_Phased_Rep1","Read_2066",0.975984415647626,"Haplotype_B_Meth"
"NGS_H19_Hetero_Phased_Rep1","Read_2067",0.0272035533074217,"Haplotype_A_Unmeth"
"NGS_H19_Hetero_Phased_Rep1","Read_2068",0.976245685460896,"Haplotype_B_Meth"
"NGS_H19_Hetero_Phased_Rep1","Read_2069",0.0184746625288384,"Haplotype_A_Unmeth"
"NGS_H19_Hetero_Phased_Rep1","Read_2070",0.970698931076389,"Haplotype_B_Meth"
"NGS_H19_Hetero_Phased_Rep1","Read_2071",0.0215868887320444,"Haplotype_A_Unmeth"
"NGS_H19_Hetero_Phased_Rep1","Read_2072",0.0278273087578816,"Haplotype_A_Unmeth"
"NGS_H19_Hetero_Phased_Rep1","Read_2073",0.0131002865903204,"Haplotype_A_Unmeth"
"NGS_H19_Hetero_Phased_Rep1","Read_2074",0.0212962855930261,"Haplotype_A_Unmeth"
"NGS_H19_Hetero_Phased_Rep1","Read_2075",0.0223699972952174,"Haplotype_A_Unmeth"
"NGS_H19_Hetero_Phased_Rep1","Read_2076",0.0210505594060927,"Haplotype_A_Unmeth"
"NGS_H19_Hetero_Phased_Rep1","Read_2077",0.975645459605512,"Haplotype_B_Meth"
"NGS_H19_Hetero_Phased_Rep1","Read_2078",0.0207709517271458,"Haplotype_A_Unmeth"
"NGS_H19_Hetero_Phased_Rep1","Read_2079",0.98111284767628,"Haplotype_B_Meth"
"NGS_H19_Hetero_Phased_Rep1","Read_2080",0.0227207784748594,"Haplotype_A_Unmeth"
"NGS_H19_Hetero_Phased_Rep1","Read_2081",0.984230679874072,"Haplotype_B_Meth"
"NGS_H19_Hetero_Phased_Rep1","Read_2082",0.980687758320636,"Haplotype_B_Meth"
"NGS_H19_Hetero_Phased_Rep1","Read_2083",0.983096580089983,"Haplotype_B_Meth"
"NGS_H19_Hetero_Phased_Rep1","Read_2084",0.976977041712472,"Haplotype_B_Meth"
"NGS_H19_Hetero_Phased_Rep1","Read_2085",0.0162930998331186,"Haplotype_A_Unmeth"
"NGS_H19_Hetero_Phased_Rep1","Read_2086",0.0241549843961961,"Haplotype_A_Unmeth"
"NGS_H19_Hetero_Phased_Rep1","Read_2087",0.976021236030968,"Haplotype_B_Meth"
"NGS_H19_Hetero_Phased_Rep1","Read_2088",0.986329552898476,"Haplotype_B_Meth"
"NGS_H19_Hetero_Phased_Rep1","Read_2089",0.978442611830873,"Haplotype_B_Meth"
"NGS_H19_Hetero_Phased_Rep1","Read_2090",0.0230118481228828,"Haplotype_A_Unmeth"
"NGS_H19_Hetero_Phased_Rep1","Read_2091",0.0202280332141166,"Haplotype_A_Unmeth"
"NGS_H19_Hetero_Phased_Rep1","Read_2092",0.0227264369974221,"Haplotype_A_Unmeth"
"NGS_H19_Hetero_Phased_Rep1","Read_2093",0.980220414647275,"Haplotype_B_Meth"
"NGS_H19_Hetero_Phased_Rep1","Read_2094",0.979955081377426,"Haplotype_B_Meth"
"NGS_H19_Hetero_Phased_Rep1","Read_2095",0.982527115322018,"Haplotype_B_Meth"
"NGS_H19_Hetero_Phased_Rep1","Read_2096",0.980191273866998,"Haplotype_B_Meth"
"NGS_H19_Hetero_Phased_Rep1","Read_2097",0.0261341035452742,"Haplotype_A_Unmeth"
"NGS_H19_Hetero_Phased_Rep1","Read_2098",0.0162618646834159,"Haplotype_A_Unmeth"
"NGS_H19_Hetero_Phased_Rep1","Read_2099",0.98171415905215,"Haplotype_B_Meth"
"NGS_H19_Hetero_Phased_Rep1","Read_2100",0.0164849597294298,"Haplotype_A_Unmeth"
"NGS_H19_Hetero_Phased_Rep1","Read_2101",0.97818799583598,"Haplotype_B_Meth"
"NGS_H19_Hetero_Phased_Rep1","Read_2102",0.984728700455081,"Haplotype_B_Meth"
"NGS_H19_Hetero_Phased_Rep1","Read_2103",0.0231645618437902,"Haplotype_A_Unmeth"
"NGS_H19_Hetero_Phased_Rep1","Read_2104",0.0216383421283275,"Haplotype_A_Unmeth"
"NGS_H19_Hetero_Phased_Rep1","Read_2105",0.0237566830130112,"Haplotype_A_Unmeth"
"NGS_H19_Hetero_Phased_Rep1","Read_2106",0.987766116460623,"Haplotype_B_Meth"
"NGS_H19_Hetero_Phased_Rep1","Read_2107",0.985488062370855,"Haplotype_B_Meth"
"NGS_H19_Hetero_Phased_Rep1","Read_2108",0.986835711430587,"Haplotype_B_Meth"
"NGS_H19_Hetero_Phased_Rep1","Read_2109",0.0162735644073773,"Haplotype_A_Unmeth"
"NGS_H19_Hetero_Phased_Rep1","Read_2110",0.98022516851521,"Haplotype_B_Meth"
"NGS_H19_Hetero_Phased_Rep1","Read_2111",0.0217419508284257,"Haplotype_A_Unmeth"
"NGS_H19_Hetero_Phased_Rep1","Read_2112",0.0163660049470158,"Haplotype_A_Unmeth"
"NGS_H19_Hetero_Phased_Rep1","Read_2113",0.978944516894573,"Haplotype_B_Meth"
"NGS_H19_Hetero_Phased_Rep1","Read_2114",0.98210154482734,"Haplotype_B_Meth"
"NGS_H19_Hetero_Phased_Rep1","Read_2115",0.982288202663269,"Haplotype_B_Meth"
"NGS_H19_Hetero_Phased_Rep1","Read_2116",0.0230902251254522,"Haplotype_A_Unmeth"
"NGS_H19_Hetero_Phased_Rep1","Read_2117",0.981772227679223,"Haplotype_B_Meth"
"NGS_H19_Hetero_Phased_Rep1","Read_2118",0.985812289520575,"Haplotype_B_Meth"
"NGS_H19_Hetero_Phased_Rep1","Read_2119",0.020207359789625,"Haplotype_A_Unmeth"
"NGS_H19_Hetero_Phased_Rep1","Read_2120",0.0129704076472331,"Haplotype_A_Unmeth"
"NGS_H19_Hetero_Phased_Rep1","Read_2121",0.0162282784339587,"Haplotype_A_Unmeth"
"NGS_H19_Hetero_Phased_Rep1","Read_2122",0.0149702182864458,"Haplotype_A_Unmeth"
"NGS_H19_Hetero_Phased_Rep1","Read_2123",0.0259880397250514,"Haplotype_A_Unmeth"
"NGS_H19_Hetero_Phased_Rep1","Read_2124",0.024798520655427,"Haplotype_A_Unmeth"
"NGS_H19_Hetero_Phased_Rep1","Read_2125",0.0206842756660599,"Haplotype_A_Unmeth"
"NGS_H19_Hetero_Phased_Rep1","Read_2126",0.979886699499013,"Haplotype_B_Meth"
"NGS_H19_Hetero_Phased_Rep1","Read_2127",0.977514261630971,"Haplotype_B_Meth"
"NGS_H19_Hetero_Phased_Rep1","Read_2128",0.0156855952326292,"Haplotype_A_Unmeth"
"NGS_H19_Hetero_Phased_Rep1","Read_2129",0.978778410247444,"Haplotype_B_Meth"
"NGS_H19_Hetero_Phased_Rep1","Read_2130",0.977312495212433,"Haplotype_B_Meth"
"NGS_H19_Hetero_Phased_Rep1","Read_2131",0.975971233016915,"Haplotype_B_Meth"
"NGS_H19_Hetero_Phased_Rep1","Read_2132",0.978011697924995,"Haplotype_B_Meth"
"NGS_H19_Hetero_Phased_Rep1","Read_2133",0.0285753616311032,"Haplotype_A_Unmeth"
"NGS_H19_Hetero_Phased_Rep1","Read_2134",0.975033006142156,"Haplotype_B_Meth"
"NGS_H19_Hetero_Phased_Rep1","Read_2135",0.977580702092404,"Haplotype_B_Meth"
"NGS_H19_Hetero_Phased_Rep1","Read_2136",0.980904214900335,"Haplotype_B_Meth"
"NGS_H19_Hetero_Phased_Rep1","Read_2137",0.0181341021914403,"Haplotype_A_Unmeth"
"NGS_H19_Hetero_Phased_Rep1","Read_2138",0.98459026880277,"Haplotype_B_Meth"
"NGS_H19_Hetero_Phased_Rep1","Read_2139",0.982715677511838,"Haplotype_B_Meth"
"NGS_H19_Hetero_Phased_Rep1","Read_2140",0.98036619295662,"Haplotype_B_Meth"
"NGS_H19_Hetero_Phased_Rep1","Read_2141",0.984292020243073,"Haplotype_B_Meth"
"NGS_H19_Hetero_Phased_Rep1","Read_2142",0.97716081369541,"Haplotype_B_Meth"
"NGS_H19_Hetero_Phased_Rep1","Read_2143",0.0158452897207768,"Haplotype_A_Unmeth"
"NGS_H19_Hetero_Phased_Rep1","Read_2144",0.980916952707952,"Haplotype_B_Meth"
"NGS_H19_Hetero_Phased_Rep1","Read_2145",0.986429394973402,"Haplotype_B_Meth"
"NGS_H19_Hetero_Phased_Rep1","Read_2146",0.023499104010178,"Haplotype_A_Unmeth"
"NGS_H19_Hetero_Phased_Rep1","Read_2147",0.0180284122036408,"Haplotype_A_Unmeth"
"NGS_H19_Hetero_Phased_Rep1","Read_2148",0.0176737779990471,"Haplotype_A_Unmeth"
"NGS_H19_Hetero_Phased_Rep1","Read_2149",0.0129925908852913,"Haplotype_A_Unmeth"
"NGS_H19_Hetero_Phased_Rep1","Read_2150",0.981556414685489,"Haplotype_B_Meth"
"NGS_H19_Hetero_Phased_Rep1","Read_2151",0.979453663261908,"Haplotype_B_Meth"
"NGS_H19_Hetero_Phased_Rep1","Read_2152",0.979739101235102,"Haplotype_B_Meth"
"NGS_H19_Hetero_Phased_Rep1","Read_2153",0.0206162854753375,"Haplotype_A_Unmeth"
"NGS_H19_Hetero_Phased_Rep1","Read_2154",0.0220112659547986,"Haplotype_A_Unmeth"
"NGS_H19_Hetero_Phased_Rep1","Read_2155",0.0166429195563795,"Haplotype_A_Unmeth"
"NGS_H19_Hetero_Phased_Rep1","Read_2156",0.987289152489642,"Haplotype_B_Meth"
"NGS_H19_Hetero_Phased_Rep1","Read_2157",0.984765870497272,"Haplotype_B_Meth"
"NGS_H19_Hetero_Phased_Rep1","Read_2158",0.0159410650659298,"Haplotype_A_Unmeth"
"NGS_H19_Hetero_Phased_Rep1","Read_2159",0.0137431284033815,"Haplotype_A_Unmeth"
"NGS_H19_Hetero_Phased_Rep1","Read_2160",0.0163604028292665,"Haplotype_A_Unmeth"
"NGS_H19_Hetero_Phased_Rep1","Read_2161",0.0295987568337869,"Haplotype_A_Unmeth"
"NGS_H19_Hetero_Phased_Rep1","Read_2162",0.979707147811376,"Haplotype_B_Meth"
"NGS_H19_Hetero_Phased_Rep1","Read_2163",0.984267145249046,"Haplotype_B_Meth"
"NGS_H19_Hetero_Phased_Rep1","Read_2164",0.981457803608552,"Haplotype_B_Meth"
"NGS_H19_Hetero_Phased_Rep1","Read_2165",0.0177112624291625,"Haplotype_A_Unmeth"
"NGS_H19_Hetero_Phased_Rep1","Read_2166",0.0202635737740803,"Haplotype_A_Unmeth"
"NGS_H19_Hetero_Phased_Rep1","Read_2167",0.985094202290912,"Haplotype_B_Meth"
"NGS_H19_Hetero_Phased_Rep1","Read_2168",0.0171457861913929,"Haplotype_A_Unmeth"
"NGS_H19_Hetero_Phased_Rep1","Read_2169",0.984805656938546,"Haplotype_B_Meth"
"NGS_H19_Hetero_Phased_Rep1","Read_2170",0.0171424696673719,"Haplotype_A_Unmeth"
"NGS_H19_Hetero_Phased_Rep1","Read_2171",0.018548724277302,"Haplotype_A_Unmeth"
"NGS_H19_Hetero_Phased_Rep1","Read_2172",0.0245764580594048,"Haplotype_A_Unmeth"
"NGS_H19_Hetero_Phased_Rep1","Read_2173",0.0242578927588883,"Haplotype_A_Unmeth"
"NGS_H19_Hetero_Phased_Rep1","Read_2174",0.977705156620634,"Haplotype_B_Meth"
"NGS_H19_Hetero_Phased_Rep1","Read_2175",0.0173447962038249,"Haplotype_A_Unmeth"
"NGS_H19_Hetero_Phased_Rep1","Read_2176",0.980379086048319,"Haplotype_B_Meth"
"NGS_H19_Hetero_Phased_Rep1","Read_2177",0.0213286617346183,"Haplotype_A_Unmeth"
"NGS_H19_Hetero_Phased_Rep1","Read_2178",0.0199124169493506,"Haplotype_A_Unmeth"
"NGS_H19_Hetero_Phased_Rep1","Read_2179",0.987123461201443,"Haplotype_B_Meth"
"NGS_H19_Hetero_Phased_Rep1","Read_2180",0.0224428581921463,"Haplotype_A_Unmeth"
"NGS_H19_Hetero_Phased_Rep1","Read_2181",0.0214905203489696,"Haplotype_A_Unmeth"
"NGS_H19_Hetero_Phased_Rep1","Read_2182",0.972357277519628,"Haplotype_B_Meth"
"NGS_H19_Hetero_Phased_Rep1","Read_2183",0.982602621578318,"Haplotype_B_Meth"
"NGS_H19_Hetero_Phased_Rep1","Read_2184",0.971725875331536,"Haplotype_B_Meth"
"NGS_H19_Hetero_Phased_Rep1","Read_2185",0.985739461132773,"Haplotype_B_Meth"
"NGS_H19_Hetero_Phased_Rep1","Read_2186",0.979582255192601,"Haplotype_B_Meth"
"NGS_H19_Hetero_Phased_Rep1","Read_2187",0.985920048329208,"Haplotype_B_Meth"
"NGS_H19_Hetero_Phased_Rep1","Read_2188",0.0234835953016763,"Haplotype_A_Unmeth"
"NGS_H19_Hetero_Phased_Rep1","Read_2189",0.982695025340593,"Haplotype_B_Meth"
"NGS_H19_Hetero_Phased_Rep1","Read_2190",0.976371194332134,"Haplotype_B_Meth"
"NGS_H19_Hetero_Phased_Rep1","Read_2191",0.0238408190329886,"Haplotype_A_Unmeth"
"NGS_H19_Hetero_Phased_Rep1","Read_2192",0.0253745303511634,"Haplotype_A_Unmeth"
"NGS_H19_Hetero_Phased_Rep1","Read_2193",0.971203246345632,"Haplotype_B_Meth"
"NGS_H19_Hetero_Phased_Rep1","Read_2194",0.979032519538254,"Haplotype_B_Meth"
"NGS_H19_Hetero_Phased_Rep1","Read_2195",0.0147480353677734,"Haplotype_A_Unmeth"
"NGS_H19_Hetero_Phased_Rep1","Read_2196",0.0265929570401527,"Haplotype_A_Unmeth"
"NGS_H19_Hetero_Phased_Rep1","Read_2197",0.0177935517929921,"Haplotype_A_Unmeth"
"NGS_H19_Hetero_Phased_Rep1","Read_2198",0.981538316373185,"Haplotype_B_Meth"
"NGS_H19_Hetero_Phased_Rep1","Read_2199",0.978403020191006,"Haplotype_B_Meth"
"NGS_H19_Hetero_Phased_Rep1","Read_2200",0.978821150532036,"Haplotype_B_Meth"
"NGS_H19_Hetero_Phased_Rep1","Read_2201",0.982352601831387,"Haplotype_B_Meth"
"NGS_H19_Hetero_Phased_Rep1","Read_2202",0.979954224307487,"Haplotype_B_Meth"
"NGS_H19_Hetero_Phased_Rep1","Read_2203",0.0126775686392435,"Haplotype_A_Unmeth"
"NGS_H19_Hetero_Phased_Rep1","Read_2204",0.979435901723384,"Haplotype_B_Meth"
"NGS_H19_Hetero_Phased_Rep1","Read_2205",0.97754181224996,"Haplotype_B_Meth"
"NGS_H19_Hetero_Phased_Rep1","Read_2206",0.0156087474296287,"Haplotype_A_Unmeth"
"NGS_H19_Hetero_Phased_Rep1","Read_2207",0.0141014749369224,"Haplotype_A_Unmeth"
"NGS_H19_Hetero_Phased_Rep1","Read_2208",0.0258495756950327,"Haplotype_A_Unmeth"
"NGS_H19_Hetero_Phased_Rep1","Read_2209",0.982647388650368,"Haplotype_B_Meth"
"NGS_H19_Hetero_Phased_Rep1","Read_2210",0.978402131791445,"Haplotype_B_Meth"
"NGS_H19_Hetero_Phased_Rep1","Read_2211",0.980240487491031,"Haplotype_B_Meth"
"NGS_H19_Hetero_Phased_Rep1","Read_2212",0.0184626680706544,"Haplotype_A_Unmeth"
"NGS_H19_Hetero_Phased_Rep1","Read_2213",0.9772952359391,"Haplotype_B_Meth"
"NGS_H19_Hetero_Phased_Rep1","Read_2214",0.0134651355189315,"Haplotype_A_Unmeth"
"NGS_H19_Hetero_Phased_Rep1","Read_2215",0.974538291877059,"Haplotype_B_Meth"
"NGS_H19_Hetero_Phased_Rep1","Read_2216",0.978340413726139,"Haplotype_B_Meth"
"NGS_H19_Hetero_Phased_Rep1","Read_2217",0.017818286744423,"Haplotype_A_Unmeth"
"NGS_H19_Hetero_Phased_Rep1","Read_2218",0.983410103981434,"Haplotype_B_Meth"
"NGS_H19_Hetero_Phased_Rep1","Read_2219",0.0166045388723126,"Haplotype_A_Unmeth"
"NGS_H19_Hetero_Phased_Rep1","Read_2220",0.0177972157054485,"Haplotype_A_Unmeth"
"NGS_H19_Hetero_Phased_Rep1","Read_2221",0.981258434525749,"Haplotype_B_Meth"
"NGS_H19_Hetero_Phased_Rep1","Read_2222",0.0206585374146568,"Haplotype_A_Unmeth"
"NGS_H19_Hetero_Phased_Rep1","Read_2223",0.983381651384124,"Haplotype_B_Meth"
"NGS_H19_Hetero_Phased_Rep1","Read_2224",0.026100129314244,"Haplotype_A_Unmeth"
"NGS_H19_Hetero_Phased_Rep1","Read_2225",0.973998282125882,"Haplotype_B_Meth"
"NGS_H19_Hetero_Phased_Rep1","Read_2226",0.0268400560317036,"Haplotype_A_Unmeth"
"NGS_H19_Hetero_Phased_Rep1","Read_2227",0.979796265465262,"Haplotype_B_Meth"
"NGS_H19_Hetero_Phased_Rep1","Read_2228",0.0155591311678462,"Haplotype_A_Unmeth"
"NGS_H19_Hetero_Phased_Rep1","Read_2229",0.016368372517351,"Haplotype_A_Unmeth"
"NGS_H19_Hetero_Phased_Rep1","Read_2230",0.986099299949233,"Haplotype_B_Meth"
"NGS_H19_Hetero_Phased_Rep1","Read_2231",0.976801356647809,"Haplotype_B_Meth"
"NGS_H19_Hetero_Phased_Rep1","Read_2232",0.975385321183935,"Haplotype_B_Meth"
"NGS_H19_Hetero_Phased_Rep1","Read_2233",0.0187505453879929,"Haplotype_A_Unmeth"
"NGS_H19_Hetero_Phased_Rep1","Read_2234",0.982030414328967,"Haplotype_B_Meth"
"NGS_H19_Hetero_Phased_Rep1","Read_2235",0.0158372037864202,"Haplotype_A_Unmeth"
"NGS_H19_Hetero_Phased_Rep1","Read_2236",0.969487381296836,"Haplotype_B_Meth"
"NGS_H19_Hetero_Phased_Rep1","Read_2237",0.978435536375453,"Haplotype_B_Meth"
"NGS_H19_Hetero_Phased_Rep1","Read_2238",0.0170170467574357,"Haplotype_A_Unmeth"
"NGS_H19_Hetero_Phased_Rep1","Read_2239",0.975874243685159,"Haplotype_B_Meth"
"NGS_H19_Hetero_Phased_Rep1","Read_2240",0.979695143266229,"Haplotype_B_Meth"
"NGS_H19_Hetero_Phased_Rep1","Read_2241",0.0186015068407823,"Haplotype_A_Unmeth"
"NGS_H19_Hetero_Phased_Rep1","Read_2242",0.0189569970115344,"Haplotype_A_Unmeth"
"NGS_H19_Hetero_Phased_Rep1","Read_2243",0.978242686050873,"Haplotype_B_Meth"
"NGS_H19_Hetero_Phased_Rep1","Read_2244",0.976315006613516,"Haplotype_B_Meth"
"NGS_H19_Hetero_Phased_Rep1","Read_2245",0.984897965015149,"Haplotype_B_Meth"
"NGS_H19_Hetero_Phased_Rep1","Read_2246",0.982121688061437,"Haplotype_B_Meth"
"NGS_H19_Hetero_Phased_Rep1","Read_2247",0.0199344024108636,"Haplotype_A_Unmeth"
"NGS_H19_Hetero_Phased_Rep1","Read_2248",0.989074058516462,"Haplotype_B_Meth"
"NGS_H19_Hetero_Phased_Rep1","Read_2249",0.970168189138217,"Haplotype_B_Meth"
"NGS_H19_Hetero_Phased_Rep1","Read_2250",0.0214545691645016,"Haplotype_A_Unmeth"
"NGS_H19_Hetero_Phased_Rep1","Read_2251",0.981106760243674,"Haplotype_B_Meth"
"NGS_H19_Hetero_Phased_Rep1","Read_2252",0.0334842724136837,"Haplotype_A_Unmeth"
"NGS_H19_Hetero_Phased_Rep1","Read_2253",0.0128870044461357,"Haplotype_A_Unmeth"
"NGS_H19_Hetero_Phased_Rep1","Read_2254",0.0174155941164963,"Haplotype_A_Unmeth"
"NGS_H19_Hetero_Phased_Rep1","Read_2255",0.979849978199529,"Haplotype_B_Meth"
"NGS_H19_Hetero_Phased_Rep1","Read_2256",0.0196731143912636,"Haplotype_A_Unmeth"
"NGS_H19_Hetero_Phased_Rep1","Read_2257",0.0303409240373041,"Haplotype_A_Unmeth"
"NGS_H19_Hetero_Phased_Rep1","Read_2258",0.0266075345420147,"Haplotype_A_Unmeth"
"NGS_H19_Hetero_Phased_Rep1","Read_2259",0.0180484218697273,"Haplotype_A_Unmeth"
"NGS_H19_Hetero_Phased_Rep1","Read_2260",0.020511221965936,"Haplotype_A_Unmeth"
"NGS_H19_Hetero_Phased_Rep1","Read_2261",0.974944846090296,"Haplotype_B_Meth"
"NGS_H19_Hetero_Phased_Rep1","Read_2262",0.978218018304814,"Haplotype_B_Meth"
"NGS_H19_Hetero_Phased_Rep1","Read_2263",0.0169959882027058,"Haplotype_A_Unmeth"
"NGS_H19_Hetero_Phased_Rep1","Read_2264",0.977646273332489,"Haplotype_B_Meth"
"NGS_H19_Hetero_Phased_Rep1","Read_2265",0.974065128251723,"Haplotype_B_Meth"
"NGS_H19_Hetero_Phased_Rep1","Read_2266",0.971743077794787,"Haplotype_B_Meth"
"NGS_H19_Hetero_Phased_Rep1","Read_2267",0.984180291428692,"Haplotype_B_Meth"
"NGS_H19_Hetero_Phased_Rep1","Read_2268",0.016758582160102,"Haplotype_A_Unmeth"
"NGS_H19_Hetero_Phased_Rep1","Read_2269",0.97844239299219,"Haplotype_B_Meth"
"NGS_H19_Hetero_Phased_Rep1","Read_2270",0.98227950373336,"Haplotype_B_Meth"
"NGS_H19_Hetero_Phased_Rep1","Read_2271",0.0166698960571167,"Haplotype_A_Unmeth"
"NGS_H19_Hetero_Phased_Rep1","Read_2272",0.980783463143358,"Haplotype_B_Meth"
"NGS_H19_Hetero_Phased_Rep1","Read_2273",0.0336035061902612,"Haplotype_A_Unmeth"
"NGS_H19_Hetero_Phased_Rep1","Read_2274",0.977792383332962,"Haplotype_B_Meth"
"NGS_H19_Hetero_Phased_Rep1","Read_2275",0.981566420303174,"Haplotype_B_Meth"
"NGS_H19_Hetero_Phased_Rep1","Read_2276",0.0145354087967813,"Haplotype_A_Unmeth"
"NGS_H19_Hetero_Phased_Rep1","Read_2277",0.985536294996339,"Haplotype_B_Meth"
"NGS_H19_Hetero_Phased_Rep1","Read_2278",0.0284471375664176,"Haplotype_A_Unmeth"
"NGS_H19_Hetero_Phased_Rep1","Read_2279",0.981417615567285,"Haplotype_B_Meth"
"NGS_H19_Hetero_Phased_Rep1","Read_2280",0.0199667503046375,"Haplotype_A_Unmeth"
"NGS_H19_Hetero_Phased_Rep1","Read_2281",0.985839473001107,"Haplotype_B_Meth"
"NGS_H19_Hetero_Phased_Rep1","Read_2282",0.0241773357445283,"Haplotype_A_Unmeth"
"NGS_H19_Hetero_Phased_Rep1","Read_2283",0.985105265393786,"Haplotype_B_Meth"
"NGS_H19_Hetero_Phased_Rep1","Read_2284",0.0147162451381764,"Haplotype_A_Unmeth"
"NGS_H19_Hetero_Phased_Rep1","Read_2285",0.0275742551723604,"Haplotype_A_Unmeth"
"NGS_H19_Hetero_Phased_Rep1","Read_2286",0.0232622246693187,"Haplotype_A_Unmeth"
"NGS_H19_Hetero_Phased_Rep1","Read_2287",0.0216602654814289,"Haplotype_A_Unmeth"
"NGS_H19_Hetero_Phased_Rep1","Read_2288",0.982192311365593,"Haplotype_B_Meth"
"NGS_H19_Hetero_Phased_Rep1","Read_2289",0.973035639202905,"Haplotype_B_Meth"
"NGS_H19_Hetero_Phased_Rep1","Read_2290",0.0179757561981738,"Haplotype_A_Unmeth"
"NGS_H19_Hetero_Phased_Rep1","Read_2291",0.985014778109582,"Haplotype_B_Meth"
"NGS_H19_Hetero_Phased_Rep1","Read_2292",0.980075085480852,"Haplotype_B_Meth"
"NGS_H19_Hetero_Phased_Rep1","Read_2293",0.018330527828855,"Haplotype_A_Unmeth"
"NGS_H19_Hetero_Phased_Rep1","Read_2294",0.986481002005145,"Haplotype_B_Meth"
"NGS_H19_Hetero_Phased_Rep1","Read_2295",0.985335784727888,"Haplotype_B_Meth"
"NGS_H19_Hetero_Phased_Rep1","Read_2296",0.987556431953603,"Haplotype_B_Meth"
"NGS_H19_Hetero_Phased_Rep1","Read_2297",0.0169409490192256,"Haplotype_A_Unmeth"
"NGS_H19_Hetero_Phased_Rep1","Read_2298",0.979753539583056,"Haplotype_B_Meth"
"NGS_H19_Hetero_Phased_Rep1","Read_2299",0.983016907760549,"Haplotype_B_Meth"
"NGS_H19_Hetero_Phased_Rep1","Read_2300",0.982530359784815,"Haplotype_B_Meth"
"NGS_H19_Hetero_Phased_Rep1","Read_2301",0.0233644092333377,"Haplotype_A_Unmeth"
"NGS_H19_Hetero_Phased_Rep1","Read_2302",0.0191192060623162,"Haplotype_A_Unmeth"
"NGS_H19_Hetero_Phased_Rep1","Read_2303",0.980781785324844,"Haplotype_B_Meth"
"NGS_H19_Hetero_Phased_Rep1","Read_2304",0.0226513834604432,"Haplotype_A_Unmeth"
"NGS_H19_Hetero_Phased_Rep1","Read_2305",0.990503478373673,"Haplotype_B_Meth"
"NGS_H19_Hetero_Phased_Rep1","Read_2306",0.0163852720906439,"Haplotype_A_Unmeth"
"NGS_H19_Hetero_Phased_Rep1","Read_2307",0.0206127471484017,"Haplotype_A_Unmeth"
"NGS_H19_Hetero_Phased_Rep1","Read_2308",0.0120770039178877,"Haplotype_A_Unmeth"
"NGS_H19_Hetero_Phased_Rep1","Read_2309",0.0184267997026167,"Haplotype_A_Unmeth"
"NGS_H19_Hetero_Phased_Rep1","Read_2310",0.983751461378387,"Haplotype_B_Meth"
"NGS_H19_Hetero_Phased_Rep1","Read_2311",0.978317395524436,"Haplotype_B_Meth"
"NGS_H19_Hetero_Phased_Rep1","Read_2312",0.976578676240946,"Haplotype_B_Meth"
"NGS_H19_Hetero_Phased_Rep1","Read_2313",0.981805346128197,"Haplotype_B_Meth"
"NGS_H19_Hetero_Phased_Rep1","Read_2314",0.0185908180100461,"Haplotype_A_Unmeth"
"NGS_H19_Hetero_Phased_Rep1","Read_2315",0.023562419001877,"Haplotype_A_Unmeth"
"NGS_H19_Hetero_Phased_Rep1","Read_2316",0.984788144087852,"Haplotype_B_Meth"
"NGS_H19_Hetero_Phased_Rep1","Read_2317",0.981799388520652,"Haplotype_B_Meth"
"NGS_H19_Hetero_Phased_Rep1","Read_2318",0.98249771605483,"Haplotype_B_Meth"
"NGS_H19_Hetero_Phased_Rep1","Read_2319",0.0222079135962027,"Haplotype_A_Unmeth"
"NGS_H19_Hetero_Phased_Rep1","Read_2320",0.0200722906592414,"Haplotype_A_Unmeth"
"NGS_H19_Hetero_Phased_Rep1","Read_2321",0.982468739136079,"Haplotype_B_Meth"
"NGS_H19_Hetero_Phased_Rep1","Read_2322",0.0176238698477784,"Haplotype_A_Unmeth"
"NGS_H19_Hetero_Phased_Rep1","Read_2323",0.0184590880348375,"Haplotype_A_Unmeth"
"NGS_H19_Hetero_Phased_Rep1","Read_2324",0.975624900816139,"Haplotype_B_Meth"
"NGS_H19_Hetero_Phased_Rep1","Read_2325",0.979152476313777,"Haplotype_B_Meth"
"NGS_H19_Hetero_Phased_Rep1","Read_2326",0.989222452943457,"Haplotype_B_Meth"
"NGS_H19_Hetero_Phased_Rep1","Read_2327",0.973706735782864,"Haplotype_B_Meth"
"NGS_H19_Hetero_Phased_Rep1","Read_2328",0.0180527621859916,"Haplotype_A_Unmeth"
"NGS_H19_Hetero_Phased_Rep1","Read_2329",0.977739492520825,"Haplotype_B_Meth"
"NGS_H19_Hetero_Phased_Rep1","Read_2330",0.0204022513324151,"Haplotype_A_Unmeth"
"NGS_H19_Hetero_Phased_Rep1","Read_2331",0.0157078149608189,"Haplotype_A_Unmeth"
"NGS_H19_Hetero_Phased_Rep1","Read_2332",0.0285915924002338,"Haplotype_A_Unmeth"
"NGS_H19_Hetero_Phased_Rep1","Read_2333",0.980325193849355,"Haplotype_B_Meth"
"NGS_H19_Hetero_Phased_Rep1","Read_2334",0.983906420601487,"Haplotype_B_Meth"
"NGS_H19_Hetero_Phased_Rep1","Read_2335",0.987454575547648,"Haplotype_B_Meth"
"NGS_H19_Hetero_Phased_Rep1","Read_2336",0.983785031393257,"Haplotype_B_Meth"
"NGS_H19_Hetero_Phased_Rep1","Read_2337",0.98644558317373,"Haplotype_B_Meth"
"NGS_H19_Hetero_Phased_Rep1","Read_2338",0.0188959452206983,"Haplotype_A_Unmeth"
"NGS_H19_Hetero_Phased_Rep1","Read_2339",0.0263900620265942,"Haplotype_A_Unmeth"
"NGS_H19_Hetero_Phased_Rep1","Read_2340",0.0153703011611015,"Haplotype_A_Unmeth"
"NGS_H19_Hetero_Phased_Rep1","Read_2341",0.018178279667888,"Haplotype_A_Unmeth"
"NGS_H19_Hetero_Phased_Rep1","Read_2342",0.01601516068855,"Haplotype_A_Unmeth"
"NGS_H19_Hetero_Phased_Rep1","Read_2343",0.977522100352199,"Haplotype_B_Meth"
"NGS_H19_Hetero_Phased_Rep1","Read_2344",0.0232264619191947,"Haplotype_A_Unmeth"
"NGS_H19_Hetero_Phased_Rep1","Read_2345",0.0225274300497285,"Haplotype_A_Unmeth"
"NGS_H19_Hetero_Phased_Rep1","Read_2346",0.987289743399152,"Haplotype_B_Meth"
"NGS_H19_Hetero_Phased_Rep1","Read_2347",0.979499754563611,"Haplotype_B_Meth"
"NGS_H19_Hetero_Phased_Rep1","Read_2348",0.0202540905856113,"Haplotype_A_Unmeth"
"NGS_H19_Hetero_Phased_Rep1","Read_2349",0.0165961323328722,"Haplotype_A_Unmeth"
"NGS_H19_Hetero_Phased_Rep1","Read_2350",0.982134674881641,"Haplotype_B_Meth"
"NGS_H19_Hetero_Phased_Rep1","Read_2351",0.956683704146677,"Haplotype_B_Meth"
"NGS_H19_Hetero_Phased_Rep1","Read_2352",0.0242688245625698,"Haplotype_A_Unmeth"
"NGS_H19_Hetero_Phased_Rep1","Read_2353",0.0186287974001354,"Haplotype_A_Unmeth"
"NGS_H19_Hetero_Phased_Rep1","Read_2354",0.0173099728027534,"Haplotype_A_Unmeth"
"NGS_H19_Hetero_Phased_Rep1","Read_2355",0.974261856206295,"Haplotype_B_Meth"
"NGS_H19_Hetero_Phased_Rep1","Read_2356",0.980943496488165,"Haplotype_B_Meth"
"NGS_H19_Hetero_Phased_Rep1","Read_2357",0.982882370087792,"Haplotype_B_Meth"
"NGS_H19_Hetero_Phased_Rep1","Read_2358",0.983059958676892,"Haplotype_B_Meth"
"NGS_H19_Hetero_Phased_Rep1","Read_2359",0.979552459666026,"Haplotype_B_Meth"
"NGS_H19_Hetero_Phased_Rep1","Read_2360",0.986495109381954,"Haplotype_B_Meth"
"NGS_H19_Hetero_Phased_Rep1","Read_2361",0.979404308562753,"Haplotype_B_Meth"
"NGS_H19_Hetero_Phased_Rep1","Read_2362",0.981614139439247,"Haplotype_B_Meth"
"NGS_H19_Hetero_Phased_Rep1","Read_2363",0.979898696618944,"Haplotype_B_Meth"
"NGS_H19_Hetero_Phased_Rep1","Read_2364",0.0154511215467099,"Haplotype_A_Unmeth"
"NGS_H19_Hetero_Phased_Rep1","Read_2365",0.986234794204244,"Haplotype_B_Meth"
"NGS_H19_Hetero_Phased_Rep1","Read_2366",0.978664420908953,"Haplotype_B_Meth"
"NGS_H19_Hetero_Phased_Rep1","Read_2367",0.0190026178683709,"Haplotype_A_Unmeth"
"NGS_H19_Hetero_Phased_Rep1","Read_2368",0.0128385338769965,"Haplotype_A_Unmeth"
"NGS_H19_Hetero_Phased_Rep1","Read_2369",0.986237832759887,"Haplotype_B_Meth"
"NGS_H19_Hetero_Phased_Rep1","Read_2370",0.977828577066755,"Haplotype_B_Meth"
"NGS_H19_Hetero_Phased_Rep1","Read_2371",0.0344007432376902,"Haplotype_A_Unmeth"
"NGS_H19_Hetero_Phased_Rep1","Read_2372",0.0118216425209238,"Haplotype_A_Unmeth"
"NGS_H19_Hetero_Phased_Rep1","Read_2373",0.980655897928073,"Haplotype_B_Meth"
"NGS_H19_Hetero_Phased_Rep1","Read_2374",0.0140350409836093,"Haplotype_A_Unmeth"
"NGS_H19_Hetero_Phased_Rep1","Read_2375",0.022387838513317,"Haplotype_A_Unmeth"
"NGS_H19_Hetero_Phased_Rep1","Read_2376",0.969254551588526,"Haplotype_B_Meth"
"NGS_H19_Hetero_Phased_Rep1","Read_2377",0.0234307585543876,"Haplotype_A_Unmeth"
"NGS_H19_Hetero_Phased_Rep1","Read_2378",0.978239548795442,"Haplotype_B_Meth"
"NGS_H19_Hetero_Phased_Rep1","Read_2379",0.0287256609309867,"Haplotype_A_Unmeth"
"NGS_H19_Hetero_Phased_Rep1","Read_2380",0.0204781675313503,"Haplotype_A_Unmeth"
"NGS_H19_Hetero_Phased_Rep1","Read_2381",0.0247533910851805,"Haplotype_A_Unmeth"
"NGS_H19_Hetero_Phased_Rep1","Read_2382",0.97909740324647,"Haplotype_B_Meth"
"NGS_H19_Hetero_Phased_Rep1","Read_2383",0.980894478764115,"Haplotype_B_Meth"
"NGS_H19_Hetero_Phased_Rep1","Read_2384",0.976714348660216,"Haplotype_B_Meth"
"NGS_H19_Hetero_Phased_Rep1","Read_2385",0.0267117171106729,"Haplotype_A_Unmeth"
"NGS_H19_Hetero_Phased_Rep1","Read_2386",0.0141095463733028,"Haplotype_A_Unmeth"
"NGS_H19_Hetero_Phased_Rep1","Read_2387",0.979813116208733,"Haplotype_B_Meth"
"NGS_H19_Hetero_Phased_Rep1","Read_2388",0.970884306604947,"Haplotype_B_Meth"
"NGS_H19_Hetero_Phased_Rep1","Read_2389",0.00997687225493184,"Haplotype_A_Unmeth"
"NGS_H19_Hetero_Phased_Rep1","Read_2390",0.978150492971133,"Haplotype_B_Meth"
"NGS_H19_Hetero_Phased_Rep1","Read_2391",0.0142571165878521,"Haplotype_A_Unmeth"
"NGS_H19_Hetero_Phased_Rep1","Read_2392",0.979448094163339,"Haplotype_B_Meth"
"NGS_H19_Hetero_Phased_Rep1","Read_2393",0.015059149295264,"Haplotype_A_Unmeth"
"NGS_H19_Hetero_Phased_Rep1","Read_2394",0.0186625214242787,"Haplotype_A_Unmeth"
"NGS_H19_Hetero_Phased_Rep1","Read_2395",0.981360722675517,"Haplotype_B_Meth"
"NGS_H19_Hetero_Phased_Rep1","Read_2396",0.984125549965846,"Haplotype_B_Meth"
"NGS_H19_Hetero_Phased_Rep1","Read_2397",0.0158542572633965,"Haplotype_A_Unmeth"
"NGS_H19_Hetero_Phased_Rep1","Read_2398",0.0212672047306312,"Haplotype_A_Unmeth"
"NGS_H19_Hetero_Phased_Rep1","Read_2399",0.984949134543243,"Haplotype_B_Meth"
"NGS_H19_Hetero_Phased_Rep1","Read_2400",0.0159765159157286,"Haplotype_A_Unmeth"
"NGS_H19_Hetero_Phased_Rep1","Read_2401",0.0251291654643441,"Haplotype_A_Unmeth"
"NGS_H19_Hetero_Phased_Rep1","Read_2402",0.983749068068675,"Haplotype_B_Meth"
"NGS_H19_Hetero_Phased_Rep1","Read_2403",0.0150933620112062,"Haplotype_A_Unmeth"
"NGS_H19_Hetero_Phased_Rep1","Read_2404",0.982452603054359,"Haplotype_B_Meth"
"NGS_H19_Hetero_Phased_Rep1","Read_2405",0.980654086938457,"Haplotype_B_Meth"
"NGS_H19_Hetero_Phased_Rep1","Read_2406",0.0130158204087456,"Haplotype_A_Unmeth"
"NGS_H19_Hetero_Phased_Rep1","Read_2407",0.0269961058657301,"Haplotype_A_Unmeth"
"NGS_H19_Hetero_Phased_Rep1","Read_2408",0.0217223846304475,"Haplotype_A_Unmeth"
"NGS_H19_Hetero_Phased_Rep1","Read_2409",0.973294147022868,"Haplotype_B_Meth"
"NGS_H19_Hetero_Phased_Rep1","Read_2410",0.0155368772712261,"Haplotype_A_Unmeth"
"NGS_H19_Hetero_Phased_Rep1","Read_2411",0.975610493246181,"Haplotype_B_Meth"
"NGS_H19_Hetero_Phased_Rep1","Read_2412",0.988133700297087,"Haplotype_B_Meth"
"NGS_H19_Hetero_Phased_Rep1","Read_2413",0.0197574629201757,"Haplotype_A_Unmeth"
"NGS_H19_Hetero_Phased_Rep1","Read_2414",0.0207213260459828,"Haplotype_A_Unmeth"
"NGS_H19_Hetero_Phased_Rep1","Read_2415",0.0174047532366874,"Haplotype_A_Unmeth"
"NGS_H19_Hetero_Phased_Rep1","Read_2416",0.0213474384589745,"Haplotype_A_Unmeth"
"NGS_H19_Hetero_Phased_Rep1","Read_2417",0.0262902463392758,"Haplotype_A_Unmeth"
"NGS_H19_Hetero_Phased_Rep1","Read_2418",0.973113407888369,"Haplotype_B_Meth"
"NGS_H19_Hetero_Phased_Rep1","Read_2419",0.0212522436612751,"Haplotype_A_Unmeth"
"NGS_H19_Hetero_Phased_Rep1","Read_2420",0.970604457744405,"Haplotype_B_Meth"
"NGS_H19_Hetero_Phased_Rep1","Read_2421",0.0143390068100058,"Haplotype_A_Unmeth"
"NGS_H19_Hetero_Phased_Rep1","Read_2422",0.983116761024535,"Haplotype_B_Meth"
"NGS_H19_Hetero_Phased_Rep1","Read_2423",0.980617700947585,"Haplotype_B_Meth"
"NGS_H19_Hetero_Phased_Rep1","Read_2424",0.97990924964476,"Haplotype_B_Meth"
"NGS_H19_Hetero_Phased_Rep1","Read_2425",0.0199239615730508,"Haplotype_A_Unmeth"
"NGS_H19_Hetero_Phased_Rep1","Read_2426",0.0184781608658849,"Haplotype_A_Unmeth"
"NGS_H19_Hetero_Phased_Rep1","Read_2427",0.0134613280797091,"Haplotype_A_Unmeth"
"NGS_H19_Hetero_Phased_Rep1","Read_2428",0.98166826937949,"Haplotype_B_Meth"
"NGS_H19_Hetero_Phased_Rep1","Read_2429",0.984245672293826,"Haplotype_B_Meth"
"NGS_H19_Hetero_Phased_Rep1","Read_2430",0.0232297203296759,"Haplotype_A_Unmeth"
"NGS_H19_Hetero_Phased_Rep1","Read_2431",0.0182003332071759,"Haplotype_A_Unmeth"
"NGS_H19_Hetero_Phased_Rep1","Read_2432",0.980801659060303,"Haplotype_B_Meth"
"NGS_H19_Hetero_Phased_Rep1","Read_2433",0.0316450012807396,"Haplotype_A_Unmeth"
"NGS_H19_Hetero_Phased_Rep1","Read_2434",0.979630454655215,"Haplotype_B_Meth"
"NGS_H19_Hetero_Phased_Rep1","Read_2435",0.0211505926501548,"Haplotype_A_Unmeth"
"NGS_H19_Hetero_Phased_Rep1","Read_2436",0.0185460851116763,"Haplotype_A_Unmeth"
"NGS_H19_Hetero_Phased_Rep1","Read_2437",0.979270738576408,"Haplotype_B_Meth"
"NGS_H19_Hetero_Phased_Rep1","Read_2438",0.982497108578704,"Haplotype_B_Meth"
"NGS_H19_Hetero_Phased_Rep1","Read_2439",0.0182032283266577,"Haplotype_A_Unmeth"
"NGS_H19_Hetero_Phased_Rep1","Read_2440",0.018402935465525,"Haplotype_A_Unmeth"
"NGS_H19_Hetero_Phased_Rep1","Read_2441",0.0256254396276495,"Haplotype_A_Unmeth"
"NGS_H19_Hetero_Phased_Rep1","Read_2442",0.977842817718796,"Haplotype_B_Meth"
"NGS_H19_Hetero_Phased_Rep1","Read_2443",0.987933856553832,"Haplotype_B_Meth"
"NGS_H19_Hetero_Phased_Rep1","Read_2444",0.0187321941651257,"Haplotype_A_Unmeth"
"NGS_H19_Hetero_Phased_Rep1","Read_2445",0.0159459572673876,"Haplotype_A_Unmeth"
"NGS_H19_Hetero_Phased_Rep1","Read_2446",0.0209116008381243,"Haplotype_A_Unmeth"
"NGS_H19_Hetero_Phased_Rep1","Read_2447",0.973662737207763,"Haplotype_B_Meth"
"NGS_H19_Hetero_Phased_Rep1","Read_2448",0.015692885550509,"Haplotype_A_Unmeth"
"NGS_H19_Hetero_Phased_Rep1","Read_2449",0.983921499813406,"Haplotype_B_Meth"
"NGS_H19_Hetero_Phased_Rep1","Read_2450",0.0225014570778399,"Haplotype_A_Unmeth"
"NGS_H19_Hetero_Phased_Rep1","Read_2451",0.0145924057313413,"Haplotype_A_Unmeth"
"NGS_H19_Hetero_Phased_Rep1","Read_2452",0.0209793752360572,"Haplotype_A_Unmeth"
"NGS_H19_Hetero_Phased_Rep1","Read_2453",0.979897942264769,"Haplotype_B_Meth"
"NGS_H19_Hetero_Phased_Rep1","Read_2454",0.0200623030946168,"Haplotype_A_Unmeth"
"NGS_H19_Hetero_Phased_Rep1","Read_2455",0.979318773596321,"Haplotype_B_Meth"
"NGS_H19_Hetero_Phased_Rep1","Read_2456",0.983350341452502,"Haplotype_B_Meth"
"NGS_H19_Hetero_Phased_Rep1","Read_2457",0.972063005367259,"Haplotype_B_Meth"
"NGS_H19_Hetero_Phased_Rep1","Read_2458",0.0215514027596415,"Haplotype_A_Unmeth"
"NGS_H19_Hetero_Phased_Rep1","Read_2459",0.973064361116897,"Haplotype_B_Meth"
"NGS_H19_Hetero_Phased_Rep1","Read_2460",0.0197879529693695,"Haplotype_A_Unmeth"
"NGS_H19_Hetero_Phased_Rep1","Read_2461",0.0130342295627926,"Haplotype_A_Unmeth"
"NGS_H19_Hetero_Phased_Rep1","Read_2462",0.023743772669328,"Haplotype_A_Unmeth"
"NGS_H19_Hetero_Phased_Rep1","Read_2463",0.0309303841877446,"Haplotype_A_Unmeth"
"NGS_H19_Hetero_Phased_Rep1","Read_2464",0.0267313892244933,"Haplotype_A_Unmeth"
"NGS_H19_Hetero_Phased_Rep1","Read_2465",0.0202518810494758,"Haplotype_A_Unmeth"
"NGS_H19_Hetero_Phased_Rep1","Read_2466",0.0208987076028405,"Haplotype_A_Unmeth"
"NGS_H19_Hetero_Phased_Rep1","Read_2467",0.985801365685493,"Haplotype_B_Meth"
"NGS_H19_Hetero_Phased_Rep1","Read_2468",0.974037012005608,"Haplotype_B_Meth"
"NGS_H19_Hetero_Phased_Rep1","Read_2469",0.0156809588155965,"Haplotype_A_Unmeth"
"NGS_H19_Hetero_Phased_Rep1","Read_2470",0.981206600149827,"Haplotype_B_Meth"
"NGS_H19_Hetero_Phased_Rep1","Read_2471",0.0223688451689046,"Haplotype_A_Unmeth"
"NGS_H19_Hetero_Phased_Rep1","Read_2472",0.98014737044768,"Haplotype_B_Meth"
"NGS_H19_Hetero_Phased_Rep1","Read_2473",0.976471831910048,"Haplotype_B_Meth"
"NGS_H19_Hetero_Phased_Rep1","Read_2474",0.981110679909276,"Haplotype_B_Meth"
"NGS_H19_Hetero_Phased_Rep1","Read_2475",0.0244383770547106,"Haplotype_A_Unmeth"
"NGS_H19_Hetero_Phased_Rep1","Read_2476",0.0243182266570046,"Haplotype_A_Unmeth"
"NGS_H19_Hetero_Phased_Rep1","Read_2477",0.0287153963365729,"Haplotype_A_Unmeth"
"NGS_H19_Hetero_Phased_Rep1","Read_2478",0.974453774827974,"Haplotype_B_Meth"
"NGS_H19_Hetero_Phased_Rep1","Read_2479",0.0219262464685796,"Haplotype_A_Unmeth"
"NGS_H19_Hetero_Phased_Rep1","Read_2480",0.0173781145603146,"Haplotype_A_Unmeth"
"NGS_H19_Hetero_Phased_Rep1","Read_2481",0.0189595050232527,"Haplotype_A_Unmeth"
"NGS_H19_Hetero_Phased_Rep1","Read_2482",0.0128838284859141,"Haplotype_A_Unmeth"
"NGS_H19_Hetero_Phased_Rep1","Read_2483",0.980264779354299,"Haplotype_B_Meth"
"NGS_H19_Hetero_Phased_Rep1","Read_2484",0.0170220342992136,"Haplotype_A_Unmeth"
"NGS_H19_Hetero_Phased_Rep1","Read_2485",0.0147766741759559,"Haplotype_A_Unmeth"
"NGS_H19_Hetero_Phased_Rep1","Read_2486",0.970713988455906,"Haplotype_B_Meth"
"NGS_H19_Hetero_Phased_Rep1","Read_2487",0.0157650475790678,"Haplotype_A_Unmeth"
"NGS_H19_Hetero_Phased_Rep1","Read_2488",0.0233762039270825,"Haplotype_A_Unmeth"
"NGS_H19_Hetero_Phased_Rep1","Read_2489",0.0203474344798703,"Haplotype_A_Unmeth"
"NGS_H19_Hetero_Phased_Rep1","Read_2490",0.0157592211747713,"Haplotype_A_Unmeth"
"NGS_H19_Hetero_Phased_Rep1","Read_2491",0.0219301545563087,"Haplotype_A_Unmeth"
"NGS_H19_Hetero_Phased_Rep1","Read_2492",0.971307042285673,"Haplotype_B_Meth"
"NGS_H19_Hetero_Phased_Rep1","Read_2493",0.981066270577885,"Haplotype_B_Meth"
"NGS_H19_Hetero_Phased_Rep1","Read_2494",0.0267117868978464,"Haplotype_A_Unmeth"
"NGS_H19_Hetero_Phased_Rep1","Read_2495",0.975835453102259,"Haplotype_B_Meth"
"NGS_H19_Hetero_Phased_Rep1","Read_2496",0.973268936622684,"Haplotype_B_Meth"
"NGS_H19_Hetero_Phased_Rep1","Read_2497",0.0114131882742988,"Haplotype_A_Unmeth"
"NGS_H19_Hetero_Phased_Rep1","Read_2498",0.0210238335831943,"Haplotype_A_Unmeth"
"NGS_H19_Hetero_Phased_Rep1","Read_2499",0.0172972924100436,"Haplotype_A_Unmeth"
"NGS_H19_Hetero_Phased_Rep1","Read_2500",0.0191426765151291,"Haplotype_A_Unmeth"
"NGS_H19_Hetero_Phased_Rep1","Read_2501",0.0249644476129993,"Haplotype_A_Unmeth"
"NGS_H19_Hetero_Phased_Rep1","Read_2502",0.0224743819968663,"Haplotype_A_Unmeth"
"NGS_H19_Hetero_Phased_Rep1","Read_2503",0.0153212345015435,"Haplotype_A_Unmeth"
"NGS_H19_Hetero_Phased_Rep1","Read_2504",0.97803310968259,"Haplotype_B_Meth"
"NGS_H19_Hetero_Phased_Rep1","Read_2505",0.981283942216679,"Haplotype_B_Meth"
"NGS_H19_Hetero_Phased_Rep1","Read_2506",0.979418500571279,"Haplotype_B_Meth"
"NGS_H19_Hetero_Phased_Rep1","Read_2507",0.0175346950223185,"Haplotype_A_Unmeth"
"NGS_H19_Hetero_Phased_Rep1","Read_2508",0.972810984848753,"Haplotype_B_Meth"
"NGS_H19_Hetero_Phased_Rep1","Read_2509",0.0254910569887125,"Haplotype_A_Unmeth"
"NGS_H19_Hetero_Phased_Rep1","Read_2510",0.980176816697253,"Haplotype_B_Meth"
"NGS_H19_Hetero_Phased_Rep1","Read_2511",0.972652082952441,"Haplotype_B_Meth"
"NGS_H19_Hetero_Phased_Rep1","Read_2512",0.0193080520680251,"Haplotype_A_Unmeth"
"NGS_H19_Hetero_Phased_Rep1","Read_2513",0.0168485730855182,"Haplotype_A_Unmeth"
"NGS_H19_Hetero_Phased_Rep1","Read_2514",0.0310806854248161,"Haplotype_A_Unmeth"
"NGS_H19_Hetero_Phased_Rep1","Read_2515",0.0206208992120691,"Haplotype_A_Unmeth"
"NGS_H19_Hetero_Phased_Rep1","Read_2516",0.984210112669022,"Haplotype_B_Meth"
"NGS_H19_Hetero_Phased_Rep1","Read_2517",0.0189660075970236,"Haplotype_A_Unmeth"
"NGS_H19_Hetero_Phased_Rep1","Read_2518",0.983952115795089,"Haplotype_B_Meth"
"NGS_H19_Hetero_Phased_Rep1","Read_2519",0.0279069966390641,"Haplotype_A_Unmeth"
"NGS_H19_Hetero_Phased_Rep1","Read_2520",0.980121100420912,"Haplotype_B_Meth"
"NGS_H19_Hetero_Phased_Rep1","Read_2521",0.979449863145111,"Haplotype_B_Meth"
"NGS_H19_Hetero_Phased_Rep1","Read_2522",0.0177659272987592,"Haplotype_A_Unmeth"
"NGS_H19_Hetero_Phased_Rep1","Read_2523",0.026079695676988,"Haplotype_A_Unmeth"
"NGS_H19_Hetero_Phased_Rep1","Read_2524",0.975310409942686,"Haplotype_B_Meth"
"NGS_H19_Hetero_Phased_Rep1","Read_2525",0.985805841469365,"Haplotype_B_Meth"
"NGS_H19_Hetero_Phased_Rep1","Read_2526",0.978814861755963,"Haplotype_B_Meth"
"NGS_H19_Hetero_Phased_Rep1","Read_2527",0.0247557434578127,"Haplotype_A_Unmeth"
"NGS_H19_Hetero_Phased_Rep1","Read_2528",0.984620915377856,"Haplotype_B_Meth"
"NGS_H19_Hetero_Phased_Rep1","Read_2529",0.982745976417788,"Haplotype_B_Meth"
"NGS_H19_Hetero_Phased_Rep1","Read_2530",0.983267619825302,"Haplotype_B_Meth"
"NGS_H19_Hetero_Phased_Rep1","Read_2531",0.981534473435513,"Haplotype_B_Meth"
"NGS_H19_Hetero_Phased_Rep1","Read_2532",0.9792684897084,"Haplotype_B_Meth"
"NGS_H19_Hetero_Phased_Rep1","Read_2533",0.0180761036623122,"Haplotype_A_Unmeth"
"NGS_H19_Hetero_Phased_Rep1","Read_2534",0.026404731434131,"Haplotype_A_Unmeth"
"NGS_H19_Hetero_Phased_Rep1","Read_2535",0.977847713491794,"Haplotype_B_Meth"
"NGS_H19_Hetero_Phased_Rep1","Read_2536",0.975206084819843,"Haplotype_B_Meth"
"NGS_H19_Hetero_Phased_Rep1","Read_2537",0.0207068982673793,"Haplotype_A_Unmeth"
"NGS_H19_Hetero_Phased_Rep1","Read_2538",0.019875478328122,"Haplotype_A_Unmeth"
"NGS_H19_Hetero_Phased_Rep1","Read_2539",0.0214927405096987,"Haplotype_A_Unmeth"
"NGS_H19_Hetero_Phased_Rep1","Read_2540",0.974174605602275,"Haplotype_B_Meth"
"NGS_H19_Hetero_Phased_Rep1","Read_2541",0.979503175271662,"Haplotype_B_Meth"
"NGS_H19_Hetero_Phased_Rep1","Read_2542",0.0271477940924837,"Haplotype_A_Unmeth"
"NGS_H19_Hetero_Phased_Rep1","Read_2543",0.981690400752192,"Haplotype_B_Meth"
"NGS_H19_Hetero_Phased_Rep1","Read_2544",0.0245606306950316,"Haplotype_A_Unmeth"
"NGS_H19_Hetero_Phased_Rep1","Read_2545",0.022904479457016,"Haplotype_A_Unmeth"
"NGS_H19_Hetero_Phased_Rep1","Read_2546",0.0196137031803442,"Haplotype_A_Unmeth"
"NGS_H19_Hetero_Phased_Rep1","Read_2547",0.0257220139408504,"Haplotype_A_Unmeth"
"NGS_H19_Hetero_Phased_Rep1","Read_2548",0.019271303462614,"Haplotype_A_Unmeth"
"NGS_H19_Hetero_Phased_Rep1","Read_2549",0.0320664930244458,"Haplotype_A_Unmeth"
"NGS_H19_Hetero_Phased_Rep1","Read_2550",0.981349467489036,"Haplotype_B_Meth"
"NGS_H19_Hetero_Phased_Rep1","Read_2551",0.978389642667334,"Haplotype_B_Meth"
"NGS_H19_Hetero_Phased_Rep1","Read_2552",0.986336036477131,"Haplotype_B_Meth"
"NGS_H19_Hetero_Phased_Rep1","Read_2553",0.0165702383334666,"Haplotype_A_Unmeth"
"NGS_H19_Hetero_Phased_Rep1","Read_2554",0.0241957244310302,"Haplotype_A_Unmeth"
"NGS_H19_Hetero_Phased_Rep1","Read_2555",0.982924191758335,"Haplotype_B_Meth"
"NGS_H19_Hetero_Phased_Rep1","Read_2556",0.0207351584103904,"Haplotype_A_Unmeth"
"NGS_H19_Hetero_Phased_Rep1","Read_2557",0.978688466353066,"Haplotype_B_Meth"
"NGS_H19_Hetero_Phased_Rep1","Read_2558",0.0306251871070662,"Haplotype_A_Unmeth"
"NGS_H19_Hetero_Phased_Rep1","Read_2559",0.977302597599227,"Haplotype_B_Meth"
"NGS_H19_Hetero_Phased_Rep1","Read_2560",0.984909955102462,"Haplotype_B_Meth"
"NGS_H19_Hetero_Phased_Rep1","Read_2561",0.981138095541017,"Haplotype_B_Meth"
"NGS_H19_Hetero_Phased_Rep1","Read_2562",0.0137491567120972,"Haplotype_A_Unmeth"
"NGS_H19_Hetero_Phased_Rep1","Read_2563",0.976443475425649,"Haplotype_B_Meth"
"NGS_H19_Hetero_Phased_Rep1","Read_2564",0.0154569584104118,"Haplotype_A_Unmeth"
"NGS_H19_Hetero_Phased_Rep1","Read_2565",0.0141173992770878,"Haplotype_A_Unmeth"
"NGS_H19_Hetero_Phased_Rep1","Read_2566",0.983386417238769,"Haplotype_B_Meth"
"NGS_H19_Hetero_Phased_Rep1","Read_2567",0.020560189336602,"Haplotype_A_Unmeth"
"NGS_H19_Hetero_Phased_Rep1","Read_2568",0.0139435540353994,"Haplotype_A_Unmeth"
"NGS_H19_Hetero_Phased_Rep1","Read_2569",0.978948136350018,"Haplotype_B_Meth"
"NGS_H19_Hetero_Phased_Rep1","Read_2570",0.0189550594163182,"Haplotype_A_Unmeth"
"NGS_H19_Hetero_Phased_Rep1","Read_2571",0.978616059709369,"Haplotype_B_Meth"
"NGS_H19_Hetero_Phased_Rep1","Read_2572",0.971544033290876,"Haplotype_B_Meth"
"NGS_H19_Hetero_Phased_Rep1","Read_2573",0.976231815472545,"Haplotype_B_Meth"
"NGS_H19_Hetero_Phased_Rep1","Read_2574",0.0198035700174115,"Haplotype_A_Unmeth"
"NGS_H19_Hetero_Phased_Rep1","Read_2575",0.985039711499363,"Haplotype_B_Meth"
"NGS_H19_Hetero_Phased_Rep1","Read_2576",0.0221493387315849,"Haplotype_A_Unmeth"
"NGS_H19_Hetero_Phased_Rep1","Read_2577",0.974385695554539,"Haplotype_B_Meth"
"NGS_H19_Hetero_Phased_Rep1","Read_2578",0.012541011053456,"Haplotype_A_Unmeth"
"NGS_H19_Hetero_Phased_Rep1","Read_2579",0.0149805556242086,"Haplotype_A_Unmeth"
"NGS_H19_Hetero_Phased_Rep1","Read_2580",0.987703574423377,"Haplotype_B_Meth"
"NGS_H19_Hetero_Phased_Rep1","Read_2581",0.976300950422085,"Haplotype_B_Meth"
"NGS_H19_Hetero_Phased_Rep1","Read_2582",0.023281543047164,"Haplotype_A_Unmeth"
"NGS_H19_Hetero_Phased_Rep1","Read_2583",0.971730064367966,"Haplotype_B_Meth"
"NGS_H19_Hetero_Phased_Rep1","Read_2584",0.975265877755212,"Haplotype_B_Meth"
"NGS_H19_Hetero_Phased_Rep1","Read_2585",0.976754605561578,"Haplotype_B_Meth"
"NGS_H19_Hetero_Phased_Rep1","Read_2586",0.985720266433304,"Haplotype_B_Meth"
"NGS_H19_Hetero_Phased_Rep1","Read_2587",0.977756279435167,"Haplotype_B_Meth"
"NGS_H19_Hetero_Phased_Rep1","Read_2588",0.0133213310186545,"Haplotype_A_Unmeth"
"NGS_H19_Hetero_Phased_Rep1","Read_2589",0.0184471333221367,"Haplotype_A_Unmeth"
"NGS_H19_Hetero_Phased_Rep1","Read_2590",0.0179112315537808,"Haplotype_A_Unmeth"
"NGS_H19_Hetero_Phased_Rep1","Read_2591",0.026709061207187,"Haplotype_A_Unmeth"
"NGS_H19_Hetero_Phased_Rep1","Read_2592",0.987699001460356,"Haplotype_B_Meth"
"NGS_H19_Hetero_Phased_Rep1","Read_2593",0.0232530399192272,"Haplotype_A_Unmeth"
"NGS_H19_Hetero_Phased_Rep1","Read_2594",0.978713426645425,"Haplotype_B_Meth"
"NGS_H19_Hetero_Phased_Rep1","Read_2595",0.980003231112759,"Haplotype_B_Meth"
"NGS_H19_Hetero_Phased_Rep1","Read_2596",0.0198574318045192,"Haplotype_A_Unmeth"
"NGS_H19_Hetero_Phased_Rep1","Read_2597",0.0159297323421663,"Haplotype_A_Unmeth"
"NGS_H19_Hetero_Phased_Rep1","Read_2598",0.0224941677159458,"Haplotype_A_Unmeth"
"NGS_H19_Hetero_Phased_Rep1","Read_2599",0.976779399926288,"Haplotype_B_Meth"
"NGS_H19_Hetero_Phased_Rep1","Read_2600",0.0189322351708742,"Haplotype_A_Unmeth"
"NGS_H19_Hetero_Phased_Rep1","Read_2601",0.017064963959132,"Haplotype_A_Unmeth"
"NGS_H19_Hetero_Phased_Rep1","Read_2602",0.0180345185909267,"Haplotype_A_Unmeth"
"NGS_H19_Hetero_Phased_Rep1","Read_2603",0.020618543201444,"Haplotype_A_Unmeth"
"NGS_H19_Hetero_Phased_Rep1","Read_2604",0.978066476628152,"Haplotype_B_Meth"
"NGS_H19_Hetero_Phased_Rep1","Read_2605",0.984194457325483,"Haplotype_B_Meth"
"NGS_H19_Hetero_Phased_Rep1","Read_2606",0.0125483296579304,"Haplotype_A_Unmeth"
"NGS_H19_Hetero_Phased_Rep1","Read_2607",0.975034130594574,"Haplotype_B_Meth"
"NGS_H19_Hetero_Phased_Rep1","Read_2608",0.0168248318743712,"Haplotype_A_Unmeth"
"NGS_H19_Hetero_Phased_Rep1","Read_2609",0.0234936854537643,"Haplotype_A_Unmeth"
"NGS_H19_Hetero_Phased_Rep1","Read_2610",0.0183776706066885,"Haplotype_A_Unmeth"
"NGS_H19_Hetero_Phased_Rep1","Read_2611",0.0150209274754762,"Haplotype_A_Unmeth"
"NGS_H19_Hetero_Phased_Rep1","Read_2612",0.981948119804937,"Haplotype_B_Meth"
"NGS_H19_Hetero_Phased_Rep1","Read_2613",0.982726548164555,"Haplotype_B_Meth"
"NGS_H19_Hetero_Phased_Rep1","Read_2614",0.979817303820065,"Haplotype_B_Meth"
"NGS_H19_Hetero_Phased_Rep1","Read_2615",0.984953838267553,"Haplotype_B_Meth"
"NGS_H19_Hetero_Phased_Rep1","Read_2616",0.0193314449573717,"Haplotype_A_Unmeth"
"NGS_H19_Hetero_Phased_Rep1","Read_2617",0.976389704922315,"Haplotype_B_Meth"
"NGS_H19_Hetero_Phased_Rep1","Read_2618",0.978001195795958,"Haplotype_B_Meth"
"NGS_H19_Hetero_Phased_Rep1","Read_2619",0.980819140611762,"Haplotype_B_Meth"
"NGS_H19_Hetero_Phased_Rep1","Read_2620",0.977728396062539,"Haplotype_B_Meth"
"NGS_H19_Hetero_Phased_Rep1","Read_2621",0.0221298983115073,"Haplotype_A_Unmeth"
"NGS_H19_Hetero_Phased_Rep1","Read_2622",0.0244707714387073,"Haplotype_A_Unmeth"
"NGS_H19_Hetero_Phased_Rep1","Read_2623",0.978301364960723,"Haplotype_B_Meth"
"NGS_H19_Hetero_Phased_Rep1","Read_2624",0.0180195586623068,"Haplotype_A_Unmeth"
"NGS_H19_Hetero_Phased_Rep1","Read_2625",0.0272728232547858,"Haplotype_A_Unmeth"
"NGS_H19_Hetero_Phased_Rep1","Read_2626",0.0132724504368975,"Haplotype_A_Unmeth"
"NGS_H19_Hetero_Phased_Rep1","Read_2627",0.983760046899991,"Haplotype_B_Meth"
"NGS_H19_Hetero_Phased_Rep1","Read_2628",0.977614764480307,"Haplotype_B_Meth"
"NGS_H19_Hetero_Phased_Rep1","Read_2629",0.0180451658348251,"Haplotype_A_Unmeth"
"NGS_H19_Hetero_Phased_Rep1","Read_2630",0.979550512386579,"Haplotype_B_Meth"
"NGS_H19_Hetero_Phased_Rep1","Read_2631",0.0153770125215369,"Haplotype_A_Unmeth"
"NGS_H19_Hetero_Phased_Rep1","Read_2632",0.0286910307490901,"Haplotype_A_Unmeth"
"NGS_H19_Hetero_Phased_Rep1","Read_2633",0.983087948683151,"Haplotype_B_Meth"
"NGS_H19_Hetero_Phased_Rep1","Read_2634",0.0222831694268084,"Haplotype_A_Unmeth"
"NGS_H19_Hetero_Phased_Rep1","Read_2635",0.978331957965878,"Haplotype_B_Meth"
"NGS_H19_Hetero_Phased_Rep1","Read_2636",0.0171885133874613,"Haplotype_A_Unmeth"
"NGS_H19_Hetero_Phased_Rep1","Read_2637",0.0285882694314035,"Haplotype_A_Unmeth"
"NGS_H19_Hetero_Phased_Rep1","Read_2638",0.983721017782944,"Haplotype_B_Meth"
"NGS_H19_Hetero_Phased_Rep1","Read_2639",0.980296966389939,"Haplotype_B_Meth"
"NGS_H19_Hetero_Phased_Rep1","Read_2640",0.982541280015905,"Haplotype_B_Meth"
"NGS_H19_Hetero_Phased_Rep1","Read_2641",0.983990836560221,"Haplotype_B_Meth"
"NGS_H19_Hetero_Phased_Rep1","Read_2642",0.978165035780828,"Haplotype_B_Meth"
"NGS_H19_Hetero_Phased_Rep1","Read_2643",0.983712710220026,"Haplotype_B_Meth"
"NGS_H19_Hetero_Phased_Rep1","Read_2644",0.978539497135569,"Haplotype_B_Meth"
"NGS_H19_Hetero_Phased_Rep1","Read_2645",0.976363068109015,"Haplotype_B_Meth"
"NGS_H19_Hetero_Phased_Rep1","Read_2646",0.976771788153674,"Haplotype_B_Meth"
"NGS_H19_Hetero_Phased_Rep1","Read_2647",0.981037609595056,"Haplotype_B_Meth"
"NGS_H19_Hetero_Phased_Rep1","Read_2648",0.0181682654550034,"Haplotype_A_Unmeth"
"NGS_H19_Hetero_Phased_Rep1","Read_2649",0.0204289818514393,"Haplotype_A_Unmeth"
"NGS_H19_Hetero_Phased_Rep1","Read_2650",0.0168514111390838,"Haplotype_A_Unmeth"
"NGS_H19_Hetero_Phased_Rep1","Read_2651",0.979126266700623,"Haplotype_B_Meth"
"NGS_H19_Hetero_Phased_Rep1","Read_2652",0.979521998858787,"Haplotype_B_Meth"
"NGS_H19_Hetero_Phased_Rep1","Read_2653",0.981219969455141,"Haplotype_B_Meth"
"NGS_H19_Hetero_Phased_Rep1","Read_2654",0.0144185207199742,"Haplotype_A_Unmeth"
"NGS_H19_Hetero_Phased_Rep1","Read_2655",0.0241662777941928,"Haplotype_A_Unmeth"
"NGS_H19_Hetero_Phased_Rep1","Read_2656",0.981390436570053,"Haplotype_B_Meth"
"NGS_H19_Hetero_Phased_Rep1","Read_2657",0.0256214029725477,"Haplotype_A_Unmeth"
"NGS_H19_Hetero_Phased_Rep1","Read_2658",0.978840869791084,"Haplotype_B_Meth"
"NGS_H19_Hetero_Phased_Rep1","Read_2659",0.0217871073232674,"Haplotype_A_Unmeth"
"NGS_H19_Hetero_Phased_Rep1","Read_2660",0.0222785331180802,"Haplotype_A_Unmeth"
"NGS_H19_Hetero_Phased_Rep1","Read_2661",0.019028570574168,"Haplotype_A_Unmeth"
"NGS_H19_Hetero_Phased_Rep1","Read_2662",0.983847169053282,"Haplotype_B_Meth"
"NGS_H19_Hetero_Phased_Rep1","Read_2663",0.980493469088332,"Haplotype_B_Meth"
"NGS_H19_Hetero_Phased_Rep1","Read_2664",0.974774894525997,"Haplotype_B_Meth"
"NGS_H19_Hetero_Phased_Rep1","Read_2665",0.0255018923134323,"Haplotype_A_Unmeth"
"NGS_H19_Hetero_Phased_Rep1","Read_2666",0.0148495160247694,"Haplotype_A_Unmeth"
"NGS_H19_Hetero_Phased_Rep1","Read_2667",0.983902759508352,"Haplotype_B_Meth"
"NGS_H19_Hetero_Phased_Rep1","Read_2668",0.0153455246533836,"Haplotype_A_Unmeth"
"NGS_H19_Hetero_Phased_Rep1","Read_2669",0.975453409741804,"Haplotype_B_Meth"
"NGS_H19_Hetero_Phased_Rep1","Read_2670",0.98324968058455,"Haplotype_B_Meth"
"NGS_H19_Hetero_Phased_Rep1","Read_2671",0.981034967153628,"Haplotype_B_Meth"
"NGS_H19_Hetero_Phased_Rep1","Read_2672",0.0194649465009661,"Haplotype_A_Unmeth"
"NGS_H19_Hetero_Phased_Rep1","Read_2673",0.983867650313319,"Haplotype_B_Meth"
"NGS_H19_Hetero_Phased_Rep1","Read_2674",0.974323698528003,"Haplotype_B_Meth"
"NGS_H19_Hetero_Phased_Rep1","Read_2675",0.0253503893205648,"Haplotype_A_Unmeth"
"NGS_H19_Hetero_Phased_Rep1","Read_2676",0.0180053167039602,"Haplotype_A_Unmeth"
"NGS_H19_Hetero_Phased_Rep1","Read_2677",0.0257445740205796,"Haplotype_A_Unmeth"
"NGS_H19_Hetero_Phased_Rep1","Read_2678",0.971015931998915,"Haplotype_B_Meth"
"NGS_H19_Hetero_Phased_Rep1","Read_2679",0.97976393362009,"Haplotype_B_Meth"
"NGS_H19_Hetero_Phased_Rep1","Read_2680",0.0210758420617237,"Haplotype_A_Unmeth"
"NGS_H19_Hetero_Phased_Rep1","Read_2681",0.0304480556554167,"Haplotype_A_Unmeth"
"NGS_H19_Hetero_Phased_Rep1","Read_2682",0.0140825007593735,"Haplotype_A_Unmeth"
"NGS_H19_Hetero_Phased_Rep1","Read_2683",0.0214876538269309,"Haplotype_A_Unmeth"
"NGS_H19_Hetero_Phased_Rep1","Read_2684",0.0178587227233338,"Haplotype_A_Unmeth"
"NGS_H19_Hetero_Phased_Rep1","Read_2685",0.978848370588294,"Haplotype_B_Meth"
"NGS_H19_Hetero_Phased_Rep1","Read_2686",0.985628894968654,"Haplotype_B_Meth"
"NGS_H19_Hetero_Phased_Rep1","Read_2687",0.975988988626275,"Haplotype_B_Meth"
"NGS_H19_Hetero_Phased_Rep1","Read_2688",0.981246287438028,"Haplotype_B_Meth"
"NGS_H19_Hetero_Phased_Rep1","Read_2689",0.0166688697124764,"Haplotype_A_Unmeth"
"NGS_H19_Hetero_Phased_Rep1","Read_2690",0.987252427592659,"Haplotype_B_Meth"
"NGS_H19_Hetero_Phased_Rep1","Read_2691",0.0162869250611832,"Haplotype_A_Unmeth"
"NGS_H19_Hetero_Phased_Rep1","Read_2692",0.968815615583339,"Haplotype_B_Meth"
"NGS_H19_Hetero_Phased_Rep1","Read_2693",0.980823881198687,"Haplotype_B_Meth"
"NGS_H19_Hetero_Phased_Rep1","Read_2694",0.0258808256541728,"Haplotype_A_Unmeth"
"NGS_H19_Hetero_Phased_Rep1","Read_2695",0.0224068560920528,"Haplotype_A_Unmeth"
"NGS_H19_Hetero_Phased_Rep1","Read_2696",0.979134587784014,"Haplotype_B_Meth"
"NGS_H19_Hetero_Phased_Rep1","Read_2697",0.0164049510198365,"Haplotype_A_Unmeth"
"NGS_H19_Hetero_Phased_Rep1","Read_2698",0.980574564676954,"Haplotype_B_Meth"
"NGS_H19_Hetero_Phased_Rep1","Read_2699",0.982111874970016,"Haplotype_B_Meth"
"NGS_H19_Hetero_Phased_Rep1","Read_2700",0.976529903386524,"Haplotype_B_Meth"
"NGS_H19_Hetero_Phased_Rep1","Read_2701",0.980903577243878,"Haplotype_B_Meth"
"NGS_H19_Hetero_Phased_Rep1","Read_2702",0.977416722378078,"Haplotype_B_Meth"
"NGS_H19_Hetero_Phased_Rep1","Read_2703",0.0233684073397748,"Haplotype_A_Unmeth"
"NGS_H19_Hetero_Phased_Rep1","Read_2704",0.986593545965811,"Haplotype_B_Meth"
"NGS_H19_Hetero_Phased_Rep1","Read_2705",0.98048365298418,"Haplotype_B_Meth"
"NGS_H19_Hetero_Phased_Rep1","Read_2706",0.984163817034671,"Haplotype_B_Meth"
"NGS_H19_Hetero_Phased_Rep1","Read_2707",0.977877137213423,"Haplotype_B_Meth"
"NGS_H19_Hetero_Phased_Rep1","Read_2708",0.98471224694402,"Haplotype_B_Meth"
"NGS_H19_Hetero_Phased_Rep1","Read_2709",0.017841457838749,"Haplotype_A_Unmeth"
"NGS_H19_Hetero_Phased_Rep1","Read_2710",0.987885529597254,"Haplotype_B_Meth"
"NGS_H19_Hetero_Phased_Rep1","Read_2711",0.969420942713002,"Haplotype_B_Meth"
"NGS_H19_Hetero_Phased_Rep1","Read_2712",0.022419485804129,"Haplotype_A_Unmeth"
"NGS_H19_Hetero_Phased_Rep1","Read_2713",0.981018966582674,"Haplotype_B_Meth"
"NGS_H19_Hetero_Phased_Rep1","Read_2714",0.983182088698175,"Haplotype_B_Meth"
"NGS_H19_Hetero_Phased_Rep1","Read_2715",0.012048396647573,"Haplotype_A_Unmeth"
"NGS_H19_Hetero_Phased_Rep1","Read_2716",0.0150669052259056,"Haplotype_A_Unmeth"
"NGS_H19_Hetero_Phased_Rep1","Read_2717",0.980609302373719,"Haplotype_B_Meth"
"NGS_H19_Hetero_Phased_Rep1","Read_2718",0.978533174423727,"Haplotype_B_Meth"
"NGS_H19_Hetero_Phased_Rep1","Read_2719",0.982450175945771,"Haplotype_B_Meth"
"NGS_H19_Hetero_Phased_Rep1","Read_2720",0.981860987612137,"Haplotype_B_Meth"
"NGS_H19_Hetero_Phased_Rep1","Read_2721",0.0248226113079146,"Haplotype_A_Unmeth"
"NGS_H19_Hetero_Phased_Rep1","Read_2722",0.977941386115435,"Haplotype_B_Meth"
"NGS_H19_Hetero_Phased_Rep1","Read_2723",0.0224885366335056,"Haplotype_A_Unmeth"
"NGS_H19_Hetero_Phased_Rep1","Read_2724",0.0165288779533788,"Haplotype_A_Unmeth"
"NGS_H19_Hetero_Phased_Rep1","Read_2725",0.0165796098841628,"Haplotype_A_Unmeth"
"NGS_H19_Hetero_Phased_Rep1","Read_2726",0.0221260366935576,"Haplotype_A_Unmeth"
"NGS_H19_Hetero_Phased_Rep1","Read_2727",0.0195321872297257,"Haplotype_A_Unmeth"
"NGS_H19_Hetero_Phased_Rep1","Read_2728",0.98743669077561,"Haplotype_B_Meth"
"NGS_H19_Hetero_Phased_Rep1","Read_2729",0.973409208795783,"Haplotype_B_Meth"
"NGS_H19_Hetero_Phased_Rep1","Read_2730",0.0173558390563583,"Haplotype_A_Unmeth"
"NGS_H19_Hetero_Phased_Rep1","Read_2731",0.0209470041671634,"Haplotype_A_Unmeth"
"NGS_H19_Hetero_Phased_Rep1","Read_2732",0.983967916775693,"Haplotype_B_Meth"
"NGS_H19_Hetero_Phased_Rep1","Read_2733",0.0218803254178361,"Haplotype_A_Unmeth"
"NGS_H19_Hetero_Phased_Rep1","Read_2734",0.979281812894792,"Haplotype_B_Meth"
"NGS_H19_Hetero_Phased_Rep1","Read_2735",0.973644954453508,"Haplotype_B_Meth"
"NGS_H19_Hetero_Phased_Rep1","Read_2736",0.0192691570722746,"Haplotype_A_Unmeth"
"NGS_H19_Hetero_Phased_Rep1","Read_2737",0.985443882278978,"Haplotype_B_Meth"
"NGS_H19_Hetero_Phased_Rep1","Read_2738",0.980577145232429,"Haplotype_B_Meth"
"NGS_H19_Hetero_Phased_Rep1","Read_2739",0.984683719442095,"Haplotype_B_Meth"
"NGS_H19_Hetero_Phased_Rep1","Read_2740",0.015439871944253,"Haplotype_A_Unmeth"
"NGS_H19_Hetero_Phased_Rep1","Read_2741",0.0203472539282605,"Haplotype_A_Unmeth"
"NGS_H19_Hetero_Phased_Rep1","Read_2742",0.966107532737078,"Haplotype_B_Meth"
"NGS_H19_Hetero_Phased_Rep1","Read_2743",0.00972030430296764,"Haplotype_A_Unmeth"
"NGS_H19_Hetero_Phased_Rep1","Read_2744",0.0186142314311263,"Haplotype_A_Unmeth"
"NGS_H19_Hetero_Phased_Rep1","Read_2745",0.0243448853030982,"Haplotype_A_Unmeth"
"NGS_H19_Hetero_Phased_Rep1","Read_2746",0.0202691458286883,"Haplotype_A_Unmeth"
"NGS_H19_Hetero_Phased_Rep1","Read_2747",0.0234830364240678,"Haplotype_A_Unmeth"
"NGS_H19_Hetero_Phased_Rep1","Read_2748",0.0195142998018838,"Haplotype_A_Unmeth"
"NGS_H19_Hetero_Phased_Rep1","Read_2749",0.970594566518712,"Haplotype_B_Meth"
"NGS_H19_Hetero_Phased_Rep1","Read_2750",0.022481416582767,"Haplotype_A_Unmeth"
"NGS_H19_Hetero_Phased_Rep1","Read_2751",0.014367572991513,"Haplotype_A_Unmeth"
"NGS_H19_Hetero_Phased_Rep1","Read_2752",0.986987687177492,"Haplotype_B_Meth"
"NGS_H19_Hetero_Phased_Rep1","Read_2753",0.984347970554693,"Haplotype_B_Meth"
"NGS_H19_Hetero_Phased_Rep1","Read_2754",0.974909719019216,"Haplotype_B_Meth"
"NGS_H19_Hetero_Phased_Rep1","Read_2755",0.975020384908444,"Haplotype_B_Meth"
"NGS_H19_Hetero_Phased_Rep1","Read_2756",0.98709670109667,"Haplotype_B_Meth"
"NGS_H19_Hetero_Phased_Rep1","Read_2757",0.0161884868377858,"Haplotype_A_Unmeth"
"NGS_H19_Hetero_Phased_Rep1","Read_2758",0.976833797138237,"Haplotype_B_Meth"
"NGS_H19_Hetero_Phased_Rep1","Read_2759",0.976352164369821,"Haplotype_B_Meth"
"NGS_H19_Hetero_Phased_Rep1","Read_2760",0.984678130663334,"Haplotype_B_Meth"
"NGS_H19_Hetero_Phased_Rep1","Read_2761",0.024388718365462,"Haplotype_A_Unmeth"
"NGS_H19_Hetero_Phased_Rep1","Read_2762",0.979917703316943,"Haplotype_B_Meth"
"NGS_H19_Hetero_Phased_Rep1","Read_2763",0.0174347021049933,"Haplotype_A_Unmeth"
"NGS_H19_Hetero_Phased_Rep1","Read_2764",0.981269128066158,"Haplotype_B_Meth"
"NGS_H19_Hetero_Phased_Rep1","Read_2765",0.023454209757345,"Haplotype_A_Unmeth"
"NGS_H19_Hetero_Phased_Rep1","Read_2766",0.0247735199741576,"Haplotype_A_Unmeth"
"NGS_H19_Hetero_Phased_Rep1","Read_2767",0.0219196563426382,"Haplotype_A_Unmeth"
"NGS_H19_Hetero_Phased_Rep1","Read_2768",0.0162781518748417,"Haplotype_A_Unmeth"
"NGS_H19_Hetero_Phased_Rep1","Read_2769",0.0147900130068889,"Haplotype_A_Unmeth"
"NGS_H19_Hetero_Phased_Rep1","Read_2770",0.985424562165545,"Haplotype_B_Meth"
"NGS_H19_Hetero_Phased_Rep1","Read_2771",0.979993527300067,"Haplotype_B_Meth"
"NGS_H19_Hetero_Phased_Rep1","Read_2772",0.0173441487078215,"Haplotype_A_Unmeth"
"NGS_H19_Hetero_Phased_Rep1","Read_2773",0.0226008741595987,"Haplotype_A_Unmeth"
"NGS_H19_Hetero_Phased_Rep1","Read_2774",0.0202185598631841,"Haplotype_A_Unmeth"
"NGS_H19_Hetero_Phased_Rep1","Read_2775",0.0166183141298357,"Haplotype_A_Unmeth"
"NGS_H19_Hetero_Phased_Rep1","Read_2776",0.980031333978049,"Haplotype_B_Meth"
"NGS_H19_Hetero_Phased_Rep1","Read_2777",0.978767670364148,"Haplotype_B_Meth"
"NGS_H19_Hetero_Phased_Rep1","Read_2778",0.0313061353652334,"Haplotype_A_Unmeth"
"NGS_H19_Hetero_Phased_Rep1","Read_2779",0.9829263882781,"Haplotype_B_Meth"
"NGS_H19_Hetero_Phased_Rep1","Read_2780",0.990202663317726,"Haplotype_B_Meth"
"NGS_H19_Hetero_Phased_Rep1","Read_2781",0.0179172122441816,"Haplotype_A_Unmeth"
"NGS_H19_Hetero_Phased_Rep1","Read_2782",0.0251548566676632,"Haplotype_A_Unmeth"
"NGS_H19_Hetero_Phased_Rep1","Read_2783",0.97821792182982,"Haplotype_B_Meth"
"NGS_H19_Hetero_Phased_Rep1","Read_2784",0.0189778934978533,"Haplotype_A_Unmeth"
"NGS_H19_Hetero_Phased_Rep1","Read_2785",0.982180651956177,"Haplotype_B_Meth"
"NGS_H19_Hetero_Phased_Rep1","Read_2786",0.0130673960648285,"Haplotype_A_Unmeth"
"NGS_H19_Hetero_Phased_Rep1","Read_2787",0.01653704907481,"Haplotype_A_Unmeth"
"NGS_H19_Hetero_Phased_Rep1","Read_2788",0.0159930044420335,"Haplotype_A_Unmeth"
"NGS_H19_Hetero_Phased_Rep1","Read_2789",0.0180308921084168,"Haplotype_A_Unmeth"
"NGS_H19_Hetero_Phased_Rep1","Read_2790",0.976410652736747,"Haplotype_B_Meth"
"NGS_H19_Hetero_Phased_Rep1","Read_2791",0.981268810690406,"Haplotype_B_Meth"
"NGS_H19_Hetero_Phased_Rep1","Read_2792",0.0221597536172508,"Haplotype_A_Unmeth"
"NGS_H19_Hetero_Phased_Rep1","Read_2793",0.0183025321928617,"Haplotype_A_Unmeth"
"NGS_H19_Hetero_Phased_Rep1","Read_2794",0.0211799136643585,"Haplotype_A_Unmeth"
"NGS_H19_Hetero_Phased_Rep1","Read_2795",0.978950045206901,"Haplotype_B_Meth"
"NGS_H19_Hetero_Phased_Rep1","Read_2796",0.0213147285089733,"Haplotype_A_Unmeth"
"NGS_H19_Hetero_Phased_Rep1","Read_2797",0.9809092327324,"Haplotype_B_Meth"
"NGS_H19_Hetero_Phased_Rep1","Read_2798",0.984814816606805,"Haplotype_B_Meth"
"NGS_H19_Hetero_Phased_Rep1","Read_2799",0.981657207482334,"Haplotype_B_Meth"
"NGS_H19_Hetero_Phased_Rep1","Read_2800",0.0225712311296049,"Haplotype_A_Unmeth"
"NGS_H19_Hetero_Phased_Rep1","Read_2801",0.0200968036736184,"Haplotype_A_Unmeth"
"NGS_H19_Hetero_Phased_Rep1","Read_2802",0.0218308528655213,"Haplotype_A_Unmeth"
"NGS_H19_Hetero_Phased_Rep1","Read_2803",0.978863144130431,"Haplotype_B_Meth"
"NGS_H19_Hetero_Phased_Rep1","Read_2804",0.98251491097736,"Haplotype_B_Meth"
"NGS_H19_Hetero_Phased_Rep1","Read_2805",0.979009796020734,"Haplotype_B_Meth"
"NGS_H19_Hetero_Phased_Rep1","Read_2806",0.014033000216514,"Haplotype_A_Unmeth"
"NGS_H19_Hetero_Phased_Rep1","Read_2807",0.0198270216838176,"Haplotype_A_Unmeth"
"NGS_H19_Hetero_Phased_Rep1","Read_2808",0.976930306334133,"Haplotype_B_Meth"
"NGS_H19_Hetero_Phased_Rep1","Read_2809",0.983257182549497,"Haplotype_B_Meth"
"NGS_H19_Hetero_Phased_Rep1","Read_2810",0.987728319141573,"Haplotype_B_Meth"
"NGS_H19_Hetero_Phased_Rep1","Read_2811",0.973831116221456,"Haplotype_B_Meth"
"NGS_H19_Hetero_Phased_Rep1","Read_2812",0.976877093216109,"Haplotype_B_Meth"
"NGS_H19_Hetero_Phased_Rep1","Read_2813",0.978792681610684,"Haplotype_B_Meth"
"NGS_H19_Hetero_Phased_Rep1","Read_2814",0.0276427908258983,"Haplotype_A_Unmeth"
"NGS_H19_Hetero_Phased_Rep1","Read_2815",0.0351527177375523,"Haplotype_A_Unmeth"
"NGS_H19_Hetero_Phased_Rep1","Read_2816",0.983966166814338,"Haplotype_B_Meth"
"NGS_H19_Hetero_Phased_Rep1","Read_2817",0.0161668558714734,"Haplotype_A_Unmeth"
"NGS_H19_Hetero_Phased_Rep1","Read_2818",0.0149881482734692,"Haplotype_A_Unmeth"
"NGS_H19_Hetero_Phased_Rep1","Read_2819",0.0179704244452699,"Haplotype_A_Unmeth"
"NGS_H19_Hetero_Phased_Rep1","Read_2820",0.0167090908017408,"Haplotype_A_Unmeth"
"NGS_H19_Hetero_Phased_Rep1","Read_2821",0.977878735622717,"Haplotype_B_Meth"
"NGS_H19_Hetero_Phased_Rep1","Read_2822",0.024141833410991,"Haplotype_A_Unmeth"
"NGS_H19_Hetero_Phased_Rep1","Read_2823",0.98383044983092,"Haplotype_B_Meth"
"NGS_H19_Hetero_Phased_Rep1","Read_2824",0.0249750119546719,"Haplotype_A_Unmeth"
"NGS_H19_Hetero_Phased_Rep1","Read_2825",0.973280431515078,"Haplotype_B_Meth"
"NGS_H19_Hetero_Phased_Rep1","Read_2826",0.975948988126817,"Haplotype_B_Meth"
"NGS_H19_Hetero_Phased_Rep1","Read_2827",0.0148370684438528,"Haplotype_A_Unmeth"
"NGS_H19_Hetero_Phased_Rep1","Read_2828",0.0126256941679109,"Haplotype_A_Unmeth"
"NGS_H19_Hetero_Phased_Rep1","Read_2829",0.981721856654651,"Haplotype_B_Meth"
"NGS_H19_Hetero_Phased_Rep1","Read_2830",0.0164704878066861,"Haplotype_A_Unmeth"
"NGS_H19_Hetero_Phased_Rep1","Read_2831",0.979258487641106,"Haplotype_B_Meth"
"NGS_H19_Hetero_Phased_Rep1","Read_2832",0.0302304294712467,"Haplotype_A_Unmeth"
"NGS_H19_Hetero_Phased_Rep1","Read_2833",0.981039994466408,"Haplotype_B_Meth"
"NGS_H19_Hetero_Phased_Rep1","Read_2834",0.981506360051257,"Haplotype_B_Meth"
"NGS_H19_Hetero_Phased_Rep1","Read_2835",0.983215906818126,"Haplotype_B_Meth"
"NGS_H19_Hetero_Phased_Rep1","Read_2836",0.023581162675771,"Haplotype_A_Unmeth"
"NGS_H19_Hetero_Phased_Rep1","Read_2837",0.972069908964372,"Haplotype_B_Meth"
"NGS_H19_Hetero_Phased_Rep1","Read_2838",0.0195974373663444,"Haplotype_A_Unmeth"
"NGS_H19_Hetero_Phased_Rep1","Read_2839",0.0161793924845824,"Haplotype_A_Unmeth"
"NGS_H19_Hetero_Phased_Rep1","Read_2840",0.983230181111716,"Haplotype_B_Meth"
"NGS_H19_Hetero_Phased_Rep1","Read_2841",0.973571603452099,"Haplotype_B_Meth"
"NGS_H19_Hetero_Phased_Rep1","Read_2842",0.0129630295368361,"Haplotype_A_Unmeth"
"NGS_H19_Hetero_Phased_Rep1","Read_2843",0.0150784611285805,"Haplotype_A_Unmeth"
"NGS_H19_Hetero_Phased_Rep1","Read_2844",0.978593289568563,"Haplotype_B_Meth"
"NGS_H19_Hetero_Phased_Rep1","Read_2845",0.98207220785044,"Haplotype_B_Meth"
"NGS_H19_Hetero_Phased_Rep1","Read_2846",0.016018071950944,"Haplotype_A_Unmeth"
"NGS_H19_Hetero_Phased_Rep1","Read_2847",0.979777432649795,"Haplotype_B_Meth"
"NGS_H19_Hetero_Phased_Rep1","Read_2848",0.0287046156879723,"Haplotype_A_Unmeth"
"NGS_H19_Hetero_Phased_Rep1","Read_2849",0.981715166927318,"Haplotype_B_Meth"
"NGS_H19_Hetero_Phased_Rep1","Read_2850",0.0211144807175263,"Haplotype_A_Unmeth"
"NGS_H19_Hetero_Phased_Rep1","Read_2851",0.0212041656118193,"Haplotype_A_Unmeth"
"NGS_H19_Hetero_Phased_Rep1","Read_2852",0.98312244953926,"Haplotype_B_Meth"
"NGS_H19_Hetero_Phased_Rep1","Read_2853",0.985121704305597,"Haplotype_B_Meth"
"NGS_H19_Hetero_Phased_Rep1","Read_2854",0.0348314098057958,"Haplotype_A_Unmeth"
"NGS_H19_Hetero_Phased_Rep1","Read_2855",0.0158581842900977,"Haplotype_A_Unmeth"
"NGS_H19_Hetero_Phased_Rep1","Read_2856",0.0226026556668812,"Haplotype_A_Unmeth"
"NGS_H19_Hetero_Phased_Rep1","Read_2857",0.0306510658963866,"Haplotype_A_Unmeth"
"NGS_H19_Hetero_Phased_Rep1","Read_2858",0.979529142288525,"Haplotype_B_Meth"
"NGS_H19_Hetero_Phased_Rep1","Read_2859",0.976613355124609,"Haplotype_B_Meth"
"NGS_H19_Hetero_Phased_Rep1","Read_2860",0.978759123232475,"Haplotype_B_Meth"
"NGS_H19_Hetero_Phased_Rep1","Read_2861",0.971436521081494,"Haplotype_B_Meth"
"NGS_H19_Hetero_Phased_Rep1","Read_2862",0.014252057415135,"Haplotype_A_Unmeth"
"NGS_H19_Hetero_Phased_Rep1","Read_2863",0.981308837476613,"Haplotype_B_Meth"
"NGS_H19_Hetero_Phased_Rep1","Read_2864",0.0239741250220894,"Haplotype_A_Unmeth"
"NGS_H19_Hetero_Phased_Rep1","Read_2865",0.975906323555783,"Haplotype_B_Meth"
"NGS_H19_Hetero_Phased_Rep1","Read_2866",0.971290467770124,"Haplotype_B_Meth"
"NGS_H19_Hetero_Phased_Rep1","Read_2867",0.980798144565037,"Haplotype_B_Meth"
"NGS_H19_Hetero_Phased_Rep1","Read_2868",0.971744694396865,"Haplotype_B_Meth"
"NGS_H19_Hetero_Phased_Rep1","Read_2869",0.982265808503691,"Haplotype_B_Meth"
"NGS_H19_Hetero_Phased_Rep1","Read_2870",0.024909211184043,"Haplotype_A_Unmeth"
"NGS_H19_Hetero_Phased_Rep1","Read_2871",0.0182614692020272,"Haplotype_A_Unmeth"
"NGS_H19_Hetero_Phased_Rep1","Read_2872",0.974346101291112,"Haplotype_B_Meth"
"NGS_H19_Hetero_Phased_Rep1","Read_2873",0.022313264911201,"Haplotype_A_Unmeth"
"NGS_H19_Hetero_Phased_Rep1","Read_2874",0.0138415991674754,"Haplotype_A_Unmeth"
"NGS_H19_Hetero_Phased_Rep1","Read_2875",0.982431166330979,"Haplotype_B_Meth"
"NGS_H19_Hetero_Phased_Rep1","Read_2876",0.980046225046024,"Haplotype_B_Meth"
"NGS_H19_Hetero_Phased_Rep1","Read_2877",0.983873425392954,"Haplotype_B_Meth"
"NGS_H19_Hetero_Phased_Rep1","Read_2878",0.0186495014657237,"Haplotype_A_Unmeth"
"NGS_H19_Hetero_Phased_Rep1","Read_2879",0.0162759286767021,"Haplotype_A_Unmeth"
"NGS_H19_Hetero_Phased_Rep1","Read_2880",0.0203796952824993,"Haplotype_A_Unmeth"
"NGS_H19_Hetero_Phased_Rep1","Read_2881",0.0176819251988237,"Haplotype_A_Unmeth"
"NGS_H19_Hetero_Phased_Rep1","Read_2882",0.0220869802074837,"Haplotype_A_Unmeth"
"NGS_H19_Hetero_Phased_Rep1","Read_2883",0.0189454149267459,"Haplotype_A_Unmeth"
"NGS_H19_Hetero_Phased_Rep1","Read_2884",0.982060128249826,"Haplotype_B_Meth"
"NGS_H19_Hetero_Phased_Rep1","Read_2885",0.0247431404300446,"Haplotype_A_Unmeth"
"NGS_H19_Hetero_Phased_Rep1","Read_2886",0.986396772003143,"Haplotype_B_Meth"
"NGS_H19_Hetero_Phased_Rep1","Read_2887",0.982595239541509,"Haplotype_B_Meth"
"NGS_H19_Hetero_Phased_Rep1","Read_2888",0.0241336518800408,"Haplotype_A_Unmeth"
"NGS_H19_Hetero_Phased_Rep1","Read_2889",0.0145500491020729,"Haplotype_A_Unmeth"
"NGS_H19_Hetero_Phased_Rep1","Read_2890",0.976670789583188,"Haplotype_B_Meth"
"NGS_H19_Hetero_Phased_Rep1","Read_2891",0.976964667560956,"Haplotype_B_Meth"
"NGS_H19_Hetero_Phased_Rep1","Read_2892",0.018147132976951,"Haplotype_A_Unmeth"
"NGS_H19_Hetero_Phased_Rep1","Read_2893",0.977194053911305,"Haplotype_B_Meth"
"NGS_H19_Hetero_Phased_Rep1","Read_2894",0.972559050603475,"Haplotype_B_Meth"
"NGS_H19_Hetero_Phased_Rep1","Read_2895",0.97622377289244,"Haplotype_B_Meth"
"NGS_H19_Hetero_Phased_Rep1","Read_2896",0.0208787033344288,"Haplotype_A_Unmeth"
"NGS_H19_Hetero_Phased_Rep1","Read_2897",0.978883173094781,"Haplotype_B_Meth"
"NGS_H19_Hetero_Phased_Rep1","Read_2898",0.0153721230251504,"Haplotype_A_Unmeth"
"NGS_H19_Hetero_Phased_Rep1","Read_2899",0.981329327384358,"Haplotype_B_Meth"
"NGS_H19_Hetero_Phased_Rep1","Read_2900",0.0211994640355344,"Haplotype_A_Unmeth"
"NGS_H19_Hetero_Phased_Rep1","Read_2901",0.974588334910145,"Haplotype_B_Meth"
"NGS_H19_Hetero_Phased_Rep1","Read_2902",0.0249239918215515,"Haplotype_A_Unmeth"
"NGS_H19_Hetero_Phased_Rep1","Read_2903",0.0264881246294756,"Haplotype_A_Unmeth"
"NGS_H19_Hetero_Phased_Rep1","Read_2904",0.027792514437487,"Haplotype_A_Unmeth"
"NGS_H19_Hetero_Phased_Rep1","Read_2905",0.0151182627203187,"Haplotype_A_Unmeth"
"NGS_H19_Hetero_Phased_Rep1","Read_2906",0.0220690652322481,"Haplotype_A_Unmeth"
"NGS_H19_Hetero_Phased_Rep1","Read_2907",0.983505602941582,"Haplotype_B_Meth"
"NGS_H19_Hetero_Phased_Rep1","Read_2908",0.0160647883030628,"Haplotype_A_Unmeth"
"NGS_H19_Hetero_Phased_Rep1","Read_2909",0.0207820158445437,"Haplotype_A_Unmeth"
"NGS_H19_Hetero_Phased_Rep1","Read_2910",0.983471826591227,"Haplotype_B_Meth"
"NGS_H19_Hetero_Phased_Rep1","Read_2911",0.0163399128440364,"Haplotype_A_Unmeth"
"NGS_H19_Hetero_Phased_Rep1","Read_2912",0.974492530230089,"Haplotype_B_Meth"
"NGS_H19_Hetero_Phased_Rep1","Read_2913",0.0145347528879577,"Haplotype_A_Unmeth"
"NGS_H19_Hetero_Phased_Rep1","Read_2914",0.0162558741601551,"Haplotype_A_Unmeth"
"NGS_H19_Hetero_Phased_Rep1","Read_2915",0.0275263081695459,"Haplotype_A_Unmeth"
"NGS_H19_Hetero_Phased_Rep1","Read_2916",0.0195050014962787,"Haplotype_A_Unmeth"
"NGS_H19_Hetero_Phased_Rep1","Read_2917",0.016463602524778,"Haplotype_A_Unmeth"
"NGS_H19_Hetero_Phased_Rep1","Read_2918",0.0129652975979308,"Haplotype_A_Unmeth"
"NGS_H19_Hetero_Phased_Rep1","Read_2919",0.018995408538344,"Haplotype_A_Unmeth"
"NGS_H19_Hetero_Phased_Rep1","Read_2920",0.98322235878893,"Haplotype_B_Meth"
"NGS_H19_Hetero_Phased_Rep1","Read_2921",0.0177192733861028,"Haplotype_A_Unmeth"
"NGS_H19_Hetero_Phased_Rep1","Read_2922",0.0107433097524183,"Haplotype_A_Unmeth"
"NGS_H19_Hetero_Phased_Rep1","Read_2923",0.0134275381296586,"Haplotype_A_Unmeth"
"NGS_H19_Hetero_Phased_Rep1","Read_2924",0.981523294587841,"Haplotype_B_Meth"
"NGS_H19_Hetero_Phased_Rep1","Read_2925",0.976868503244818,"Haplotype_B_Meth"
"NGS_H19_Hetero_Phased_Rep1","Read_2926",0.0288200129971717,"Haplotype_A_Unmeth"
"NGS_H19_Hetero_Phased_Rep1","Read_2927",0.978577708372857,"Haplotype_B_Meth"
"NGS_H19_Hetero_Phased_Rep1","Read_2928",0.98317450979883,"Haplotype_B_Meth"
"NGS_H19_Hetero_Phased_Rep1","Read_2929",0.0250680520940195,"Haplotype_A_Unmeth"
"NGS_H19_Hetero_Phased_Rep1","Read_2930",0.0162922452119299,"Haplotype_A_Unmeth"
"NGS_H19_Hetero_Phased_Rep1","Read_2931",0.978700760606355,"Haplotype_B_Meth"
"NGS_H19_Hetero_Phased_Rep1","Read_2932",0.0167240295878914,"Haplotype_A_Unmeth"
"NGS_H19_Hetero_Phased_Rep1","Read_2933",0.0208539891396397,"Haplotype_A_Unmeth"
"NGS_H19_Hetero_Phased_Rep1","Read_2934",0.0243915058300187,"Haplotype_A_Unmeth"
"NGS_H19_Hetero_Phased_Rep1","Read_2935",0.0112055423007116,"Haplotype_A_Unmeth"
"NGS_H19_Hetero_Phased_Rep1","Read_2936",0.0176402180355952,"Haplotype_A_Unmeth"
"NGS_H19_Hetero_Phased_Rep1","Read_2937",0.982264942460121,"Haplotype_B_Meth"
"NGS_H19_Hetero_Phased_Rep1","Read_2938",0.0246695083729425,"Haplotype_A_Unmeth"
"NGS_H19_Hetero_Phased_Rep1","Read_2939",0.0289002117952079,"Haplotype_A_Unmeth"
"NGS_H19_Hetero_Phased_Rep1","Read_2940",0.0189249080443571,"Haplotype_A_Unmeth"
"NGS_H19_Hetero_Phased_Rep1","Read_2941",0.0251876344390412,"Haplotype_A_Unmeth"
"NGS_H19_Hetero_Phased_Rep1","Read_2942",0.974524030457962,"Haplotype_B_Meth"
"NGS_H19_Hetero_Phased_Rep1","Read_2943",0.0173314481053391,"Haplotype_A_Unmeth"
"NGS_H19_Hetero_Phased_Rep1","Read_2944",0.0181041361788764,"Haplotype_A_Unmeth"
"NGS_H19_Hetero_Phased_Rep1","Read_2945",0.0168041214874121,"Haplotype_A_Unmeth"
"NGS_H19_Hetero_Phased_Rep1","Read_2946",0.984634923262856,"Haplotype_B_Meth"
"NGS_H19_Hetero_Phased_Rep1","Read_2947",0.98436144644266,"Haplotype_B_Meth"
"NGS_H19_Hetero_Phased_Rep1","Read_2948",0.0251007943004815,"Haplotype_A_Unmeth"
"NGS_H19_Hetero_Phased_Rep1","Read_2949",0.0230144461715041,"Haplotype_A_Unmeth"
"NGS_H19_Hetero_Phased_Rep1","Read_2950",0.971028387699705,"Haplotype_B_Meth"
"NGS_H19_Hetero_Phased_Rep1","Read_2951",0.0124321063939411,"Haplotype_A_Unmeth"
"NGS_H19_Hetero_Phased_Rep1","Read_2952",0.984344905344798,"Haplotype_B_Meth"
"NGS_H19_Hetero_Phased_Rep1","Read_2953",0.98385188479872,"Haplotype_B_Meth"
"NGS_H19_Hetero_Phased_Rep1","Read_2954",0.980687938429815,"Haplotype_B_Meth"
"NGS_H19_Hetero_Phased_Rep1","Read_2955",0.98344171497541,"Haplotype_B_Meth"
"NGS_H19_Hetero_Phased_Rep1","Read_2956",0.974508098543443,"Haplotype_B_Meth"
"NGS_H19_Hetero_Phased_Rep1","Read_2957",0.016605894059719,"Haplotype_A_Unmeth"
"NGS_H19_Hetero_Phased_Rep1","Read_2958",0.974737317904214,"Haplotype_B_Meth"
"NGS_H19_Hetero_Phased_Rep1","Read_2959",0.985576268820408,"Haplotype_B_Meth"
"NGS_H19_Hetero_Phased_Rep1","Read_2960",0.0109067847450515,"Haplotype_A_Unmeth"
"NGS_H19_Hetero_Phased_Rep1","Read_2961",0.0222052926654868,"Haplotype_A_Unmeth"
"NGS_H19_Hetero_Phased_Rep1","Read_2962",0.0197642937033463,"Haplotype_A_Unmeth"
"NGS_H19_Hetero_Phased_Rep1","Read_2963",0.0198052587386648,"Haplotype_A_Unmeth"
"NGS_H19_Hetero_Phased_Rep1","Read_2964",0.977062246712302,"Haplotype_B_Meth"
"NGS_H19_Hetero_Phased_Rep1","Read_2965",0.0154050199682716,"Haplotype_A_Unmeth"
"NGS_H19_Hetero_Phased_Rep1","Read_2966",0.012495066278397,"Haplotype_A_Unmeth"
"NGS_H19_Hetero_Phased_Rep1","Read_2967",0.977259099480358,"Haplotype_B_Meth"
"NGS_H19_Hetero_Phased_Rep1","Read_2968",0.0210257217067162,"Haplotype_A_Unmeth"
"NGS_H19_Hetero_Phased_Rep1","Read_2969",0.0215415969994331,"Haplotype_A_Unmeth"
"NGS_H19_Hetero_Phased_Rep1","Read_2970",0.0152986316693276,"Haplotype_A_Unmeth"
"NGS_H19_Hetero_Phased_Rep1","Read_2971",0.0197098963977383,"Haplotype_A_Unmeth"
"NGS_H19_Hetero_Phased_Rep1","Read_2972",0.0163190588637923,"Haplotype_A_Unmeth"
"NGS_H19_Hetero_Phased_Rep1","Read_2973",0.0201659830052279,"Haplotype_A_Unmeth"
"NGS_H19_Hetero_Phased_Rep1","Read_2974",0.0271774853535086,"Haplotype_A_Unmeth"
"NGS_H19_Hetero_Phased_Rep1","Read_2975",0.981341077799215,"Haplotype_B_Meth"
"NGS_H19_Hetero_Phased_Rep1","Read_2976",0.0151590459869643,"Haplotype_A_Unmeth"
"NGS_H19_Hetero_Phased_Rep1","Read_2977",0.023936755723364,"Haplotype_A_Unmeth"
"NGS_H19_Hetero_Phased_Rep1","Read_2978",0.0148721469227853,"Haplotype_A_Unmeth"
"NGS_H19_Hetero_Phased_Rep1","Read_2979",0.0183530945452768,"Haplotype_A_Unmeth"
"NGS_H19_Hetero_Phased_Rep1","Read_2980",0.98101091427029,"Haplotype_B_Meth"
"NGS_H19_Hetero_Phased_Rep1","Read_2981",0.985548737136973,"Haplotype_B_Meth"
"NGS_H19_Hetero_Phased_Rep1","Read_2982",0.991476926634007,"Haplotype_B_Meth"
"NGS_H19_Hetero_Phased_Rep1","Read_2983",0.976638182019509,"Haplotype_B_Meth"
"NGS_H19_Hetero_Phased_Rep1","Read_2984",0.97844484326814,"Haplotype_B_Meth"
"NGS_H19_Hetero_Phased_Rep1","Read_2985",0.971552614889756,"Haplotype_B_Meth"
"NGS_H19_Hetero_Phased_Rep1","Read_2986",0.0252272011263261,"Haplotype_A_Unmeth"
"NGS_H19_Hetero_Phased_Rep1","Read_2987",0.0225088374274008,"Haplotype_A_Unmeth"
"NGS_H19_Hetero_Phased_Rep1","Read_2988",0.972367868211285,"Haplotype_B_Meth"
"NGS_H19_Hetero_Phased_Rep1","Read_2989",0.985507123988212,"Haplotype_B_Meth"
"NGS_H19_Hetero_Phased_Rep1","Read_2990",0.0182925474488454,"Haplotype_A_Unmeth"
"NGS_H19_Hetero_Phased_Rep1","Read_2991",0.983908432037796,"Haplotype_B_Meth"
"NGS_H19_Hetero_Phased_Rep1","Read_2992",0.977453131229868,"Haplotype_B_Meth"
"NGS_H19_Hetero_Phased_Rep1","Read_2993",0.979529872807901,"Haplotype_B_Meth"
"NGS_H19_Hetero_Phased_Rep1","Read_2994",0.0223389167989575,"Haplotype_A_Unmeth"
"NGS_H19_Hetero_Phased_Rep1","Read_2995",0.984029933272194,"Haplotype_B_Meth"
"NGS_H19_Hetero_Phased_Rep1","Read_2996",0.0195929075559907,"Haplotype_A_Unmeth"
"NGS_H19_Hetero_Phased_Rep1","Read_2997",0.980550750304233,"Haplotype_B_Meth"
"NGS_H19_Hetero_Phased_Rep1","Read_2998",0.0238099428065519,"Haplotype_A_Unmeth"
"NGS_H19_Hetero_Phased_Rep1","Read_2999",0.978416308127324,"Haplotype_B_Meth"
"NGS_H19_Hetero_Phased_Rep1","Read_3000",0.0219452915477274,"Haplotype_A_Unmeth"
