"Sample","ReadID","sampled_methylation","allele"
"NGS_H19_LOI_Rep2","Read_1",0.977059552135568,"Subpopulation_1"
"NGS_H19_LOI_Rep2","Read_2",0.976355202623379,"Subpopulation_1"
"NGS_H19_LOI_Rep2","Read_3",0.982140779291219,"Subpopulation_1"
"NGS_H19_LOI_Rep2","Read_4",0.983005205082403,"Subpopulation_1"
"NGS_H19_LOI_Rep2","Read_5",0.982102789682732,"Subpopulation_1"
"NGS_H19_LOI_Rep2","Read_6",0.976052959915642,"Subpopulation_1"
"NGS_H19_LOI_Rep2","Read_7",0.97683067815517,"Subpopulation_1"
"NGS_H19_LOI_Rep2","Read_8",0.97256344507196,"Subpopulation_1"
"NGS_H19_LOI_Rep2","Read_9",0.983344793463519,"Subpopulation_1"
"NGS_H19_LOI_Rep2","Read_10",0.981291151701818,"Subpopulation_1"
"NGS_H19_LOI_Rep2","Read_11",0.983732389474012,"Subpopulation_1"
"NGS_H19_LOI_Rep2","Read_12",0.978816377507144,"Subpopulation_1"
"NGS_H19_LOI_Rep2","Read_13",0.980540478174011,"Subpopulation_1"
"NGS_H19_LOI_Rep2","Read_14",0.986991127319409,"Subpopulation_1"
"NGS_H19_LOI_Rep2","Read_15",0.97365702887975,"Subpopulation_1"
"NGS_H19_LOI_Rep2","Read_16",0.970179573937829,"Subpopulation_1"
"NGS_H19_LOI_Rep2","Read_17",0.962440488759042,"Subpopulation_1"
"NGS_H19_LOI_Rep2","Read_18",0.975910735670765,"Subpopulation_1"
"NGS_H19_LOI_Rep2","Read_19",0.977938272427947,"Subpopulation_1"
"NGS_H19_LOI_Rep2","Read_20",0.972054458390848,"Subpopulation_1"
"NGS_H19_LOI_Rep2","Read_21",0.981997797870073,"Subpopulation_1"
"NGS_H19_LOI_Rep2","Read_22",0.98052675292471,"Subpopulation_1"
"NGS_H19_LOI_Rep2","Read_23",0.978367138137521,"Subpopulation_1"
"NGS_H19_LOI_Rep2","Read_24",0.982658321852805,"Subpopulation_1"
"NGS_H19_LOI_Rep2","Read_25",0.979128184726238,"Subpopulation_1"
"NGS_H19_LOI_Rep2","Read_26",0.985737724230157,"Subpopulation_1"
"NGS_H19_LOI_Rep2","Read_27",0.968051413502797,"Subpopulation_1"
"NGS_H19_LOI_Rep2","Read_28",0.986011035455373,"Subpopulation_1"
"NGS_H19_LOI_Rep2","Read_29",0.985233264720226,"Subpopulation_1"
"NGS_H19_LOI_Rep2","Read_30",0.988162950689796,"Subpopulation_1"
"NGS_H19_LOI_Rep2","Read_31",0.982522524268393,"Subpopulation_1"
"NGS_H19_LOI_Rep2","Read_32",0.980256822818274,"Subpopulation_1"
"NGS_H19_LOI_Rep2","Read_33",0.982790437956096,"Subpopulation_1"
"NGS_H19_LOI_Rep2","Read_34",0.979823872638046,"Subpopulation_1"
"NGS_H19_LOI_Rep2","Read_35",0.978146810091899,"Subpopulation_1"
"NGS_H19_LOI_Rep2","Read_36",0.975364231272893,"Subpopulation_1"
"NGS_H19_LOI_Rep2","Read_37",0.983110459355657,"Subpopulation_1"
"NGS_H19_LOI_Rep2","Read_38",0.983548920910496,"Subpopulation_1"
"NGS_H19_LOI_Rep2","Read_39",0.981777821422749,"Subpopulation_1"
"NGS_H19_LOI_Rep2","Read_40",0.976827054594044,"Subpopulation_1"
"NGS_H19_LOI_Rep2","Read_41",0.980250833469125,"Subpopulation_1"
"NGS_H19_LOI_Rep2","Read_42",0.980845223759921,"Subpopulation_1"
"NGS_H19_LOI_Rep2","Read_43",0.980193946085649,"Subpopulation_1"
"NGS_H19_LOI_Rep2","Read_44",0.974773448637184,"Subpopulation_1"
"NGS_H19_LOI_Rep2","Read_45",0.9748605708662,"Subpopulation_1"
"NGS_H19_LOI_Rep2","Read_46",0.984571536156888,"Subpopulation_1"
"NGS_H19_LOI_Rep2","Read_47",0.979159923179031,"Subpopulation_1"
"NGS_H19_LOI_Rep2","Read_48",0.976947190116225,"Subpopulation_1"
"NGS_H19_LOI_Rep2","Read_49",0.977129827641721,"Subpopulation_1"
"NGS_H19_LOI_Rep2","Read_50",0.983850040678782,"Subpopulation_1"
"NGS_H19_LOI_Rep2","Read_51",0.976111022679603,"Subpopulation_1"
"NGS_H19_LOI_Rep2","Read_52",0.977399159488734,"Subpopulation_1"
"NGS_H19_LOI_Rep2","Read_53",0.983007239405814,"Subpopulation_1"
"NGS_H19_LOI_Rep2","Read_54",0.977302751414441,"Subpopulation_1"
"NGS_H19_LOI_Rep2","Read_55",0.982197950765909,"Subpopulation_1"
"NGS_H19_LOI_Rep2","Read_56",0.973613768505409,"Subpopulation_1"
"NGS_H19_LOI_Rep2","Read_57",0.983078193788319,"Subpopulation_1"
"NGS_H19_LOI_Rep2","Read_58",0.976387829870412,"Subpopulation_1"
"NGS_H19_LOI_Rep2","Read_59",0.980311745514148,"Subpopulation_1"
"NGS_H19_LOI_Rep2","Read_60",0.969858443962406,"Subpopulation_1"
"NGS_H19_LOI_Rep2","Read_61",0.985394361673813,"Subpopulation_1"
"NGS_H19_LOI_Rep2","Read_62",0.974982987874437,"Subpopulation_1"
"NGS_H19_LOI_Rep2","Read_63",0.993104889998554,"Subpopulation_1"
"NGS_H19_LOI_Rep2","Read_64",0.978510725736571,"Subpopulation_1"
"NGS_H19_LOI_Rep2","Read_65",0.980119652517692,"Subpopulation_1"
"NGS_H19_LOI_Rep2","Read_66",0.980970814354277,"Subpopulation_1"
"NGS_H19_LOI_Rep2","Read_67",0.9724301673891,"Subpopulation_1"
"NGS_H19_LOI_Rep2","Read_68",0.981103659440855,"Subpopulation_1"
"NGS_H19_LOI_Rep2","Read_69",0.988895796200534,"Subpopulation_1"
"NGS_H19_LOI_Rep2","Read_70",0.982978836499606,"Subpopulation_1"
"NGS_H19_LOI_Rep2","Read_71",0.980902404429711,"Subpopulation_1"
"NGS_H19_LOI_Rep2","Read_72",0.975587141669593,"Subpopulation_1"
"NGS_H19_LOI_Rep2","Read_73",0.982414067865623,"Subpopulation_1"
"NGS_H19_LOI_Rep2","Read_74",0.978421240678121,"Subpopulation_1"
"NGS_H19_LOI_Rep2","Read_75",0.979209185899038,"Subpopulation_1"
"NGS_H19_LOI_Rep2","Read_76",0.986986872974778,"Subpopulation_1"
"NGS_H19_LOI_Rep2","Read_77",0.980356767377553,"Subpopulation_1"
"NGS_H19_LOI_Rep2","Read_78",0.98433513628618,"Subpopulation_1"
"NGS_H19_LOI_Rep2","Read_79",0.981299087792147,"Subpopulation_1"
"NGS_H19_LOI_Rep2","Read_80",0.984824754997803,"Subpopulation_1"
"NGS_H19_LOI_Rep2","Read_81",0.978145098333857,"Subpopulation_1"
"NGS_H19_LOI_Rep2","Read_82",0.979747119077985,"Subpopulation_1"
"NGS_H19_LOI_Rep2","Read_83",0.980490692103451,"Subpopulation_1"
"NGS_H19_LOI_Rep2","Read_84",0.98362238410033,"Subpopulation_1"
"NGS_H19_LOI_Rep2","Read_85",0.971065529891675,"Subpopulation_1"
"NGS_H19_LOI_Rep2","Read_86",0.974797993341537,"Subpopulation_1"
"NGS_H19_LOI_Rep2","Read_87",0.974753836449904,"Subpopulation_1"
"NGS_H19_LOI_Rep2","Read_88",0.981874300034063,"Subpopulation_1"
"NGS_H19_LOI_Rep2","Read_89",0.980672012234796,"Subpopulation_1"
"NGS_H19_LOI_Rep2","Read_90",0.978113492476494,"Subpopulation_1"
"NGS_H19_LOI_Rep2","Read_91",0.984318477548005,"Subpopulation_1"
"NGS_H19_LOI_Rep2","Read_92",0.977889929625477,"Subpopulation_1"
"NGS_H19_LOI_Rep2","Read_93",0.974459793567679,"Subpopulation_1"
"NGS_H19_LOI_Rep2","Read_94",0.973493837355998,"Subpopulation_1"
"NGS_H19_LOI_Rep2","Read_95",0.976197130049362,"Subpopulation_1"
"NGS_H19_LOI_Rep2","Read_96",0.978034496482766,"Subpopulation_1"
"NGS_H19_LOI_Rep2","Read_97",0.984041535657114,"Subpopulation_1"
"NGS_H19_LOI_Rep2","Read_98",0.980050463976669,"Subpopulation_1"
"NGS_H19_LOI_Rep2","Read_99",0.982349383643403,"Subpopulation_1"
"NGS_H19_LOI_Rep2","Read_100",0.984719623989357,"Subpopulation_1"
"NGS_H19_LOI_Rep2","Read_101",0.979970592958135,"Subpopulation_1"
"NGS_H19_LOI_Rep2","Read_102",0.980946695934927,"Subpopulation_1"
"NGS_H19_LOI_Rep2","Read_103",0.973460224465412,"Subpopulation_1"
"NGS_H19_LOI_Rep2","Read_104",0.979265922074746,"Subpopulation_1"
"NGS_H19_LOI_Rep2","Read_105",0.974151952254071,"Subpopulation_1"
"NGS_H19_LOI_Rep2","Read_106",0.983995061998163,"Subpopulation_1"
"NGS_H19_LOI_Rep2","Read_107",0.984043157879697,"Subpopulation_1"
"NGS_H19_LOI_Rep2","Read_108",0.983978106224851,"Subpopulation_1"
"NGS_H19_LOI_Rep2","Read_109",0.980622266160397,"Subpopulation_1"
"NGS_H19_LOI_Rep2","Read_110",0.979742239971339,"Subpopulation_1"
"NGS_H19_LOI_Rep2","Read_111",0.977264875882954,"Subpopulation_1"
"NGS_H19_LOI_Rep2","Read_112",0.981154968490937,"Subpopulation_1"
"NGS_H19_LOI_Rep2","Read_113",0.980884860150852,"Subpopulation_1"
"NGS_H19_LOI_Rep2","Read_114",0.979337608099395,"Subpopulation_1"
"NGS_H19_LOI_Rep2","Read_115",0.983582084592559,"Subpopulation_1"
"NGS_H19_LOI_Rep2","Read_116",0.980851337672975,"Subpopulation_1"
"NGS_H19_LOI_Rep2","Read_117",0.978041916416606,"Subpopulation_1"
"NGS_H19_LOI_Rep2","Read_118",0.97558584533078,"Subpopulation_1"
"NGS_H19_LOI_Rep2","Read_119",0.982704461029301,"Subpopulation_1"
"NGS_H19_LOI_Rep2","Read_120",0.97922913955396,"Subpopulation_1"
"NGS_H19_LOI_Rep2","Read_121",0.983726648093236,"Subpopulation_1"
"NGS_H19_LOI_Rep2","Read_122",0.98847903158251,"Subpopulation_1"
"NGS_H19_LOI_Rep2","Read_123",0.981712289864966,"Subpopulation_1"
"NGS_H19_LOI_Rep2","Read_124",0.979193693612656,"Subpopulation_1"
"NGS_H19_LOI_Rep2","Read_125",0.980747673197681,"Subpopulation_1"
"NGS_H19_LOI_Rep2","Read_126",0.970767063446255,"Subpopulation_1"
"NGS_H19_LOI_Rep2","Read_127",0.97931304542095,"Subpopulation_1"
"NGS_H19_LOI_Rep2","Read_128",0.978225147375313,"Subpopulation_1"
"NGS_H19_LOI_Rep2","Read_129",0.98381568079389,"Subpopulation_1"
"NGS_H19_LOI_Rep2","Read_130",0.970647168597513,"Subpopulation_1"
"NGS_H19_LOI_Rep2","Read_131",0.974296604602432,"Subpopulation_1"
"NGS_H19_LOI_Rep2","Read_132",0.975937416165041,"Subpopulation_1"
"NGS_H19_LOI_Rep2","Read_133",0.986144822748202,"Subpopulation_1"
"NGS_H19_LOI_Rep2","Read_134",0.977989057534436,"Subpopulation_1"
"NGS_H19_LOI_Rep2","Read_135",0.972159309356856,"Subpopulation_1"
"NGS_H19_LOI_Rep2","Read_136",0.981972352611827,"Subpopulation_1"
"NGS_H19_LOI_Rep2","Read_137",0.980893445848161,"Subpopulation_1"
"NGS_H19_LOI_Rep2","Read_138",0.983896702966732,"Subpopulation_1"
"NGS_H19_LOI_Rep2","Read_139",0.986197469609951,"Subpopulation_1"
"NGS_H19_LOI_Rep2","Read_140",0.982817323947455,"Subpopulation_1"
"NGS_H19_LOI_Rep2","Read_141",0.978433054983416,"Subpopulation_1"
"NGS_H19_LOI_Rep2","Read_142",0.975543991593887,"Subpopulation_1"
"NGS_H19_LOI_Rep2","Read_143",0.97661283738224,"Subpopulation_1"
"NGS_H19_LOI_Rep2","Read_144",0.982000151065606,"Subpopulation_1"
"NGS_H19_LOI_Rep2","Read_145",0.977880295535178,"Subpopulation_1"
"NGS_H19_LOI_Rep2","Read_146",0.984583634486305,"Subpopulation_1"
"NGS_H19_LOI_Rep2","Read_147",0.977470789738651,"Subpopulation_1"
"NGS_H19_LOI_Rep2","Read_148",0.972097913162402,"Subpopulation_1"
"NGS_H19_LOI_Rep2","Read_149",0.976952548401912,"Subpopulation_1"
"NGS_H19_LOI_Rep2","Read_150",0.966068812658838,"Subpopulation_1"
"NGS_H19_LOI_Rep2","Read_151",0.98610802971239,"Subpopulation_1"
"NGS_H19_LOI_Rep2","Read_152",0.974779134690865,"Subpopulation_1"
"NGS_H19_LOI_Rep2","Read_153",0.971369779241066,"Subpopulation_1"
"NGS_H19_LOI_Rep2","Read_154",0.978611241373223,"Subpopulation_1"
"NGS_H19_LOI_Rep2","Read_155",0.980402364363645,"Subpopulation_1"
"NGS_H19_LOI_Rep2","Read_156",0.980165119208334,"Subpopulation_1"
"NGS_H19_LOI_Rep2","Read_157",0.979251900863407,"Subpopulation_1"
"NGS_H19_LOI_Rep2","Read_158",0.97910261609046,"Subpopulation_1"
"NGS_H19_LOI_Rep2","Read_159",0.969300576011847,"Subpopulation_1"
"NGS_H19_LOI_Rep2","Read_160",0.973696515526426,"Subpopulation_1"
"NGS_H19_LOI_Rep2","Read_161",0.976732455334653,"Subpopulation_1"
"NGS_H19_LOI_Rep2","Read_162",0.989920120554136,"Subpopulation_1"
"NGS_H19_LOI_Rep2","Read_163",0.982830479678044,"Subpopulation_1"
"NGS_H19_LOI_Rep2","Read_164",0.985004701554795,"Subpopulation_1"
"NGS_H19_LOI_Rep2","Read_165",0.986903885802177,"Subpopulation_1"
"NGS_H19_LOI_Rep2","Read_166",0.984852645467128,"Subpopulation_1"
"NGS_H19_LOI_Rep2","Read_167",0.982483986208943,"Subpopulation_1"
"NGS_H19_LOI_Rep2","Read_168",0.985436397358546,"Subpopulation_1"
"NGS_H19_LOI_Rep2","Read_169",0.972389876020693,"Subpopulation_1"
"NGS_H19_LOI_Rep2","Read_170",0.979039488783649,"Subpopulation_1"
"NGS_H19_LOI_Rep2","Read_171",0.977847527727297,"Subpopulation_1"
"NGS_H19_LOI_Rep2","Read_172",0.975265121573272,"Subpopulation_1"
"NGS_H19_LOI_Rep2","Read_173",0.980113245816257,"Subpopulation_1"
"NGS_H19_LOI_Rep2","Read_174",0.976841306456055,"Subpopulation_1"
"NGS_H19_LOI_Rep2","Read_175",0.979450835809202,"Subpopulation_1"
"NGS_H19_LOI_Rep2","Read_176",0.979102711441614,"Subpopulation_1"
"NGS_H19_LOI_Rep2","Read_177",0.984090477211251,"Subpopulation_1"
"NGS_H19_LOI_Rep2","Read_178",0.972624311802172,"Subpopulation_1"
"NGS_H19_LOI_Rep2","Read_179",0.972431421098737,"Subpopulation_1"
"NGS_H19_LOI_Rep2","Read_180",0.977595001460453,"Subpopulation_1"
"NGS_H19_LOI_Rep2","Read_181",0.980421183686876,"Subpopulation_1"
"NGS_H19_LOI_Rep2","Read_182",0.975321932863075,"Subpopulation_1"
"NGS_H19_LOI_Rep2","Read_183",0.977031093947917,"Subpopulation_1"
"NGS_H19_LOI_Rep2","Read_184",0.979945726028109,"Subpopulation_1"
"NGS_H19_LOI_Rep2","Read_185",0.981917542895396,"Subpopulation_1"
"NGS_H19_LOI_Rep2","Read_186",0.969371229315704,"Subpopulation_1"
"NGS_H19_LOI_Rep2","Read_187",0.980989630228951,"Subpopulation_1"
"NGS_H19_LOI_Rep2","Read_188",0.979608454266871,"Subpopulation_1"
"NGS_H19_LOI_Rep2","Read_189",0.968495534002487,"Subpopulation_1"
"NGS_H19_LOI_Rep2","Read_190",0.978438740124154,"Subpopulation_1"
"NGS_H19_LOI_Rep2","Read_191",0.98092728454596,"Subpopulation_1"
"NGS_H19_LOI_Rep2","Read_192",0.978515141727743,"Subpopulation_1"
"NGS_H19_LOI_Rep2","Read_193",0.979429163974731,"Subpopulation_1"
"NGS_H19_LOI_Rep2","Read_194",0.973790137682369,"Subpopulation_1"
"NGS_H19_LOI_Rep2","Read_195",0.980273333488335,"Subpopulation_1"
"NGS_H19_LOI_Rep2","Read_196",0.978869472631231,"Subpopulation_1"
"NGS_H19_LOI_Rep2","Read_197",0.982421056278688,"Subpopulation_1"
"NGS_H19_LOI_Rep2","Read_198",0.978893597038807,"Subpopulation_1"
"NGS_H19_LOI_Rep2","Read_199",0.981568853552948,"Subpopulation_1"
"NGS_H19_LOI_Rep2","Read_200",0.977229693132937,"Subpopulation_1"
"NGS_H19_LOI_Rep2","Read_201",0.982938120504695,"Subpopulation_1"
"NGS_H19_LOI_Rep2","Read_202",0.974744520736423,"Subpopulation_1"
"NGS_H19_LOI_Rep2","Read_203",0.983092488082717,"Subpopulation_1"
"NGS_H19_LOI_Rep2","Read_204",0.974077023761597,"Subpopulation_1"
"NGS_H19_LOI_Rep2","Read_205",0.985989146150705,"Subpopulation_1"
"NGS_H19_LOI_Rep2","Read_206",0.9811173253537,"Subpopulation_1"
"NGS_H19_LOI_Rep2","Read_207",0.980548540172068,"Subpopulation_1"
"NGS_H19_LOI_Rep2","Read_208",0.982306949244748,"Subpopulation_1"
"NGS_H19_LOI_Rep2","Read_209",0.984757298818874,"Subpopulation_1"
"NGS_H19_LOI_Rep2","Read_210",0.979033608543031,"Subpopulation_1"
"NGS_H19_LOI_Rep2","Read_211",0.977202821853245,"Subpopulation_1"
"NGS_H19_LOI_Rep2","Read_212",0.975863885393314,"Subpopulation_1"
"NGS_H19_LOI_Rep2","Read_213",0.983792453706173,"Subpopulation_1"
"NGS_H19_LOI_Rep2","Read_214",0.973182050405782,"Subpopulation_1"
"NGS_H19_LOI_Rep2","Read_215",0.976325679143296,"Subpopulation_1"
"NGS_H19_LOI_Rep2","Read_216",0.978306010478738,"Subpopulation_1"
"NGS_H19_LOI_Rep2","Read_217",0.983869888099186,"Subpopulation_1"
"NGS_H19_LOI_Rep2","Read_218",0.972874563959066,"Subpopulation_1"
"NGS_H19_LOI_Rep2","Read_219",0.978461411645937,"Subpopulation_1"
"NGS_H19_LOI_Rep2","Read_220",0.982004979046377,"Subpopulation_1"
"NGS_H19_LOI_Rep2","Read_221",0.978158000488864,"Subpopulation_1"
"NGS_H19_LOI_Rep2","Read_222",0.985976556895962,"Subpopulation_1"
"NGS_H19_LOI_Rep2","Read_223",0.97632308788419,"Subpopulation_1"
"NGS_H19_LOI_Rep2","Read_224",0.979979903487962,"Subpopulation_1"
"NGS_H19_LOI_Rep2","Read_225",0.977365605563322,"Subpopulation_1"
"NGS_H19_LOI_Rep2","Read_226",0.983916313488195,"Subpopulation_1"
"NGS_H19_LOI_Rep2","Read_227",0.980332782089183,"Subpopulation_1"
"NGS_H19_LOI_Rep2","Read_228",0.977210109624029,"Subpopulation_1"
"NGS_H19_LOI_Rep2","Read_229",0.979073095258751,"Subpopulation_1"
"NGS_H19_LOI_Rep2","Read_230",0.978675728247631,"Subpopulation_1"
"NGS_H19_LOI_Rep2","Read_231",0.979151538581421,"Subpopulation_1"
"NGS_H19_LOI_Rep2","Read_232",0.986054831459513,"Subpopulation_1"
"NGS_H19_LOI_Rep2","Read_233",0.98748204537644,"Subpopulation_1"
"NGS_H19_LOI_Rep2","Read_234",0.982239910453089,"Subpopulation_1"
"NGS_H19_LOI_Rep2","Read_235",0.972824329230271,"Subpopulation_1"
"NGS_H19_LOI_Rep2","Read_236",0.984479434841537,"Subpopulation_1"
"NGS_H19_LOI_Rep2","Read_237",0.978963173367937,"Subpopulation_1"
"NGS_H19_LOI_Rep2","Read_238",0.975698965728767,"Subpopulation_1"
"NGS_H19_LOI_Rep2","Read_239",0.987829185825819,"Subpopulation_1"
"NGS_H19_LOI_Rep2","Read_240",0.986860906479554,"Subpopulation_1"
"NGS_H19_LOI_Rep2","Read_241",0.988701542069288,"Subpopulation_1"
"NGS_H19_LOI_Rep2","Read_242",0.985419794478362,"Subpopulation_1"
"NGS_H19_LOI_Rep2","Read_243",0.977533606536962,"Subpopulation_1"
"NGS_H19_LOI_Rep2","Read_244",0.976731085827573,"Subpopulation_1"
"NGS_H19_LOI_Rep2","Read_245",0.974727526976869,"Subpopulation_1"
"NGS_H19_LOI_Rep2","Read_246",0.978713924415144,"Subpopulation_1"
"NGS_H19_LOI_Rep2","Read_247",0.981425549678379,"Subpopulation_1"
"NGS_H19_LOI_Rep2","Read_248",0.974976377518071,"Subpopulation_1"
"NGS_H19_LOI_Rep2","Read_249",0.978633573686266,"Subpopulation_1"
"NGS_H19_LOI_Rep2","Read_250",0.980268898754226,"Subpopulation_1"
"NGS_H19_LOI_Rep2","Read_251",0.98540795430028,"Subpopulation_1"
"NGS_H19_LOI_Rep2","Read_252",0.981081622940972,"Subpopulation_1"
"NGS_H19_LOI_Rep2","Read_253",0.977725747831036,"Subpopulation_1"
"NGS_H19_LOI_Rep2","Read_254",0.974049221600254,"Subpopulation_1"
"NGS_H19_LOI_Rep2","Read_255",0.977558388382392,"Subpopulation_1"
"NGS_H19_LOI_Rep2","Read_256",0.987669218400032,"Subpopulation_1"
"NGS_H19_LOI_Rep2","Read_257",0.984626456393944,"Subpopulation_1"
"NGS_H19_LOI_Rep2","Read_258",0.982234813411296,"Subpopulation_1"
"NGS_H19_LOI_Rep2","Read_259",0.978081184336163,"Subpopulation_1"
"NGS_H19_LOI_Rep2","Read_260",0.989831805975166,"Subpopulation_1"
"NGS_H19_LOI_Rep2","Read_261",0.971317167376944,"Subpopulation_1"
"NGS_H19_LOI_Rep2","Read_262",0.978172063538064,"Subpopulation_1"
"NGS_H19_LOI_Rep2","Read_263",0.985899207569447,"Subpopulation_1"
"NGS_H19_LOI_Rep2","Read_264",0.98316895383718,"Subpopulation_1"
"NGS_H19_LOI_Rep2","Read_265",0.9819770405737,"Subpopulation_1"
"NGS_H19_LOI_Rep2","Read_266",0.984622152384897,"Subpopulation_1"
"NGS_H19_LOI_Rep2","Read_267",0.97852498473869,"Subpopulation_1"
"NGS_H19_LOI_Rep2","Read_268",0.972101960191826,"Subpopulation_1"
"NGS_H19_LOI_Rep2","Read_269",0.977083107418366,"Subpopulation_1"
"NGS_H19_LOI_Rep2","Read_270",0.977852095711895,"Subpopulation_1"
"NGS_H19_LOI_Rep2","Read_271",0.978773012785906,"Subpopulation_1"
"NGS_H19_LOI_Rep2","Read_272",0.977503611780013,"Subpopulation_1"
"NGS_H19_LOI_Rep2","Read_273",0.984471022402499,"Subpopulation_1"
"NGS_H19_LOI_Rep2","Read_274",0.976531297302846,"Subpopulation_1"
"NGS_H19_LOI_Rep2","Read_275",0.980431019587467,"Subpopulation_1"
"NGS_H19_LOI_Rep2","Read_276",0.975509484135379,"Subpopulation_1"
"NGS_H19_LOI_Rep2","Read_277",0.986178600531149,"Subpopulation_1"
"NGS_H19_LOI_Rep2","Read_278",0.98533877470104,"Subpopulation_1"
"NGS_H19_LOI_Rep2","Read_279",0.9735984144876,"Subpopulation_1"
"NGS_H19_LOI_Rep2","Read_280",0.982115885485474,"Subpopulation_1"
"NGS_H19_LOI_Rep2","Read_281",0.98303773814833,"Subpopulation_1"
"NGS_H19_LOI_Rep2","Read_282",0.979508764766178,"Subpopulation_1"
"NGS_H19_LOI_Rep2","Read_283",0.97872878392208,"Subpopulation_1"
"NGS_H19_LOI_Rep2","Read_284",0.977637603991896,"Subpopulation_1"
"NGS_H19_LOI_Rep2","Read_285",0.981706024713156,"Subpopulation_1"
"NGS_H19_LOI_Rep2","Read_286",0.983216823390204,"Subpopulation_1"
"NGS_H19_LOI_Rep2","Read_287",0.968919819571847,"Subpopulation_1"
"NGS_H19_LOI_Rep2","Read_288",0.97848981741585,"Subpopulation_1"
"NGS_H19_LOI_Rep2","Read_289",0.985251394475628,"Subpopulation_1"
"NGS_H19_LOI_Rep2","Read_290",0.974614251984136,"Subpopulation_1"
"NGS_H19_LOI_Rep2","Read_291",0.981576751229815,"Subpopulation_1"
"NGS_H19_LOI_Rep2","Read_292",0.975434746904197,"Subpopulation_1"
"NGS_H19_LOI_Rep2","Read_293",0.984010037176312,"Subpopulation_1"
"NGS_H19_LOI_Rep2","Read_294",0.984582855210918,"Subpopulation_1"
"NGS_H19_LOI_Rep2","Read_295",0.980847628879885,"Subpopulation_1"
"NGS_H19_LOI_Rep2","Read_296",0.982549872005561,"Subpopulation_1"
"NGS_H19_LOI_Rep2","Read_297",0.979215737851215,"Subpopulation_1"
"NGS_H19_LOI_Rep2","Read_298",0.979931832145437,"Subpopulation_1"
"NGS_H19_LOI_Rep2","Read_299",0.978350212802352,"Subpopulation_1"
"NGS_H19_LOI_Rep2","Read_300",0.98210477489116,"Subpopulation_1"
"NGS_H19_LOI_Rep2","Read_301",0.979161615041587,"Subpopulation_1"
"NGS_H19_LOI_Rep2","Read_302",0.986650925457295,"Subpopulation_1"
"NGS_H19_LOI_Rep2","Read_303",0.984292149314498,"Subpopulation_1"
"NGS_H19_LOI_Rep2","Read_304",0.984976172489517,"Subpopulation_1"
"NGS_H19_LOI_Rep2","Read_305",0.969338884849779,"Subpopulation_1"
"NGS_H19_LOI_Rep2","Read_306",0.980317326681957,"Subpopulation_1"
"NGS_H19_LOI_Rep2","Read_307",0.983130353199764,"Subpopulation_1"
"NGS_H19_LOI_Rep2","Read_308",0.978657395001923,"Subpopulation_1"
"NGS_H19_LOI_Rep2","Read_309",0.981882558000183,"Subpopulation_1"
"NGS_H19_LOI_Rep2","Read_310",0.980309198065638,"Subpopulation_1"
"NGS_H19_LOI_Rep2","Read_311",0.977558361602918,"Subpopulation_1"
"NGS_H19_LOI_Rep2","Read_312",0.984450638577889,"Subpopulation_1"
"NGS_H19_LOI_Rep2","Read_313",0.978531013436478,"Subpopulation_1"
"NGS_H19_LOI_Rep2","Read_314",0.980368638806825,"Subpopulation_1"
"NGS_H19_LOI_Rep2","Read_315",0.975122021469142,"Subpopulation_1"
"NGS_H19_LOI_Rep2","Read_316",0.984087337248703,"Subpopulation_1"
"NGS_H19_LOI_Rep2","Read_317",0.978425458212449,"Subpopulation_1"
"NGS_H19_LOI_Rep2","Read_318",0.985773107191963,"Subpopulation_1"
"NGS_H19_LOI_Rep2","Read_319",0.984918101222973,"Subpopulation_1"
"NGS_H19_LOI_Rep2","Read_320",0.9846174173299,"Subpopulation_1"
"NGS_H19_LOI_Rep2","Read_321",0.982695048014254,"Subpopulation_1"
"NGS_H19_LOI_Rep2","Read_322",0.97835716739873,"Subpopulation_1"
"NGS_H19_LOI_Rep2","Read_323",0.979747575610138,"Subpopulation_1"
"NGS_H19_LOI_Rep2","Read_324",0.981192666242485,"Subpopulation_1"
"NGS_H19_LOI_Rep2","Read_325",0.976696412507919,"Subpopulation_1"
"NGS_H19_LOI_Rep2","Read_326",0.9774874154989,"Subpopulation_1"
"NGS_H19_LOI_Rep2","Read_327",0.976724417601479,"Subpopulation_1"
"NGS_H19_LOI_Rep2","Read_328",0.985352379977185,"Subpopulation_1"
"NGS_H19_LOI_Rep2","Read_329",0.980103271224248,"Subpopulation_1"
"NGS_H19_LOI_Rep2","Read_330",0.97089899027287,"Subpopulation_1"
"NGS_H19_LOI_Rep2","Read_331",0.980181465313364,"Subpopulation_1"
"NGS_H19_LOI_Rep2","Read_332",0.974040669469179,"Subpopulation_1"
"NGS_H19_LOI_Rep2","Read_333",0.975868030056803,"Subpopulation_1"
"NGS_H19_LOI_Rep2","Read_334",0.977426541206087,"Subpopulation_1"
"NGS_H19_LOI_Rep2","Read_335",0.977190514256204,"Subpopulation_1"
"NGS_H19_LOI_Rep2","Read_336",0.979678482406989,"Subpopulation_1"
"NGS_H19_LOI_Rep2","Read_337",0.976741838016533,"Subpopulation_1"
"NGS_H19_LOI_Rep2","Read_338",0.981945328887501,"Subpopulation_1"
"NGS_H19_LOI_Rep2","Read_339",0.978930391318837,"Subpopulation_1"
"NGS_H19_LOI_Rep2","Read_340",0.978094371195159,"Subpopulation_1"
"NGS_H19_LOI_Rep2","Read_341",0.983013936039829,"Subpopulation_1"
"NGS_H19_LOI_Rep2","Read_342",0.980492269306543,"Subpopulation_1"
"NGS_H19_LOI_Rep2","Read_343",0.981596894299157,"Subpopulation_1"
"NGS_H19_LOI_Rep2","Read_344",0.986274849674326,"Subpopulation_1"
"NGS_H19_LOI_Rep2","Read_345",0.981485156729703,"Subpopulation_1"
"NGS_H19_LOI_Rep2","Read_346",0.98402026788904,"Subpopulation_1"
"NGS_H19_LOI_Rep2","Read_347",0.97617515198078,"Subpopulation_1"
"NGS_H19_LOI_Rep2","Read_348",0.979670447978392,"Subpopulation_1"
"NGS_H19_LOI_Rep2","Read_349",0.972158631319203,"Subpopulation_1"
"NGS_H19_LOI_Rep2","Read_350",0.980583223285307,"Subpopulation_1"
"NGS_H19_LOI_Rep2","Read_351",0.976604311971593,"Subpopulation_1"
"NGS_H19_LOI_Rep2","Read_352",0.973019567680359,"Subpopulation_1"
"NGS_H19_LOI_Rep2","Read_353",0.974280819542497,"Subpopulation_1"
"NGS_H19_LOI_Rep2","Read_354",0.975699927857485,"Subpopulation_1"
"NGS_H19_LOI_Rep2","Read_355",0.982983233164353,"Subpopulation_1"
"NGS_H19_LOI_Rep2","Read_356",0.981723068623213,"Subpopulation_1"
"NGS_H19_LOI_Rep2","Read_357",0.985037615059878,"Subpopulation_1"
"NGS_H19_LOI_Rep2","Read_358",0.988544166574221,"Subpopulation_1"
"NGS_H19_LOI_Rep2","Read_359",0.980678167365331,"Subpopulation_1"
"NGS_H19_LOI_Rep2","Read_360",0.982272058944106,"Subpopulation_1"
"NGS_H19_LOI_Rep2","Read_361",0.97491429295748,"Subpopulation_1"
"NGS_H19_LOI_Rep2","Read_362",0.987179620307461,"Subpopulation_1"
"NGS_H19_LOI_Rep2","Read_363",0.976489463613153,"Subpopulation_1"
"NGS_H19_LOI_Rep2","Read_364",0.982402909842435,"Subpopulation_1"
"NGS_H19_LOI_Rep2","Read_365",0.979108756336648,"Subpopulation_1"
"NGS_H19_LOI_Rep2","Read_366",0.969857483543872,"Subpopulation_1"
"NGS_H19_LOI_Rep2","Read_367",0.981298757684373,"Subpopulation_1"
"NGS_H19_LOI_Rep2","Read_368",0.984361656948617,"Subpopulation_1"
"NGS_H19_LOI_Rep2","Read_369",0.982501266818266,"Subpopulation_1"
"NGS_H19_LOI_Rep2","Read_370",0.977241053347154,"Subpopulation_1"
"NGS_H19_LOI_Rep2","Read_371",0.975816830541166,"Subpopulation_1"
"NGS_H19_LOI_Rep2","Read_372",0.975188818202582,"Subpopulation_1"
"NGS_H19_LOI_Rep2","Read_373",0.980468330720596,"Subpopulation_1"
"NGS_H19_LOI_Rep2","Read_374",0.976296863998805,"Subpopulation_1"
"NGS_H19_LOI_Rep2","Read_375",0.980259358587209,"Subpopulation_1"
"NGS_H19_LOI_Rep2","Read_376",0.98351664757835,"Subpopulation_1"
"NGS_H19_LOI_Rep2","Read_377",0.974251923585849,"Subpopulation_1"
"NGS_H19_LOI_Rep2","Read_378",0.984611833648644,"Subpopulation_1"
"NGS_H19_LOI_Rep2","Read_379",0.978728911233492,"Subpopulation_1"
"NGS_H19_LOI_Rep2","Read_380",0.981186318432303,"Subpopulation_1"
"NGS_H19_LOI_Rep2","Read_381",0.976724818880778,"Subpopulation_1"
"NGS_H19_LOI_Rep2","Read_382",0.974892432259422,"Subpopulation_1"
"NGS_H19_LOI_Rep2","Read_383",0.981302622068051,"Subpopulation_1"
"NGS_H19_LOI_Rep2","Read_384",0.981194371745787,"Subpopulation_1"
"NGS_H19_LOI_Rep2","Read_385",0.98117753464687,"Subpopulation_1"
"NGS_H19_LOI_Rep2","Read_386",0.980280316702327,"Subpopulation_1"
"NGS_H19_LOI_Rep2","Read_387",0.978376362897543,"Subpopulation_1"
"NGS_H19_LOI_Rep2","Read_388",0.988212593481545,"Subpopulation_1"
"NGS_H19_LOI_Rep2","Read_389",0.983631673356509,"Subpopulation_1"
"NGS_H19_LOI_Rep2","Read_390",0.972956763233618,"Subpopulation_1"
"NGS_H19_LOI_Rep2","Read_391",0.986107178403874,"Subpopulation_1"
"NGS_H19_LOI_Rep2","Read_392",0.982825258513015,"Subpopulation_1"
"NGS_H19_LOI_Rep2","Read_393",0.978310400253157,"Subpopulation_1"
"NGS_H19_LOI_Rep2","Read_394",0.973447059679238,"Subpopulation_1"
"NGS_H19_LOI_Rep2","Read_395",0.98642973346468,"Subpopulation_1"
"NGS_H19_LOI_Rep2","Read_396",0.976392269397719,"Subpopulation_1"
"NGS_H19_LOI_Rep2","Read_397",0.983478849536659,"Subpopulation_1"
"NGS_H19_LOI_Rep2","Read_398",0.980867884026883,"Subpopulation_1"
"NGS_H19_LOI_Rep2","Read_399",0.986543833575793,"Subpopulation_1"
"NGS_H19_LOI_Rep2","Read_400",0.971911084469098,"Subpopulation_1"
"NGS_H19_LOI_Rep2","Read_401",0.974778894730597,"Subpopulation_1"
"NGS_H19_LOI_Rep2","Read_402",0.96545372130258,"Subpopulation_1"
"NGS_H19_LOI_Rep2","Read_403",0.98001021017867,"Subpopulation_1"
"NGS_H19_LOI_Rep2","Read_404",0.981581867287149,"Subpopulation_1"
"NGS_H19_LOI_Rep2","Read_405",0.98321592983197,"Subpopulation_1"
"NGS_H19_LOI_Rep2","Read_406",0.966822512905541,"Subpopulation_1"
"NGS_H19_LOI_Rep2","Read_407",0.982886676857573,"Subpopulation_1"
"NGS_H19_LOI_Rep2","Read_408",0.977441259344114,"Subpopulation_1"
"NGS_H19_LOI_Rep2","Read_409",0.97718580440398,"Subpopulation_1"
"NGS_H19_LOI_Rep2","Read_410",0.981672577827668,"Subpopulation_1"
"NGS_H19_LOI_Rep2","Read_411",0.977999679693177,"Subpopulation_1"
"NGS_H19_LOI_Rep2","Read_412",0.971311408132476,"Subpopulation_1"
"NGS_H19_LOI_Rep2","Read_413",0.981749937907792,"Subpopulation_1"
"NGS_H19_LOI_Rep2","Read_414",0.981013291229876,"Subpopulation_1"
"NGS_H19_LOI_Rep2","Read_415",0.982067546431042,"Subpopulation_1"
"NGS_H19_LOI_Rep2","Read_416",0.977904528161601,"Subpopulation_1"
"NGS_H19_LOI_Rep2","Read_417",0.97937313000655,"Subpopulation_1"
"NGS_H19_LOI_Rep2","Read_418",0.977204731175565,"Subpopulation_1"
"NGS_H19_LOI_Rep2","Read_419",0.975562596132071,"Subpopulation_1"
"NGS_H19_LOI_Rep2","Read_420",0.979817951262525,"Subpopulation_1"
"NGS_H19_LOI_Rep2","Read_421",0.982896226775994,"Subpopulation_1"
"NGS_H19_LOI_Rep2","Read_422",0.984221524105637,"Subpopulation_1"
"NGS_H19_LOI_Rep2","Read_423",0.982889476310908,"Subpopulation_1"
"NGS_H19_LOI_Rep2","Read_424",0.982462968837864,"Subpopulation_1"
"NGS_H19_LOI_Rep2","Read_425",0.990732375612876,"Subpopulation_1"
"NGS_H19_LOI_Rep2","Read_426",0.985859494062165,"Subpopulation_1"
"NGS_H19_LOI_Rep2","Read_427",0.981177978715169,"Subpopulation_1"
"NGS_H19_LOI_Rep2","Read_428",0.984653887741311,"Subpopulation_1"
"NGS_H19_LOI_Rep2","Read_429",0.980011757416602,"Subpopulation_1"
"NGS_H19_LOI_Rep2","Read_430",0.984958347275733,"Subpopulation_1"
"NGS_H19_LOI_Rep2","Read_431",0.976150072129815,"Subpopulation_1"
"NGS_H19_LOI_Rep2","Read_432",0.975592158938734,"Subpopulation_1"
"NGS_H19_LOI_Rep2","Read_433",0.987396521076624,"Subpopulation_1"
"NGS_H19_LOI_Rep2","Read_434",0.978315289557986,"Subpopulation_1"
"NGS_H19_LOI_Rep2","Read_435",0.979437897885445,"Subpopulation_1"
"NGS_H19_LOI_Rep2","Read_436",0.981149379761757,"Subpopulation_1"
"NGS_H19_LOI_Rep2","Read_437",0.981962967805216,"Subpopulation_1"
"NGS_H19_LOI_Rep2","Read_438",0.979520609124559,"Subpopulation_1"
"NGS_H19_LOI_Rep2","Read_439",0.977425048661832,"Subpopulation_1"
"NGS_H19_LOI_Rep2","Read_440",0.983826324855367,"Subpopulation_1"
"NGS_H19_LOI_Rep2","Read_441",0.979621258168793,"Subpopulation_1"
"NGS_H19_LOI_Rep2","Read_442",0.979781442494241,"Subpopulation_1"
"NGS_H19_LOI_Rep2","Read_443",0.984966391323773,"Subpopulation_1"
"NGS_H19_LOI_Rep2","Read_444",0.984156087667452,"Subpopulation_1"
"NGS_H19_LOI_Rep2","Read_445",0.987744733417584,"Subpopulation_1"
"NGS_H19_LOI_Rep2","Read_446",0.976518942368218,"Subpopulation_1"
"NGS_H19_LOI_Rep2","Read_447",0.976813734497421,"Subpopulation_1"
"NGS_H19_LOI_Rep2","Read_448",0.978892745847066,"Subpopulation_1"
"NGS_H19_LOI_Rep2","Read_449",0.971809907882711,"Subpopulation_1"
"NGS_H19_LOI_Rep2","Read_450",0.97491967967744,"Subpopulation_1"
"NGS_H19_LOI_Rep2","Read_451",0.978593284168008,"Subpopulation_1"
"NGS_H19_LOI_Rep2","Read_452",0.978156902404065,"Subpopulation_1"
"NGS_H19_LOI_Rep2","Read_453",0.98307109877071,"Subpopulation_1"
"NGS_H19_LOI_Rep2","Read_454",0.972940074575388,"Subpopulation_1"
"NGS_H19_LOI_Rep2","Read_455",0.979737939164486,"Subpopulation_1"
"NGS_H19_LOI_Rep2","Read_456",0.976294109525022,"Subpopulation_1"
"NGS_H19_LOI_Rep2","Read_457",0.97558009851871,"Subpopulation_1"
"NGS_H19_LOI_Rep2","Read_458",0.979018060210469,"Subpopulation_1"
"NGS_H19_LOI_Rep2","Read_459",0.978861819801567,"Subpopulation_1"
"NGS_H19_LOI_Rep2","Read_460",0.984544925566044,"Subpopulation_1"
"NGS_H19_LOI_Rep2","Read_461",0.988077087876375,"Subpopulation_1"
"NGS_H19_LOI_Rep2","Read_462",0.981172844720379,"Subpopulation_1"
"NGS_H19_LOI_Rep2","Read_463",0.981645224911801,"Subpopulation_1"
"NGS_H19_LOI_Rep2","Read_464",0.986239123781741,"Subpopulation_1"
"NGS_H19_LOI_Rep2","Read_465",0.976319834767014,"Subpopulation_1"
"NGS_H19_LOI_Rep2","Read_466",0.984201260548557,"Subpopulation_1"
"NGS_H19_LOI_Rep2","Read_467",0.988232493501683,"Subpopulation_1"
"NGS_H19_LOI_Rep2","Read_468",0.98202479011525,"Subpopulation_1"
"NGS_H19_LOI_Rep2","Read_469",0.978699844082269,"Subpopulation_1"
"NGS_H19_LOI_Rep2","Read_470",0.981108813814718,"Subpopulation_1"
"NGS_H19_LOI_Rep2","Read_471",0.978511181023377,"Subpopulation_1"
"NGS_H19_LOI_Rep2","Read_472",0.977096509069079,"Subpopulation_1"
"NGS_H19_LOI_Rep2","Read_473",0.980988247927167,"Subpopulation_1"
"NGS_H19_LOI_Rep2","Read_474",0.981272012692401,"Subpopulation_1"
"NGS_H19_LOI_Rep2","Read_475",0.975397950257784,"Subpopulation_1"
"NGS_H19_LOI_Rep2","Read_476",0.979386034439553,"Subpopulation_1"
"NGS_H19_LOI_Rep2","Read_477",0.981397133180408,"Subpopulation_1"
"NGS_H19_LOI_Rep2","Read_478",0.982984268901002,"Subpopulation_1"
"NGS_H19_LOI_Rep2","Read_479",0.98329484580928,"Subpopulation_1"
"NGS_H19_LOI_Rep2","Read_480",0.981868011520103,"Subpopulation_1"
"NGS_H19_LOI_Rep2","Read_481",0.983884038908832,"Subpopulation_1"
"NGS_H19_LOI_Rep2","Read_482",0.988590308298574,"Subpopulation_1"
"NGS_H19_LOI_Rep2","Read_483",0.983930781521981,"Subpopulation_1"
"NGS_H19_LOI_Rep2","Read_484",0.972635478963646,"Subpopulation_1"
"NGS_H19_LOI_Rep2","Read_485",0.980227369187215,"Subpopulation_1"
"NGS_H19_LOI_Rep2","Read_486",0.982701773033381,"Subpopulation_1"
"NGS_H19_LOI_Rep2","Read_487",0.983914468670086,"Subpopulation_1"
"NGS_H19_LOI_Rep2","Read_488",0.976069931879421,"Subpopulation_1"
"NGS_H19_LOI_Rep2","Read_489",0.974226797895135,"Subpopulation_1"
"NGS_H19_LOI_Rep2","Read_490",0.979399882083244,"Subpopulation_1"
"NGS_H19_LOI_Rep2","Read_491",0.975405741468027,"Subpopulation_1"
"NGS_H19_LOI_Rep2","Read_492",0.974124325643504,"Subpopulation_1"
"NGS_H19_LOI_Rep2","Read_493",0.983548662425738,"Subpopulation_1"
"NGS_H19_LOI_Rep2","Read_494",0.979742577812285,"Subpopulation_1"
"NGS_H19_LOI_Rep2","Read_495",0.975129347068328,"Subpopulation_1"
"NGS_H19_LOI_Rep2","Read_496",0.980620274917366,"Subpopulation_1"
"NGS_H19_LOI_Rep2","Read_497",0.980345780255222,"Subpopulation_1"
"NGS_H19_LOI_Rep2","Read_498",0.967856225202501,"Subpopulation_1"
"NGS_H19_LOI_Rep2","Read_499",0.980883890560163,"Subpopulation_1"
"NGS_H19_LOI_Rep2","Read_500",0.982542752699089,"Subpopulation_1"
"NGS_H19_LOI_Rep2","Read_501",0.978175921150405,"Subpopulation_1"
"NGS_H19_LOI_Rep2","Read_502",0.980090736744768,"Subpopulation_1"
"NGS_H19_LOI_Rep2","Read_503",0.976267708980767,"Subpopulation_1"
"NGS_H19_LOI_Rep2","Read_504",0.978227361717476,"Subpopulation_1"
"NGS_H19_LOI_Rep2","Read_505",0.985303504878703,"Subpopulation_1"
"NGS_H19_LOI_Rep2","Read_506",0.980707481174196,"Subpopulation_1"
"NGS_H19_LOI_Rep2","Read_507",0.976573671790811,"Subpopulation_1"
"NGS_H19_LOI_Rep2","Read_508",0.969085165186241,"Subpopulation_1"
"NGS_H19_LOI_Rep2","Read_509",0.981796934235971,"Subpopulation_1"
"NGS_H19_LOI_Rep2","Read_510",0.975668929420667,"Subpopulation_1"
"NGS_H19_LOI_Rep2","Read_511",0.978621504089982,"Subpopulation_1"
"NGS_H19_LOI_Rep2","Read_512",0.98224347059348,"Subpopulation_1"
"NGS_H19_LOI_Rep2","Read_513",0.976375118150661,"Subpopulation_1"
"NGS_H19_LOI_Rep2","Read_514",0.987152846111199,"Subpopulation_1"
"NGS_H19_LOI_Rep2","Read_515",0.97413030196624,"Subpopulation_1"
"NGS_H19_LOI_Rep2","Read_516",0.980024978560134,"Subpopulation_1"
"NGS_H19_LOI_Rep2","Read_517",0.977202730015162,"Subpopulation_1"
"NGS_H19_LOI_Rep2","Read_518",0.979276604758349,"Subpopulation_1"
"NGS_H19_LOI_Rep2","Read_519",0.982234301879912,"Subpopulation_1"
"NGS_H19_LOI_Rep2","Read_520",0.969399193360506,"Subpopulation_1"
"NGS_H19_LOI_Rep2","Read_521",0.979420890166442,"Subpopulation_1"
"NGS_H19_LOI_Rep2","Read_522",0.980440423534119,"Subpopulation_1"
"NGS_H19_LOI_Rep2","Read_523",0.982945519583067,"Subpopulation_1"
"NGS_H19_LOI_Rep2","Read_524",0.986795580415414,"Subpopulation_1"
"NGS_H19_LOI_Rep2","Read_525",0.983362097230777,"Subpopulation_1"
"NGS_H19_LOI_Rep2","Read_526",0.982275780611842,"Subpopulation_1"
"NGS_H19_LOI_Rep2","Read_527",0.97919340357641,"Subpopulation_1"
"NGS_H19_LOI_Rep2","Read_528",0.984384691082675,"Subpopulation_1"
"NGS_H19_LOI_Rep2","Read_529",0.97759233137359,"Subpopulation_1"
"NGS_H19_LOI_Rep2","Read_530",0.978714518040941,"Subpopulation_1"
"NGS_H19_LOI_Rep2","Read_531",0.983565817896369,"Subpopulation_1"
"NGS_H19_LOI_Rep2","Read_532",0.981308942106366,"Subpopulation_1"
"NGS_H19_LOI_Rep2","Read_533",0.975766664332945,"Subpopulation_1"
"NGS_H19_LOI_Rep2","Read_534",0.975892223476075,"Subpopulation_1"
"NGS_H19_LOI_Rep2","Read_535",0.980551263183586,"Subpopulation_1"
"NGS_H19_LOI_Rep2","Read_536",0.978310600174692,"Subpopulation_1"
"NGS_H19_LOI_Rep2","Read_537",0.983267501528845,"Subpopulation_1"
"NGS_H19_LOI_Rep2","Read_538",0.979336606196623,"Subpopulation_1"
"NGS_H19_LOI_Rep2","Read_539",0.979258178022243,"Subpopulation_1"
"NGS_H19_LOI_Rep2","Read_540",0.975988044021339,"Subpopulation_1"
"NGS_H19_LOI_Rep2","Read_541",0.977923565861009,"Subpopulation_1"
"NGS_H19_LOI_Rep2","Read_542",0.977979387680904,"Subpopulation_1"
"NGS_H19_LOI_Rep2","Read_543",0.967511355889715,"Subpopulation_1"
"NGS_H19_LOI_Rep2","Read_544",0.977566045924496,"Subpopulation_1"
"NGS_H19_LOI_Rep2","Read_545",0.978917343535805,"Subpopulation_1"
"NGS_H19_LOI_Rep2","Read_546",0.98496873469923,"Subpopulation_1"
"NGS_H19_LOI_Rep2","Read_547",0.981062055696116,"Subpopulation_1"
"NGS_H19_LOI_Rep2","Read_548",0.983204353850894,"Subpopulation_1"
"NGS_H19_LOI_Rep2","Read_549",0.971347086588104,"Subpopulation_1"
"NGS_H19_LOI_Rep2","Read_550",0.972300756794272,"Subpopulation_1"
"NGS_H19_LOI_Rep2","Read_551",0.97681360338292,"Subpopulation_1"
"NGS_H19_LOI_Rep2","Read_552",0.980201319924247,"Subpopulation_1"
"NGS_H19_LOI_Rep2","Read_553",0.980240153646468,"Subpopulation_1"
"NGS_H19_LOI_Rep2","Read_554",0.972306567280517,"Subpopulation_1"
"NGS_H19_LOI_Rep2","Read_555",0.98350463798166,"Subpopulation_1"
"NGS_H19_LOI_Rep2","Read_556",0.981907767188807,"Subpopulation_1"
"NGS_H19_LOI_Rep2","Read_557",0.976678429828664,"Subpopulation_1"
"NGS_H19_LOI_Rep2","Read_558",0.977703549201138,"Subpopulation_1"
"NGS_H19_LOI_Rep2","Read_559",0.980617560692184,"Subpopulation_1"
"NGS_H19_LOI_Rep2","Read_560",0.978714809680918,"Subpopulation_1"
"NGS_H19_LOI_Rep2","Read_561",0.981684377414154,"Subpopulation_1"
"NGS_H19_LOI_Rep2","Read_562",0.98369161489597,"Subpopulation_1"
"NGS_H19_LOI_Rep2","Read_563",0.983952700211145,"Subpopulation_1"
"NGS_H19_LOI_Rep2","Read_564",0.97989544517716,"Subpopulation_1"
"NGS_H19_LOI_Rep2","Read_565",0.984794190390887,"Subpopulation_1"
"NGS_H19_LOI_Rep2","Read_566",0.978814345937852,"Subpopulation_1"
"NGS_H19_LOI_Rep2","Read_567",0.981096890480247,"Subpopulation_1"
"NGS_H19_LOI_Rep2","Read_568",0.980201598241855,"Subpopulation_1"
"NGS_H19_LOI_Rep2","Read_569",0.976268052616854,"Subpopulation_1"
"NGS_H19_LOI_Rep2","Read_570",0.982765109684552,"Subpopulation_1"
"NGS_H19_LOI_Rep2","Read_571",0.977578131931329,"Subpopulation_1"
"NGS_H19_LOI_Rep2","Read_572",0.985406673562482,"Subpopulation_1"
"NGS_H19_LOI_Rep2","Read_573",0.984775442980319,"Subpopulation_1"
"NGS_H19_LOI_Rep2","Read_574",0.972022306318162,"Subpopulation_1"
"NGS_H19_LOI_Rep2","Read_575",0.981827541334964,"Subpopulation_1"
"NGS_H19_LOI_Rep2","Read_576",0.979680152235534,"Subpopulation_1"
"NGS_H19_LOI_Rep2","Read_577",0.976470954481621,"Subpopulation_1"
"NGS_H19_LOI_Rep2","Read_578",0.977800197739964,"Subpopulation_1"
"NGS_H19_LOI_Rep2","Read_579",0.988860280195393,"Subpopulation_1"
"NGS_H19_LOI_Rep2","Read_580",0.974623167518156,"Subpopulation_1"
"NGS_H19_LOI_Rep2","Read_581",0.979269933682439,"Subpopulation_1"
"NGS_H19_LOI_Rep2","Read_582",0.979398249962822,"Subpopulation_1"
"NGS_H19_LOI_Rep2","Read_583",0.978211717429084,"Subpopulation_1"
"NGS_H19_LOI_Rep2","Read_584",0.975243091321412,"Subpopulation_1"
"NGS_H19_LOI_Rep2","Read_585",0.983514826525774,"Subpopulation_1"
"NGS_H19_LOI_Rep2","Read_586",0.979716817035304,"Subpopulation_1"
"NGS_H19_LOI_Rep2","Read_587",0.971818097257071,"Subpopulation_1"
"NGS_H19_LOI_Rep2","Read_588",0.978738908948087,"Subpopulation_1"
"NGS_H19_LOI_Rep2","Read_589",0.970814920711192,"Subpopulation_1"
"NGS_H19_LOI_Rep2","Read_590",0.978094040700376,"Subpopulation_1"
"NGS_H19_LOI_Rep2","Read_591",0.977827155906477,"Subpopulation_1"
"NGS_H19_LOI_Rep2","Read_592",0.974973150525599,"Subpopulation_1"
"NGS_H19_LOI_Rep2","Read_593",0.980843550108742,"Subpopulation_1"
"NGS_H19_LOI_Rep2","Read_594",0.986652810480546,"Subpopulation_1"
"NGS_H19_LOI_Rep2","Read_595",0.983338257505463,"Subpopulation_1"
"NGS_H19_LOI_Rep2","Read_596",0.977198832816665,"Subpopulation_1"
"NGS_H19_LOI_Rep2","Read_597",0.97284551790153,"Subpopulation_1"
"NGS_H19_LOI_Rep2","Read_598",0.97892350012162,"Subpopulation_1"
"NGS_H19_LOI_Rep2","Read_599",0.973028747633494,"Subpopulation_1"
"NGS_H19_LOI_Rep2","Read_600",0.984002078238089,"Subpopulation_1"
"NGS_H19_LOI_Rep2","Read_601",0.980758212538282,"Subpopulation_1"
"NGS_H19_LOI_Rep2","Read_602",0.979995883797208,"Subpopulation_1"
"NGS_H19_LOI_Rep2","Read_603",0.973888515651265,"Subpopulation_1"
"NGS_H19_LOI_Rep2","Read_604",0.97025716023691,"Subpopulation_1"
"NGS_H19_LOI_Rep2","Read_605",0.979059745845911,"Subpopulation_1"
"NGS_H19_LOI_Rep2","Read_606",0.977430378878405,"Subpopulation_1"
"NGS_H19_LOI_Rep2","Read_607",0.97822856941304,"Subpopulation_1"
"NGS_H19_LOI_Rep2","Read_608",0.982522163251896,"Subpopulation_1"
"NGS_H19_LOI_Rep2","Read_609",0.973271840309779,"Subpopulation_1"
"NGS_H19_LOI_Rep2","Read_610",0.984312549088605,"Subpopulation_1"
"NGS_H19_LOI_Rep2","Read_611",0.977340087256124,"Subpopulation_1"
"NGS_H19_LOI_Rep2","Read_612",0.977820818753694,"Subpopulation_1"
"NGS_H19_LOI_Rep2","Read_613",0.979260139270656,"Subpopulation_1"
"NGS_H19_LOI_Rep2","Read_614",0.980068697097666,"Subpopulation_1"
"NGS_H19_LOI_Rep2","Read_615",0.971518279292703,"Subpopulation_1"
"NGS_H19_LOI_Rep2","Read_616",0.980496047650761,"Subpopulation_1"
"NGS_H19_LOI_Rep2","Read_617",0.979901448016097,"Subpopulation_1"
"NGS_H19_LOI_Rep2","Read_618",0.987103715988569,"Subpopulation_1"
"NGS_H19_LOI_Rep2","Read_619",0.976297994070598,"Subpopulation_1"
"NGS_H19_LOI_Rep2","Read_620",0.981569644689365,"Subpopulation_1"
"NGS_H19_LOI_Rep2","Read_621",0.978667164026491,"Subpopulation_1"
"NGS_H19_LOI_Rep2","Read_622",0.976797922739695,"Subpopulation_1"
"NGS_H19_LOI_Rep2","Read_623",0.981508977676382,"Subpopulation_1"
"NGS_H19_LOI_Rep2","Read_624",0.984622670994964,"Subpopulation_1"
"NGS_H19_LOI_Rep2","Read_625",0.984312183513601,"Subpopulation_1"
"NGS_H19_LOI_Rep2","Read_626",0.985120992490712,"Subpopulation_1"
"NGS_H19_LOI_Rep2","Read_627",0.973077305980498,"Subpopulation_1"
"NGS_H19_LOI_Rep2","Read_628",0.977595227965766,"Subpopulation_1"
"NGS_H19_LOI_Rep2","Read_629",0.983348421716955,"Subpopulation_1"
"NGS_H19_LOI_Rep2","Read_630",0.984937007106926,"Subpopulation_1"
"NGS_H19_LOI_Rep2","Read_631",0.976076094924334,"Subpopulation_1"
"NGS_H19_LOI_Rep2","Read_632",0.984014746197577,"Subpopulation_1"
"NGS_H19_LOI_Rep2","Read_633",0.981615053412607,"Subpopulation_1"
"NGS_H19_LOI_Rep2","Read_634",0.97518545957868,"Subpopulation_1"
"NGS_H19_LOI_Rep2","Read_635",0.983253052716842,"Subpopulation_1"
"NGS_H19_LOI_Rep2","Read_636",0.983467877636848,"Subpopulation_1"
"NGS_H19_LOI_Rep2","Read_637",0.977167902239284,"Subpopulation_1"
"NGS_H19_LOI_Rep2","Read_638",0.98123863924326,"Subpopulation_1"
"NGS_H19_LOI_Rep2","Read_639",0.98206147238041,"Subpopulation_1"
"NGS_H19_LOI_Rep2","Read_640",0.975445480723635,"Subpopulation_1"
"NGS_H19_LOI_Rep2","Read_641",0.981090622374883,"Subpopulation_1"
"NGS_H19_LOI_Rep2","Read_642",0.984977137106928,"Subpopulation_1"
"NGS_H19_LOI_Rep2","Read_643",0.982173999461093,"Subpopulation_1"
"NGS_H19_LOI_Rep2","Read_644",0.976979748752329,"Subpopulation_1"
"NGS_H19_LOI_Rep2","Read_645",0.986490306585867,"Subpopulation_1"
"NGS_H19_LOI_Rep2","Read_646",0.983219961906167,"Subpopulation_1"
"NGS_H19_LOI_Rep2","Read_647",0.971086550639411,"Subpopulation_1"
"NGS_H19_LOI_Rep2","Read_648",0.98274836484329,"Subpopulation_1"
"NGS_H19_LOI_Rep2","Read_649",0.985186878912053,"Subpopulation_1"
"NGS_H19_LOI_Rep2","Read_650",0.980104076709356,"Subpopulation_1"
"NGS_H19_LOI_Rep2","Read_651",0.967697400125122,"Subpopulation_1"
"NGS_H19_LOI_Rep2","Read_652",0.97955962742353,"Subpopulation_1"
"NGS_H19_LOI_Rep2","Read_653",0.969960618402277,"Subpopulation_1"
"NGS_H19_LOI_Rep2","Read_654",0.977348569692373,"Subpopulation_1"
"NGS_H19_LOI_Rep2","Read_655",0.985348944682677,"Subpopulation_1"
"NGS_H19_LOI_Rep2","Read_656",0.978882887519394,"Subpopulation_1"
"NGS_H19_LOI_Rep2","Read_657",0.98139412402369,"Subpopulation_1"
"NGS_H19_LOI_Rep2","Read_658",0.979765123901142,"Subpopulation_1"
"NGS_H19_LOI_Rep2","Read_659",0.979185242032927,"Subpopulation_1"
"NGS_H19_LOI_Rep2","Read_660",0.975577907596747,"Subpopulation_1"
"NGS_H19_LOI_Rep2","Read_661",0.974727046053936,"Subpopulation_1"
"NGS_H19_LOI_Rep2","Read_662",0.973826558507816,"Subpopulation_1"
"NGS_H19_LOI_Rep2","Read_663",0.978345038422214,"Subpopulation_1"
"NGS_H19_LOI_Rep2","Read_664",0.98542361369797,"Subpopulation_1"
"NGS_H19_LOI_Rep2","Read_665",0.983709526382529,"Subpopulation_1"
"NGS_H19_LOI_Rep2","Read_666",0.986108022591414,"Subpopulation_1"
"NGS_H19_LOI_Rep2","Read_667",0.976940876538003,"Subpopulation_1"
"NGS_H19_LOI_Rep2","Read_668",0.983969015198698,"Subpopulation_1"
"NGS_H19_LOI_Rep2","Read_669",0.982764763576949,"Subpopulation_1"
"NGS_H19_LOI_Rep2","Read_670",0.984428731664491,"Subpopulation_1"
"NGS_H19_LOI_Rep2","Read_671",0.981237726440075,"Subpopulation_1"
"NGS_H19_LOI_Rep2","Read_672",0.981431468221157,"Subpopulation_1"
"NGS_H19_LOI_Rep2","Read_673",0.987033897657323,"Subpopulation_1"
"NGS_H19_LOI_Rep2","Read_674",0.979015099916482,"Subpopulation_1"
"NGS_H19_LOI_Rep2","Read_675",0.97870199113454,"Subpopulation_1"
"NGS_H19_LOI_Rep2","Read_676",0.977031697789024,"Subpopulation_1"
"NGS_H19_LOI_Rep2","Read_677",0.98305037440442,"Subpopulation_1"
"NGS_H19_LOI_Rep2","Read_678",0.976440552501767,"Subpopulation_1"
"NGS_H19_LOI_Rep2","Read_679",0.982458123085874,"Subpopulation_1"
"NGS_H19_LOI_Rep2","Read_680",0.984162933604991,"Subpopulation_1"
"NGS_H19_LOI_Rep2","Read_681",0.977190034061316,"Subpopulation_1"
"NGS_H19_LOI_Rep2","Read_682",0.981791294859796,"Subpopulation_1"
"NGS_H19_LOI_Rep2","Read_683",0.98938533726276,"Subpopulation_1"
"NGS_H19_LOI_Rep2","Read_684",0.981606364522456,"Subpopulation_1"
"NGS_H19_LOI_Rep2","Read_685",0.977516304367907,"Subpopulation_1"
"NGS_H19_LOI_Rep2","Read_686",0.9819446788466,"Subpopulation_1"
"NGS_H19_LOI_Rep2","Read_687",0.982390976731235,"Subpopulation_1"
"NGS_H19_LOI_Rep2","Read_688",0.97340172280842,"Subpopulation_1"
"NGS_H19_LOI_Rep2","Read_689",0.97740380983631,"Subpopulation_1"
"NGS_H19_LOI_Rep2","Read_690",0.981998687521916,"Subpopulation_1"
"NGS_H19_LOI_Rep2","Read_691",0.977168282208441,"Subpopulation_1"
"NGS_H19_LOI_Rep2","Read_692",0.985717985119207,"Subpopulation_1"
"NGS_H19_LOI_Rep2","Read_693",0.976980319186324,"Subpopulation_1"
"NGS_H19_LOI_Rep2","Read_694",0.980897347788829,"Subpopulation_1"
"NGS_H19_LOI_Rep2","Read_695",0.980518776424659,"Subpopulation_1"
"NGS_H19_LOI_Rep2","Read_696",0.987449779808645,"Subpopulation_1"
"NGS_H19_LOI_Rep2","Read_697",0.970123647571506,"Subpopulation_1"
"NGS_H19_LOI_Rep2","Read_698",0.977182866996482,"Subpopulation_1"
"NGS_H19_LOI_Rep2","Read_699",0.98261319380938,"Subpopulation_1"
"NGS_H19_LOI_Rep2","Read_700",0.984109398597696,"Subpopulation_1"
"NGS_H19_LOI_Rep2","Read_701",0.981489267180075,"Subpopulation_1"
"NGS_H19_LOI_Rep2","Read_702",0.979616734471004,"Subpopulation_1"
"NGS_H19_LOI_Rep2","Read_703",0.980103838567618,"Subpopulation_1"
"NGS_H19_LOI_Rep2","Read_704",0.978601086751984,"Subpopulation_1"
"NGS_H19_LOI_Rep2","Read_705",0.97723780675047,"Subpopulation_1"
"NGS_H19_LOI_Rep2","Read_706",0.986547265089575,"Subpopulation_1"
"NGS_H19_LOI_Rep2","Read_707",0.983773345948394,"Subpopulation_1"
"NGS_H19_LOI_Rep2","Read_708",0.981672681578387,"Subpopulation_1"
"NGS_H19_LOI_Rep2","Read_709",0.977028596730119,"Subpopulation_1"
"NGS_H19_LOI_Rep2","Read_710",0.981390407011699,"Subpopulation_1"
"NGS_H19_LOI_Rep2","Read_711",0.984562055490545,"Subpopulation_1"
"NGS_H19_LOI_Rep2","Read_712",0.972536703236318,"Subpopulation_1"
"NGS_H19_LOI_Rep2","Read_713",0.982837395899033,"Subpopulation_1"
"NGS_H19_LOI_Rep2","Read_714",0.979644223571615,"Subpopulation_1"
"NGS_H19_LOI_Rep2","Read_715",0.97334762466569,"Subpopulation_1"
"NGS_H19_LOI_Rep2","Read_716",0.979968393272481,"Subpopulation_1"
"NGS_H19_LOI_Rep2","Read_717",0.969588090700995,"Subpopulation_1"
"NGS_H19_LOI_Rep2","Read_718",0.97618307967495,"Subpopulation_1"
"NGS_H19_LOI_Rep2","Read_719",0.982104589518681,"Subpopulation_1"
"NGS_H19_LOI_Rep2","Read_720",0.982923430980892,"Subpopulation_1"
"NGS_H19_LOI_Rep2","Read_721",0.976125834986703,"Subpopulation_1"
"NGS_H19_LOI_Rep2","Read_722",0.980959990356162,"Subpopulation_1"
"NGS_H19_LOI_Rep2","Read_723",0.981685370360676,"Subpopulation_1"
"NGS_H19_LOI_Rep2","Read_724",0.983800018161149,"Subpopulation_1"
"NGS_H19_LOI_Rep2","Read_725",0.981525759526556,"Subpopulation_1"
"NGS_H19_LOI_Rep2","Read_726",0.98567612676474,"Subpopulation_1"
"NGS_H19_LOI_Rep2","Read_727",0.978512915611711,"Subpopulation_1"
"NGS_H19_LOI_Rep2","Read_728",0.979799406108282,"Subpopulation_1"
"NGS_H19_LOI_Rep2","Read_729",0.974395192863126,"Subpopulation_1"
"NGS_H19_LOI_Rep2","Read_730",0.980744423617829,"Subpopulation_1"
"NGS_H19_LOI_Rep2","Read_731",0.976898681085736,"Subpopulation_1"
"NGS_H19_LOI_Rep2","Read_732",0.973196360979362,"Subpopulation_1"
"NGS_H19_LOI_Rep2","Read_733",0.973062395131889,"Subpopulation_1"
"NGS_H19_LOI_Rep2","Read_734",0.984161129447433,"Subpopulation_1"
"NGS_H19_LOI_Rep2","Read_735",0.978751975119045,"Subpopulation_1"
"NGS_H19_LOI_Rep2","Read_736",0.984004105376025,"Subpopulation_1"
"NGS_H19_LOI_Rep2","Read_737",0.97314980298834,"Subpopulation_1"
"NGS_H19_LOI_Rep2","Read_738",0.977474612508083,"Subpopulation_1"
"NGS_H19_LOI_Rep2","Read_739",0.978275995819009,"Subpopulation_1"
"NGS_H19_LOI_Rep2","Read_740",0.972334100785116,"Subpopulation_1"
"NGS_H19_LOI_Rep2","Read_741",0.979656351401505,"Subpopulation_1"
"NGS_H19_LOI_Rep2","Read_742",0.983740437539119,"Subpopulation_1"
"NGS_H19_LOI_Rep2","Read_743",0.978053081347168,"Subpopulation_1"
"NGS_H19_LOI_Rep2","Read_744",0.985589814348556,"Subpopulation_1"
"NGS_H19_LOI_Rep2","Read_745",0.98502708830468,"Subpopulation_1"
"NGS_H19_LOI_Rep2","Read_746",0.978899444776593,"Subpopulation_1"
"NGS_H19_LOI_Rep2","Read_747",0.983343722488647,"Subpopulation_1"
"NGS_H19_LOI_Rep2","Read_748",0.974922178910877,"Subpopulation_1"
"NGS_H19_LOI_Rep2","Read_749",0.972924756893595,"Subpopulation_1"
"NGS_H19_LOI_Rep2","Read_750",0.974649777976253,"Subpopulation_1"
"NGS_H19_LOI_Rep2","Read_751",0.976750880704526,"Subpopulation_1"
"NGS_H19_LOI_Rep2","Read_752",0.980807576266523,"Subpopulation_1"
"NGS_H19_LOI_Rep2","Read_753",0.978526174089973,"Subpopulation_1"
"NGS_H19_LOI_Rep2","Read_754",0.970004479881996,"Subpopulation_1"
"NGS_H19_LOI_Rep2","Read_755",0.986077301817322,"Subpopulation_1"
"NGS_H19_LOI_Rep2","Read_756",0.9818647541923,"Subpopulation_1"
"NGS_H19_LOI_Rep2","Read_757",0.978371220332668,"Subpopulation_1"
"NGS_H19_LOI_Rep2","Read_758",0.978318804518453,"Subpopulation_1"
"NGS_H19_LOI_Rep2","Read_759",0.983372782749191,"Subpopulation_1"
"NGS_H19_LOI_Rep2","Read_760",0.968863574948127,"Subpopulation_1"
"NGS_H19_LOI_Rep2","Read_761",0.98750327313015,"Subpopulation_1"
"NGS_H19_LOI_Rep2","Read_762",0.97817077588041,"Subpopulation_1"
"NGS_H19_LOI_Rep2","Read_763",0.982431074618203,"Subpopulation_1"
"NGS_H19_LOI_Rep2","Read_764",0.977300883870815,"Subpopulation_1"
"NGS_H19_LOI_Rep2","Read_765",0.97629313769759,"Subpopulation_1"
"NGS_H19_LOI_Rep2","Read_766",0.984379430519819,"Subpopulation_1"
"NGS_H19_LOI_Rep2","Read_767",0.980966277311953,"Subpopulation_1"
"NGS_H19_LOI_Rep2","Read_768",0.976273072259638,"Subpopulation_1"
"NGS_H19_LOI_Rep2","Read_769",0.983335518577902,"Subpopulation_1"
"NGS_H19_LOI_Rep2","Read_770",0.978186405546364,"Subpopulation_1"
"NGS_H19_LOI_Rep2","Read_771",0.979862474858346,"Subpopulation_1"
"NGS_H19_LOI_Rep2","Read_772",0.985885707442386,"Subpopulation_1"
"NGS_H19_LOI_Rep2","Read_773",0.979731026358942,"Subpopulation_1"
"NGS_H19_LOI_Rep2","Read_774",0.986204262806721,"Subpopulation_1"
"NGS_H19_LOI_Rep2","Read_775",0.974733598721369,"Subpopulation_1"
"NGS_H19_LOI_Rep2","Read_776",0.975694725892843,"Subpopulation_1"
"NGS_H19_LOI_Rep2","Read_777",0.979425076218287,"Subpopulation_1"
"NGS_H19_LOI_Rep2","Read_778",0.981016555622439,"Subpopulation_1"
"NGS_H19_LOI_Rep2","Read_779",0.985202384802661,"Subpopulation_1"
"NGS_H19_LOI_Rep2","Read_780",0.980855735179125,"Subpopulation_1"
"NGS_H19_LOI_Rep2","Read_781",0.974632366450043,"Subpopulation_1"
"NGS_H19_LOI_Rep2","Read_782",0.983399042031656,"Subpopulation_1"
"NGS_H19_LOI_Rep2","Read_783",0.984028988703984,"Subpopulation_1"
"NGS_H19_LOI_Rep2","Read_784",0.967419309896743,"Subpopulation_1"
"NGS_H19_LOI_Rep2","Read_785",0.980966293850889,"Subpopulation_1"
"NGS_H19_LOI_Rep2","Read_786",0.972068924530755,"Subpopulation_1"
"NGS_H19_LOI_Rep2","Read_787",0.982128249565602,"Subpopulation_1"
"NGS_H19_LOI_Rep2","Read_788",0.984539894049741,"Subpopulation_1"
"NGS_H19_LOI_Rep2","Read_789",0.982472501952751,"Subpopulation_1"
"NGS_H19_LOI_Rep2","Read_790",0.977552006230752,"Subpopulation_1"
"NGS_H19_LOI_Rep2","Read_791",0.983658702381865,"Subpopulation_1"
"NGS_H19_LOI_Rep2","Read_792",0.987894709366151,"Subpopulation_1"
"NGS_H19_LOI_Rep2","Read_793",0.982585465671815,"Subpopulation_1"
"NGS_H19_LOI_Rep2","Read_794",0.971209849420192,"Subpopulation_1"
"NGS_H19_LOI_Rep2","Read_795",0.98734583085005,"Subpopulation_1"
"NGS_H19_LOI_Rep2","Read_796",0.976477868214636,"Subpopulation_1"
"NGS_H19_LOI_Rep2","Read_797",0.980827944154579,"Subpopulation_1"
"NGS_H19_LOI_Rep2","Read_798",0.982533418207093,"Subpopulation_1"
"NGS_H19_LOI_Rep2","Read_799",0.981954501888224,"Subpopulation_1"
"NGS_H19_LOI_Rep2","Read_800",0.980999103031691,"Subpopulation_1"
"NGS_H19_LOI_Rep2","Read_801",0.980794246293912,"Subpopulation_1"
"NGS_H19_LOI_Rep2","Read_802",0.987295372830621,"Subpopulation_1"
"NGS_H19_LOI_Rep2","Read_803",0.983476016939686,"Subpopulation_1"
"NGS_H19_LOI_Rep2","Read_804",0.973911020964593,"Subpopulation_1"
"NGS_H19_LOI_Rep2","Read_805",0.982441809213229,"Subpopulation_1"
"NGS_H19_LOI_Rep2","Read_806",0.983678129788436,"Subpopulation_1"
"NGS_H19_LOI_Rep2","Read_807",0.973787757930566,"Subpopulation_1"
"NGS_H19_LOI_Rep2","Read_808",0.977693755673182,"Subpopulation_1"
"NGS_H19_LOI_Rep2","Read_809",0.984031431686385,"Subpopulation_1"
"NGS_H19_LOI_Rep2","Read_810",0.990091754127741,"Subpopulation_1"
"NGS_H19_LOI_Rep2","Read_811",0.988429895380065,"Subpopulation_1"
"NGS_H19_LOI_Rep2","Read_812",0.982141827646547,"Subpopulation_1"
"NGS_H19_LOI_Rep2","Read_813",0.979795225271361,"Subpopulation_1"
"NGS_H19_LOI_Rep2","Read_814",0.979561122254394,"Subpopulation_1"
"NGS_H19_LOI_Rep2","Read_815",0.972369506496774,"Subpopulation_1"
"NGS_H19_LOI_Rep2","Read_816",0.980637046043323,"Subpopulation_1"
"NGS_H19_LOI_Rep2","Read_817",0.979047894223158,"Subpopulation_1"
"NGS_H19_LOI_Rep2","Read_818",0.983049216348886,"Subpopulation_1"
"NGS_H19_LOI_Rep2","Read_819",0.980022263813839,"Subpopulation_1"
"NGS_H19_LOI_Rep2","Read_820",0.97799055809882,"Subpopulation_1"
"NGS_H19_LOI_Rep2","Read_821",0.98121964556125,"Subpopulation_1"
"NGS_H19_LOI_Rep2","Read_822",0.978778768882947,"Subpopulation_1"
"NGS_H19_LOI_Rep2","Read_823",0.978116676922904,"Subpopulation_1"
"NGS_H19_LOI_Rep2","Read_824",0.97862949582859,"Subpopulation_1"
"NGS_H19_LOI_Rep2","Read_825",0.973474168007448,"Subpopulation_1"
"NGS_H19_LOI_Rep2","Read_826",0.979901339457387,"Subpopulation_1"
"NGS_H19_LOI_Rep2","Read_827",0.968144584385937,"Subpopulation_1"
"NGS_H19_LOI_Rep2","Read_828",0.979686942556185,"Subpopulation_1"
"NGS_H19_LOI_Rep2","Read_829",0.98168384384846,"Subpopulation_1"
"NGS_H19_LOI_Rep2","Read_830",0.978505245585158,"Subpopulation_1"
"NGS_H19_LOI_Rep2","Read_831",0.974784844093482,"Subpopulation_1"
"NGS_H19_LOI_Rep2","Read_832",0.980546530717941,"Subpopulation_1"
"NGS_H19_LOI_Rep2","Read_833",0.985062092307754,"Subpopulation_1"
"NGS_H19_LOI_Rep2","Read_834",0.978044703648717,"Subpopulation_1"
"NGS_H19_LOI_Rep2","Read_835",0.970281581231941,"Subpopulation_1"
"NGS_H19_LOI_Rep2","Read_836",0.979811959653337,"Subpopulation_1"
"NGS_H19_LOI_Rep2","Read_837",0.974479139103816,"Subpopulation_1"
"NGS_H19_LOI_Rep2","Read_838",0.978608746030512,"Subpopulation_1"
"NGS_H19_LOI_Rep2","Read_839",0.985812394829502,"Subpopulation_1"
"NGS_H19_LOI_Rep2","Read_840",0.983707422152681,"Subpopulation_1"
"NGS_H19_LOI_Rep2","Read_841",0.986378481416798,"Subpopulation_1"
"NGS_H19_LOI_Rep2","Read_842",0.983531893233056,"Subpopulation_1"
"NGS_H19_LOI_Rep2","Read_843",0.983442470763721,"Subpopulation_1"
"NGS_H19_LOI_Rep2","Read_844",0.982905267945791,"Subpopulation_1"
"NGS_H19_LOI_Rep2","Read_845",0.987258801707428,"Subpopulation_1"
"NGS_H19_LOI_Rep2","Read_846",0.980711245433224,"Subpopulation_1"
"NGS_H19_LOI_Rep2","Read_847",0.981267202012752,"Subpopulation_1"
"NGS_H19_LOI_Rep2","Read_848",0.983469357094248,"Subpopulation_1"
"NGS_H19_LOI_Rep2","Read_849",0.984185697265133,"Subpopulation_1"
"NGS_H19_LOI_Rep2","Read_850",0.984821699304242,"Subpopulation_1"
"NGS_H19_LOI_Rep2","Read_851",0.985086294253017,"Subpopulation_1"
"NGS_H19_LOI_Rep2","Read_852",0.98212417701511,"Subpopulation_1"
"NGS_H19_LOI_Rep2","Read_853",0.97564471964407,"Subpopulation_1"
"NGS_H19_LOI_Rep2","Read_854",0.987471762557834,"Subpopulation_1"
"NGS_H19_LOI_Rep2","Read_855",0.970037087476228,"Subpopulation_1"
"NGS_H19_LOI_Rep2","Read_856",0.982893027834857,"Subpopulation_1"
"NGS_H19_LOI_Rep2","Read_857",0.982106532668848,"Subpopulation_1"
"NGS_H19_LOI_Rep2","Read_858",0.982049253538779,"Subpopulation_1"
"NGS_H19_LOI_Rep2","Read_859",0.986672926103576,"Subpopulation_1"
"NGS_H19_LOI_Rep2","Read_860",0.981737178126369,"Subpopulation_1"
"NGS_H19_LOI_Rep2","Read_861",0.980869585093673,"Subpopulation_1"
"NGS_H19_LOI_Rep2","Read_862",0.981257352365229,"Subpopulation_1"
"NGS_H19_LOI_Rep2","Read_863",0.98153384579077,"Subpopulation_1"
"NGS_H19_LOI_Rep2","Read_864",0.97715302826746,"Subpopulation_1"
"NGS_H19_LOI_Rep2","Read_865",0.982445195659809,"Subpopulation_1"
"NGS_H19_LOI_Rep2","Read_866",0.975855914597431,"Subpopulation_1"
"NGS_H19_LOI_Rep2","Read_867",0.968160375122356,"Subpopulation_1"
"NGS_H19_LOI_Rep2","Read_868",0.986121047097103,"Subpopulation_1"
"NGS_H19_LOI_Rep2","Read_869",0.986087004348864,"Subpopulation_1"
"NGS_H19_LOI_Rep2","Read_870",0.975043480635745,"Subpopulation_1"
"NGS_H19_LOI_Rep2","Read_871",0.976615746666721,"Subpopulation_1"
"NGS_H19_LOI_Rep2","Read_872",0.967499924664765,"Subpopulation_1"
"NGS_H19_LOI_Rep2","Read_873",0.982029893399443,"Subpopulation_1"
"NGS_H19_LOI_Rep2","Read_874",0.976238186378849,"Subpopulation_1"
"NGS_H19_LOI_Rep2","Read_875",0.98433584401397,"Subpopulation_1"
"NGS_H19_LOI_Rep2","Read_876",0.981855633159673,"Subpopulation_1"
"NGS_H19_LOI_Rep2","Read_877",0.977589331327416,"Subpopulation_1"
"NGS_H19_LOI_Rep2","Read_878",0.981380169550151,"Subpopulation_1"
"NGS_H19_LOI_Rep2","Read_879",0.986550103828378,"Subpopulation_1"
"NGS_H19_LOI_Rep2","Read_880",0.979252462047851,"Subpopulation_1"
"NGS_H19_LOI_Rep2","Read_881",0.977373825583807,"Subpopulation_1"
"NGS_H19_LOI_Rep2","Read_882",0.977865885808719,"Subpopulation_1"
"NGS_H19_LOI_Rep2","Read_883",0.985777269744139,"Subpopulation_1"
"NGS_H19_LOI_Rep2","Read_884",0.979010008623508,"Subpopulation_1"
"NGS_H19_LOI_Rep2","Read_885",0.98243651620672,"Subpopulation_1"
"NGS_H19_LOI_Rep2","Read_886",0.98060491926179,"Subpopulation_1"
"NGS_H19_LOI_Rep2","Read_887",0.980414279766834,"Subpopulation_1"
"NGS_H19_LOI_Rep2","Read_888",0.982963626241279,"Subpopulation_1"
"NGS_H19_LOI_Rep2","Read_889",0.981927547341419,"Subpopulation_1"
"NGS_H19_LOI_Rep2","Read_890",0.973705982269077,"Subpopulation_1"
"NGS_H19_LOI_Rep2","Read_891",0.982429915801313,"Subpopulation_1"
"NGS_H19_LOI_Rep2","Read_892",0.979324404211291,"Subpopulation_1"
"NGS_H19_LOI_Rep2","Read_893",0.98136249068915,"Subpopulation_1"
"NGS_H19_LOI_Rep2","Read_894",0.976646467694262,"Subpopulation_1"
"NGS_H19_LOI_Rep2","Read_895",0.985496544377765,"Subpopulation_1"
"NGS_H19_LOI_Rep2","Read_896",0.975023632112498,"Subpopulation_1"
"NGS_H19_LOI_Rep2","Read_897",0.981368391684965,"Subpopulation_1"
"NGS_H19_LOI_Rep2","Read_898",0.98322961791015,"Subpopulation_1"
"NGS_H19_LOI_Rep2","Read_899",0.977840371133991,"Subpopulation_1"
"NGS_H19_LOI_Rep2","Read_900",0.976671724318901,"Subpopulation_1"
"NGS_H19_LOI_Rep2","Read_901",0.984048827006201,"Subpopulation_1"
"NGS_H19_LOI_Rep2","Read_902",0.981480866665835,"Subpopulation_1"
"NGS_H19_LOI_Rep2","Read_903",0.981285581527784,"Subpopulation_1"
"NGS_H19_LOI_Rep2","Read_904",0.97944465479977,"Subpopulation_1"
"NGS_H19_LOI_Rep2","Read_905",0.9830354654721,"Subpopulation_1"
"NGS_H19_LOI_Rep2","Read_906",0.976874379029794,"Subpopulation_1"
"NGS_H19_LOI_Rep2","Read_907",0.981010800256318,"Subpopulation_1"
"NGS_H19_LOI_Rep2","Read_908",0.990522791763583,"Subpopulation_1"
"NGS_H19_LOI_Rep2","Read_909",0.978553889928483,"Subpopulation_1"
"NGS_H19_LOI_Rep2","Read_910",0.983993091905564,"Subpopulation_1"
"NGS_H19_LOI_Rep2","Read_911",0.98374854114903,"Subpopulation_1"
"NGS_H19_LOI_Rep2","Read_912",0.985037677351924,"Subpopulation_1"
"NGS_H19_LOI_Rep2","Read_913",0.982401089920856,"Subpopulation_1"
"NGS_H19_LOI_Rep2","Read_914",0.979924378553173,"Subpopulation_1"
"NGS_H19_LOI_Rep2","Read_915",0.982103364935554,"Subpopulation_1"
"NGS_H19_LOI_Rep2","Read_916",0.982751091571275,"Subpopulation_1"
"NGS_H19_LOI_Rep2","Read_917",0.981205088772988,"Subpopulation_1"
"NGS_H19_LOI_Rep2","Read_918",0.979332047237626,"Subpopulation_1"
"NGS_H19_LOI_Rep2","Read_919",0.97543246772892,"Subpopulation_1"
"NGS_H19_LOI_Rep2","Read_920",0.980425146813245,"Subpopulation_1"
"NGS_H19_LOI_Rep2","Read_921",0.98359588350169,"Subpopulation_1"
"NGS_H19_LOI_Rep2","Read_922",0.98371156650761,"Subpopulation_1"
"NGS_H19_LOI_Rep2","Read_923",0.98342457691077,"Subpopulation_1"
"NGS_H19_LOI_Rep2","Read_924",0.981858522819468,"Subpopulation_1"
"NGS_H19_LOI_Rep2","Read_925",0.981710064260458,"Subpopulation_1"
"NGS_H19_LOI_Rep2","Read_926",0.984408300771972,"Subpopulation_1"
"NGS_H19_LOI_Rep2","Read_927",0.984684092258115,"Subpopulation_1"
"NGS_H19_LOI_Rep2","Read_928",0.970426750953189,"Subpopulation_1"
"NGS_H19_LOI_Rep2","Read_929",0.980808401415335,"Subpopulation_1"
"NGS_H19_LOI_Rep2","Read_930",0.975523006100296,"Subpopulation_1"
"NGS_H19_LOI_Rep2","Read_931",0.984656656982539,"Subpopulation_1"
"NGS_H19_LOI_Rep2","Read_932",0.979049331783794,"Subpopulation_1"
"NGS_H19_LOI_Rep2","Read_933",0.983455694694628,"Subpopulation_1"
"NGS_H19_LOI_Rep2","Read_934",0.97564491154881,"Subpopulation_1"
"NGS_H19_LOI_Rep2","Read_935",0.981112345452675,"Subpopulation_1"
"NGS_H19_LOI_Rep2","Read_936",0.980457423308669,"Subpopulation_1"
"NGS_H19_LOI_Rep2","Read_937",0.970646168132092,"Subpopulation_1"
"NGS_H19_LOI_Rep2","Read_938",0.981176032178981,"Subpopulation_1"
"NGS_H19_LOI_Rep2","Read_939",0.979719555348042,"Subpopulation_1"
"NGS_H19_LOI_Rep2","Read_940",0.979138086644861,"Subpopulation_1"
"NGS_H19_LOI_Rep2","Read_941",0.981559927171449,"Subpopulation_1"
"NGS_H19_LOI_Rep2","Read_942",0.972211519729936,"Subpopulation_1"
"NGS_H19_LOI_Rep2","Read_943",0.983092662918237,"Subpopulation_1"
"NGS_H19_LOI_Rep2","Read_944",0.98441257588754,"Subpopulation_1"
"NGS_H19_LOI_Rep2","Read_945",0.982968760146902,"Subpopulation_1"
"NGS_H19_LOI_Rep2","Read_946",0.980789603250771,"Subpopulation_1"
"NGS_H19_LOI_Rep2","Read_947",0.980200872951091,"Subpopulation_1"
"NGS_H19_LOI_Rep2","Read_948",0.983761603929337,"Subpopulation_1"
"NGS_H19_LOI_Rep2","Read_949",0.97815274598317,"Subpopulation_1"
"NGS_H19_LOI_Rep2","Read_950",0.981514652775018,"Subpopulation_1"
"NGS_H19_LOI_Rep2","Read_951",0.983736655042188,"Subpopulation_1"
"NGS_H19_LOI_Rep2","Read_952",0.988731666880216,"Subpopulation_1"
"NGS_H19_LOI_Rep2","Read_953",0.987592920007457,"Subpopulation_1"
"NGS_H19_LOI_Rep2","Read_954",0.977356205901797,"Subpopulation_1"
"NGS_H19_LOI_Rep2","Read_955",0.986095786477199,"Subpopulation_1"
"NGS_H19_LOI_Rep2","Read_956",0.982834244963392,"Subpopulation_1"
"NGS_H19_LOI_Rep2","Read_957",0.975026960145284,"Subpopulation_1"
"NGS_H19_LOI_Rep2","Read_958",0.987450388222427,"Subpopulation_1"
"NGS_H19_LOI_Rep2","Read_959",0.975244537600386,"Subpopulation_1"
"NGS_H19_LOI_Rep2","Read_960",0.984598346040294,"Subpopulation_1"
"NGS_H19_LOI_Rep2","Read_961",0.981752631405913,"Subpopulation_1"
"NGS_H19_LOI_Rep2","Read_962",0.985417675523413,"Subpopulation_1"
"NGS_H19_LOI_Rep2","Read_963",0.985260358475714,"Subpopulation_1"
"NGS_H19_LOI_Rep2","Read_964",0.979096045416309,"Subpopulation_1"
"NGS_H19_LOI_Rep2","Read_965",0.979430239557515,"Subpopulation_1"
"NGS_H19_LOI_Rep2","Read_966",0.975930527021225,"Subpopulation_1"
"NGS_H19_LOI_Rep2","Read_967",0.981954534728958,"Subpopulation_1"
"NGS_H19_LOI_Rep2","Read_968",0.974758090461703,"Subpopulation_1"
"NGS_H19_LOI_Rep2","Read_969",0.973571259888769,"Subpopulation_1"
"NGS_H19_LOI_Rep2","Read_970",0.975328109443264,"Subpopulation_1"
"NGS_H19_LOI_Rep2","Read_971",0.975581250285129,"Subpopulation_1"
"NGS_H19_LOI_Rep2","Read_972",0.983490599968202,"Subpopulation_1"
"NGS_H19_LOI_Rep2","Read_973",0.984914067714329,"Subpopulation_1"
"NGS_H19_LOI_Rep2","Read_974",0.979290314990303,"Subpopulation_1"
"NGS_H19_LOI_Rep2","Read_975",0.978761901222026,"Subpopulation_1"
"NGS_H19_LOI_Rep2","Read_976",0.982882691918161,"Subpopulation_1"
"NGS_H19_LOI_Rep2","Read_977",0.983934558247946,"Subpopulation_1"
"NGS_H19_LOI_Rep2","Read_978",0.97767244786555,"Subpopulation_1"
"NGS_H19_LOI_Rep2","Read_979",0.982641539993331,"Subpopulation_1"
"NGS_H19_LOI_Rep2","Read_980",0.975700025932302,"Subpopulation_1"
"NGS_H19_LOI_Rep2","Read_981",0.978928197299838,"Subpopulation_1"
"NGS_H19_LOI_Rep2","Read_982",0.988363625203491,"Subpopulation_1"
"NGS_H19_LOI_Rep2","Read_983",0.977254341678957,"Subpopulation_1"
"NGS_H19_LOI_Rep2","Read_984",0.973665410822548,"Subpopulation_1"
"NGS_H19_LOI_Rep2","Read_985",0.975000729715421,"Subpopulation_1"
"NGS_H19_LOI_Rep2","Read_986",0.984017438949932,"Subpopulation_1"
"NGS_H19_LOI_Rep2","Read_987",0.981392661067108,"Subpopulation_1"
"NGS_H19_LOI_Rep2","Read_988",0.985520262578283,"Subpopulation_1"
"NGS_H19_LOI_Rep2","Read_989",0.982525398672466,"Subpopulation_1"
"NGS_H19_LOI_Rep2","Read_990",0.974313022212392,"Subpopulation_1"
"NGS_H19_LOI_Rep2","Read_991",0.987360290911059,"Subpopulation_1"
"NGS_H19_LOI_Rep2","Read_992",0.979841718666409,"Subpopulation_1"
"NGS_H19_LOI_Rep2","Read_993",0.969226411221171,"Subpopulation_1"
"NGS_H19_LOI_Rep2","Read_994",0.985382750493561,"Subpopulation_1"
"NGS_H19_LOI_Rep2","Read_995",0.972464026237376,"Subpopulation_1"
"NGS_H19_LOI_Rep2","Read_996",0.982850171341298,"Subpopulation_1"
"NGS_H19_LOI_Rep2","Read_997",0.988157363930306,"Subpopulation_1"
"NGS_H19_LOI_Rep2","Read_998",0.977023722391629,"Subpopulation_1"
"NGS_H19_LOI_Rep2","Read_999",0.982991248471619,"Subpopulation_1"
"NGS_H19_LOI_Rep2","Read_1000",0.978144075597993,"Subpopulation_1"
"NGS_H19_LOI_Rep2","Read_1001",0.986573842659647,"Subpopulation_1"
"NGS_H19_LOI_Rep2","Read_1002",0.976857388571445,"Subpopulation_1"
"NGS_H19_LOI_Rep2","Read_1003",0.974214935189767,"Subpopulation_1"
"NGS_H19_LOI_Rep2","Read_1004",0.977134745085314,"Subpopulation_1"
"NGS_H19_LOI_Rep2","Read_1005",0.977963183857745,"Subpopulation_1"
"NGS_H19_LOI_Rep2","Read_1006",0.9848805965864,"Subpopulation_1"
"NGS_H19_LOI_Rep2","Read_1007",0.980321019778612,"Subpopulation_1"
"NGS_H19_LOI_Rep2","Read_1008",0.980200188185298,"Subpopulation_1"
"NGS_H19_LOI_Rep2","Read_1009",0.97748570292496,"Subpopulation_1"
"NGS_H19_LOI_Rep2","Read_1010",0.966483539179449,"Subpopulation_1"
"NGS_H19_LOI_Rep2","Read_1011",0.983125209465715,"Subpopulation_1"
"NGS_H19_LOI_Rep2","Read_1012",0.981472585942041,"Subpopulation_1"
"NGS_H19_LOI_Rep2","Read_1013",0.976110738985594,"Subpopulation_1"
"NGS_H19_LOI_Rep2","Read_1014",0.973668305023565,"Subpopulation_1"
"NGS_H19_LOI_Rep2","Read_1015",0.980569205923764,"Subpopulation_1"
"NGS_H19_LOI_Rep2","Read_1016",0.975976396114917,"Subpopulation_1"
"NGS_H19_LOI_Rep2","Read_1017",0.976767224503026,"Subpopulation_1"
"NGS_H19_LOI_Rep2","Read_1018",0.974217251036574,"Subpopulation_1"
"NGS_H19_LOI_Rep2","Read_1019",0.986782240708017,"Subpopulation_1"
"NGS_H19_LOI_Rep2","Read_1020",0.980116673123107,"Subpopulation_1"
"NGS_H19_LOI_Rep2","Read_1021",0.978902978475198,"Subpopulation_1"
"NGS_H19_LOI_Rep2","Read_1022",0.980718981371746,"Subpopulation_1"
"NGS_H19_LOI_Rep2","Read_1023",0.976228337952218,"Subpopulation_1"
"NGS_H19_LOI_Rep2","Read_1024",0.986512541507401,"Subpopulation_1"
"NGS_H19_LOI_Rep2","Read_1025",0.980364393279495,"Subpopulation_1"
"NGS_H19_LOI_Rep2","Read_1026",0.977795378154468,"Subpopulation_1"
"NGS_H19_LOI_Rep2","Read_1027",0.980804205100214,"Subpopulation_1"
"NGS_H19_LOI_Rep2","Read_1028",0.974536519473478,"Subpopulation_1"
"NGS_H19_LOI_Rep2","Read_1029",0.982846353175521,"Subpopulation_1"
"NGS_H19_LOI_Rep2","Read_1030",0.980942081107784,"Subpopulation_1"
"NGS_H19_LOI_Rep2","Read_1031",0.977726783549479,"Subpopulation_1"
"NGS_H19_LOI_Rep2","Read_1032",0.984474290397961,"Subpopulation_1"
"NGS_H19_LOI_Rep2","Read_1033",0.976226470481158,"Subpopulation_1"
"NGS_H19_LOI_Rep2","Read_1034",0.981030200238583,"Subpopulation_1"
"NGS_H19_LOI_Rep2","Read_1035",0.982688576330923,"Subpopulation_1"
"NGS_H19_LOI_Rep2","Read_1036",0.979730920678365,"Subpopulation_1"
"NGS_H19_LOI_Rep2","Read_1037",0.979361205126856,"Subpopulation_1"
"NGS_H19_LOI_Rep2","Read_1038",0.971946350052817,"Subpopulation_1"
"NGS_H19_LOI_Rep2","Read_1039",0.983803194340072,"Subpopulation_1"
"NGS_H19_LOI_Rep2","Read_1040",0.984540938651047,"Subpopulation_1"
"NGS_H19_LOI_Rep2","Read_1041",0.976372904278616,"Subpopulation_1"
"NGS_H19_LOI_Rep2","Read_1042",0.978582483473095,"Subpopulation_1"
"NGS_H19_LOI_Rep2","Read_1043",0.983044018708858,"Subpopulation_1"
"NGS_H19_LOI_Rep2","Read_1044",0.979842022405044,"Subpopulation_1"
"NGS_H19_LOI_Rep2","Read_1045",0.973624827393988,"Subpopulation_1"
"NGS_H19_LOI_Rep2","Read_1046",0.977659461789609,"Subpopulation_1"
"NGS_H19_LOI_Rep2","Read_1047",0.972295390748244,"Subpopulation_1"
"NGS_H19_LOI_Rep2","Read_1048",0.978777955183594,"Subpopulation_1"
"NGS_H19_LOI_Rep2","Read_1049",0.979619886250324,"Subpopulation_1"
"NGS_H19_LOI_Rep2","Read_1050",0.984442067039398,"Subpopulation_1"
"NGS_H19_LOI_Rep2","Read_1051",0.978735695190578,"Subpopulation_1"
"NGS_H19_LOI_Rep2","Read_1052",0.977730017037067,"Subpopulation_1"
"NGS_H19_LOI_Rep2","Read_1053",0.982043383711658,"Subpopulation_1"
"NGS_H19_LOI_Rep2","Read_1054",0.981987997903623,"Subpopulation_1"
"NGS_H19_LOI_Rep2","Read_1055",0.983580725694206,"Subpopulation_1"
"NGS_H19_LOI_Rep2","Read_1056",0.985389808780942,"Subpopulation_1"
"NGS_H19_LOI_Rep2","Read_1057",0.978919505621483,"Subpopulation_1"
"NGS_H19_LOI_Rep2","Read_1058",0.976226873169078,"Subpopulation_1"
"NGS_H19_LOI_Rep2","Read_1059",0.981728647384347,"Subpopulation_1"
"NGS_H19_LOI_Rep2","Read_1060",0.975165374794797,"Subpopulation_1"
"NGS_H19_LOI_Rep2","Read_1061",0.980687582434023,"Subpopulation_1"
"NGS_H19_LOI_Rep2","Read_1062",0.984912679819938,"Subpopulation_1"
"NGS_H19_LOI_Rep2","Read_1063",0.98135741441649,"Subpopulation_1"
"NGS_H19_LOI_Rep2","Read_1064",0.981948128324923,"Subpopulation_1"
"NGS_H19_LOI_Rep2","Read_1065",0.978197925028077,"Subpopulation_1"
"NGS_H19_LOI_Rep2","Read_1066",0.981859629073759,"Subpopulation_1"
"NGS_H19_LOI_Rep2","Read_1067",0.975055542774249,"Subpopulation_1"
"NGS_H19_LOI_Rep2","Read_1068",0.985845689923866,"Subpopulation_1"
"NGS_H19_LOI_Rep2","Read_1069",0.979164202362635,"Subpopulation_1"
"NGS_H19_LOI_Rep2","Read_1070",0.98768501570511,"Subpopulation_1"
"NGS_H19_LOI_Rep2","Read_1071",0.973820763546746,"Subpopulation_1"
"NGS_H19_LOI_Rep2","Read_1072",0.981777845023181,"Subpopulation_1"
"NGS_H19_LOI_Rep2","Read_1073",0.980000361147685,"Subpopulation_1"
"NGS_H19_LOI_Rep2","Read_1074",0.976510854418935,"Subpopulation_1"
"NGS_H19_LOI_Rep2","Read_1075",0.981911919001385,"Subpopulation_1"
"NGS_H19_LOI_Rep2","Read_1076",0.980975747534192,"Subpopulation_1"
"NGS_H19_LOI_Rep2","Read_1077",0.987416121101015,"Subpopulation_1"
"NGS_H19_LOI_Rep2","Read_1078",0.975529277087924,"Subpopulation_1"
"NGS_H19_LOI_Rep2","Read_1079",0.979930901127279,"Subpopulation_1"
"NGS_H19_LOI_Rep2","Read_1080",0.975154306454465,"Subpopulation_1"
"NGS_H19_LOI_Rep2","Read_1081",0.973531675789797,"Subpopulation_1"
"NGS_H19_LOI_Rep2","Read_1082",0.983565383554306,"Subpopulation_1"
"NGS_H19_LOI_Rep2","Read_1083",0.982153514877265,"Subpopulation_1"
"NGS_H19_LOI_Rep2","Read_1084",0.977469961822747,"Subpopulation_1"
"NGS_H19_LOI_Rep2","Read_1085",0.982569291534893,"Subpopulation_1"
"NGS_H19_LOI_Rep2","Read_1086",0.981112150568875,"Subpopulation_1"
"NGS_H19_LOI_Rep2","Read_1087",0.98078564993929,"Subpopulation_1"
"NGS_H19_LOI_Rep2","Read_1088",0.976886844919605,"Subpopulation_1"
"NGS_H19_LOI_Rep2","Read_1089",0.978250031092464,"Subpopulation_1"
"NGS_H19_LOI_Rep2","Read_1090",0.978161977258342,"Subpopulation_1"
"NGS_H19_LOI_Rep2","Read_1091",0.985818176268658,"Subpopulation_1"
"NGS_H19_LOI_Rep2","Read_1092",0.985665781224223,"Subpopulation_1"
"NGS_H19_LOI_Rep2","Read_1093",0.987995783864963,"Subpopulation_1"
"NGS_H19_LOI_Rep2","Read_1094",0.984144047648643,"Subpopulation_1"
"NGS_H19_LOI_Rep2","Read_1095",0.980509407305594,"Subpopulation_1"
"NGS_H19_LOI_Rep2","Read_1096",0.983119825809987,"Subpopulation_1"
"NGS_H19_LOI_Rep2","Read_1097",0.97388792283861,"Subpopulation_1"
"NGS_H19_LOI_Rep2","Read_1098",0.969063625852575,"Subpopulation_1"
"NGS_H19_LOI_Rep2","Read_1099",0.97777489373938,"Subpopulation_1"
"NGS_H19_LOI_Rep2","Read_1100",0.984048364570144,"Subpopulation_1"
"NGS_H19_LOI_Rep2","Read_1101",0.980905972047347,"Subpopulation_1"
"NGS_H19_LOI_Rep2","Read_1102",0.974331481331559,"Subpopulation_1"
"NGS_H19_LOI_Rep2","Read_1103",0.982082483708162,"Subpopulation_1"
"NGS_H19_LOI_Rep2","Read_1104",0.98398509412627,"Subpopulation_1"
"NGS_H19_LOI_Rep2","Read_1105",0.982542080426071,"Subpopulation_1"
"NGS_H19_LOI_Rep2","Read_1106",0.983894294218803,"Subpopulation_1"
"NGS_H19_LOI_Rep2","Read_1107",0.979715438406074,"Subpopulation_1"
"NGS_H19_LOI_Rep2","Read_1108",0.974387687144893,"Subpopulation_1"
"NGS_H19_LOI_Rep2","Read_1109",0.988297568076425,"Subpopulation_1"
"NGS_H19_LOI_Rep2","Read_1110",0.982658437954958,"Subpopulation_1"
"NGS_H19_LOI_Rep2","Read_1111",0.978200732294214,"Subpopulation_1"
"NGS_H19_LOI_Rep2","Read_1112",0.979969405641332,"Subpopulation_1"
"NGS_H19_LOI_Rep2","Read_1113",0.984844693301478,"Subpopulation_1"
"NGS_H19_LOI_Rep2","Read_1114",0.982229967359845,"Subpopulation_1"
"NGS_H19_LOI_Rep2","Read_1115",0.975128303690094,"Subpopulation_1"
"NGS_H19_LOI_Rep2","Read_1116",0.980543961983644,"Subpopulation_1"
"NGS_H19_LOI_Rep2","Read_1117",0.983219714326091,"Subpopulation_1"
"NGS_H19_LOI_Rep2","Read_1118",0.980181254984558,"Subpopulation_1"
"NGS_H19_LOI_Rep2","Read_1119",0.977123728497139,"Subpopulation_1"
"NGS_H19_LOI_Rep2","Read_1120",0.976435736607275,"Subpopulation_1"
"NGS_H19_LOI_Rep2","Read_1121",0.985899710802012,"Subpopulation_1"
"NGS_H19_LOI_Rep2","Read_1122",0.978493599889533,"Subpopulation_1"
"NGS_H19_LOI_Rep2","Read_1123",0.97611091404513,"Subpopulation_1"
"NGS_H19_LOI_Rep2","Read_1124",0.980237738241701,"Subpopulation_1"
"NGS_H19_LOI_Rep2","Read_1125",0.979917561103999,"Subpopulation_1"
"NGS_H19_LOI_Rep2","Read_1126",0.978260664666201,"Subpopulation_1"
"NGS_H19_LOI_Rep2","Read_1127",0.982034222116379,"Subpopulation_1"
"NGS_H19_LOI_Rep2","Read_1128",0.983115422309994,"Subpopulation_1"
"NGS_H19_LOI_Rep2","Read_1129",0.975748051147296,"Subpopulation_1"
"NGS_H19_LOI_Rep2","Read_1130",0.98140229453528,"Subpopulation_1"
"NGS_H19_LOI_Rep2","Read_1131",0.982216410120005,"Subpopulation_1"
"NGS_H19_LOI_Rep2","Read_1132",0.986942036944306,"Subpopulation_1"
"NGS_H19_LOI_Rep2","Read_1133",0.980000773228601,"Subpopulation_1"
"NGS_H19_LOI_Rep2","Read_1134",0.975924605015631,"Subpopulation_1"
"NGS_H19_LOI_Rep2","Read_1135",0.983346968352091,"Subpopulation_1"
"NGS_H19_LOI_Rep2","Read_1136",0.980175670915684,"Subpopulation_1"
"NGS_H19_LOI_Rep2","Read_1137",0.975786956866218,"Subpopulation_1"
"NGS_H19_LOI_Rep2","Read_1138",0.981152600526273,"Subpopulation_1"
"NGS_H19_LOI_Rep2","Read_1139",0.984798759871201,"Subpopulation_1"
"NGS_H19_LOI_Rep2","Read_1140",0.98027127518623,"Subpopulation_1"
"NGS_H19_LOI_Rep2","Read_1141",0.982499936436625,"Subpopulation_1"
"NGS_H19_LOI_Rep2","Read_1142",0.990388562911743,"Subpopulation_1"
"NGS_H19_LOI_Rep2","Read_1143",0.980832691761392,"Subpopulation_1"
"NGS_H19_LOI_Rep2","Read_1144",0.986965323595398,"Subpopulation_1"
"NGS_H19_LOI_Rep2","Read_1145",0.981711389526814,"Subpopulation_1"
"NGS_H19_LOI_Rep2","Read_1146",0.978192266472566,"Subpopulation_1"
"NGS_H19_LOI_Rep2","Read_1147",0.981180917616662,"Subpopulation_1"
"NGS_H19_LOI_Rep2","Read_1148",0.972416674696256,"Subpopulation_1"
"NGS_H19_LOI_Rep2","Read_1149",0.98341081729796,"Subpopulation_1"
"NGS_H19_LOI_Rep2","Read_1150",0.985710618314133,"Subpopulation_1"
"NGS_H19_LOI_Rep2","Read_1151",0.984125731954267,"Subpopulation_1"
"NGS_H19_LOI_Rep2","Read_1152",0.981053189384465,"Subpopulation_1"
"NGS_H19_LOI_Rep2","Read_1153",0.985659937090834,"Subpopulation_1"
"NGS_H19_LOI_Rep2","Read_1154",0.978657784504993,"Subpopulation_1"
"NGS_H19_LOI_Rep2","Read_1155",0.982715747162788,"Subpopulation_1"
"NGS_H19_LOI_Rep2","Read_1156",0.985543140260803,"Subpopulation_1"
"NGS_H19_LOI_Rep2","Read_1157",0.985949016002508,"Subpopulation_1"
"NGS_H19_LOI_Rep2","Read_1158",0.98110547956116,"Subpopulation_1"
"NGS_H19_LOI_Rep2","Read_1159",0.976894442116099,"Subpopulation_1"
"NGS_H19_LOI_Rep2","Read_1160",0.980459643977385,"Subpopulation_1"
"NGS_H19_LOI_Rep2","Read_1161",0.979686630419507,"Subpopulation_1"
"NGS_H19_LOI_Rep2","Read_1162",0.972729054890138,"Subpopulation_1"
"NGS_H19_LOI_Rep2","Read_1163",0.982649303057543,"Subpopulation_1"
"NGS_H19_LOI_Rep2","Read_1164",0.984991022782197,"Subpopulation_1"
"NGS_H19_LOI_Rep2","Read_1165",0.979371069014797,"Subpopulation_1"
"NGS_H19_LOI_Rep2","Read_1166",0.986398381559682,"Subpopulation_1"
"NGS_H19_LOI_Rep2","Read_1167",0.9824969778051,"Subpopulation_1"
"NGS_H19_LOI_Rep2","Read_1168",0.978031840844846,"Subpopulation_1"
"NGS_H19_LOI_Rep2","Read_1169",0.98358402917781,"Subpopulation_1"
"NGS_H19_LOI_Rep2","Read_1170",0.988805096047681,"Subpopulation_1"
"NGS_H19_LOI_Rep2","Read_1171",0.983296300186446,"Subpopulation_1"
"NGS_H19_LOI_Rep2","Read_1172",0.975409695785479,"Subpopulation_1"
"NGS_H19_LOI_Rep2","Read_1173",0.977190758370467,"Subpopulation_1"
"NGS_H19_LOI_Rep2","Read_1174",0.980626050348471,"Subpopulation_1"
"NGS_H19_LOI_Rep2","Read_1175",0.976601008602996,"Subpopulation_1"
"NGS_H19_LOI_Rep2","Read_1176",0.98171592652892,"Subpopulation_1"
"NGS_H19_LOI_Rep2","Read_1177",0.981682202161323,"Subpopulation_1"
"NGS_H19_LOI_Rep2","Read_1178",0.973125903734259,"Subpopulation_1"
"NGS_H19_LOI_Rep2","Read_1179",0.982468017587096,"Subpopulation_1"
"NGS_H19_LOI_Rep2","Read_1180",0.983250872948965,"Subpopulation_1"
"NGS_H19_LOI_Rep2","Read_1181",0.982300773479022,"Subpopulation_1"
"NGS_H19_LOI_Rep2","Read_1182",0.976659951215489,"Subpopulation_1"
"NGS_H19_LOI_Rep2","Read_1183",0.976165042058954,"Subpopulation_1"
"NGS_H19_LOI_Rep2","Read_1184",0.978098100748839,"Subpopulation_1"
"NGS_H19_LOI_Rep2","Read_1185",0.981447657571888,"Subpopulation_1"
"NGS_H19_LOI_Rep2","Read_1186",0.982465590426911,"Subpopulation_1"
"NGS_H19_LOI_Rep2","Read_1187",0.983250223918246,"Subpopulation_1"
"NGS_H19_LOI_Rep2","Read_1188",0.9802687809093,"Subpopulation_1"
"NGS_H19_LOI_Rep2","Read_1189",0.979606311695316,"Subpopulation_1"
"NGS_H19_LOI_Rep2","Read_1190",0.978133756835054,"Subpopulation_1"
"NGS_H19_LOI_Rep2","Read_1191",0.983759496359116,"Subpopulation_1"
"NGS_H19_LOI_Rep2","Read_1192",0.983878755147864,"Subpopulation_1"
"NGS_H19_LOI_Rep2","Read_1193",0.98490202876297,"Subpopulation_1"
"NGS_H19_LOI_Rep2","Read_1194",0.979724744119819,"Subpopulation_1"
"NGS_H19_LOI_Rep2","Read_1195",0.978922927694543,"Subpopulation_1"
"NGS_H19_LOI_Rep2","Read_1196",0.982479775636942,"Subpopulation_1"
"NGS_H19_LOI_Rep2","Read_1197",0.985509415728559,"Subpopulation_1"
"NGS_H19_LOI_Rep2","Read_1198",0.975971930810787,"Subpopulation_1"
"NGS_H19_LOI_Rep2","Read_1199",0.965197486393865,"Subpopulation_1"
"NGS_H19_LOI_Rep2","Read_1200",0.980524242959465,"Subpopulation_1"
"NGS_H19_LOI_Rep2","Read_1201",0.977633181610256,"Subpopulation_1"
"NGS_H19_LOI_Rep2","Read_1202",0.981216015367415,"Subpopulation_1"
"NGS_H19_LOI_Rep2","Read_1203",0.983229268294014,"Subpopulation_1"
"NGS_H19_LOI_Rep2","Read_1204",0.967180022637022,"Subpopulation_1"
"NGS_H19_LOI_Rep2","Read_1205",0.980135233351157,"Subpopulation_1"
"NGS_H19_LOI_Rep2","Read_1206",0.975435538030979,"Subpopulation_1"
"NGS_H19_LOI_Rep2","Read_1207",0.97977750318503,"Subpopulation_1"
"NGS_H19_LOI_Rep2","Read_1208",0.977294472017765,"Subpopulation_1"
"NGS_H19_LOI_Rep2","Read_1209",0.980652532582542,"Subpopulation_1"
"NGS_H19_LOI_Rep2","Read_1210",0.982721677431466,"Subpopulation_1"
"NGS_H19_LOI_Rep2","Read_1211",0.983559806168941,"Subpopulation_1"
"NGS_H19_LOI_Rep2","Read_1212",0.980572220824025,"Subpopulation_1"
"NGS_H19_LOI_Rep2","Read_1213",0.975697797432334,"Subpopulation_1"
"NGS_H19_LOI_Rep2","Read_1214",0.974680814072813,"Subpopulation_1"
"NGS_H19_LOI_Rep2","Read_1215",0.986064810306077,"Subpopulation_1"
"NGS_H19_LOI_Rep2","Read_1216",0.974054753922163,"Subpopulation_1"
"NGS_H19_LOI_Rep2","Read_1217",0.973024247853088,"Subpopulation_1"
"NGS_H19_LOI_Rep2","Read_1218",0.974581390281767,"Subpopulation_1"
"NGS_H19_LOI_Rep2","Read_1219",0.989654548583687,"Subpopulation_1"
"NGS_H19_LOI_Rep2","Read_1220",0.97551173626788,"Subpopulation_1"
"NGS_H19_LOI_Rep2","Read_1221",0.979503036545797,"Subpopulation_1"
"NGS_H19_LOI_Rep2","Read_1222",0.976425062103079,"Subpopulation_1"
"NGS_H19_LOI_Rep2","Read_1223",0.984305509037475,"Subpopulation_1"
"NGS_H19_LOI_Rep2","Read_1224",0.981593658523961,"Subpopulation_1"
"NGS_H19_LOI_Rep2","Read_1225",0.976504979817361,"Subpopulation_1"
"NGS_H19_LOI_Rep2","Read_1226",0.973067781819346,"Subpopulation_1"
"NGS_H19_LOI_Rep2","Read_1227",0.977173975525144,"Subpopulation_1"
"NGS_H19_LOI_Rep2","Read_1228",0.981772298222803,"Subpopulation_1"
"NGS_H19_LOI_Rep2","Read_1229",0.979298345182771,"Subpopulation_1"
"NGS_H19_LOI_Rep2","Read_1230",0.982155328968302,"Subpopulation_1"
"NGS_H19_LOI_Rep2","Read_1231",0.98771597480319,"Subpopulation_1"
"NGS_H19_LOI_Rep2","Read_1232",0.983298565193275,"Subpopulation_1"
"NGS_H19_LOI_Rep2","Read_1233",0.971598407021634,"Subpopulation_1"
"NGS_H19_LOI_Rep2","Read_1234",0.968913460528909,"Subpopulation_1"
"NGS_H19_LOI_Rep2","Read_1235",0.980824469658523,"Subpopulation_1"
"NGS_H19_LOI_Rep2","Read_1236",0.985476769037242,"Subpopulation_1"
"NGS_H19_LOI_Rep2","Read_1237",0.981146811984226,"Subpopulation_1"
"NGS_H19_LOI_Rep2","Read_1238",0.985775107163044,"Subpopulation_1"
"NGS_H19_LOI_Rep2","Read_1239",0.981977249390505,"Subpopulation_1"
"NGS_H19_LOI_Rep2","Read_1240",0.974976725961829,"Subpopulation_1"
"NGS_H19_LOI_Rep2","Read_1241",0.974127730819538,"Subpopulation_1"
"NGS_H19_LOI_Rep2","Read_1242",0.972462597333762,"Subpopulation_1"
"NGS_H19_LOI_Rep2","Read_1243",0.984874207395203,"Subpopulation_1"
"NGS_H19_LOI_Rep2","Read_1244",0.982264687852834,"Subpopulation_1"
"NGS_H19_LOI_Rep2","Read_1245",0.981015618528925,"Subpopulation_1"
"NGS_H19_LOI_Rep2","Read_1246",0.973167231864171,"Subpopulation_1"
"NGS_H19_LOI_Rep2","Read_1247",0.979853535575244,"Subpopulation_1"
"NGS_H19_LOI_Rep2","Read_1248",0.981349108249798,"Subpopulation_1"
"NGS_H19_LOI_Rep2","Read_1249",0.976998226382197,"Subpopulation_1"
"NGS_H19_LOI_Rep2","Read_1250",0.979206713017616,"Subpopulation_1"
"NGS_H19_LOI_Rep2","Read_1251",0.979466705256114,"Subpopulation_1"
"NGS_H19_LOI_Rep2","Read_1252",0.980483559302011,"Subpopulation_1"
"NGS_H19_LOI_Rep2","Read_1253",0.98009891532434,"Subpopulation_1"
"NGS_H19_LOI_Rep2","Read_1254",0.987174160335023,"Subpopulation_1"
"NGS_H19_LOI_Rep2","Read_1255",0.980012063917384,"Subpopulation_1"
"NGS_H19_LOI_Rep2","Read_1256",0.980924757305101,"Subpopulation_1"
"NGS_H19_LOI_Rep2","Read_1257",0.977507492496815,"Subpopulation_1"
"NGS_H19_LOI_Rep2","Read_1258",0.984331265392849,"Subpopulation_1"
"NGS_H19_LOI_Rep2","Read_1259",0.978281866988769,"Subpopulation_1"
"NGS_H19_LOI_Rep2","Read_1260",0.98621864861314,"Subpopulation_1"
"NGS_H19_LOI_Rep2","Read_1261",0.979461058167812,"Subpopulation_1"
"NGS_H19_LOI_Rep2","Read_1262",0.982886780550721,"Subpopulation_1"
"NGS_H19_LOI_Rep2","Read_1263",0.988136147704942,"Subpopulation_1"
"NGS_H19_LOI_Rep2","Read_1264",0.971611857036869,"Subpopulation_1"
"NGS_H19_LOI_Rep2","Read_1265",0.98045049778407,"Subpopulation_1"
"NGS_H19_LOI_Rep2","Read_1266",0.982171615742066,"Subpopulation_1"
"NGS_H19_LOI_Rep2","Read_1267",0.980092651179798,"Subpopulation_1"
"NGS_H19_LOI_Rep2","Read_1268",0.977484162746242,"Subpopulation_1"
"NGS_H19_LOI_Rep2","Read_1269",0.977013030696377,"Subpopulation_1"
"NGS_H19_LOI_Rep2","Read_1270",0.972911530358964,"Subpopulation_1"
"NGS_H19_LOI_Rep2","Read_1271",0.979402570517114,"Subpopulation_1"
"NGS_H19_LOI_Rep2","Read_1272",0.982233987532421,"Subpopulation_1"
"NGS_H19_LOI_Rep2","Read_1273",0.985679318245015,"Subpopulation_1"
"NGS_H19_LOI_Rep2","Read_1274",0.982129141912003,"Subpopulation_1"
"NGS_H19_LOI_Rep2","Read_1275",0.977394866108644,"Subpopulation_1"
"NGS_H19_LOI_Rep2","Read_1276",0.983838736027295,"Subpopulation_1"
"NGS_H19_LOI_Rep2","Read_1277",0.976532564263691,"Subpopulation_1"
"NGS_H19_LOI_Rep2","Read_1278",0.979215922620663,"Subpopulation_1"
"NGS_H19_LOI_Rep2","Read_1279",0.976075909664449,"Subpopulation_1"
"NGS_H19_LOI_Rep2","Read_1280",0.983818865913361,"Subpopulation_1"
"NGS_H19_LOI_Rep2","Read_1281",0.983612025491168,"Subpopulation_1"
"NGS_H19_LOI_Rep2","Read_1282",0.967823860992813,"Subpopulation_1"
"NGS_H19_LOI_Rep2","Read_1283",0.986758900117158,"Subpopulation_1"
"NGS_H19_LOI_Rep2","Read_1284",0.982099193141807,"Subpopulation_1"
"NGS_H19_LOI_Rep2","Read_1285",0.984048913062646,"Subpopulation_1"
"NGS_H19_LOI_Rep2","Read_1286",0.985496600126398,"Subpopulation_1"
"NGS_H19_LOI_Rep2","Read_1287",0.980088695671667,"Subpopulation_1"
"NGS_H19_LOI_Rep2","Read_1288",0.978713900050164,"Subpopulation_1"
"NGS_H19_LOI_Rep2","Read_1289",0.968056303075946,"Subpopulation_1"
"NGS_H19_LOI_Rep2","Read_1290",0.984281316513952,"Subpopulation_1"
"NGS_H19_LOI_Rep2","Read_1291",0.980491272240122,"Subpopulation_1"
"NGS_H19_LOI_Rep2","Read_1292",0.983630381595123,"Subpopulation_1"
"NGS_H19_LOI_Rep2","Read_1293",0.984674853172924,"Subpopulation_1"
"NGS_H19_LOI_Rep2","Read_1294",0.98089315713517,"Subpopulation_1"
"NGS_H19_LOI_Rep2","Read_1295",0.984313318831419,"Subpopulation_1"
"NGS_H19_LOI_Rep2","Read_1296",0.978520506673355,"Subpopulation_1"
"NGS_H19_LOI_Rep2","Read_1297",0.975906038480566,"Subpopulation_1"
"NGS_H19_LOI_Rep2","Read_1298",0.979649252922743,"Subpopulation_1"
"NGS_H19_LOI_Rep2","Read_1299",0.972354349687349,"Subpopulation_1"
"NGS_H19_LOI_Rep2","Read_1300",0.982084261448629,"Subpopulation_1"
"NGS_H19_LOI_Rep2","Read_1301",0.981929137826043,"Subpopulation_1"
"NGS_H19_LOI_Rep2","Read_1302",0.987174876429853,"Subpopulation_1"
"NGS_H19_LOI_Rep2","Read_1303",0.983278288187287,"Subpopulation_1"
"NGS_H19_LOI_Rep2","Read_1304",0.982280901234004,"Subpopulation_1"
"NGS_H19_LOI_Rep2","Read_1305",0.98318866441099,"Subpopulation_1"
"NGS_H19_LOI_Rep2","Read_1306",0.980840242398264,"Subpopulation_1"
"NGS_H19_LOI_Rep2","Read_1307",0.981279584680857,"Subpopulation_1"
"NGS_H19_LOI_Rep2","Read_1308",0.980823174737333,"Subpopulation_1"
"NGS_H19_LOI_Rep2","Read_1309",0.978346944974081,"Subpopulation_1"
"NGS_H19_LOI_Rep2","Read_1310",0.972619649146207,"Subpopulation_1"
"NGS_H19_LOI_Rep2","Read_1311",0.982259712532298,"Subpopulation_1"
"NGS_H19_LOI_Rep2","Read_1312",0.974351455616816,"Subpopulation_1"
"NGS_H19_LOI_Rep2","Read_1313",0.975248114242155,"Subpopulation_1"
"NGS_H19_LOI_Rep2","Read_1314",0.980179436084319,"Subpopulation_1"
"NGS_H19_LOI_Rep2","Read_1315",0.981589204891887,"Subpopulation_1"
"NGS_H19_LOI_Rep2","Read_1316",0.982383524175335,"Subpopulation_1"
"NGS_H19_LOI_Rep2","Read_1317",0.971990987471498,"Subpopulation_1"
"NGS_H19_LOI_Rep2","Read_1318",0.977439142408273,"Subpopulation_1"
"NGS_H19_LOI_Rep2","Read_1319",0.976878507267857,"Subpopulation_1"
"NGS_H19_LOI_Rep2","Read_1320",0.982079736516199,"Subpopulation_1"
"NGS_H19_LOI_Rep2","Read_1321",0.977462939382195,"Subpopulation_1"
"NGS_H19_LOI_Rep2","Read_1322",0.980209671975836,"Subpopulation_1"
"NGS_H19_LOI_Rep2","Read_1323",0.98150390082315,"Subpopulation_1"
"NGS_H19_LOI_Rep2","Read_1324",0.985611717697206,"Subpopulation_1"
"NGS_H19_LOI_Rep2","Read_1325",0.980663409561554,"Subpopulation_1"
"NGS_H19_LOI_Rep2","Read_1326",0.976699290767115,"Subpopulation_1"
"NGS_H19_LOI_Rep2","Read_1327",0.980060086668468,"Subpopulation_1"
"NGS_H19_LOI_Rep2","Read_1328",0.980926625931088,"Subpopulation_1"
"NGS_H19_LOI_Rep2","Read_1329",0.986340861524089,"Subpopulation_1"
"NGS_H19_LOI_Rep2","Read_1330",0.976506772351977,"Subpopulation_1"
"NGS_H19_LOI_Rep2","Read_1331",0.985148130789748,"Subpopulation_1"
"NGS_H19_LOI_Rep2","Read_1332",0.974996003317084,"Subpopulation_1"
"NGS_H19_LOI_Rep2","Read_1333",0.979873633699611,"Subpopulation_1"
"NGS_H19_LOI_Rep2","Read_1334",0.975143236048338,"Subpopulation_1"
"NGS_H19_LOI_Rep2","Read_1335",0.988349896088256,"Subpopulation_1"
"NGS_H19_LOI_Rep2","Read_1336",0.985529575561295,"Subpopulation_1"
"NGS_H19_LOI_Rep2","Read_1337",0.976900710406396,"Subpopulation_1"
"NGS_H19_LOI_Rep2","Read_1338",0.971229306031332,"Subpopulation_1"
"NGS_H19_LOI_Rep2","Read_1339",0.965838826453544,"Subpopulation_1"
"NGS_H19_LOI_Rep2","Read_1340",0.985016372170358,"Subpopulation_1"
"NGS_H19_LOI_Rep2","Read_1341",0.982595672571366,"Subpopulation_1"
"NGS_H19_LOI_Rep2","Read_1342",0.986463691026088,"Subpopulation_1"
"NGS_H19_LOI_Rep2","Read_1343",0.977207572853679,"Subpopulation_1"
"NGS_H19_LOI_Rep2","Read_1344",0.976487825875463,"Subpopulation_1"
"NGS_H19_LOI_Rep2","Read_1345",0.971115017301383,"Subpopulation_1"
"NGS_H19_LOI_Rep2","Read_1346",0.983969375764921,"Subpopulation_1"
"NGS_H19_LOI_Rep2","Read_1347",0.978059556436265,"Subpopulation_1"
"NGS_H19_LOI_Rep2","Read_1348",0.982318882708408,"Subpopulation_1"
"NGS_H19_LOI_Rep2","Read_1349",0.985771634295527,"Subpopulation_1"
"NGS_H19_LOI_Rep2","Read_1350",0.991089728827311,"Subpopulation_1"
"NGS_H19_LOI_Rep2","Read_1351",0.980931027439842,"Subpopulation_1"
"NGS_H19_LOI_Rep2","Read_1352",0.980191866570446,"Subpopulation_1"
"NGS_H19_LOI_Rep2","Read_1353",0.974989916491323,"Subpopulation_1"
"NGS_H19_LOI_Rep2","Read_1354",0.976177893825315,"Subpopulation_1"
"NGS_H19_LOI_Rep2","Read_1355",0.983529984194291,"Subpopulation_1"
"NGS_H19_LOI_Rep2","Read_1356",0.978753732395427,"Subpopulation_1"
"NGS_H19_LOI_Rep2","Read_1357",0.980779649066744,"Subpopulation_1"
"NGS_H19_LOI_Rep2","Read_1358",0.978421693639612,"Subpopulation_1"
"NGS_H19_LOI_Rep2","Read_1359",0.982634430309486,"Subpopulation_1"
"NGS_H19_LOI_Rep2","Read_1360",0.973061468317169,"Subpopulation_1"
"NGS_H19_LOI_Rep2","Read_1361",0.977581516773949,"Subpopulation_1"
"NGS_H19_LOI_Rep2","Read_1362",0.983100899181768,"Subpopulation_1"
"NGS_H19_LOI_Rep2","Read_1363",0.982094194658763,"Subpopulation_1"
"NGS_H19_LOI_Rep2","Read_1364",0.977209486480177,"Subpopulation_1"
"NGS_H19_LOI_Rep2","Read_1365",0.969912492510592,"Subpopulation_1"
"NGS_H19_LOI_Rep2","Read_1366",0.975330293693005,"Subpopulation_1"
"NGS_H19_LOI_Rep2","Read_1367",0.984179667204164,"Subpopulation_1"
"NGS_H19_LOI_Rep2","Read_1368",0.986271910128222,"Subpopulation_1"
"NGS_H19_LOI_Rep2","Read_1369",0.985718412822776,"Subpopulation_1"
"NGS_H19_LOI_Rep2","Read_1370",0.978709325663253,"Subpopulation_1"
"NGS_H19_LOI_Rep2","Read_1371",0.980752441874868,"Subpopulation_1"
"NGS_H19_LOI_Rep2","Read_1372",0.978708627789314,"Subpopulation_1"
"NGS_H19_LOI_Rep2","Read_1373",0.987356814674308,"Subpopulation_1"
"NGS_H19_LOI_Rep2","Read_1374",0.988040278664435,"Subpopulation_1"
"NGS_H19_LOI_Rep2","Read_1375",0.981232120988403,"Subpopulation_1"
"NGS_H19_LOI_Rep2","Read_1376",0.965122532586593,"Subpopulation_1"
"NGS_H19_LOI_Rep2","Read_1377",0.98072987844795,"Subpopulation_1"
"NGS_H19_LOI_Rep2","Read_1378",0.982233548736778,"Subpopulation_1"
"NGS_H19_LOI_Rep2","Read_1379",0.979189533753545,"Subpopulation_1"
"NGS_H19_LOI_Rep2","Read_1380",0.978455529884915,"Subpopulation_1"
"NGS_H19_LOI_Rep2","Read_1381",0.979361115181083,"Subpopulation_1"
"NGS_H19_LOI_Rep2","Read_1382",0.986534099833255,"Subpopulation_1"
"NGS_H19_LOI_Rep2","Read_1383",0.976101819960562,"Subpopulation_1"
"NGS_H19_LOI_Rep2","Read_1384",0.971559401825064,"Subpopulation_1"
"NGS_H19_LOI_Rep2","Read_1385",0.97105430059918,"Subpopulation_1"
"NGS_H19_LOI_Rep2","Read_1386",0.97800096261481,"Subpopulation_1"
"NGS_H19_LOI_Rep2","Read_1387",0.983941852997484,"Subpopulation_1"
"NGS_H19_LOI_Rep2","Read_1388",0.981949945745695,"Subpopulation_1"
"NGS_H19_LOI_Rep2","Read_1389",0.987647993905171,"Subpopulation_1"
"NGS_H19_LOI_Rep2","Read_1390",0.973748008439262,"Subpopulation_1"
"NGS_H19_LOI_Rep2","Read_1391",0.979042055296396,"Subpopulation_1"
"NGS_H19_LOI_Rep2","Read_1392",0.978415267059458,"Subpopulation_1"
"NGS_H19_LOI_Rep2","Read_1393",0.976668622961192,"Subpopulation_1"
"NGS_H19_LOI_Rep2","Read_1394",0.977859550177101,"Subpopulation_1"
"NGS_H19_LOI_Rep2","Read_1395",0.978631298351394,"Subpopulation_1"
"NGS_H19_LOI_Rep2","Read_1396",0.985644035740469,"Subpopulation_1"
"NGS_H19_LOI_Rep2","Read_1397",0.971433509147776,"Subpopulation_1"
"NGS_H19_LOI_Rep2","Read_1398",0.975063580893429,"Subpopulation_1"
"NGS_H19_LOI_Rep2","Read_1399",0.985429954857207,"Subpopulation_1"
"NGS_H19_LOI_Rep2","Read_1400",0.979914534892669,"Subpopulation_1"
"NGS_H19_LOI_Rep2","Read_1401",0.976626336548668,"Subpopulation_1"
"NGS_H19_LOI_Rep2","Read_1402",0.975731486613318,"Subpopulation_1"
"NGS_H19_LOI_Rep2","Read_1403",0.983360720191362,"Subpopulation_1"
"NGS_H19_LOI_Rep2","Read_1404",0.97907938296118,"Subpopulation_1"
"NGS_H19_LOI_Rep2","Read_1405",0.976411869366413,"Subpopulation_1"
"NGS_H19_LOI_Rep2","Read_1406",0.969833605806426,"Subpopulation_1"
"NGS_H19_LOI_Rep2","Read_1407",0.982303133926955,"Subpopulation_1"
"NGS_H19_LOI_Rep2","Read_1408",0.979280960115841,"Subpopulation_1"
"NGS_H19_LOI_Rep2","Read_1409",0.98434112640643,"Subpopulation_1"
"NGS_H19_LOI_Rep2","Read_1410",0.982708127747957,"Subpopulation_1"
"NGS_H19_LOI_Rep2","Read_1411",0.984957441686966,"Subpopulation_1"
"NGS_H19_LOI_Rep2","Read_1412",0.978915593038259,"Subpopulation_1"
"NGS_H19_LOI_Rep2","Read_1413",0.984946599956726,"Subpopulation_1"
"NGS_H19_LOI_Rep2","Read_1414",0.982375767841089,"Subpopulation_1"
"NGS_H19_LOI_Rep2","Read_1415",0.981742677061187,"Subpopulation_1"
"NGS_H19_LOI_Rep2","Read_1416",0.983098398843357,"Subpopulation_1"
"NGS_H19_LOI_Rep2","Read_1417",0.981203484719764,"Subpopulation_1"
"NGS_H19_LOI_Rep2","Read_1418",0.980932424346232,"Subpopulation_1"
"NGS_H19_LOI_Rep2","Read_1419",0.98433424869475,"Subpopulation_1"
"NGS_H19_LOI_Rep2","Read_1420",0.986117655759804,"Subpopulation_1"
"NGS_H19_LOI_Rep2","Read_1421",0.98149173007815,"Subpopulation_1"
"NGS_H19_LOI_Rep2","Read_1422",0.979619356736009,"Subpopulation_1"
"NGS_H19_LOI_Rep2","Read_1423",0.975995476434928,"Subpopulation_1"
"NGS_H19_LOI_Rep2","Read_1424",0.984517592575213,"Subpopulation_1"
"NGS_H19_LOI_Rep2","Read_1425",0.976254115416402,"Subpopulation_1"
"NGS_H19_LOI_Rep2","Read_1426",0.979725403132531,"Subpopulation_1"
"NGS_H19_LOI_Rep2","Read_1427",0.977822192998012,"Subpopulation_1"
"NGS_H19_LOI_Rep2","Read_1428",0.986571112882091,"Subpopulation_1"
"NGS_H19_LOI_Rep2","Read_1429",0.982259290317025,"Subpopulation_1"
"NGS_H19_LOI_Rep2","Read_1430",0.983554314770343,"Subpopulation_1"
"NGS_H19_LOI_Rep2","Read_1431",0.974566727928785,"Subpopulation_1"
"NGS_H19_LOI_Rep2","Read_1432",0.98333389398626,"Subpopulation_1"
"NGS_H19_LOI_Rep2","Read_1433",0.979402788199383,"Subpopulation_1"
"NGS_H19_LOI_Rep2","Read_1434",0.97756621802632,"Subpopulation_1"
"NGS_H19_LOI_Rep2","Read_1435",0.978990482436859,"Subpopulation_1"
"NGS_H19_LOI_Rep2","Read_1436",0.976960578925333,"Subpopulation_1"
"NGS_H19_LOI_Rep2","Read_1437",0.983976184263926,"Subpopulation_1"
"NGS_H19_LOI_Rep2","Read_1438",0.983455784278246,"Subpopulation_1"
"NGS_H19_LOI_Rep2","Read_1439",0.974267017939277,"Subpopulation_1"
"NGS_H19_LOI_Rep2","Read_1440",0.976339012213658,"Subpopulation_1"
"NGS_H19_LOI_Rep2","Read_1441",0.9807700033293,"Subpopulation_1"
"NGS_H19_LOI_Rep2","Read_1442",0.979106059968737,"Subpopulation_1"
"NGS_H19_LOI_Rep2","Read_1443",0.984732653224384,"Subpopulation_1"
"NGS_H19_LOI_Rep2","Read_1444",0.981011890504523,"Subpopulation_1"
"NGS_H19_LOI_Rep2","Read_1445",0.983240128762684,"Subpopulation_1"
"NGS_H19_LOI_Rep2","Read_1446",0.97983614100436,"Subpopulation_1"
"NGS_H19_LOI_Rep2","Read_1447",0.973797332982984,"Subpopulation_1"
"NGS_H19_LOI_Rep2","Read_1448",0.984820097644956,"Subpopulation_1"
"NGS_H19_LOI_Rep2","Read_1449",0.984187082483338,"Subpopulation_1"
"NGS_H19_LOI_Rep2","Read_1450",0.986988933420269,"Subpopulation_1"
"NGS_H19_LOI_Rep2","Read_1451",0.983994723374577,"Subpopulation_1"
"NGS_H19_LOI_Rep2","Read_1452",0.980732620749824,"Subpopulation_1"
"NGS_H19_LOI_Rep2","Read_1453",0.981041181292917,"Subpopulation_1"
"NGS_H19_LOI_Rep2","Read_1454",0.982203232726596,"Subpopulation_1"
"NGS_H19_LOI_Rep2","Read_1455",0.978657682648872,"Subpopulation_1"
"NGS_H19_LOI_Rep2","Read_1456",0.988270071500457,"Subpopulation_1"
"NGS_H19_LOI_Rep2","Read_1457",0.977821642340693,"Subpopulation_1"
"NGS_H19_LOI_Rep2","Read_1458",0.98178442705802,"Subpopulation_1"
"NGS_H19_LOI_Rep2","Read_1459",0.976397389012079,"Subpopulation_1"
"NGS_H19_LOI_Rep2","Read_1460",0.981824437980941,"Subpopulation_1"
"NGS_H19_LOI_Rep2","Read_1461",0.9828688181773,"Subpopulation_1"
"NGS_H19_LOI_Rep2","Read_1462",0.98121446424162,"Subpopulation_1"
"NGS_H19_LOI_Rep2","Read_1463",0.987079288270198,"Subpopulation_1"
"NGS_H19_LOI_Rep2","Read_1464",0.986587576843338,"Subpopulation_1"
"NGS_H19_LOI_Rep2","Read_1465",0.981214916632714,"Subpopulation_1"
"NGS_H19_LOI_Rep2","Read_1466",0.981103098853514,"Subpopulation_1"
"NGS_H19_LOI_Rep2","Read_1467",0.972363954732312,"Subpopulation_1"
"NGS_H19_LOI_Rep2","Read_1468",0.977076505457032,"Subpopulation_1"
"NGS_H19_LOI_Rep2","Read_1469",0.974061155863926,"Subpopulation_1"
"NGS_H19_LOI_Rep2","Read_1470",0.981580815408283,"Subpopulation_1"
"NGS_H19_LOI_Rep2","Read_1471",0.979501255683573,"Subpopulation_1"
"NGS_H19_LOI_Rep2","Read_1472",0.975076623712008,"Subpopulation_1"
"NGS_H19_LOI_Rep2","Read_1473",0.977670697032244,"Subpopulation_1"
"NGS_H19_LOI_Rep2","Read_1474",0.979913809246631,"Subpopulation_1"
"NGS_H19_LOI_Rep2","Read_1475",0.971943850745267,"Subpopulation_1"
"NGS_H19_LOI_Rep2","Read_1476",0.981853750827098,"Subpopulation_1"
"NGS_H19_LOI_Rep2","Read_1477",0.97794010238731,"Subpopulation_1"
"NGS_H19_LOI_Rep2","Read_1478",0.974571888435447,"Subpopulation_1"
"NGS_H19_LOI_Rep2","Read_1479",0.98040316052191,"Subpopulation_1"
"NGS_H19_LOI_Rep2","Read_1480",0.98391208318259,"Subpopulation_1"
"NGS_H19_LOI_Rep2","Read_1481",0.970182291391309,"Subpopulation_1"
"NGS_H19_LOI_Rep2","Read_1482",0.983435324004102,"Subpopulation_1"
"NGS_H19_LOI_Rep2","Read_1483",0.968504489724182,"Subpopulation_1"
"NGS_H19_LOI_Rep2","Read_1484",0.982223660155513,"Subpopulation_1"
"NGS_H19_LOI_Rep2","Read_1485",0.976116978590933,"Subpopulation_1"
"NGS_H19_LOI_Rep2","Read_1486",0.974938006829143,"Subpopulation_1"
"NGS_H19_LOI_Rep2","Read_1487",0.972310011716568,"Subpopulation_1"
"NGS_H19_LOI_Rep2","Read_1488",0.988435124539791,"Subpopulation_1"
"NGS_H19_LOI_Rep2","Read_1489",0.977997622012957,"Subpopulation_1"
"NGS_H19_LOI_Rep2","Read_1490",0.971977555058519,"Subpopulation_1"
"NGS_H19_LOI_Rep2","Read_1491",0.981061629811588,"Subpopulation_1"
"NGS_H19_LOI_Rep2","Read_1492",0.972719802823995,"Subpopulation_1"
"NGS_H19_LOI_Rep2","Read_1493",0.973081464650282,"Subpopulation_1"
"NGS_H19_LOI_Rep2","Read_1494",0.9768685502734,"Subpopulation_1"
"NGS_H19_LOI_Rep2","Read_1495",0.972454549826784,"Subpopulation_1"
"NGS_H19_LOI_Rep2","Read_1496",0.975868096815921,"Subpopulation_1"
"NGS_H19_LOI_Rep2","Read_1497",0.978272227690655,"Subpopulation_1"
"NGS_H19_LOI_Rep2","Read_1498",0.985769719021177,"Subpopulation_1"
"NGS_H19_LOI_Rep2","Read_1499",0.988695343901329,"Subpopulation_1"
"NGS_H19_LOI_Rep2","Read_1500",0.979215350914778,"Subpopulation_1"
"NGS_H19_LOI_Rep2","Read_1501",0.976198386664077,"Subpopulation_1"
"NGS_H19_LOI_Rep2","Read_1502",0.982567071457856,"Subpopulation_1"
"NGS_H19_LOI_Rep2","Read_1503",0.970484480549565,"Subpopulation_1"
"NGS_H19_LOI_Rep2","Read_1504",0.984859276202287,"Subpopulation_1"
"NGS_H19_LOI_Rep2","Read_1505",0.980466357109239,"Subpopulation_1"
"NGS_H19_LOI_Rep2","Read_1506",0.981315831421155,"Subpopulation_1"
"NGS_H19_LOI_Rep2","Read_1507",0.980311780634875,"Subpopulation_1"
"NGS_H19_LOI_Rep2","Read_1508",0.985138919510247,"Subpopulation_1"
"NGS_H19_LOI_Rep2","Read_1509",0.978911697715977,"Subpopulation_1"
"NGS_H19_LOI_Rep2","Read_1510",0.983383407029497,"Subpopulation_1"
"NGS_H19_LOI_Rep2","Read_1511",0.98046646373518,"Subpopulation_1"
"NGS_H19_LOI_Rep2","Read_1512",0.983795834514974,"Subpopulation_1"
"NGS_H19_LOI_Rep2","Read_1513",0.974791871454197,"Subpopulation_1"
"NGS_H19_LOI_Rep2","Read_1514",0.986432414364797,"Subpopulation_1"
"NGS_H19_LOI_Rep2","Read_1515",0.977501998793321,"Subpopulation_1"
"NGS_H19_LOI_Rep2","Read_1516",0.973620063763768,"Subpopulation_1"
"NGS_H19_LOI_Rep2","Read_1517",0.98393890758275,"Subpopulation_1"
"NGS_H19_LOI_Rep2","Read_1518",0.973659999808264,"Subpopulation_1"
"NGS_H19_LOI_Rep2","Read_1519",0.982530828371983,"Subpopulation_1"
"NGS_H19_LOI_Rep2","Read_1520",0.980204017192614,"Subpopulation_1"
"NGS_H19_LOI_Rep2","Read_1521",0.981727178182117,"Subpopulation_1"
"NGS_H19_LOI_Rep2","Read_1522",0.978347837273424,"Subpopulation_1"
"NGS_H19_LOI_Rep2","Read_1523",0.9807454566285,"Subpopulation_1"
"NGS_H19_LOI_Rep2","Read_1524",0.981987932057028,"Subpopulation_1"
"NGS_H19_LOI_Rep2","Read_1525",0.981819230589724,"Subpopulation_1"
"NGS_H19_LOI_Rep2","Read_1526",0.977237288719864,"Subpopulation_1"
"NGS_H19_LOI_Rep2","Read_1527",0.981249335148761,"Subpopulation_1"
"NGS_H19_LOI_Rep2","Read_1528",0.980722249509993,"Subpopulation_1"
"NGS_H19_LOI_Rep2","Read_1529",0.982081882327961,"Subpopulation_1"
"NGS_H19_LOI_Rep2","Read_1530",0.980981664094344,"Subpopulation_1"
"NGS_H19_LOI_Rep2","Read_1531",0.982605727984767,"Subpopulation_1"
"NGS_H19_LOI_Rep2","Read_1532",0.975391297876608,"Subpopulation_1"
"NGS_H19_LOI_Rep2","Read_1533",0.980801725338823,"Subpopulation_1"
"NGS_H19_LOI_Rep2","Read_1534",0.985168410501875,"Subpopulation_1"
"NGS_H19_LOI_Rep2","Read_1535",0.980011811630911,"Subpopulation_1"
"NGS_H19_LOI_Rep2","Read_1536",0.982137270059161,"Subpopulation_1"
"NGS_H19_LOI_Rep2","Read_1537",0.984636127377316,"Subpopulation_1"
"NGS_H19_LOI_Rep2","Read_1538",0.983207929013244,"Subpopulation_1"
"NGS_H19_LOI_Rep2","Read_1539",0.975371608420286,"Subpopulation_1"
"NGS_H19_LOI_Rep2","Read_1540",0.981366169584195,"Subpopulation_1"
"NGS_H19_LOI_Rep2","Read_1541",0.977646650746348,"Subpopulation_1"
"NGS_H19_LOI_Rep2","Read_1542",0.986013531375445,"Subpopulation_1"
"NGS_H19_LOI_Rep2","Read_1543",0.982394917450277,"Subpopulation_1"
"NGS_H19_LOI_Rep2","Read_1544",0.978497563716346,"Subpopulation_1"
"NGS_H19_LOI_Rep2","Read_1545",0.97905669069583,"Subpopulation_1"
"NGS_H19_LOI_Rep2","Read_1546",0.982361862217109,"Subpopulation_1"
"NGS_H19_LOI_Rep2","Read_1547",0.983614238104349,"Subpopulation_1"
"NGS_H19_LOI_Rep2","Read_1548",0.977942768079513,"Subpopulation_1"
"NGS_H19_LOI_Rep2","Read_1549",0.985338230004731,"Subpopulation_1"
"NGS_H19_LOI_Rep2","Read_1550",0.98029620697304,"Subpopulation_1"
"NGS_H19_LOI_Rep2","Read_1551",0.984508513591445,"Subpopulation_1"
"NGS_H19_LOI_Rep2","Read_1552",0.98153206025616,"Subpopulation_1"
"NGS_H19_LOI_Rep2","Read_1553",0.984653199480775,"Subpopulation_1"
"NGS_H19_LOI_Rep2","Read_1554",0.97248047106202,"Subpopulation_1"
"NGS_H19_LOI_Rep2","Read_1555",0.977640696502955,"Subpopulation_1"
"NGS_H19_LOI_Rep2","Read_1556",0.978654990539314,"Subpopulation_1"
"NGS_H19_LOI_Rep2","Read_1557",0.975775965772695,"Subpopulation_1"
"NGS_H19_LOI_Rep2","Read_1558",0.982791376011012,"Subpopulation_1"
"NGS_H19_LOI_Rep2","Read_1559",0.977171232764338,"Subpopulation_1"
"NGS_H19_LOI_Rep2","Read_1560",0.975292903926051,"Subpopulation_1"
"NGS_H19_LOI_Rep2","Read_1561",0.975651670434404,"Subpopulation_1"
"NGS_H19_LOI_Rep2","Read_1562",0.985166714014379,"Subpopulation_1"
"NGS_H19_LOI_Rep2","Read_1563",0.980605562016862,"Subpopulation_1"
"NGS_H19_LOI_Rep2","Read_1564",0.978863700876365,"Subpopulation_1"
"NGS_H19_LOI_Rep2","Read_1565",0.972082811379798,"Subpopulation_1"
"NGS_H19_LOI_Rep2","Read_1566",0.985156946981893,"Subpopulation_1"
"NGS_H19_LOI_Rep2","Read_1567",0.977284147650185,"Subpopulation_1"
"NGS_H19_LOI_Rep2","Read_1568",0.97967881333004,"Subpopulation_1"
"NGS_H19_LOI_Rep2","Read_1569",0.97695783244645,"Subpopulation_1"
"NGS_H19_LOI_Rep2","Read_1570",0.985620872628572,"Subpopulation_1"
"NGS_H19_LOI_Rep2","Read_1571",0.972394863207099,"Subpopulation_1"
"NGS_H19_LOI_Rep2","Read_1572",0.978642275595311,"Subpopulation_1"
"NGS_H19_LOI_Rep2","Read_1573",0.978723631976829,"Subpopulation_1"
"NGS_H19_LOI_Rep2","Read_1574",0.980960258323065,"Subpopulation_1"
"NGS_H19_LOI_Rep2","Read_1575",0.980438103574989,"Subpopulation_1"
"NGS_H19_LOI_Rep2","Read_1576",0.979328270687522,"Subpopulation_1"
"NGS_H19_LOI_Rep2","Read_1577",0.986819042424982,"Subpopulation_1"
"NGS_H19_LOI_Rep2","Read_1578",0.973922893931864,"Subpopulation_1"
"NGS_H19_LOI_Rep2","Read_1579",0.981124341040502,"Subpopulation_1"
"NGS_H19_LOI_Rep2","Read_1580",0.976515785511288,"Subpopulation_1"
"NGS_H19_LOI_Rep2","Read_1581",0.984166792305413,"Subpopulation_1"
"NGS_H19_LOI_Rep2","Read_1582",0.974931422646516,"Subpopulation_1"
"NGS_H19_LOI_Rep2","Read_1583",0.967088709247596,"Subpopulation_1"
"NGS_H19_LOI_Rep2","Read_1584",0.984193161481601,"Subpopulation_1"
"NGS_H19_LOI_Rep2","Read_1585",0.970622130940917,"Subpopulation_1"
"NGS_H19_LOI_Rep2","Read_1586",0.985049141446157,"Subpopulation_1"
"NGS_H19_LOI_Rep2","Read_1587",0.979296464470027,"Subpopulation_1"
"NGS_H19_LOI_Rep2","Read_1588",0.982132957852191,"Subpopulation_1"
"NGS_H19_LOI_Rep2","Read_1589",0.977770811180042,"Subpopulation_1"
"NGS_H19_LOI_Rep2","Read_1590",0.982939539865177,"Subpopulation_1"
"NGS_H19_LOI_Rep2","Read_1591",0.985211625210369,"Subpopulation_1"
"NGS_H19_LOI_Rep2","Read_1592",0.977637962195975,"Subpopulation_1"
"NGS_H19_LOI_Rep2","Read_1593",0.984105724131749,"Subpopulation_1"
"NGS_H19_LOI_Rep2","Read_1594",0.981454813240567,"Subpopulation_1"
"NGS_H19_LOI_Rep2","Read_1595",0.98129715054114,"Subpopulation_1"
"NGS_H19_LOI_Rep2","Read_1596",0.984188131100952,"Subpopulation_1"
"NGS_H19_LOI_Rep2","Read_1597",0.978539079499086,"Subpopulation_1"
"NGS_H19_LOI_Rep2","Read_1598",0.977076444138601,"Subpopulation_1"
"NGS_H19_LOI_Rep2","Read_1599",0.981133068057708,"Subpopulation_1"
"NGS_H19_LOI_Rep2","Read_1600",0.968099814698069,"Subpopulation_1"
"NGS_H19_LOI_Rep2","Read_1601",0.986508293350031,"Subpopulation_1"
"NGS_H19_LOI_Rep2","Read_1602",0.982868357399943,"Subpopulation_1"
"NGS_H19_LOI_Rep2","Read_1603",0.98331212851963,"Subpopulation_1"
"NGS_H19_LOI_Rep2","Read_1604",0.970929168912764,"Subpopulation_1"
"NGS_H19_LOI_Rep2","Read_1605",0.984186627091765,"Subpopulation_1"
"NGS_H19_LOI_Rep2","Read_1606",0.974404135204431,"Subpopulation_1"
"NGS_H19_LOI_Rep2","Read_1607",0.976097429579725,"Subpopulation_1"
"NGS_H19_LOI_Rep2","Read_1608",0.982220043991314,"Subpopulation_1"
"NGS_H19_LOI_Rep2","Read_1609",0.980023516833351,"Subpopulation_1"
"NGS_H19_LOI_Rep2","Read_1610",0.973028961331469,"Subpopulation_1"
"NGS_H19_LOI_Rep2","Read_1611",0.971604650871449,"Subpopulation_1"
"NGS_H19_LOI_Rep2","Read_1612",0.975646413719298,"Subpopulation_1"
"NGS_H19_LOI_Rep2","Read_1613",0.983123183252761,"Subpopulation_1"
"NGS_H19_LOI_Rep2","Read_1614",0.986531160352863,"Subpopulation_1"
"NGS_H19_LOI_Rep2","Read_1615",0.976138529327955,"Subpopulation_1"
"NGS_H19_LOI_Rep2","Read_1616",0.977966879703526,"Subpopulation_1"
"NGS_H19_LOI_Rep2","Read_1617",0.981699644725039,"Subpopulation_1"
"NGS_H19_LOI_Rep2","Read_1618",0.978964835658255,"Subpopulation_1"
"NGS_H19_LOI_Rep2","Read_1619",0.975477039737079,"Subpopulation_1"
"NGS_H19_LOI_Rep2","Read_1620",0.98422400742114,"Subpopulation_1"
"NGS_H19_LOI_Rep2","Read_1621",0.98196681854008,"Subpopulation_1"
"NGS_H19_LOI_Rep2","Read_1622",0.972910122521434,"Subpopulation_1"
"NGS_H19_LOI_Rep2","Read_1623",0.979020912167053,"Subpopulation_1"
"NGS_H19_LOI_Rep2","Read_1624",0.980739305364685,"Subpopulation_1"
"NGS_H19_LOI_Rep2","Read_1625",0.975245590251266,"Subpopulation_1"
"NGS_H19_LOI_Rep2","Read_1626",0.983554959294412,"Subpopulation_1"
"NGS_H19_LOI_Rep2","Read_1627",0.982555789682547,"Subpopulation_1"
"NGS_H19_LOI_Rep2","Read_1628",0.970037433182862,"Subpopulation_1"
"NGS_H19_LOI_Rep2","Read_1629",0.971214331362969,"Subpopulation_1"
"NGS_H19_LOI_Rep2","Read_1630",0.974127277865156,"Subpopulation_1"
"NGS_H19_LOI_Rep2","Read_1631",0.974162558326227,"Subpopulation_1"
"NGS_H19_LOI_Rep2","Read_1632",0.981693562292172,"Subpopulation_1"
"NGS_H19_LOI_Rep2","Read_1633",0.967304118032925,"Subpopulation_1"
"NGS_H19_LOI_Rep2","Read_1634",0.97549768804961,"Subpopulation_1"
"NGS_H19_LOI_Rep2","Read_1635",0.978597354808275,"Subpopulation_1"
"NGS_H19_LOI_Rep2","Read_1636",0.980356830332389,"Subpopulation_1"
"NGS_H19_LOI_Rep2","Read_1637",0.979599726436579,"Subpopulation_1"
"NGS_H19_LOI_Rep2","Read_1638",0.968909603468672,"Subpopulation_1"
"NGS_H19_LOI_Rep2","Read_1639",0.983782607238732,"Subpopulation_1"
"NGS_H19_LOI_Rep2","Read_1640",0.980826643667029,"Subpopulation_1"
"NGS_H19_LOI_Rep2","Read_1641",0.982986797120324,"Subpopulation_1"
"NGS_H19_LOI_Rep2","Read_1642",0.97271818567396,"Subpopulation_1"
"NGS_H19_LOI_Rep2","Read_1643",0.984074682951614,"Subpopulation_1"
"NGS_H19_LOI_Rep2","Read_1644",0.98823548677371,"Subpopulation_1"
"NGS_H19_LOI_Rep2","Read_1645",0.974655621957656,"Subpopulation_1"
"NGS_H19_LOI_Rep2","Read_1646",0.972611370828348,"Subpopulation_1"
"NGS_H19_LOI_Rep2","Read_1647",0.982594308821334,"Subpopulation_1"
"NGS_H19_LOI_Rep2","Read_1648",0.989081192934473,"Subpopulation_1"
"NGS_H19_LOI_Rep2","Read_1649",0.976496588580052,"Subpopulation_1"
"NGS_H19_LOI_Rep2","Read_1650",0.969207939680193,"Subpopulation_1"
"NGS_H19_LOI_Rep2","Read_1651",0.983026320724273,"Subpopulation_1"
"NGS_H19_LOI_Rep2","Read_1652",0.980952339499223,"Subpopulation_1"
"NGS_H19_LOI_Rep2","Read_1653",0.984695983675438,"Subpopulation_1"
"NGS_H19_LOI_Rep2","Read_1654",0.980286331352016,"Subpopulation_1"
"NGS_H19_LOI_Rep2","Read_1655",0.979426132796419,"Subpopulation_1"
"NGS_H19_LOI_Rep2","Read_1656",0.986098564787628,"Subpopulation_1"
"NGS_H19_LOI_Rep2","Read_1657",0.978537381615322,"Subpopulation_1"
"NGS_H19_LOI_Rep2","Read_1658",0.978738602861537,"Subpopulation_1"
"NGS_H19_LOI_Rep2","Read_1659",0.983950740043653,"Subpopulation_1"
"NGS_H19_LOI_Rep2","Read_1660",0.980304193966099,"Subpopulation_1"
"NGS_H19_LOI_Rep2","Read_1661",0.981939549390877,"Subpopulation_1"
"NGS_H19_LOI_Rep2","Read_1662",0.980865858128648,"Subpopulation_1"
"NGS_H19_LOI_Rep2","Read_1663",0.980782842653815,"Subpopulation_1"
"NGS_H19_LOI_Rep2","Read_1664",0.973944719579009,"Subpopulation_1"
"NGS_H19_LOI_Rep2","Read_1665",0.980329536955391,"Subpopulation_1"
"NGS_H19_LOI_Rep2","Read_1666",0.986758989441445,"Subpopulation_1"
"NGS_H19_LOI_Rep2","Read_1667",0.97372029002483,"Subpopulation_1"
"NGS_H19_LOI_Rep2","Read_1668",0.982436287735002,"Subpopulation_1"
"NGS_H19_LOI_Rep2","Read_1669",0.982050043341671,"Subpopulation_1"
"NGS_H19_LOI_Rep2","Read_1670",0.983972969337678,"Subpopulation_1"
"NGS_H19_LOI_Rep2","Read_1671",0.975355058255407,"Subpopulation_1"
"NGS_H19_LOI_Rep2","Read_1672",0.976952050411467,"Subpopulation_1"
"NGS_H19_LOI_Rep2","Read_1673",0.974032636259706,"Subpopulation_1"
"NGS_H19_LOI_Rep2","Read_1674",0.974107918780814,"Subpopulation_1"
"NGS_H19_LOI_Rep2","Read_1675",0.977276826689956,"Subpopulation_1"
"NGS_H19_LOI_Rep2","Read_1676",0.980667860274424,"Subpopulation_1"
"NGS_H19_LOI_Rep2","Read_1677",0.979949951166037,"Subpopulation_1"
"NGS_H19_LOI_Rep2","Read_1678",0.973979346415717,"Subpopulation_1"
"NGS_H19_LOI_Rep2","Read_1679",0.975218993968129,"Subpopulation_1"
"NGS_H19_LOI_Rep2","Read_1680",0.973083083382227,"Subpopulation_1"
"NGS_H19_LOI_Rep2","Read_1681",0.986121674728731,"Subpopulation_1"
"NGS_H19_LOI_Rep2","Read_1682",0.983621084634833,"Subpopulation_1"
"NGS_H19_LOI_Rep2","Read_1683",0.983821783043557,"Subpopulation_1"
"NGS_H19_LOI_Rep2","Read_1684",0.983752415804005,"Subpopulation_1"
"NGS_H19_LOI_Rep2","Read_1685",0.976842626912155,"Subpopulation_1"
"NGS_H19_LOI_Rep2","Read_1686",0.982794673677229,"Subpopulation_1"
"NGS_H19_LOI_Rep2","Read_1687",0.97855793310146,"Subpopulation_1"
"NGS_H19_LOI_Rep2","Read_1688",0.971774533726744,"Subpopulation_1"
"NGS_H19_LOI_Rep2","Read_1689",0.987341125577265,"Subpopulation_1"
"NGS_H19_LOI_Rep2","Read_1690",0.974810323742868,"Subpopulation_1"
"NGS_H19_LOI_Rep2","Read_1691",0.982383169151481,"Subpopulation_1"
"NGS_H19_LOI_Rep2","Read_1692",0.980711321413961,"Subpopulation_1"
"NGS_H19_LOI_Rep2","Read_1693",0.975938767366519,"Subpopulation_1"
"NGS_H19_LOI_Rep2","Read_1694",0.977660683476166,"Subpopulation_1"
"NGS_H19_LOI_Rep2","Read_1695",0.979611923998835,"Subpopulation_1"
"NGS_H19_LOI_Rep2","Read_1696",0.984768638919041,"Subpopulation_1"
"NGS_H19_LOI_Rep2","Read_1697",0.982876077707236,"Subpopulation_1"
"NGS_H19_LOI_Rep2","Read_1698",0.983304605170495,"Subpopulation_1"
"NGS_H19_LOI_Rep2","Read_1699",0.973378446046235,"Subpopulation_1"
"NGS_H19_LOI_Rep2","Read_1700",0.984797897332269,"Subpopulation_1"
"NGS_H19_LOI_Rep2","Read_1701",0.976568536730532,"Subpopulation_1"
"NGS_H19_LOI_Rep2","Read_1702",0.976915316291299,"Subpopulation_1"
"NGS_H19_LOI_Rep2","Read_1703",0.973636538889307,"Subpopulation_1"
"NGS_H19_LOI_Rep2","Read_1704",0.986381775304366,"Subpopulation_1"
"NGS_H19_LOI_Rep2","Read_1705",0.979159921401006,"Subpopulation_1"
"NGS_H19_LOI_Rep2","Read_1706",0.978478910431819,"Subpopulation_1"
"NGS_H19_LOI_Rep2","Read_1707",0.983849485625559,"Subpopulation_1"
"NGS_H19_LOI_Rep2","Read_1708",0.977707110374983,"Subpopulation_1"
"NGS_H19_LOI_Rep2","Read_1709",0.975941471610389,"Subpopulation_1"
"NGS_H19_LOI_Rep2","Read_1710",0.976656208068168,"Subpopulation_1"
"NGS_H19_LOI_Rep2","Read_1711",0.980141951821227,"Subpopulation_1"
"NGS_H19_LOI_Rep2","Read_1712",0.983015741434467,"Subpopulation_1"
"NGS_H19_LOI_Rep2","Read_1713",0.986526027177376,"Subpopulation_1"
"NGS_H19_LOI_Rep2","Read_1714",0.972336381984723,"Subpopulation_1"
"NGS_H19_LOI_Rep2","Read_1715",0.978746595091346,"Subpopulation_1"
"NGS_H19_LOI_Rep2","Read_1716",0.976016805723618,"Subpopulation_1"
"NGS_H19_LOI_Rep2","Read_1717",0.985961651936336,"Subpopulation_1"
"NGS_H19_LOI_Rep2","Read_1718",0.983046742083553,"Subpopulation_1"
"NGS_H19_LOI_Rep2","Read_1719",0.983590005854234,"Subpopulation_1"
"NGS_H19_LOI_Rep2","Read_1720",0.980582675511191,"Subpopulation_1"
"NGS_H19_LOI_Rep2","Read_1721",0.984005565345824,"Subpopulation_1"
"NGS_H19_LOI_Rep2","Read_1722",0.97736626990614,"Subpopulation_1"
"NGS_H19_LOI_Rep2","Read_1723",0.98091061082954,"Subpopulation_1"
"NGS_H19_LOI_Rep2","Read_1724",0.978815711548719,"Subpopulation_1"
"NGS_H19_LOI_Rep2","Read_1725",0.981572268467113,"Subpopulation_1"
"NGS_H19_LOI_Rep2","Read_1726",0.975954317702194,"Subpopulation_1"
"NGS_H19_LOI_Rep2","Read_1727",0.985742513378256,"Subpopulation_1"
"NGS_H19_LOI_Rep2","Read_1728",0.981556299494795,"Subpopulation_1"
"NGS_H19_LOI_Rep2","Read_1729",0.984209180128691,"Subpopulation_1"
"NGS_H19_LOI_Rep2","Read_1730",0.9639146331426,"Subpopulation_1"
"NGS_H19_LOI_Rep2","Read_1731",0.983151323255404,"Subpopulation_1"
"NGS_H19_LOI_Rep2","Read_1732",0.986227929586807,"Subpopulation_1"
"NGS_H19_LOI_Rep2","Read_1733",0.974049530529302,"Subpopulation_1"
"NGS_H19_LOI_Rep2","Read_1734",0.983836919167821,"Subpopulation_1"
"NGS_H19_LOI_Rep2","Read_1735",0.973141164231753,"Subpopulation_1"
"NGS_H19_LOI_Rep2","Read_1736",0.975299835587706,"Subpopulation_1"
"NGS_H19_LOI_Rep2","Read_1737",0.986603150304455,"Subpopulation_1"
"NGS_H19_LOI_Rep2","Read_1738",0.973431316061603,"Subpopulation_1"
"NGS_H19_LOI_Rep2","Read_1739",0.982123000392396,"Subpopulation_1"
"NGS_H19_LOI_Rep2","Read_1740",0.976881528597501,"Subpopulation_1"
"NGS_H19_LOI_Rep2","Read_1741",0.980855505595722,"Subpopulation_1"
"NGS_H19_LOI_Rep2","Read_1742",0.981822487650376,"Subpopulation_1"
"NGS_H19_LOI_Rep2","Read_1743",0.982726013721443,"Subpopulation_1"
"NGS_H19_LOI_Rep2","Read_1744",0.981340888463091,"Subpopulation_1"
"NGS_H19_LOI_Rep2","Read_1745",0.979925902196929,"Subpopulation_1"
"NGS_H19_LOI_Rep2","Read_1746",0.977774613089481,"Subpopulation_1"
"NGS_H19_LOI_Rep2","Read_1747",0.977678454697205,"Subpopulation_1"
"NGS_H19_LOI_Rep2","Read_1748",0.975897305049082,"Subpopulation_1"
"NGS_H19_LOI_Rep2","Read_1749",0.980637884527344,"Subpopulation_1"
"NGS_H19_LOI_Rep2","Read_1750",0.975331933617235,"Subpopulation_1"
"NGS_H19_LOI_Rep2","Read_1751",0.978377569162848,"Subpopulation_1"
"NGS_H19_LOI_Rep2","Read_1752",0.985585732665674,"Subpopulation_1"
"NGS_H19_LOI_Rep2","Read_1753",0.977926436866891,"Subpopulation_1"
"NGS_H19_LOI_Rep2","Read_1754",0.970749578430062,"Subpopulation_1"
"NGS_H19_LOI_Rep2","Read_1755",0.97594538288241,"Subpopulation_1"
"NGS_H19_LOI_Rep2","Read_1756",0.976882400320218,"Subpopulation_1"
"NGS_H19_LOI_Rep2","Read_1757",0.984891203374891,"Subpopulation_1"
"NGS_H19_LOI_Rep2","Read_1758",0.983124947127452,"Subpopulation_1"
"NGS_H19_LOI_Rep2","Read_1759",0.981523447330519,"Subpopulation_1"
"NGS_H19_LOI_Rep2","Read_1760",0.983577017484013,"Subpopulation_1"
"NGS_H19_LOI_Rep2","Read_1761",0.982418589185463,"Subpopulation_1"
"NGS_H19_LOI_Rep2","Read_1762",0.980892240955092,"Subpopulation_1"
"NGS_H19_LOI_Rep2","Read_1763",0.980126088204421,"Subpopulation_1"
"NGS_H19_LOI_Rep2","Read_1764",0.979924557550252,"Subpopulation_1"
"NGS_H19_LOI_Rep2","Read_1765",0.98002577727448,"Subpopulation_1"
"NGS_H19_LOI_Rep2","Read_1766",0.984326396544385,"Subpopulation_1"
"NGS_H19_LOI_Rep2","Read_1767",0.976103522582549,"Subpopulation_1"
"NGS_H19_LOI_Rep2","Read_1768",0.974667587312529,"Subpopulation_1"
"NGS_H19_LOI_Rep2","Read_1769",0.974621213215868,"Subpopulation_1"
"NGS_H19_LOI_Rep2","Read_1770",0.977313786545569,"Subpopulation_1"
"NGS_H19_LOI_Rep2","Read_1771",0.976582037929178,"Subpopulation_1"
"NGS_H19_LOI_Rep2","Read_1772",0.980396242193198,"Subpopulation_1"
"NGS_H19_LOI_Rep2","Read_1773",0.984116232199908,"Subpopulation_1"
"NGS_H19_LOI_Rep2","Read_1774",0.980481686987875,"Subpopulation_1"
"NGS_H19_LOI_Rep2","Read_1775",0.985582511199492,"Subpopulation_1"
"NGS_H19_LOI_Rep2","Read_1776",0.967449870303342,"Subpopulation_1"
"NGS_H19_LOI_Rep2","Read_1777",0.977930692519528,"Subpopulation_1"
"NGS_H19_LOI_Rep2","Read_1778",0.983270877479373,"Subpopulation_1"
"NGS_H19_LOI_Rep2","Read_1779",0.987743866324494,"Subpopulation_1"
"NGS_H19_LOI_Rep2","Read_1780",0.976059433368841,"Subpopulation_1"
"NGS_H19_LOI_Rep2","Read_1781",0.983113988082333,"Subpopulation_1"
"NGS_H19_LOI_Rep2","Read_1782",0.983951117799246,"Subpopulation_1"
"NGS_H19_LOI_Rep2","Read_1783",0.974797074487763,"Subpopulation_1"
"NGS_H19_LOI_Rep2","Read_1784",0.983445200950937,"Subpopulation_1"
"NGS_H19_LOI_Rep2","Read_1785",0.973317778483908,"Subpopulation_1"
"NGS_H19_LOI_Rep2","Read_1786",0.980428081417192,"Subpopulation_1"
"NGS_H19_LOI_Rep2","Read_1787",0.98473789120713,"Subpopulation_1"
"NGS_H19_LOI_Rep2","Read_1788",0.984853801996629,"Subpopulation_1"
"NGS_H19_LOI_Rep2","Read_1789",0.973313611591605,"Subpopulation_1"
"NGS_H19_LOI_Rep2","Read_1790",0.975418528262546,"Subpopulation_1"
"NGS_H19_LOI_Rep2","Read_1791",0.985641198439718,"Subpopulation_1"
"NGS_H19_LOI_Rep2","Read_1792",0.972484629522414,"Subpopulation_1"
"NGS_H19_LOI_Rep2","Read_1793",0.984357104084158,"Subpopulation_1"
"NGS_H19_LOI_Rep2","Read_1794",0.97697163352548,"Subpopulation_1"
"NGS_H19_LOI_Rep2","Read_1795",0.98390638764132,"Subpopulation_1"
"NGS_H19_LOI_Rep2","Read_1796",0.982278733786066,"Subpopulation_1"
"NGS_H19_LOI_Rep2","Read_1797",0.98113232850098,"Subpopulation_1"
"NGS_H19_LOI_Rep2","Read_1798",0.985473243586943,"Subpopulation_1"
"NGS_H19_LOI_Rep2","Read_1799",0.980409871415515,"Subpopulation_1"
"NGS_H19_LOI_Rep2","Read_1800",0.981464069855232,"Subpopulation_1"
"NGS_H19_LOI_Rep2","Read_1801",0.986446994845805,"Subpopulation_1"
"NGS_H19_LOI_Rep2","Read_1802",0.982785243457565,"Subpopulation_1"
"NGS_H19_LOI_Rep2","Read_1803",0.977060316044755,"Subpopulation_1"
"NGS_H19_LOI_Rep2","Read_1804",0.962704329780988,"Subpopulation_1"
"NGS_H19_LOI_Rep2","Read_1805",0.982919892128201,"Subpopulation_1"
"NGS_H19_LOI_Rep2","Read_1806",0.979982614993851,"Subpopulation_1"
"NGS_H19_LOI_Rep2","Read_1807",0.977016708497079,"Subpopulation_1"
"NGS_H19_LOI_Rep2","Read_1808",0.969686692405635,"Subpopulation_1"
"NGS_H19_LOI_Rep2","Read_1809",0.979653415428757,"Subpopulation_1"
"NGS_H19_LOI_Rep2","Read_1810",0.973891139987831,"Subpopulation_1"
"NGS_H19_LOI_Rep2","Read_1811",0.981659045216713,"Subpopulation_1"
"NGS_H19_LOI_Rep2","Read_1812",0.982230384584186,"Subpopulation_1"
"NGS_H19_LOI_Rep2","Read_1813",0.982760490792427,"Subpopulation_1"
"NGS_H19_LOI_Rep2","Read_1814",0.971867800202437,"Subpopulation_1"
"NGS_H19_LOI_Rep2","Read_1815",0.974185340055326,"Subpopulation_1"
"NGS_H19_LOI_Rep2","Read_1816",0.984635148031251,"Subpopulation_1"
"NGS_H19_LOI_Rep2","Read_1817",0.980546459621269,"Subpopulation_1"
"NGS_H19_LOI_Rep2","Read_1818",0.973346758748436,"Subpopulation_1"
"NGS_H19_LOI_Rep2","Read_1819",0.987089278222706,"Subpopulation_1"
"NGS_H19_LOI_Rep2","Read_1820",0.984346490990163,"Subpopulation_1"
"NGS_H19_LOI_Rep2","Read_1821",0.980839739662412,"Subpopulation_1"
"NGS_H19_LOI_Rep2","Read_1822",0.980973853364992,"Subpopulation_1"
"NGS_H19_LOI_Rep2","Read_1823",0.976463322472731,"Subpopulation_1"
"NGS_H19_LOI_Rep2","Read_1824",0.984457934581659,"Subpopulation_1"
"NGS_H19_LOI_Rep2","Read_1825",0.98216744887607,"Subpopulation_1"
"NGS_H19_LOI_Rep2","Read_1826",0.983139997349766,"Subpopulation_1"
"NGS_H19_LOI_Rep2","Read_1827",0.977191875435844,"Subpopulation_1"
"NGS_H19_LOI_Rep2","Read_1828",0.971285343350236,"Subpopulation_1"
"NGS_H19_LOI_Rep2","Read_1829",0.973822683560651,"Subpopulation_1"
"NGS_H19_LOI_Rep2","Read_1830",0.974988589702557,"Subpopulation_1"
"NGS_H19_LOI_Rep2","Read_1831",0.980640475538426,"Subpopulation_1"
"NGS_H19_LOI_Rep2","Read_1832",0.980724868481532,"Subpopulation_1"
"NGS_H19_LOI_Rep2","Read_1833",0.980941690947535,"Subpopulation_1"
"NGS_H19_LOI_Rep2","Read_1834",0.969135637011076,"Subpopulation_1"
"NGS_H19_LOI_Rep2","Read_1835",0.981311440945368,"Subpopulation_1"
"NGS_H19_LOI_Rep2","Read_1836",0.984369806895073,"Subpopulation_1"
"NGS_H19_LOI_Rep2","Read_1837",0.977609296483586,"Subpopulation_1"
"NGS_H19_LOI_Rep2","Read_1838",0.981017203902029,"Subpopulation_1"
"NGS_H19_LOI_Rep2","Read_1839",0.984981719226846,"Subpopulation_1"
"NGS_H19_LOI_Rep2","Read_1840",0.975001146353301,"Subpopulation_1"
"NGS_H19_LOI_Rep2","Read_1841",0.978351510312146,"Subpopulation_1"
"NGS_H19_LOI_Rep2","Read_1842",0.978600136041115,"Subpopulation_1"
"NGS_H19_LOI_Rep2","Read_1843",0.984996793249222,"Subpopulation_1"
"NGS_H19_LOI_Rep2","Read_1844",0.983894987465286,"Subpopulation_1"
"NGS_H19_LOI_Rep2","Read_1845",0.977566981637941,"Subpopulation_1"
"NGS_H19_LOI_Rep2","Read_1846",0.984607976887982,"Subpopulation_1"
"NGS_H19_LOI_Rep2","Read_1847",0.980262461761181,"Subpopulation_1"
"NGS_H19_LOI_Rep2","Read_1848",0.977487923026744,"Subpopulation_1"
"NGS_H19_LOI_Rep2","Read_1849",0.97967727218478,"Subpopulation_1"
"NGS_H19_LOI_Rep2","Read_1850",0.968645569771056,"Subpopulation_1"
"NGS_H19_LOI_Rep2","Read_1851",0.986890876721142,"Subpopulation_1"
"NGS_H19_LOI_Rep2","Read_1852",0.970344452540473,"Subpopulation_1"
"NGS_H19_LOI_Rep2","Read_1853",0.978851328526829,"Subpopulation_1"
"NGS_H19_LOI_Rep2","Read_1854",0.978339857408346,"Subpopulation_1"
"NGS_H19_LOI_Rep2","Read_1855",0.978679541029048,"Subpopulation_1"
"NGS_H19_LOI_Rep2","Read_1856",0.979677115336767,"Subpopulation_1"
"NGS_H19_LOI_Rep2","Read_1857",0.986809138282319,"Subpopulation_1"
"NGS_H19_LOI_Rep2","Read_1858",0.983415996395854,"Subpopulation_1"
"NGS_H19_LOI_Rep2","Read_1859",0.98264873179233,"Subpopulation_1"
"NGS_H19_LOI_Rep2","Read_1860",0.977627851784355,"Subpopulation_1"
"NGS_H19_LOI_Rep2","Read_1861",0.985079407463527,"Subpopulation_1"
"NGS_H19_LOI_Rep2","Read_1862",0.978399279889093,"Subpopulation_1"
"NGS_H19_LOI_Rep2","Read_1863",0.98091894600154,"Subpopulation_1"
"NGS_H19_LOI_Rep2","Read_1864",0.98386497864493,"Subpopulation_1"
"NGS_H19_LOI_Rep2","Read_1865",0.973683029221712,"Subpopulation_1"
"NGS_H19_LOI_Rep2","Read_1866",0.982512327764321,"Subpopulation_1"
"NGS_H19_LOI_Rep2","Read_1867",0.980295720784278,"Subpopulation_1"
"NGS_H19_LOI_Rep2","Read_1868",0.9827414494245,"Subpopulation_1"
"NGS_H19_LOI_Rep2","Read_1869",0.984494081395495,"Subpopulation_1"
"NGS_H19_LOI_Rep2","Read_1870",0.982959060746142,"Subpopulation_1"
"NGS_H19_LOI_Rep2","Read_1871",0.983524112894435,"Subpopulation_1"
"NGS_H19_LOI_Rep2","Read_1872",0.980366224697882,"Subpopulation_1"
"NGS_H19_LOI_Rep2","Read_1873",0.984122405937604,"Subpopulation_1"
"NGS_H19_LOI_Rep2","Read_1874",0.981565662485484,"Subpopulation_1"
"NGS_H19_LOI_Rep2","Read_1875",0.98234660668735,"Subpopulation_1"
"NGS_H19_LOI_Rep2","Read_1876",0.979018497331966,"Subpopulation_1"
"NGS_H19_LOI_Rep2","Read_1877",0.985585595665604,"Subpopulation_1"
"NGS_H19_LOI_Rep2","Read_1878",0.973181109395049,"Subpopulation_1"
"NGS_H19_LOI_Rep2","Read_1879",0.982149742039896,"Subpopulation_1"
"NGS_H19_LOI_Rep2","Read_1880",0.977607746794696,"Subpopulation_1"
"NGS_H19_LOI_Rep2","Read_1881",0.982667302827014,"Subpopulation_1"
"NGS_H19_LOI_Rep2","Read_1882",0.982581782322808,"Subpopulation_1"
"NGS_H19_LOI_Rep2","Read_1883",0.982585156485371,"Subpopulation_1"
"NGS_H19_LOI_Rep2","Read_1884",0.988650531109087,"Subpopulation_1"
"NGS_H19_LOI_Rep2","Read_1885",0.980416800500454,"Subpopulation_1"
"NGS_H19_LOI_Rep2","Read_1886",0.974116802514082,"Subpopulation_1"
"NGS_H19_LOI_Rep2","Read_1887",0.977521817573301,"Subpopulation_1"
"NGS_H19_LOI_Rep2","Read_1888",0.972813432132685,"Subpopulation_1"
"NGS_H19_LOI_Rep2","Read_1889",0.975271672778022,"Subpopulation_1"
"NGS_H19_LOI_Rep2","Read_1890",0.984690529741517,"Subpopulation_1"
"NGS_H19_LOI_Rep2","Read_1891",0.984101387486797,"Subpopulation_1"
"NGS_H19_LOI_Rep2","Read_1892",0.976143807603768,"Subpopulation_1"
"NGS_H19_LOI_Rep2","Read_1893",0.987391343663183,"Subpopulation_1"
"NGS_H19_LOI_Rep2","Read_1894",0.987436583095918,"Subpopulation_1"
"NGS_H19_LOI_Rep2","Read_1895",0.984178485000417,"Subpopulation_1"
"NGS_H19_LOI_Rep2","Read_1896",0.979616783703776,"Subpopulation_1"
"NGS_H19_LOI_Rep2","Read_1897",0.975699057546936,"Subpopulation_1"
"NGS_H19_LOI_Rep2","Read_1898",0.983121528224041,"Subpopulation_1"
"NGS_H19_LOI_Rep2","Read_1899",0.979643215203291,"Subpopulation_1"
"NGS_H19_LOI_Rep2","Read_1900",0.985821488643328,"Subpopulation_1"
"NGS_H19_LOI_Rep2","Read_1901",0.985627680624664,"Subpopulation_1"
"NGS_H19_LOI_Rep2","Read_1902",0.978734237701932,"Subpopulation_1"
"NGS_H19_LOI_Rep2","Read_1903",0.974406243160788,"Subpopulation_1"
"NGS_H19_LOI_Rep2","Read_1904",0.971342861227762,"Subpopulation_1"
"NGS_H19_LOI_Rep2","Read_1905",0.980444907614394,"Subpopulation_1"
"NGS_H19_LOI_Rep2","Read_1906",0.976476185014524,"Subpopulation_1"
"NGS_H19_LOI_Rep2","Read_1907",0.976898581033779,"Subpopulation_1"
"NGS_H19_LOI_Rep2","Read_1908",0.973190612066587,"Subpopulation_1"
"NGS_H19_LOI_Rep2","Read_1909",0.982503537583912,"Subpopulation_1"
"NGS_H19_LOI_Rep2","Read_1910",0.975392946587397,"Subpopulation_1"
"NGS_H19_LOI_Rep2","Read_1911",0.980136392805122,"Subpopulation_1"
"NGS_H19_LOI_Rep2","Read_1912",0.975681979986717,"Subpopulation_1"
"NGS_H19_LOI_Rep2","Read_1913",0.968006511260608,"Subpopulation_1"
"NGS_H19_LOI_Rep2","Read_1914",0.971894157871084,"Subpopulation_1"
"NGS_H19_LOI_Rep2","Read_1915",0.979410940125416,"Subpopulation_1"
"NGS_H19_LOI_Rep2","Read_1916",0.979471337782717,"Subpopulation_1"
"NGS_H19_LOI_Rep2","Read_1917",0.979750058969449,"Subpopulation_1"
"NGS_H19_LOI_Rep2","Read_1918",0.987620181584331,"Subpopulation_1"
"NGS_H19_LOI_Rep2","Read_1919",0.988432979878015,"Subpopulation_1"
"NGS_H19_LOI_Rep2","Read_1920",0.981995591557327,"Subpopulation_1"
"NGS_H19_LOI_Rep2","Read_1921",0.984543611711657,"Subpopulation_1"
"NGS_H19_LOI_Rep2","Read_1922",0.986708525885413,"Subpopulation_1"
"NGS_H19_LOI_Rep2","Read_1923",0.980742661659825,"Subpopulation_1"
"NGS_H19_LOI_Rep2","Read_1924",0.985860167298968,"Subpopulation_1"
"NGS_H19_LOI_Rep2","Read_1925",0.981876423880459,"Subpopulation_1"
"NGS_H19_LOI_Rep2","Read_1926",0.98712693385521,"Subpopulation_1"
"NGS_H19_LOI_Rep2","Read_1927",0.971309471005352,"Subpopulation_1"
"NGS_H19_LOI_Rep2","Read_1928",0.977258835859809,"Subpopulation_1"
"NGS_H19_LOI_Rep2","Read_1929",0.984168214513327,"Subpopulation_1"
"NGS_H19_LOI_Rep2","Read_1930",0.969704882429738,"Subpopulation_1"
"NGS_H19_LOI_Rep2","Read_1931",0.984347608061969,"Subpopulation_1"
"NGS_H19_LOI_Rep2","Read_1932",0.980469360732441,"Subpopulation_1"
"NGS_H19_LOI_Rep2","Read_1933",0.977183985752968,"Subpopulation_1"
"NGS_H19_LOI_Rep2","Read_1934",0.977757628613041,"Subpopulation_1"
"NGS_H19_LOI_Rep2","Read_1935",0.983703813282939,"Subpopulation_1"
"NGS_H19_LOI_Rep2","Read_1936",0.986056721159705,"Subpopulation_1"
"NGS_H19_LOI_Rep2","Read_1937",0.975614718379251,"Subpopulation_1"
"NGS_H19_LOI_Rep2","Read_1938",0.974534324176144,"Subpopulation_1"
"NGS_H19_LOI_Rep2","Read_1939",0.980918819262571,"Subpopulation_1"
"NGS_H19_LOI_Rep2","Read_1940",0.971461022875419,"Subpopulation_1"
"NGS_H19_LOI_Rep2","Read_1941",0.98005644055919,"Subpopulation_1"
"NGS_H19_LOI_Rep2","Read_1942",0.979472075083541,"Subpopulation_1"
"NGS_H19_LOI_Rep2","Read_1943",0.977673716365382,"Subpopulation_1"
"NGS_H19_LOI_Rep2","Read_1944",0.983133770489635,"Subpopulation_1"
"NGS_H19_LOI_Rep2","Read_1945",0.979318464114335,"Subpopulation_1"
"NGS_H19_LOI_Rep2","Read_1946",0.980284047528775,"Subpopulation_1"
"NGS_H19_LOI_Rep2","Read_1947",0.979693440317718,"Subpopulation_1"
"NGS_H19_LOI_Rep2","Read_1948",0.983511965675205,"Subpopulation_1"
"NGS_H19_LOI_Rep2","Read_1949",0.977009385238791,"Subpopulation_1"
"NGS_H19_LOI_Rep2","Read_1950",0.984734144031317,"Subpopulation_1"
"NGS_H19_LOI_Rep2","Read_1951",0.980611151102039,"Subpopulation_1"
"NGS_H19_LOI_Rep2","Read_1952",0.975398722901353,"Subpopulation_1"
"NGS_H19_LOI_Rep2","Read_1953",0.983110973413544,"Subpopulation_1"
"NGS_H19_LOI_Rep2","Read_1954",0.977882732951907,"Subpopulation_1"
"NGS_H19_LOI_Rep2","Read_1955",0.979950208091403,"Subpopulation_1"
"NGS_H19_LOI_Rep2","Read_1956",0.973105263882157,"Subpopulation_1"
"NGS_H19_LOI_Rep2","Read_1957",0.973594487199347,"Subpopulation_1"
"NGS_H19_LOI_Rep2","Read_1958",0.97752579443134,"Subpopulation_1"
"NGS_H19_LOI_Rep2","Read_1959",0.980632207857861,"Subpopulation_1"
"NGS_H19_LOI_Rep2","Read_1960",0.980732998736603,"Subpopulation_1"
"NGS_H19_LOI_Rep2","Read_1961",0.980101218267799,"Subpopulation_1"
"NGS_H19_LOI_Rep2","Read_1962",0.984484326548986,"Subpopulation_1"
"NGS_H19_LOI_Rep2","Read_1963",0.985457610555366,"Subpopulation_1"
"NGS_H19_LOI_Rep2","Read_1964",0.985555142072413,"Subpopulation_1"
"NGS_H19_LOI_Rep2","Read_1965",0.976532529972103,"Subpopulation_1"
"NGS_H19_LOI_Rep2","Read_1966",0.97507805375902,"Subpopulation_1"
"NGS_H19_LOI_Rep2","Read_1967",0.962307059473859,"Subpopulation_1"
"NGS_H19_LOI_Rep2","Read_1968",0.977109344824094,"Subpopulation_1"
"NGS_H19_LOI_Rep2","Read_1969",0.982179542184813,"Subpopulation_1"
"NGS_H19_LOI_Rep2","Read_1970",0.980612951662895,"Subpopulation_1"
"NGS_H19_LOI_Rep2","Read_1971",0.97111562385116,"Subpopulation_1"
"NGS_H19_LOI_Rep2","Read_1972",0.98441835885277,"Subpopulation_1"
"NGS_H19_LOI_Rep2","Read_1973",0.978577391203235,"Subpopulation_1"
"NGS_H19_LOI_Rep2","Read_1974",0.986195861457482,"Subpopulation_1"
"NGS_H19_LOI_Rep2","Read_1975",0.978619523618939,"Subpopulation_1"
"NGS_H19_LOI_Rep2","Read_1976",0.980284249784451,"Subpopulation_1"
"NGS_H19_LOI_Rep2","Read_1977",0.981489281224951,"Subpopulation_1"
"NGS_H19_LOI_Rep2","Read_1978",0.97947586484613,"Subpopulation_1"
"NGS_H19_LOI_Rep2","Read_1979",0.978917660676155,"Subpopulation_1"
"NGS_H19_LOI_Rep2","Read_1980",0.980808008671317,"Subpopulation_1"
"NGS_H19_LOI_Rep2","Read_1981",0.982049926415345,"Subpopulation_1"
"NGS_H19_LOI_Rep2","Read_1982",0.982698401237091,"Subpopulation_1"
"NGS_H19_LOI_Rep2","Read_1983",0.985363198423879,"Subpopulation_1"
"NGS_H19_LOI_Rep2","Read_1984",0.985578452319408,"Subpopulation_1"
"NGS_H19_LOI_Rep2","Read_1985",0.983197953084132,"Subpopulation_1"
"NGS_H19_LOI_Rep2","Read_1986",0.979512510196095,"Subpopulation_1"
"NGS_H19_LOI_Rep2","Read_1987",0.975030675137278,"Subpopulation_1"
"NGS_H19_LOI_Rep2","Read_1988",0.97773043838481,"Subpopulation_1"
"NGS_H19_LOI_Rep2","Read_1989",0.981531510834339,"Subpopulation_1"
"NGS_H19_LOI_Rep2","Read_1990",0.985323187942808,"Subpopulation_1"
"NGS_H19_LOI_Rep2","Read_1991",0.970333719842457,"Subpopulation_1"
"NGS_H19_LOI_Rep2","Read_1992",0.984915373998295,"Subpopulation_1"
"NGS_H19_LOI_Rep2","Read_1993",0.984794711584854,"Subpopulation_1"
"NGS_H19_LOI_Rep2","Read_1994",0.972230888333309,"Subpopulation_1"
"NGS_H19_LOI_Rep2","Read_1995",0.981477828843561,"Subpopulation_1"
"NGS_H19_LOI_Rep2","Read_1996",0.981180614755095,"Subpopulation_1"
"NGS_H19_LOI_Rep2","Read_1997",0.977614682837093,"Subpopulation_1"
"NGS_H19_LOI_Rep2","Read_1998",0.97975995164847,"Subpopulation_1"
"NGS_H19_LOI_Rep2","Read_1999",0.987400211873416,"Subpopulation_1"
"NGS_H19_LOI_Rep2","Read_2000",0.98162643869081,"Subpopulation_1"
"NGS_H19_LOI_Rep2","Read_2001",0.976949139145157,"Subpopulation_1"
"NGS_H19_LOI_Rep2","Read_2002",0.978031859891828,"Subpopulation_1"
"NGS_H19_LOI_Rep2","Read_2003",0.988209967976425,"Subpopulation_1"
"NGS_H19_LOI_Rep2","Read_2004",0.974991303450998,"Subpopulation_1"
"NGS_H19_LOI_Rep2","Read_2005",0.977788192261643,"Subpopulation_1"
"NGS_H19_LOI_Rep2","Read_2006",0.978564464829728,"Subpopulation_1"
"NGS_H19_LOI_Rep2","Read_2007",0.981247570470513,"Subpopulation_1"
"NGS_H19_LOI_Rep2","Read_2008",0.972447953698267,"Subpopulation_1"
"NGS_H19_LOI_Rep2","Read_2009",0.986286262465376,"Subpopulation_1"
"NGS_H19_LOI_Rep2","Read_2010",0.984465104395123,"Subpopulation_1"
"NGS_H19_LOI_Rep2","Read_2011",0.979833234407009,"Subpopulation_1"
"NGS_H19_LOI_Rep2","Read_2012",0.985317109192021,"Subpopulation_1"
"NGS_H19_LOI_Rep2","Read_2013",0.979508298598777,"Subpopulation_1"
"NGS_H19_LOI_Rep2","Read_2014",0.981361344104585,"Subpopulation_1"
"NGS_H19_LOI_Rep2","Read_2015",0.976515245713083,"Subpopulation_1"
"NGS_H19_LOI_Rep2","Read_2016",0.978225947648354,"Subpopulation_1"
"NGS_H19_LOI_Rep2","Read_2017",0.976882635064928,"Subpopulation_1"
"NGS_H19_LOI_Rep2","Read_2018",0.9753048902435,"Subpopulation_1"
"NGS_H19_LOI_Rep2","Read_2019",0.977456925687715,"Subpopulation_1"
"NGS_H19_LOI_Rep2","Read_2020",0.987196534354481,"Subpopulation_1"
"NGS_H19_LOI_Rep2","Read_2021",0.97843835470062,"Subpopulation_1"
"NGS_H19_LOI_Rep2","Read_2022",0.981772183913724,"Subpopulation_1"
"NGS_H19_LOI_Rep2","Read_2023",0.980429867688805,"Subpopulation_1"
"NGS_H19_LOI_Rep2","Read_2024",0.979031904326929,"Subpopulation_1"
"NGS_H19_LOI_Rep2","Read_2025",0.974888702111983,"Subpopulation_1"
"NGS_H19_LOI_Rep2","Read_2026",0.985875725209882,"Subpopulation_1"
"NGS_H19_LOI_Rep2","Read_2027",0.979527047808119,"Subpopulation_1"
"NGS_H19_LOI_Rep2","Read_2028",0.984553136329421,"Subpopulation_1"
"NGS_H19_LOI_Rep2","Read_2029",0.983602798314238,"Subpopulation_1"
"NGS_H19_LOI_Rep2","Read_2030",0.983216545140115,"Subpopulation_1"
"NGS_H19_LOI_Rep2","Read_2031",0.977354909422215,"Subpopulation_1"
"NGS_H19_LOI_Rep2","Read_2032",0.9754281497154,"Subpopulation_1"
"NGS_H19_LOI_Rep2","Read_2033",0.984214076164311,"Subpopulation_1"
"NGS_H19_LOI_Rep2","Read_2034",0.988089443156963,"Subpopulation_1"
"NGS_H19_LOI_Rep2","Read_2035",0.976529985701565,"Subpopulation_1"
"NGS_H19_LOI_Rep2","Read_2036",0.985582100685459,"Subpopulation_1"
"NGS_H19_LOI_Rep2","Read_2037",0.977189817896185,"Subpopulation_1"
"NGS_H19_LOI_Rep2","Read_2038",0.975811451158708,"Subpopulation_1"
"NGS_H19_LOI_Rep2","Read_2039",0.981907893290817,"Subpopulation_1"
"NGS_H19_LOI_Rep2","Read_2040",0.978329851517161,"Subpopulation_1"
"NGS_H19_LOI_Rep2","Read_2041",0.982306345551311,"Subpopulation_1"
"NGS_H19_LOI_Rep2","Read_2042",0.976435373930489,"Subpopulation_1"
"NGS_H19_LOI_Rep2","Read_2043",0.981370896101105,"Subpopulation_1"
"NGS_H19_LOI_Rep2","Read_2044",0.97065303941493,"Subpopulation_1"
"NGS_H19_LOI_Rep2","Read_2045",0.983081228209889,"Subpopulation_1"
"NGS_H19_LOI_Rep2","Read_2046",0.970234520245894,"Subpopulation_1"
"NGS_H19_LOI_Rep2","Read_2047",0.981826948887999,"Subpopulation_1"
"NGS_H19_LOI_Rep2","Read_2048",0.984353726081268,"Subpopulation_1"
"NGS_H19_LOI_Rep2","Read_2049",0.980553666770383,"Subpopulation_1"
"NGS_H19_LOI_Rep2","Read_2050",0.979760772733515,"Subpopulation_1"
"NGS_H19_LOI_Rep2","Read_2051",0.98246053179273,"Subpopulation_1"
"NGS_H19_LOI_Rep2","Read_2052",0.980477403230594,"Subpopulation_1"
"NGS_H19_LOI_Rep2","Read_2053",0.985547994561218,"Subpopulation_1"
"NGS_H19_LOI_Rep2","Read_2054",0.979209308632818,"Subpopulation_1"
"NGS_H19_LOI_Rep2","Read_2055",0.975879397777632,"Subpopulation_1"
"NGS_H19_LOI_Rep2","Read_2056",0.982366921112692,"Subpopulation_1"
"NGS_H19_LOI_Rep2","Read_2057",0.974196617036933,"Subpopulation_1"
"NGS_H19_LOI_Rep2","Read_2058",0.983953018391492,"Subpopulation_1"
"NGS_H19_LOI_Rep2","Read_2059",0.976164354337027,"Subpopulation_1"
"NGS_H19_LOI_Rep2","Read_2060",0.973887495313047,"Subpopulation_1"
"NGS_H19_LOI_Rep2","Read_2061",0.978092579038798,"Subpopulation_1"
"NGS_H19_LOI_Rep2","Read_2062",0.985239024861165,"Subpopulation_1"
"NGS_H19_LOI_Rep2","Read_2063",0.963966840720794,"Subpopulation_1"
"NGS_H19_LOI_Rep2","Read_2064",0.979620857733822,"Subpopulation_1"
"NGS_H19_LOI_Rep2","Read_2065",0.982441364605535,"Subpopulation_1"
"NGS_H19_LOI_Rep2","Read_2066",0.978926996247903,"Subpopulation_1"
"NGS_H19_LOI_Rep2","Read_2067",0.97957830430969,"Subpopulation_1"
"NGS_H19_LOI_Rep2","Read_2068",0.984647718259627,"Subpopulation_1"
"NGS_H19_LOI_Rep2","Read_2069",0.980575761922366,"Subpopulation_1"
"NGS_H19_LOI_Rep2","Read_2070",0.978280762261633,"Subpopulation_1"
"NGS_H19_LOI_Rep2","Read_2071",0.976871739187909,"Subpopulation_1"
"NGS_H19_LOI_Rep2","Read_2072",0.98123499721495,"Subpopulation_1"
"NGS_H19_LOI_Rep2","Read_2073",0.983588034320554,"Subpopulation_1"
"NGS_H19_LOI_Rep2","Read_2074",0.977504292523307,"Subpopulation_1"
"NGS_H19_LOI_Rep2","Read_2075",0.986743387670759,"Subpopulation_1"
"NGS_H19_LOI_Rep2","Read_2076",0.97590149798315,"Subpopulation_1"
"NGS_H19_LOI_Rep2","Read_2077",0.980950162061434,"Subpopulation_1"
"NGS_H19_LOI_Rep2","Read_2078",0.984549675959503,"Subpopulation_1"
"NGS_H19_LOI_Rep2","Read_2079",0.97340938305145,"Subpopulation_1"
"NGS_H19_LOI_Rep2","Read_2080",0.978950391841484,"Subpopulation_1"
"NGS_H19_LOI_Rep2","Read_2081",0.97424323592265,"Subpopulation_1"
"NGS_H19_LOI_Rep2","Read_2082",0.981814220406545,"Subpopulation_1"
"NGS_H19_LOI_Rep2","Read_2083",0.980121595275305,"Subpopulation_1"
"NGS_H19_LOI_Rep2","Read_2084",0.985158013528918,"Subpopulation_1"
"NGS_H19_LOI_Rep2","Read_2085",0.980371263542317,"Subpopulation_1"
"NGS_H19_LOI_Rep2","Read_2086",0.982875310862446,"Subpopulation_1"
"NGS_H19_LOI_Rep2","Read_2087",0.988103546073334,"Subpopulation_1"
"NGS_H19_LOI_Rep2","Read_2088",0.984324503974389,"Subpopulation_1"
"NGS_H19_LOI_Rep2","Read_2089",0.986972616195842,"Subpopulation_1"
"NGS_H19_LOI_Rep2","Read_2090",0.978456520241254,"Subpopulation_1"
"NGS_H19_LOI_Rep2","Read_2091",0.982404221639458,"Subpopulation_1"
"NGS_H19_LOI_Rep2","Read_2092",0.986493737180423,"Subpopulation_1"
"NGS_H19_LOI_Rep2","Read_2093",0.976547074077715,"Subpopulation_1"
"NGS_H19_LOI_Rep2","Read_2094",0.977956929099309,"Subpopulation_1"
"NGS_H19_LOI_Rep2","Read_2095",0.981815743230954,"Subpopulation_1"
"NGS_H19_LOI_Rep2","Read_2096",0.98173506501006,"Subpopulation_1"
"NGS_H19_LOI_Rep2","Read_2097",0.979701597210289,"Subpopulation_1"
"NGS_H19_LOI_Rep2","Read_2098",0.97711229684747,"Subpopulation_1"
"NGS_H19_LOI_Rep2","Read_2099",0.989780689837447,"Subpopulation_1"
"NGS_H19_LOI_Rep2","Read_2100",0.980767082255097,"Subpopulation_1"
"NGS_H19_LOI_Rep2","Read_2101",0.979756450863122,"Subpopulation_1"
"NGS_H19_LOI_Rep2","Read_2102",0.982136800128155,"Subpopulation_1"
"NGS_H19_LOI_Rep2","Read_2103",0.980781906041036,"Subpopulation_1"
"NGS_H19_LOI_Rep2","Read_2104",0.97997984274142,"Subpopulation_1"
"NGS_H19_LOI_Rep2","Read_2105",0.984334723323456,"Subpopulation_1"
"NGS_H19_LOI_Rep2","Read_2106",0.974020023093188,"Subpopulation_1"
"NGS_H19_LOI_Rep2","Read_2107",0.981012080577773,"Subpopulation_1"
"NGS_H19_LOI_Rep2","Read_2108",0.972766201047809,"Subpopulation_1"
"NGS_H19_LOI_Rep2","Read_2109",0.982978056493179,"Subpopulation_1"
"NGS_H19_LOI_Rep2","Read_2110",0.979304880709675,"Subpopulation_1"
"NGS_H19_LOI_Rep2","Read_2111",0.975944552656225,"Subpopulation_1"
"NGS_H19_LOI_Rep2","Read_2112",0.973656071602585,"Subpopulation_1"
"NGS_H19_LOI_Rep2","Read_2113",0.976442947779579,"Subpopulation_1"
"NGS_H19_LOI_Rep2","Read_2114",0.978992926456521,"Subpopulation_1"
"NGS_H19_LOI_Rep2","Read_2115",0.972564742392251,"Subpopulation_1"
"NGS_H19_LOI_Rep2","Read_2116",0.979454774639178,"Subpopulation_1"
"NGS_H19_LOI_Rep2","Read_2117",0.982747746412587,"Subpopulation_1"
"NGS_H19_LOI_Rep2","Read_2118",0.980333879615464,"Subpopulation_1"
"NGS_H19_LOI_Rep2","Read_2119",0.976025030302509,"Subpopulation_1"
"NGS_H19_LOI_Rep2","Read_2120",0.985951475774298,"Subpopulation_1"
"NGS_H19_LOI_Rep2","Read_2121",0.982563235346326,"Subpopulation_1"
"NGS_H19_LOI_Rep2","Read_2122",0.981320035406428,"Subpopulation_1"
"NGS_H19_LOI_Rep2","Read_2123",0.973840263731274,"Subpopulation_1"
"NGS_H19_LOI_Rep2","Read_2124",0.984307386616516,"Subpopulation_1"
"NGS_H19_LOI_Rep2","Read_2125",0.974846787022925,"Subpopulation_1"
"NGS_H19_LOI_Rep2","Read_2126",0.981049738133775,"Subpopulation_1"
"NGS_H19_LOI_Rep2","Read_2127",0.980926905812215,"Subpopulation_1"
"NGS_H19_LOI_Rep2","Read_2128",0.980228538028504,"Subpopulation_1"
"NGS_H19_LOI_Rep2","Read_2129",0.985386189921664,"Subpopulation_1"
"NGS_H19_LOI_Rep2","Read_2130",0.982271260322488,"Subpopulation_1"
"NGS_H19_LOI_Rep2","Read_2131",0.976961282367935,"Subpopulation_1"
"NGS_H19_LOI_Rep2","Read_2132",0.975162478369406,"Subpopulation_1"
"NGS_H19_LOI_Rep2","Read_2133",0.97447957373554,"Subpopulation_1"
"NGS_H19_LOI_Rep2","Read_2134",0.985250383324015,"Subpopulation_1"
"NGS_H19_LOI_Rep2","Read_2135",0.981163320363238,"Subpopulation_1"
"NGS_H19_LOI_Rep2","Read_2136",0.973868082559098,"Subpopulation_1"
"NGS_H19_LOI_Rep2","Read_2137",0.972435702061144,"Subpopulation_1"
"NGS_H19_LOI_Rep2","Read_2138",0.978517744609616,"Subpopulation_1"
"NGS_H19_LOI_Rep2","Read_2139",0.980926518824453,"Subpopulation_1"
"NGS_H19_LOI_Rep2","Read_2140",0.979548878485678,"Subpopulation_1"
"NGS_H19_LOI_Rep2","Read_2141",0.975974137050022,"Subpopulation_1"
"NGS_H19_LOI_Rep2","Read_2142",0.985066483296468,"Subpopulation_1"
"NGS_H19_LOI_Rep2","Read_2143",0.980748705751912,"Subpopulation_1"
"NGS_H19_LOI_Rep2","Read_2144",0.985089388368815,"Subpopulation_1"
"NGS_H19_LOI_Rep2","Read_2145",0.987361441689706,"Subpopulation_1"
"NGS_H19_LOI_Rep2","Read_2146",0.975505831753131,"Subpopulation_1"
"NGS_H19_LOI_Rep2","Read_2147",0.981020229819423,"Subpopulation_1"
"NGS_H19_LOI_Rep2","Read_2148",0.977845136635439,"Subpopulation_1"
"NGS_H19_LOI_Rep2","Read_2149",0.978688648526961,"Subpopulation_1"
"NGS_H19_LOI_Rep2","Read_2150",0.980698052749253,"Subpopulation_1"
"NGS_H19_LOI_Rep2","Read_2151",0.981219497031901,"Subpopulation_1"
"NGS_H19_LOI_Rep2","Read_2152",0.983037373382262,"Subpopulation_1"
"NGS_H19_LOI_Rep2","Read_2153",0.976757357288059,"Subpopulation_1"
"NGS_H19_LOI_Rep2","Read_2154",0.981555802034817,"Subpopulation_1"
"NGS_H19_LOI_Rep2","Read_2155",0.982152569360283,"Subpopulation_1"
"NGS_H19_LOI_Rep2","Read_2156",0.986127420765205,"Subpopulation_1"
"NGS_H19_LOI_Rep2","Read_2157",0.976110473137546,"Subpopulation_1"
"NGS_H19_LOI_Rep2","Read_2158",0.980055521216745,"Subpopulation_1"
"NGS_H19_LOI_Rep2","Read_2159",0.976268283142866,"Subpopulation_1"
"NGS_H19_LOI_Rep2","Read_2160",0.981363249206474,"Subpopulation_1"
"NGS_H19_LOI_Rep2","Read_2161",0.976336983136953,"Subpopulation_1"
"NGS_H19_LOI_Rep2","Read_2162",0.976119068716799,"Subpopulation_1"
"NGS_H19_LOI_Rep2","Read_2163",0.977626569670987,"Subpopulation_1"
"NGS_H19_LOI_Rep2","Read_2164",0.983823646211078,"Subpopulation_1"
"NGS_H19_LOI_Rep2","Read_2165",0.97446671374708,"Subpopulation_1"
"NGS_H19_LOI_Rep2","Read_2166",0.984381695884968,"Subpopulation_1"
"NGS_H19_LOI_Rep2","Read_2167",0.985927620711593,"Subpopulation_1"
"NGS_H19_LOI_Rep2","Read_2168",0.982483113909365,"Subpopulation_1"
"NGS_H19_LOI_Rep2","Read_2169",0.97942520620568,"Subpopulation_1"
"NGS_H19_LOI_Rep2","Read_2170",0.979638410331407,"Subpopulation_1"
"NGS_H19_LOI_Rep2","Read_2171",0.979601807685144,"Subpopulation_1"
"NGS_H19_LOI_Rep2","Read_2172",0.981401267690323,"Subpopulation_1"
"NGS_H19_LOI_Rep2","Read_2173",0.980996629092155,"Subpopulation_1"
"NGS_H19_LOI_Rep2","Read_2174",0.974590205759288,"Subpopulation_1"
"NGS_H19_LOI_Rep2","Read_2175",0.988072838870155,"Subpopulation_1"
"NGS_H19_LOI_Rep2","Read_2176",0.980040388044673,"Subpopulation_1"
"NGS_H19_LOI_Rep2","Read_2177",0.983880720544622,"Subpopulation_1"
"NGS_H19_LOI_Rep2","Read_2178",0.979905867648326,"Subpopulation_1"
"NGS_H19_LOI_Rep2","Read_2179",0.982428445769798,"Subpopulation_1"
"NGS_H19_LOI_Rep2","Read_2180",0.97916003715869,"Subpopulation_1"
"NGS_H19_LOI_Rep2","Read_2181",0.981537088801345,"Subpopulation_1"
"NGS_H19_LOI_Rep2","Read_2182",0.978927027488439,"Subpopulation_1"
"NGS_H19_LOI_Rep2","Read_2183",0.978849352285818,"Subpopulation_1"
"NGS_H19_LOI_Rep2","Read_2184",0.982619214236895,"Subpopulation_1"
"NGS_H19_LOI_Rep2","Read_2185",0.980576545507202,"Subpopulation_1"
"NGS_H19_LOI_Rep2","Read_2186",0.980974240336502,"Subpopulation_1"
"NGS_H19_LOI_Rep2","Read_2187",0.982713198285041,"Subpopulation_1"
"NGS_H19_LOI_Rep2","Read_2188",0.984297427899977,"Subpopulation_1"
"NGS_H19_LOI_Rep2","Read_2189",0.97635047871413,"Subpopulation_1"
"NGS_H19_LOI_Rep2","Read_2190",0.981087084978955,"Subpopulation_1"
"NGS_H19_LOI_Rep2","Read_2191",0.983245218649073,"Subpopulation_1"
"NGS_H19_LOI_Rep2","Read_2192",0.981490765925056,"Subpopulation_1"
"NGS_H19_LOI_Rep2","Read_2193",0.981945025373838,"Subpopulation_1"
"NGS_H19_LOI_Rep2","Read_2194",0.984336575075485,"Subpopulation_1"
"NGS_H19_LOI_Rep2","Read_2195",0.98176858566513,"Subpopulation_1"
"NGS_H19_LOI_Rep2","Read_2196",0.985519716804371,"Subpopulation_1"
"NGS_H19_LOI_Rep2","Read_2197",0.974428466734074,"Subpopulation_1"
"NGS_H19_LOI_Rep2","Read_2198",0.986641852765959,"Subpopulation_1"
"NGS_H19_LOI_Rep2","Read_2199",0.982959407835671,"Subpopulation_1"
"NGS_H19_LOI_Rep2","Read_2200",0.986363585950018,"Subpopulation_1"
"NGS_H19_LOI_Rep2","Read_2201",0.983273763398881,"Subpopulation_1"
"NGS_H19_LOI_Rep2","Read_2202",0.978607885195058,"Subpopulation_1"
"NGS_H19_LOI_Rep2","Read_2203",0.977371267806723,"Subpopulation_1"
"NGS_H19_LOI_Rep2","Read_2204",0.984052976187736,"Subpopulation_1"
"NGS_H19_LOI_Rep2","Read_2205",0.96700016090976,"Subpopulation_1"
"NGS_H19_LOI_Rep2","Read_2206",0.967198563719407,"Subpopulation_1"
"NGS_H19_LOI_Rep2","Read_2207",0.979364291109557,"Subpopulation_1"
"NGS_H19_LOI_Rep2","Read_2208",0.980890690138478,"Subpopulation_1"
"NGS_H19_LOI_Rep2","Read_2209",0.980859467833468,"Subpopulation_1"
"NGS_H19_LOI_Rep2","Read_2210",0.984302120354619,"Subpopulation_1"
"NGS_H19_LOI_Rep2","Read_2211",0.983853883491533,"Subpopulation_1"
"NGS_H19_LOI_Rep2","Read_2212",0.978569967264355,"Subpopulation_1"
"NGS_H19_LOI_Rep2","Read_2213",0.982786872924532,"Subpopulation_1"
"NGS_H19_LOI_Rep2","Read_2214",0.980861597540252,"Subpopulation_1"
"NGS_H19_LOI_Rep2","Read_2215",0.98344797425773,"Subpopulation_1"
"NGS_H19_LOI_Rep2","Read_2216",0.978446657412354,"Subpopulation_1"
"NGS_H19_LOI_Rep2","Read_2217",0.969721304586806,"Subpopulation_1"
"NGS_H19_LOI_Rep2","Read_2218",0.979144515038775,"Subpopulation_1"
"NGS_H19_LOI_Rep2","Read_2219",0.97472524914092,"Subpopulation_1"
"NGS_H19_LOI_Rep2","Read_2220",0.981661363867345,"Subpopulation_1"
"NGS_H19_LOI_Rep2","Read_2221",0.981794455575289,"Subpopulation_1"
"NGS_H19_LOI_Rep2","Read_2222",0.982961867774955,"Subpopulation_1"
"NGS_H19_LOI_Rep2","Read_2223",0.979782145104458,"Subpopulation_1"
"NGS_H19_LOI_Rep2","Read_2224",0.979977383946395,"Subpopulation_1"
"NGS_H19_LOI_Rep2","Read_2225",0.977120734860493,"Subpopulation_1"
"NGS_H19_LOI_Rep2","Read_2226",0.982197575085369,"Subpopulation_1"
"NGS_H19_LOI_Rep2","Read_2227",0.980291621892583,"Subpopulation_1"
"NGS_H19_LOI_Rep2","Read_2228",0.976543059678541,"Subpopulation_1"
"NGS_H19_LOI_Rep2","Read_2229",0.977382148449944,"Subpopulation_1"
"NGS_H19_LOI_Rep2","Read_2230",0.976459921518664,"Subpopulation_1"
"NGS_H19_LOI_Rep2","Read_2231",0.986612622333771,"Subpopulation_1"
"NGS_H19_LOI_Rep2","Read_2232",0.986770940411034,"Subpopulation_1"
"NGS_H19_LOI_Rep2","Read_2233",0.979074043673645,"Subpopulation_1"
"NGS_H19_LOI_Rep2","Read_2234",0.973154437264836,"Subpopulation_1"
"NGS_H19_LOI_Rep2","Read_2235",0.973004929106132,"Subpopulation_1"
"NGS_H19_LOI_Rep2","Read_2236",0.977297551255397,"Subpopulation_1"
"NGS_H19_LOI_Rep2","Read_2237",0.98298762798328,"Subpopulation_1"
"NGS_H19_LOI_Rep2","Read_2238",0.970158271998975,"Subpopulation_1"
"NGS_H19_LOI_Rep2","Read_2239",0.978637655566406,"Subpopulation_1"
"NGS_H19_LOI_Rep2","Read_2240",0.976190546293622,"Subpopulation_1"
"NGS_H19_LOI_Rep2","Read_2241",0.968178203114423,"Subpopulation_1"
"NGS_H19_LOI_Rep2","Read_2242",0.983024700512747,"Subpopulation_1"
"NGS_H19_LOI_Rep2","Read_2243",0.975530254386583,"Subpopulation_1"
"NGS_H19_LOI_Rep2","Read_2244",0.974026110807093,"Subpopulation_1"
"NGS_H19_LOI_Rep2","Read_2245",0.976903358161117,"Subpopulation_1"
"NGS_H19_LOI_Rep2","Read_2246",0.984184215569016,"Subpopulation_1"
"NGS_H19_LOI_Rep2","Read_2247",0.980199491723331,"Subpopulation_1"
"NGS_H19_LOI_Rep2","Read_2248",0.979712485237125,"Subpopulation_1"
"NGS_H19_LOI_Rep2","Read_2249",0.982322001062774,"Subpopulation_1"
"NGS_H19_LOI_Rep2","Read_2250",0.977704169419686,"Subpopulation_1"
"NGS_H19_LOI_Rep2","Read_2251",0.983400461964926,"Subpopulation_1"
"NGS_H19_LOI_Rep2","Read_2252",0.98140923382542,"Subpopulation_1"
"NGS_H19_LOI_Rep2","Read_2253",0.979931867096871,"Subpopulation_1"
"NGS_H19_LOI_Rep2","Read_2254",0.977696250078536,"Subpopulation_1"
"NGS_H19_LOI_Rep2","Read_2255",0.978908400838911,"Subpopulation_1"
"NGS_H19_LOI_Rep2","Read_2256",0.985635758543219,"Subpopulation_1"
"NGS_H19_LOI_Rep2","Read_2257",0.98020197012548,"Subpopulation_1"
"NGS_H19_LOI_Rep2","Read_2258",0.974109077527733,"Subpopulation_1"
"NGS_H19_LOI_Rep2","Read_2259",0.977640037875972,"Subpopulation_1"
"NGS_H19_LOI_Rep2","Read_2260",0.985104703033728,"Subpopulation_1"
"NGS_H19_LOI_Rep2","Read_2261",0.978777932555563,"Subpopulation_1"
"NGS_H19_LOI_Rep2","Read_2262",0.975839435212046,"Subpopulation_1"
"NGS_H19_LOI_Rep2","Read_2263",0.98078214441486,"Subpopulation_1"
"NGS_H19_LOI_Rep2","Read_2264",0.982603664974871,"Subpopulation_1"
"NGS_H19_LOI_Rep2","Read_2265",0.980606210994014,"Subpopulation_1"
"NGS_H19_LOI_Rep2","Read_2266",0.969837963925027,"Subpopulation_1"
"NGS_H19_LOI_Rep2","Read_2267",0.98158997363766,"Subpopulation_1"
"NGS_H19_LOI_Rep2","Read_2268",0.980645390575556,"Subpopulation_1"
"NGS_H19_LOI_Rep2","Read_2269",0.9731955241955,"Subpopulation_1"
"NGS_H19_LOI_Rep2","Read_2270",0.974242737373553,"Subpopulation_1"
"NGS_H19_LOI_Rep2","Read_2271",0.974639522347681,"Subpopulation_1"
"NGS_H19_LOI_Rep2","Read_2272",0.981799350521756,"Subpopulation_1"
"NGS_H19_LOI_Rep2","Read_2273",0.985587713270419,"Subpopulation_1"
"NGS_H19_LOI_Rep2","Read_2274",0.977618362312056,"Subpopulation_1"
"NGS_H19_LOI_Rep2","Read_2275",0.972348175288652,"Subpopulation_1"
"NGS_H19_LOI_Rep2","Read_2276",0.982846613773187,"Subpopulation_1"
"NGS_H19_LOI_Rep2","Read_2277",0.986488383429269,"Subpopulation_1"
"NGS_H19_LOI_Rep2","Read_2278",0.985524371260515,"Subpopulation_1"
"NGS_H19_LOI_Rep2","Read_2279",0.97726009495766,"Subpopulation_1"
"NGS_H19_LOI_Rep2","Read_2280",0.979186667513328,"Subpopulation_1"
"NGS_H19_LOI_Rep2","Read_2281",0.978615426989607,"Subpopulation_1"
"NGS_H19_LOI_Rep2","Read_2282",0.978967538337102,"Subpopulation_1"
"NGS_H19_LOI_Rep2","Read_2283",0.983234479161542,"Subpopulation_1"
"NGS_H19_LOI_Rep2","Read_2284",0.981813744986874,"Subpopulation_1"
"NGS_H19_LOI_Rep2","Read_2285",0.978503682099008,"Subpopulation_1"
"NGS_H19_LOI_Rep2","Read_2286",0.975552014609287,"Subpopulation_1"
"NGS_H19_LOI_Rep2","Read_2287",0.979052276742606,"Subpopulation_1"
"NGS_H19_LOI_Rep2","Read_2288",0.981750910152221,"Subpopulation_1"
"NGS_H19_LOI_Rep2","Read_2289",0.972105986784685,"Subpopulation_1"
"NGS_H19_LOI_Rep2","Read_2290",0.977942563834289,"Subpopulation_1"
"NGS_H19_LOI_Rep2","Read_2291",0.987511964507528,"Subpopulation_1"
"NGS_H19_LOI_Rep2","Read_2292",0.979781073498835,"Subpopulation_1"
"NGS_H19_LOI_Rep2","Read_2293",0.976370280170829,"Subpopulation_1"
"NGS_H19_LOI_Rep2","Read_2294",0.983726634610525,"Subpopulation_1"
"NGS_H19_LOI_Rep2","Read_2295",0.979703746211309,"Subpopulation_1"
"NGS_H19_LOI_Rep2","Read_2296",0.974249280637194,"Subpopulation_1"
"NGS_H19_LOI_Rep2","Read_2297",0.970291044443572,"Subpopulation_1"
"NGS_H19_LOI_Rep2","Read_2298",0.980793358168394,"Subpopulation_1"
"NGS_H19_LOI_Rep2","Read_2299",0.97659298018172,"Subpopulation_1"
"NGS_H19_LOI_Rep2","Read_2300",0.981973340994817,"Subpopulation_1"
"NGS_H19_LOI_Rep2","Read_2301",0.982652101201926,"Subpopulation_1"
"NGS_H19_LOI_Rep2","Read_2302",0.976173120912292,"Subpopulation_1"
"NGS_H19_LOI_Rep2","Read_2303",0.984549664609374,"Subpopulation_1"
"NGS_H19_LOI_Rep2","Read_2304",0.976660286091152,"Subpopulation_1"
"NGS_H19_LOI_Rep2","Read_2305",0.976944642876697,"Subpopulation_1"
"NGS_H19_LOI_Rep2","Read_2306",0.979511976159439,"Subpopulation_1"
"NGS_H19_LOI_Rep2","Read_2307",0.981424572301858,"Subpopulation_1"
"NGS_H19_LOI_Rep2","Read_2308",0.974215206912943,"Subpopulation_1"
"NGS_H19_LOI_Rep2","Read_2309",0.976868784550333,"Subpopulation_1"
"NGS_H19_LOI_Rep2","Read_2310",0.986326130121967,"Subpopulation_1"
"NGS_H19_LOI_Rep2","Read_2311",0.98172825959907,"Subpopulation_1"
"NGS_H19_LOI_Rep2","Read_2312",0.980090101383764,"Subpopulation_1"
"NGS_H19_LOI_Rep2","Read_2313",0.984551642969707,"Subpopulation_1"
"NGS_H19_LOI_Rep2","Read_2314",0.972572312770059,"Subpopulation_1"
"NGS_H19_LOI_Rep2","Read_2315",0.971877966262743,"Subpopulation_1"
"NGS_H19_LOI_Rep2","Read_2316",0.983374934108036,"Subpopulation_1"
"NGS_H19_LOI_Rep2","Read_2317",0.984928684985893,"Subpopulation_1"
"NGS_H19_LOI_Rep2","Read_2318",0.973484979135775,"Subpopulation_1"
"NGS_H19_LOI_Rep2","Read_2319",0.985795999716114,"Subpopulation_1"
"NGS_H19_LOI_Rep2","Read_2320",0.977522704831374,"Subpopulation_1"
"NGS_H19_LOI_Rep2","Read_2321",0.983360036553295,"Subpopulation_1"
"NGS_H19_LOI_Rep2","Read_2322",0.973066375571237,"Subpopulation_1"
"NGS_H19_LOI_Rep2","Read_2323",0.982422410321835,"Subpopulation_1"
"NGS_H19_LOI_Rep2","Read_2324",0.976263871890457,"Subpopulation_1"
"NGS_H19_LOI_Rep2","Read_2325",0.983369928650241,"Subpopulation_1"
"NGS_H19_LOI_Rep2","Read_2326",0.983186439111775,"Subpopulation_1"
"NGS_H19_LOI_Rep2","Read_2327",0.985922214447581,"Subpopulation_1"
"NGS_H19_LOI_Rep2","Read_2328",0.98482457721279,"Subpopulation_1"
"NGS_H19_LOI_Rep2","Read_2329",0.984660761258097,"Subpopulation_1"
"NGS_H19_LOI_Rep2","Read_2330",0.980423684821431,"Subpopulation_1"
"NGS_H19_LOI_Rep2","Read_2331",0.977505396319649,"Subpopulation_1"
"NGS_H19_LOI_Rep2","Read_2332",0.983425974864401,"Subpopulation_1"
"NGS_H19_LOI_Rep2","Read_2333",0.980397449460159,"Subpopulation_1"
"NGS_H19_LOI_Rep2","Read_2334",0.986927745887052,"Subpopulation_1"
"NGS_H19_LOI_Rep2","Read_2335",0.977883467881623,"Subpopulation_1"
"NGS_H19_LOI_Rep2","Read_2336",0.976593550741607,"Subpopulation_1"
"NGS_H19_LOI_Rep2","Read_2337",0.975915464219284,"Subpopulation_1"
"NGS_H19_LOI_Rep2","Read_2338",0.974391096016467,"Subpopulation_1"
"NGS_H19_LOI_Rep2","Read_2339",0.989517617531943,"Subpopulation_1"
"NGS_H19_LOI_Rep2","Read_2340",0.975515698218763,"Subpopulation_1"
"NGS_H19_LOI_Rep2","Read_2341",0.977741560200653,"Subpopulation_1"
"NGS_H19_LOI_Rep2","Read_2342",0.977623395053038,"Subpopulation_1"
"NGS_H19_LOI_Rep2","Read_2343",0.981510869707651,"Subpopulation_1"
"NGS_H19_LOI_Rep2","Read_2344",0.98412579095563,"Subpopulation_1"
"NGS_H19_LOI_Rep2","Read_2345",0.985706696022153,"Subpopulation_1"
"NGS_H19_LOI_Rep2","Read_2346",0.980152526198091,"Subpopulation_1"
"NGS_H19_LOI_Rep2","Read_2347",0.980540175808504,"Subpopulation_1"
"NGS_H19_LOI_Rep2","Read_2348",0.978676498732602,"Subpopulation_1"
"NGS_H19_LOI_Rep2","Read_2349",0.977219483300812,"Subpopulation_1"
"NGS_H19_LOI_Rep2","Read_2350",0.96966924949995,"Subpopulation_1"
"NGS_H19_LOI_Rep2","Read_2351",0.983952792555529,"Subpopulation_1"
"NGS_H19_LOI_Rep2","Read_2352",0.981707985234168,"Subpopulation_1"
"NGS_H19_LOI_Rep2","Read_2353",0.98005601320419,"Subpopulation_1"
"NGS_H19_LOI_Rep2","Read_2354",0.977350761066526,"Subpopulation_1"
"NGS_H19_LOI_Rep2","Read_2355",0.981082337004612,"Subpopulation_1"
"NGS_H19_LOI_Rep2","Read_2356",0.984064417080198,"Subpopulation_1"
"NGS_H19_LOI_Rep2","Read_2357",0.985432088339219,"Subpopulation_1"
"NGS_H19_LOI_Rep2","Read_2358",0.985502479746308,"Subpopulation_1"
"NGS_H19_LOI_Rep2","Read_2359",0.980965140042417,"Subpopulation_1"
"NGS_H19_LOI_Rep2","Read_2360",0.97787481839988,"Subpopulation_1"
"NGS_H19_LOI_Rep2","Read_2361",0.980675241387022,"Subpopulation_1"
"NGS_H19_LOI_Rep2","Read_2362",0.978423300180936,"Subpopulation_1"
"NGS_H19_LOI_Rep2","Read_2363",0.983754469569391,"Subpopulation_1"
"NGS_H19_LOI_Rep2","Read_2364",0.979224805880013,"Subpopulation_1"
"NGS_H19_LOI_Rep2","Read_2365",0.979198880841817,"Subpopulation_1"
"NGS_H19_LOI_Rep2","Read_2366",0.981211442231077,"Subpopulation_1"
"NGS_H19_LOI_Rep2","Read_2367",0.981144072580192,"Subpopulation_1"
"NGS_H19_LOI_Rep2","Read_2368",0.979094518382069,"Subpopulation_1"
"NGS_H19_LOI_Rep2","Read_2369",0.980972598822066,"Subpopulation_1"
"NGS_H19_LOI_Rep2","Read_2370",0.975318653569062,"Subpopulation_1"
"NGS_H19_LOI_Rep2","Read_2371",0.987162997872499,"Subpopulation_1"
"NGS_H19_LOI_Rep2","Read_2372",0.975900874945694,"Subpopulation_1"
"NGS_H19_LOI_Rep2","Read_2373",0.980639309888825,"Subpopulation_1"
"NGS_H19_LOI_Rep2","Read_2374",0.983217275771155,"Subpopulation_1"
"NGS_H19_LOI_Rep2","Read_2375",0.983377162975256,"Subpopulation_1"
"NGS_H19_LOI_Rep2","Read_2376",0.984793808108545,"Subpopulation_1"
"NGS_H19_LOI_Rep2","Read_2377",0.981766751590923,"Subpopulation_1"
"NGS_H19_LOI_Rep2","Read_2378",0.970604498784023,"Subpopulation_1"
"NGS_H19_LOI_Rep2","Read_2379",0.978731584516793,"Subpopulation_1"
"NGS_H19_LOI_Rep2","Read_2380",0.977164443059159,"Subpopulation_1"
"NGS_H19_LOI_Rep2","Read_2381",0.976941756063277,"Subpopulation_1"
"NGS_H19_LOI_Rep2","Read_2382",0.978143834626663,"Subpopulation_1"
"NGS_H19_LOI_Rep2","Read_2383",0.984372051721137,"Subpopulation_1"
"NGS_H19_LOI_Rep2","Read_2384",0.975400088888779,"Subpopulation_1"
"NGS_H19_LOI_Rep2","Read_2385",0.980565718100934,"Subpopulation_1"
"NGS_H19_LOI_Rep2","Read_2386",0.971216756625581,"Subpopulation_1"
"NGS_H19_LOI_Rep2","Read_2387",0.981886004367133,"Subpopulation_1"
"NGS_H19_LOI_Rep2","Read_2388",0.982717258027099,"Subpopulation_1"
"NGS_H19_LOI_Rep2","Read_2389",0.98151939825728,"Subpopulation_1"
"NGS_H19_LOI_Rep2","Read_2390",0.977576537045629,"Subpopulation_1"
"NGS_H19_LOI_Rep2","Read_2391",0.981127159421538,"Subpopulation_1"
"NGS_H19_LOI_Rep2","Read_2392",0.979283290722534,"Subpopulation_1"
"NGS_H19_LOI_Rep2","Read_2393",0.984322522216309,"Subpopulation_1"
"NGS_H19_LOI_Rep2","Read_2394",0.981967838504345,"Subpopulation_1"
"NGS_H19_LOI_Rep2","Read_2395",0.974364680828495,"Subpopulation_1"
"NGS_H19_LOI_Rep2","Read_2396",0.9820480652185,"Subpopulation_1"
"NGS_H19_LOI_Rep2","Read_2397",0.982738136179238,"Subpopulation_1"
"NGS_H19_LOI_Rep2","Read_2398",0.977939644607061,"Subpopulation_1"
"NGS_H19_LOI_Rep2","Read_2399",0.983407873796206,"Subpopulation_1"
"NGS_H19_LOI_Rep2","Read_2400",0.977611481309292,"Subpopulation_1"
"NGS_H19_LOI_Rep2","Read_2401",0.978854595686704,"Subpopulation_1"
"NGS_H19_LOI_Rep2","Read_2402",0.978933182529919,"Subpopulation_1"
"NGS_H19_LOI_Rep2","Read_2403",0.981816298354961,"Subpopulation_1"
"NGS_H19_LOI_Rep2","Read_2404",0.978099126120807,"Subpopulation_1"
"NGS_H19_LOI_Rep2","Read_2405",0.974270210414836,"Subpopulation_1"
"NGS_H19_LOI_Rep2","Read_2406",0.979975928234587,"Subpopulation_1"
"NGS_H19_LOI_Rep2","Read_2407",0.988256044554877,"Subpopulation_1"
"NGS_H19_LOI_Rep2","Read_2408",0.982564668932767,"Subpopulation_1"
"NGS_H19_LOI_Rep2","Read_2409",0.974943134763563,"Subpopulation_1"
"NGS_H19_LOI_Rep2","Read_2410",0.98139747807254,"Subpopulation_1"
"NGS_H19_LOI_Rep2","Read_2411",0.984357800193503,"Subpopulation_1"
"NGS_H19_LOI_Rep2","Read_2412",0.986471907335178,"Subpopulation_1"
"NGS_H19_LOI_Rep2","Read_2413",0.981885555959818,"Subpopulation_1"
"NGS_H19_LOI_Rep2","Read_2414",0.983841324972032,"Subpopulation_1"
"NGS_H19_LOI_Rep2","Read_2415",0.981992062345314,"Subpopulation_1"
"NGS_H19_LOI_Rep2","Read_2416",0.985178988796088,"Subpopulation_1"
"NGS_H19_LOI_Rep2","Read_2417",0.98098360835203,"Subpopulation_1"
"NGS_H19_LOI_Rep2","Read_2418",0.988748038581869,"Subpopulation_1"
"NGS_H19_LOI_Rep2","Read_2419",0.984645039953792,"Subpopulation_1"
"NGS_H19_LOI_Rep2","Read_2420",0.974607351276491,"Subpopulation_1"
"NGS_H19_LOI_Rep2","Read_2421",0.987091999256458,"Subpopulation_1"
"NGS_H19_LOI_Rep2","Read_2422",0.979553730140949,"Subpopulation_1"
"NGS_H19_LOI_Rep2","Read_2423",0.987654778448343,"Subpopulation_1"
"NGS_H19_LOI_Rep2","Read_2424",0.978882693622037,"Subpopulation_1"
"NGS_H19_LOI_Rep2","Read_2425",0.975896247528911,"Subpopulation_1"
"NGS_H19_LOI_Rep2","Read_2426",0.981889473797628,"Subpopulation_1"
"NGS_H19_LOI_Rep2","Read_2427",0.982465974624929,"Subpopulation_1"
"NGS_H19_LOI_Rep2","Read_2428",0.975002111708754,"Subpopulation_1"
"NGS_H19_LOI_Rep2","Read_2429",0.974366709547715,"Subpopulation_1"
"NGS_H19_LOI_Rep2","Read_2430",0.976630844459702,"Subpopulation_1"
"NGS_H19_LOI_Rep2","Read_2431",0.986699127046491,"Subpopulation_1"
"NGS_H19_LOI_Rep2","Read_2432",0.981276956595835,"Subpopulation_1"
"NGS_H19_LOI_Rep2","Read_2433",0.977737930320076,"Subpopulation_1"
"NGS_H19_LOI_Rep2","Read_2434",0.981087231357726,"Subpopulation_1"
"NGS_H19_LOI_Rep2","Read_2435",0.982854373490521,"Subpopulation_1"
"NGS_H19_LOI_Rep2","Read_2436",0.978987962205065,"Subpopulation_1"
"NGS_H19_LOI_Rep2","Read_2437",0.975370144474084,"Subpopulation_1"
"NGS_H19_LOI_Rep2","Read_2438",0.975175656818502,"Subpopulation_1"
"NGS_H19_LOI_Rep2","Read_2439",0.978927986256383,"Subpopulation_1"
"NGS_H19_LOI_Rep2","Read_2440",0.977251239501438,"Subpopulation_1"
"NGS_H19_LOI_Rep2","Read_2441",0.978836705593483,"Subpopulation_1"
"NGS_H19_LOI_Rep2","Read_2442",0.977496970440604,"Subpopulation_1"
"NGS_H19_LOI_Rep2","Read_2443",0.975786417205519,"Subpopulation_1"
"NGS_H19_LOI_Rep2","Read_2444",0.971728383145595,"Subpopulation_1"
"NGS_H19_LOI_Rep2","Read_2445",0.981205387203147,"Subpopulation_1"
"NGS_H19_LOI_Rep2","Read_2446",0.978487176833896,"Subpopulation_1"
"NGS_H19_LOI_Rep2","Read_2447",0.978979607649027,"Subpopulation_1"
"NGS_H19_LOI_Rep2","Read_2448",0.984001180497879,"Subpopulation_1"
"NGS_H19_LOI_Rep2","Read_2449",0.979007501788612,"Subpopulation_1"
"NGS_H19_LOI_Rep2","Read_2450",0.974590310129144,"Subpopulation_1"
"NGS_H19_LOI_Rep2","Read_2451",0.98054069750461,"Subpopulation_1"
"NGS_H19_LOI_Rep2","Read_2452",0.978296408499306,"Subpopulation_1"
"NGS_H19_LOI_Rep2","Read_2453",0.976887850026841,"Subpopulation_1"
"NGS_H19_LOI_Rep2","Read_2454",0.973849386330875,"Subpopulation_1"
"NGS_H19_LOI_Rep2","Read_2455",0.990407579410215,"Subpopulation_1"
"NGS_H19_LOI_Rep2","Read_2456",0.983079791200313,"Subpopulation_1"
"NGS_H19_LOI_Rep2","Read_2457",0.976117636881995,"Subpopulation_1"
"NGS_H19_LOI_Rep2","Read_2458",0.979949677355878,"Subpopulation_1"
"NGS_H19_LOI_Rep2","Read_2459",0.978543008806336,"Subpopulation_1"
"NGS_H19_LOI_Rep2","Read_2460",0.985126543666975,"Subpopulation_1"
"NGS_H19_LOI_Rep2","Read_2461",0.976926278713438,"Subpopulation_1"
"NGS_H19_LOI_Rep2","Read_2462",0.975383776228613,"Subpopulation_1"
"NGS_H19_LOI_Rep2","Read_2463",0.981824000455659,"Subpopulation_1"
"NGS_H19_LOI_Rep2","Read_2464",0.977444310220797,"Subpopulation_1"
"NGS_H19_LOI_Rep2","Read_2465",0.973130706018226,"Subpopulation_1"
"NGS_H19_LOI_Rep2","Read_2466",0.981972179380061,"Subpopulation_1"
"NGS_H19_LOI_Rep2","Read_2467",0.981970895116009,"Subpopulation_1"
"NGS_H19_LOI_Rep2","Read_2468",0.976659417871172,"Subpopulation_1"
"NGS_H19_LOI_Rep2","Read_2469",0.975169373969568,"Subpopulation_1"
"NGS_H19_LOI_Rep2","Read_2470",0.977030632298158,"Subpopulation_1"
"NGS_H19_LOI_Rep2","Read_2471",0.985850996860343,"Subpopulation_1"
"NGS_H19_LOI_Rep2","Read_2472",0.977793761110579,"Subpopulation_1"
"NGS_H19_LOI_Rep2","Read_2473",0.98313840882841,"Subpopulation_1"
"NGS_H19_LOI_Rep2","Read_2474",0.980356177626664,"Subpopulation_1"
"NGS_H19_LOI_Rep2","Read_2475",0.978035642740125,"Subpopulation_1"
"NGS_H19_LOI_Rep2","Read_2476",0.984453303264172,"Subpopulation_1"
"NGS_H19_LOI_Rep2","Read_2477",0.983952783780737,"Subpopulation_1"
"NGS_H19_LOI_Rep2","Read_2478",0.981173169129662,"Subpopulation_1"
"NGS_H19_LOI_Rep2","Read_2479",0.97814650170609,"Subpopulation_1"
"NGS_H19_LOI_Rep2","Read_2480",0.977873338302829,"Subpopulation_1"
"NGS_H19_LOI_Rep2","Read_2481",0.978967928779265,"Subpopulation_1"
"NGS_H19_LOI_Rep2","Read_2482",0.98223929385788,"Subpopulation_1"
"NGS_H19_LOI_Rep2","Read_2483",0.984100482985914,"Subpopulation_1"
"NGS_H19_LOI_Rep2","Read_2484",0.984182913268871,"Subpopulation_1"
"NGS_H19_LOI_Rep2","Read_2485",0.981163381682139,"Subpopulation_1"
"NGS_H19_LOI_Rep2","Read_2486",0.978487213768986,"Subpopulation_1"
"NGS_H19_LOI_Rep2","Read_2487",0.976221941621189,"Subpopulation_1"
"NGS_H19_LOI_Rep2","Read_2488",0.978943363605916,"Subpopulation_1"
"NGS_H19_LOI_Rep2","Read_2489",0.981687940706996,"Subpopulation_1"
"NGS_H19_LOI_Rep2","Read_2490",0.973214041320057,"Subpopulation_1"
"NGS_H19_LOI_Rep2","Read_2491",0.980545445366863,"Subpopulation_1"
"NGS_H19_LOI_Rep2","Read_2492",0.975512853957662,"Subpopulation_1"
"NGS_H19_LOI_Rep2","Read_2493",0.980992126206083,"Subpopulation_1"
"NGS_H19_LOI_Rep2","Read_2494",0.979708675187444,"Subpopulation_1"
"NGS_H19_LOI_Rep2","Read_2495",0.982828728953009,"Subpopulation_1"
"NGS_H19_LOI_Rep2","Read_2496",0.982561579737551,"Subpopulation_1"
"NGS_H19_LOI_Rep2","Read_2497",0.975619568305068,"Subpopulation_1"
"NGS_H19_LOI_Rep2","Read_2498",0.97384099576088,"Subpopulation_1"
"NGS_H19_LOI_Rep2","Read_2499",0.980683506013804,"Subpopulation_1"
"NGS_H19_LOI_Rep2","Read_2500",0.984711725607899,"Subpopulation_1"
"NGS_H19_LOI_Rep2","Read_2501",0.979911165823577,"Subpopulation_1"
"NGS_H19_LOI_Rep2","Read_2502",0.974776055039979,"Subpopulation_1"
"NGS_H19_LOI_Rep2","Read_2503",0.976845147057394,"Subpopulation_1"
"NGS_H19_LOI_Rep2","Read_2504",0.972684432023331,"Subpopulation_1"
"NGS_H19_LOI_Rep2","Read_2505",0.97599646186882,"Subpopulation_1"
"NGS_H19_LOI_Rep2","Read_2506",0.983728367956302,"Subpopulation_1"
"NGS_H19_LOI_Rep2","Read_2507",0.980534190357031,"Subpopulation_1"
"NGS_H19_LOI_Rep2","Read_2508",0.979372495943377,"Subpopulation_1"
"NGS_H19_LOI_Rep2","Read_2509",0.987143550832951,"Subpopulation_1"
"NGS_H19_LOI_Rep2","Read_2510",0.977470775562493,"Subpopulation_1"
"NGS_H19_LOI_Rep2","Read_2511",0.979410620880102,"Subpopulation_1"
"NGS_H19_LOI_Rep2","Read_2512",0.984559845383118,"Subpopulation_1"
"NGS_H19_LOI_Rep2","Read_2513",0.982364853791079,"Subpopulation_1"
"NGS_H19_LOI_Rep2","Read_2514",0.982867101187696,"Subpopulation_1"
"NGS_H19_LOI_Rep2","Read_2515",0.979070884384979,"Subpopulation_1"
"NGS_H19_LOI_Rep2","Read_2516",0.984544322729996,"Subpopulation_1"
"NGS_H19_LOI_Rep2","Read_2517",0.985180478056728,"Subpopulation_1"
"NGS_H19_LOI_Rep2","Read_2518",0.984537267768119,"Subpopulation_1"
"NGS_H19_LOI_Rep2","Read_2519",0.980335560141953,"Subpopulation_1"
"NGS_H19_LOI_Rep2","Read_2520",0.98400588327689,"Subpopulation_1"
"NGS_H19_LOI_Rep2","Read_2521",0.978915553068564,"Subpopulation_1"
"NGS_H19_LOI_Rep2","Read_2522",0.981690011364096,"Subpopulation_1"
"NGS_H19_LOI_Rep2","Read_2523",0.980775493850821,"Subpopulation_1"
"NGS_H19_LOI_Rep2","Read_2524",0.976418385301916,"Subpopulation_1"
"NGS_H19_LOI_Rep2","Read_2525",0.983900797950199,"Subpopulation_1"
"NGS_H19_LOI_Rep2","Read_2526",0.983317173083097,"Subpopulation_1"
"NGS_H19_LOI_Rep2","Read_2527",0.987365663921188,"Subpopulation_1"
"NGS_H19_LOI_Rep2","Read_2528",0.987276176594617,"Subpopulation_1"
"NGS_H19_LOI_Rep2","Read_2529",0.980319214208145,"Subpopulation_1"
"NGS_H19_LOI_Rep2","Read_2530",0.98730761062777,"Subpopulation_1"
"NGS_H19_LOI_Rep2","Read_2531",0.983536168344481,"Subpopulation_1"
"NGS_H19_LOI_Rep2","Read_2532",0.975090740153966,"Subpopulation_1"
"NGS_H19_LOI_Rep2","Read_2533",0.97748391141491,"Subpopulation_1"
"NGS_H19_LOI_Rep2","Read_2534",0.979156093181087,"Subpopulation_1"
"NGS_H19_LOI_Rep2","Read_2535",0.985435129866044,"Subpopulation_1"
"NGS_H19_LOI_Rep2","Read_2536",0.982111792932718,"Subpopulation_1"
"NGS_H19_LOI_Rep2","Read_2537",0.979552024699978,"Subpopulation_1"
"NGS_H19_LOI_Rep2","Read_2538",0.983323013331998,"Subpopulation_1"
"NGS_H19_LOI_Rep2","Read_2539",0.981305924171645,"Subpopulation_1"
"NGS_H19_LOI_Rep2","Read_2540",0.968779397902377,"Subpopulation_1"
"NGS_H19_LOI_Rep2","Read_2541",0.974792328435236,"Subpopulation_1"
"NGS_H19_LOI_Rep2","Read_2542",0.979173576469007,"Subpopulation_1"
"NGS_H19_LOI_Rep2","Read_2543",0.98110099986918,"Subpopulation_1"
"NGS_H19_LOI_Rep2","Read_2544",0.974215583980476,"Subpopulation_1"
"NGS_H19_LOI_Rep2","Read_2545",0.967353134343366,"Subpopulation_1"
"NGS_H19_LOI_Rep2","Read_2546",0.98242180124858,"Subpopulation_1"
"NGS_H19_LOI_Rep2","Read_2547",0.9876632905819,"Subpopulation_1"
"NGS_H19_LOI_Rep2","Read_2548",0.978422707849059,"Subpopulation_1"
"NGS_H19_LOI_Rep2","Read_2549",0.981383839081021,"Subpopulation_1"
"NGS_H19_LOI_Rep2","Read_2550",0.979546385778116,"Subpopulation_1"
"NGS_H19_LOI_Rep2","Read_2551",0.980755304465641,"Subpopulation_1"
"NGS_H19_LOI_Rep2","Read_2552",0.974448442286388,"Subpopulation_1"
"NGS_H19_LOI_Rep2","Read_2553",0.987681729772753,"Subpopulation_1"
"NGS_H19_LOI_Rep2","Read_2554",0.977621011270245,"Subpopulation_1"
"NGS_H19_LOI_Rep2","Read_2555",0.983027779923336,"Subpopulation_1"
"NGS_H19_LOI_Rep2","Read_2556",0.979062454806156,"Subpopulation_1"
"NGS_H19_LOI_Rep2","Read_2557",0.979450584992204,"Subpopulation_1"
"NGS_H19_LOI_Rep2","Read_2558",0.978675575833443,"Subpopulation_1"
"NGS_H19_LOI_Rep2","Read_2559",0.98627257674036,"Subpopulation_1"
"NGS_H19_LOI_Rep2","Read_2560",0.979088577817733,"Subpopulation_1"
"NGS_H19_LOI_Rep2","Read_2561",0.98355740008615,"Subpopulation_1"
"NGS_H19_LOI_Rep2","Read_2562",0.982082192584578,"Subpopulation_1"
"NGS_H19_LOI_Rep2","Read_2563",0.979213372474595,"Subpopulation_1"
"NGS_H19_LOI_Rep2","Read_2564",0.980734695969519,"Subpopulation_1"
"NGS_H19_LOI_Rep2","Read_2565",0.976541389954758,"Subpopulation_1"
"NGS_H19_LOI_Rep2","Read_2566",0.983124278377595,"Subpopulation_1"
"NGS_H19_LOI_Rep2","Read_2567",0.974593015555291,"Subpopulation_1"
"NGS_H19_LOI_Rep2","Read_2568",0.979483819378505,"Subpopulation_1"
"NGS_H19_LOI_Rep2","Read_2569",0.976236105775391,"Subpopulation_1"
"NGS_H19_LOI_Rep2","Read_2570",0.982589268777567,"Subpopulation_1"
"NGS_H19_LOI_Rep2","Read_2571",0.983063719803218,"Subpopulation_1"
"NGS_H19_LOI_Rep2","Read_2572",0.974373710285723,"Subpopulation_1"
"NGS_H19_LOI_Rep2","Read_2573",0.985875524730037,"Subpopulation_1"
"NGS_H19_LOI_Rep2","Read_2574",0.982116139908139,"Subpopulation_1"
"NGS_H19_LOI_Rep2","Read_2575",0.979565800573973,"Subpopulation_1"
"NGS_H19_LOI_Rep2","Read_2576",0.975951562153253,"Subpopulation_1"
"NGS_H19_LOI_Rep2","Read_2577",0.981959448896986,"Subpopulation_1"
"NGS_H19_LOI_Rep2","Read_2578",0.977888703880948,"Subpopulation_1"
"NGS_H19_LOI_Rep2","Read_2579",0.98566063635587,"Subpopulation_1"
"NGS_H19_LOI_Rep2","Read_2580",0.985239441775277,"Subpopulation_1"
"NGS_H19_LOI_Rep2","Read_2581",0.973682690332891,"Subpopulation_1"
"NGS_H19_LOI_Rep2","Read_2582",0.981644189612401,"Subpopulation_1"
"NGS_H19_LOI_Rep2","Read_2583",0.980559672147005,"Subpopulation_1"
"NGS_H19_LOI_Rep2","Read_2584",0.98115205165788,"Subpopulation_1"
"NGS_H19_LOI_Rep2","Read_2585",0.976954240729301,"Subpopulation_1"
"NGS_H19_LOI_Rep2","Read_2586",0.981543488587461,"Subpopulation_1"
"NGS_H19_LOI_Rep2","Read_2587",0.978704748285341,"Subpopulation_1"
"NGS_H19_LOI_Rep2","Read_2588",0.983713720957972,"Subpopulation_1"
"NGS_H19_LOI_Rep2","Read_2589",0.989051896203666,"Subpopulation_1"
"NGS_H19_LOI_Rep2","Read_2590",0.980810275360578,"Subpopulation_1"
"NGS_H19_LOI_Rep2","Read_2591",0.987559088239618,"Subpopulation_1"
"NGS_H19_LOI_Rep2","Read_2592",0.98158017556285,"Subpopulation_1"
"NGS_H19_LOI_Rep2","Read_2593",0.977729416715516,"Subpopulation_1"
"NGS_H19_LOI_Rep2","Read_2594",0.98390746139374,"Subpopulation_1"
"NGS_H19_LOI_Rep2","Read_2595",0.986665958967063,"Subpopulation_1"
"NGS_H19_LOI_Rep2","Read_2596",0.983461335754745,"Subpopulation_1"
"NGS_H19_LOI_Rep2","Read_2597",0.987500953803241,"Subpopulation_1"
"NGS_H19_LOI_Rep2","Read_2598",0.984570893243161,"Subpopulation_1"
"NGS_H19_LOI_Rep2","Read_2599",0.982354359950913,"Subpopulation_1"
"NGS_H19_LOI_Rep2","Read_2600",0.980761378919954,"Subpopulation_1"
"NGS_H19_LOI_Rep2","Read_2601",0.974404579128985,"Subpopulation_1"
"NGS_H19_LOI_Rep2","Read_2602",0.990599596080839,"Subpopulation_1"
"NGS_H19_LOI_Rep2","Read_2603",0.987304657778616,"Subpopulation_1"
"NGS_H19_LOI_Rep2","Read_2604",0.978258788230983,"Subpopulation_1"
"NGS_H19_LOI_Rep2","Read_2605",0.979670323717623,"Subpopulation_1"
"NGS_H19_LOI_Rep2","Read_2606",0.971918211889402,"Subpopulation_1"
"NGS_H19_LOI_Rep2","Read_2607",0.973161333167616,"Subpopulation_1"
"NGS_H19_LOI_Rep2","Read_2608",0.977015162659349,"Subpopulation_1"
"NGS_H19_LOI_Rep2","Read_2609",0.975573129217601,"Subpopulation_1"
"NGS_H19_LOI_Rep2","Read_2610",0.978863898900858,"Subpopulation_1"
"NGS_H19_LOI_Rep2","Read_2611",0.971504113660979,"Subpopulation_1"
"NGS_H19_LOI_Rep2","Read_2612",0.976504222361585,"Subpopulation_1"
"NGS_H19_LOI_Rep2","Read_2613",0.981128998929369,"Subpopulation_1"
"NGS_H19_LOI_Rep2","Read_2614",0.979084080019045,"Subpopulation_1"
"NGS_H19_LOI_Rep2","Read_2615",0.973875754497694,"Subpopulation_1"
"NGS_H19_LOI_Rep2","Read_2616",0.980871433792902,"Subpopulation_1"
"NGS_H19_LOI_Rep2","Read_2617",0.980438217533006,"Subpopulation_1"
"NGS_H19_LOI_Rep2","Read_2618",0.983041122474446,"Subpopulation_1"
"NGS_H19_LOI_Rep2","Read_2619",0.971730119568417,"Subpopulation_1"
"NGS_H19_LOI_Rep2","Read_2620",0.979736309921078,"Subpopulation_1"
"NGS_H19_LOI_Rep2","Read_2621",0.987317598604365,"Subpopulation_1"
"NGS_H19_LOI_Rep2","Read_2622",0.981843696838382,"Subpopulation_1"
"NGS_H19_LOI_Rep2","Read_2623",0.978086125881537,"Subpopulation_1"
"NGS_H19_LOI_Rep2","Read_2624",0.985688423905041,"Subpopulation_1"
"NGS_H19_LOI_Rep2","Read_2625",0.978779909579482,"Subpopulation_1"
"NGS_H19_LOI_Rep2","Read_2626",0.979342549876779,"Subpopulation_1"
"NGS_H19_LOI_Rep2","Read_2627",0.981177499145252,"Subpopulation_1"
"NGS_H19_LOI_Rep2","Read_2628",0.979951711027722,"Subpopulation_1"
"NGS_H19_LOI_Rep2","Read_2629",0.980891040770598,"Subpopulation_1"
"NGS_H19_LOI_Rep2","Read_2630",0.982130421629824,"Subpopulation_1"
"NGS_H19_LOI_Rep2","Read_2631",0.968802331642294,"Subpopulation_1"
"NGS_H19_LOI_Rep2","Read_2632",0.987936101785056,"Subpopulation_1"
"NGS_H19_LOI_Rep2","Read_2633",0.97511670353541,"Subpopulation_1"
"NGS_H19_LOI_Rep2","Read_2634",0.982543441270526,"Subpopulation_1"
"NGS_H19_LOI_Rep2","Read_2635",0.978072287842247,"Subpopulation_1"
"NGS_H19_LOI_Rep2","Read_2636",0.982912928725673,"Subpopulation_1"
"NGS_H19_LOI_Rep2","Read_2637",0.985522378269878,"Subpopulation_1"
"NGS_H19_LOI_Rep2","Read_2638",0.986155565461414,"Subpopulation_1"
"NGS_H19_LOI_Rep2","Read_2639",0.974742965333187,"Subpopulation_1"
"NGS_H19_LOI_Rep2","Read_2640",0.972023219772522,"Subpopulation_1"
"NGS_H19_LOI_Rep2","Read_2641",0.973239365200694,"Subpopulation_1"
"NGS_H19_LOI_Rep2","Read_2642",0.981185300686906,"Subpopulation_1"
"NGS_H19_LOI_Rep2","Read_2643",0.976312350397504,"Subpopulation_1"
"NGS_H19_LOI_Rep2","Read_2644",0.972326178847528,"Subpopulation_1"
"NGS_H19_LOI_Rep2","Read_2645",0.976413535668349,"Subpopulation_1"
"NGS_H19_LOI_Rep2","Read_2646",0.979496095958702,"Subpopulation_1"
"NGS_H19_LOI_Rep2","Read_2647",0.983319119823371,"Subpopulation_1"
"NGS_H19_LOI_Rep2","Read_2648",0.977599101165899,"Subpopulation_1"
"NGS_H19_LOI_Rep2","Read_2649",0.974756497170433,"Subpopulation_1"
"NGS_H19_LOI_Rep2","Read_2650",0.976513819268142,"Subpopulation_1"
"NGS_H19_LOI_Rep2","Read_2651",0.96629731359474,"Subpopulation_1"
"NGS_H19_LOI_Rep2","Read_2652",0.979933214275819,"Subpopulation_1"
"NGS_H19_LOI_Rep2","Read_2653",0.984039697432701,"Subpopulation_1"
"NGS_H19_LOI_Rep2","Read_2654",0.984418597408126,"Subpopulation_1"
"NGS_H19_LOI_Rep2","Read_2655",0.973695013642445,"Subpopulation_1"
"NGS_H19_LOI_Rep2","Read_2656",0.978119977139592,"Subpopulation_1"
"NGS_H19_LOI_Rep2","Read_2657",0.983154666581093,"Subpopulation_1"
"NGS_H19_LOI_Rep2","Read_2658",0.978817486522487,"Subpopulation_1"
"NGS_H19_LOI_Rep2","Read_2659",0.981418729724709,"Subpopulation_1"
"NGS_H19_LOI_Rep2","Read_2660",0.979386603666613,"Subpopulation_1"
"NGS_H19_LOI_Rep2","Read_2661",0.975503382499949,"Subpopulation_1"
"NGS_H19_LOI_Rep2","Read_2662",0.984752824059867,"Subpopulation_1"
"NGS_H19_LOI_Rep2","Read_2663",0.982036051085364,"Subpopulation_1"
"NGS_H19_LOI_Rep2","Read_2664",0.984171109384107,"Subpopulation_1"
"NGS_H19_LOI_Rep2","Read_2665",0.98255648227706,"Subpopulation_1"
"NGS_H19_LOI_Rep2","Read_2666",0.986819427309082,"Subpopulation_1"
"NGS_H19_LOI_Rep2","Read_2667",0.980497998562605,"Subpopulation_1"
"NGS_H19_LOI_Rep2","Read_2668",0.982525925755018,"Subpopulation_1"
"NGS_H19_LOI_Rep2","Read_2669",0.983580594240949,"Subpopulation_1"
"NGS_H19_LOI_Rep2","Read_2670",0.982903305054162,"Subpopulation_1"
"NGS_H19_LOI_Rep2","Read_2671",0.972222589231306,"Subpopulation_1"
"NGS_H19_LOI_Rep2","Read_2672",0.981570639545552,"Subpopulation_1"
"NGS_H19_LOI_Rep2","Read_2673",0.981233976635232,"Subpopulation_1"
"NGS_H19_LOI_Rep2","Read_2674",0.977962278019371,"Subpopulation_1"
"NGS_H19_LOI_Rep2","Read_2675",0.987694678043664,"Subpopulation_1"
"NGS_H19_LOI_Rep2","Read_2676",0.974901601268956,"Subpopulation_1"
"NGS_H19_LOI_Rep2","Read_2677",0.985503288598977,"Subpopulation_1"
"NGS_H19_LOI_Rep2","Read_2678",0.982168033667728,"Subpopulation_1"
"NGS_H19_LOI_Rep2","Read_2679",0.974196812310383,"Subpopulation_1"
"NGS_H19_LOI_Rep2","Read_2680",0.976719585020435,"Subpopulation_1"
"NGS_H19_LOI_Rep2","Read_2681",0.973598029228345,"Subpopulation_1"
"NGS_H19_LOI_Rep2","Read_2682",0.9855234276355,"Subpopulation_1"
"NGS_H19_LOI_Rep2","Read_2683",0.979623207339411,"Subpopulation_1"
"NGS_H19_LOI_Rep2","Read_2684",0.983752434551114,"Subpopulation_1"
"NGS_H19_LOI_Rep2","Read_2685",0.980895313254354,"Subpopulation_1"
"NGS_H19_LOI_Rep2","Read_2686",0.977081653371162,"Subpopulation_1"
"NGS_H19_LOI_Rep2","Read_2687",0.983054455909917,"Subpopulation_1"
"NGS_H19_LOI_Rep2","Read_2688",0.986616514317019,"Subpopulation_1"
"NGS_H19_LOI_Rep2","Read_2689",0.97871297606459,"Subpopulation_1"
"NGS_H19_LOI_Rep2","Read_2690",0.981274197402986,"Subpopulation_1"
"NGS_H19_LOI_Rep2","Read_2691",0.980470324250387,"Subpopulation_1"
"NGS_H19_LOI_Rep2","Read_2692",0.979973531511962,"Subpopulation_1"
"NGS_H19_LOI_Rep2","Read_2693",0.983792735665461,"Subpopulation_1"
"NGS_H19_LOI_Rep2","Read_2694",0.978298230914874,"Subpopulation_1"
"NGS_H19_LOI_Rep2","Read_2695",0.981674338902012,"Subpopulation_1"
"NGS_H19_LOI_Rep2","Read_2696",0.979582050545415,"Subpopulation_1"
"NGS_H19_LOI_Rep2","Read_2697",0.978955124260663,"Subpopulation_1"
"NGS_H19_LOI_Rep2","Read_2698",0.983982680514732,"Subpopulation_1"
"NGS_H19_LOI_Rep2","Read_2699",0.975677619634462,"Subpopulation_1"
"NGS_H19_LOI_Rep2","Read_2700",0.976837186266055,"Subpopulation_1"
"NGS_H19_LOI_Rep2","Read_2701",0.977050739663727,"Subpopulation_1"
"NGS_H19_LOI_Rep2","Read_2702",0.976844489135714,"Subpopulation_1"
"NGS_H19_LOI_Rep2","Read_2703",0.98706812150098,"Subpopulation_1"
"NGS_H19_LOI_Rep2","Read_2704",0.985542692387292,"Subpopulation_1"
"NGS_H19_LOI_Rep2","Read_2705",0.985027069262829,"Subpopulation_1"
"NGS_H19_LOI_Rep2","Read_2706",0.978828309545997,"Subpopulation_1"
"NGS_H19_LOI_Rep2","Read_2707",0.971971085768289,"Subpopulation_1"
"NGS_H19_LOI_Rep2","Read_2708",0.983027251137527,"Subpopulation_1"
"NGS_H19_LOI_Rep2","Read_2709",0.983788808443567,"Subpopulation_1"
"NGS_H19_LOI_Rep2","Read_2710",0.981290313630731,"Subpopulation_1"
"NGS_H19_LOI_Rep2","Read_2711",0.984793344838165,"Subpopulation_1"
"NGS_H19_LOI_Rep2","Read_2712",0.985363932544216,"Subpopulation_1"
"NGS_H19_LOI_Rep2","Read_2713",0.974374349419498,"Subpopulation_1"
"NGS_H19_LOI_Rep2","Read_2714",0.976217464811859,"Subpopulation_1"
"NGS_H19_LOI_Rep2","Read_2715",0.97934763463784,"Subpopulation_1"
"NGS_H19_LOI_Rep2","Read_2716",0.983024215041017,"Subpopulation_1"
"NGS_H19_LOI_Rep2","Read_2717",0.989291103569675,"Subpopulation_1"
"NGS_H19_LOI_Rep2","Read_2718",0.982354766944308,"Subpopulation_1"
"NGS_H19_LOI_Rep2","Read_2719",0.979062498328774,"Subpopulation_1"
"NGS_H19_LOI_Rep2","Read_2720",0.971441115979455,"Subpopulation_1"
"NGS_H19_LOI_Rep2","Read_2721",0.977957788594849,"Subpopulation_1"
"NGS_H19_LOI_Rep2","Read_2722",0.978875117722465,"Subpopulation_1"
"NGS_H19_LOI_Rep2","Read_2723",0.971510889269178,"Subpopulation_1"
"NGS_H19_LOI_Rep2","Read_2724",0.982274341491497,"Subpopulation_1"
"NGS_H19_LOI_Rep2","Read_2725",0.983404308810808,"Subpopulation_1"
"NGS_H19_LOI_Rep2","Read_2726",0.982502447158263,"Subpopulation_1"
"NGS_H19_LOI_Rep2","Read_2727",0.977835252594601,"Subpopulation_1"
"NGS_H19_LOI_Rep2","Read_2728",0.98482754266336,"Subpopulation_1"
"NGS_H19_LOI_Rep2","Read_2729",0.982344010822319,"Subpopulation_1"
"NGS_H19_LOI_Rep2","Read_2730",0.976055415743997,"Subpopulation_1"
"NGS_H19_LOI_Rep2","Read_2731",0.976639631580861,"Subpopulation_1"
"NGS_H19_LOI_Rep2","Read_2732",0.976947037739209,"Subpopulation_1"
"NGS_H19_LOI_Rep2","Read_2733",0.977727104465702,"Subpopulation_1"
"NGS_H19_LOI_Rep2","Read_2734",0.982267845873833,"Subpopulation_1"
"NGS_H19_LOI_Rep2","Read_2735",0.983085858136937,"Subpopulation_1"
"NGS_H19_LOI_Rep2","Read_2736",0.979210675904571,"Subpopulation_1"
"NGS_H19_LOI_Rep2","Read_2737",0.975603967889657,"Subpopulation_1"
"NGS_H19_LOI_Rep2","Read_2738",0.984763716800571,"Subpopulation_1"
"NGS_H19_LOI_Rep2","Read_2739",0.985078910034093,"Subpopulation_1"
"NGS_H19_LOI_Rep2","Read_2740",0.983727215568152,"Subpopulation_1"
"NGS_H19_LOI_Rep2","Read_2741",0.982549953097119,"Subpopulation_1"
"NGS_H19_LOI_Rep2","Read_2742",0.979685871942958,"Subpopulation_1"
"NGS_H19_LOI_Rep2","Read_2743",0.983956983537872,"Subpopulation_1"
"NGS_H19_LOI_Rep2","Read_2744",0.978733067414298,"Subpopulation_1"
"NGS_H19_LOI_Rep2","Read_2745",0.97742066984288,"Subpopulation_1"
"NGS_H19_LOI_Rep2","Read_2746",0.981954464615981,"Subpopulation_1"
"NGS_H19_LOI_Rep2","Read_2747",0.981999620687544,"Subpopulation_1"
"NGS_H19_LOI_Rep2","Read_2748",0.982048523401102,"Subpopulation_1"
"NGS_H19_LOI_Rep2","Read_2749",0.983203841517194,"Subpopulation_1"
"NGS_H19_LOI_Rep2","Read_2750",0.979188365558972,"Subpopulation_1"
"NGS_H19_LOI_Rep2","Read_2751",0.982651027571386,"Subpopulation_1"
"NGS_H19_LOI_Rep2","Read_2752",0.983749984538351,"Subpopulation_1"
"NGS_H19_LOI_Rep2","Read_2753",0.978492636390781,"Subpopulation_1"
"NGS_H19_LOI_Rep2","Read_2754",0.977906848071109,"Subpopulation_1"
"NGS_H19_LOI_Rep2","Read_2755",0.976341631048996,"Subpopulation_1"
"NGS_H19_LOI_Rep2","Read_2756",0.975753689746611,"Subpopulation_1"
"NGS_H19_LOI_Rep2","Read_2757",0.980484336887676,"Subpopulation_1"
"NGS_H19_LOI_Rep2","Read_2758",0.980891650440451,"Subpopulation_1"
"NGS_H19_LOI_Rep2","Read_2759",0.972141288516458,"Subpopulation_1"
"NGS_H19_LOI_Rep2","Read_2760",0.972936565978622,"Subpopulation_1"
"NGS_H19_LOI_Rep2","Read_2761",0.984940614094196,"Subpopulation_1"
"NGS_H19_LOI_Rep2","Read_2762",0.973507375488597,"Subpopulation_1"
"NGS_H19_LOI_Rep2","Read_2763",0.980088054790846,"Subpopulation_1"
"NGS_H19_LOI_Rep2","Read_2764",0.968387476574101,"Subpopulation_1"
"NGS_H19_LOI_Rep2","Read_2765",0.973816553739056,"Subpopulation_1"
"NGS_H19_LOI_Rep2","Read_2766",0.977849787793917,"Subpopulation_1"
"NGS_H19_LOI_Rep2","Read_2767",0.978794949583714,"Subpopulation_1"
"NGS_H19_LOI_Rep2","Read_2768",0.986414975545468,"Subpopulation_1"
"NGS_H19_LOI_Rep2","Read_2769",0.982072568465145,"Subpopulation_1"
"NGS_H19_LOI_Rep2","Read_2770",0.973284444705149,"Subpopulation_1"
"NGS_H19_LOI_Rep2","Read_2771",0.975846826068701,"Subpopulation_1"
"NGS_H19_LOI_Rep2","Read_2772",0.984660648468624,"Subpopulation_1"
"NGS_H19_LOI_Rep2","Read_2773",0.969508495023248,"Subpopulation_1"
"NGS_H19_LOI_Rep2","Read_2774",0.983318439110608,"Subpopulation_1"
"NGS_H19_LOI_Rep2","Read_2775",0.983161549210992,"Subpopulation_1"
"NGS_H19_LOI_Rep2","Read_2776",0.97575713715273,"Subpopulation_1"
"NGS_H19_LOI_Rep2","Read_2777",0.980410187607526,"Subpopulation_1"
"NGS_H19_LOI_Rep2","Read_2778",0.983302483987445,"Subpopulation_1"
"NGS_H19_LOI_Rep2","Read_2779",0.98141609498968,"Subpopulation_1"
"NGS_H19_LOI_Rep2","Read_2780",0.980535715291813,"Subpopulation_1"
"NGS_H19_LOI_Rep2","Read_2781",0.98243103866757,"Subpopulation_1"
"NGS_H19_LOI_Rep2","Read_2782",0.98183953547899,"Subpopulation_1"
"NGS_H19_LOI_Rep2","Read_2783",0.986357452120828,"Subpopulation_1"
"NGS_H19_LOI_Rep2","Read_2784",0.972501496303842,"Subpopulation_1"
"NGS_H19_LOI_Rep2","Read_2785",0.970788028903906,"Subpopulation_1"
"NGS_H19_LOI_Rep2","Read_2786",0.976450483482586,"Subpopulation_1"
"NGS_H19_LOI_Rep2","Read_2787",0.978094611601776,"Subpopulation_1"
"NGS_H19_LOI_Rep2","Read_2788",0.973525012307838,"Subpopulation_1"
"NGS_H19_LOI_Rep2","Read_2789",0.978213440261239,"Subpopulation_1"
"NGS_H19_LOI_Rep2","Read_2790",0.966189215372645,"Subpopulation_1"
"NGS_H19_LOI_Rep2","Read_2791",0.978456235141491,"Subpopulation_1"
"NGS_H19_LOI_Rep2","Read_2792",0.981462000126911,"Subpopulation_1"
"NGS_H19_LOI_Rep2","Read_2793",0.975484424478123,"Subpopulation_1"
"NGS_H19_LOI_Rep2","Read_2794",0.975532520488558,"Subpopulation_1"
"NGS_H19_LOI_Rep2","Read_2795",0.98402991812504,"Subpopulation_1"
"NGS_H19_LOI_Rep2","Read_2796",0.981832216977255,"Subpopulation_1"
"NGS_H19_LOI_Rep2","Read_2797",0.968630971667692,"Subpopulation_1"
"NGS_H19_LOI_Rep2","Read_2798",0.984866874179553,"Subpopulation_1"
"NGS_H19_LOI_Rep2","Read_2799",0.97619314893284,"Subpopulation_1"
"NGS_H19_LOI_Rep2","Read_2800",0.983411029524044,"Subpopulation_1"
"NGS_H19_LOI_Rep2","Read_2801",0.983532148530209,"Subpopulation_1"
"NGS_H19_LOI_Rep2","Read_2802",0.980116468194143,"Subpopulation_1"
"NGS_H19_LOI_Rep2","Read_2803",0.982028908550894,"Subpopulation_1"
"NGS_H19_LOI_Rep2","Read_2804",0.974774938774852,"Subpopulation_1"
"NGS_H19_LOI_Rep2","Read_2805",0.982911783758498,"Subpopulation_1"
"NGS_H19_LOI_Rep2","Read_2806",0.982887825851796,"Subpopulation_1"
"NGS_H19_LOI_Rep2","Read_2807",0.982935297746458,"Subpopulation_1"
"NGS_H19_LOI_Rep2","Read_2808",0.983273608446718,"Subpopulation_1"
"NGS_H19_LOI_Rep2","Read_2809",0.982269283296036,"Subpopulation_1"
"NGS_H19_LOI_Rep2","Read_2810",0.981289573951056,"Subpopulation_1"
"NGS_H19_LOI_Rep2","Read_2811",0.978874912519035,"Subpopulation_1"
"NGS_H19_LOI_Rep2","Read_2812",0.984559104149492,"Subpopulation_1"
"NGS_H19_LOI_Rep2","Read_2813",0.979756626586248,"Subpopulation_1"
"NGS_H19_LOI_Rep2","Read_2814",0.977090018155148,"Subpopulation_1"
"NGS_H19_LOI_Rep2","Read_2815",0.982581129258142,"Subpopulation_1"
"NGS_H19_LOI_Rep2","Read_2816",0.970635197646622,"Subpopulation_1"
"NGS_H19_LOI_Rep2","Read_2817",0.98725791786959,"Subpopulation_1"
"NGS_H19_LOI_Rep2","Read_2818",0.979372343117771,"Subpopulation_1"
"NGS_H19_LOI_Rep2","Read_2819",0.981022653651809,"Subpopulation_1"
"NGS_H19_LOI_Rep2","Read_2820",0.974946566562854,"Subpopulation_1"
"NGS_H19_LOI_Rep2","Read_2821",0.973946672010031,"Subpopulation_1"
"NGS_H19_LOI_Rep2","Read_2822",0.978439501831589,"Subpopulation_1"
"NGS_H19_LOI_Rep2","Read_2823",0.982605720362232,"Subpopulation_1"
"NGS_H19_LOI_Rep2","Read_2824",0.983863503054885,"Subpopulation_1"
"NGS_H19_LOI_Rep2","Read_2825",0.981819532071947,"Subpopulation_1"
"NGS_H19_LOI_Rep2","Read_2826",0.984516792620609,"Subpopulation_1"
"NGS_H19_LOI_Rep2","Read_2827",0.984033211440243,"Subpopulation_1"
"NGS_H19_LOI_Rep2","Read_2828",0.979837476103504,"Subpopulation_1"
"NGS_H19_LOI_Rep2","Read_2829",0.986980556466847,"Subpopulation_1"
"NGS_H19_LOI_Rep2","Read_2830",0.983419821820036,"Subpopulation_1"
"NGS_H19_LOI_Rep2","Read_2831",0.982853738997081,"Subpopulation_1"
"NGS_H19_LOI_Rep2","Read_2832",0.982573990581181,"Subpopulation_1"
"NGS_H19_LOI_Rep2","Read_2833",0.978887519740792,"Subpopulation_1"
"NGS_H19_LOI_Rep2","Read_2834",0.964763794111471,"Subpopulation_1"
"NGS_H19_LOI_Rep2","Read_2835",0.981425669796748,"Subpopulation_1"
"NGS_H19_LOI_Rep2","Read_2836",0.980577547964839,"Subpopulation_1"
"NGS_H19_LOI_Rep2","Read_2837",0.983797089105452,"Subpopulation_1"
"NGS_H19_LOI_Rep2","Read_2838",0.984324046072675,"Subpopulation_1"
"NGS_H19_LOI_Rep2","Read_2839",0.985027227939899,"Subpopulation_1"
"NGS_H19_LOI_Rep2","Read_2840",0.984265793806611,"Subpopulation_1"
"NGS_H19_LOI_Rep2","Read_2841",0.979827998978877,"Subpopulation_1"
"NGS_H19_LOI_Rep2","Read_2842",0.984075458494324,"Subpopulation_1"
"NGS_H19_LOI_Rep2","Read_2843",0.978379761293735,"Subpopulation_1"
"NGS_H19_LOI_Rep2","Read_2844",0.973732446299319,"Subpopulation_1"
"NGS_H19_LOI_Rep2","Read_2845",0.973074751285945,"Subpopulation_1"
"NGS_H19_LOI_Rep2","Read_2846",0.981567312894262,"Subpopulation_1"
"NGS_H19_LOI_Rep2","Read_2847",0.981045173993901,"Subpopulation_1"
"NGS_H19_LOI_Rep2","Read_2848",0.989077399894053,"Subpopulation_1"
"NGS_H19_LOI_Rep2","Read_2849",0.988271076786257,"Subpopulation_1"
"NGS_H19_LOI_Rep2","Read_2850",0.974702271957973,"Subpopulation_1"
"NGS_H19_LOI_Rep2","Read_2851",0.979733581244954,"Subpopulation_1"
"NGS_H19_LOI_Rep2","Read_2852",0.989887485077181,"Subpopulation_1"
"NGS_H19_LOI_Rep2","Read_2853",0.980883709574639,"Subpopulation_1"
"NGS_H19_LOI_Rep2","Read_2854",0.983213752525004,"Subpopulation_1"
"NGS_H19_LOI_Rep2","Read_2855",0.975464968226531,"Subpopulation_1"
"NGS_H19_LOI_Rep2","Read_2856",0.975875772176242,"Subpopulation_1"
"NGS_H19_LOI_Rep2","Read_2857",0.973332099916395,"Subpopulation_1"
"NGS_H19_LOI_Rep2","Read_2858",0.976350797842738,"Subpopulation_1"
"NGS_H19_LOI_Rep2","Read_2859",0.974028807726869,"Subpopulation_1"
"NGS_H19_LOI_Rep2","Read_2860",0.979816093104284,"Subpopulation_1"
"NGS_H19_LOI_Rep2","Read_2861",0.979709023342893,"Subpopulation_1"
"NGS_H19_LOI_Rep2","Read_2862",0.973891287402709,"Subpopulation_1"
"NGS_H19_LOI_Rep2","Read_2863",0.982304080319964,"Subpopulation_1"
"NGS_H19_LOI_Rep2","Read_2864",0.980411576647427,"Subpopulation_1"
"NGS_H19_LOI_Rep2","Read_2865",0.977315432326352,"Subpopulation_1"
"NGS_H19_LOI_Rep2","Read_2866",0.977120773092625,"Subpopulation_1"
"NGS_H19_LOI_Rep2","Read_2867",0.977927780557702,"Subpopulation_1"
"NGS_H19_LOI_Rep2","Read_2868",0.981174825073301,"Subpopulation_1"
"NGS_H19_LOI_Rep2","Read_2869",0.976324310386811,"Subpopulation_1"
"NGS_H19_LOI_Rep2","Read_2870",0.979400026289505,"Subpopulation_1"
"NGS_H19_LOI_Rep2","Read_2871",0.983122814685747,"Subpopulation_1"
"NGS_H19_LOI_Rep2","Read_2872",0.974732130647795,"Subpopulation_1"
"NGS_H19_LOI_Rep2","Read_2873",0.972970095778165,"Subpopulation_1"
"NGS_H19_LOI_Rep2","Read_2874",0.974765940463988,"Subpopulation_1"
"NGS_H19_LOI_Rep2","Read_2875",0.98294481520874,"Subpopulation_1"
"NGS_H19_LOI_Rep2","Read_2876",0.974100112537622,"Subpopulation_1"
"NGS_H19_LOI_Rep2","Read_2877",0.982493107031447,"Subpopulation_1"
"NGS_H19_LOI_Rep2","Read_2878",0.981559886771574,"Subpopulation_1"
"NGS_H19_LOI_Rep2","Read_2879",0.982698413361565,"Subpopulation_1"
"NGS_H19_LOI_Rep2","Read_2880",0.982694809514324,"Subpopulation_1"
"NGS_H19_LOI_Rep2","Read_2881",0.981131992621426,"Subpopulation_1"
"NGS_H19_LOI_Rep2","Read_2882",0.971620619209064,"Subpopulation_1"
"NGS_H19_LOI_Rep2","Read_2883",0.973095446114644,"Subpopulation_1"
"NGS_H19_LOI_Rep2","Read_2884",0.973736536624528,"Subpopulation_1"
"NGS_H19_LOI_Rep2","Read_2885",0.983777933031321,"Subpopulation_1"
"NGS_H19_LOI_Rep2","Read_2886",0.974923215452743,"Subpopulation_1"
"NGS_H19_LOI_Rep2","Read_2887",0.981197673880585,"Subpopulation_1"
"NGS_H19_LOI_Rep2","Read_2888",0.98199840421923,"Subpopulation_1"
"NGS_H19_LOI_Rep2","Read_2889",0.985589939208949,"Subpopulation_1"
"NGS_H19_LOI_Rep2","Read_2890",0.972162231672546,"Subpopulation_1"
"NGS_H19_LOI_Rep2","Read_2891",0.978790504265328,"Subpopulation_1"
"NGS_H19_LOI_Rep2","Read_2892",0.978069875411941,"Subpopulation_1"
"NGS_H19_LOI_Rep2","Read_2893",0.978061458385529,"Subpopulation_1"
"NGS_H19_LOI_Rep2","Read_2894",0.984323953872853,"Subpopulation_1"
"NGS_H19_LOI_Rep2","Read_2895",0.974788288622153,"Subpopulation_1"
"NGS_H19_LOI_Rep2","Read_2896",0.973911574758068,"Subpopulation_1"
"NGS_H19_LOI_Rep2","Read_2897",0.979208268349875,"Subpopulation_1"
"NGS_H19_LOI_Rep2","Read_2898",0.97913774595262,"Subpopulation_1"
"NGS_H19_LOI_Rep2","Read_2899",0.987019698393738,"Subpopulation_1"
"NGS_H19_LOI_Rep2","Read_2900",0.978397360096065,"Subpopulation_1"
"NGS_H19_LOI_Rep2","Read_2901",0.980946365292624,"Subpopulation_1"
"NGS_H19_LOI_Rep2","Read_2902",0.984996547095696,"Subpopulation_1"
"NGS_H19_LOI_Rep2","Read_2903",0.975456920231871,"Subpopulation_1"
"NGS_H19_LOI_Rep2","Read_2904",0.983842044583521,"Subpopulation_1"
"NGS_H19_LOI_Rep2","Read_2905",0.983971262111413,"Subpopulation_1"
"NGS_H19_LOI_Rep2","Read_2906",0.978068358797555,"Subpopulation_1"
"NGS_H19_LOI_Rep2","Read_2907",0.984631571046698,"Subpopulation_1"
"NGS_H19_LOI_Rep2","Read_2908",0.979438175372474,"Subpopulation_1"
"NGS_H19_LOI_Rep2","Read_2909",0.981067551855125,"Subpopulation_1"
"NGS_H19_LOI_Rep2","Read_2910",0.976910299658994,"Subpopulation_1"
"NGS_H19_LOI_Rep2","Read_2911",0.980786590722906,"Subpopulation_1"
"NGS_H19_LOI_Rep2","Read_2912",0.985403887437583,"Subpopulation_1"
"NGS_H19_LOI_Rep2","Read_2913",0.975348530426805,"Subpopulation_1"
"NGS_H19_LOI_Rep2","Read_2914",0.977612039523705,"Subpopulation_1"
"NGS_H19_LOI_Rep2","Read_2915",0.989304313281204,"Subpopulation_1"
"NGS_H19_LOI_Rep2","Read_2916",0.984777272449426,"Subpopulation_1"
"NGS_H19_LOI_Rep2","Read_2917",0.974687457781487,"Subpopulation_1"
"NGS_H19_LOI_Rep2","Read_2918",0.975125358582502,"Subpopulation_1"
"NGS_H19_LOI_Rep2","Read_2919",0.978638586730026,"Subpopulation_1"
"NGS_H19_LOI_Rep2","Read_2920",0.980401992385877,"Subpopulation_1"
"NGS_H19_LOI_Rep2","Read_2921",0.973863967426293,"Subpopulation_1"
"NGS_H19_LOI_Rep2","Read_2922",0.97997546962892,"Subpopulation_1"
"NGS_H19_LOI_Rep2","Read_2923",0.979474811137766,"Subpopulation_1"
"NGS_H19_LOI_Rep2","Read_2924",0.98330260246396,"Subpopulation_1"
"NGS_H19_LOI_Rep2","Read_2925",0.984959107802913,"Subpopulation_1"
"NGS_H19_LOI_Rep2","Read_2926",0.981245833924707,"Subpopulation_1"
"NGS_H19_LOI_Rep2","Read_2927",0.980913566076664,"Subpopulation_1"
"NGS_H19_LOI_Rep2","Read_2928",0.975853319697738,"Subpopulation_1"
"NGS_H19_LOI_Rep2","Read_2929",0.979751237377536,"Subpopulation_1"
"NGS_H19_LOI_Rep2","Read_2930",0.976100957735415,"Subpopulation_1"
"NGS_H19_LOI_Rep2","Read_2931",0.984937637848183,"Subpopulation_1"
"NGS_H19_LOI_Rep2","Read_2932",0.980000829424076,"Subpopulation_1"
"NGS_H19_LOI_Rep2","Read_2933",0.981000868330092,"Subpopulation_1"
"NGS_H19_LOI_Rep2","Read_2934",0.980457864465244,"Subpopulation_1"
"NGS_H19_LOI_Rep2","Read_2935",0.984562015292827,"Subpopulation_1"
"NGS_H19_LOI_Rep2","Read_2936",0.984545070666526,"Subpopulation_1"
"NGS_H19_LOI_Rep2","Read_2937",0.978641827804776,"Subpopulation_1"
"NGS_H19_LOI_Rep2","Read_2938",0.986788255288959,"Subpopulation_1"
"NGS_H19_LOI_Rep2","Read_2939",0.980997976760528,"Subpopulation_1"
"NGS_H19_LOI_Rep2","Read_2940",0.988456224632896,"Subpopulation_1"
"NGS_H19_LOI_Rep2","Read_2941",0.966974043092331,"Subpopulation_1"
"NGS_H19_LOI_Rep2","Read_2942",0.982291028808263,"Subpopulation_1"
"NGS_H19_LOI_Rep2","Read_2943",0.975035155382965,"Subpopulation_1"
"NGS_H19_LOI_Rep2","Read_2944",0.978300911164584,"Subpopulation_1"
"NGS_H19_LOI_Rep2","Read_2945",0.978444619108907,"Subpopulation_1"
"NGS_H19_LOI_Rep2","Read_2946",0.973329392584199,"Subpopulation_1"
"NGS_H19_LOI_Rep2","Read_2947",0.974871755360933,"Subpopulation_1"
"NGS_H19_LOI_Rep2","Read_2948",0.98524247379137,"Subpopulation_1"
"NGS_H19_LOI_Rep2","Read_2949",0.984348212654182,"Subpopulation_1"
"NGS_H19_LOI_Rep2","Read_2950",0.980015975169227,"Subpopulation_1"
"NGS_H19_LOI_Rep2","Read_2951",0.982566008678532,"Subpopulation_1"
"NGS_H19_LOI_Rep2","Read_2952",0.979306344540899,"Subpopulation_1"
"NGS_H19_LOI_Rep2","Read_2953",0.982074547346587,"Subpopulation_1"
"NGS_H19_LOI_Rep2","Read_2954",0.982288531983478,"Subpopulation_1"
"NGS_H19_LOI_Rep2","Read_2955",0.981165160856328,"Subpopulation_1"
"NGS_H19_LOI_Rep2","Read_2956",0.969505915806563,"Subpopulation_1"
"NGS_H19_LOI_Rep2","Read_2957",0.981342014663984,"Subpopulation_1"
"NGS_H19_LOI_Rep2","Read_2958",0.983265231601717,"Subpopulation_1"
"NGS_H19_LOI_Rep2","Read_2959",0.98363589756473,"Subpopulation_1"
"NGS_H19_LOI_Rep2","Read_2960",0.984206722656826,"Subpopulation_1"
"NGS_H19_LOI_Rep2","Read_2961",0.980602384415715,"Subpopulation_1"
"NGS_H19_LOI_Rep2","Read_2962",0.975542764032124,"Subpopulation_1"
"NGS_H19_LOI_Rep2","Read_2963",0.985980666776208,"Subpopulation_1"
"NGS_H19_LOI_Rep2","Read_2964",0.983355951258435,"Subpopulation_1"
"NGS_H19_LOI_Rep2","Read_2965",0.975999270118703,"Subpopulation_1"
"NGS_H19_LOI_Rep2","Read_2966",0.979631585418683,"Subpopulation_1"
"NGS_H19_LOI_Rep2","Read_2967",0.985532723628251,"Subpopulation_1"
"NGS_H19_LOI_Rep2","Read_2968",0.979199262043289,"Subpopulation_1"
"NGS_H19_LOI_Rep2","Read_2969",0.984300541159733,"Subpopulation_1"
"NGS_H19_LOI_Rep2","Read_2970",0.981135353498541,"Subpopulation_1"
"NGS_H19_LOI_Rep2","Read_2971",0.97545940012023,"Subpopulation_1"
"NGS_H19_LOI_Rep2","Read_2972",0.9839724339741,"Subpopulation_1"
"NGS_H19_LOI_Rep2","Read_2973",0.982835740690546,"Subpopulation_1"
"NGS_H19_LOI_Rep2","Read_2974",0.98398748822114,"Subpopulation_1"
"NGS_H19_LOI_Rep2","Read_2975",0.984107647284002,"Subpopulation_1"
"NGS_H19_LOI_Rep2","Read_2976",0.976525188130283,"Subpopulation_1"
"NGS_H19_LOI_Rep2","Read_2977",0.969565212325862,"Subpopulation_1"
"NGS_H19_LOI_Rep2","Read_2978",0.980894197164795,"Subpopulation_1"
"NGS_H19_LOI_Rep2","Read_2979",0.978836752702734,"Subpopulation_1"
"NGS_H19_LOI_Rep2","Read_2980",0.976964002834026,"Subpopulation_1"
"NGS_H19_LOI_Rep2","Read_2981",0.980650808012864,"Subpopulation_1"
"NGS_H19_LOI_Rep2","Read_2982",0.976474054866659,"Subpopulation_1"
"NGS_H19_LOI_Rep2","Read_2983",0.982388207310912,"Subpopulation_1"
"NGS_H19_LOI_Rep2","Read_2984",0.975970127780292,"Subpopulation_1"
"NGS_H19_LOI_Rep2","Read_2985",0.986200932841962,"Subpopulation_1"
"NGS_H19_LOI_Rep2","Read_2986",0.9815805653741,"Subpopulation_1"
"NGS_H19_LOI_Rep2","Read_2987",0.981708983766594,"Subpopulation_1"
"NGS_H19_LOI_Rep2","Read_2988",0.97589627529355,"Subpopulation_1"
"NGS_H19_LOI_Rep2","Read_2989",0.967687868851118,"Subpopulation_1"
"NGS_H19_LOI_Rep2","Read_2990",0.977913024523736,"Subpopulation_1"
"NGS_H19_LOI_Rep2","Read_2991",0.981330129964081,"Subpopulation_1"
"NGS_H19_LOI_Rep2","Read_2992",0.971917634310759,"Subpopulation_1"
"NGS_H19_LOI_Rep2","Read_2993",0.986238111789487,"Subpopulation_1"
"NGS_H19_LOI_Rep2","Read_2994",0.976896309213906,"Subpopulation_1"
"NGS_H19_LOI_Rep2","Read_2995",0.98236887503287,"Subpopulation_1"
"NGS_H19_LOI_Rep2","Read_2996",0.980967967202331,"Subpopulation_1"
"NGS_H19_LOI_Rep2","Read_2997",0.979337833789195,"Subpopulation_1"
"NGS_H19_LOI_Rep2","Read_2998",0.975933613338368,"Subpopulation_1"
"NGS_H19_LOI_Rep2","Read_2999",0.975520819642572,"Subpopulation_1"
"NGS_H19_LOI_Rep2","Read_3000",0.983163463891354,"Subpopulation_1"
