"Sample","ReadID","sampled_methylation","allele"
"NGS_H19_Normal_Rep3","Read_1",0.982137428504616,"Subpopulation_2"
"NGS_H19_Normal_Rep3","Read_2",0.975510604837649,"Subpopulation_2"
"NGS_H19_Normal_Rep3","Read_3",0.0160195263056826,"Subpopulation_1"
"NGS_H19_Normal_Rep3","Read_4",0.987178202200049,"Subpopulation_2"
"NGS_H19_Normal_Rep3","Read_5",0.0145609429692096,"Subpopulation_1"
"NGS_H19_Normal_Rep3","Read_6",0.982088675868629,"Subpopulation_2"
"NGS_H19_Normal_Rep3","Read_7",0.966644845418301,"Subpopulation_2"
"NGS_H19_Normal_Rep3","Read_8",0.989989382725939,"Subpopulation_2"
"NGS_H19_Normal_Rep3","Read_9",0.0122873622227087,"Subpopulation_1"
"NGS_H19_Normal_Rep3","Read_10",0.0210184976855229,"Subpopulation_1"
"NGS_H19_Normal_Rep3","Read_11",0.9849505316205,"Subpopulation_2"
"NGS_H19_Normal_Rep3","Read_12",0.975278239820811,"Subpopulation_2"
"NGS_H19_Normal_Rep3","Read_13",0.0266922405374564,"Subpopulation_1"
"NGS_H19_Normal_Rep3","Read_14",0.970846322124121,"Subpopulation_2"
"NGS_H19_Normal_Rep3","Read_15",0.979650613738898,"Subpopulation_2"
"NGS_H19_Normal_Rep3","Read_16",0.0169135085810781,"Subpopulation_1"
"NGS_H19_Normal_Rep3","Read_17",0.983582286607324,"Subpopulation_2"
"NGS_H19_Normal_Rep3","Read_18",0.983406702092632,"Subpopulation_2"
"NGS_H19_Normal_Rep3","Read_19",0.981602752243055,"Subpopulation_2"
"NGS_H19_Normal_Rep3","Read_20",0.0162431257941265,"Subpopulation_1"
"NGS_H19_Normal_Rep3","Read_21",0.0215503177259562,"Subpopulation_1"
"NGS_H19_Normal_Rep3","Read_22",0.0199681867253931,"Subpopulation_1"
"NGS_H19_Normal_Rep3","Read_23",0.0167880590766512,"Subpopulation_1"
"NGS_H19_Normal_Rep3","Read_24",0.984611971306311,"Subpopulation_2"
"NGS_H19_Normal_Rep3","Read_25",0.981497414053711,"Subpopulation_2"
"NGS_H19_Normal_Rep3","Read_26",0.97045056480635,"Subpopulation_2"
"NGS_H19_Normal_Rep3","Read_27",0.0215209794876368,"Subpopulation_1"
"NGS_H19_Normal_Rep3","Read_28",0.983299643390763,"Subpopulation_2"
"NGS_H19_Normal_Rep3","Read_29",0.0190023981148977,"Subpopulation_1"
"NGS_H19_Normal_Rep3","Read_30",0.980275812001209,"Subpopulation_2"
"NGS_H19_Normal_Rep3","Read_31",0.0202627177242106,"Subpopulation_1"
"NGS_H19_Normal_Rep3","Read_32",0.980449334967451,"Subpopulation_2"
"NGS_H19_Normal_Rep3","Read_33",0.0285337307872917,"Subpopulation_1"
"NGS_H19_Normal_Rep3","Read_34",0.0181430845427386,"Subpopulation_1"
"NGS_H19_Normal_Rep3","Read_35",0.976248396330498,"Subpopulation_2"
"NGS_H19_Normal_Rep3","Read_36",0.983045897890025,"Subpopulation_2"
"NGS_H19_Normal_Rep3","Read_37",0.973599091617521,"Subpopulation_2"
"NGS_H19_Normal_Rep3","Read_38",0.986652538143685,"Subpopulation_2"
"NGS_H19_Normal_Rep3","Read_39",0.020508052411373,"Subpopulation_1"
"NGS_H19_Normal_Rep3","Read_40",0.0214629254746257,"Subpopulation_1"
"NGS_H19_Normal_Rep3","Read_41",0.0293192670052624,"Subpopulation_1"
"NGS_H19_Normal_Rep3","Read_42",0.984232871605839,"Subpopulation_2"
"NGS_H19_Normal_Rep3","Read_43",0.986851294963057,"Subpopulation_2"
"NGS_H19_Normal_Rep3","Read_44",0.987228500187605,"Subpopulation_2"
"NGS_H19_Normal_Rep3","Read_45",0.0187292188702084,"Subpopulation_1"
"NGS_H19_Normal_Rep3","Read_46",0.981547659967274,"Subpopulation_2"
"NGS_H19_Normal_Rep3","Read_47",0.971949111197668,"Subpopulation_2"
"NGS_H19_Normal_Rep3","Read_48",0.0112522321412806,"Subpopulation_1"
"NGS_H19_Normal_Rep3","Read_49",0.9832895950762,"Subpopulation_2"
"NGS_H19_Normal_Rep3","Read_50",0.0197742835504669,"Subpopulation_1"
"NGS_H19_Normal_Rep3","Read_51",0.0192586312509875,"Subpopulation_1"
"NGS_H19_Normal_Rep3","Read_52",0.0231152616160843,"Subpopulation_1"
"NGS_H19_Normal_Rep3","Read_53",0.0270653517701186,"Subpopulation_1"
"NGS_H19_Normal_Rep3","Read_54",0.0125574404383769,"Subpopulation_1"
"NGS_H19_Normal_Rep3","Read_55",0.980603466841571,"Subpopulation_2"
"NGS_H19_Normal_Rep3","Read_56",0.971477441926934,"Subpopulation_2"
"NGS_H19_Normal_Rep3","Read_57",0.0234509667042722,"Subpopulation_1"
"NGS_H19_Normal_Rep3","Read_58",0.0158992658842805,"Subpopulation_1"
"NGS_H19_Normal_Rep3","Read_59",0.0276231519336861,"Subpopulation_1"
"NGS_H19_Normal_Rep3","Read_60",0.0231193678351677,"Subpopulation_1"
"NGS_H19_Normal_Rep3","Read_61",0.982203272578559,"Subpopulation_2"
"NGS_H19_Normal_Rep3","Read_62",0.0146606530824384,"Subpopulation_1"
"NGS_H19_Normal_Rep3","Read_63",0.984366189700857,"Subpopulation_2"
"NGS_H19_Normal_Rep3","Read_64",0.0242283364757507,"Subpopulation_1"
"NGS_H19_Normal_Rep3","Read_65",0.978185073544256,"Subpopulation_2"
"NGS_H19_Normal_Rep3","Read_66",0.0141547074291665,"Subpopulation_1"
"NGS_H19_Normal_Rep3","Read_67",0.981019369622935,"Subpopulation_2"
"NGS_H19_Normal_Rep3","Read_68",0.983770937138856,"Subpopulation_2"
"NGS_H19_Normal_Rep3","Read_69",0.0231038275691268,"Subpopulation_1"
"NGS_H19_Normal_Rep3","Read_70",0.0154450723110216,"Subpopulation_1"
"NGS_H19_Normal_Rep3","Read_71",0.979050412959502,"Subpopulation_2"
"NGS_H19_Normal_Rep3","Read_72",0.0290985463635188,"Subpopulation_1"
"NGS_H19_Normal_Rep3","Read_73",0.975628153596725,"Subpopulation_2"
"NGS_H19_Normal_Rep3","Read_74",0.98736017020581,"Subpopulation_2"
"NGS_H19_Normal_Rep3","Read_75",0.0176936195302517,"Subpopulation_1"
"NGS_H19_Normal_Rep3","Read_76",0.0267185512040616,"Subpopulation_1"
"NGS_H19_Normal_Rep3","Read_77",0.0201098590600764,"Subpopulation_1"
"NGS_H19_Normal_Rep3","Read_78",0.0198795525373817,"Subpopulation_1"
"NGS_H19_Normal_Rep3","Read_79",0.0255005117656981,"Subpopulation_1"
"NGS_H19_Normal_Rep3","Read_80",0.981818908314354,"Subpopulation_2"
"NGS_H19_Normal_Rep3","Read_81",0.0204194520529917,"Subpopulation_1"
"NGS_H19_Normal_Rep3","Read_82",0.0100644089915897,"Subpopulation_1"
"NGS_H19_Normal_Rep3","Read_83",0.0154914533256538,"Subpopulation_1"
"NGS_H19_Normal_Rep3","Read_84",0.0178760251010069,"Subpopulation_1"
"NGS_H19_Normal_Rep3","Read_85",0.978433779424769,"Subpopulation_2"
"NGS_H19_Normal_Rep3","Read_86",0.987666501447036,"Subpopulation_2"
"NGS_H19_Normal_Rep3","Read_87",0.0182222249544882,"Subpopulation_1"
"NGS_H19_Normal_Rep3","Read_88",0.0182054087149995,"Subpopulation_1"
"NGS_H19_Normal_Rep3","Read_89",0.978736343856477,"Subpopulation_2"
"NGS_H19_Normal_Rep3","Read_90",0.0146329536831151,"Subpopulation_1"
"NGS_H19_Normal_Rep3","Read_91",0.983664937973494,"Subpopulation_2"
"NGS_H19_Normal_Rep3","Read_92",0.0150240517909796,"Subpopulation_1"
"NGS_H19_Normal_Rep3","Read_93",0.0268703871445063,"Subpopulation_1"
"NGS_H19_Normal_Rep3","Read_94",0.0225083574994141,"Subpopulation_1"
"NGS_H19_Normal_Rep3","Read_95",0.982204218497343,"Subpopulation_2"
"NGS_H19_Normal_Rep3","Read_96",0.970947908585675,"Subpopulation_2"
"NGS_H19_Normal_Rep3","Read_97",0.971357365922682,"Subpopulation_2"
"NGS_H19_Normal_Rep3","Read_98",0.986705575052974,"Subpopulation_2"
"NGS_H19_Normal_Rep3","Read_99",0.0116741042962187,"Subpopulation_1"
"NGS_H19_Normal_Rep3","Read_100",0.980372992682939,"Subpopulation_2"
"NGS_H19_Normal_Rep3","Read_101",0.982700764794053,"Subpopulation_2"
"NGS_H19_Normal_Rep3","Read_102",0.984571099441073,"Subpopulation_2"
"NGS_H19_Normal_Rep3","Read_103",0.0264150743675094,"Subpopulation_1"
"NGS_H19_Normal_Rep3","Read_104",0.0165754865271412,"Subpopulation_1"
"NGS_H19_Normal_Rep3","Read_105",0.0260908316426359,"Subpopulation_1"
"NGS_H19_Normal_Rep3","Read_106",0.976852404600957,"Subpopulation_2"
"NGS_H19_Normal_Rep3","Read_107",0.0248386451064499,"Subpopulation_1"
"NGS_H19_Normal_Rep3","Read_108",0.987370844611987,"Subpopulation_2"
"NGS_H19_Normal_Rep3","Read_109",0.978393996214317,"Subpopulation_2"
"NGS_H19_Normal_Rep3","Read_110",0.0147470411835485,"Subpopulation_1"
"NGS_H19_Normal_Rep3","Read_111",0.01829232655169,"Subpopulation_1"
"NGS_H19_Normal_Rep3","Read_112",0.0231872987770234,"Subpopulation_1"
"NGS_H19_Normal_Rep3","Read_113",0.981063634866488,"Subpopulation_2"
"NGS_H19_Normal_Rep3","Read_114",0.983787802872453,"Subpopulation_2"
"NGS_H19_Normal_Rep3","Read_115",0.018009940639366,"Subpopulation_1"
"NGS_H19_Normal_Rep3","Read_116",0.0141881513427287,"Subpopulation_1"
"NGS_H19_Normal_Rep3","Read_117",0.981874979784621,"Subpopulation_2"
"NGS_H19_Normal_Rep3","Read_118",0.981101556403076,"Subpopulation_2"
"NGS_H19_Normal_Rep3","Read_119",0.014025887688841,"Subpopulation_1"
"NGS_H19_Normal_Rep3","Read_120",0.98493942117716,"Subpopulation_2"
"NGS_H19_Normal_Rep3","Read_121",0.978120760520907,"Subpopulation_2"
"NGS_H19_Normal_Rep3","Read_122",0.976340068592112,"Subpopulation_2"
"NGS_H19_Normal_Rep3","Read_123",0.0201043430535628,"Subpopulation_1"
"NGS_H19_Normal_Rep3","Read_124",0.981111202467144,"Subpopulation_2"
"NGS_H19_Normal_Rep3","Read_125",0.982539552018232,"Subpopulation_2"
"NGS_H19_Normal_Rep3","Read_126",0.0180806159414044,"Subpopulation_1"
"NGS_H19_Normal_Rep3","Read_127",0.9778471221744,"Subpopulation_2"
"NGS_H19_Normal_Rep3","Read_128",0.979392519557083,"Subpopulation_2"
"NGS_H19_Normal_Rep3","Read_129",0.982656638727835,"Subpopulation_2"
"NGS_H19_Normal_Rep3","Read_130",0.022604157176369,"Subpopulation_1"
"NGS_H19_Normal_Rep3","Read_131",0.0254063034482992,"Subpopulation_1"
"NGS_H19_Normal_Rep3","Read_132",0.982065406582529,"Subpopulation_2"
"NGS_H19_Normal_Rep3","Read_133",0.0230782438783773,"Subpopulation_1"
"NGS_H19_Normal_Rep3","Read_134",0.980134873763901,"Subpopulation_2"
"NGS_H19_Normal_Rep3","Read_135",0.979282316248538,"Subpopulation_2"
"NGS_H19_Normal_Rep3","Read_136",0.0123866455443097,"Subpopulation_1"
"NGS_H19_Normal_Rep3","Read_137",0.981733167223607,"Subpopulation_2"
"NGS_H19_Normal_Rep3","Read_138",0.978369791105268,"Subpopulation_2"
"NGS_H19_Normal_Rep3","Read_139",0.983931081690085,"Subpopulation_2"
"NGS_H19_Normal_Rep3","Read_140",0.974174435667916,"Subpopulation_2"
"NGS_H19_Normal_Rep3","Read_141",0.973232665410042,"Subpopulation_2"
"NGS_H19_Normal_Rep3","Read_142",0.977082783139196,"Subpopulation_2"
"NGS_H19_Normal_Rep3","Read_143",0.0222025196829103,"Subpopulation_1"
"NGS_H19_Normal_Rep3","Read_144",0.985873524139262,"Subpopulation_2"
"NGS_H19_Normal_Rep3","Read_145",0.0159959939042101,"Subpopulation_1"
"NGS_H19_Normal_Rep3","Read_146",0.0213621445484732,"Subpopulation_1"
"NGS_H19_Normal_Rep3","Read_147",0.974022557210647,"Subpopulation_2"
"NGS_H19_Normal_Rep3","Read_148",0.0161148481211893,"Subpopulation_1"
"NGS_H19_Normal_Rep3","Read_149",0.978533406754628,"Subpopulation_2"
"NGS_H19_Normal_Rep3","Read_150",0.0252218802375806,"Subpopulation_1"
"NGS_H19_Normal_Rep3","Read_151",0.98254017841176,"Subpopulation_2"
"NGS_H19_Normal_Rep3","Read_152",0.981676501802245,"Subpopulation_2"
"NGS_H19_Normal_Rep3","Read_153",0.0184752562180476,"Subpopulation_1"
"NGS_H19_Normal_Rep3","Read_154",0.018654440211811,"Subpopulation_1"
"NGS_H19_Normal_Rep3","Read_155",0.971883702577323,"Subpopulation_2"
"NGS_H19_Normal_Rep3","Read_156",0.0282647403883247,"Subpopulation_1"
"NGS_H19_Normal_Rep3","Read_157",0.984036016479292,"Subpopulation_2"
"NGS_H19_Normal_Rep3","Read_158",0.978891600628278,"Subpopulation_2"
"NGS_H19_Normal_Rep3","Read_159",0.0190704011687708,"Subpopulation_1"
"NGS_H19_Normal_Rep3","Read_160",0.01669707384388,"Subpopulation_1"
"NGS_H19_Normal_Rep3","Read_161",0.0186860250704467,"Subpopulation_1"
"NGS_H19_Normal_Rep3","Read_162",0.0195813762605998,"Subpopulation_1"
"NGS_H19_Normal_Rep3","Read_163",0.976437434571666,"Subpopulation_2"
"NGS_H19_Normal_Rep3","Read_164",0.0187367343748423,"Subpopulation_1"
"NGS_H19_Normal_Rep3","Read_165",0.983724228918668,"Subpopulation_2"
"NGS_H19_Normal_Rep3","Read_166",0.0204179089375287,"Subpopulation_1"
"NGS_H19_Normal_Rep3","Read_167",0.986289334517828,"Subpopulation_2"
"NGS_H19_Normal_Rep3","Read_168",0.984431098267624,"Subpopulation_2"
"NGS_H19_Normal_Rep3","Read_169",0.0179462221020137,"Subpopulation_1"
"NGS_H19_Normal_Rep3","Read_170",0.981768829218557,"Subpopulation_2"
"NGS_H19_Normal_Rep3","Read_171",0.0189946368762413,"Subpopulation_1"
"NGS_H19_Normal_Rep3","Read_172",0.980484999567703,"Subpopulation_2"
"NGS_H19_Normal_Rep3","Read_173",0.974074814307768,"Subpopulation_2"
"NGS_H19_Normal_Rep3","Read_174",0.981107457600457,"Subpopulation_2"
"NGS_H19_Normal_Rep3","Read_175",0.0268395058025149,"Subpopulation_1"
"NGS_H19_Normal_Rep3","Read_176",0.980973791899061,"Subpopulation_2"
"NGS_H19_Normal_Rep3","Read_177",0.0158287304633381,"Subpopulation_1"
"NGS_H19_Normal_Rep3","Read_178",0.97612760395336,"Subpopulation_2"
"NGS_H19_Normal_Rep3","Read_179",0.0160129287600197,"Subpopulation_1"
"NGS_H19_Normal_Rep3","Read_180",0.0176081846628044,"Subpopulation_1"
"NGS_H19_Normal_Rep3","Read_181",0.983586956705499,"Subpopulation_2"
"NGS_H19_Normal_Rep3","Read_182",0.983187220117837,"Subpopulation_2"
"NGS_H19_Normal_Rep3","Read_183",0.0163811592567024,"Subpopulation_1"
"NGS_H19_Normal_Rep3","Read_184",0.0203582053887657,"Subpopulation_1"
"NGS_H19_Normal_Rep3","Read_185",0.987202550928969,"Subpopulation_2"
"NGS_H19_Normal_Rep3","Read_186",0.976085828301266,"Subpopulation_2"
"NGS_H19_Normal_Rep3","Read_187",0.976752334797203,"Subpopulation_2"
"NGS_H19_Normal_Rep3","Read_188",0.987049140644545,"Subpopulation_2"
"NGS_H19_Normal_Rep3","Read_189",0.981671812415218,"Subpopulation_2"
"NGS_H19_Normal_Rep3","Read_190",0.0198775469137348,"Subpopulation_1"
"NGS_H19_Normal_Rep3","Read_191",0.976376260508948,"Subpopulation_2"
"NGS_H19_Normal_Rep3","Read_192",0.980108790555147,"Subpopulation_2"
"NGS_H19_Normal_Rep3","Read_193",0.9810474235649,"Subpopulation_2"
"NGS_H19_Normal_Rep3","Read_194",0.0131330786381076,"Subpopulation_1"
"NGS_H19_Normal_Rep3","Read_195",0.0151107469735969,"Subpopulation_1"
"NGS_H19_Normal_Rep3","Read_196",0.983198078553641,"Subpopulation_2"
"NGS_H19_Normal_Rep3","Read_197",0.983128993057836,"Subpopulation_2"
"NGS_H19_Normal_Rep3","Read_198",0.0229918253896416,"Subpopulation_1"
"NGS_H19_Normal_Rep3","Read_199",0.0181443641552382,"Subpopulation_1"
"NGS_H19_Normal_Rep3","Read_200",0.979029632391633,"Subpopulation_2"
"NGS_H19_Normal_Rep3","Read_201",0.987650117127275,"Subpopulation_2"
"NGS_H19_Normal_Rep3","Read_202",0.976759433669701,"Subpopulation_2"
"NGS_H19_Normal_Rep3","Read_203",0.0188922953929118,"Subpopulation_1"
"NGS_H19_Normal_Rep3","Read_204",0.979468224817013,"Subpopulation_2"
"NGS_H19_Normal_Rep3","Read_205",0.985432057135941,"Subpopulation_2"
"NGS_H19_Normal_Rep3","Read_206",0.980141742692721,"Subpopulation_2"
"NGS_H19_Normal_Rep3","Read_207",0.0178895098532608,"Subpopulation_1"
"NGS_H19_Normal_Rep3","Read_208",0.986671351020991,"Subpopulation_2"
"NGS_H19_Normal_Rep3","Read_209",0.0211357769651445,"Subpopulation_1"
"NGS_H19_Normal_Rep3","Read_210",0.971086251587329,"Subpopulation_2"
"NGS_H19_Normal_Rep3","Read_211",0.973771352272404,"Subpopulation_2"
"NGS_H19_Normal_Rep3","Read_212",0.979304344521478,"Subpopulation_2"
"NGS_H19_Normal_Rep3","Read_213",0.0225977281565456,"Subpopulation_1"
"NGS_H19_Normal_Rep3","Read_214",0.0237281959798787,"Subpopulation_1"
"NGS_H19_Normal_Rep3","Read_215",0.0201021971667149,"Subpopulation_1"
"NGS_H19_Normal_Rep3","Read_216",0.0163420650276761,"Subpopulation_1"
"NGS_H19_Normal_Rep3","Read_217",0.978244392608172,"Subpopulation_2"
"NGS_H19_Normal_Rep3","Read_218",0.981025554179101,"Subpopulation_2"
"NGS_H19_Normal_Rep3","Read_219",0.980665065032389,"Subpopulation_2"
"NGS_H19_Normal_Rep3","Read_220",0.987124332724349,"Subpopulation_2"
"NGS_H19_Normal_Rep3","Read_221",0.982763927331708,"Subpopulation_2"
"NGS_H19_Normal_Rep3","Read_222",0.985456467954251,"Subpopulation_2"
"NGS_H19_Normal_Rep3","Read_223",0.0176284846551166,"Subpopulation_1"
"NGS_H19_Normal_Rep3","Read_224",0.984782663976929,"Subpopulation_2"
"NGS_H19_Normal_Rep3","Read_225",0.0180148167960096,"Subpopulation_1"
"NGS_H19_Normal_Rep3","Read_226",0.0190547371312982,"Subpopulation_1"
"NGS_H19_Normal_Rep3","Read_227",0.0206139565760129,"Subpopulation_1"
"NGS_H19_Normal_Rep3","Read_228",0.974714430373759,"Subpopulation_2"
"NGS_H19_Normal_Rep3","Read_229",0.0234902202686595,"Subpopulation_1"
"NGS_H19_Normal_Rep3","Read_230",0.98107809688485,"Subpopulation_2"
"NGS_H19_Normal_Rep3","Read_231",0.0168190169307888,"Subpopulation_1"
"NGS_H19_Normal_Rep3","Read_232",0.0206211225679155,"Subpopulation_1"
"NGS_H19_Normal_Rep3","Read_233",0.0210623939920659,"Subpopulation_1"
"NGS_H19_Normal_Rep3","Read_234",0.0143974879591496,"Subpopulation_1"
"NGS_H19_Normal_Rep3","Read_235",0.980015897902286,"Subpopulation_2"
"NGS_H19_Normal_Rep3","Read_236",0.97646843028691,"Subpopulation_2"
"NGS_H19_Normal_Rep3","Read_237",0.0109059039116937,"Subpopulation_1"
"NGS_H19_Normal_Rep3","Read_238",0.0159262594837926,"Subpopulation_1"
"NGS_H19_Normal_Rep3","Read_239",0.978038849532932,"Subpopulation_2"
"NGS_H19_Normal_Rep3","Read_240",0.0167310029656552,"Subpopulation_1"
"NGS_H19_Normal_Rep3","Read_241",0.0186400424765864,"Subpopulation_1"
"NGS_H19_Normal_Rep3","Read_242",0.0148543257011658,"Subpopulation_1"
"NGS_H19_Normal_Rep3","Read_243",0.0208082495380344,"Subpopulation_1"
"NGS_H19_Normal_Rep3","Read_244",0.0174181020791896,"Subpopulation_1"
"NGS_H19_Normal_Rep3","Read_245",0.98011570475866,"Subpopulation_2"
"NGS_H19_Normal_Rep3","Read_246",0.981447372502299,"Subpopulation_2"
"NGS_H19_Normal_Rep3","Read_247",0.973303762034074,"Subpopulation_2"
"NGS_H19_Normal_Rep3","Read_248",0.984100618960368,"Subpopulation_2"
"NGS_H19_Normal_Rep3","Read_249",0.977123540193446,"Subpopulation_2"
"NGS_H19_Normal_Rep3","Read_250",0.0168302731748724,"Subpopulation_1"
"NGS_H19_Normal_Rep3","Read_251",0.0114238905672349,"Subpopulation_1"
"NGS_H19_Normal_Rep3","Read_252",0.0159344658956511,"Subpopulation_1"
"NGS_H19_Normal_Rep3","Read_253",0.976983094436276,"Subpopulation_2"
"NGS_H19_Normal_Rep3","Read_254",0.98254614092921,"Subpopulation_2"
"NGS_H19_Normal_Rep3","Read_255",0.984903445402833,"Subpopulation_2"
"NGS_H19_Normal_Rep3","Read_256",0.973056636166581,"Subpopulation_2"
"NGS_H19_Normal_Rep3","Read_257",0.974316410472188,"Subpopulation_2"
"NGS_H19_Normal_Rep3","Read_258",0.980235760720677,"Subpopulation_2"
"NGS_H19_Normal_Rep3","Read_259",0.978565874990801,"Subpopulation_2"
"NGS_H19_Normal_Rep3","Read_260",0.971272172574627,"Subpopulation_2"
"NGS_H19_Normal_Rep3","Read_261",0.976969807513711,"Subpopulation_2"
"NGS_H19_Normal_Rep3","Read_262",0.977534507967787,"Subpopulation_2"
"NGS_H19_Normal_Rep3","Read_263",0.0261291138896869,"Subpopulation_1"
"NGS_H19_Normal_Rep3","Read_264",0.0237215515170876,"Subpopulation_1"
"NGS_H19_Normal_Rep3","Read_265",0.0191147696550232,"Subpopulation_1"
"NGS_H19_Normal_Rep3","Read_266",0.0198916161383199,"Subpopulation_1"
"NGS_H19_Normal_Rep3","Read_267",0.97957475508913,"Subpopulation_2"
"NGS_H19_Normal_Rep3","Read_268",0.980128270930117,"Subpopulation_2"
"NGS_H19_Normal_Rep3","Read_269",0.985393456903815,"Subpopulation_2"
"NGS_H19_Normal_Rep3","Read_270",0.0172712082232911,"Subpopulation_1"
"NGS_H19_Normal_Rep3","Read_271",0.0158186410724324,"Subpopulation_1"
"NGS_H19_Normal_Rep3","Read_272",0.983867536660175,"Subpopulation_2"
"NGS_H19_Normal_Rep3","Read_273",0.019501096387347,"Subpopulation_1"
"NGS_H19_Normal_Rep3","Read_274",0.0230880663908316,"Subpopulation_1"
"NGS_H19_Normal_Rep3","Read_275",0.0191868971880426,"Subpopulation_1"
"NGS_H19_Normal_Rep3","Read_276",0.981269869753073,"Subpopulation_2"
"NGS_H19_Normal_Rep3","Read_277",0.020999529764718,"Subpopulation_1"
"NGS_H19_Normal_Rep3","Read_278",0.981820453252551,"Subpopulation_2"
"NGS_H19_Normal_Rep3","Read_279",0.0184421078162666,"Subpopulation_1"
"NGS_H19_Normal_Rep3","Read_280",0.981395438730059,"Subpopulation_2"
"NGS_H19_Normal_Rep3","Read_281",0.0153198930731852,"Subpopulation_1"
"NGS_H19_Normal_Rep3","Read_282",0.982011761590232,"Subpopulation_2"
"NGS_H19_Normal_Rep3","Read_283",0.0102787280414441,"Subpopulation_1"
"NGS_H19_Normal_Rep3","Read_284",0.0160188291128512,"Subpopulation_1"
"NGS_H19_Normal_Rep3","Read_285",0.0238011341264566,"Subpopulation_1"
"NGS_H19_Normal_Rep3","Read_286",0.97618391176776,"Subpopulation_2"
"NGS_H19_Normal_Rep3","Read_287",0.982553535573267,"Subpopulation_2"
"NGS_H19_Normal_Rep3","Read_288",0.0308254292015016,"Subpopulation_1"
"NGS_H19_Normal_Rep3","Read_289",0.0176170511151699,"Subpopulation_1"
"NGS_H19_Normal_Rep3","Read_290",0.975412121618712,"Subpopulation_2"
"NGS_H19_Normal_Rep3","Read_291",0.0246658065020854,"Subpopulation_1"
"NGS_H19_Normal_Rep3","Read_292",0.97608074986266,"Subpopulation_2"
"NGS_H19_Normal_Rep3","Read_293",0.978464056073029,"Subpopulation_2"
"NGS_H19_Normal_Rep3","Read_294",0.0260668172568877,"Subpopulation_1"
"NGS_H19_Normal_Rep3","Read_295",0.974461345363689,"Subpopulation_2"
"NGS_H19_Normal_Rep3","Read_296",0.96765055297743,"Subpopulation_2"
"NGS_H19_Normal_Rep3","Read_297",0.978428314178183,"Subpopulation_2"
"NGS_H19_Normal_Rep3","Read_298",0.0199669853156897,"Subpopulation_1"
"NGS_H19_Normal_Rep3","Read_299",0.0237005671304835,"Subpopulation_1"
"NGS_H19_Normal_Rep3","Read_300",0.0173200396395943,"Subpopulation_1"
"NGS_H19_Normal_Rep3","Read_301",0.0235333580907747,"Subpopulation_1"
"NGS_H19_Normal_Rep3","Read_302",0.98308787132312,"Subpopulation_2"
"NGS_H19_Normal_Rep3","Read_303",0.0193793554939743,"Subpopulation_1"
"NGS_H19_Normal_Rep3","Read_304",0.0176691381498871,"Subpopulation_1"
"NGS_H19_Normal_Rep3","Read_305",0.978041994759926,"Subpopulation_2"
"NGS_H19_Normal_Rep3","Read_306",0.0172731271432413,"Subpopulation_1"
"NGS_H19_Normal_Rep3","Read_307",0.0197115792757027,"Subpopulation_1"
"NGS_H19_Normal_Rep3","Read_308",0.0193638035044814,"Subpopulation_1"
"NGS_H19_Normal_Rep3","Read_309",0.979153927401993,"Subpopulation_2"
"NGS_H19_Normal_Rep3","Read_310",0.0156289426869451,"Subpopulation_1"
"NGS_H19_Normal_Rep3","Read_311",0.983007494653768,"Subpopulation_2"
"NGS_H19_Normal_Rep3","Read_312",0.0225108532402753,"Subpopulation_1"
"NGS_H19_Normal_Rep3","Read_313",0.974466725564764,"Subpopulation_2"
"NGS_H19_Normal_Rep3","Read_314",0.96860744236863,"Subpopulation_2"
"NGS_H19_Normal_Rep3","Read_315",0.982087980939926,"Subpopulation_2"
"NGS_H19_Normal_Rep3","Read_316",0.0210232251376288,"Subpopulation_1"
"NGS_H19_Normal_Rep3","Read_317",0.030557781458172,"Subpopulation_1"
"NGS_H19_Normal_Rep3","Read_318",0.963733158300754,"Subpopulation_2"
"NGS_H19_Normal_Rep3","Read_319",0.0285071803499535,"Subpopulation_1"
"NGS_H19_Normal_Rep3","Read_320",0.980897341889516,"Subpopulation_2"
"NGS_H19_Normal_Rep3","Read_321",0.0191336210707529,"Subpopulation_1"
"NGS_H19_Normal_Rep3","Read_322",0.0279308136121388,"Subpopulation_1"
"NGS_H19_Normal_Rep3","Read_323",0.979570175146424,"Subpopulation_2"
"NGS_H19_Normal_Rep3","Read_324",0.0177590994977431,"Subpopulation_1"
"NGS_H19_Normal_Rep3","Read_325",0.986876643247705,"Subpopulation_2"
"NGS_H19_Normal_Rep3","Read_326",0.0218163355435933,"Subpopulation_1"
"NGS_H19_Normal_Rep3","Read_327",0.978957618531083,"Subpopulation_2"
"NGS_H19_Normal_Rep3","Read_328",0.981946844942818,"Subpopulation_2"
"NGS_H19_Normal_Rep3","Read_329",0.975526263847396,"Subpopulation_2"
"NGS_H19_Normal_Rep3","Read_330",0.979731486216347,"Subpopulation_2"
"NGS_H19_Normal_Rep3","Read_331",0.97272402136168,"Subpopulation_2"
"NGS_H19_Normal_Rep3","Read_332",0.0209295419006846,"Subpopulation_1"
"NGS_H19_Normal_Rep3","Read_333",0.0151427218344567,"Subpopulation_1"
"NGS_H19_Normal_Rep3","Read_334",0.976559405649447,"Subpopulation_2"
"NGS_H19_Normal_Rep3","Read_335",0.0231010962339979,"Subpopulation_1"
"NGS_H19_Normal_Rep3","Read_336",0.0162888115692994,"Subpopulation_1"
"NGS_H19_Normal_Rep3","Read_337",0.0291048943983327,"Subpopulation_1"
"NGS_H19_Normal_Rep3","Read_338",0.979245029109015,"Subpopulation_2"
"NGS_H19_Normal_Rep3","Read_339",0.971540102709326,"Subpopulation_2"
"NGS_H19_Normal_Rep3","Read_340",0.978422043952767,"Subpopulation_2"
"NGS_H19_Normal_Rep3","Read_341",0.982518066674162,"Subpopulation_2"
"NGS_H19_Normal_Rep3","Read_342",0.97719115571553,"Subpopulation_2"
"NGS_H19_Normal_Rep3","Read_343",0.981812736243063,"Subpopulation_2"
"NGS_H19_Normal_Rep3","Read_344",0.985521895903055,"Subpopulation_2"
"NGS_H19_Normal_Rep3","Read_345",0.9839785573287,"Subpopulation_2"
"NGS_H19_Normal_Rep3","Read_346",0.973114907763352,"Subpopulation_2"
"NGS_H19_Normal_Rep3","Read_347",0.979329659558763,"Subpopulation_2"
"NGS_H19_Normal_Rep3","Read_348",0.018358613805822,"Subpopulation_1"
"NGS_H19_Normal_Rep3","Read_349",0.98562226479467,"Subpopulation_2"
"NGS_H19_Normal_Rep3","Read_350",0.0179013540056479,"Subpopulation_1"
"NGS_H19_Normal_Rep3","Read_351",0.023554042474771,"Subpopulation_1"
"NGS_H19_Normal_Rep3","Read_352",0.02129810395762,"Subpopulation_1"
"NGS_H19_Normal_Rep3","Read_353",0.0205084685186345,"Subpopulation_1"
"NGS_H19_Normal_Rep3","Read_354",0.0146957293300574,"Subpopulation_1"
"NGS_H19_Normal_Rep3","Read_355",0.980490783805701,"Subpopulation_2"
"NGS_H19_Normal_Rep3","Read_356",0.0303530651115768,"Subpopulation_1"
"NGS_H19_Normal_Rep3","Read_357",0.0240186455987088,"Subpopulation_1"
"NGS_H19_Normal_Rep3","Read_358",0.974919084652431,"Subpopulation_2"
"NGS_H19_Normal_Rep3","Read_359",0.986468143018479,"Subpopulation_2"
"NGS_H19_Normal_Rep3","Read_360",0.0198015514501521,"Subpopulation_1"
"NGS_H19_Normal_Rep3","Read_361",0.973856990676582,"Subpopulation_2"
"NGS_H19_Normal_Rep3","Read_362",0.0232772412134004,"Subpopulation_1"
"NGS_H19_Normal_Rep3","Read_363",0.0157139990515777,"Subpopulation_1"
"NGS_H19_Normal_Rep3","Read_364",0.0221167880103306,"Subpopulation_1"
"NGS_H19_Normal_Rep3","Read_365",0.0145431429096314,"Subpopulation_1"
"NGS_H19_Normal_Rep3","Read_366",0.0211485148845148,"Subpopulation_1"
"NGS_H19_Normal_Rep3","Read_367",0.0195077099770606,"Subpopulation_1"
"NGS_H19_Normal_Rep3","Read_368",0.982391520217164,"Subpopulation_2"
"NGS_H19_Normal_Rep3","Read_369",0.0190350329054182,"Subpopulation_1"
"NGS_H19_Normal_Rep3","Read_370",0.0232224052268344,"Subpopulation_1"
"NGS_H19_Normal_Rep3","Read_371",0.0257585855661572,"Subpopulation_1"
"NGS_H19_Normal_Rep3","Read_372",0.0268201838080275,"Subpopulation_1"
"NGS_H19_Normal_Rep3","Read_373",0.983003749029449,"Subpopulation_2"
"NGS_H19_Normal_Rep3","Read_374",0.0185436341156968,"Subpopulation_1"
"NGS_H19_Normal_Rep3","Read_375",0.988352609057525,"Subpopulation_2"
"NGS_H19_Normal_Rep3","Read_376",0.0188959563177191,"Subpopulation_1"
"NGS_H19_Normal_Rep3","Read_377",0.982511573460537,"Subpopulation_2"
"NGS_H19_Normal_Rep3","Read_378",0.975196901608685,"Subpopulation_2"
"NGS_H19_Normal_Rep3","Read_379",0.0115398442329236,"Subpopulation_1"
"NGS_H19_Normal_Rep3","Read_380",0.0252809387892534,"Subpopulation_1"
"NGS_H19_Normal_Rep3","Read_381",0.0182371516580419,"Subpopulation_1"
"NGS_H19_Normal_Rep3","Read_382",0.976579309550706,"Subpopulation_2"
"NGS_H19_Normal_Rep3","Read_383",0.0164073386733084,"Subpopulation_1"
"NGS_H19_Normal_Rep3","Read_384",0.0268067081142106,"Subpopulation_1"
"NGS_H19_Normal_Rep3","Read_385",0.0216579608330115,"Subpopulation_1"
"NGS_H19_Normal_Rep3","Read_386",0.97404068163436,"Subpopulation_2"
"NGS_H19_Normal_Rep3","Read_387",0.0204720831796699,"Subpopulation_1"
"NGS_H19_Normal_Rep3","Read_388",0.982553047876972,"Subpopulation_2"
"NGS_H19_Normal_Rep3","Read_389",0.984577004220374,"Subpopulation_2"
"NGS_H19_Normal_Rep3","Read_390",0.0274798866235337,"Subpopulation_1"
"NGS_H19_Normal_Rep3","Read_391",0.978353165624157,"Subpopulation_2"
"NGS_H19_Normal_Rep3","Read_392",0.982170831224706,"Subpopulation_2"
"NGS_H19_Normal_Rep3","Read_393",0.984408997376511,"Subpopulation_2"
"NGS_H19_Normal_Rep3","Read_394",0.985776062239751,"Subpopulation_2"
"NGS_H19_Normal_Rep3","Read_395",0.0338604866682725,"Subpopulation_1"
"NGS_H19_Normal_Rep3","Read_396",0.015796526797184,"Subpopulation_1"
"NGS_H19_Normal_Rep3","Read_397",0.0152356454231362,"Subpopulation_1"
"NGS_H19_Normal_Rep3","Read_398",0.980320813680067,"Subpopulation_2"
"NGS_H19_Normal_Rep3","Read_399",0.979606226511175,"Subpopulation_2"
"NGS_H19_Normal_Rep3","Read_400",0.978185306701601,"Subpopulation_2"
"NGS_H19_Normal_Rep3","Read_401",0.984293791187494,"Subpopulation_2"
"NGS_H19_Normal_Rep3","Read_402",0.975720752716721,"Subpopulation_2"
"NGS_H19_Normal_Rep3","Read_403",0.0224006965812098,"Subpopulation_1"
"NGS_H19_Normal_Rep3","Read_404",0.015004462908302,"Subpopulation_1"
"NGS_H19_Normal_Rep3","Read_405",0.975143083119575,"Subpopulation_2"
"NGS_H19_Normal_Rep3","Read_406",0.98017883235911,"Subpopulation_2"
"NGS_H19_Normal_Rep3","Read_407",0.0258303875482699,"Subpopulation_1"
"NGS_H19_Normal_Rep3","Read_408",0.017538477259416,"Subpopulation_1"
"NGS_H19_Normal_Rep3","Read_409",0.0141916561798826,"Subpopulation_1"
"NGS_H19_Normal_Rep3","Read_410",0.0280538227448233,"Subpopulation_1"
"NGS_H19_Normal_Rep3","Read_411",0.979898050169611,"Subpopulation_2"
"NGS_H19_Normal_Rep3","Read_412",0.0163670917308099,"Subpopulation_1"
"NGS_H19_Normal_Rep3","Read_413",0.969920112665552,"Subpopulation_2"
"NGS_H19_Normal_Rep3","Read_414",0.978828388252664,"Subpopulation_2"
"NGS_H19_Normal_Rep3","Read_415",0.0183921188749516,"Subpopulation_1"
"NGS_H19_Normal_Rep3","Read_416",0.983375899278699,"Subpopulation_2"
"NGS_H19_Normal_Rep3","Read_417",0.971628222998678,"Subpopulation_2"
"NGS_H19_Normal_Rep3","Read_418",0.0235748529480227,"Subpopulation_1"
"NGS_H19_Normal_Rep3","Read_419",0.0105203962830331,"Subpopulation_1"
"NGS_H19_Normal_Rep3","Read_420",0.0257022330564835,"Subpopulation_1"
"NGS_H19_Normal_Rep3","Read_421",0.0232211811010464,"Subpopulation_1"
"NGS_H19_Normal_Rep3","Read_422",0.97666982890333,"Subpopulation_2"
"NGS_H19_Normal_Rep3","Read_423",0.0225822082969299,"Subpopulation_1"
"NGS_H19_Normal_Rep3","Read_424",0.0200950859836322,"Subpopulation_1"
"NGS_H19_Normal_Rep3","Read_425",0.978903583523344,"Subpopulation_2"
"NGS_H19_Normal_Rep3","Read_426",0.0164761130601191,"Subpopulation_1"
"NGS_H19_Normal_Rep3","Read_427",0.980490039399412,"Subpopulation_2"
"NGS_H19_Normal_Rep3","Read_428",0.977847009685192,"Subpopulation_2"
"NGS_H19_Normal_Rep3","Read_429",0.0219256599865892,"Subpopulation_1"
"NGS_H19_Normal_Rep3","Read_430",0.0261291106442373,"Subpopulation_1"
"NGS_H19_Normal_Rep3","Read_431",0.979902734024054,"Subpopulation_2"
"NGS_H19_Normal_Rep3","Read_432",0.0196474530782461,"Subpopulation_1"
"NGS_H19_Normal_Rep3","Read_433",0.987862271029306,"Subpopulation_2"
"NGS_H19_Normal_Rep3","Read_434",0.97686843245333,"Subpopulation_2"
"NGS_H19_Normal_Rep3","Read_435",0.0200878592375773,"Subpopulation_1"
"NGS_H19_Normal_Rep3","Read_436",0.976177229977235,"Subpopulation_2"
"NGS_H19_Normal_Rep3","Read_437",0.0267507941141222,"Subpopulation_1"
"NGS_H19_Normal_Rep3","Read_438",0.0249108764686806,"Subpopulation_1"
"NGS_H19_Normal_Rep3","Read_439",0.981551383671343,"Subpopulation_2"
"NGS_H19_Normal_Rep3","Read_440",0.0247932270490173,"Subpopulation_1"
"NGS_H19_Normal_Rep3","Read_441",0.97916664841488,"Subpopulation_2"
"NGS_H19_Normal_Rep3","Read_442",0.978351961993221,"Subpopulation_2"
"NGS_H19_Normal_Rep3","Read_443",0.0205886451015006,"Subpopulation_1"
"NGS_H19_Normal_Rep3","Read_444",0.0199744845686932,"Subpopulation_1"
"NGS_H19_Normal_Rep3","Read_445",0.981425349892423,"Subpopulation_2"
"NGS_H19_Normal_Rep3","Read_446",0.977012232286775,"Subpopulation_2"
"NGS_H19_Normal_Rep3","Read_447",0.0200318645474082,"Subpopulation_1"
"NGS_H19_Normal_Rep3","Read_448",0.0189403997574223,"Subpopulation_1"
"NGS_H19_Normal_Rep3","Read_449",0.0224629822568288,"Subpopulation_1"
"NGS_H19_Normal_Rep3","Read_450",0.0242648759870754,"Subpopulation_1"
"NGS_H19_Normal_Rep3","Read_451",0.977829358116643,"Subpopulation_2"
"NGS_H19_Normal_Rep3","Read_452",0.977891776577596,"Subpopulation_2"
"NGS_H19_Normal_Rep3","Read_453",0.98679235800654,"Subpopulation_2"
"NGS_H19_Normal_Rep3","Read_454",0.988455236876912,"Subpopulation_2"
"NGS_H19_Normal_Rep3","Read_455",0.0248299637613093,"Subpopulation_1"
"NGS_H19_Normal_Rep3","Read_456",0.982463402681498,"Subpopulation_2"
"NGS_H19_Normal_Rep3","Read_457",0.0193382871555875,"Subpopulation_1"
"NGS_H19_Normal_Rep3","Read_458",0.0250091297312074,"Subpopulation_1"
"NGS_H19_Normal_Rep3","Read_459",0.0180421511103732,"Subpopulation_1"
"NGS_H19_Normal_Rep3","Read_460",0.976542766198048,"Subpopulation_2"
"NGS_H19_Normal_Rep3","Read_461",0.977830378683133,"Subpopulation_2"
"NGS_H19_Normal_Rep3","Read_462",0.0121953241495223,"Subpopulation_1"
"NGS_H19_Normal_Rep3","Read_463",0.0171561847960486,"Subpopulation_1"
"NGS_H19_Normal_Rep3","Read_464",0.97768572987324,"Subpopulation_2"
"NGS_H19_Normal_Rep3","Read_465",0.030233172436803,"Subpopulation_1"
"NGS_H19_Normal_Rep3","Read_466",0.98345974329089,"Subpopulation_2"
"NGS_H19_Normal_Rep3","Read_467",0.984889093496632,"Subpopulation_2"
"NGS_H19_Normal_Rep3","Read_468",0.0212634737138509,"Subpopulation_1"
"NGS_H19_Normal_Rep3","Read_469",0.0397426676863475,"Subpopulation_1"
"NGS_H19_Normal_Rep3","Read_470",0.018218172223435,"Subpopulation_1"
"NGS_H19_Normal_Rep3","Read_471",0.015310120554127,"Subpopulation_1"
"NGS_H19_Normal_Rep3","Read_472",0.0207474636208375,"Subpopulation_1"
"NGS_H19_Normal_Rep3","Read_473",0.979846332259167,"Subpopulation_2"
"NGS_H19_Normal_Rep3","Read_474",0.986139371244527,"Subpopulation_2"
"NGS_H19_Normal_Rep3","Read_475",0.0229377527199715,"Subpopulation_1"
"NGS_H19_Normal_Rep3","Read_476",0.018943446702407,"Subpopulation_1"
"NGS_H19_Normal_Rep3","Read_477",0.977095922915235,"Subpopulation_2"
"NGS_H19_Normal_Rep3","Read_478",0.980076943285528,"Subpopulation_2"
"NGS_H19_Normal_Rep3","Read_479",0.985978533450968,"Subpopulation_2"
"NGS_H19_Normal_Rep3","Read_480",0.971585250980739,"Subpopulation_2"
"NGS_H19_Normal_Rep3","Read_481",0.978535992653521,"Subpopulation_2"
"NGS_H19_Normal_Rep3","Read_482",0.0210267561727258,"Subpopulation_1"
"NGS_H19_Normal_Rep3","Read_483",0.975032772176162,"Subpopulation_2"
"NGS_H19_Normal_Rep3","Read_484",0.0255710620009385,"Subpopulation_1"
"NGS_H19_Normal_Rep3","Read_485",0.0247397464193346,"Subpopulation_1"
"NGS_H19_Normal_Rep3","Read_486",0.983634053207531,"Subpopulation_2"
"NGS_H19_Normal_Rep3","Read_487",0.0196037564553085,"Subpopulation_1"
"NGS_H19_Normal_Rep3","Read_488",0.0192574905438862,"Subpopulation_1"
"NGS_H19_Normal_Rep3","Read_489",0.972135463757621,"Subpopulation_2"
"NGS_H19_Normal_Rep3","Read_490",0.974498904724726,"Subpopulation_2"
"NGS_H19_Normal_Rep3","Read_491",0.987516551740323,"Subpopulation_2"
"NGS_H19_Normal_Rep3","Read_492",0.0238869237778196,"Subpopulation_1"
"NGS_H19_Normal_Rep3","Read_493",0.0147429164010783,"Subpopulation_1"
"NGS_H19_Normal_Rep3","Read_494",0.0196408286537611,"Subpopulation_1"
"NGS_H19_Normal_Rep3","Read_495",0.980836896894305,"Subpopulation_2"
"NGS_H19_Normal_Rep3","Read_496",0.976461444393337,"Subpopulation_2"
"NGS_H19_Normal_Rep3","Read_497",0.981567205062901,"Subpopulation_2"
"NGS_H19_Normal_Rep3","Read_498",0.979371735726406,"Subpopulation_2"
"NGS_H19_Normal_Rep3","Read_499",0.0244163620676598,"Subpopulation_1"
"NGS_H19_Normal_Rep3","Read_500",0.980903596268908,"Subpopulation_2"
"NGS_H19_Normal_Rep3","Read_501",0.0204341773234599,"Subpopulation_1"
"NGS_H19_Normal_Rep3","Read_502",0.980075844264815,"Subpopulation_2"
"NGS_H19_Normal_Rep3","Read_503",0.973979141290983,"Subpopulation_2"
"NGS_H19_Normal_Rep3","Read_504",0.0170085917990936,"Subpopulation_1"
"NGS_H19_Normal_Rep3","Read_505",0.018907585939083,"Subpopulation_1"
"NGS_H19_Normal_Rep3","Read_506",0.0246371722643765,"Subpopulation_1"
"NGS_H19_Normal_Rep3","Read_507",0.982147652409188,"Subpopulation_2"
"NGS_H19_Normal_Rep3","Read_508",0.0199652695995453,"Subpopulation_1"
"NGS_H19_Normal_Rep3","Read_509",0.024636186844016,"Subpopulation_1"
"NGS_H19_Normal_Rep3","Read_510",0.974450262486614,"Subpopulation_2"
"NGS_H19_Normal_Rep3","Read_511",0.981917499640363,"Subpopulation_2"
"NGS_H19_Normal_Rep3","Read_512",0.0146050357920058,"Subpopulation_1"
"NGS_H19_Normal_Rep3","Read_513",0.018056794324964,"Subpopulation_1"
"NGS_H19_Normal_Rep3","Read_514",0.0204022908843991,"Subpopulation_1"
"NGS_H19_Normal_Rep3","Read_515",0.984724552358947,"Subpopulation_2"
"NGS_H19_Normal_Rep3","Read_516",0.0261469448920922,"Subpopulation_1"
"NGS_H19_Normal_Rep3","Read_517",0.97858801014503,"Subpopulation_2"
"NGS_H19_Normal_Rep3","Read_518",0.0229386710101192,"Subpopulation_1"
"NGS_H19_Normal_Rep3","Read_519",0.985770217632366,"Subpopulation_2"
"NGS_H19_Normal_Rep3","Read_520",0.0198021169404128,"Subpopulation_1"
"NGS_H19_Normal_Rep3","Read_521",0.0132289969861064,"Subpopulation_1"
"NGS_H19_Normal_Rep3","Read_522",0.0157565055045835,"Subpopulation_1"
"NGS_H19_Normal_Rep3","Read_523",0.0207759260389166,"Subpopulation_1"
"NGS_H19_Normal_Rep3","Read_524",0.0106344429816453,"Subpopulation_1"
"NGS_H19_Normal_Rep3","Read_525",0.979533559689414,"Subpopulation_2"
"NGS_H19_Normal_Rep3","Read_526",0.0215687378875292,"Subpopulation_1"
"NGS_H19_Normal_Rep3","Read_527",0.0206984857533158,"Subpopulation_1"
"NGS_H19_Normal_Rep3","Read_528",0.974205502721918,"Subpopulation_2"
"NGS_H19_Normal_Rep3","Read_529",0.984357596047228,"Subpopulation_2"
"NGS_H19_Normal_Rep3","Read_530",0.0237789859946756,"Subpopulation_1"
"NGS_H19_Normal_Rep3","Read_531",0.981789519607672,"Subpopulation_2"
"NGS_H19_Normal_Rep3","Read_532",0.0172121939155864,"Subpopulation_1"
"NGS_H19_Normal_Rep3","Read_533",0.0165812078536114,"Subpopulation_1"
"NGS_H19_Normal_Rep3","Read_534",0.0240142133128283,"Subpopulation_1"
"NGS_H19_Normal_Rep3","Read_535",0.0190706226922181,"Subpopulation_1"
"NGS_H19_Normal_Rep3","Read_536",0.980814892258681,"Subpopulation_2"
"NGS_H19_Normal_Rep3","Read_537",0.0216165769365885,"Subpopulation_1"
"NGS_H19_Normal_Rep3","Read_538",0.97405097889319,"Subpopulation_2"
"NGS_H19_Normal_Rep3","Read_539",0.98045358686034,"Subpopulation_2"
"NGS_H19_Normal_Rep3","Read_540",0.988340353913257,"Subpopulation_2"
"NGS_H19_Normal_Rep3","Read_541",0.0261590338997987,"Subpopulation_1"
"NGS_H19_Normal_Rep3","Read_542",0.022059775574285,"Subpopulation_1"
"NGS_H19_Normal_Rep3","Read_543",0.987691291251958,"Subpopulation_2"
"NGS_H19_Normal_Rep3","Read_544",0.983841348631692,"Subpopulation_2"
"NGS_H19_Normal_Rep3","Read_545",0.0222921926846531,"Subpopulation_1"
"NGS_H19_Normal_Rep3","Read_546",0.0240428752972004,"Subpopulation_1"
"NGS_H19_Normal_Rep3","Read_547",0.981491063529026,"Subpopulation_2"
"NGS_H19_Normal_Rep3","Read_548",0.01448489107119,"Subpopulation_1"
"NGS_H19_Normal_Rep3","Read_549",0.0144916991834643,"Subpopulation_1"
"NGS_H19_Normal_Rep3","Read_550",0.02307394829745,"Subpopulation_1"
"NGS_H19_Normal_Rep3","Read_551",0.972642985931745,"Subpopulation_2"
"NGS_H19_Normal_Rep3","Read_552",0.986732038845693,"Subpopulation_2"
"NGS_H19_Normal_Rep3","Read_553",0.976236573121025,"Subpopulation_2"
"NGS_H19_Normal_Rep3","Read_554",0.019174400538293,"Subpopulation_1"
"NGS_H19_Normal_Rep3","Read_555",0.0193743832196339,"Subpopulation_1"
"NGS_H19_Normal_Rep3","Read_556",0.0204061453263746,"Subpopulation_1"
"NGS_H19_Normal_Rep3","Read_557",0.0159049569064595,"Subpopulation_1"
"NGS_H19_Normal_Rep3","Read_558",0.0124774056756494,"Subpopulation_1"
"NGS_H19_Normal_Rep3","Read_559",0.978953236077632,"Subpopulation_2"
"NGS_H19_Normal_Rep3","Read_560",0.978256596925143,"Subpopulation_2"
"NGS_H19_Normal_Rep3","Read_561",0.978110846938906,"Subpopulation_2"
"NGS_H19_Normal_Rep3","Read_562",0.98074799069651,"Subpopulation_2"
"NGS_H19_Normal_Rep3","Read_563",0.973695118215133,"Subpopulation_2"
"NGS_H19_Normal_Rep3","Read_564",0.976213451220877,"Subpopulation_2"
"NGS_H19_Normal_Rep3","Read_565",0.0222384562035895,"Subpopulation_1"
"NGS_H19_Normal_Rep3","Read_566",0.976662921425621,"Subpopulation_2"
"NGS_H19_Normal_Rep3","Read_567",0.0162710349143704,"Subpopulation_1"
"NGS_H19_Normal_Rep3","Read_568",0.0299890881040642,"Subpopulation_1"
"NGS_H19_Normal_Rep3","Read_569",0.0161040562588436,"Subpopulation_1"
"NGS_H19_Normal_Rep3","Read_570",0.978083817328384,"Subpopulation_2"
"NGS_H19_Normal_Rep3","Read_571",0.983160769842023,"Subpopulation_2"
"NGS_H19_Normal_Rep3","Read_572",0.0161725974896385,"Subpopulation_1"
"NGS_H19_Normal_Rep3","Read_573",0.988060430696251,"Subpopulation_2"
"NGS_H19_Normal_Rep3","Read_574",0.0265283116159124,"Subpopulation_1"
"NGS_H19_Normal_Rep3","Read_575",0.981979978577023,"Subpopulation_2"
"NGS_H19_Normal_Rep3","Read_576",0.0176368473383871,"Subpopulation_1"
"NGS_H19_Normal_Rep3","Read_577",0.98181434469754,"Subpopulation_2"
"NGS_H19_Normal_Rep3","Read_578",0.0187151449385192,"Subpopulation_1"
"NGS_H19_Normal_Rep3","Read_579",0.0146666551166451,"Subpopulation_1"
"NGS_H19_Normal_Rep3","Read_580",0.976013942932417,"Subpopulation_2"
"NGS_H19_Normal_Rep3","Read_581",0.984773631637022,"Subpopulation_2"
"NGS_H19_Normal_Rep3","Read_582",0.0148862412833038,"Subpopulation_1"
"NGS_H19_Normal_Rep3","Read_583",0.976958176194412,"Subpopulation_2"
"NGS_H19_Normal_Rep3","Read_584",0.982280138468433,"Subpopulation_2"
"NGS_H19_Normal_Rep3","Read_585",0.980465388789674,"Subpopulation_2"
"NGS_H19_Normal_Rep3","Read_586",0.981850010255669,"Subpopulation_2"
"NGS_H19_Normal_Rep3","Read_587",0.974866643419837,"Subpopulation_2"
"NGS_H19_Normal_Rep3","Read_588",0.023362350125165,"Subpopulation_1"
"NGS_H19_Normal_Rep3","Read_589",0.0265558301561923,"Subpopulation_1"
"NGS_H19_Normal_Rep3","Read_590",0.0226860199928696,"Subpopulation_1"
"NGS_H19_Normal_Rep3","Read_591",0.976806550251719,"Subpopulation_2"
"NGS_H19_Normal_Rep3","Read_592",0.0259905215451742,"Subpopulation_1"
"NGS_H19_Normal_Rep3","Read_593",0.0246316486346749,"Subpopulation_1"
"NGS_H19_Normal_Rep3","Read_594",0.019671729511902,"Subpopulation_1"
"NGS_H19_Normal_Rep3","Read_595",0.0202680451066634,"Subpopulation_1"
"NGS_H19_Normal_Rep3","Read_596",0.979395647350246,"Subpopulation_2"
"NGS_H19_Normal_Rep3","Read_597",0.0201843850431672,"Subpopulation_1"
"NGS_H19_Normal_Rep3","Read_598",0.97568246311403,"Subpopulation_2"
"NGS_H19_Normal_Rep3","Read_599",0.0267753627314258,"Subpopulation_1"
"NGS_H19_Normal_Rep3","Read_600",0.971338523245732,"Subpopulation_2"
"NGS_H19_Normal_Rep3","Read_601",0.0184115169324291,"Subpopulation_1"
"NGS_H19_Normal_Rep3","Read_602",0.0263771453324039,"Subpopulation_1"
"NGS_H19_Normal_Rep3","Read_603",0.982954905485506,"Subpopulation_2"
"NGS_H19_Normal_Rep3","Read_604",0.0144911635962729,"Subpopulation_1"
"NGS_H19_Normal_Rep3","Read_605",0.0212134554914496,"Subpopulation_1"
"NGS_H19_Normal_Rep3","Read_606",0.979195350976364,"Subpopulation_2"
"NGS_H19_Normal_Rep3","Read_607",0.017436227200639,"Subpopulation_1"
"NGS_H19_Normal_Rep3","Read_608",0.982051944025932,"Subpopulation_2"
"NGS_H19_Normal_Rep3","Read_609",0.0163025402118472,"Subpopulation_1"
"NGS_H19_Normal_Rep3","Read_610",0.0243912249672432,"Subpopulation_1"
"NGS_H19_Normal_Rep3","Read_611",0.983288590531666,"Subpopulation_2"
"NGS_H19_Normal_Rep3","Read_612",0.0188340472174213,"Subpopulation_1"
"NGS_H19_Normal_Rep3","Read_613",0.977842016545489,"Subpopulation_2"
"NGS_H19_Normal_Rep3","Read_614",0.984515101746744,"Subpopulation_2"
"NGS_H19_Normal_Rep3","Read_615",0.0200701460314307,"Subpopulation_1"
"NGS_H19_Normal_Rep3","Read_616",0.982212306853625,"Subpopulation_2"
"NGS_H19_Normal_Rep3","Read_617",0.017838787739355,"Subpopulation_1"
"NGS_H19_Normal_Rep3","Read_618",0.0200765320495772,"Subpopulation_1"
"NGS_H19_Normal_Rep3","Read_619",0.980783409090123,"Subpopulation_2"
"NGS_H19_Normal_Rep3","Read_620",0.0203472615289952,"Subpopulation_1"
"NGS_H19_Normal_Rep3","Read_621",0.976654769970926,"Subpopulation_2"
"NGS_H19_Normal_Rep3","Read_622",0.0147691421370155,"Subpopulation_1"
"NGS_H19_Normal_Rep3","Read_623",0.0231192671068605,"Subpopulation_1"
"NGS_H19_Normal_Rep3","Read_624",0.978844820226408,"Subpopulation_2"
"NGS_H19_Normal_Rep3","Read_625",0.975453930772119,"Subpopulation_2"
"NGS_H19_Normal_Rep3","Read_626",0.0124108980355549,"Subpopulation_1"
"NGS_H19_Normal_Rep3","Read_627",0.0200398726980551,"Subpopulation_1"
"NGS_H19_Normal_Rep3","Read_628",0.0294420232207363,"Subpopulation_1"
"NGS_H19_Normal_Rep3","Read_629",0.988885690388478,"Subpopulation_2"
"NGS_H19_Normal_Rep3","Read_630",0.978121356995669,"Subpopulation_2"
"NGS_H19_Normal_Rep3","Read_631",0.976248191563549,"Subpopulation_2"
"NGS_H19_Normal_Rep3","Read_632",0.970700195750233,"Subpopulation_2"
"NGS_H19_Normal_Rep3","Read_633",0.0255545448050537,"Subpopulation_1"
"NGS_H19_Normal_Rep3","Read_634",0.0182295513310411,"Subpopulation_1"
"NGS_H19_Normal_Rep3","Read_635",0.978943360590469,"Subpopulation_2"
"NGS_H19_Normal_Rep3","Read_636",0.0179818930884523,"Subpopulation_1"
"NGS_H19_Normal_Rep3","Read_637",0.0212025794163123,"Subpopulation_1"
"NGS_H19_Normal_Rep3","Read_638",0.0204485436339662,"Subpopulation_1"
"NGS_H19_Normal_Rep3","Read_639",0.979448842843301,"Subpopulation_2"
"NGS_H19_Normal_Rep3","Read_640",0.02043843227956,"Subpopulation_1"
"NGS_H19_Normal_Rep3","Read_641",0.0140668769166426,"Subpopulation_1"
"NGS_H19_Normal_Rep3","Read_642",0.0175724460511201,"Subpopulation_1"
"NGS_H19_Normal_Rep3","Read_643",0.0251653141859237,"Subpopulation_1"
"NGS_H19_Normal_Rep3","Read_644",0.973748811600134,"Subpopulation_2"
"NGS_H19_Normal_Rep3","Read_645",0.969819656051437,"Subpopulation_2"
"NGS_H19_Normal_Rep3","Read_646",0.0214373616925652,"Subpopulation_1"
"NGS_H19_Normal_Rep3","Read_647",0.976829062589386,"Subpopulation_2"
"NGS_H19_Normal_Rep3","Read_648",0.980744781559804,"Subpopulation_2"
"NGS_H19_Normal_Rep3","Read_649",0.0199277153786889,"Subpopulation_1"
"NGS_H19_Normal_Rep3","Read_650",0.983014524771612,"Subpopulation_2"
"NGS_H19_Normal_Rep3","Read_651",0.0336558001989814,"Subpopulation_1"
"NGS_H19_Normal_Rep3","Read_652",0.0240353203916726,"Subpopulation_1"
"NGS_H19_Normal_Rep3","Read_653",0.98582304087906,"Subpopulation_2"
"NGS_H19_Normal_Rep3","Read_654",0.98781547448178,"Subpopulation_2"
"NGS_H19_Normal_Rep3","Read_655",0.982800647965503,"Subpopulation_2"
"NGS_H19_Normal_Rep3","Read_656",0.979333102670785,"Subpopulation_2"
"NGS_H19_Normal_Rep3","Read_657",0.977598782066958,"Subpopulation_2"
"NGS_H19_Normal_Rep3","Read_658",0.027121920681281,"Subpopulation_1"
"NGS_H19_Normal_Rep3","Read_659",0.0279922231048044,"Subpopulation_1"
"NGS_H19_Normal_Rep3","Read_660",0.0171321884962845,"Subpopulation_1"
"NGS_H19_Normal_Rep3","Read_661",0.979947837183563,"Subpopulation_2"
"NGS_H19_Normal_Rep3","Read_662",0.0153233029823075,"Subpopulation_1"
"NGS_H19_Normal_Rep3","Read_663",0.991110029505657,"Subpopulation_2"
"NGS_H19_Normal_Rep3","Read_664",0.981046370989261,"Subpopulation_2"
"NGS_H19_Normal_Rep3","Read_665",0.976470871300884,"Subpopulation_2"
"NGS_H19_Normal_Rep3","Read_666",0.983577776044933,"Subpopulation_2"
"NGS_H19_Normal_Rep3","Read_667",0.975558574512618,"Subpopulation_2"
"NGS_H19_Normal_Rep3","Read_668",0.983941175680714,"Subpopulation_2"
"NGS_H19_Normal_Rep3","Read_669",0.974836631984341,"Subpopulation_2"
"NGS_H19_Normal_Rep3","Read_670",0.0127567874664808,"Subpopulation_1"
"NGS_H19_Normal_Rep3","Read_671",0.976834360663498,"Subpopulation_2"
"NGS_H19_Normal_Rep3","Read_672",0.977078537382797,"Subpopulation_2"
"NGS_H19_Normal_Rep3","Read_673",0.977155378727089,"Subpopulation_2"
"NGS_H19_Normal_Rep3","Read_674",0.0214782463035307,"Subpopulation_1"
"NGS_H19_Normal_Rep3","Read_675",0.0200722377978581,"Subpopulation_1"
"NGS_H19_Normal_Rep3","Read_676",0.96987975985575,"Subpopulation_2"
"NGS_H19_Normal_Rep3","Read_677",0.982794571445498,"Subpopulation_2"
"NGS_H19_Normal_Rep3","Read_678",0.982177485003984,"Subpopulation_2"
"NGS_H19_Normal_Rep3","Read_679",0.0133311590387743,"Subpopulation_1"
"NGS_H19_Normal_Rep3","Read_680",0.0172976477552038,"Subpopulation_1"
"NGS_H19_Normal_Rep3","Read_681",0.981436781452073,"Subpopulation_2"
"NGS_H19_Normal_Rep3","Read_682",0.984352673537419,"Subpopulation_2"
"NGS_H19_Normal_Rep3","Read_683",0.973383474702679,"Subpopulation_2"
"NGS_H19_Normal_Rep3","Read_684",0.0171324427361514,"Subpopulation_1"
"NGS_H19_Normal_Rep3","Read_685",0.9787034064209,"Subpopulation_2"
"NGS_H19_Normal_Rep3","Read_686",0.0202735391292632,"Subpopulation_1"
"NGS_H19_Normal_Rep3","Read_687",0.977643626888985,"Subpopulation_2"
"NGS_H19_Normal_Rep3","Read_688",0.985324836168742,"Subpopulation_2"
"NGS_H19_Normal_Rep3","Read_689",0.0178175211463757,"Subpopulation_1"
"NGS_H19_Normal_Rep3","Read_690",0.014329569515765,"Subpopulation_1"
"NGS_H19_Normal_Rep3","Read_691",0.973560092851586,"Subpopulation_2"
"NGS_H19_Normal_Rep3","Read_692",0.0152532519538944,"Subpopulation_1"
"NGS_H19_Normal_Rep3","Read_693",0.984303708627573,"Subpopulation_2"
"NGS_H19_Normal_Rep3","Read_694",0.980776264324554,"Subpopulation_2"
"NGS_H19_Normal_Rep3","Read_695",0.0139416187282255,"Subpopulation_1"
"NGS_H19_Normal_Rep3","Read_696",0.0234547980071192,"Subpopulation_1"
"NGS_H19_Normal_Rep3","Read_697",0.0171826976245075,"Subpopulation_1"
"NGS_H19_Normal_Rep3","Read_698",0.979359307437046,"Subpopulation_2"
"NGS_H19_Normal_Rep3","Read_699",0.0227954006066299,"Subpopulation_1"
"NGS_H19_Normal_Rep3","Read_700",0.0243713072157092,"Subpopulation_1"
"NGS_H19_Normal_Rep3","Read_701",0.976436470501151,"Subpopulation_2"
"NGS_H19_Normal_Rep3","Read_702",0.981683535423477,"Subpopulation_2"
"NGS_H19_Normal_Rep3","Read_703",0.0211475305989508,"Subpopulation_1"
"NGS_H19_Normal_Rep3","Read_704",0.0155927693044084,"Subpopulation_1"
"NGS_H19_Normal_Rep3","Read_705",0.982680607454108,"Subpopulation_2"
"NGS_H19_Normal_Rep3","Read_706",0.0228166141659831,"Subpopulation_1"
"NGS_H19_Normal_Rep3","Read_707",0.980187633925097,"Subpopulation_2"
"NGS_H19_Normal_Rep3","Read_708",0.0288441514272287,"Subpopulation_1"
"NGS_H19_Normal_Rep3","Read_709",0.0176960244346749,"Subpopulation_1"
"NGS_H19_Normal_Rep3","Read_710",0.0114170189785547,"Subpopulation_1"
"NGS_H19_Normal_Rep3","Read_711",0.981388510761096,"Subpopulation_2"
"NGS_H19_Normal_Rep3","Read_712",0.984019391111091,"Subpopulation_2"
"NGS_H19_Normal_Rep3","Read_713",0.0165670470447705,"Subpopulation_1"
"NGS_H19_Normal_Rep3","Read_714",0.984087594135449,"Subpopulation_2"
"NGS_H19_Normal_Rep3","Read_715",0.0194402690954028,"Subpopulation_1"
"NGS_H19_Normal_Rep3","Read_716",0.0166908664506149,"Subpopulation_1"
"NGS_H19_Normal_Rep3","Read_717",0.0162174759747134,"Subpopulation_1"
"NGS_H19_Normal_Rep3","Read_718",0.0265529158574386,"Subpopulation_1"
"NGS_H19_Normal_Rep3","Read_719",0.0149727303704198,"Subpopulation_1"
"NGS_H19_Normal_Rep3","Read_720",0.021542655344933,"Subpopulation_1"
"NGS_H19_Normal_Rep3","Read_721",0.979958745632589,"Subpopulation_2"
"NGS_H19_Normal_Rep3","Read_722",0.0121382708030686,"Subpopulation_1"
"NGS_H19_Normal_Rep3","Read_723",0.0192251790030827,"Subpopulation_1"
"NGS_H19_Normal_Rep3","Read_724",0.0124087481627786,"Subpopulation_1"
"NGS_H19_Normal_Rep3","Read_725",0.974599764053772,"Subpopulation_2"
"NGS_H19_Normal_Rep3","Read_726",0.0143081949179436,"Subpopulation_1"
"NGS_H19_Normal_Rep3","Read_727",0.0246210396548873,"Subpopulation_1"
"NGS_H19_Normal_Rep3","Read_728",0.974842909202371,"Subpopulation_2"
"NGS_H19_Normal_Rep3","Read_729",0.0282770794096911,"Subpopulation_1"
"NGS_H19_Normal_Rep3","Read_730",0.976798008348847,"Subpopulation_2"
"NGS_H19_Normal_Rep3","Read_731",0.975589651607458,"Subpopulation_2"
"NGS_H19_Normal_Rep3","Read_732",0.0326680005995241,"Subpopulation_1"
"NGS_H19_Normal_Rep3","Read_733",0.0202205170528289,"Subpopulation_1"
"NGS_H19_Normal_Rep3","Read_734",0.977626907779498,"Subpopulation_2"
"NGS_H19_Normal_Rep3","Read_735",0.0229218333339449,"Subpopulation_1"
"NGS_H19_Normal_Rep3","Read_736",0.0164971094891973,"Subpopulation_1"
"NGS_H19_Normal_Rep3","Read_737",0.0153337233551517,"Subpopulation_1"
"NGS_H19_Normal_Rep3","Read_738",0.0219554455400362,"Subpopulation_1"
"NGS_H19_Normal_Rep3","Read_739",0.024655519744966,"Subpopulation_1"
"NGS_H19_Normal_Rep3","Read_740",0.0193705041975382,"Subpopulation_1"
"NGS_H19_Normal_Rep3","Read_741",0.980034517000075,"Subpopulation_2"
"NGS_H19_Normal_Rep3","Read_742",0.024534949475105,"Subpopulation_1"
"NGS_H19_Normal_Rep3","Read_743",0.971628895378034,"Subpopulation_2"
"NGS_H19_Normal_Rep3","Read_744",0.0164916257961172,"Subpopulation_1"
"NGS_H19_Normal_Rep3","Read_745",0.977195258230335,"Subpopulation_2"
"NGS_H19_Normal_Rep3","Read_746",0.978713115279891,"Subpopulation_2"
"NGS_H19_Normal_Rep3","Read_747",0.0192256618312224,"Subpopulation_1"
"NGS_H19_Normal_Rep3","Read_748",0.979708248018835,"Subpopulation_2"
"NGS_H19_Normal_Rep3","Read_749",0.98286972349599,"Subpopulation_2"
"NGS_H19_Normal_Rep3","Read_750",0.982109759100988,"Subpopulation_2"
"NGS_H19_Normal_Rep3","Read_751",0.0141096977572939,"Subpopulation_1"
"NGS_H19_Normal_Rep3","Read_752",0.0143937384698365,"Subpopulation_1"
"NGS_H19_Normal_Rep3","Read_753",0.976374930221716,"Subpopulation_2"
"NGS_H19_Normal_Rep3","Read_754",0.983640408983414,"Subpopulation_2"
"NGS_H19_Normal_Rep3","Read_755",0.978211186796051,"Subpopulation_2"
"NGS_H19_Normal_Rep3","Read_756",0.970438665412362,"Subpopulation_2"
"NGS_H19_Normal_Rep3","Read_757",0.98375490321064,"Subpopulation_2"
"NGS_H19_Normal_Rep3","Read_758",0.977733785029904,"Subpopulation_2"
"NGS_H19_Normal_Rep3","Read_759",0.980133979594025,"Subpopulation_2"
"NGS_H19_Normal_Rep3","Read_760",0.011456154860412,"Subpopulation_1"
"NGS_H19_Normal_Rep3","Read_761",0.978208682526508,"Subpopulation_2"
"NGS_H19_Normal_Rep3","Read_762",0.0217783383155778,"Subpopulation_1"
"NGS_H19_Normal_Rep3","Read_763",0.986486956571655,"Subpopulation_2"
"NGS_H19_Normal_Rep3","Read_764",0.979602102117709,"Subpopulation_2"
"NGS_H19_Normal_Rep3","Read_765",0.0263086792324402,"Subpopulation_1"
"NGS_H19_Normal_Rep3","Read_766",0.977230359236109,"Subpopulation_2"
"NGS_H19_Normal_Rep3","Read_767",0.983486183133957,"Subpopulation_2"
"NGS_H19_Normal_Rep3","Read_768",0.978365154769599,"Subpopulation_2"
"NGS_H19_Normal_Rep3","Read_769",0.0151990552778579,"Subpopulation_1"
"NGS_H19_Normal_Rep3","Read_770",0.0149359284410104,"Subpopulation_1"
"NGS_H19_Normal_Rep3","Read_771",0.982419508908861,"Subpopulation_2"
"NGS_H19_Normal_Rep3","Read_772",0.98012884392011,"Subpopulation_2"
"NGS_H19_Normal_Rep3","Read_773",0.0166121932413768,"Subpopulation_1"
"NGS_H19_Normal_Rep3","Read_774",0.982939587015984,"Subpopulation_2"
"NGS_H19_Normal_Rep3","Read_775",0.982856749663397,"Subpopulation_2"
"NGS_H19_Normal_Rep3","Read_776",0.986949799066867,"Subpopulation_2"
"NGS_H19_Normal_Rep3","Read_777",0.97871542568255,"Subpopulation_2"
"NGS_H19_Normal_Rep3","Read_778",0.976531731534566,"Subpopulation_2"
"NGS_H19_Normal_Rep3","Read_779",0.0165575484275575,"Subpopulation_1"
"NGS_H19_Normal_Rep3","Read_780",0.0283384723502301,"Subpopulation_1"
"NGS_H19_Normal_Rep3","Read_781",0.981628357295137,"Subpopulation_2"
"NGS_H19_Normal_Rep3","Read_782",0.97228358405231,"Subpopulation_2"
"NGS_H19_Normal_Rep3","Read_783",0.0231448707996949,"Subpopulation_1"
"NGS_H19_Normal_Rep3","Read_784",0.978059751630836,"Subpopulation_2"
"NGS_H19_Normal_Rep3","Read_785",0.986558468738287,"Subpopulation_2"
"NGS_H19_Normal_Rep3","Read_786",0.0194368458438118,"Subpopulation_1"
"NGS_H19_Normal_Rep3","Read_787",0.0223964077529808,"Subpopulation_1"
"NGS_H19_Normal_Rep3","Read_788",0.0220645829361606,"Subpopulation_1"
"NGS_H19_Normal_Rep3","Read_789",0.0159095205496621,"Subpopulation_1"
"NGS_H19_Normal_Rep3","Read_790",0.980193155967535,"Subpopulation_2"
"NGS_H19_Normal_Rep3","Read_791",0.02042938773178,"Subpopulation_1"
"NGS_H19_Normal_Rep3","Read_792",0.978043913447467,"Subpopulation_2"
"NGS_H19_Normal_Rep3","Read_793",0.0136401381811268,"Subpopulation_1"
"NGS_H19_Normal_Rep3","Read_794",0.0164785402060912,"Subpopulation_1"
"NGS_H19_Normal_Rep3","Read_795",0.979891039328283,"Subpopulation_2"
"NGS_H19_Normal_Rep3","Read_796",0.981571808590657,"Subpopulation_2"
"NGS_H19_Normal_Rep3","Read_797",0.0092637008640081,"Subpopulation_1"
"NGS_H19_Normal_Rep3","Read_798",0.980204761118123,"Subpopulation_2"
"NGS_H19_Normal_Rep3","Read_799",0.021551861650354,"Subpopulation_1"
"NGS_H19_Normal_Rep3","Read_800",0.969147635031004,"Subpopulation_2"
"NGS_H19_Normal_Rep3","Read_801",0.0214276391054862,"Subpopulation_1"
"NGS_H19_Normal_Rep3","Read_802",0.980638743421797,"Subpopulation_2"
"NGS_H19_Normal_Rep3","Read_803",0.985039745219436,"Subpopulation_2"
"NGS_H19_Normal_Rep3","Read_804",0.0168210282260001,"Subpopulation_1"
"NGS_H19_Normal_Rep3","Read_805",0.978911816403741,"Subpopulation_2"
"NGS_H19_Normal_Rep3","Read_806",0.0190847423597201,"Subpopulation_1"
"NGS_H19_Normal_Rep3","Read_807",0.0154706036224191,"Subpopulation_1"
"NGS_H19_Normal_Rep3","Read_808",0.021088063481791,"Subpopulation_1"
"NGS_H19_Normal_Rep3","Read_809",0.0238307408942338,"Subpopulation_1"
"NGS_H19_Normal_Rep3","Read_810",0.983583687662575,"Subpopulation_2"
"NGS_H19_Normal_Rep3","Read_811",0.976621892083694,"Subpopulation_2"
"NGS_H19_Normal_Rep3","Read_812",0.0172142606378097,"Subpopulation_1"
"NGS_H19_Normal_Rep3","Read_813",0.977486365789423,"Subpopulation_2"
"NGS_H19_Normal_Rep3","Read_814",0.0228163250925127,"Subpopulation_1"
"NGS_H19_Normal_Rep3","Read_815",0.988226476358746,"Subpopulation_2"
"NGS_H19_Normal_Rep3","Read_816",0.0236944309262595,"Subpopulation_1"
"NGS_H19_Normal_Rep3","Read_817",0.0229633420636612,"Subpopulation_1"
"NGS_H19_Normal_Rep3","Read_818",0.022376460011441,"Subpopulation_1"
"NGS_H19_Normal_Rep3","Read_819",0.0208495192333794,"Subpopulation_1"
"NGS_H19_Normal_Rep3","Read_820",0.980594815036468,"Subpopulation_2"
"NGS_H19_Normal_Rep3","Read_821",0.981252306104709,"Subpopulation_2"
"NGS_H19_Normal_Rep3","Read_822",0.018153563949707,"Subpopulation_1"
"NGS_H19_Normal_Rep3","Read_823",0.980585835707508,"Subpopulation_2"
"NGS_H19_Normal_Rep3","Read_824",0.0237785896120413,"Subpopulation_1"
"NGS_H19_Normal_Rep3","Read_825",0.0208039902427593,"Subpopulation_1"
"NGS_H19_Normal_Rep3","Read_826",0.0229284994375058,"Subpopulation_1"
"NGS_H19_Normal_Rep3","Read_827",0.971885138107426,"Subpopulation_2"
"NGS_H19_Normal_Rep3","Read_828",0.0212336622400722,"Subpopulation_1"
"NGS_H19_Normal_Rep3","Read_829",0.0172667912710474,"Subpopulation_1"
"NGS_H19_Normal_Rep3","Read_830",0.0219179511553074,"Subpopulation_1"
"NGS_H19_Normal_Rep3","Read_831",0.0254767401469223,"Subpopulation_1"
"NGS_H19_Normal_Rep3","Read_832",0.981245316936754,"Subpopulation_2"
"NGS_H19_Normal_Rep3","Read_833",0.0172327629413019,"Subpopulation_1"
"NGS_H19_Normal_Rep3","Read_834",0.0183525995418062,"Subpopulation_1"
"NGS_H19_Normal_Rep3","Read_835",0.981501595652856,"Subpopulation_2"
"NGS_H19_Normal_Rep3","Read_836",0.979072799663486,"Subpopulation_2"
"NGS_H19_Normal_Rep3","Read_837",0.0150245958895665,"Subpopulation_1"
"NGS_H19_Normal_Rep3","Read_838",0.0153132168149311,"Subpopulation_1"
"NGS_H19_Normal_Rep3","Read_839",0.981523288250954,"Subpopulation_2"
"NGS_H19_Normal_Rep3","Read_840",0.0332815450612465,"Subpopulation_1"
"NGS_H19_Normal_Rep3","Read_841",0.987949007640595,"Subpopulation_2"
"NGS_H19_Normal_Rep3","Read_842",0.980789784708551,"Subpopulation_2"
"NGS_H19_Normal_Rep3","Read_843",0.976241297123631,"Subpopulation_2"
"NGS_H19_Normal_Rep3","Read_844",0.0149629150599591,"Subpopulation_1"
"NGS_H19_Normal_Rep3","Read_845",0.0222594416307448,"Subpopulation_1"
"NGS_H19_Normal_Rep3","Read_846",0.0140496297612906,"Subpopulation_1"
"NGS_H19_Normal_Rep3","Read_847",0.0220734918844558,"Subpopulation_1"
"NGS_H19_Normal_Rep3","Read_848",0.0148385355335419,"Subpopulation_1"
"NGS_H19_Normal_Rep3","Read_849",0.0141011093714794,"Subpopulation_1"
"NGS_H19_Normal_Rep3","Read_850",0.0199013924684881,"Subpopulation_1"
"NGS_H19_Normal_Rep3","Read_851",0.0231917119598955,"Subpopulation_1"
"NGS_H19_Normal_Rep3","Read_852",0.971982748593727,"Subpopulation_2"
"NGS_H19_Normal_Rep3","Read_853",0.979157856384587,"Subpopulation_2"
"NGS_H19_Normal_Rep3","Read_854",0.977545217902819,"Subpopulation_2"
"NGS_H19_Normal_Rep3","Read_855",0.981815067542517,"Subpopulation_2"
"NGS_H19_Normal_Rep3","Read_856",0.0139228835460135,"Subpopulation_1"
"NGS_H19_Normal_Rep3","Read_857",0.983586175602877,"Subpopulation_2"
"NGS_H19_Normal_Rep3","Read_858",0.988565949699517,"Subpopulation_2"
"NGS_H19_Normal_Rep3","Read_859",0.979146175455628,"Subpopulation_2"
"NGS_H19_Normal_Rep3","Read_860",0.0134094519215512,"Subpopulation_1"
"NGS_H19_Normal_Rep3","Read_861",0.0136103601790997,"Subpopulation_1"
"NGS_H19_Normal_Rep3","Read_862",0.981221337828366,"Subpopulation_2"
"NGS_H19_Normal_Rep3","Read_863",0.0172868964668459,"Subpopulation_1"
"NGS_H19_Normal_Rep3","Read_864",0.019137383559915,"Subpopulation_1"
"NGS_H19_Normal_Rep3","Read_865",0.020272554138588,"Subpopulation_1"
"NGS_H19_Normal_Rep3","Read_866",0.0169976437498524,"Subpopulation_1"
"NGS_H19_Normal_Rep3","Read_867",0.0235990990794601,"Subpopulation_1"
"NGS_H19_Normal_Rep3","Read_868",0.981954830261605,"Subpopulation_2"
"NGS_H19_Normal_Rep3","Read_869",0.0228987831780454,"Subpopulation_1"
"NGS_H19_Normal_Rep3","Read_870",0.0143574494210686,"Subpopulation_1"
"NGS_H19_Normal_Rep3","Read_871",0.980419622376523,"Subpopulation_2"
"NGS_H19_Normal_Rep3","Read_872",0.977160253210154,"Subpopulation_2"
"NGS_H19_Normal_Rep3","Read_873",0.0134322700607344,"Subpopulation_1"
"NGS_H19_Normal_Rep3","Read_874",0.987173758286301,"Subpopulation_2"
"NGS_H19_Normal_Rep3","Read_875",0.0173201074807761,"Subpopulation_1"
"NGS_H19_Normal_Rep3","Read_876",0.983651918923727,"Subpopulation_2"
"NGS_H19_Normal_Rep3","Read_877",0.0184496027465676,"Subpopulation_1"
"NGS_H19_Normal_Rep3","Read_878",0.98238508469298,"Subpopulation_2"
"NGS_H19_Normal_Rep3","Read_879",0.980368376740922,"Subpopulation_2"
"NGS_H19_Normal_Rep3","Read_880",0.0256367921705602,"Subpopulation_1"
"NGS_H19_Normal_Rep3","Read_881",0.982168991764571,"Subpopulation_2"
"NGS_H19_Normal_Rep3","Read_882",0.977819949673043,"Subpopulation_2"
"NGS_H19_Normal_Rep3","Read_883",0.0263880208010164,"Subpopulation_1"
"NGS_H19_Normal_Rep3","Read_884",0.974343160094859,"Subpopulation_2"
"NGS_H19_Normal_Rep3","Read_885",0.983912545040873,"Subpopulation_2"
"NGS_H19_Normal_Rep3","Read_886",0.982088151361707,"Subpopulation_2"
"NGS_H19_Normal_Rep3","Read_887",0.981356937777059,"Subpopulation_2"
"NGS_H19_Normal_Rep3","Read_888",0.989231395012267,"Subpopulation_2"
"NGS_H19_Normal_Rep3","Read_889",0.0209729059991845,"Subpopulation_1"
"NGS_H19_Normal_Rep3","Read_890",0.983423242435232,"Subpopulation_2"
"NGS_H19_Normal_Rep3","Read_891",0.968855532736529,"Subpopulation_2"
"NGS_H19_Normal_Rep3","Read_892",0.985527071916457,"Subpopulation_2"
"NGS_H19_Normal_Rep3","Read_893",0.0152891492421573,"Subpopulation_1"
"NGS_H19_Normal_Rep3","Read_894",0.0204347039831245,"Subpopulation_1"
"NGS_H19_Normal_Rep3","Read_895",0.982116464300711,"Subpopulation_2"
"NGS_H19_Normal_Rep3","Read_896",0.0309541489078962,"Subpopulation_1"
"NGS_H19_Normal_Rep3","Read_897",0.0189699032077885,"Subpopulation_1"
"NGS_H19_Normal_Rep3","Read_898",0.982656406103988,"Subpopulation_2"
"NGS_H19_Normal_Rep3","Read_899",0.976853588414655,"Subpopulation_2"
"NGS_H19_Normal_Rep3","Read_900",0.0214380804065287,"Subpopulation_1"
"NGS_H19_Normal_Rep3","Read_901",0.0190972702510083,"Subpopulation_1"
"NGS_H19_Normal_Rep3","Read_902",0.0198101428631797,"Subpopulation_1"
"NGS_H19_Normal_Rep3","Read_903",0.978834318133522,"Subpopulation_2"
"NGS_H19_Normal_Rep3","Read_904",0.975281598200438,"Subpopulation_2"
"NGS_H19_Normal_Rep3","Read_905",0.0192974788479754,"Subpopulation_1"
"NGS_H19_Normal_Rep3","Read_906",0.980111800039871,"Subpopulation_2"
"NGS_H19_Normal_Rep3","Read_907",0.979094610252843,"Subpopulation_2"
"NGS_H19_Normal_Rep3","Read_908",0.0165542535777763,"Subpopulation_1"
"NGS_H19_Normal_Rep3","Read_909",0.0162268688237206,"Subpopulation_1"
"NGS_H19_Normal_Rep3","Read_910",0.981763386333005,"Subpopulation_2"
"NGS_H19_Normal_Rep3","Read_911",0.0173528317223321,"Subpopulation_1"
"NGS_H19_Normal_Rep3","Read_912",0.980278006773581,"Subpopulation_2"
"NGS_H19_Normal_Rep3","Read_913",0.986098364021875,"Subpopulation_2"
"NGS_H19_Normal_Rep3","Read_914",0.0164707964030459,"Subpopulation_1"
"NGS_H19_Normal_Rep3","Read_915",0.976896021026241,"Subpopulation_2"
"NGS_H19_Normal_Rep3","Read_916",0.0178947269007774,"Subpopulation_1"
"NGS_H19_Normal_Rep3","Read_917",0.015943021290012,"Subpopulation_1"
"NGS_H19_Normal_Rep3","Read_918",0.982481879435156,"Subpopulation_2"
"NGS_H19_Normal_Rep3","Read_919",0.0172229747381854,"Subpopulation_1"
"NGS_H19_Normal_Rep3","Read_920",0.0113182577834732,"Subpopulation_1"
"NGS_H19_Normal_Rep3","Read_921",0.986283061841303,"Subpopulation_2"
"NGS_H19_Normal_Rep3","Read_922",0.0235848808118115,"Subpopulation_1"
"NGS_H19_Normal_Rep3","Read_923",0.0226475471346113,"Subpopulation_1"
"NGS_H19_Normal_Rep3","Read_924",0.98417202377364,"Subpopulation_2"
"NGS_H19_Normal_Rep3","Read_925",0.0265701101695834,"Subpopulation_1"
"NGS_H19_Normal_Rep3","Read_926",0.0167542955871333,"Subpopulation_1"
"NGS_H19_Normal_Rep3","Read_927",0.978918810189919,"Subpopulation_2"
"NGS_H19_Normal_Rep3","Read_928",0.0141704781869032,"Subpopulation_1"
"NGS_H19_Normal_Rep3","Read_929",0.0224324603978224,"Subpopulation_1"
"NGS_H19_Normal_Rep3","Read_930",0.982615810584425,"Subpopulation_2"
"NGS_H19_Normal_Rep3","Read_931",0.019141959578769,"Subpopulation_1"
"NGS_H19_Normal_Rep3","Read_932",0.9782738059884,"Subpopulation_2"
"NGS_H19_Normal_Rep3","Read_933",0.0259821185076502,"Subpopulation_1"
"NGS_H19_Normal_Rep3","Read_934",0.0216126656713239,"Subpopulation_1"
"NGS_H19_Normal_Rep3","Read_935",0.023127514754439,"Subpopulation_1"
"NGS_H19_Normal_Rep3","Read_936",0.978913274895256,"Subpopulation_2"
"NGS_H19_Normal_Rep3","Read_937",0.021617996057124,"Subpopulation_1"
"NGS_H19_Normal_Rep3","Read_938",0.0186446516772581,"Subpopulation_1"
"NGS_H19_Normal_Rep3","Read_939",0.0158629156641669,"Subpopulation_1"
"NGS_H19_Normal_Rep3","Read_940",0.0249296087107532,"Subpopulation_1"
"NGS_H19_Normal_Rep3","Read_941",0.985006622692095,"Subpopulation_2"
"NGS_H19_Normal_Rep3","Read_942",0.97233340526137,"Subpopulation_2"
"NGS_H19_Normal_Rep3","Read_943",0.986445840710261,"Subpopulation_2"
"NGS_H19_Normal_Rep3","Read_944",0.0195488921659572,"Subpopulation_1"
"NGS_H19_Normal_Rep3","Read_945",0.018795055052074,"Subpopulation_1"
"NGS_H19_Normal_Rep3","Read_946",0.986267859321055,"Subpopulation_2"
"NGS_H19_Normal_Rep3","Read_947",0.981299402868937,"Subpopulation_2"
"NGS_H19_Normal_Rep3","Read_948",0.979792064587616,"Subpopulation_2"
"NGS_H19_Normal_Rep3","Read_949",0.0160725418828141,"Subpopulation_1"
"NGS_H19_Normal_Rep3","Read_950",0.0179963721265279,"Subpopulation_1"
"NGS_H19_Normal_Rep3","Read_951",0.01954528016539,"Subpopulation_1"
"NGS_H19_Normal_Rep3","Read_952",0.0129518758953424,"Subpopulation_1"
"NGS_H19_Normal_Rep3","Read_953",0.0214372219921442,"Subpopulation_1"
"NGS_H19_Normal_Rep3","Read_954",0.980442513943021,"Subpopulation_2"
"NGS_H19_Normal_Rep3","Read_955",0.0199825019255273,"Subpopulation_1"
"NGS_H19_Normal_Rep3","Read_956",0.986126928404388,"Subpopulation_2"
"NGS_H19_Normal_Rep3","Read_957",0.979695230910692,"Subpopulation_2"
"NGS_H19_Normal_Rep3","Read_958",0.0288926534986475,"Subpopulation_1"
"NGS_H19_Normal_Rep3","Read_959",0.986723092741986,"Subpopulation_2"
"NGS_H19_Normal_Rep3","Read_960",0.975498325224813,"Subpopulation_2"
"NGS_H19_Normal_Rep3","Read_961",0.981942597286023,"Subpopulation_2"
"NGS_H19_Normal_Rep3","Read_962",0.979161106837448,"Subpopulation_2"
"NGS_H19_Normal_Rep3","Read_963",0.983054101930998,"Subpopulation_2"
"NGS_H19_Normal_Rep3","Read_964",0.976377822837387,"Subpopulation_2"
"NGS_H19_Normal_Rep3","Read_965",0.979315881528861,"Subpopulation_2"
"NGS_H19_Normal_Rep3","Read_966",0.0173251285974299,"Subpopulation_1"
"NGS_H19_Normal_Rep3","Read_967",0.984836493428832,"Subpopulation_2"
"NGS_H19_Normal_Rep3","Read_968",0.0119291046424926,"Subpopulation_1"
"NGS_H19_Normal_Rep3","Read_969",0.98116186211462,"Subpopulation_2"
"NGS_H19_Normal_Rep3","Read_970",0.0166286949799071,"Subpopulation_1"
"NGS_H19_Normal_Rep3","Read_971",0.0214686308489805,"Subpopulation_1"
"NGS_H19_Normal_Rep3","Read_972",0.98277981089944,"Subpopulation_2"
"NGS_H19_Normal_Rep3","Read_973",0.021434522427409,"Subpopulation_1"
"NGS_H19_Normal_Rep3","Read_974",0.980941720811898,"Subpopulation_2"
"NGS_H19_Normal_Rep3","Read_975",0.981103099446959,"Subpopulation_2"
"NGS_H19_Normal_Rep3","Read_976",0.982423143067569,"Subpopulation_2"
"NGS_H19_Normal_Rep3","Read_977",0.976852866048608,"Subpopulation_2"
"NGS_H19_Normal_Rep3","Read_978",0.97150384270816,"Subpopulation_2"
"NGS_H19_Normal_Rep3","Read_979",0.982179314218893,"Subpopulation_2"
"NGS_H19_Normal_Rep3","Read_980",0.974498931505976,"Subpopulation_2"
"NGS_H19_Normal_Rep3","Read_981",0.0223438401659108,"Subpopulation_1"
"NGS_H19_Normal_Rep3","Read_982",0.979475841555986,"Subpopulation_2"
"NGS_H19_Normal_Rep3","Read_983",0.9759744038588,"Subpopulation_2"
"NGS_H19_Normal_Rep3","Read_984",0.973878973683913,"Subpopulation_2"
"NGS_H19_Normal_Rep3","Read_985",0.982096789826097,"Subpopulation_2"
"NGS_H19_Normal_Rep3","Read_986",0.974922952149489,"Subpopulation_2"
"NGS_H19_Normal_Rep3","Read_987",0.979803543127884,"Subpopulation_2"
"NGS_H19_Normal_Rep3","Read_988",0.978703713795659,"Subpopulation_2"
"NGS_H19_Normal_Rep3","Read_989",0.0248532127308234,"Subpopulation_1"
"NGS_H19_Normal_Rep3","Read_990",0.977335950908476,"Subpopulation_2"
"NGS_H19_Normal_Rep3","Read_991",0.974997115815269,"Subpopulation_2"
"NGS_H19_Normal_Rep3","Read_992",0.976104737908933,"Subpopulation_2"
"NGS_H19_Normal_Rep3","Read_993",0.0207436568887016,"Subpopulation_1"
"NGS_H19_Normal_Rep3","Read_994",0.984170228046703,"Subpopulation_2"
"NGS_H19_Normal_Rep3","Read_995",0.984421100340793,"Subpopulation_2"
"NGS_H19_Normal_Rep3","Read_996",0.979705489921316,"Subpopulation_2"
"NGS_H19_Normal_Rep3","Read_997",0.974967746607216,"Subpopulation_2"
"NGS_H19_Normal_Rep3","Read_998",0.983267343151337,"Subpopulation_2"
"NGS_H19_Normal_Rep3","Read_999",0.024390620640505,"Subpopulation_1"
"NGS_H19_Normal_Rep3","Read_1000",0.0195522242557717,"Subpopulation_1"
"NGS_H19_Normal_Rep3","Read_1001",0.974794998883397,"Subpopulation_2"
"NGS_H19_Normal_Rep3","Read_1002",0.0223767748594665,"Subpopulation_1"
"NGS_H19_Normal_Rep3","Read_1003",0.0265054772655263,"Subpopulation_1"
"NGS_H19_Normal_Rep3","Read_1004",0.0229508831680541,"Subpopulation_1"
"NGS_H19_Normal_Rep3","Read_1005",0.0207119550000209,"Subpopulation_1"
"NGS_H19_Normal_Rep3","Read_1006",0.0320401726755709,"Subpopulation_1"
"NGS_H19_Normal_Rep3","Read_1007",0.98003891265711,"Subpopulation_2"
"NGS_H19_Normal_Rep3","Read_1008",0.979479387733472,"Subpopulation_2"
"NGS_H19_Normal_Rep3","Read_1009",0.983475817865531,"Subpopulation_2"
"NGS_H19_Normal_Rep3","Read_1010",0.0175676618731538,"Subpopulation_1"
"NGS_H19_Normal_Rep3","Read_1011",0.976534147651847,"Subpopulation_2"
"NGS_H19_Normal_Rep3","Read_1012",0.0196607419960358,"Subpopulation_1"
"NGS_H19_Normal_Rep3","Read_1013",0.0157613574999132,"Subpopulation_1"
"NGS_H19_Normal_Rep3","Read_1014",0.016189047204012,"Subpopulation_1"
"NGS_H19_Normal_Rep3","Read_1015",0.0179146656476758,"Subpopulation_1"
"NGS_H19_Normal_Rep3","Read_1016",0.0208751170533955,"Subpopulation_1"
"NGS_H19_Normal_Rep3","Read_1017",0.980853932390797,"Subpopulation_2"
"NGS_H19_Normal_Rep3","Read_1018",0.0168846592355302,"Subpopulation_1"
"NGS_H19_Normal_Rep3","Read_1019",0.0096609838934523,"Subpopulation_1"
"NGS_H19_Normal_Rep3","Read_1020",0.976437210585273,"Subpopulation_2"
"NGS_H19_Normal_Rep3","Read_1021",0.0233874793883114,"Subpopulation_1"
"NGS_H19_Normal_Rep3","Read_1022",0.980593329147645,"Subpopulation_2"
"NGS_H19_Normal_Rep3","Read_1023",0.975319926396935,"Subpopulation_2"
"NGS_H19_Normal_Rep3","Read_1024",0.0163678530871408,"Subpopulation_1"
"NGS_H19_Normal_Rep3","Read_1025",0.982362789497715,"Subpopulation_2"
"NGS_H19_Normal_Rep3","Read_1026",0.974913245927236,"Subpopulation_2"
"NGS_H19_Normal_Rep3","Read_1027",0.982043136126895,"Subpopulation_2"
"NGS_H19_Normal_Rep3","Read_1028",0.9782705119658,"Subpopulation_2"
"NGS_H19_Normal_Rep3","Read_1029",0.981935804552772,"Subpopulation_2"
"NGS_H19_Normal_Rep3","Read_1030",0.0164554260552335,"Subpopulation_1"
"NGS_H19_Normal_Rep3","Read_1031",0.0144493239895718,"Subpopulation_1"
"NGS_H19_Normal_Rep3","Read_1032",0.0180679941296673,"Subpopulation_1"
"NGS_H19_Normal_Rep3","Read_1033",0.978635968794469,"Subpopulation_2"
"NGS_H19_Normal_Rep3","Read_1034",0.0213839438897742,"Subpopulation_1"
"NGS_H19_Normal_Rep3","Read_1035",0.978318617850921,"Subpopulation_2"
"NGS_H19_Normal_Rep3","Read_1036",0.0227188216383223,"Subpopulation_1"
"NGS_H19_Normal_Rep3","Read_1037",0.0202675261858566,"Subpopulation_1"
"NGS_H19_Normal_Rep3","Read_1038",0.979063782363538,"Subpopulation_2"
"NGS_H19_Normal_Rep3","Read_1039",0.977908422718377,"Subpopulation_2"
"NGS_H19_Normal_Rep3","Read_1040",0.0223360618418562,"Subpopulation_1"
"NGS_H19_Normal_Rep3","Read_1041",0.986029874532994,"Subpopulation_2"
"NGS_H19_Normal_Rep3","Read_1042",0.984874565253635,"Subpopulation_2"
"NGS_H19_Normal_Rep3","Read_1043",0.0140486027577181,"Subpopulation_1"
"NGS_H19_Normal_Rep3","Read_1044",0.0359613633674755,"Subpopulation_1"
"NGS_H19_Normal_Rep3","Read_1045",0.976738725503277,"Subpopulation_2"
"NGS_H19_Normal_Rep3","Read_1046",0.0155674815320574,"Subpopulation_1"
"NGS_H19_Normal_Rep3","Read_1047",0.0269429089708263,"Subpopulation_1"
"NGS_H19_Normal_Rep3","Read_1048",0.967034222138475,"Subpopulation_2"
"NGS_H19_Normal_Rep3","Read_1049",0.017738967274994,"Subpopulation_1"
"NGS_H19_Normal_Rep3","Read_1050",0.977316150285888,"Subpopulation_2"
"NGS_H19_Normal_Rep3","Read_1051",0.0190591928330831,"Subpopulation_1"
"NGS_H19_Normal_Rep3","Read_1052",0.979958520329874,"Subpopulation_2"
"NGS_H19_Normal_Rep3","Read_1053",0.978525650230159,"Subpopulation_2"
"NGS_H19_Normal_Rep3","Read_1054",0.0181160727792901,"Subpopulation_1"
"NGS_H19_Normal_Rep3","Read_1055",0.0153244223632599,"Subpopulation_1"
"NGS_H19_Normal_Rep3","Read_1056",0.982872012698171,"Subpopulation_2"
"NGS_H19_Normal_Rep3","Read_1057",0.977343545122267,"Subpopulation_2"
"NGS_H19_Normal_Rep3","Read_1058",0.0203595479917346,"Subpopulation_1"
"NGS_H19_Normal_Rep3","Read_1059",0.973458169832726,"Subpopulation_2"
"NGS_H19_Normal_Rep3","Read_1060",0.976988732459836,"Subpopulation_2"
"NGS_H19_Normal_Rep3","Read_1061",0.985757903111245,"Subpopulation_2"
"NGS_H19_Normal_Rep3","Read_1062",0.0169661038464942,"Subpopulation_1"
"NGS_H19_Normal_Rep3","Read_1063",0.022229237183386,"Subpopulation_1"
"NGS_H19_Normal_Rep3","Read_1064",0.0177890788883266,"Subpopulation_1"
"NGS_H19_Normal_Rep3","Read_1065",0.0192421477126066,"Subpopulation_1"
"NGS_H19_Normal_Rep3","Read_1066",0.0122292936346264,"Subpopulation_1"
"NGS_H19_Normal_Rep3","Read_1067",0.0279101747665504,"Subpopulation_1"
"NGS_H19_Normal_Rep3","Read_1068",0.0208109711832172,"Subpopulation_1"
"NGS_H19_Normal_Rep3","Read_1069",0.0128992543546984,"Subpopulation_1"
"NGS_H19_Normal_Rep3","Read_1070",0.98026529939074,"Subpopulation_2"
"NGS_H19_Normal_Rep3","Read_1071",0.969103983871557,"Subpopulation_2"
"NGS_H19_Normal_Rep3","Read_1072",0.984722423798446,"Subpopulation_2"
"NGS_H19_Normal_Rep3","Read_1073",0.0198319923633619,"Subpopulation_1"
"NGS_H19_Normal_Rep3","Read_1074",0.979667758265385,"Subpopulation_2"
"NGS_H19_Normal_Rep3","Read_1075",0.983101006654793,"Subpopulation_2"
"NGS_H19_Normal_Rep3","Read_1076",0.0227383476730569,"Subpopulation_1"
"NGS_H19_Normal_Rep3","Read_1077",0.0185985434961796,"Subpopulation_1"
"NGS_H19_Normal_Rep3","Read_1078",0.0172041346029795,"Subpopulation_1"
"NGS_H19_Normal_Rep3","Read_1079",0.979913729483997,"Subpopulation_2"
"NGS_H19_Normal_Rep3","Read_1080",0.0195287903209547,"Subpopulation_1"
"NGS_H19_Normal_Rep3","Read_1081",0.0167525486408785,"Subpopulation_1"
"NGS_H19_Normal_Rep3","Read_1082",0.02176071599717,"Subpopulation_1"
"NGS_H19_Normal_Rep3","Read_1083",0.0248020878003891,"Subpopulation_1"
"NGS_H19_Normal_Rep3","Read_1084",0.979967904751636,"Subpopulation_2"
"NGS_H19_Normal_Rep3","Read_1085",0.969320991470341,"Subpopulation_2"
"NGS_H19_Normal_Rep3","Read_1086",0.0187318013871791,"Subpopulation_1"
"NGS_H19_Normal_Rep3","Read_1087",0.021332061302269,"Subpopulation_1"
"NGS_H19_Normal_Rep3","Read_1088",0.0176744395428095,"Subpopulation_1"
"NGS_H19_Normal_Rep3","Read_1089",0.982783961140323,"Subpopulation_2"
"NGS_H19_Normal_Rep3","Read_1090",0.983647442323576,"Subpopulation_2"
"NGS_H19_Normal_Rep3","Read_1091",0.967214236303999,"Subpopulation_2"
"NGS_H19_Normal_Rep3","Read_1092",0.0151931466118863,"Subpopulation_1"
"NGS_H19_Normal_Rep3","Read_1093",0.0207040459698238,"Subpopulation_1"
"NGS_H19_Normal_Rep3","Read_1094",0.0190088105012881,"Subpopulation_1"
"NGS_H19_Normal_Rep3","Read_1095",0.981644189947886,"Subpopulation_2"
"NGS_H19_Normal_Rep3","Read_1096",0.0280029535597568,"Subpopulation_1"
"NGS_H19_Normal_Rep3","Read_1097",0.0198692546030157,"Subpopulation_1"
"NGS_H19_Normal_Rep3","Read_1098",0.981251302536067,"Subpopulation_2"
"NGS_H19_Normal_Rep3","Read_1099",0.0200351568528271,"Subpopulation_1"
"NGS_H19_Normal_Rep3","Read_1100",0.977933940288999,"Subpopulation_2"
"NGS_H19_Normal_Rep3","Read_1101",0.0195714823944021,"Subpopulation_1"
"NGS_H19_Normal_Rep3","Read_1102",0.982051356447393,"Subpopulation_2"
"NGS_H19_Normal_Rep3","Read_1103",0.0262232658355013,"Subpopulation_1"
"NGS_H19_Normal_Rep3","Read_1104",0.0199789723307638,"Subpopulation_1"
"NGS_H19_Normal_Rep3","Read_1105",0.0126591251551172,"Subpopulation_1"
"NGS_H19_Normal_Rep3","Read_1106",0.0155597220175773,"Subpopulation_1"
"NGS_H19_Normal_Rep3","Read_1107",0.0203052451270733,"Subpopulation_1"
"NGS_H19_Normal_Rep3","Read_1108",0.979146107595098,"Subpopulation_2"
"NGS_H19_Normal_Rep3","Read_1109",0.984572021234573,"Subpopulation_2"
"NGS_H19_Normal_Rep3","Read_1110",0.0143206551378728,"Subpopulation_1"
"NGS_H19_Normal_Rep3","Read_1111",0.0177984802719072,"Subpopulation_1"
"NGS_H19_Normal_Rep3","Read_1112",0.0126579967363378,"Subpopulation_1"
"NGS_H19_Normal_Rep3","Read_1113",0.0198225023851453,"Subpopulation_1"
"NGS_H19_Normal_Rep3","Read_1114",0.0247933838320786,"Subpopulation_1"
"NGS_H19_Normal_Rep3","Read_1115",0.014369180165313,"Subpopulation_1"
"NGS_H19_Normal_Rep3","Read_1116",0.0243356662725187,"Subpopulation_1"
"NGS_H19_Normal_Rep3","Read_1117",0.0271981141077574,"Subpopulation_1"
"NGS_H19_Normal_Rep3","Read_1118",0.0229126070841667,"Subpopulation_1"
"NGS_H19_Normal_Rep3","Read_1119",0.0284807764696452,"Subpopulation_1"
"NGS_H19_Normal_Rep3","Read_1120",0.0276784113736874,"Subpopulation_1"
"NGS_H19_Normal_Rep3","Read_1121",0.0192522085201959,"Subpopulation_1"
"NGS_H19_Normal_Rep3","Read_1122",0.0246320004626825,"Subpopulation_1"
"NGS_H19_Normal_Rep3","Read_1123",0.0191069308325458,"Subpopulation_1"
"NGS_H19_Normal_Rep3","Read_1124",0.0223808788202352,"Subpopulation_1"
"NGS_H19_Normal_Rep3","Read_1125",0.982759234681662,"Subpopulation_2"
"NGS_H19_Normal_Rep3","Read_1126",0.973521961854011,"Subpopulation_2"
"NGS_H19_Normal_Rep3","Read_1127",0.0258861457435895,"Subpopulation_1"
"NGS_H19_Normal_Rep3","Read_1128",0.974713773479824,"Subpopulation_2"
"NGS_H19_Normal_Rep3","Read_1129",0.98143697342677,"Subpopulation_2"
"NGS_H19_Normal_Rep3","Read_1130",0.974447226792375,"Subpopulation_2"
"NGS_H19_Normal_Rep3","Read_1131",0.981717144679296,"Subpopulation_2"
"NGS_H19_Normal_Rep3","Read_1132",0.975626020500398,"Subpopulation_2"
"NGS_H19_Normal_Rep3","Read_1133",0.986189925454439,"Subpopulation_2"
"NGS_H19_Normal_Rep3","Read_1134",0.98460719365072,"Subpopulation_2"
"NGS_H19_Normal_Rep3","Read_1135",0.984702034866245,"Subpopulation_2"
"NGS_H19_Normal_Rep3","Read_1136",0.0185944485791631,"Subpopulation_1"
"NGS_H19_Normal_Rep3","Read_1137",0.980763287286995,"Subpopulation_2"
"NGS_H19_Normal_Rep3","Read_1138",0.0240527572213853,"Subpopulation_1"
"NGS_H19_Normal_Rep3","Read_1139",0.980144888803014,"Subpopulation_2"
"NGS_H19_Normal_Rep3","Read_1140",0.0231556159580121,"Subpopulation_1"
"NGS_H19_Normal_Rep3","Read_1141",0.0221981968226541,"Subpopulation_1"
"NGS_H19_Normal_Rep3","Read_1142",0.967570537710464,"Subpopulation_2"
"NGS_H19_Normal_Rep3","Read_1143",0.0176883106435385,"Subpopulation_1"
"NGS_H19_Normal_Rep3","Read_1144",0.973108280984444,"Subpopulation_2"
"NGS_H19_Normal_Rep3","Read_1145",0.0219567720071208,"Subpopulation_1"
"NGS_H19_Normal_Rep3","Read_1146",0.0259270476921107,"Subpopulation_1"
"NGS_H19_Normal_Rep3","Read_1147",0.0186242745258285,"Subpopulation_1"
"NGS_H19_Normal_Rep3","Read_1148",0.978780538759149,"Subpopulation_2"
"NGS_H19_Normal_Rep3","Read_1149",0.0138114089244289,"Subpopulation_1"
"NGS_H19_Normal_Rep3","Read_1150",0.0145218067550873,"Subpopulation_1"
"NGS_H19_Normal_Rep3","Read_1151",0.0166918218106974,"Subpopulation_1"
"NGS_H19_Normal_Rep3","Read_1152",0.988882387551297,"Subpopulation_2"
"NGS_H19_Normal_Rep3","Read_1153",0.019012678303221,"Subpopulation_1"
"NGS_H19_Normal_Rep3","Read_1154",0.98858434641641,"Subpopulation_2"
"NGS_H19_Normal_Rep3","Read_1155",0.0208616316587865,"Subpopulation_1"
"NGS_H19_Normal_Rep3","Read_1156",0.979591363209816,"Subpopulation_2"
"NGS_H19_Normal_Rep3","Read_1157",0.0152948817242462,"Subpopulation_1"
"NGS_H19_Normal_Rep3","Read_1158",0.0249014823232667,"Subpopulation_1"
"NGS_H19_Normal_Rep3","Read_1159",0.0244743387622986,"Subpopulation_1"
"NGS_H19_Normal_Rep3","Read_1160",0.0215680357993038,"Subpopulation_1"
"NGS_H19_Normal_Rep3","Read_1161",0.013428664277135,"Subpopulation_1"
"NGS_H19_Normal_Rep3","Read_1162",0.96975870199437,"Subpopulation_2"
"NGS_H19_Normal_Rep3","Read_1163",0.017333440711732,"Subpopulation_1"
"NGS_H19_Normal_Rep3","Read_1164",0.972532568660898,"Subpopulation_2"
"NGS_H19_Normal_Rep3","Read_1165",0.0185014689148019,"Subpopulation_1"
"NGS_H19_Normal_Rep3","Read_1166",0.979225061389618,"Subpopulation_2"
"NGS_H19_Normal_Rep3","Read_1167",0.0227601484402742,"Subpopulation_1"
"NGS_H19_Normal_Rep3","Read_1168",0.976811989675321,"Subpopulation_2"
"NGS_H19_Normal_Rep3","Read_1169",0.021452467636075,"Subpopulation_1"
"NGS_H19_Normal_Rep3","Read_1170",0.0213459050104506,"Subpopulation_1"
"NGS_H19_Normal_Rep3","Read_1171",0.981930143433593,"Subpopulation_2"
"NGS_H19_Normal_Rep3","Read_1172",0.0216171571727849,"Subpopulation_1"
"NGS_H19_Normal_Rep3","Read_1173",0.974271213352364,"Subpopulation_2"
"NGS_H19_Normal_Rep3","Read_1174",0.0254916690240523,"Subpopulation_1"
"NGS_H19_Normal_Rep3","Read_1175",0.0216500969742139,"Subpopulation_1"
"NGS_H19_Normal_Rep3","Read_1176",0.976855021207808,"Subpopulation_2"
"NGS_H19_Normal_Rep3","Read_1177",0.0195190789352445,"Subpopulation_1"
"NGS_H19_Normal_Rep3","Read_1178",0.979785227544338,"Subpopulation_2"
"NGS_H19_Normal_Rep3","Read_1179",0.977648524093593,"Subpopulation_2"
"NGS_H19_Normal_Rep3","Read_1180",0.964592997782295,"Subpopulation_2"
"NGS_H19_Normal_Rep3","Read_1181",0.0222917163185435,"Subpopulation_1"
"NGS_H19_Normal_Rep3","Read_1182",0.0208087821241232,"Subpopulation_1"
"NGS_H19_Normal_Rep3","Read_1183",0.987709298785154,"Subpopulation_2"
"NGS_H19_Normal_Rep3","Read_1184",0.0177168456013451,"Subpopulation_1"
"NGS_H19_Normal_Rep3","Read_1185",0.0184696096569085,"Subpopulation_1"
"NGS_H19_Normal_Rep3","Read_1186",0.979536649017689,"Subpopulation_2"
"NGS_H19_Normal_Rep3","Read_1187",0.981667543151883,"Subpopulation_2"
"NGS_H19_Normal_Rep3","Read_1188",0.976605150964189,"Subpopulation_2"
"NGS_H19_Normal_Rep3","Read_1189",0.978842470233053,"Subpopulation_2"
"NGS_H19_Normal_Rep3","Read_1190",0.0196291225090107,"Subpopulation_1"
"NGS_H19_Normal_Rep3","Read_1191",0.979647822268805,"Subpopulation_2"
"NGS_H19_Normal_Rep3","Read_1192",0.0258614907919569,"Subpopulation_1"
"NGS_H19_Normal_Rep3","Read_1193",0.979317765879309,"Subpopulation_2"
"NGS_H19_Normal_Rep3","Read_1194",0.0243099371246032,"Subpopulation_1"
"NGS_H19_Normal_Rep3","Read_1195",0.973477522692045,"Subpopulation_2"
"NGS_H19_Normal_Rep3","Read_1196",0.98118221739011,"Subpopulation_2"
"NGS_H19_Normal_Rep3","Read_1197",0.976660516262155,"Subpopulation_2"
"NGS_H19_Normal_Rep3","Read_1198",0.98124479176897,"Subpopulation_2"
"NGS_H19_Normal_Rep3","Read_1199",0.0179905340136606,"Subpopulation_1"
"NGS_H19_Normal_Rep3","Read_1200",0.0182149978947766,"Subpopulation_1"
"NGS_H19_Normal_Rep3","Read_1201",0.0202748238327336,"Subpopulation_1"
"NGS_H19_Normal_Rep3","Read_1202",0.980493829081184,"Subpopulation_2"
"NGS_H19_Normal_Rep3","Read_1203",0.978574898646068,"Subpopulation_2"
"NGS_H19_Normal_Rep3","Read_1204",0.98191791565097,"Subpopulation_2"
"NGS_H19_Normal_Rep3","Read_1205",0.0220916449249633,"Subpopulation_1"
"NGS_H19_Normal_Rep3","Read_1206",0.0343231461156911,"Subpopulation_1"
"NGS_H19_Normal_Rep3","Read_1207",0.028154376382011,"Subpopulation_1"
"NGS_H19_Normal_Rep3","Read_1208",0.0163678591589007,"Subpopulation_1"
"NGS_H19_Normal_Rep3","Read_1209",0.968168640564255,"Subpopulation_2"
"NGS_H19_Normal_Rep3","Read_1210",0.0177036591529704,"Subpopulation_1"
"NGS_H19_Normal_Rep3","Read_1211",0.983848175434962,"Subpopulation_2"
"NGS_H19_Normal_Rep3","Read_1212",0.983379057402205,"Subpopulation_2"
"NGS_H19_Normal_Rep3","Read_1213",0.0153537643060518,"Subpopulation_1"
"NGS_H19_Normal_Rep3","Read_1214",0.0195175944102275,"Subpopulation_1"
"NGS_H19_Normal_Rep3","Read_1215",0.0208526909388997,"Subpopulation_1"
"NGS_H19_Normal_Rep3","Read_1216",0.982190175970003,"Subpopulation_2"
"NGS_H19_Normal_Rep3","Read_1217",0.983045045304073,"Subpopulation_2"
"NGS_H19_Normal_Rep3","Read_1218",0.973245486579897,"Subpopulation_2"
"NGS_H19_Normal_Rep3","Read_1219",0.0159857336940755,"Subpopulation_1"
"NGS_H19_Normal_Rep3","Read_1220",0.986956458402038,"Subpopulation_2"
"NGS_H19_Normal_Rep3","Read_1221",0.0143550296146006,"Subpopulation_1"
"NGS_H19_Normal_Rep3","Read_1222",0.0288724138008664,"Subpopulation_1"
"NGS_H19_Normal_Rep3","Read_1223",0.982547935391412,"Subpopulation_2"
"NGS_H19_Normal_Rep3","Read_1224",0.0123953795786611,"Subpopulation_1"
"NGS_H19_Normal_Rep3","Read_1225",0.985958014575323,"Subpopulation_2"
"NGS_H19_Normal_Rep3","Read_1226",0.0264984814522595,"Subpopulation_1"
"NGS_H19_Normal_Rep3","Read_1227",0.982089638642239,"Subpopulation_2"
"NGS_H19_Normal_Rep3","Read_1228",0.978650614093091,"Subpopulation_2"
"NGS_H19_Normal_Rep3","Read_1229",0.0201483340253552,"Subpopulation_1"
"NGS_H19_Normal_Rep3","Read_1230",0.981287962387017,"Subpopulation_2"
"NGS_H19_Normal_Rep3","Read_1231",0.981125683110265,"Subpopulation_2"
"NGS_H19_Normal_Rep3","Read_1232",0.973730319709964,"Subpopulation_2"
"NGS_H19_Normal_Rep3","Read_1233",0.978838605970379,"Subpopulation_2"
"NGS_H19_Normal_Rep3","Read_1234",0.010728236664948,"Subpopulation_1"
"NGS_H19_Normal_Rep3","Read_1235",0.021592244319565,"Subpopulation_1"
"NGS_H19_Normal_Rep3","Read_1236",0.0258574711132828,"Subpopulation_1"
"NGS_H19_Normal_Rep3","Read_1237",0.0159066130313565,"Subpopulation_1"
"NGS_H19_Normal_Rep3","Read_1238",0.976861415418495,"Subpopulation_2"
"NGS_H19_Normal_Rep3","Read_1239",0.0214515795987951,"Subpopulation_1"
"NGS_H19_Normal_Rep3","Read_1240",0.98007235458842,"Subpopulation_2"
"NGS_H19_Normal_Rep3","Read_1241",0.0190772362293746,"Subpopulation_1"
"NGS_H19_Normal_Rep3","Read_1242",0.975757373083017,"Subpopulation_2"
"NGS_H19_Normal_Rep3","Read_1243",0.0236946643661761,"Subpopulation_1"
"NGS_H19_Normal_Rep3","Read_1244",0.980526570560262,"Subpopulation_2"
"NGS_H19_Normal_Rep3","Read_1245",0.0158147782657403,"Subpopulation_1"
"NGS_H19_Normal_Rep3","Read_1246",0.0234382896300799,"Subpopulation_1"
"NGS_H19_Normal_Rep3","Read_1247",0.0259801289422079,"Subpopulation_1"
"NGS_H19_Normal_Rep3","Read_1248",0.97581886997437,"Subpopulation_2"
"NGS_H19_Normal_Rep3","Read_1249",0.022688711773287,"Subpopulation_1"
"NGS_H19_Normal_Rep3","Read_1250",0.977643733542466,"Subpopulation_2"
"NGS_H19_Normal_Rep3","Read_1251",0.982915743730857,"Subpopulation_2"
"NGS_H19_Normal_Rep3","Read_1252",0.0175297697593053,"Subpopulation_1"
"NGS_H19_Normal_Rep3","Read_1253",0.0170230113818569,"Subpopulation_1"
"NGS_H19_Normal_Rep3","Read_1254",0.983070180516783,"Subpopulation_2"
"NGS_H19_Normal_Rep3","Read_1255",0.977520644596108,"Subpopulation_2"
"NGS_H19_Normal_Rep3","Read_1256",0.0185575655352178,"Subpopulation_1"
"NGS_H19_Normal_Rep3","Read_1257",0.0205527309275235,"Subpopulation_1"
"NGS_H19_Normal_Rep3","Read_1258",0.98551035582249,"Subpopulation_2"
"NGS_H19_Normal_Rep3","Read_1259",0.0162376938952637,"Subpopulation_1"
"NGS_H19_Normal_Rep3","Read_1260",0.977019335107782,"Subpopulation_2"
"NGS_H19_Normal_Rep3","Read_1261",0.0264271679373343,"Subpopulation_1"
"NGS_H19_Normal_Rep3","Read_1262",0.0112615666060401,"Subpopulation_1"
"NGS_H19_Normal_Rep3","Read_1263",0.0192199165119851,"Subpopulation_1"
"NGS_H19_Normal_Rep3","Read_1264",0.0223670626538847,"Subpopulation_1"
"NGS_H19_Normal_Rep3","Read_1265",0.0182755730174873,"Subpopulation_1"
"NGS_H19_Normal_Rep3","Read_1266",0.014295862088693,"Subpopulation_1"
"NGS_H19_Normal_Rep3","Read_1267",0.0224058098197666,"Subpopulation_1"
"NGS_H19_Normal_Rep3","Read_1268",0.984350432814707,"Subpopulation_2"
"NGS_H19_Normal_Rep3","Read_1269",0.0213741457075557,"Subpopulation_1"
"NGS_H19_Normal_Rep3","Read_1270",0.0198001807194081,"Subpopulation_1"
"NGS_H19_Normal_Rep3","Read_1271",0.024563595166545,"Subpopulation_1"
"NGS_H19_Normal_Rep3","Read_1272",0.978850217760328,"Subpopulation_2"
"NGS_H19_Normal_Rep3","Read_1273",0.973811588036696,"Subpopulation_2"
"NGS_H19_Normal_Rep3","Read_1274",0.98108624438173,"Subpopulation_2"
"NGS_H19_Normal_Rep3","Read_1275",0.0214534641318924,"Subpopulation_1"
"NGS_H19_Normal_Rep3","Read_1276",0.0229658275739258,"Subpopulation_1"
"NGS_H19_Normal_Rep3","Read_1277",0.970964592987813,"Subpopulation_2"
"NGS_H19_Normal_Rep3","Read_1278",0.0141646478285623,"Subpopulation_1"
"NGS_H19_Normal_Rep3","Read_1279",0.016311477961489,"Subpopulation_1"
"NGS_H19_Normal_Rep3","Read_1280",0.979557203946489,"Subpopulation_2"
"NGS_H19_Normal_Rep3","Read_1281",0.0216119932593053,"Subpopulation_1"
"NGS_H19_Normal_Rep3","Read_1282",0.978579903901546,"Subpopulation_2"
"NGS_H19_Normal_Rep3","Read_1283",0.023499584852451,"Subpopulation_1"
"NGS_H19_Normal_Rep3","Read_1284",0.978804704674313,"Subpopulation_2"
"NGS_H19_Normal_Rep3","Read_1285",0.0231879338676338,"Subpopulation_1"
"NGS_H19_Normal_Rep3","Read_1286",0.0137134164370007,"Subpopulation_1"
"NGS_H19_Normal_Rep3","Read_1287",0.979401425434457,"Subpopulation_2"
"NGS_H19_Normal_Rep3","Read_1288",0.0189897904995102,"Subpopulation_1"
"NGS_H19_Normal_Rep3","Read_1289",0.978190016719257,"Subpopulation_2"
"NGS_H19_Normal_Rep3","Read_1290",0.984338863431443,"Subpopulation_2"
"NGS_H19_Normal_Rep3","Read_1291",0.985000402886645,"Subpopulation_2"
"NGS_H19_Normal_Rep3","Read_1292",0.984285327074479,"Subpopulation_2"
"NGS_H19_Normal_Rep3","Read_1293",0.0158144910682508,"Subpopulation_1"
"NGS_H19_Normal_Rep3","Read_1294",0.976853990889574,"Subpopulation_2"
"NGS_H19_Normal_Rep3","Read_1295",0.0200642168823708,"Subpopulation_1"
"NGS_H19_Normal_Rep3","Read_1296",0.975811995116935,"Subpopulation_2"
"NGS_H19_Normal_Rep3","Read_1297",0.0157469214308872,"Subpopulation_1"
"NGS_H19_Normal_Rep3","Read_1298",0.986260547159596,"Subpopulation_2"
"NGS_H19_Normal_Rep3","Read_1299",0.0230550998326208,"Subpopulation_1"
"NGS_H19_Normal_Rep3","Read_1300",0.969564393225302,"Subpopulation_2"
"NGS_H19_Normal_Rep3","Read_1301",0.0206699579474225,"Subpopulation_1"
"NGS_H19_Normal_Rep3","Read_1302",0.981200666642623,"Subpopulation_2"
"NGS_H19_Normal_Rep3","Read_1303",0.0240548054222562,"Subpopulation_1"
"NGS_H19_Normal_Rep3","Read_1304",0.983981514831609,"Subpopulation_2"
"NGS_H19_Normal_Rep3","Read_1305",0.975892256258032,"Subpopulation_2"
"NGS_H19_Normal_Rep3","Read_1306",0.0247408622867706,"Subpopulation_1"
"NGS_H19_Normal_Rep3","Read_1307",0.983228594699361,"Subpopulation_2"
"NGS_H19_Normal_Rep3","Read_1308",0.0209781325461756,"Subpopulation_1"
"NGS_H19_Normal_Rep3","Read_1309",0.0185792979970457,"Subpopulation_1"
"NGS_H19_Normal_Rep3","Read_1310",0.980622411779795,"Subpopulation_2"
"NGS_H19_Normal_Rep3","Read_1311",0.979365803905522,"Subpopulation_2"
"NGS_H19_Normal_Rep3","Read_1312",0.990226575045779,"Subpopulation_2"
"NGS_H19_Normal_Rep3","Read_1313",0.0284069815842072,"Subpopulation_1"
"NGS_H19_Normal_Rep3","Read_1314",0.0223636162557075,"Subpopulation_1"
"NGS_H19_Normal_Rep3","Read_1315",0.0213272874701519,"Subpopulation_1"
"NGS_H19_Normal_Rep3","Read_1316",0.0189914462700141,"Subpopulation_1"
"NGS_H19_Normal_Rep3","Read_1317",0.984370386641731,"Subpopulation_2"
"NGS_H19_Normal_Rep3","Read_1318",0.0254259753683889,"Subpopulation_1"
"NGS_H19_Normal_Rep3","Read_1319",0.0167640188849434,"Subpopulation_1"
"NGS_H19_Normal_Rep3","Read_1320",0.0187987543330848,"Subpopulation_1"
"NGS_H19_Normal_Rep3","Read_1321",0.0142823852087574,"Subpopulation_1"
"NGS_H19_Normal_Rep3","Read_1322",0.976073758667114,"Subpopulation_2"
"NGS_H19_Normal_Rep3","Read_1323",0.980380890826823,"Subpopulation_2"
"NGS_H19_Normal_Rep3","Read_1324",0.980406018264046,"Subpopulation_2"
"NGS_H19_Normal_Rep3","Read_1325",0.983139136944342,"Subpopulation_2"
"NGS_H19_Normal_Rep3","Read_1326",0.0247441818793856,"Subpopulation_1"
"NGS_H19_Normal_Rep3","Read_1327",0.980904665541143,"Subpopulation_2"
"NGS_H19_Normal_Rep3","Read_1328",0.977773953714409,"Subpopulation_2"
"NGS_H19_Normal_Rep3","Read_1329",0.0184936586875825,"Subpopulation_1"
"NGS_H19_Normal_Rep3","Read_1330",0.981563014092018,"Subpopulation_2"
"NGS_H19_Normal_Rep3","Read_1331",0.983881701787647,"Subpopulation_2"
"NGS_H19_Normal_Rep3","Read_1332",0.0235912398332572,"Subpopulation_1"
"NGS_H19_Normal_Rep3","Read_1333",0.0286894199082555,"Subpopulation_1"
"NGS_H19_Normal_Rep3","Read_1334",0.018215018348609,"Subpopulation_1"
"NGS_H19_Normal_Rep3","Read_1335",0.975747430685521,"Subpopulation_2"
"NGS_H19_Normal_Rep3","Read_1336",0.0243014737236836,"Subpopulation_1"
"NGS_H19_Normal_Rep3","Read_1337",0.0194999332796234,"Subpopulation_1"
"NGS_H19_Normal_Rep3","Read_1338",0.982505586598116,"Subpopulation_2"
"NGS_H19_Normal_Rep3","Read_1339",0.0156759849583664,"Subpopulation_1"
"NGS_H19_Normal_Rep3","Read_1340",0.976907889935296,"Subpopulation_2"
"NGS_H19_Normal_Rep3","Read_1341",0.978367241875129,"Subpopulation_2"
"NGS_H19_Normal_Rep3","Read_1342",0.967711563148148,"Subpopulation_2"
"NGS_H19_Normal_Rep3","Read_1343",0.97579036153219,"Subpopulation_2"
"NGS_H19_Normal_Rep3","Read_1344",0.020020467661893,"Subpopulation_1"
"NGS_H19_Normal_Rep3","Read_1345",0.977721242896442,"Subpopulation_2"
"NGS_H19_Normal_Rep3","Read_1346",0.0203622668847417,"Subpopulation_1"
"NGS_H19_Normal_Rep3","Read_1347",0.98522029214297,"Subpopulation_2"
"NGS_H19_Normal_Rep3","Read_1348",0.0132987854873571,"Subpopulation_1"
"NGS_H19_Normal_Rep3","Read_1349",0.978651946753767,"Subpopulation_2"
"NGS_H19_Normal_Rep3","Read_1350",0.0130295050919058,"Subpopulation_1"
"NGS_H19_Normal_Rep3","Read_1351",0.982250860742581,"Subpopulation_2"
"NGS_H19_Normal_Rep3","Read_1352",0.0135299230910753,"Subpopulation_1"
"NGS_H19_Normal_Rep3","Read_1353",0.0166193973493673,"Subpopulation_1"
"NGS_H19_Normal_Rep3","Read_1354",0.0234796739231481,"Subpopulation_1"
"NGS_H19_Normal_Rep3","Read_1355",0.982990616942105,"Subpopulation_2"
"NGS_H19_Normal_Rep3","Read_1356",0.013310111807916,"Subpopulation_1"
"NGS_H19_Normal_Rep3","Read_1357",0.985442851726904,"Subpopulation_2"
"NGS_H19_Normal_Rep3","Read_1358",0.017156799367206,"Subpopulation_1"
"NGS_H19_Normal_Rep3","Read_1359",0.02130170977051,"Subpopulation_1"
"NGS_H19_Normal_Rep3","Read_1360",0.979548803276115,"Subpopulation_2"
"NGS_H19_Normal_Rep3","Read_1361",0.0164171501733212,"Subpopulation_1"
"NGS_H19_Normal_Rep3","Read_1362",0.0173738981118696,"Subpopulation_1"
"NGS_H19_Normal_Rep3","Read_1363",0.0146273174276037,"Subpopulation_1"
"NGS_H19_Normal_Rep3","Read_1364",0.974692727498565,"Subpopulation_2"
"NGS_H19_Normal_Rep3","Read_1365",0.0224107657614439,"Subpopulation_1"
"NGS_H19_Normal_Rep3","Read_1366",0.980544326481948,"Subpopulation_2"
"NGS_H19_Normal_Rep3","Read_1367",0.0206456603484554,"Subpopulation_1"
"NGS_H19_Normal_Rep3","Read_1368",0.0208877674485165,"Subpopulation_1"
"NGS_H19_Normal_Rep3","Read_1369",0.0188657531488556,"Subpopulation_1"
"NGS_H19_Normal_Rep3","Read_1370",0.020253989604309,"Subpopulation_1"
"NGS_H19_Normal_Rep3","Read_1371",0.0218150568702809,"Subpopulation_1"
"NGS_H19_Normal_Rep3","Read_1372",0.979443837956102,"Subpopulation_2"
"NGS_H19_Normal_Rep3","Read_1373",0.0220520810945019,"Subpopulation_1"
"NGS_H19_Normal_Rep3","Read_1374",0.984803198186163,"Subpopulation_2"
"NGS_H19_Normal_Rep3","Read_1375",0.976741846495576,"Subpopulation_2"
"NGS_H19_Normal_Rep3","Read_1376",0.0175503150443797,"Subpopulation_1"
"NGS_H19_Normal_Rep3","Read_1377",0.98049116232143,"Subpopulation_2"
"NGS_H19_Normal_Rep3","Read_1378",0.976201211350592,"Subpopulation_2"
"NGS_H19_Normal_Rep3","Read_1379",0.0162562400970678,"Subpopulation_1"
"NGS_H19_Normal_Rep3","Read_1380",0.974757470593551,"Subpopulation_2"
"NGS_H19_Normal_Rep3","Read_1381",0.0207299318617691,"Subpopulation_1"
"NGS_H19_Normal_Rep3","Read_1382",0.018435939593758,"Subpopulation_1"
"NGS_H19_Normal_Rep3","Read_1383",0.0222983332819802,"Subpopulation_1"
"NGS_H19_Normal_Rep3","Read_1384",0.988824187770919,"Subpopulation_2"
"NGS_H19_Normal_Rep3","Read_1385",0.982094773960852,"Subpopulation_2"
"NGS_H19_Normal_Rep3","Read_1386",0.0179216156868806,"Subpopulation_1"
"NGS_H19_Normal_Rep3","Read_1387",0.983708580817091,"Subpopulation_2"
"NGS_H19_Normal_Rep3","Read_1388",0.0195274376318026,"Subpopulation_1"
"NGS_H19_Normal_Rep3","Read_1389",0.0170178632542395,"Subpopulation_1"
"NGS_H19_Normal_Rep3","Read_1390",0.0130844117319922,"Subpopulation_1"
"NGS_H19_Normal_Rep3","Read_1391",0.982462311379591,"Subpopulation_2"
"NGS_H19_Normal_Rep3","Read_1392",0.0108495945936152,"Subpopulation_1"
"NGS_H19_Normal_Rep3","Read_1393",0.0196181137350124,"Subpopulation_1"
"NGS_H19_Normal_Rep3","Read_1394",0.979282342040477,"Subpopulation_2"
"NGS_H19_Normal_Rep3","Read_1395",0.984832687908413,"Subpopulation_2"
"NGS_H19_Normal_Rep3","Read_1396",0.980596866968295,"Subpopulation_2"
"NGS_H19_Normal_Rep3","Read_1397",0.981936767204759,"Subpopulation_2"
"NGS_H19_Normal_Rep3","Read_1398",0.97825855638676,"Subpopulation_2"
"NGS_H19_Normal_Rep3","Read_1399",0.979535910997542,"Subpopulation_2"
"NGS_H19_Normal_Rep3","Read_1400",0.0185737523671989,"Subpopulation_1"
"NGS_H19_Normal_Rep3","Read_1401",0.98244053308107,"Subpopulation_2"
"NGS_H19_Normal_Rep3","Read_1402",0.0240550459847356,"Subpopulation_1"
"NGS_H19_Normal_Rep3","Read_1403",0.984860005012463,"Subpopulation_2"
"NGS_H19_Normal_Rep3","Read_1404",0.979016060374601,"Subpopulation_2"
"NGS_H19_Normal_Rep3","Read_1405",0.0211639838538934,"Subpopulation_1"
"NGS_H19_Normal_Rep3","Read_1406",0.0236585617771944,"Subpopulation_1"
"NGS_H19_Normal_Rep3","Read_1407",0.973879471661566,"Subpopulation_2"
"NGS_H19_Normal_Rep3","Read_1408",0.978925739082851,"Subpopulation_2"
"NGS_H19_Normal_Rep3","Read_1409",0.988829099754335,"Subpopulation_2"
"NGS_H19_Normal_Rep3","Read_1410",0.0192182605877285,"Subpopulation_1"
"NGS_H19_Normal_Rep3","Read_1411",0.01992075577069,"Subpopulation_1"
"NGS_H19_Normal_Rep3","Read_1412",0.982593088417391,"Subpopulation_2"
"NGS_H19_Normal_Rep3","Read_1413",0.0181435190610528,"Subpopulation_1"
"NGS_H19_Normal_Rep3","Read_1414",0.0118524576333011,"Subpopulation_1"
"NGS_H19_Normal_Rep3","Read_1415",0.981725835980162,"Subpopulation_2"
"NGS_H19_Normal_Rep3","Read_1416",0.0114929926229552,"Subpopulation_1"
"NGS_H19_Normal_Rep3","Read_1417",0.0209525949388339,"Subpopulation_1"
"NGS_H19_Normal_Rep3","Read_1418",0.0161579282579532,"Subpopulation_1"
"NGS_H19_Normal_Rep3","Read_1419",0.982842234146535,"Subpopulation_2"
"NGS_H19_Normal_Rep3","Read_1420",0.0191674762796571,"Subpopulation_1"
"NGS_H19_Normal_Rep3","Read_1421",0.0233725686054802,"Subpopulation_1"
"NGS_H19_Normal_Rep3","Read_1422",0.0230292153517634,"Subpopulation_1"
"NGS_H19_Normal_Rep3","Read_1423",0.980699708203633,"Subpopulation_2"
"NGS_H19_Normal_Rep3","Read_1424",0.01767999239493,"Subpopulation_1"
"NGS_H19_Normal_Rep3","Read_1425",0.979073886411005,"Subpopulation_2"
"NGS_H19_Normal_Rep3","Read_1426",0.983164424279899,"Subpopulation_2"
"NGS_H19_Normal_Rep3","Read_1427",0.0119616271824864,"Subpopulation_1"
"NGS_H19_Normal_Rep3","Read_1428",0.959205164783931,"Subpopulation_2"
"NGS_H19_Normal_Rep3","Read_1429",0.0163554004312883,"Subpopulation_1"
"NGS_H19_Normal_Rep3","Read_1430",0.98584089347871,"Subpopulation_2"
"NGS_H19_Normal_Rep3","Read_1431",0.0152368132769716,"Subpopulation_1"
"NGS_H19_Normal_Rep3","Read_1432",0.0276906983346773,"Subpopulation_1"
"NGS_H19_Normal_Rep3","Read_1433",0.0164818022805314,"Subpopulation_1"
"NGS_H19_Normal_Rep3","Read_1434",0.0135609848469043,"Subpopulation_1"
"NGS_H19_Normal_Rep3","Read_1435",0.0213106754086055,"Subpopulation_1"
"NGS_H19_Normal_Rep3","Read_1436",0.974185200871185,"Subpopulation_2"
"NGS_H19_Normal_Rep3","Read_1437",0.983244200180037,"Subpopulation_2"
"NGS_H19_Normal_Rep3","Read_1438",0.0269888782706188,"Subpopulation_1"
"NGS_H19_Normal_Rep3","Read_1439",0.0228989406085594,"Subpopulation_1"
"NGS_H19_Normal_Rep3","Read_1440",0.0142873602190375,"Subpopulation_1"
"NGS_H19_Normal_Rep3","Read_1441",0.980049542261961,"Subpopulation_2"
"NGS_H19_Normal_Rep3","Read_1442",0.979901571901121,"Subpopulation_2"
"NGS_H19_Normal_Rep3","Read_1443",0.0176321931837262,"Subpopulation_1"
"NGS_H19_Normal_Rep3","Read_1444",0.981753551968275,"Subpopulation_2"
"NGS_H19_Normal_Rep3","Read_1445",0.0244552313709831,"Subpopulation_1"
"NGS_H19_Normal_Rep3","Read_1446",0.971939325680799,"Subpopulation_2"
"NGS_H19_Normal_Rep3","Read_1447",0.0152669911696282,"Subpopulation_1"
"NGS_H19_Normal_Rep3","Read_1448",0.0181172340954485,"Subpopulation_1"
"NGS_H19_Normal_Rep3","Read_1449",0.0167001461969823,"Subpopulation_1"
"NGS_H19_Normal_Rep3","Read_1450",0.0189420465882879,"Subpopulation_1"
"NGS_H19_Normal_Rep3","Read_1451",0.0189696401239781,"Subpopulation_1"
"NGS_H19_Normal_Rep3","Read_1452",0.0156045134825583,"Subpopulation_1"
"NGS_H19_Normal_Rep3","Read_1453",0.0257360937183438,"Subpopulation_1"
"NGS_H19_Normal_Rep3","Read_1454",0.983291033618091,"Subpopulation_2"
"NGS_H19_Normal_Rep3","Read_1455",0.974617037841436,"Subpopulation_2"
"NGS_H19_Normal_Rep3","Read_1456",0.976603182377655,"Subpopulation_2"
"NGS_H19_Normal_Rep3","Read_1457",0.979330919476773,"Subpopulation_2"
"NGS_H19_Normal_Rep3","Read_1458",0.987818227504893,"Subpopulation_2"
"NGS_H19_Normal_Rep3","Read_1459",0.0207083787262527,"Subpopulation_1"
"NGS_H19_Normal_Rep3","Read_1460",0.0171373211214917,"Subpopulation_1"
"NGS_H19_Normal_Rep3","Read_1461",0.0214986379203041,"Subpopulation_1"
"NGS_H19_Normal_Rep3","Read_1462",0.0239914311100675,"Subpopulation_1"
"NGS_H19_Normal_Rep3","Read_1463",0.0207862844014104,"Subpopulation_1"
"NGS_H19_Normal_Rep3","Read_1464",0.977410194852918,"Subpopulation_2"
"NGS_H19_Normal_Rep3","Read_1465",0.979943251097367,"Subpopulation_2"
"NGS_H19_Normal_Rep3","Read_1466",0.981391933970395,"Subpopulation_2"
"NGS_H19_Normal_Rep3","Read_1467",0.0181288192037044,"Subpopulation_1"
"NGS_H19_Normal_Rep3","Read_1468",0.983029878561,"Subpopulation_2"
"NGS_H19_Normal_Rep3","Read_1469",0.983701067548728,"Subpopulation_2"
"NGS_H19_Normal_Rep3","Read_1470",0.0183713860453237,"Subpopulation_1"
"NGS_H19_Normal_Rep3","Read_1471",0.979159505102087,"Subpopulation_2"
"NGS_H19_Normal_Rep3","Read_1472",0.0227259401976788,"Subpopulation_1"
"NGS_H19_Normal_Rep3","Read_1473",0.0204348111066892,"Subpopulation_1"
"NGS_H19_Normal_Rep3","Read_1474",0.973398144438772,"Subpopulation_2"
"NGS_H19_Normal_Rep3","Read_1475",0.976592137597747,"Subpopulation_2"
"NGS_H19_Normal_Rep3","Read_1476",0.983008239096789,"Subpopulation_2"
"NGS_H19_Normal_Rep3","Read_1477",0.976029773691705,"Subpopulation_2"
"NGS_H19_Normal_Rep3","Read_1478",0.979561873849302,"Subpopulation_2"
"NGS_H19_Normal_Rep3","Read_1479",0.974419713792332,"Subpopulation_2"
"NGS_H19_Normal_Rep3","Read_1480",0.975145903755206,"Subpopulation_2"
"NGS_H19_Normal_Rep3","Read_1481",0.0154000477889815,"Subpopulation_1"
"NGS_H19_Normal_Rep3","Read_1482",0.978967718175544,"Subpopulation_2"
"NGS_H19_Normal_Rep3","Read_1483",0.0227391130468317,"Subpopulation_1"
"NGS_H19_Normal_Rep3","Read_1484",0.0190342638808822,"Subpopulation_1"
"NGS_H19_Normal_Rep3","Read_1485",0.980276328458432,"Subpopulation_2"
"NGS_H19_Normal_Rep3","Read_1486",0.0167857932155458,"Subpopulation_1"
"NGS_H19_Normal_Rep3","Read_1487",0.982465652560385,"Subpopulation_2"
"NGS_H19_Normal_Rep3","Read_1488",0.0139422763543445,"Subpopulation_1"
"NGS_H19_Normal_Rep3","Read_1489",0.980497341673946,"Subpopulation_2"
"NGS_H19_Normal_Rep3","Read_1490",0.020087453485319,"Subpopulation_1"
"NGS_H19_Normal_Rep3","Read_1491",0.0239299414156213,"Subpopulation_1"
"NGS_H19_Normal_Rep3","Read_1492",0.981600728835329,"Subpopulation_2"
"NGS_H19_Normal_Rep3","Read_1493",0.0264813780767755,"Subpopulation_1"
"NGS_H19_Normal_Rep3","Read_1494",0.982954042273531,"Subpopulation_2"
"NGS_H19_Normal_Rep3","Read_1495",0.979350933742776,"Subpopulation_2"
"NGS_H19_Normal_Rep3","Read_1496",0.979942596382839,"Subpopulation_2"
"NGS_H19_Normal_Rep3","Read_1497",0.975275183473602,"Subpopulation_2"
"NGS_H19_Normal_Rep3","Read_1498",0.978610109755481,"Subpopulation_2"
"NGS_H19_Normal_Rep3","Read_1499",0.0125791380155449,"Subpopulation_1"
"NGS_H19_Normal_Rep3","Read_1500",0.0122867298912468,"Subpopulation_1"
"NGS_H19_Normal_Rep3","Read_1501",0.0258751265676249,"Subpopulation_1"
"NGS_H19_Normal_Rep3","Read_1502",0.965423210838952,"Subpopulation_2"
"NGS_H19_Normal_Rep3","Read_1503",0.976591438468813,"Subpopulation_2"
"NGS_H19_Normal_Rep3","Read_1504",0.976921931376578,"Subpopulation_2"
"NGS_H19_Normal_Rep3","Read_1505",0.979215864556115,"Subpopulation_2"
"NGS_H19_Normal_Rep3","Read_1506",0.0285015855274555,"Subpopulation_1"
"NGS_H19_Normal_Rep3","Read_1507",0.0201711894744224,"Subpopulation_1"
"NGS_H19_Normal_Rep3","Read_1508",0.0220988052644614,"Subpopulation_1"
"NGS_H19_Normal_Rep3","Read_1509",0.975795987814587,"Subpopulation_2"
"NGS_H19_Normal_Rep3","Read_1510",0.0190050268879704,"Subpopulation_1"
"NGS_H19_Normal_Rep3","Read_1511",0.027302238832431,"Subpopulation_1"
"NGS_H19_Normal_Rep3","Read_1512",0.985002754342031,"Subpopulation_2"
"NGS_H19_Normal_Rep3","Read_1513",0.0219474866453196,"Subpopulation_1"
"NGS_H19_Normal_Rep3","Read_1514",0.977537677977771,"Subpopulation_2"
"NGS_H19_Normal_Rep3","Read_1515",0.983715385014966,"Subpopulation_2"
"NGS_H19_Normal_Rep3","Read_1516",0.977520937096799,"Subpopulation_2"
"NGS_H19_Normal_Rep3","Read_1517",0.982643011255452,"Subpopulation_2"
"NGS_H19_Normal_Rep3","Read_1518",0.0197835535340249,"Subpopulation_1"
"NGS_H19_Normal_Rep3","Read_1519",0.976632283072034,"Subpopulation_2"
"NGS_H19_Normal_Rep3","Read_1520",0.982377439677602,"Subpopulation_2"
"NGS_H19_Normal_Rep3","Read_1521",0.0210034141330506,"Subpopulation_1"
"NGS_H19_Normal_Rep3","Read_1522",0.982245688857348,"Subpopulation_2"
"NGS_H19_Normal_Rep3","Read_1523",0.980699087918722,"Subpopulation_2"
"NGS_H19_Normal_Rep3","Read_1524",0.981290886438812,"Subpopulation_2"
"NGS_H19_Normal_Rep3","Read_1525",0.977736715465234,"Subpopulation_2"
"NGS_H19_Normal_Rep3","Read_1526",0.022692612495045,"Subpopulation_1"
"NGS_H19_Normal_Rep3","Read_1527",0.0175844405307913,"Subpopulation_1"
"NGS_H19_Normal_Rep3","Read_1528",0.981694656925052,"Subpopulation_2"
"NGS_H19_Normal_Rep3","Read_1529",0.0186606536690131,"Subpopulation_1"
"NGS_H19_Normal_Rep3","Read_1530",0.0153394560526812,"Subpopulation_1"
"NGS_H19_Normal_Rep3","Read_1531",0.977166310744426,"Subpopulation_2"
"NGS_H19_Normal_Rep3","Read_1532",0.0238980636193066,"Subpopulation_1"
"NGS_H19_Normal_Rep3","Read_1533",0.982952198625943,"Subpopulation_2"
"NGS_H19_Normal_Rep3","Read_1534",0.0155191762965565,"Subpopulation_1"
"NGS_H19_Normal_Rep3","Read_1535",0.019583819767274,"Subpopulation_1"
"NGS_H19_Normal_Rep3","Read_1536",0.981567279356399,"Subpopulation_2"
"NGS_H19_Normal_Rep3","Read_1537",0.0221451908591199,"Subpopulation_1"
"NGS_H19_Normal_Rep3","Read_1538",0.978066666061628,"Subpopulation_2"
"NGS_H19_Normal_Rep3","Read_1539",0.0191490692334625,"Subpopulation_1"
"NGS_H19_Normal_Rep3","Read_1540",0.0190736471478397,"Subpopulation_1"
"NGS_H19_Normal_Rep3","Read_1541",0.0153802322077677,"Subpopulation_1"
"NGS_H19_Normal_Rep3","Read_1542",0.982624500656643,"Subpopulation_2"
"NGS_H19_Normal_Rep3","Read_1543",0.98033392759015,"Subpopulation_2"
"NGS_H19_Normal_Rep3","Read_1544",0.0150283484990928,"Subpopulation_1"
"NGS_H19_Normal_Rep3","Read_1545",0.0240208921342004,"Subpopulation_1"
"NGS_H19_Normal_Rep3","Read_1546",0.978745811950944,"Subpopulation_2"
"NGS_H19_Normal_Rep3","Read_1547",0.0168831061559764,"Subpopulation_1"
"NGS_H19_Normal_Rep3","Read_1548",0.013672273424301,"Subpopulation_1"
"NGS_H19_Normal_Rep3","Read_1549",0.981885788910157,"Subpopulation_2"
"NGS_H19_Normal_Rep3","Read_1550",0.0242750916368124,"Subpopulation_1"
"NGS_H19_Normal_Rep3","Read_1551",0.0249233053623055,"Subpopulation_1"
"NGS_H19_Normal_Rep3","Read_1552",0.981450492601401,"Subpopulation_2"
"NGS_H19_Normal_Rep3","Read_1553",0.0185819261979307,"Subpopulation_1"
"NGS_H19_Normal_Rep3","Read_1554",0.025387719595993,"Subpopulation_1"
"NGS_H19_Normal_Rep3","Read_1555",0.0196767573015361,"Subpopulation_1"
"NGS_H19_Normal_Rep3","Read_1556",0.0165568695160659,"Subpopulation_1"
"NGS_H19_Normal_Rep3","Read_1557",0.977054941678745,"Subpopulation_2"
"NGS_H19_Normal_Rep3","Read_1558",0.983108236821224,"Subpopulation_2"
"NGS_H19_Normal_Rep3","Read_1559",0.982107653655352,"Subpopulation_2"
"NGS_H19_Normal_Rep3","Read_1560",0.0255480084691464,"Subpopulation_1"
"NGS_H19_Normal_Rep3","Read_1561",0.987365210231576,"Subpopulation_2"
"NGS_H19_Normal_Rep3","Read_1562",0.0284558365460024,"Subpopulation_1"
"NGS_H19_Normal_Rep3","Read_1563",0.0199197394079905,"Subpopulation_1"
"NGS_H19_Normal_Rep3","Read_1564",0.0120714567686505,"Subpopulation_1"
"NGS_H19_Normal_Rep3","Read_1565",0.0225069111499071,"Subpopulation_1"
"NGS_H19_Normal_Rep3","Read_1566",0.98084364705202,"Subpopulation_2"
"NGS_H19_Normal_Rep3","Read_1567",0.027918022308319,"Subpopulation_1"
"NGS_H19_Normal_Rep3","Read_1568",0.977255744179428,"Subpopulation_2"
"NGS_H19_Normal_Rep3","Read_1569",0.0317042319787771,"Subpopulation_1"
"NGS_H19_Normal_Rep3","Read_1570",0.977426707563672,"Subpopulation_2"
"NGS_H19_Normal_Rep3","Read_1571",0.984354598594337,"Subpopulation_2"
"NGS_H19_Normal_Rep3","Read_1572",0.0180015619748271,"Subpopulation_1"
"NGS_H19_Normal_Rep3","Read_1573",0.969929811867469,"Subpopulation_2"
"NGS_H19_Normal_Rep3","Read_1574",0.976708120727852,"Subpopulation_2"
"NGS_H19_Normal_Rep3","Read_1575",0.0144389787426214,"Subpopulation_1"
"NGS_H19_Normal_Rep3","Read_1576",0.0220531645520437,"Subpopulation_1"
"NGS_H19_Normal_Rep3","Read_1577",0.0186197074927852,"Subpopulation_1"
"NGS_H19_Normal_Rep3","Read_1578",0.981978962595879,"Subpopulation_2"
"NGS_H19_Normal_Rep3","Read_1579",0.982673860767215,"Subpopulation_2"
"NGS_H19_Normal_Rep3","Read_1580",0.0134578409699443,"Subpopulation_1"
"NGS_H19_Normal_Rep3","Read_1581",0.978552206647083,"Subpopulation_2"
"NGS_H19_Normal_Rep3","Read_1582",0.981458664090841,"Subpopulation_2"
"NGS_H19_Normal_Rep3","Read_1583",0.982561472972311,"Subpopulation_2"
"NGS_H19_Normal_Rep3","Read_1584",0.0167253700060775,"Subpopulation_1"
"NGS_H19_Normal_Rep3","Read_1585",0.967709615905357,"Subpopulation_2"
"NGS_H19_Normal_Rep3","Read_1586",0.0131392223272223,"Subpopulation_1"
"NGS_H19_Normal_Rep3","Read_1587",0.984602707769377,"Subpopulation_2"
"NGS_H19_Normal_Rep3","Read_1588",0.978876040280097,"Subpopulation_2"
"NGS_H19_Normal_Rep3","Read_1589",0.0187079418695696,"Subpopulation_1"
"NGS_H19_Normal_Rep3","Read_1590",0.0110798411916297,"Subpopulation_1"
"NGS_H19_Normal_Rep3","Read_1591",0.0227423685923204,"Subpopulation_1"
"NGS_H19_Normal_Rep3","Read_1592",0.0189963543362749,"Subpopulation_1"
"NGS_H19_Normal_Rep3","Read_1593",0.0150926636767275,"Subpopulation_1"
"NGS_H19_Normal_Rep3","Read_1594",0.0216857491870531,"Subpopulation_1"
"NGS_H19_Normal_Rep3","Read_1595",0.985656961480502,"Subpopulation_2"
"NGS_H19_Normal_Rep3","Read_1596",0.979751835991679,"Subpopulation_2"
"NGS_H19_Normal_Rep3","Read_1597",0.0210901125166211,"Subpopulation_1"
"NGS_H19_Normal_Rep3","Read_1598",0.984424257727054,"Subpopulation_2"
"NGS_H19_Normal_Rep3","Read_1599",0.0248826893539953,"Subpopulation_1"
"NGS_H19_Normal_Rep3","Read_1600",0.0212341810763081,"Subpopulation_1"
"NGS_H19_Normal_Rep3","Read_1601",0.0230877902602217,"Subpopulation_1"
"NGS_H19_Normal_Rep3","Read_1602",0.0193551308690282,"Subpopulation_1"
"NGS_H19_Normal_Rep3","Read_1603",0.977901535506996,"Subpopulation_2"
"NGS_H19_Normal_Rep3","Read_1604",0.0195549061975515,"Subpopulation_1"
"NGS_H19_Normal_Rep3","Read_1605",0.0214729039679769,"Subpopulation_1"
"NGS_H19_Normal_Rep3","Read_1606",0.979735084832142,"Subpopulation_2"
"NGS_H19_Normal_Rep3","Read_1607",0.98352440405385,"Subpopulation_2"
"NGS_H19_Normal_Rep3","Read_1608",0.0160585753914669,"Subpopulation_1"
"NGS_H19_Normal_Rep3","Read_1609",0.979315059063677,"Subpopulation_2"
"NGS_H19_Normal_Rep3","Read_1610",0.0192708880066919,"Subpopulation_1"
"NGS_H19_Normal_Rep3","Read_1611",0.9779078263728,"Subpopulation_2"
"NGS_H19_Normal_Rep3","Read_1612",0.0152076943654029,"Subpopulation_1"
"NGS_H19_Normal_Rep3","Read_1613",0.967083375941314,"Subpopulation_2"
"NGS_H19_Normal_Rep3","Read_1614",0.0162412627390023,"Subpopulation_1"
"NGS_H19_Normal_Rep3","Read_1615",0.982467484552697,"Subpopulation_2"
"NGS_H19_Normal_Rep3","Read_1616",0.0301918667620652,"Subpopulation_1"
"NGS_H19_Normal_Rep3","Read_1617",0.974583863889451,"Subpopulation_2"
"NGS_H19_Normal_Rep3","Read_1618",0.982389713741089,"Subpopulation_2"
"NGS_H19_Normal_Rep3","Read_1619",0.9742741599754,"Subpopulation_2"
"NGS_H19_Normal_Rep3","Read_1620",0.987291838538958,"Subpopulation_2"
"NGS_H19_Normal_Rep3","Read_1621",0.0178022651299675,"Subpopulation_1"
"NGS_H19_Normal_Rep3","Read_1622",0.981373718390221,"Subpopulation_2"
"NGS_H19_Normal_Rep3","Read_1623",0.0281779799255027,"Subpopulation_1"
"NGS_H19_Normal_Rep3","Read_1624",0.984059572407575,"Subpopulation_2"
"NGS_H19_Normal_Rep3","Read_1625",0.0166518251224266,"Subpopulation_1"
"NGS_H19_Normal_Rep3","Read_1626",0.98053227560211,"Subpopulation_2"
"NGS_H19_Normal_Rep3","Read_1627",0.0202500912565945,"Subpopulation_1"
"NGS_H19_Normal_Rep3","Read_1628",0.977902550007166,"Subpopulation_2"
"NGS_H19_Normal_Rep3","Read_1629",0.987112344992861,"Subpopulation_2"
"NGS_H19_Normal_Rep3","Read_1630",0.970714472673263,"Subpopulation_2"
"NGS_H19_Normal_Rep3","Read_1631",0.0255374576117151,"Subpopulation_1"
"NGS_H19_Normal_Rep3","Read_1632",0.0155710028244843,"Subpopulation_1"
"NGS_H19_Normal_Rep3","Read_1633",0.981834221175952,"Subpopulation_2"
"NGS_H19_Normal_Rep3","Read_1634",0.981740456213734,"Subpopulation_2"
"NGS_H19_Normal_Rep3","Read_1635",0.981198139316711,"Subpopulation_2"
"NGS_H19_Normal_Rep3","Read_1636",0.019667975382843,"Subpopulation_1"
"NGS_H19_Normal_Rep3","Read_1637",0.976464092285956,"Subpopulation_2"
"NGS_H19_Normal_Rep3","Read_1638",0.0280381973762777,"Subpopulation_1"
"NGS_H19_Normal_Rep3","Read_1639",0.027145087256965,"Subpopulation_1"
"NGS_H19_Normal_Rep3","Read_1640",0.974309315137841,"Subpopulation_2"
"NGS_H19_Normal_Rep3","Read_1641",0.975111141265944,"Subpopulation_2"
"NGS_H19_Normal_Rep3","Read_1642",0.0111542780070097,"Subpopulation_1"
"NGS_H19_Normal_Rep3","Read_1643",0.984092596701512,"Subpopulation_2"
"NGS_H19_Normal_Rep3","Read_1644",0.0173409467267555,"Subpopulation_1"
"NGS_H19_Normal_Rep3","Read_1645",0.0245093900260593,"Subpopulation_1"
"NGS_H19_Normal_Rep3","Read_1646",0.98563220749283,"Subpopulation_2"
"NGS_H19_Normal_Rep3","Read_1647",0.0227721565342396,"Subpopulation_1"
"NGS_H19_Normal_Rep3","Read_1648",0.979186294342147,"Subpopulation_2"
"NGS_H19_Normal_Rep3","Read_1649",0.015844766418741,"Subpopulation_1"
"NGS_H19_Normal_Rep3","Read_1650",0.0174753373832067,"Subpopulation_1"
"NGS_H19_Normal_Rep3","Read_1651",0.0193144543981853,"Subpopulation_1"
"NGS_H19_Normal_Rep3","Read_1652",0.0178440567991719,"Subpopulation_1"
"NGS_H19_Normal_Rep3","Read_1653",0.982469272021077,"Subpopulation_2"
"NGS_H19_Normal_Rep3","Read_1654",0.0302986135256969,"Subpopulation_1"
"NGS_H19_Normal_Rep3","Read_1655",0.980314024045712,"Subpopulation_2"
"NGS_H19_Normal_Rep3","Read_1656",0.978638927338407,"Subpopulation_2"
"NGS_H19_Normal_Rep3","Read_1657",0.981489114853504,"Subpopulation_2"
"NGS_H19_Normal_Rep3","Read_1658",0.971539072831531,"Subpopulation_2"
"NGS_H19_Normal_Rep3","Read_1659",0.983784714547643,"Subpopulation_2"
"NGS_H19_Normal_Rep3","Read_1660",0.980416829239431,"Subpopulation_2"
"NGS_H19_Normal_Rep3","Read_1661",0.974552747084968,"Subpopulation_2"
"NGS_H19_Normal_Rep3","Read_1662",0.0199847434825334,"Subpopulation_1"
"NGS_H19_Normal_Rep3","Read_1663",0.00928699069021426,"Subpopulation_1"
"NGS_H19_Normal_Rep3","Read_1664",0.979950893705987,"Subpopulation_2"
"NGS_H19_Normal_Rep3","Read_1665",0.984303282461896,"Subpopulation_2"
"NGS_H19_Normal_Rep3","Read_1666",0.0136446321472971,"Subpopulation_1"
"NGS_H19_Normal_Rep3","Read_1667",0.981184564550627,"Subpopulation_2"
"NGS_H19_Normal_Rep3","Read_1668",0.977110905009779,"Subpopulation_2"
"NGS_H19_Normal_Rep3","Read_1669",0.983374611485998,"Subpopulation_2"
"NGS_H19_Normal_Rep3","Read_1670",0.982294760129428,"Subpopulation_2"
"NGS_H19_Normal_Rep3","Read_1671",0.980193495393273,"Subpopulation_2"
"NGS_H19_Normal_Rep3","Read_1672",0.976401374254417,"Subpopulation_2"
"NGS_H19_Normal_Rep3","Read_1673",0.979625843534366,"Subpopulation_2"
"NGS_H19_Normal_Rep3","Read_1674",0.0263696243771977,"Subpopulation_1"
"NGS_H19_Normal_Rep3","Read_1675",0.0264997028460286,"Subpopulation_1"
"NGS_H19_Normal_Rep3","Read_1676",0.0221291443205922,"Subpopulation_1"
"NGS_H19_Normal_Rep3","Read_1677",0.0178140596923965,"Subpopulation_1"
"NGS_H19_Normal_Rep3","Read_1678",0.980944301478364,"Subpopulation_2"
"NGS_H19_Normal_Rep3","Read_1679",0.985780905762493,"Subpopulation_2"
"NGS_H19_Normal_Rep3","Read_1680",0.0212736625673748,"Subpopulation_1"
"NGS_H19_Normal_Rep3","Read_1681",0.0209173171979157,"Subpopulation_1"
"NGS_H19_Normal_Rep3","Read_1682",0.978633967641288,"Subpopulation_2"
"NGS_H19_Normal_Rep3","Read_1683",0.0193217502486436,"Subpopulation_1"
"NGS_H19_Normal_Rep3","Read_1684",0.983781475681363,"Subpopulation_2"
"NGS_H19_Normal_Rep3","Read_1685",0.0289370242042316,"Subpopulation_1"
"NGS_H19_Normal_Rep3","Read_1686",0.96847263727714,"Subpopulation_2"
"NGS_H19_Normal_Rep3","Read_1687",0.013108201808183,"Subpopulation_1"
"NGS_H19_Normal_Rep3","Read_1688",0.982292487976614,"Subpopulation_2"
"NGS_H19_Normal_Rep3","Read_1689",0.0162978908886476,"Subpopulation_1"
"NGS_H19_Normal_Rep3","Read_1690",0.0203337434868948,"Subpopulation_1"
"NGS_H19_Normal_Rep3","Read_1691",0.0346302463759755,"Subpopulation_1"
"NGS_H19_Normal_Rep3","Read_1692",0.0157572363033706,"Subpopulation_1"
"NGS_H19_Normal_Rep3","Read_1693",0.0262050739416852,"Subpopulation_1"
"NGS_H19_Normal_Rep3","Read_1694",0.979981880705805,"Subpopulation_2"
"NGS_H19_Normal_Rep3","Read_1695",0.0160428120533938,"Subpopulation_1"
"NGS_H19_Normal_Rep3","Read_1696",0.984483083686799,"Subpopulation_2"
"NGS_H19_Normal_Rep3","Read_1697",0.0211521693774655,"Subpopulation_1"
"NGS_H19_Normal_Rep3","Read_1698",0.973541071253227,"Subpopulation_2"
"NGS_H19_Normal_Rep3","Read_1699",0.975372393703447,"Subpopulation_2"
"NGS_H19_Normal_Rep3","Read_1700",0.980131300807813,"Subpopulation_2"
"NGS_H19_Normal_Rep3","Read_1701",0.0219142555868531,"Subpopulation_1"
"NGS_H19_Normal_Rep3","Read_1702",0.979895034681719,"Subpopulation_2"
"NGS_H19_Normal_Rep3","Read_1703",0.977192383128239,"Subpopulation_2"
"NGS_H19_Normal_Rep3","Read_1704",0.984745194545122,"Subpopulation_2"
"NGS_H19_Normal_Rep3","Read_1705",0.0223610873789552,"Subpopulation_1"
"NGS_H19_Normal_Rep3","Read_1706",0.990012636899686,"Subpopulation_2"
"NGS_H19_Normal_Rep3","Read_1707",0.986274011770159,"Subpopulation_2"
"NGS_H19_Normal_Rep3","Read_1708",0.982265394222722,"Subpopulation_2"
"NGS_H19_Normal_Rep3","Read_1709",0.0223670556490497,"Subpopulation_1"
"NGS_H19_Normal_Rep3","Read_1710",0.0238108360612125,"Subpopulation_1"
"NGS_H19_Normal_Rep3","Read_1711",0.979288648326838,"Subpopulation_2"
"NGS_H19_Normal_Rep3","Read_1712",0.023538377276394,"Subpopulation_1"
"NGS_H19_Normal_Rep3","Read_1713",0.977862184135807,"Subpopulation_2"
"NGS_H19_Normal_Rep3","Read_1714",0.0246158882950833,"Subpopulation_1"
"NGS_H19_Normal_Rep3","Read_1715",0.984177928875781,"Subpopulation_2"
"NGS_H19_Normal_Rep3","Read_1716",0.0248884064031401,"Subpopulation_1"
"NGS_H19_Normal_Rep3","Read_1717",0.983405254063804,"Subpopulation_2"
"NGS_H19_Normal_Rep3","Read_1718",0.985630769658667,"Subpopulation_2"
"NGS_H19_Normal_Rep3","Read_1719",0.0220610877464013,"Subpopulation_1"
"NGS_H19_Normal_Rep3","Read_1720",0.980084117327377,"Subpopulation_2"
"NGS_H19_Normal_Rep3","Read_1721",0.0333294874174086,"Subpopulation_1"
"NGS_H19_Normal_Rep3","Read_1722",0.976482992776307,"Subpopulation_2"
"NGS_H19_Normal_Rep3","Read_1723",0.983288019923125,"Subpopulation_2"
"NGS_H19_Normal_Rep3","Read_1724",0.984616344568989,"Subpopulation_2"
"NGS_H19_Normal_Rep3","Read_1725",0.0216998252165269,"Subpopulation_1"
"NGS_H19_Normal_Rep3","Read_1726",0.973592330775033,"Subpopulation_2"
"NGS_H19_Normal_Rep3","Read_1727",0.98528289740622,"Subpopulation_2"
"NGS_H19_Normal_Rep3","Read_1728",0.98053168333408,"Subpopulation_2"
"NGS_H19_Normal_Rep3","Read_1729",0.978252944319457,"Subpopulation_2"
"NGS_H19_Normal_Rep3","Read_1730",0.986766175699177,"Subpopulation_2"
"NGS_H19_Normal_Rep3","Read_1731",0.018801208229709,"Subpopulation_1"
"NGS_H19_Normal_Rep3","Read_1732",0.0175381707252897,"Subpopulation_1"
"NGS_H19_Normal_Rep3","Read_1733",0.979736035122357,"Subpopulation_2"
"NGS_H19_Normal_Rep3","Read_1734",0.0255080429277464,"Subpopulation_1"
"NGS_H19_Normal_Rep3","Read_1735",0.025313350153977,"Subpopulation_1"
"NGS_H19_Normal_Rep3","Read_1736",0.985080511458971,"Subpopulation_2"
"NGS_H19_Normal_Rep3","Read_1737",0.983614548927388,"Subpopulation_2"
"NGS_H19_Normal_Rep3","Read_1738",0.0273612184656841,"Subpopulation_1"
"NGS_H19_Normal_Rep3","Read_1739",0.978311998176643,"Subpopulation_2"
"NGS_H19_Normal_Rep3","Read_1740",0.974780837241201,"Subpopulation_2"
"NGS_H19_Normal_Rep3","Read_1741",0.0216239582903031,"Subpopulation_1"
"NGS_H19_Normal_Rep3","Read_1742",0.982161409146576,"Subpopulation_2"
"NGS_H19_Normal_Rep3","Read_1743",0.983984014120566,"Subpopulation_2"
"NGS_H19_Normal_Rep3","Read_1744",0.981344704502773,"Subpopulation_2"
"NGS_H19_Normal_Rep3","Read_1745",0.0229596773859504,"Subpopulation_1"
"NGS_H19_Normal_Rep3","Read_1746",0.97965278984546,"Subpopulation_2"
"NGS_H19_Normal_Rep3","Read_1747",0.017080957191731,"Subpopulation_1"
"NGS_H19_Normal_Rep3","Read_1748",0.0234334786663539,"Subpopulation_1"
"NGS_H19_Normal_Rep3","Read_1749",0.018200603081136,"Subpopulation_1"
"NGS_H19_Normal_Rep3","Read_1750",0.982889859065654,"Subpopulation_2"
"NGS_H19_Normal_Rep3","Read_1751",0.0124899981066329,"Subpopulation_1"
"NGS_H19_Normal_Rep3","Read_1752",0.979470072616475,"Subpopulation_2"
"NGS_H19_Normal_Rep3","Read_1753",0.0155990582959914,"Subpopulation_1"
"NGS_H19_Normal_Rep3","Read_1754",0.0161844525541359,"Subpopulation_1"
"NGS_H19_Normal_Rep3","Read_1755",0.980978643419023,"Subpopulation_2"
"NGS_H19_Normal_Rep3","Read_1756",0.0185207045326272,"Subpopulation_1"
"NGS_H19_Normal_Rep3","Read_1757",0.979363986166046,"Subpopulation_2"
"NGS_H19_Normal_Rep3","Read_1758",0.0176503156668624,"Subpopulation_1"
"NGS_H19_Normal_Rep3","Read_1759",0.984740438282348,"Subpopulation_2"
"NGS_H19_Normal_Rep3","Read_1760",0.984578610424872,"Subpopulation_2"
"NGS_H19_Normal_Rep3","Read_1761",0.0168085467355032,"Subpopulation_1"
"NGS_H19_Normal_Rep3","Read_1762",0.0210222205688766,"Subpopulation_1"
"NGS_H19_Normal_Rep3","Read_1763",0.0158664616499817,"Subpopulation_1"
"NGS_H19_Normal_Rep3","Read_1764",0.0107069543847194,"Subpopulation_1"
"NGS_H19_Normal_Rep3","Read_1765",0.0229344166478798,"Subpopulation_1"
"NGS_H19_Normal_Rep3","Read_1766",0.0178392874422456,"Subpopulation_1"
"NGS_H19_Normal_Rep3","Read_1767",0.978293333574185,"Subpopulation_2"
"NGS_H19_Normal_Rep3","Read_1768",0.980306631656197,"Subpopulation_2"
"NGS_H19_Normal_Rep3","Read_1769",0.985445090105695,"Subpopulation_2"
"NGS_H19_Normal_Rep3","Read_1770",0.982903512399744,"Subpopulation_2"
"NGS_H19_Normal_Rep3","Read_1771",0.980692013637047,"Subpopulation_2"
"NGS_H19_Normal_Rep3","Read_1772",0.024182178911697,"Subpopulation_1"
"NGS_H19_Normal_Rep3","Read_1773",0.0147990180836178,"Subpopulation_1"
"NGS_H19_Normal_Rep3","Read_1774",0.0253749355095687,"Subpopulation_1"
"NGS_H19_Normal_Rep3","Read_1775",0.980501184477528,"Subpopulation_2"
"NGS_H19_Normal_Rep3","Read_1776",0.0213738112368386,"Subpopulation_1"
"NGS_H19_Normal_Rep3","Read_1777",0.0254864864102021,"Subpopulation_1"
"NGS_H19_Normal_Rep3","Read_1778",0.980162314310581,"Subpopulation_2"
"NGS_H19_Normal_Rep3","Read_1779",0.983208789688495,"Subpopulation_2"
"NGS_H19_Normal_Rep3","Read_1780",0.981009143554038,"Subpopulation_2"
"NGS_H19_Normal_Rep3","Read_1781",0.0124877160721265,"Subpopulation_1"
"NGS_H19_Normal_Rep3","Read_1782",0.0197781600192333,"Subpopulation_1"
"NGS_H19_Normal_Rep3","Read_1783",0.0207218116541219,"Subpopulation_1"
"NGS_H19_Normal_Rep3","Read_1784",0.0286999911780583,"Subpopulation_1"
"NGS_H19_Normal_Rep3","Read_1785",0.974647997375972,"Subpopulation_2"
"NGS_H19_Normal_Rep3","Read_1786",0.0182622945902194,"Subpopulation_1"
"NGS_H19_Normal_Rep3","Read_1787",0.985032628880751,"Subpopulation_2"
"NGS_H19_Normal_Rep3","Read_1788",0.982475901494708,"Subpopulation_2"
"NGS_H19_Normal_Rep3","Read_1789",0.979280670648276,"Subpopulation_2"
"NGS_H19_Normal_Rep3","Read_1790",0.0122107733223027,"Subpopulation_1"
"NGS_H19_Normal_Rep3","Read_1791",0.0194773716754574,"Subpopulation_1"
"NGS_H19_Normal_Rep3","Read_1792",0.980516814631957,"Subpopulation_2"
"NGS_H19_Normal_Rep3","Read_1793",0.0167235297154438,"Subpopulation_1"
"NGS_H19_Normal_Rep3","Read_1794",0.0156991539666683,"Subpopulation_1"
"NGS_H19_Normal_Rep3","Read_1795",0.983761450846282,"Subpopulation_2"
"NGS_H19_Normal_Rep3","Read_1796",0.981257813689743,"Subpopulation_2"
"NGS_H19_Normal_Rep3","Read_1797",0.975089852449409,"Subpopulation_2"
"NGS_H19_Normal_Rep3","Read_1798",0.986850408485584,"Subpopulation_2"
"NGS_H19_Normal_Rep3","Read_1799",0.981362948914157,"Subpopulation_2"
"NGS_H19_Normal_Rep3","Read_1800",0.0240813869764446,"Subpopulation_1"
"NGS_H19_Normal_Rep3","Read_1801",0.0210744498736889,"Subpopulation_1"
"NGS_H19_Normal_Rep3","Read_1802",0.972837601477418,"Subpopulation_2"
"NGS_H19_Normal_Rep3","Read_1803",0.0181995252872751,"Subpopulation_1"
"NGS_H19_Normal_Rep3","Read_1804",0.012819154774078,"Subpopulation_1"
"NGS_H19_Normal_Rep3","Read_1805",0.975906528049762,"Subpopulation_2"
"NGS_H19_Normal_Rep3","Read_1806",0.0183178449817921,"Subpopulation_1"
"NGS_H19_Normal_Rep3","Read_1807",0.0194435733337239,"Subpopulation_1"
"NGS_H19_Normal_Rep3","Read_1808",0.978258364860055,"Subpopulation_2"
"NGS_H19_Normal_Rep3","Read_1809",0.980922219749601,"Subpopulation_2"
"NGS_H19_Normal_Rep3","Read_1810",0.976253051175436,"Subpopulation_2"
"NGS_H19_Normal_Rep3","Read_1811",0.0246470274141842,"Subpopulation_1"
"NGS_H19_Normal_Rep3","Read_1812",0.989611605081111,"Subpopulation_2"
"NGS_H19_Normal_Rep3","Read_1813",0.0162947179735134,"Subpopulation_1"
"NGS_H19_Normal_Rep3","Read_1814",0.0190932837905318,"Subpopulation_1"
"NGS_H19_Normal_Rep3","Read_1815",0.0163285338188548,"Subpopulation_1"
"NGS_H19_Normal_Rep3","Read_1816",0.0273018171022362,"Subpopulation_1"
"NGS_H19_Normal_Rep3","Read_1817",0.0159327993449226,"Subpopulation_1"
"NGS_H19_Normal_Rep3","Read_1818",0.978774242284778,"Subpopulation_2"
"NGS_H19_Normal_Rep3","Read_1819",0.98855459864413,"Subpopulation_2"
"NGS_H19_Normal_Rep3","Read_1820",0.983592179178414,"Subpopulation_2"
"NGS_H19_Normal_Rep3","Read_1821",0.0230280955183897,"Subpopulation_1"
"NGS_H19_Normal_Rep3","Read_1822",0.97686857286229,"Subpopulation_2"
"NGS_H19_Normal_Rep3","Read_1823",0.975607724048027,"Subpopulation_2"
"NGS_H19_Normal_Rep3","Read_1824",0.986777912733677,"Subpopulation_2"
"NGS_H19_Normal_Rep3","Read_1825",0.980607035372049,"Subpopulation_2"
"NGS_H19_Normal_Rep3","Read_1826",0.0199652990853434,"Subpopulation_1"
"NGS_H19_Normal_Rep3","Read_1827",0.0217724795489085,"Subpopulation_1"
"NGS_H19_Normal_Rep3","Read_1828",0.979153113835384,"Subpopulation_2"
"NGS_H19_Normal_Rep3","Read_1829",0.979052602430377,"Subpopulation_2"
"NGS_H19_Normal_Rep3","Read_1830",0.980559759699994,"Subpopulation_2"
"NGS_H19_Normal_Rep3","Read_1831",0.971926861974338,"Subpopulation_2"
"NGS_H19_Normal_Rep3","Read_1832",0.982174118939173,"Subpopulation_2"
"NGS_H19_Normal_Rep3","Read_1833",0.0183225262685909,"Subpopulation_1"
"NGS_H19_Normal_Rep3","Read_1834",0.0161873727594174,"Subpopulation_1"
"NGS_H19_Normal_Rep3","Read_1835",0.0207608526522205,"Subpopulation_1"
"NGS_H19_Normal_Rep3","Read_1836",0.022001710867669,"Subpopulation_1"
"NGS_H19_Normal_Rep3","Read_1837",0.0132250610241074,"Subpopulation_1"
"NGS_H19_Normal_Rep3","Read_1838",0.0220123492363204,"Subpopulation_1"
"NGS_H19_Normal_Rep3","Read_1839",0.0188192822910428,"Subpopulation_1"
"NGS_H19_Normal_Rep3","Read_1840",0.0160934308546963,"Subpopulation_1"
"NGS_H19_Normal_Rep3","Read_1841",0.0217886651136691,"Subpopulation_1"
"NGS_H19_Normal_Rep3","Read_1842",0.977772526894698,"Subpopulation_2"
"NGS_H19_Normal_Rep3","Read_1843",0.979507754976304,"Subpopulation_2"
"NGS_H19_Normal_Rep3","Read_1844",0.984898050733335,"Subpopulation_2"
"NGS_H19_Normal_Rep3","Read_1845",0.981205459832119,"Subpopulation_2"
"NGS_H19_Normal_Rep3","Read_1846",0.981771293798659,"Subpopulation_2"
"NGS_H19_Normal_Rep3","Read_1847",0.014800217953542,"Subpopulation_1"
"NGS_H19_Normal_Rep3","Read_1848",0.988750633014543,"Subpopulation_2"
"NGS_H19_Normal_Rep3","Read_1849",0.0214338653869377,"Subpopulation_1"
"NGS_H19_Normal_Rep3","Read_1850",0.0142884856001403,"Subpopulation_1"
"NGS_H19_Normal_Rep3","Read_1851",0.981861962023246,"Subpopulation_2"
"NGS_H19_Normal_Rep3","Read_1852",0.0222341392880987,"Subpopulation_1"
"NGS_H19_Normal_Rep3","Read_1853",0.015863998022427,"Subpopulation_1"
"NGS_H19_Normal_Rep3","Read_1854",0.980920292922984,"Subpopulation_2"
"NGS_H19_Normal_Rep3","Read_1855",0.978035157675169,"Subpopulation_2"
"NGS_H19_Normal_Rep3","Read_1856",0.0188695063454112,"Subpopulation_1"
"NGS_H19_Normal_Rep3","Read_1857",0.978203920562634,"Subpopulation_2"
"NGS_H19_Normal_Rep3","Read_1858",0.982955887268195,"Subpopulation_2"
"NGS_H19_Normal_Rep3","Read_1859",0.0187659299062992,"Subpopulation_1"
"NGS_H19_Normal_Rep3","Read_1860",0.00978267590021593,"Subpopulation_1"
"NGS_H19_Normal_Rep3","Read_1861",0.978066735803408,"Subpopulation_2"
"NGS_H19_Normal_Rep3","Read_1862",0.979135845251848,"Subpopulation_2"
"NGS_H19_Normal_Rep3","Read_1863",0.0333838524100267,"Subpopulation_1"
"NGS_H19_Normal_Rep3","Read_1864",0.975280825005255,"Subpopulation_2"
"NGS_H19_Normal_Rep3","Read_1865",0.0158490177920854,"Subpopulation_1"
"NGS_H19_Normal_Rep3","Read_1866",0.983546940443504,"Subpopulation_2"
"NGS_H19_Normal_Rep3","Read_1867",0.0219344254828238,"Subpopulation_1"
"NGS_H19_Normal_Rep3","Read_1868",0.980796896949825,"Subpopulation_2"
"NGS_H19_Normal_Rep3","Read_1869",0.0172088759764359,"Subpopulation_1"
"NGS_H19_Normal_Rep3","Read_1870",0.973032123872977,"Subpopulation_2"
"NGS_H19_Normal_Rep3","Read_1871",0.0202379027306073,"Subpopulation_1"
"NGS_H19_Normal_Rep3","Read_1872",0.975683278042544,"Subpopulation_2"
"NGS_H19_Normal_Rep3","Read_1873",0.0171466555425324,"Subpopulation_1"
"NGS_H19_Normal_Rep3","Read_1874",0.013770979136188,"Subpopulation_1"
"NGS_H19_Normal_Rep3","Read_1875",0.0251275883543003,"Subpopulation_1"
"NGS_H19_Normal_Rep3","Read_1876",0.974051404997517,"Subpopulation_2"
"NGS_H19_Normal_Rep3","Read_1877",0.0256449623145089,"Subpopulation_1"
"NGS_H19_Normal_Rep3","Read_1878",0.984397011165801,"Subpopulation_2"
"NGS_H19_Normal_Rep3","Read_1879",0.0149840505467948,"Subpopulation_1"
"NGS_H19_Normal_Rep3","Read_1880",0.984333128475067,"Subpopulation_2"
"NGS_H19_Normal_Rep3","Read_1881",0.0180440294218125,"Subpopulation_1"
"NGS_H19_Normal_Rep3","Read_1882",0.980695389161094,"Subpopulation_2"
"NGS_H19_Normal_Rep3","Read_1883",0.0198321397402862,"Subpopulation_1"
"NGS_H19_Normal_Rep3","Read_1884",0.0161996186735026,"Subpopulation_1"
"NGS_H19_Normal_Rep3","Read_1885",0.979785993123997,"Subpopulation_2"
"NGS_H19_Normal_Rep3","Read_1886",0.0179755896847124,"Subpopulation_1"
"NGS_H19_Normal_Rep3","Read_1887",0.98428632674598,"Subpopulation_2"
"NGS_H19_Normal_Rep3","Read_1888",0.022060600207463,"Subpopulation_1"
"NGS_H19_Normal_Rep3","Read_1889",0.0138199608457078,"Subpopulation_1"
"NGS_H19_Normal_Rep3","Read_1890",0.0218365184699505,"Subpopulation_1"
"NGS_H19_Normal_Rep3","Read_1891",0.979150681258002,"Subpopulation_2"
"NGS_H19_Normal_Rep3","Read_1892",0.983576408752556,"Subpopulation_2"
"NGS_H19_Normal_Rep3","Read_1893",0.0183223417898941,"Subpopulation_1"
"NGS_H19_Normal_Rep3","Read_1894",0.977746673068128,"Subpopulation_2"
"NGS_H19_Normal_Rep3","Read_1895",0.983474474974602,"Subpopulation_2"
"NGS_H19_Normal_Rep3","Read_1896",0.977518233265063,"Subpopulation_2"
"NGS_H19_Normal_Rep3","Read_1897",0.975863409972836,"Subpopulation_2"
"NGS_H19_Normal_Rep3","Read_1898",0.982702120083569,"Subpopulation_2"
"NGS_H19_Normal_Rep3","Read_1899",0.972359938057109,"Subpopulation_2"
"NGS_H19_Normal_Rep3","Read_1900",0.984360861521134,"Subpopulation_2"
"NGS_H19_Normal_Rep3","Read_1901",0.984247209376,"Subpopulation_2"
"NGS_H19_Normal_Rep3","Read_1902",0.985317024216598,"Subpopulation_2"
"NGS_H19_Normal_Rep3","Read_1903",0.980488195847476,"Subpopulation_2"
"NGS_H19_Normal_Rep3","Read_1904",0.983021159223388,"Subpopulation_2"
"NGS_H19_Normal_Rep3","Read_1905",0.0190790003721174,"Subpopulation_1"
"NGS_H19_Normal_Rep3","Read_1906",0.0233389703306471,"Subpopulation_1"
"NGS_H19_Normal_Rep3","Read_1907",0.976928069987388,"Subpopulation_2"
"NGS_H19_Normal_Rep3","Read_1908",0.988813268149684,"Subpopulation_2"
"NGS_H19_Normal_Rep3","Read_1909",0.0270578224875339,"Subpopulation_1"
"NGS_H19_Normal_Rep3","Read_1910",0.0270499396944252,"Subpopulation_1"
"NGS_H19_Normal_Rep3","Read_1911",0.0222188806761656,"Subpopulation_1"
"NGS_H19_Normal_Rep3","Read_1912",0.0193790384137021,"Subpopulation_1"
"NGS_H19_Normal_Rep3","Read_1913",0.981224320779948,"Subpopulation_2"
"NGS_H19_Normal_Rep3","Read_1914",0.979109772770401,"Subpopulation_2"
"NGS_H19_Normal_Rep3","Read_1915",0.983082141090475,"Subpopulation_2"
"NGS_H19_Normal_Rep3","Read_1916",0.0136693394852715,"Subpopulation_1"
"NGS_H19_Normal_Rep3","Read_1917",0.025680685873513,"Subpopulation_1"
"NGS_H19_Normal_Rep3","Read_1918",0.981976378917962,"Subpopulation_2"
"NGS_H19_Normal_Rep3","Read_1919",0.986559671376332,"Subpopulation_2"
"NGS_H19_Normal_Rep3","Read_1920",0.98600179624327,"Subpopulation_2"
"NGS_H19_Normal_Rep3","Read_1921",0.973845783229614,"Subpopulation_2"
"NGS_H19_Normal_Rep3","Read_1922",0.986819041738135,"Subpopulation_2"
"NGS_H19_Normal_Rep3","Read_1923",0.985172796725345,"Subpopulation_2"
"NGS_H19_Normal_Rep3","Read_1924",0.984051317261011,"Subpopulation_2"
"NGS_H19_Normal_Rep3","Read_1925",0.98373916537879,"Subpopulation_2"
"NGS_H19_Normal_Rep3","Read_1926",0.982386146758435,"Subpopulation_2"
"NGS_H19_Normal_Rep3","Read_1927",0.970193653803265,"Subpopulation_2"
"NGS_H19_Normal_Rep3","Read_1928",0.96953582273039,"Subpopulation_2"
"NGS_H19_Normal_Rep3","Read_1929",0.982918072506167,"Subpopulation_2"
"NGS_H19_Normal_Rep3","Read_1930",0.969482187170452,"Subpopulation_2"
"NGS_H19_Normal_Rep3","Read_1931",0.0249794717454081,"Subpopulation_1"
"NGS_H19_Normal_Rep3","Read_1932",0.985508904899483,"Subpopulation_2"
"NGS_H19_Normal_Rep3","Read_1933",0.981792076133697,"Subpopulation_2"
"NGS_H19_Normal_Rep3","Read_1934",0.0253759412239715,"Subpopulation_1"
"NGS_H19_Normal_Rep3","Read_1935",0.0204043138842754,"Subpopulation_1"
"NGS_H19_Normal_Rep3","Read_1936",0.979039033654769,"Subpopulation_2"
"NGS_H19_Normal_Rep3","Read_1937",0.977211167029988,"Subpopulation_2"
"NGS_H19_Normal_Rep3","Read_1938",0.025826959997299,"Subpopulation_1"
"NGS_H19_Normal_Rep3","Read_1939",0.980400404801403,"Subpopulation_2"
"NGS_H19_Normal_Rep3","Read_1940",0.0206572006688296,"Subpopulation_1"
"NGS_H19_Normal_Rep3","Read_1941",0.0233037980646056,"Subpopulation_1"
"NGS_H19_Normal_Rep3","Read_1942",0.986371194337134,"Subpopulation_2"
"NGS_H19_Normal_Rep3","Read_1943",0.018553038093721,"Subpopulation_1"
"NGS_H19_Normal_Rep3","Read_1944",0.97311588260404,"Subpopulation_2"
"NGS_H19_Normal_Rep3","Read_1945",0.978992223668313,"Subpopulation_2"
"NGS_H19_Normal_Rep3","Read_1946",0.976970671972347,"Subpopulation_2"
"NGS_H19_Normal_Rep3","Read_1947",0.0176625007126674,"Subpopulation_1"
"NGS_H19_Normal_Rep3","Read_1948",0.0223064809283002,"Subpopulation_1"
"NGS_H19_Normal_Rep3","Read_1949",0.0237445925218239,"Subpopulation_1"
"NGS_H19_Normal_Rep3","Read_1950",0.0196665525117331,"Subpopulation_1"
"NGS_H19_Normal_Rep3","Read_1951",0.0166418327954481,"Subpopulation_1"
"NGS_H19_Normal_Rep3","Read_1952",0.981207491585619,"Subpopulation_2"
"NGS_H19_Normal_Rep3","Read_1953",0.988665617434496,"Subpopulation_2"
"NGS_H19_Normal_Rep3","Read_1954",0.0231391869557149,"Subpopulation_1"
"NGS_H19_Normal_Rep3","Read_1955",0.0223609332772426,"Subpopulation_1"
"NGS_H19_Normal_Rep3","Read_1956",0.980418746557074,"Subpopulation_2"
"NGS_H19_Normal_Rep3","Read_1957",0.987141297089574,"Subpopulation_2"
"NGS_H19_Normal_Rep3","Read_1958",0.0239056977668824,"Subpopulation_1"
"NGS_H19_Normal_Rep3","Read_1959",0.0245001061215688,"Subpopulation_1"
"NGS_H19_Normal_Rep3","Read_1960",0.983810888683201,"Subpopulation_2"
"NGS_H19_Normal_Rep3","Read_1961",0.979719984270094,"Subpopulation_2"
"NGS_H19_Normal_Rep3","Read_1962",0.974773976018036,"Subpopulation_2"
"NGS_H19_Normal_Rep3","Read_1963",0.0251262064724542,"Subpopulation_1"
"NGS_H19_Normal_Rep3","Read_1964",0.98116024954676,"Subpopulation_2"
"NGS_H19_Normal_Rep3","Read_1965",0.0159319962661009,"Subpopulation_1"
"NGS_H19_Normal_Rep3","Read_1966",0.0162971422881706,"Subpopulation_1"
"NGS_H19_Normal_Rep3","Read_1967",0.980668075698135,"Subpopulation_2"
"NGS_H19_Normal_Rep3","Read_1968",0.0252258701579177,"Subpopulation_1"
"NGS_H19_Normal_Rep3","Read_1969",0.975609105079297,"Subpopulation_2"
"NGS_H19_Normal_Rep3","Read_1970",0.986231895915394,"Subpopulation_2"
"NGS_H19_Normal_Rep3","Read_1971",0.0177828488753071,"Subpopulation_1"
"NGS_H19_Normal_Rep3","Read_1972",0.979175337557165,"Subpopulation_2"
"NGS_H19_Normal_Rep3","Read_1973",0.975720349754091,"Subpopulation_2"
"NGS_H19_Normal_Rep3","Read_1974",0.0126803761336919,"Subpopulation_1"
"NGS_H19_Normal_Rep3","Read_1975",0.0178197523122995,"Subpopulation_1"
"NGS_H19_Normal_Rep3","Read_1976",0.0257760949080077,"Subpopulation_1"
"NGS_H19_Normal_Rep3","Read_1977",0.982546667799137,"Subpopulation_2"
"NGS_H19_Normal_Rep3","Read_1978",0.0215585231705394,"Subpopulation_1"
"NGS_H19_Normal_Rep3","Read_1979",0.984886370765536,"Subpopulation_2"
"NGS_H19_Normal_Rep3","Read_1980",0.0193125288923096,"Subpopulation_1"
"NGS_H19_Normal_Rep3","Read_1981",0.981791711123057,"Subpopulation_2"
"NGS_H19_Normal_Rep3","Read_1982",0.0179639082592979,"Subpopulation_1"
"NGS_H19_Normal_Rep3","Read_1983",0.982081480105652,"Subpopulation_2"
"NGS_H19_Normal_Rep3","Read_1984",0.983878298885819,"Subpopulation_2"
"NGS_H19_Normal_Rep3","Read_1985",0.0295995860756946,"Subpopulation_1"
"NGS_H19_Normal_Rep3","Read_1986",0.0173039398519713,"Subpopulation_1"
"NGS_H19_Normal_Rep3","Read_1987",0.0323979637515881,"Subpopulation_1"
"NGS_H19_Normal_Rep3","Read_1988",0.0214691314798372,"Subpopulation_1"
"NGS_H19_Normal_Rep3","Read_1989",0.978098687762728,"Subpopulation_2"
"NGS_H19_Normal_Rep3","Read_1990",0.0256446639152974,"Subpopulation_1"
"NGS_H19_Normal_Rep3","Read_1991",0.984167055296199,"Subpopulation_2"
"NGS_H19_Normal_Rep3","Read_1992",0.977140453599088,"Subpopulation_2"
"NGS_H19_Normal_Rep3","Read_1993",0.982446795672063,"Subpopulation_2"
"NGS_H19_Normal_Rep3","Read_1994",0.982652020563015,"Subpopulation_2"
"NGS_H19_Normal_Rep3","Read_1995",0.978328745504878,"Subpopulation_2"
"NGS_H19_Normal_Rep3","Read_1996",0.0150739155053851,"Subpopulation_1"
"NGS_H19_Normal_Rep3","Read_1997",0.0220969479506066,"Subpopulation_1"
"NGS_H19_Normal_Rep3","Read_1998",0.0152216087517476,"Subpopulation_1"
"NGS_H19_Normal_Rep3","Read_1999",0.979184450767147,"Subpopulation_2"
"NGS_H19_Normal_Rep3","Read_2000",0.020305141251692,"Subpopulation_1"
"NGS_H19_Normal_Rep3","Read_2001",0.977275233249817,"Subpopulation_2"
"NGS_H19_Normal_Rep3","Read_2002",0.972803758202151,"Subpopulation_2"
"NGS_H19_Normal_Rep3","Read_2003",0.0119171425089521,"Subpopulation_1"
"NGS_H19_Normal_Rep3","Read_2004",0.0176824354612221,"Subpopulation_1"
"NGS_H19_Normal_Rep3","Read_2005",0.0183355032146349,"Subpopulation_1"
"NGS_H19_Normal_Rep3","Read_2006",0.0241133347272941,"Subpopulation_1"
"NGS_H19_Normal_Rep3","Read_2007",0.0254811887853438,"Subpopulation_1"
"NGS_H19_Normal_Rep3","Read_2008",0.0164560664583911,"Subpopulation_1"
"NGS_H19_Normal_Rep3","Read_2009",0.978795753793635,"Subpopulation_2"
"NGS_H19_Normal_Rep3","Read_2010",0.977125585725348,"Subpopulation_2"
"NGS_H19_Normal_Rep3","Read_2011",0.981586778248443,"Subpopulation_2"
"NGS_H19_Normal_Rep3","Read_2012",0.02027590975814,"Subpopulation_1"
"NGS_H19_Normal_Rep3","Read_2013",0.0191013150484095,"Subpopulation_1"
"NGS_H19_Normal_Rep3","Read_2014",0.0137587462059039,"Subpopulation_1"
"NGS_H19_Normal_Rep3","Read_2015",0.985003617447203,"Subpopulation_2"
"NGS_H19_Normal_Rep3","Read_2016",0.0140623776996091,"Subpopulation_1"
"NGS_H19_Normal_Rep3","Read_2017",0.980564948184681,"Subpopulation_2"
"NGS_H19_Normal_Rep3","Read_2018",0.974956035603703,"Subpopulation_2"
"NGS_H19_Normal_Rep3","Read_2019",0.982541805880289,"Subpopulation_2"
"NGS_H19_Normal_Rep3","Read_2020",0.986204618735048,"Subpopulation_2"
"NGS_H19_Normal_Rep3","Read_2021",0.979872822596558,"Subpopulation_2"
"NGS_H19_Normal_Rep3","Read_2022",0.0211929712436322,"Subpopulation_1"
"NGS_H19_Normal_Rep3","Read_2023",0.0171443348802803,"Subpopulation_1"
"NGS_H19_Normal_Rep3","Read_2024",0.0159137889072391,"Subpopulation_1"
"NGS_H19_Normal_Rep3","Read_2025",0.0251336675645286,"Subpopulation_1"
"NGS_H19_Normal_Rep3","Read_2026",0.973923288292375,"Subpopulation_2"
"NGS_H19_Normal_Rep3","Read_2027",0.0229026834817711,"Subpopulation_1"
"NGS_H19_Normal_Rep3","Read_2028",0.98656517002399,"Subpopulation_2"
"NGS_H19_Normal_Rep3","Read_2029",0.976614725445016,"Subpopulation_2"
"NGS_H19_Normal_Rep3","Read_2030",0.0173958939607136,"Subpopulation_1"
"NGS_H19_Normal_Rep3","Read_2031",0.982523291375616,"Subpopulation_2"
"NGS_H19_Normal_Rep3","Read_2032",0.0174253745355604,"Subpopulation_1"
"NGS_H19_Normal_Rep3","Read_2033",0.0156690582011425,"Subpopulation_1"
"NGS_H19_Normal_Rep3","Read_2034",0.979708976722025,"Subpopulation_2"
"NGS_H19_Normal_Rep3","Read_2035",0.984338074939969,"Subpopulation_2"
"NGS_H19_Normal_Rep3","Read_2036",0.972530261896966,"Subpopulation_2"
"NGS_H19_Normal_Rep3","Read_2037",0.0214254576837741,"Subpopulation_1"
"NGS_H19_Normal_Rep3","Read_2038",0.0169721956804045,"Subpopulation_1"
"NGS_H19_Normal_Rep3","Read_2039",0.0214824097935146,"Subpopulation_1"
"NGS_H19_Normal_Rep3","Read_2040",0.9653782927355,"Subpopulation_2"
"NGS_H19_Normal_Rep3","Read_2041",0.983047697215057,"Subpopulation_2"
"NGS_H19_Normal_Rep3","Read_2042",0.984158905054004,"Subpopulation_2"
"NGS_H19_Normal_Rep3","Read_2043",0.972556853829705,"Subpopulation_2"
"NGS_H19_Normal_Rep3","Read_2044",0.0228181720432799,"Subpopulation_1"
"NGS_H19_Normal_Rep3","Read_2045",0.0237605837092827,"Subpopulation_1"
"NGS_H19_Normal_Rep3","Read_2046",0.0254711671925766,"Subpopulation_1"
"NGS_H19_Normal_Rep3","Read_2047",0.0167776557195377,"Subpopulation_1"
"NGS_H19_Normal_Rep3","Read_2048",0.0170125204001511,"Subpopulation_1"
"NGS_H19_Normal_Rep3","Read_2049",0.981937806173309,"Subpopulation_2"
"NGS_H19_Normal_Rep3","Read_2050",0.023780888685165,"Subpopulation_1"
"NGS_H19_Normal_Rep3","Read_2051",0.0208862013904868,"Subpopulation_1"
"NGS_H19_Normal_Rep3","Read_2052",0.978009882014931,"Subpopulation_2"
"NGS_H19_Normal_Rep3","Read_2053",0.019021570465349,"Subpopulation_1"
"NGS_H19_Normal_Rep3","Read_2054",0.981012596929484,"Subpopulation_2"
"NGS_H19_Normal_Rep3","Read_2055",0.025434939955366,"Subpopulation_1"
"NGS_H19_Normal_Rep3","Read_2056",0.984939761973054,"Subpopulation_2"
"NGS_H19_Normal_Rep3","Read_2057",0.985538316443268,"Subpopulation_2"
"NGS_H19_Normal_Rep3","Read_2058",0.978118411131867,"Subpopulation_2"
"NGS_H19_Normal_Rep3","Read_2059",0.0114109812130657,"Subpopulation_1"
"NGS_H19_Normal_Rep3","Read_2060",0.0137177771221985,"Subpopulation_1"
"NGS_H19_Normal_Rep3","Read_2061",0.978818780409126,"Subpopulation_2"
"NGS_H19_Normal_Rep3","Read_2062",0.0142895668416172,"Subpopulation_1"
"NGS_H19_Normal_Rep3","Read_2063",0.0223826311220415,"Subpopulation_1"
"NGS_H19_Normal_Rep3","Read_2064",0.976089112678938,"Subpopulation_2"
"NGS_H19_Normal_Rep3","Read_2065",0.0151345843760026,"Subpopulation_1"
"NGS_H19_Normal_Rep3","Read_2066",0.0220128469632889,"Subpopulation_1"
"NGS_H19_Normal_Rep3","Read_2067",0.0247219369969149,"Subpopulation_1"
"NGS_H19_Normal_Rep3","Read_2068",0.976122735278018,"Subpopulation_2"
"NGS_H19_Normal_Rep3","Read_2069",0.976894004684306,"Subpopulation_2"
"NGS_H19_Normal_Rep3","Read_2070",0.0350994786821648,"Subpopulation_1"
"NGS_H19_Normal_Rep3","Read_2071",0.975055355438882,"Subpopulation_2"
"NGS_H19_Normal_Rep3","Read_2072",0.0127867428578902,"Subpopulation_1"
"NGS_H19_Normal_Rep3","Read_2073",0.978323099333989,"Subpopulation_2"
"NGS_H19_Normal_Rep3","Read_2074",0.0172033067721777,"Subpopulation_1"
"NGS_H19_Normal_Rep3","Read_2075",0.970169618963781,"Subpopulation_2"
"NGS_H19_Normal_Rep3","Read_2076",0.989848754080237,"Subpopulation_2"
"NGS_H19_Normal_Rep3","Read_2077",0.975480460057087,"Subpopulation_2"
"NGS_H19_Normal_Rep3","Read_2078",0.968770951678765,"Subpopulation_2"
"NGS_H19_Normal_Rep3","Read_2079",0.976435932671609,"Subpopulation_2"
"NGS_H19_Normal_Rep3","Read_2080",0.981965103255954,"Subpopulation_2"
"NGS_H19_Normal_Rep3","Read_2081",0.025030206556066,"Subpopulation_1"
"NGS_H19_Normal_Rep3","Read_2082",0.980764277414716,"Subpopulation_2"
"NGS_H19_Normal_Rep3","Read_2083",0.0157656662865061,"Subpopulation_1"
"NGS_H19_Normal_Rep3","Read_2084",0.0202311498116193,"Subpopulation_1"
"NGS_H19_Normal_Rep3","Read_2085",0.974855630342521,"Subpopulation_2"
"NGS_H19_Normal_Rep3","Read_2086",0.0193130019194391,"Subpopulation_1"
"NGS_H19_Normal_Rep3","Read_2087",0.97598543385035,"Subpopulation_2"
"NGS_H19_Normal_Rep3","Read_2088",0.0195132480267445,"Subpopulation_1"
"NGS_H19_Normal_Rep3","Read_2089",0.0160144261208414,"Subpopulation_1"
"NGS_H19_Normal_Rep3","Read_2090",0.021899302498169,"Subpopulation_1"
"NGS_H19_Normal_Rep3","Read_2091",0.017663685145862,"Subpopulation_1"
"NGS_H19_Normal_Rep3","Read_2092",0.0187747014018662,"Subpopulation_1"
"NGS_H19_Normal_Rep3","Read_2093",0.017970719379244,"Subpopulation_1"
"NGS_H19_Normal_Rep3","Read_2094",0.979874973354176,"Subpopulation_2"
"NGS_H19_Normal_Rep3","Read_2095",0.975613533821597,"Subpopulation_2"
"NGS_H19_Normal_Rep3","Read_2096",0.0229968791157042,"Subpopulation_1"
"NGS_H19_Normal_Rep3","Read_2097",0.0194656628964598,"Subpopulation_1"
"NGS_H19_Normal_Rep3","Read_2098",0.0233355987746768,"Subpopulation_1"
"NGS_H19_Normal_Rep3","Read_2099",0.975842779074671,"Subpopulation_2"
"NGS_H19_Normal_Rep3","Read_2100",0.978608855835029,"Subpopulation_2"
"NGS_H19_Normal_Rep3","Read_2101",0.980658559553591,"Subpopulation_2"
"NGS_H19_Normal_Rep3","Read_2102",0.974836471903049,"Subpopulation_2"
"NGS_H19_Normal_Rep3","Read_2103",0.0194513939437732,"Subpopulation_1"
"NGS_H19_Normal_Rep3","Read_2104",0.976522057120991,"Subpopulation_2"
"NGS_H19_Normal_Rep3","Read_2105",0.0255885227412297,"Subpopulation_1"
"NGS_H19_Normal_Rep3","Read_2106",0.969087044744198,"Subpopulation_2"
"NGS_H19_Normal_Rep3","Read_2107",0.97194431264649,"Subpopulation_2"
"NGS_H19_Normal_Rep3","Read_2108",0.0182245108648555,"Subpopulation_1"
"NGS_H19_Normal_Rep3","Read_2109",0.977680941562763,"Subpopulation_2"
"NGS_H19_Normal_Rep3","Read_2110",0.0264570089503353,"Subpopulation_1"
"NGS_H19_Normal_Rep3","Read_2111",0.0187035408349377,"Subpopulation_1"
"NGS_H19_Normal_Rep3","Read_2112",0.988102094724382,"Subpopulation_2"
"NGS_H19_Normal_Rep3","Read_2113",0.0287391470636881,"Subpopulation_1"
"NGS_H19_Normal_Rep3","Read_2114",0.975317289470989,"Subpopulation_2"
"NGS_H19_Normal_Rep3","Read_2115",0.0224962556113001,"Subpopulation_1"
"NGS_H19_Normal_Rep3","Read_2116",0.0223947949690248,"Subpopulation_1"
"NGS_H19_Normal_Rep3","Read_2117",0.978743750482788,"Subpopulation_2"
"NGS_H19_Normal_Rep3","Read_2118",0.0198854029608349,"Subpopulation_1"
"NGS_H19_Normal_Rep3","Read_2119",0.98442194855186,"Subpopulation_2"
"NGS_H19_Normal_Rep3","Read_2120",0.973040364506399,"Subpopulation_2"
"NGS_H19_Normal_Rep3","Read_2121",0.979900689988405,"Subpopulation_2"
"NGS_H19_Normal_Rep3","Read_2122",0.980883399559289,"Subpopulation_2"
"NGS_H19_Normal_Rep3","Read_2123",0.968086604409099,"Subpopulation_2"
"NGS_H19_Normal_Rep3","Read_2124",0.0172610007293004,"Subpopulation_1"
"NGS_H19_Normal_Rep3","Read_2125",0.984428096006157,"Subpopulation_2"
"NGS_H19_Normal_Rep3","Read_2126",0.977558542871006,"Subpopulation_2"
"NGS_H19_Normal_Rep3","Read_2127",0.984295036379268,"Subpopulation_2"
"NGS_H19_Normal_Rep3","Read_2128",0.976553147816626,"Subpopulation_2"
"NGS_H19_Normal_Rep3","Read_2129",0.0136386061373603,"Subpopulation_1"
"NGS_H19_Normal_Rep3","Read_2130",0.967539391342675,"Subpopulation_2"
"NGS_H19_Normal_Rep3","Read_2131",0.983725319057409,"Subpopulation_2"
"NGS_H19_Normal_Rep3","Read_2132",0.980677824225046,"Subpopulation_2"
"NGS_H19_Normal_Rep3","Read_2133",0.01716638246948,"Subpopulation_1"
"NGS_H19_Normal_Rep3","Read_2134",0.978847666068607,"Subpopulation_2"
"NGS_H19_Normal_Rep3","Read_2135",0.0254925781918578,"Subpopulation_1"
"NGS_H19_Normal_Rep3","Read_2136",0.0181121714973875,"Subpopulation_1"
"NGS_H19_Normal_Rep3","Read_2137",0.017282172134804,"Subpopulation_1"
"NGS_H19_Normal_Rep3","Read_2138",0.0141521188589139,"Subpopulation_1"
"NGS_H19_Normal_Rep3","Read_2139",0.975801803251241,"Subpopulation_2"
"NGS_H19_Normal_Rep3","Read_2140",0.0156218168839973,"Subpopulation_1"
"NGS_H19_Normal_Rep3","Read_2141",0.980772181254477,"Subpopulation_2"
"NGS_H19_Normal_Rep3","Read_2142",0.986351996981833,"Subpopulation_2"
"NGS_H19_Normal_Rep3","Read_2143",0.0229160696906698,"Subpopulation_1"
"NGS_H19_Normal_Rep3","Read_2144",0.023597600896224,"Subpopulation_1"
"NGS_H19_Normal_Rep3","Read_2145",0.979526097622126,"Subpopulation_2"
"NGS_H19_Normal_Rep3","Read_2146",0.976446673753569,"Subpopulation_2"
"NGS_H19_Normal_Rep3","Read_2147",0.0185329087560942,"Subpopulation_1"
"NGS_H19_Normal_Rep3","Read_2148",0.978271298859935,"Subpopulation_2"
"NGS_H19_Normal_Rep3","Read_2149",0.0130227219841606,"Subpopulation_1"
"NGS_H19_Normal_Rep3","Read_2150",0.0197746951177959,"Subpopulation_1"
"NGS_H19_Normal_Rep3","Read_2151",0.0237016907812438,"Subpopulation_1"
"NGS_H19_Normal_Rep3","Read_2152",0.0163568574786236,"Subpopulation_1"
"NGS_H19_Normal_Rep3","Read_2153",0.0236479082122001,"Subpopulation_1"
"NGS_H19_Normal_Rep3","Read_2154",0.973267571973739,"Subpopulation_2"
"NGS_H19_Normal_Rep3","Read_2155",0.97856666290885,"Subpopulation_2"
"NGS_H19_Normal_Rep3","Read_2156",0.983358396503802,"Subpopulation_2"
"NGS_H19_Normal_Rep3","Read_2157",0.975269649136411,"Subpopulation_2"
"NGS_H19_Normal_Rep3","Read_2158",0.0203670936013521,"Subpopulation_1"
"NGS_H19_Normal_Rep3","Read_2159",0.0187305044571806,"Subpopulation_1"
"NGS_H19_Normal_Rep3","Read_2160",0.973807755449586,"Subpopulation_2"
"NGS_H19_Normal_Rep3","Read_2161",0.010680878027888,"Subpopulation_1"
"NGS_H19_Normal_Rep3","Read_2162",0.979892991691761,"Subpopulation_2"
"NGS_H19_Normal_Rep3","Read_2163",0.0185432321751838,"Subpopulation_1"
"NGS_H19_Normal_Rep3","Read_2164",0.978899974751102,"Subpopulation_2"
"NGS_H19_Normal_Rep3","Read_2165",0.985146842037346,"Subpopulation_2"
"NGS_H19_Normal_Rep3","Read_2166",0.973504460003074,"Subpopulation_2"
"NGS_H19_Normal_Rep3","Read_2167",0.0259539016387335,"Subpopulation_1"
"NGS_H19_Normal_Rep3","Read_2168",0.983782662138082,"Subpopulation_2"
"NGS_H19_Normal_Rep3","Read_2169",0.0243693102370966,"Subpopulation_1"
"NGS_H19_Normal_Rep3","Read_2170",0.0243213561583925,"Subpopulation_1"
"NGS_H19_Normal_Rep3","Read_2171",0.974541988456809,"Subpopulation_2"
"NGS_H19_Normal_Rep3","Read_2172",0.018697014293193,"Subpopulation_1"
"NGS_H19_Normal_Rep3","Read_2173",0.973054292336981,"Subpopulation_2"
"NGS_H19_Normal_Rep3","Read_2174",0.983262801223142,"Subpopulation_2"
"NGS_H19_Normal_Rep3","Read_2175",0.983667127605317,"Subpopulation_2"
"NGS_H19_Normal_Rep3","Read_2176",0.0246831278992944,"Subpopulation_1"
"NGS_H19_Normal_Rep3","Read_2177",0.98044213040228,"Subpopulation_2"
"NGS_H19_Normal_Rep3","Read_2178",0.0177810786566091,"Subpopulation_1"
"NGS_H19_Normal_Rep3","Read_2179",0.0173559700592514,"Subpopulation_1"
"NGS_H19_Normal_Rep3","Read_2180",0.985291833011648,"Subpopulation_2"
"NGS_H19_Normal_Rep3","Read_2181",0.980424895169832,"Subpopulation_2"
"NGS_H19_Normal_Rep3","Read_2182",0.981637350963131,"Subpopulation_2"
"NGS_H19_Normal_Rep3","Read_2183",0.0150594076333458,"Subpopulation_1"
"NGS_H19_Normal_Rep3","Read_2184",0.978518126203109,"Subpopulation_2"
"NGS_H19_Normal_Rep3","Read_2185",0.0169492903179401,"Subpopulation_1"
"NGS_H19_Normal_Rep3","Read_2186",0.0176261281231845,"Subpopulation_1"
"NGS_H19_Normal_Rep3","Read_2187",0.97165115334026,"Subpopulation_2"
"NGS_H19_Normal_Rep3","Read_2188",0.0224813580452826,"Subpopulation_1"
"NGS_H19_Normal_Rep3","Read_2189",0.976713011001574,"Subpopulation_2"
"NGS_H19_Normal_Rep3","Read_2190",0.0205580305687902,"Subpopulation_1"
"NGS_H19_Normal_Rep3","Read_2191",0.977086519925098,"Subpopulation_2"
"NGS_H19_Normal_Rep3","Read_2192",0.978895295398573,"Subpopulation_2"
"NGS_H19_Normal_Rep3","Read_2193",0.978630314062681,"Subpopulation_2"
"NGS_H19_Normal_Rep3","Read_2194",0.0192370808195186,"Subpopulation_1"
"NGS_H19_Normal_Rep3","Read_2195",0.985809169689871,"Subpopulation_2"
"NGS_H19_Normal_Rep3","Read_2196",0.0209881032567517,"Subpopulation_1"
"NGS_H19_Normal_Rep3","Read_2197",0.98951657143551,"Subpopulation_2"
"NGS_H19_Normal_Rep3","Read_2198",0.971297505247436,"Subpopulation_2"
"NGS_H19_Normal_Rep3","Read_2199",0.983205096712552,"Subpopulation_2"
"NGS_H19_Normal_Rep3","Read_2200",0.0244832258004394,"Subpopulation_1"
"NGS_H19_Normal_Rep3","Read_2201",0.977260673125063,"Subpopulation_2"
"NGS_H19_Normal_Rep3","Read_2202",0.0165812572183592,"Subpopulation_1"
"NGS_H19_Normal_Rep3","Read_2203",0.0184207312981181,"Subpopulation_1"
"NGS_H19_Normal_Rep3","Read_2204",0.981338085517888,"Subpopulation_2"
"NGS_H19_Normal_Rep3","Read_2205",0.979553835190131,"Subpopulation_2"
"NGS_H19_Normal_Rep3","Read_2206",0.0175392918336979,"Subpopulation_1"
"NGS_H19_Normal_Rep3","Read_2207",0.984097320261887,"Subpopulation_2"
"NGS_H19_Normal_Rep3","Read_2208",0.981506546320566,"Subpopulation_2"
"NGS_H19_Normal_Rep3","Read_2209",0.0215843415538583,"Subpopulation_1"
"NGS_H19_Normal_Rep3","Read_2210",0.980446346754783,"Subpopulation_2"
"NGS_H19_Normal_Rep3","Read_2211",0.0199707351578407,"Subpopulation_1"
"NGS_H19_Normal_Rep3","Read_2212",0.0119407837754477,"Subpopulation_1"
"NGS_H19_Normal_Rep3","Read_2213",0.982580791632875,"Subpopulation_2"
"NGS_H19_Normal_Rep3","Read_2214",0.978818017486297,"Subpopulation_2"
"NGS_H19_Normal_Rep3","Read_2215",0.0200553451248345,"Subpopulation_1"
"NGS_H19_Normal_Rep3","Read_2216",0.978531473989854,"Subpopulation_2"
"NGS_H19_Normal_Rep3","Read_2217",0.981451047985517,"Subpopulation_2"
"NGS_H19_Normal_Rep3","Read_2218",0.979144223492916,"Subpopulation_2"
"NGS_H19_Normal_Rep3","Read_2219",0.013536841321512,"Subpopulation_1"
"NGS_H19_Normal_Rep3","Read_2220",0.977421496779066,"Subpopulation_2"
"NGS_H19_Normal_Rep3","Read_2221",0.016434675160086,"Subpopulation_1"
"NGS_H19_Normal_Rep3","Read_2222",0.0187403727800838,"Subpopulation_1"
"NGS_H19_Normal_Rep3","Read_2223",0.0228364908258961,"Subpopulation_1"
"NGS_H19_Normal_Rep3","Read_2224",0.0234721470081115,"Subpopulation_1"
"NGS_H19_Normal_Rep3","Read_2225",0.0147035517567703,"Subpopulation_1"
"NGS_H19_Normal_Rep3","Read_2226",0.976227622843955,"Subpopulation_2"
"NGS_H19_Normal_Rep3","Read_2227",0.986043636646151,"Subpopulation_2"
"NGS_H19_Normal_Rep3","Read_2228",0.973446721592014,"Subpopulation_2"
"NGS_H19_Normal_Rep3","Read_2229",0.019330072285893,"Subpopulation_1"
"NGS_H19_Normal_Rep3","Read_2230",0.981280365308445,"Subpopulation_2"
"NGS_H19_Normal_Rep3","Read_2231",0.013382833793398,"Subpopulation_1"
"NGS_H19_Normal_Rep3","Read_2232",0.975608892713375,"Subpopulation_2"
"NGS_H19_Normal_Rep3","Read_2233",0.0265485104215282,"Subpopulation_1"
"NGS_H19_Normal_Rep3","Read_2234",0.0236698353230358,"Subpopulation_1"
"NGS_H19_Normal_Rep3","Read_2235",0.977443569227851,"Subpopulation_2"
"NGS_H19_Normal_Rep3","Read_2236",0.984340369518592,"Subpopulation_2"
"NGS_H19_Normal_Rep3","Read_2237",0.971411781938675,"Subpopulation_2"
"NGS_H19_Normal_Rep3","Read_2238",0.978426357372029,"Subpopulation_2"
"NGS_H19_Normal_Rep3","Read_2239",0.967775984491741,"Subpopulation_2"
"NGS_H19_Normal_Rep3","Read_2240",0.980880030724115,"Subpopulation_2"
"NGS_H19_Normal_Rep3","Read_2241",0.0185736472315994,"Subpopulation_1"
"NGS_H19_Normal_Rep3","Read_2242",0.979395230343926,"Subpopulation_2"
"NGS_H19_Normal_Rep3","Read_2243",0.0146318358934072,"Subpopulation_1"
"NGS_H19_Normal_Rep3","Read_2244",0.0148035678776689,"Subpopulation_1"
"NGS_H19_Normal_Rep3","Read_2245",0.0180855936193307,"Subpopulation_1"
"NGS_H19_Normal_Rep3","Read_2246",0.970518601694235,"Subpopulation_2"
"NGS_H19_Normal_Rep3","Read_2247",0.978939546846604,"Subpopulation_2"
"NGS_H19_Normal_Rep3","Read_2248",0.0268301598336096,"Subpopulation_1"
"NGS_H19_Normal_Rep3","Read_2249",0.980482422806716,"Subpopulation_2"
"NGS_H19_Normal_Rep3","Read_2250",0.0196976191420858,"Subpopulation_1"
"NGS_H19_Normal_Rep3","Read_2251",0.0187937864189407,"Subpopulation_1"
"NGS_H19_Normal_Rep3","Read_2252",0.980251529549454,"Subpopulation_2"
"NGS_H19_Normal_Rep3","Read_2253",0.018693314277356,"Subpopulation_1"
"NGS_H19_Normal_Rep3","Read_2254",0.0162140778131911,"Subpopulation_1"
"NGS_H19_Normal_Rep3","Read_2255",0.98195952509743,"Subpopulation_2"
"NGS_H19_Normal_Rep3","Read_2256",0.0193998988516686,"Subpopulation_1"
"NGS_H19_Normal_Rep3","Read_2257",0.977202225059572,"Subpopulation_2"
"NGS_H19_Normal_Rep3","Read_2258",0.009903706598751,"Subpopulation_1"
"NGS_H19_Normal_Rep3","Read_2259",0.0204791369093312,"Subpopulation_1"
"NGS_H19_Normal_Rep3","Read_2260",0.984675098753096,"Subpopulation_2"
"NGS_H19_Normal_Rep3","Read_2261",0.0162774392292369,"Subpopulation_1"
"NGS_H19_Normal_Rep3","Read_2262",0.981482130367157,"Subpopulation_2"
"NGS_H19_Normal_Rep3","Read_2263",0.979349640459692,"Subpopulation_2"
"NGS_H19_Normal_Rep3","Read_2264",0.981845532435125,"Subpopulation_2"
"NGS_H19_Normal_Rep3","Read_2265",0.0164799861624108,"Subpopulation_1"
"NGS_H19_Normal_Rep3","Read_2266",0.984253119836053,"Subpopulation_2"
"NGS_H19_Normal_Rep3","Read_2267",0.978059747832466,"Subpopulation_2"
"NGS_H19_Normal_Rep3","Read_2268",0.014538823618633,"Subpopulation_1"
"NGS_H19_Normal_Rep3","Read_2269",0.0235448459012969,"Subpopulation_1"
"NGS_H19_Normal_Rep3","Read_2270",0.0180215604967374,"Subpopulation_1"
"NGS_H19_Normal_Rep3","Read_2271",0.975241357502725,"Subpopulation_2"
"NGS_H19_Normal_Rep3","Read_2272",0.0225932983225151,"Subpopulation_1"
"NGS_H19_Normal_Rep3","Read_2273",0.0154330975398887,"Subpopulation_1"
"NGS_H19_Normal_Rep3","Read_2274",0.979159196224911,"Subpopulation_2"
"NGS_H19_Normal_Rep3","Read_2275",0.977331270684645,"Subpopulation_2"
"NGS_H19_Normal_Rep3","Read_2276",0.0151463836765847,"Subpopulation_1"
"NGS_H19_Normal_Rep3","Read_2277",0.981514019412909,"Subpopulation_2"
"NGS_H19_Normal_Rep3","Read_2278",0.0253558122593005,"Subpopulation_1"
"NGS_H19_Normal_Rep3","Read_2279",0.980708468141282,"Subpopulation_2"
"NGS_H19_Normal_Rep3","Read_2280",0.980108835396784,"Subpopulation_2"
"NGS_H19_Normal_Rep3","Read_2281",0.0238254581866046,"Subpopulation_1"
"NGS_H19_Normal_Rep3","Read_2282",0.973282295777898,"Subpopulation_2"
"NGS_H19_Normal_Rep3","Read_2283",0.983330104750908,"Subpopulation_2"
"NGS_H19_Normal_Rep3","Read_2284",0.0270375054437608,"Subpopulation_1"
"NGS_H19_Normal_Rep3","Read_2285",0.0126633685067161,"Subpopulation_1"
"NGS_H19_Normal_Rep3","Read_2286",0.0237542124374274,"Subpopulation_1"
"NGS_H19_Normal_Rep3","Read_2287",0.985258181778653,"Subpopulation_2"
"NGS_H19_Normal_Rep3","Read_2288",0.0225189317659612,"Subpopulation_1"
"NGS_H19_Normal_Rep3","Read_2289",0.977066073011271,"Subpopulation_2"
"NGS_H19_Normal_Rep3","Read_2290",0.977103341413141,"Subpopulation_2"
"NGS_H19_Normal_Rep3","Read_2291",0.0221006683567365,"Subpopulation_1"
"NGS_H19_Normal_Rep3","Read_2292",0.982761208371238,"Subpopulation_2"
"NGS_H19_Normal_Rep3","Read_2293",0.0216764513198942,"Subpopulation_1"
"NGS_H19_Normal_Rep3","Read_2294",0.0271121114760351,"Subpopulation_1"
"NGS_H19_Normal_Rep3","Read_2295",0.97456630315821,"Subpopulation_2"
"NGS_H19_Normal_Rep3","Read_2296",0.980862954934378,"Subpopulation_2"
"NGS_H19_Normal_Rep3","Read_2297",0.982370232279398,"Subpopulation_2"
"NGS_H19_Normal_Rep3","Read_2298",0.982312531755373,"Subpopulation_2"
"NGS_H19_Normal_Rep3","Read_2299",0.978867219538377,"Subpopulation_2"
"NGS_H19_Normal_Rep3","Read_2300",0.980579301500582,"Subpopulation_2"
"NGS_H19_Normal_Rep3","Read_2301",0.974294780272009,"Subpopulation_2"
"NGS_H19_Normal_Rep3","Read_2302",0.975961011063285,"Subpopulation_2"
"NGS_H19_Normal_Rep3","Read_2303",0.97965528646059,"Subpopulation_2"
"NGS_H19_Normal_Rep3","Read_2304",0.977397607733598,"Subpopulation_2"
"NGS_H19_Normal_Rep3","Read_2305",0.979030219951996,"Subpopulation_2"
"NGS_H19_Normal_Rep3","Read_2306",0.0205140298095343,"Subpopulation_1"
"NGS_H19_Normal_Rep3","Read_2307",0.98271637312536,"Subpopulation_2"
"NGS_H19_Normal_Rep3","Read_2308",0.983436801521715,"Subpopulation_2"
"NGS_H19_Normal_Rep3","Read_2309",0.978847299989605,"Subpopulation_2"
"NGS_H19_Normal_Rep3","Read_2310",0.0143919132534219,"Subpopulation_1"
"NGS_H19_Normal_Rep3","Read_2311",0.961502441486462,"Subpopulation_2"
"NGS_H19_Normal_Rep3","Read_2312",0.0187156710429113,"Subpopulation_1"
"NGS_H19_Normal_Rep3","Read_2313",0.0155082694969119,"Subpopulation_1"
"NGS_H19_Normal_Rep3","Read_2314",0.0233530399039744,"Subpopulation_1"
"NGS_H19_Normal_Rep3","Read_2315",0.0195790131773746,"Subpopulation_1"
"NGS_H19_Normal_Rep3","Read_2316",0.975784367508994,"Subpopulation_2"
"NGS_H19_Normal_Rep3","Read_2317",0.984260677289283,"Subpopulation_2"
"NGS_H19_Normal_Rep3","Read_2318",0.0158907006934718,"Subpopulation_1"
"NGS_H19_Normal_Rep3","Read_2319",0.987512015445099,"Subpopulation_2"
"NGS_H19_Normal_Rep3","Read_2320",0.978033366701197,"Subpopulation_2"
"NGS_H19_Normal_Rep3","Read_2321",0.0192586639323792,"Subpopulation_1"
"NGS_H19_Normal_Rep3","Read_2322",0.0198821458880959,"Subpopulation_1"
"NGS_H19_Normal_Rep3","Read_2323",0.0257520283420995,"Subpopulation_1"
"NGS_H19_Normal_Rep3","Read_2324",0.983815268881733,"Subpopulation_2"
"NGS_H19_Normal_Rep3","Read_2325",0.979219239318817,"Subpopulation_2"
"NGS_H19_Normal_Rep3","Read_2326",0.0264669987848031,"Subpopulation_1"
"NGS_H19_Normal_Rep3","Read_2327",0.0213040367355083,"Subpopulation_1"
"NGS_H19_Normal_Rep3","Read_2328",0.980448119506111,"Subpopulation_2"
"NGS_H19_Normal_Rep3","Read_2329",0.0127861579723428,"Subpopulation_1"
"NGS_H19_Normal_Rep3","Read_2330",0.0234646901349088,"Subpopulation_1"
"NGS_H19_Normal_Rep3","Read_2331",0.0143572494585938,"Subpopulation_1"
"NGS_H19_Normal_Rep3","Read_2332",0.0194266029425148,"Subpopulation_1"
"NGS_H19_Normal_Rep3","Read_2333",0.0253648333153696,"Subpopulation_1"
"NGS_H19_Normal_Rep3","Read_2334",0.0185797047433488,"Subpopulation_1"
"NGS_H19_Normal_Rep3","Read_2335",0.978473618909857,"Subpopulation_2"
"NGS_H19_Normal_Rep3","Read_2336",0.97761716386448,"Subpopulation_2"
"NGS_H19_Normal_Rep3","Read_2337",0.979688121731472,"Subpopulation_2"
"NGS_H19_Normal_Rep3","Read_2338",0.0294416229181438,"Subpopulation_1"
"NGS_H19_Normal_Rep3","Read_2339",0.982784171172963,"Subpopulation_2"
"NGS_H19_Normal_Rep3","Read_2340",0.976140660350143,"Subpopulation_2"
"NGS_H19_Normal_Rep3","Read_2341",0.0252334519679874,"Subpopulation_1"
"NGS_H19_Normal_Rep3","Read_2342",0.0193470844587585,"Subpopulation_1"
"NGS_H19_Normal_Rep3","Read_2343",0.0237269867081922,"Subpopulation_1"
"NGS_H19_Normal_Rep3","Read_2344",0.978094094635693,"Subpopulation_2"
"NGS_H19_Normal_Rep3","Read_2345",0.976762928914207,"Subpopulation_2"
"NGS_H19_Normal_Rep3","Read_2346",0.981624151749047,"Subpopulation_2"
"NGS_H19_Normal_Rep3","Read_2347",0.013203322402046,"Subpopulation_1"
"NGS_H19_Normal_Rep3","Read_2348",0.0164775925725147,"Subpopulation_1"
"NGS_H19_Normal_Rep3","Read_2349",0.982293874215079,"Subpopulation_2"
"NGS_H19_Normal_Rep3","Read_2350",0.014456055346082,"Subpopulation_1"
"NGS_H19_Normal_Rep3","Read_2351",0.986347898056041,"Subpopulation_2"
"NGS_H19_Normal_Rep3","Read_2352",0.0287869672353586,"Subpopulation_1"
"NGS_H19_Normal_Rep3","Read_2353",0.980418245524928,"Subpopulation_2"
"NGS_H19_Normal_Rep3","Read_2354",0.972930625405935,"Subpopulation_2"
"NGS_H19_Normal_Rep3","Read_2355",0.979978801982982,"Subpopulation_2"
"NGS_H19_Normal_Rep3","Read_2356",0.97969648517629,"Subpopulation_2"
"NGS_H19_Normal_Rep3","Read_2357",0.979684472428951,"Subpopulation_2"
"NGS_H19_Normal_Rep3","Read_2358",0.0313343548899863,"Subpopulation_1"
"NGS_H19_Normal_Rep3","Read_2359",0.0166727123512444,"Subpopulation_1"
"NGS_H19_Normal_Rep3","Read_2360",0.974875109879685,"Subpopulation_2"
"NGS_H19_Normal_Rep3","Read_2361",0.0222431545202141,"Subpopulation_1"
"NGS_H19_Normal_Rep3","Read_2362",0.981654947753324,"Subpopulation_2"
"NGS_H19_Normal_Rep3","Read_2363",0.0151883669881593,"Subpopulation_1"
"NGS_H19_Normal_Rep3","Read_2364",0.985708639412435,"Subpopulation_2"
"NGS_H19_Normal_Rep3","Read_2365",0.977312658072101,"Subpopulation_2"
"NGS_H19_Normal_Rep3","Read_2366",0.9856926447472,"Subpopulation_2"
"NGS_H19_Normal_Rep3","Read_2367",0.0203186851386999,"Subpopulation_1"
"NGS_H19_Normal_Rep3","Read_2368",0.020809435361468,"Subpopulation_1"
"NGS_H19_Normal_Rep3","Read_2369",0.983836948215717,"Subpopulation_2"
"NGS_H19_Normal_Rep3","Read_2370",0.0200696478397277,"Subpopulation_1"
"NGS_H19_Normal_Rep3","Read_2371",0.978407314866844,"Subpopulation_2"
"NGS_H19_Normal_Rep3","Read_2372",0.0242828181379773,"Subpopulation_1"
"NGS_H19_Normal_Rep3","Read_2373",0.982295452855797,"Subpopulation_2"
"NGS_H19_Normal_Rep3","Read_2374",0.986481524405024,"Subpopulation_2"
"NGS_H19_Normal_Rep3","Read_2375",0.979905489441205,"Subpopulation_2"
"NGS_H19_Normal_Rep3","Read_2376",0.022949951684786,"Subpopulation_1"
"NGS_H19_Normal_Rep3","Read_2377",0.01715954436318,"Subpopulation_1"
"NGS_H19_Normal_Rep3","Read_2378",0.976524909478983,"Subpopulation_2"
"NGS_H19_Normal_Rep3","Read_2379",0.984618820446814,"Subpopulation_2"
"NGS_H19_Normal_Rep3","Read_2380",0.986166417753204,"Subpopulation_2"
"NGS_H19_Normal_Rep3","Read_2381",0.974830858878637,"Subpopulation_2"
"NGS_H19_Normal_Rep3","Read_2382",0.0162430231768497,"Subpopulation_1"
"NGS_H19_Normal_Rep3","Read_2383",0.0170917309391444,"Subpopulation_1"
"NGS_H19_Normal_Rep3","Read_2384",0.0129620983151969,"Subpopulation_1"
"NGS_H19_Normal_Rep3","Read_2385",0.969604095235509,"Subpopulation_2"
"NGS_H19_Normal_Rep3","Read_2386",0.97887720162396,"Subpopulation_2"
"NGS_H19_Normal_Rep3","Read_2387",0.976214023205676,"Subpopulation_2"
"NGS_H19_Normal_Rep3","Read_2388",0.986152377404419,"Subpopulation_2"
"NGS_H19_Normal_Rep3","Read_2389",0.0165392999927897,"Subpopulation_1"
"NGS_H19_Normal_Rep3","Read_2390",0.98209149259776,"Subpopulation_2"
"NGS_H19_Normal_Rep3","Read_2391",0.972923063162629,"Subpopulation_2"
"NGS_H19_Normal_Rep3","Read_2392",0.983708300071202,"Subpopulation_2"
"NGS_H19_Normal_Rep3","Read_2393",0.973490432536716,"Subpopulation_2"
"NGS_H19_Normal_Rep3","Read_2394",0.976938896079681,"Subpopulation_2"
"NGS_H19_Normal_Rep3","Read_2395",0.98486280258938,"Subpopulation_2"
"NGS_H19_Normal_Rep3","Read_2396",0.022390995143327,"Subpopulation_1"
"NGS_H19_Normal_Rep3","Read_2397",0.015456677976488,"Subpopulation_1"
"NGS_H19_Normal_Rep3","Read_2398",0.976827330769908,"Subpopulation_2"
"NGS_H19_Normal_Rep3","Read_2399",0.0149307286500906,"Subpopulation_1"
"NGS_H19_Normal_Rep3","Read_2400",0.0213429236133839,"Subpopulation_1"
"NGS_H19_Normal_Rep3","Read_2401",0.0171878984802553,"Subpopulation_1"
"NGS_H19_Normal_Rep3","Read_2402",0.0148460812592941,"Subpopulation_1"
"NGS_H19_Normal_Rep3","Read_2403",0.019366354619269,"Subpopulation_1"
"NGS_H19_Normal_Rep3","Read_2404",0.981339187155281,"Subpopulation_2"
"NGS_H19_Normal_Rep3","Read_2405",0.0205408914815281,"Subpopulation_1"
"NGS_H19_Normal_Rep3","Read_2406",0.025143255008143,"Subpopulation_1"
"NGS_H19_Normal_Rep3","Read_2407",0.0243317839680217,"Subpopulation_1"
"NGS_H19_Normal_Rep3","Read_2408",0.0197293877134055,"Subpopulation_1"
"NGS_H19_Normal_Rep3","Read_2409",0.98517511078329,"Subpopulation_2"
"NGS_H19_Normal_Rep3","Read_2410",0.0233665779927697,"Subpopulation_1"
"NGS_H19_Normal_Rep3","Read_2411",0.0227370626812923,"Subpopulation_1"
"NGS_H19_Normal_Rep3","Read_2412",0.0129070530138231,"Subpopulation_1"
"NGS_H19_Normal_Rep3","Read_2413",0.985262492713356,"Subpopulation_2"
"NGS_H19_Normal_Rep3","Read_2414",0.0137277588568136,"Subpopulation_1"
"NGS_H19_Normal_Rep3","Read_2415",0.981839507166125,"Subpopulation_2"
"NGS_H19_Normal_Rep3","Read_2416",0.0269066241259861,"Subpopulation_1"
"NGS_H19_Normal_Rep3","Read_2417",0.0145942356321969,"Subpopulation_1"
"NGS_H19_Normal_Rep3","Read_2418",0.0169893005918645,"Subpopulation_1"
"NGS_H19_Normal_Rep3","Read_2419",0.0175141502254351,"Subpopulation_1"
"NGS_H19_Normal_Rep3","Read_2420",0.976179180994313,"Subpopulation_2"
"NGS_H19_Normal_Rep3","Read_2421",0.0175352840505068,"Subpopulation_1"
"NGS_H19_Normal_Rep3","Read_2422",0.0195090196196711,"Subpopulation_1"
"NGS_H19_Normal_Rep3","Read_2423",0.98616627324204,"Subpopulation_2"
"NGS_H19_Normal_Rep3","Read_2424",0.0158505885703309,"Subpopulation_1"
"NGS_H19_Normal_Rep3","Read_2425",0.022520591020687,"Subpopulation_1"
"NGS_H19_Normal_Rep3","Read_2426",0.978500721875937,"Subpopulation_2"
"NGS_H19_Normal_Rep3","Read_2427",0.980208490304953,"Subpopulation_2"
"NGS_H19_Normal_Rep3","Read_2428",0.019139683219396,"Subpopulation_1"
"NGS_H19_Normal_Rep3","Read_2429",0.0136605397975631,"Subpopulation_1"
"NGS_H19_Normal_Rep3","Read_2430",0.980518585082432,"Subpopulation_2"
"NGS_H19_Normal_Rep3","Read_2431",0.971683807345077,"Subpopulation_2"
"NGS_H19_Normal_Rep3","Read_2432",0.978661620720887,"Subpopulation_2"
"NGS_H19_Normal_Rep3","Read_2433",0.980258112115074,"Subpopulation_2"
"NGS_H19_Normal_Rep3","Read_2434",0.0196237528903143,"Subpopulation_1"
"NGS_H19_Normal_Rep3","Read_2435",0.0130022888351835,"Subpopulation_1"
"NGS_H19_Normal_Rep3","Read_2436",0.987115129345048,"Subpopulation_2"
"NGS_H19_Normal_Rep3","Read_2437",0.983470072342647,"Subpopulation_2"
"NGS_H19_Normal_Rep3","Read_2438",0.0252845409625409,"Subpopulation_1"
"NGS_H19_Normal_Rep3","Read_2439",0.978508222494262,"Subpopulation_2"
"NGS_H19_Normal_Rep3","Read_2440",0.0112906482495188,"Subpopulation_1"
"NGS_H19_Normal_Rep3","Read_2441",0.0223556505207585,"Subpopulation_1"
"NGS_H19_Normal_Rep3","Read_2442",0.0158581718053226,"Subpopulation_1"
"NGS_H19_Normal_Rep3","Read_2443",0.0182328455287023,"Subpopulation_1"
"NGS_H19_Normal_Rep3","Read_2444",0.975934920850273,"Subpopulation_2"
"NGS_H19_Normal_Rep3","Read_2445",0.980204347994138,"Subpopulation_2"
"NGS_H19_Normal_Rep3","Read_2446",0.978973877269923,"Subpopulation_2"
"NGS_H19_Normal_Rep3","Read_2447",0.0185414191660879,"Subpopulation_1"
"NGS_H19_Normal_Rep3","Read_2448",0.0180366616994744,"Subpopulation_1"
"NGS_H19_Normal_Rep3","Read_2449",0.0174849306057986,"Subpopulation_1"
"NGS_H19_Normal_Rep3","Read_2450",0.98018576501034,"Subpopulation_2"
"NGS_H19_Normal_Rep3","Read_2451",0.98572449569104,"Subpopulation_2"
"NGS_H19_Normal_Rep3","Read_2452",0.984940575186828,"Subpopulation_2"
"NGS_H19_Normal_Rep3","Read_2453",0.0229112354024864,"Subpopulation_1"
"NGS_H19_Normal_Rep3","Read_2454",0.98017587612602,"Subpopulation_2"
"NGS_H19_Normal_Rep3","Read_2455",0.0209592527849969,"Subpopulation_1"
"NGS_H19_Normal_Rep3","Read_2456",0.0274368134941138,"Subpopulation_1"
"NGS_H19_Normal_Rep3","Read_2457",0.98942248541277,"Subpopulation_2"
"NGS_H19_Normal_Rep3","Read_2458",0.0217827346746885,"Subpopulation_1"
"NGS_H19_Normal_Rep3","Read_2459",0.0170540333022227,"Subpopulation_1"
"NGS_H19_Normal_Rep3","Read_2460",0.0232108898732625,"Subpopulation_1"
"NGS_H19_Normal_Rep3","Read_2461",0.984450158768969,"Subpopulation_2"
"NGS_H19_Normal_Rep3","Read_2462",0.0282617194150542,"Subpopulation_1"
"NGS_H19_Normal_Rep3","Read_2463",0.980485011719363,"Subpopulation_2"
"NGS_H19_Normal_Rep3","Read_2464",0.980859057391315,"Subpopulation_2"
"NGS_H19_Normal_Rep3","Read_2465",0.983775297081676,"Subpopulation_2"
"NGS_H19_Normal_Rep3","Read_2466",0.978576216482844,"Subpopulation_2"
"NGS_H19_Normal_Rep3","Read_2467",0.982148595015765,"Subpopulation_2"
"NGS_H19_Normal_Rep3","Read_2468",0.0285876632511801,"Subpopulation_1"
"NGS_H19_Normal_Rep3","Read_2469",0.977951537347963,"Subpopulation_2"
"NGS_H19_Normal_Rep3","Read_2470",0.0206704254978996,"Subpopulation_1"
"NGS_H19_Normal_Rep3","Read_2471",0.0226689665353899,"Subpopulation_1"
"NGS_H19_Normal_Rep3","Read_2472",0.982551680479516,"Subpopulation_2"
"NGS_H19_Normal_Rep3","Read_2473",0.0243550824821299,"Subpopulation_1"
"NGS_H19_Normal_Rep3","Read_2474",0.0201462100314938,"Subpopulation_1"
"NGS_H19_Normal_Rep3","Read_2475",0.982458275074655,"Subpopulation_2"
"NGS_H19_Normal_Rep3","Read_2476",0.978998370704285,"Subpopulation_2"
"NGS_H19_Normal_Rep3","Read_2477",0.0139530670467954,"Subpopulation_1"
"NGS_H19_Normal_Rep3","Read_2478",0.0216876120809677,"Subpopulation_1"
"NGS_H19_Normal_Rep3","Read_2479",0.0202971659349631,"Subpopulation_1"
"NGS_H19_Normal_Rep3","Read_2480",0.0146644755165671,"Subpopulation_1"
"NGS_H19_Normal_Rep3","Read_2481",0.0245816450650602,"Subpopulation_1"
"NGS_H19_Normal_Rep3","Read_2482",0.976001276082867,"Subpopulation_2"
"NGS_H19_Normal_Rep3","Read_2483",0.025132215435175,"Subpopulation_1"
"NGS_H19_Normal_Rep3","Read_2484",0.98556299503189,"Subpopulation_2"
"NGS_H19_Normal_Rep3","Read_2485",0.983341778124509,"Subpopulation_2"
"NGS_H19_Normal_Rep3","Read_2486",0.975893970602707,"Subpopulation_2"
"NGS_H19_Normal_Rep3","Read_2487",0.982763112387748,"Subpopulation_2"
"NGS_H19_Normal_Rep3","Read_2488",0.028899474635791,"Subpopulation_1"
"NGS_H19_Normal_Rep3","Read_2489",0.0211413968521343,"Subpopulation_1"
"NGS_H19_Normal_Rep3","Read_2490",0.017977466531646,"Subpopulation_1"
"NGS_H19_Normal_Rep3","Read_2491",0.0246999056982722,"Subpopulation_1"
"NGS_H19_Normal_Rep3","Read_2492",0.979470529059146,"Subpopulation_2"
"NGS_H19_Normal_Rep3","Read_2493",0.018188864717943,"Subpopulation_1"
"NGS_H19_Normal_Rep3","Read_2494",0.974007190847012,"Subpopulation_2"
"NGS_H19_Normal_Rep3","Read_2495",0.0213154718272824,"Subpopulation_1"
"NGS_H19_Normal_Rep3","Read_2496",0.0187955928638616,"Subpopulation_1"
"NGS_H19_Normal_Rep3","Read_2497",0.984777753004932,"Subpopulation_2"
"NGS_H19_Normal_Rep3","Read_2498",0.976085877964344,"Subpopulation_2"
"NGS_H19_Normal_Rep3","Read_2499",0.0206650622702306,"Subpopulation_1"
"NGS_H19_Normal_Rep3","Read_2500",0.976433658824712,"Subpopulation_2"
"NGS_H19_Normal_Rep3","Read_2501",0.977386488121443,"Subpopulation_2"
"NGS_H19_Normal_Rep3","Read_2502",0.978465896055074,"Subpopulation_2"
"NGS_H19_Normal_Rep3","Read_2503",0.0274398240189258,"Subpopulation_1"
"NGS_H19_Normal_Rep3","Read_2504",0.0141029724810757,"Subpopulation_1"
"NGS_H19_Normal_Rep3","Read_2505",0.982747863305982,"Subpopulation_2"
"NGS_H19_Normal_Rep3","Read_2506",0.970620743598041,"Subpopulation_2"
"NGS_H19_Normal_Rep3","Read_2507",0.0269743444322086,"Subpopulation_1"
"NGS_H19_Normal_Rep3","Read_2508",0.0173930151865632,"Subpopulation_1"
"NGS_H19_Normal_Rep3","Read_2509",0.0209317233360524,"Subpopulation_1"
"NGS_H19_Normal_Rep3","Read_2510",0.977793206793863,"Subpopulation_2"
"NGS_H19_Normal_Rep3","Read_2511",0.0114064414278885,"Subpopulation_1"
"NGS_H19_Normal_Rep3","Read_2512",0.0195152330874833,"Subpopulation_1"
"NGS_H19_Normal_Rep3","Read_2513",0.980212727565796,"Subpopulation_2"
"NGS_H19_Normal_Rep3","Read_2514",0.017456019000861,"Subpopulation_1"
"NGS_H19_Normal_Rep3","Read_2515",0.0178681019723068,"Subpopulation_1"
"NGS_H19_Normal_Rep3","Read_2516",0.0166430399442602,"Subpopulation_1"
"NGS_H19_Normal_Rep3","Read_2517",0.975942500212538,"Subpopulation_2"
"NGS_H19_Normal_Rep3","Read_2518",0.0304004913000592,"Subpopulation_1"
"NGS_H19_Normal_Rep3","Read_2519",0.97498369572075,"Subpopulation_2"
"NGS_H19_Normal_Rep3","Read_2520",0.0160268604911839,"Subpopulation_1"
"NGS_H19_Normal_Rep3","Read_2521",0.0333842737328812,"Subpopulation_1"
"NGS_H19_Normal_Rep3","Read_2522",0.985002720930949,"Subpopulation_2"
"NGS_H19_Normal_Rep3","Read_2523",0.976463934128278,"Subpopulation_2"
"NGS_H19_Normal_Rep3","Read_2524",0.0216497642502586,"Subpopulation_1"
"NGS_H19_Normal_Rep3","Read_2525",0.978826675446593,"Subpopulation_2"
"NGS_H19_Normal_Rep3","Read_2526",0.0163727835964936,"Subpopulation_1"
"NGS_H19_Normal_Rep3","Read_2527",0.0241010153306434,"Subpopulation_1"
"NGS_H19_Normal_Rep3","Read_2528",0.0237500703627898,"Subpopulation_1"
"NGS_H19_Normal_Rep3","Read_2529",0.0186446147821372,"Subpopulation_1"
"NGS_H19_Normal_Rep3","Read_2530",0.981885007822545,"Subpopulation_2"
"NGS_H19_Normal_Rep3","Read_2531",0.0193047628437185,"Subpopulation_1"
"NGS_H19_Normal_Rep3","Read_2532",0.0251260173045835,"Subpopulation_1"
"NGS_H19_Normal_Rep3","Read_2533",0.0250841185353612,"Subpopulation_1"
"NGS_H19_Normal_Rep3","Read_2534",0.0228203203532949,"Subpopulation_1"
"NGS_H19_Normal_Rep3","Read_2535",0.985432520682492,"Subpopulation_2"
"NGS_H19_Normal_Rep3","Read_2536",0.0187462065377073,"Subpopulation_1"
"NGS_H19_Normal_Rep3","Read_2537",0.0167355280431642,"Subpopulation_1"
"NGS_H19_Normal_Rep3","Read_2538",0.026920714625697,"Subpopulation_1"
"NGS_H19_Normal_Rep3","Read_2539",0.02049917935513,"Subpopulation_1"
"NGS_H19_Normal_Rep3","Read_2540",0.0248492364716046,"Subpopulation_1"
"NGS_H19_Normal_Rep3","Read_2541",0.0177999658549977,"Subpopulation_1"
"NGS_H19_Normal_Rep3","Read_2542",0.0188176558485067,"Subpopulation_1"
"NGS_H19_Normal_Rep3","Read_2543",0.977974303106276,"Subpopulation_2"
"NGS_H19_Normal_Rep3","Read_2544",0.0335252277888131,"Subpopulation_1"
"NGS_H19_Normal_Rep3","Read_2545",0.0293273897236588,"Subpopulation_1"
"NGS_H19_Normal_Rep3","Read_2546",0.0217087027957545,"Subpopulation_1"
"NGS_H19_Normal_Rep3","Read_2547",0.0238435242108838,"Subpopulation_1"
"NGS_H19_Normal_Rep3","Read_2548",0.979141366887299,"Subpopulation_2"
"NGS_H19_Normal_Rep3","Read_2549",0.975546702487934,"Subpopulation_2"
"NGS_H19_Normal_Rep3","Read_2550",0.0249810440469137,"Subpopulation_1"
"NGS_H19_Normal_Rep3","Read_2551",0.984836951643545,"Subpopulation_2"
"NGS_H19_Normal_Rep3","Read_2552",0.0308003536307671,"Subpopulation_1"
"NGS_H19_Normal_Rep3","Read_2553",0.983041725824873,"Subpopulation_2"
"NGS_H19_Normal_Rep3","Read_2554",0.979620808093766,"Subpopulation_2"
"NGS_H19_Normal_Rep3","Read_2555",0.974161893447332,"Subpopulation_2"
"NGS_H19_Normal_Rep3","Read_2556",0.987511061757074,"Subpopulation_2"
"NGS_H19_Normal_Rep3","Read_2557",0.975440853380098,"Subpopulation_2"
"NGS_H19_Normal_Rep3","Read_2558",0.0185274360251037,"Subpopulation_1"
"NGS_H19_Normal_Rep3","Read_2559",0.0222581058830663,"Subpopulation_1"
"NGS_H19_Normal_Rep3","Read_2560",0.0120371239812192,"Subpopulation_1"
"NGS_H19_Normal_Rep3","Read_2561",0.978350234822129,"Subpopulation_2"
"NGS_H19_Normal_Rep3","Read_2562",0.98404825439973,"Subpopulation_2"
"NGS_H19_Normal_Rep3","Read_2563",0.981018824301871,"Subpopulation_2"
"NGS_H19_Normal_Rep3","Read_2564",0.980911596324862,"Subpopulation_2"
"NGS_H19_Normal_Rep3","Read_2565",0.984133706417928,"Subpopulation_2"
"NGS_H19_Normal_Rep3","Read_2566",0.983501571977275,"Subpopulation_2"
"NGS_H19_Normal_Rep3","Read_2567",0.984577759566977,"Subpopulation_2"
"NGS_H19_Normal_Rep3","Read_2568",0.0207853287521804,"Subpopulation_1"
"NGS_H19_Normal_Rep3","Read_2569",0.0223593613924476,"Subpopulation_1"
"NGS_H19_Normal_Rep3","Read_2570",0.978298599875821,"Subpopulation_2"
"NGS_H19_Normal_Rep3","Read_2571",0.982107248271644,"Subpopulation_2"
"NGS_H19_Normal_Rep3","Read_2572",0.0208073173858758,"Subpopulation_1"
"NGS_H19_Normal_Rep3","Read_2573",0.988354115117135,"Subpopulation_2"
"NGS_H19_Normal_Rep3","Read_2574",0.984009549033372,"Subpopulation_2"
"NGS_H19_Normal_Rep3","Read_2575",0.0219109457857396,"Subpopulation_1"
"NGS_H19_Normal_Rep3","Read_2576",0.0209165712993391,"Subpopulation_1"
"NGS_H19_Normal_Rep3","Read_2577",0.0207284694069765,"Subpopulation_1"
"NGS_H19_Normal_Rep3","Read_2578",0.9834319875082,"Subpopulation_2"
"NGS_H19_Normal_Rep3","Read_2579",0.975769766474954,"Subpopulation_2"
"NGS_H19_Normal_Rep3","Read_2580",0.980541684756623,"Subpopulation_2"
"NGS_H19_Normal_Rep3","Read_2581",0.978667533820672,"Subpopulation_2"
"NGS_H19_Normal_Rep3","Read_2582",0.981043288480324,"Subpopulation_2"
"NGS_H19_Normal_Rep3","Read_2583",0.0141223847387944,"Subpopulation_1"
"NGS_H19_Normal_Rep3","Read_2584",0.0201803580333171,"Subpopulation_1"
"NGS_H19_Normal_Rep3","Read_2585",0.0176069969625343,"Subpopulation_1"
"NGS_H19_Normal_Rep3","Read_2586",0.0134510359216888,"Subpopulation_1"
"NGS_H19_Normal_Rep3","Read_2587",0.0180302135333575,"Subpopulation_1"
"NGS_H19_Normal_Rep3","Read_2588",0.980293430684873,"Subpopulation_2"
"NGS_H19_Normal_Rep3","Read_2589",0.97352570335418,"Subpopulation_2"
"NGS_H19_Normal_Rep3","Read_2590",0.980059423157665,"Subpopulation_2"
"NGS_H19_Normal_Rep3","Read_2591",0.0156461017558935,"Subpopulation_1"
"NGS_H19_Normal_Rep3","Read_2592",0.976929220043035,"Subpopulation_2"
"NGS_H19_Normal_Rep3","Read_2593",0.0190437822807686,"Subpopulation_1"
"NGS_H19_Normal_Rep3","Read_2594",0.979464697051196,"Subpopulation_2"
"NGS_H19_Normal_Rep3","Read_2595",0.0128759868907052,"Subpopulation_1"
"NGS_H19_Normal_Rep3","Read_2596",0.0116600972225442,"Subpopulation_1"
"NGS_H19_Normal_Rep3","Read_2597",0.97992730656916,"Subpopulation_2"
"NGS_H19_Normal_Rep3","Read_2598",0.978356536796527,"Subpopulation_2"
"NGS_H19_Normal_Rep3","Read_2599",0.980268331493004,"Subpopulation_2"
"NGS_H19_Normal_Rep3","Read_2600",0.0162413377362875,"Subpopulation_1"
"NGS_H19_Normal_Rep3","Read_2601",0.968199208792681,"Subpopulation_2"
"NGS_H19_Normal_Rep3","Read_2602",0.985975715100897,"Subpopulation_2"
"NGS_H19_Normal_Rep3","Read_2603",0.0173560920416207,"Subpopulation_1"
"NGS_H19_Normal_Rep3","Read_2604",0.979764455559132,"Subpopulation_2"
"NGS_H19_Normal_Rep3","Read_2605",0.0223020881668636,"Subpopulation_1"
"NGS_H19_Normal_Rep3","Read_2606",0.0128389552290516,"Subpopulation_1"
"NGS_H19_Normal_Rep3","Read_2607",0.968999821595866,"Subpopulation_2"
"NGS_H19_Normal_Rep3","Read_2608",0.0150847595933159,"Subpopulation_1"
"NGS_H19_Normal_Rep3","Read_2609",0.986048543418463,"Subpopulation_2"
"NGS_H19_Normal_Rep3","Read_2610",0.0271334499720358,"Subpopulation_1"
"NGS_H19_Normal_Rep3","Read_2611",0.976977478787927,"Subpopulation_2"
"NGS_H19_Normal_Rep3","Read_2612",0.982018570481242,"Subpopulation_2"
"NGS_H19_Normal_Rep3","Read_2613",0.0181688257677235,"Subpopulation_1"
"NGS_H19_Normal_Rep3","Read_2614",0.0228361392419021,"Subpopulation_1"
"NGS_H19_Normal_Rep3","Read_2615",0.976865033714245,"Subpopulation_2"
"NGS_H19_Normal_Rep3","Read_2616",0.0196853254125628,"Subpopulation_1"
"NGS_H19_Normal_Rep3","Read_2617",0.019141904690481,"Subpopulation_1"
"NGS_H19_Normal_Rep3","Read_2618",0.982728322708559,"Subpopulation_2"
"NGS_H19_Normal_Rep3","Read_2619",0.0215684398097073,"Subpopulation_1"
"NGS_H19_Normal_Rep3","Read_2620",0.0213737914750118,"Subpopulation_1"
"NGS_H19_Normal_Rep3","Read_2621",0.98040933554892,"Subpopulation_2"
"NGS_H19_Normal_Rep3","Read_2622",0.976681075414748,"Subpopulation_2"
"NGS_H19_Normal_Rep3","Read_2623",0.984154887933764,"Subpopulation_2"
"NGS_H19_Normal_Rep3","Read_2624",0.0219668324765101,"Subpopulation_1"
"NGS_H19_Normal_Rep3","Read_2625",0.0226641903691816,"Subpopulation_1"
"NGS_H19_Normal_Rep3","Read_2626",0.0211124252086355,"Subpopulation_1"
"NGS_H19_Normal_Rep3","Read_2627",0.984505649455768,"Subpopulation_2"
"NGS_H19_Normal_Rep3","Read_2628",0.0250093514292098,"Subpopulation_1"
"NGS_H19_Normal_Rep3","Read_2629",0.0200133961901482,"Subpopulation_1"
"NGS_H19_Normal_Rep3","Read_2630",0.979458771595037,"Subpopulation_2"
"NGS_H19_Normal_Rep3","Read_2631",0.0165456325124884,"Subpopulation_1"
"NGS_H19_Normal_Rep3","Read_2632",0.0240225937643265,"Subpopulation_1"
"NGS_H19_Normal_Rep3","Read_2633",0.975753768887729,"Subpopulation_2"
"NGS_H19_Normal_Rep3","Read_2634",0.981252149062313,"Subpopulation_2"
"NGS_H19_Normal_Rep3","Read_2635",0.977287005749584,"Subpopulation_2"
"NGS_H19_Normal_Rep3","Read_2636",0.987091000733908,"Subpopulation_2"
"NGS_H19_Normal_Rep3","Read_2637",0.970095447063946,"Subpopulation_2"
"NGS_H19_Normal_Rep3","Read_2638",0.978955618265635,"Subpopulation_2"
"NGS_H19_Normal_Rep3","Read_2639",0.97767956060331,"Subpopulation_2"
"NGS_H19_Normal_Rep3","Read_2640",0.0231343573368381,"Subpopulation_1"
"NGS_H19_Normal_Rep3","Read_2641",0.976656917864406,"Subpopulation_2"
"NGS_H19_Normal_Rep3","Read_2642",0.984673324762335,"Subpopulation_2"
"NGS_H19_Normal_Rep3","Read_2643",0.015110271060678,"Subpopulation_1"
"NGS_H19_Normal_Rep3","Read_2644",0.979957943848898,"Subpopulation_2"
"NGS_H19_Normal_Rep3","Read_2645",0.983032041464083,"Subpopulation_2"
"NGS_H19_Normal_Rep3","Read_2646",0.0114440869745594,"Subpopulation_1"
"NGS_H19_Normal_Rep3","Read_2647",0.0294744989653124,"Subpopulation_1"
"NGS_H19_Normal_Rep3","Read_2648",0.979695545060541,"Subpopulation_2"
"NGS_H19_Normal_Rep3","Read_2649",0.974018329084541,"Subpopulation_2"
"NGS_H19_Normal_Rep3","Read_2650",0.982091090604515,"Subpopulation_2"
"NGS_H19_Normal_Rep3","Read_2651",0.96833536709712,"Subpopulation_2"
"NGS_H19_Normal_Rep3","Read_2652",0.0169159641692404,"Subpopulation_1"
"NGS_H19_Normal_Rep3","Read_2653",0.0173960373297938,"Subpopulation_1"
"NGS_H19_Normal_Rep3","Read_2654",0.0155565595708345,"Subpopulation_1"
"NGS_H19_Normal_Rep3","Read_2655",0.0229516534357283,"Subpopulation_1"
"NGS_H19_Normal_Rep3","Read_2656",0.983806015337547,"Subpopulation_2"
"NGS_H19_Normal_Rep3","Read_2657",0.981475967141337,"Subpopulation_2"
"NGS_H19_Normal_Rep3","Read_2658",0.0197882696643167,"Subpopulation_1"
"NGS_H19_Normal_Rep3","Read_2659",0.016978975892735,"Subpopulation_1"
"NGS_H19_Normal_Rep3","Read_2660",0.0164240462360163,"Subpopulation_1"
"NGS_H19_Normal_Rep3","Read_2661",0.976503115707891,"Subpopulation_2"
"NGS_H19_Normal_Rep3","Read_2662",0.0157343892387252,"Subpopulation_1"
"NGS_H19_Normal_Rep3","Read_2663",0.0137363462762895,"Subpopulation_1"
"NGS_H19_Normal_Rep3","Read_2664",0.0199119693920617,"Subpopulation_1"
"NGS_H19_Normal_Rep3","Read_2665",0.979394188454124,"Subpopulation_2"
"NGS_H19_Normal_Rep3","Read_2666",0.979222860508142,"Subpopulation_2"
"NGS_H19_Normal_Rep3","Read_2667",0.98722682395595,"Subpopulation_2"
"NGS_H19_Normal_Rep3","Read_2668",0.97611806324336,"Subpopulation_2"
"NGS_H19_Normal_Rep3","Read_2669",0.0240773725072937,"Subpopulation_1"
"NGS_H19_Normal_Rep3","Read_2670",0.0125561442092891,"Subpopulation_1"
"NGS_H19_Normal_Rep3","Read_2671",0.985872217008336,"Subpopulation_2"
"NGS_H19_Normal_Rep3","Read_2672",0.977131932783411,"Subpopulation_2"
"NGS_H19_Normal_Rep3","Read_2673",0.0214215127864974,"Subpopulation_1"
"NGS_H19_Normal_Rep3","Read_2674",0.0291633621782374,"Subpopulation_1"
"NGS_H19_Normal_Rep3","Read_2675",0.0233564320237325,"Subpopulation_1"
"NGS_H19_Normal_Rep3","Read_2676",0.0221083513398898,"Subpopulation_1"
"NGS_H19_Normal_Rep3","Read_2677",0.974087212528738,"Subpopulation_2"
"NGS_H19_Normal_Rep3","Read_2678",0.975054821722479,"Subpopulation_2"
"NGS_H19_Normal_Rep3","Read_2679",0.0234994222512501,"Subpopulation_1"
"NGS_H19_Normal_Rep3","Read_2680",0.983695686750548,"Subpopulation_2"
"NGS_H19_Normal_Rep3","Read_2681",0.0127795770710143,"Subpopulation_1"
"NGS_H19_Normal_Rep3","Read_2682",0.0281430699877739,"Subpopulation_1"
"NGS_H19_Normal_Rep3","Read_2683",0.981607744312405,"Subpopulation_2"
"NGS_H19_Normal_Rep3","Read_2684",0.974153566374301,"Subpopulation_2"
"NGS_H19_Normal_Rep3","Read_2685",0.981831308190493,"Subpopulation_2"
"NGS_H19_Normal_Rep3","Read_2686",0.968229370961285,"Subpopulation_2"
"NGS_H19_Normal_Rep3","Read_2687",0.0168261074738856,"Subpopulation_1"
"NGS_H19_Normal_Rep3","Read_2688",0.980956147890127,"Subpopulation_2"
"NGS_H19_Normal_Rep3","Read_2689",0.0271180916663464,"Subpopulation_1"
"NGS_H19_Normal_Rep3","Read_2690",0.025207188649902,"Subpopulation_1"
"NGS_H19_Normal_Rep3","Read_2691",0.0137000686350915,"Subpopulation_1"
"NGS_H19_Normal_Rep3","Read_2692",0.973039220221744,"Subpopulation_2"
"NGS_H19_Normal_Rep3","Read_2693",0.976532623730079,"Subpopulation_2"
"NGS_H19_Normal_Rep3","Read_2694",0.0263855892192637,"Subpopulation_1"
"NGS_H19_Normal_Rep3","Read_2695",0.0189891138096729,"Subpopulation_1"
"NGS_H19_Normal_Rep3","Read_2696",0.976592454862486,"Subpopulation_2"
"NGS_H19_Normal_Rep3","Read_2697",0.0218489647234231,"Subpopulation_1"
"NGS_H19_Normal_Rep3","Read_2698",0.0208354222566836,"Subpopulation_1"
"NGS_H19_Normal_Rep3","Read_2699",0.0299336234064476,"Subpopulation_1"
"NGS_H19_Normal_Rep3","Read_2700",0.0124461855849492,"Subpopulation_1"
"NGS_H19_Normal_Rep3","Read_2701",0.0180919927556651,"Subpopulation_1"
"NGS_H19_Normal_Rep3","Read_2702",0.0184746131033798,"Subpopulation_1"
"NGS_H19_Normal_Rep3","Read_2703",0.015394676069969,"Subpopulation_1"
"NGS_H19_Normal_Rep3","Read_2704",0.0226820683555521,"Subpopulation_1"
"NGS_H19_Normal_Rep3","Read_2705",0.0169528528036998,"Subpopulation_1"
"NGS_H19_Normal_Rep3","Read_2706",0.981010947402882,"Subpopulation_2"
"NGS_H19_Normal_Rep3","Read_2707",0.0225813691937716,"Subpopulation_1"
"NGS_H19_Normal_Rep3","Read_2708",0.971124890745089,"Subpopulation_2"
"NGS_H19_Normal_Rep3","Read_2709",0.979059834098231,"Subpopulation_2"
"NGS_H19_Normal_Rep3","Read_2710",0.0231087795734347,"Subpopulation_1"
"NGS_H19_Normal_Rep3","Read_2711",0.0176385626376088,"Subpopulation_1"
"NGS_H19_Normal_Rep3","Read_2712",0.0173155954788953,"Subpopulation_1"
"NGS_H19_Normal_Rep3","Read_2713",0.0202754069239591,"Subpopulation_1"
"NGS_H19_Normal_Rep3","Read_2714",0.0200658289821804,"Subpopulation_1"
"NGS_H19_Normal_Rep3","Read_2715",0.00943044398485613,"Subpopulation_1"
"NGS_H19_Normal_Rep3","Read_2716",0.017429162700216,"Subpopulation_1"
"NGS_H19_Normal_Rep3","Read_2717",0.982696113949977,"Subpopulation_2"
"NGS_H19_Normal_Rep3","Read_2718",0.0260725009223396,"Subpopulation_1"
"NGS_H19_Normal_Rep3","Read_2719",0.0205535781422696,"Subpopulation_1"
"NGS_H19_Normal_Rep3","Read_2720",0.0254934177612956,"Subpopulation_1"
"NGS_H19_Normal_Rep3","Read_2721",0.0172734469607407,"Subpopulation_1"
"NGS_H19_Normal_Rep3","Read_2722",0.969240162588997,"Subpopulation_2"
"NGS_H19_Normal_Rep3","Read_2723",0.981178227414809,"Subpopulation_2"
"NGS_H19_Normal_Rep3","Read_2724",0.0203908615493322,"Subpopulation_1"
"NGS_H19_Normal_Rep3","Read_2725",0.983308276489095,"Subpopulation_2"
"NGS_H19_Normal_Rep3","Read_2726",0.984245147574017,"Subpopulation_2"
"NGS_H19_Normal_Rep3","Read_2727",0.0249532741393369,"Subpopulation_1"
"NGS_H19_Normal_Rep3","Read_2728",0.0216518420499886,"Subpopulation_1"
"NGS_H19_Normal_Rep3","Read_2729",0.0225813582313347,"Subpopulation_1"
"NGS_H19_Normal_Rep3","Read_2730",0.0119328961566619,"Subpopulation_1"
"NGS_H19_Normal_Rep3","Read_2731",0.982894701804893,"Subpopulation_2"
"NGS_H19_Normal_Rep3","Read_2732",0.0181356842392086,"Subpopulation_1"
"NGS_H19_Normal_Rep3","Read_2733",0.979551868290634,"Subpopulation_2"
"NGS_H19_Normal_Rep3","Read_2734",0.0130867168371429,"Subpopulation_1"
"NGS_H19_Normal_Rep3","Read_2735",0.979220868232675,"Subpopulation_2"
"NGS_H19_Normal_Rep3","Read_2736",0.977229374808972,"Subpopulation_2"
"NGS_H19_Normal_Rep3","Read_2737",0.981749664347528,"Subpopulation_2"
"NGS_H19_Normal_Rep3","Read_2738",0.979055276138538,"Subpopulation_2"
"NGS_H19_Normal_Rep3","Read_2739",0.979292267524436,"Subpopulation_2"
"NGS_H19_Normal_Rep3","Read_2740",0.984192864524947,"Subpopulation_2"
"NGS_H19_Normal_Rep3","Read_2741",0.0252429455817022,"Subpopulation_1"
"NGS_H19_Normal_Rep3","Read_2742",0.975994306555042,"Subpopulation_2"
"NGS_H19_Normal_Rep3","Read_2743",0.0239460640879818,"Subpopulation_1"
"NGS_H19_Normal_Rep3","Read_2744",0.975519909774444,"Subpopulation_2"
"NGS_H19_Normal_Rep3","Read_2745",0.979113468624639,"Subpopulation_2"
"NGS_H19_Normal_Rep3","Read_2746",0.986830578651014,"Subpopulation_2"
"NGS_H19_Normal_Rep3","Read_2747",0.98009188435304,"Subpopulation_2"
"NGS_H19_Normal_Rep3","Read_2748",0.985237581887936,"Subpopulation_2"
"NGS_H19_Normal_Rep3","Read_2749",0.981370960440681,"Subpopulation_2"
"NGS_H19_Normal_Rep3","Read_2750",0.977860254392806,"Subpopulation_2"
"NGS_H19_Normal_Rep3","Read_2751",0.0174666255890533,"Subpopulation_1"
"NGS_H19_Normal_Rep3","Read_2752",0.0184984199601137,"Subpopulation_1"
"NGS_H19_Normal_Rep3","Read_2753",0.0205545700883017,"Subpopulation_1"
"NGS_H19_Normal_Rep3","Read_2754",0.0225360876896898,"Subpopulation_1"
"NGS_H19_Normal_Rep3","Read_2755",0.976542253957385,"Subpopulation_2"
"NGS_H19_Normal_Rep3","Read_2756",0.0238280783501107,"Subpopulation_1"
"NGS_H19_Normal_Rep3","Read_2757",0.983547903288303,"Subpopulation_2"
"NGS_H19_Normal_Rep3","Read_2758",0.0205647377150964,"Subpopulation_1"
"NGS_H19_Normal_Rep3","Read_2759",0.980681699069136,"Subpopulation_2"
"NGS_H19_Normal_Rep3","Read_2760",0.0168226954841238,"Subpopulation_1"
"NGS_H19_Normal_Rep3","Read_2761",0.020910936174931,"Subpopulation_1"
"NGS_H19_Normal_Rep3","Read_2762",0.982581583744416,"Subpopulation_2"
"NGS_H19_Normal_Rep3","Read_2763",0.981656345199988,"Subpopulation_2"
"NGS_H19_Normal_Rep3","Read_2764",0.013823687603497,"Subpopulation_1"
"NGS_H19_Normal_Rep3","Read_2765",0.976826532586489,"Subpopulation_2"
"NGS_H19_Normal_Rep3","Read_2766",0.980216001754949,"Subpopulation_2"
"NGS_H19_Normal_Rep3","Read_2767",0.0172920393956796,"Subpopulation_1"
"NGS_H19_Normal_Rep3","Read_2768",0.985347796323499,"Subpopulation_2"
"NGS_H19_Normal_Rep3","Read_2769",0.980104972501299,"Subpopulation_2"
"NGS_H19_Normal_Rep3","Read_2770",0.980287441618361,"Subpopulation_2"
"NGS_H19_Normal_Rep3","Read_2771",0.982582841829667,"Subpopulation_2"
"NGS_H19_Normal_Rep3","Read_2772",0.978118738701538,"Subpopulation_2"
"NGS_H19_Normal_Rep3","Read_2773",0.980213992568911,"Subpopulation_2"
"NGS_H19_Normal_Rep3","Read_2774",0.982039236364678,"Subpopulation_2"
"NGS_H19_Normal_Rep3","Read_2775",0.020110608667501,"Subpopulation_1"
"NGS_H19_Normal_Rep3","Read_2776",0.0136696280757811,"Subpopulation_1"
"NGS_H19_Normal_Rep3","Read_2777",0.0211970368588438,"Subpopulation_1"
"NGS_H19_Normal_Rep3","Read_2778",0.0272277547669284,"Subpopulation_1"
"NGS_H19_Normal_Rep3","Read_2779",0.0138529263532062,"Subpopulation_1"
"NGS_H19_Normal_Rep3","Read_2780",0.9804180035444,"Subpopulation_2"
"NGS_H19_Normal_Rep3","Read_2781",0.0222715708230221,"Subpopulation_1"
"NGS_H19_Normal_Rep3","Read_2782",0.983577760493617,"Subpopulation_2"
"NGS_H19_Normal_Rep3","Read_2783",0.0250195691059371,"Subpopulation_1"
"NGS_H19_Normal_Rep3","Read_2784",0.976720719370781,"Subpopulation_2"
"NGS_H19_Normal_Rep3","Read_2785",0.97466724101684,"Subpopulation_2"
"NGS_H19_Normal_Rep3","Read_2786",0.983316574811062,"Subpopulation_2"
"NGS_H19_Normal_Rep3","Read_2787",0.981252350450088,"Subpopulation_2"
"NGS_H19_Normal_Rep3","Read_2788",0.983249669511734,"Subpopulation_2"
"NGS_H19_Normal_Rep3","Read_2789",0.016480071741958,"Subpopulation_1"
"NGS_H19_Normal_Rep3","Read_2790",0.0181528298231627,"Subpopulation_1"
"NGS_H19_Normal_Rep3","Read_2791",0.0129824129991241,"Subpopulation_1"
"NGS_H19_Normal_Rep3","Read_2792",0.0225435429690673,"Subpopulation_1"
"NGS_H19_Normal_Rep3","Read_2793",0.0159525310328074,"Subpopulation_1"
"NGS_H19_Normal_Rep3","Read_2794",0.020496471881816,"Subpopulation_1"
"NGS_H19_Normal_Rep3","Read_2795",0.980690361246464,"Subpopulation_2"
"NGS_H19_Normal_Rep3","Read_2796",0.0168721752983687,"Subpopulation_1"
"NGS_H19_Normal_Rep3","Read_2797",0.982060463058202,"Subpopulation_2"
"NGS_H19_Normal_Rep3","Read_2798",0.980323276804063,"Subpopulation_2"
"NGS_H19_Normal_Rep3","Read_2799",0.97950081368105,"Subpopulation_2"
"NGS_H19_Normal_Rep3","Read_2800",0.014149596510445,"Subpopulation_1"
"NGS_H19_Normal_Rep3","Read_2801",0.980825813909676,"Subpopulation_2"
"NGS_H19_Normal_Rep3","Read_2802",0.968061717873969,"Subpopulation_2"
"NGS_H19_Normal_Rep3","Read_2803",0.984930325413329,"Subpopulation_2"
"NGS_H19_Normal_Rep3","Read_2804",0.978739777824016,"Subpopulation_2"
"NGS_H19_Normal_Rep3","Read_2805",0.0193611333603705,"Subpopulation_1"
"NGS_H19_Normal_Rep3","Read_2806",0.97448057967797,"Subpopulation_2"
"NGS_H19_Normal_Rep3","Read_2807",0.984982213708702,"Subpopulation_2"
"NGS_H19_Normal_Rep3","Read_2808",0.979402254949288,"Subpopulation_2"
"NGS_H19_Normal_Rep3","Read_2809",0.0153221120137677,"Subpopulation_1"
"NGS_H19_Normal_Rep3","Read_2810",0.983180003077932,"Subpopulation_2"
"NGS_H19_Normal_Rep3","Read_2811",0.011454229219542,"Subpopulation_1"
"NGS_H19_Normal_Rep3","Read_2812",0.983841687044928,"Subpopulation_2"
"NGS_H19_Normal_Rep3","Read_2813",0.973113856429741,"Subpopulation_2"
"NGS_H19_Normal_Rep3","Read_2814",0.978262861009005,"Subpopulation_2"
"NGS_H19_Normal_Rep3","Read_2815",0.0149383648242685,"Subpopulation_1"
"NGS_H19_Normal_Rep3","Read_2816",0.990053468057213,"Subpopulation_2"
"NGS_H19_Normal_Rep3","Read_2817",0.981404987832245,"Subpopulation_2"
"NGS_H19_Normal_Rep3","Read_2818",0.977754839556503,"Subpopulation_2"
"NGS_H19_Normal_Rep3","Read_2819",0.0145474786471503,"Subpopulation_1"
"NGS_H19_Normal_Rep3","Read_2820",0.0158094588678505,"Subpopulation_1"
"NGS_H19_Normal_Rep3","Read_2821",0.975947355842236,"Subpopulation_2"
"NGS_H19_Normal_Rep3","Read_2822",0.973750802314777,"Subpopulation_2"
"NGS_H19_Normal_Rep3","Read_2823",0.980844989420107,"Subpopulation_2"
"NGS_H19_Normal_Rep3","Read_2824",0.974667402811373,"Subpopulation_2"
"NGS_H19_Normal_Rep3","Read_2825",0.978533937076552,"Subpopulation_2"
"NGS_H19_Normal_Rep3","Read_2826",0.0154902137353547,"Subpopulation_1"
"NGS_H19_Normal_Rep3","Read_2827",0.019781209843577,"Subpopulation_1"
"NGS_H19_Normal_Rep3","Read_2828",0.0204594064568149,"Subpopulation_1"
"NGS_H19_Normal_Rep3","Read_2829",0.975173038609207,"Subpopulation_2"
"NGS_H19_Normal_Rep3","Read_2830",0.972472785646192,"Subpopulation_2"
"NGS_H19_Normal_Rep3","Read_2831",0.0220209829568503,"Subpopulation_1"
"NGS_H19_Normal_Rep3","Read_2832",0.0214885302897729,"Subpopulation_1"
"NGS_H19_Normal_Rep3","Read_2833",0.983423945658274,"Subpopulation_2"
"NGS_H19_Normal_Rep3","Read_2834",0.979816892083801,"Subpopulation_2"
"NGS_H19_Normal_Rep3","Read_2835",0.984191380292034,"Subpopulation_2"
"NGS_H19_Normal_Rep3","Read_2836",0.985777688319392,"Subpopulation_2"
"NGS_H19_Normal_Rep3","Read_2837",0.980264184396862,"Subpopulation_2"
"NGS_H19_Normal_Rep3","Read_2838",0.0229839601959787,"Subpopulation_1"
"NGS_H19_Normal_Rep3","Read_2839",0.97451749819116,"Subpopulation_2"
"NGS_H19_Normal_Rep3","Read_2840",0.018539019473194,"Subpopulation_1"
"NGS_H19_Normal_Rep3","Read_2841",0.980212783839124,"Subpopulation_2"
"NGS_H19_Normal_Rep3","Read_2842",0.980948961787378,"Subpopulation_2"
"NGS_H19_Normal_Rep3","Read_2843",0.976742329225271,"Subpopulation_2"
"NGS_H19_Normal_Rep3","Read_2844",0.983478672454491,"Subpopulation_2"
"NGS_H19_Normal_Rep3","Read_2845",0.97436594515787,"Subpopulation_2"
"NGS_H19_Normal_Rep3","Read_2846",0.975395116633497,"Subpopulation_2"
"NGS_H19_Normal_Rep3","Read_2847",0.975344572136888,"Subpopulation_2"
"NGS_H19_Normal_Rep3","Read_2848",0.0178752146312763,"Subpopulation_1"
"NGS_H19_Normal_Rep3","Read_2849",0.0201787126613557,"Subpopulation_1"
"NGS_H19_Normal_Rep3","Read_2850",0.0216213502730377,"Subpopulation_1"
"NGS_H19_Normal_Rep3","Read_2851",0.989289817112236,"Subpopulation_2"
"NGS_H19_Normal_Rep3","Read_2852",0.978784147067509,"Subpopulation_2"
"NGS_H19_Normal_Rep3","Read_2853",0.982936956836243,"Subpopulation_2"
"NGS_H19_Normal_Rep3","Read_2854",0.011949525814992,"Subpopulation_1"
"NGS_H19_Normal_Rep3","Read_2855",0.0240529164185225,"Subpopulation_1"
"NGS_H19_Normal_Rep3","Read_2856",0.0155235482765959,"Subpopulation_1"
"NGS_H19_Normal_Rep3","Read_2857",0.0162148876767383,"Subpopulation_1"
"NGS_H19_Normal_Rep3","Read_2858",0.0207506429636497,"Subpopulation_1"
"NGS_H19_Normal_Rep3","Read_2859",0.0191315889366139,"Subpopulation_1"
"NGS_H19_Normal_Rep3","Read_2860",0.982707595936172,"Subpopulation_2"
"NGS_H19_Normal_Rep3","Read_2861",0.982182450357016,"Subpopulation_2"
"NGS_H19_Normal_Rep3","Read_2862",0.0180542269895396,"Subpopulation_1"
"NGS_H19_Normal_Rep3","Read_2863",0.979882568092961,"Subpopulation_2"
"NGS_H19_Normal_Rep3","Read_2864",0.0189795822618332,"Subpopulation_1"
"NGS_H19_Normal_Rep3","Read_2865",0.0218365501457526,"Subpopulation_1"
"NGS_H19_Normal_Rep3","Read_2866",0.976547486319284,"Subpopulation_2"
"NGS_H19_Normal_Rep3","Read_2867",0.0215318152623122,"Subpopulation_1"
"NGS_H19_Normal_Rep3","Read_2868",0.0210003562898865,"Subpopulation_1"
"NGS_H19_Normal_Rep3","Read_2869",0.978591764765726,"Subpopulation_2"
"NGS_H19_Normal_Rep3","Read_2870",0.985476197294284,"Subpopulation_2"
"NGS_H19_Normal_Rep3","Read_2871",0.0270196863099839,"Subpopulation_1"
"NGS_H19_Normal_Rep3","Read_2872",0.975402033696153,"Subpopulation_2"
"NGS_H19_Normal_Rep3","Read_2873",0.980471491108393,"Subpopulation_2"
"NGS_H19_Normal_Rep3","Read_2874",0.973590720802587,"Subpopulation_2"
"NGS_H19_Normal_Rep3","Read_2875",0.976124435094042,"Subpopulation_2"
"NGS_H19_Normal_Rep3","Read_2876",0.97724647997158,"Subpopulation_2"
"NGS_H19_Normal_Rep3","Read_2877",0.0139304046551192,"Subpopulation_1"
"NGS_H19_Normal_Rep3","Read_2878",0.0276589942718783,"Subpopulation_1"
"NGS_H19_Normal_Rep3","Read_2879",0.0160791592740504,"Subpopulation_1"
"NGS_H19_Normal_Rep3","Read_2880",0.977919867758002,"Subpopulation_2"
"NGS_H19_Normal_Rep3","Read_2881",0.0214236827418595,"Subpopulation_1"
"NGS_H19_Normal_Rep3","Read_2882",0.977100331405066,"Subpopulation_2"
"NGS_H19_Normal_Rep3","Read_2883",0.018230417187587,"Subpopulation_1"
"NGS_H19_Normal_Rep3","Read_2884",0.0158990877908418,"Subpopulation_1"
"NGS_H19_Normal_Rep3","Read_2885",0.982559119827767,"Subpopulation_2"
"NGS_H19_Normal_Rep3","Read_2886",0.0199348815674989,"Subpopulation_1"
"NGS_H19_Normal_Rep3","Read_2887",0.971598300016176,"Subpopulation_2"
"NGS_H19_Normal_Rep3","Read_2888",0.979457149137329,"Subpopulation_2"
"NGS_H19_Normal_Rep3","Read_2889",0.0204737909577777,"Subpopulation_1"
"NGS_H19_Normal_Rep3","Read_2890",0.0256817814479299,"Subpopulation_1"
"NGS_H19_Normal_Rep3","Read_2891",0.984762923964177,"Subpopulation_2"
"NGS_H19_Normal_Rep3","Read_2892",0.984809755144772,"Subpopulation_2"
"NGS_H19_Normal_Rep3","Read_2893",0.0133405493635241,"Subpopulation_1"
"NGS_H19_Normal_Rep3","Read_2894",0.0184032752785329,"Subpopulation_1"
"NGS_H19_Normal_Rep3","Read_2895",0.984573426136072,"Subpopulation_2"
"NGS_H19_Normal_Rep3","Read_2896",0.981139973991877,"Subpopulation_2"
"NGS_H19_Normal_Rep3","Read_2897",0.980137218350266,"Subpopulation_2"
"NGS_H19_Normal_Rep3","Read_2898",0.0238946553812063,"Subpopulation_1"
"NGS_H19_Normal_Rep3","Read_2899",0.021128471001677,"Subpopulation_1"
"NGS_H19_Normal_Rep3","Read_2900",0.0175960403933659,"Subpopulation_1"
"NGS_H19_Normal_Rep3","Read_2901",0.021244519270431,"Subpopulation_1"
"NGS_H19_Normal_Rep3","Read_2902",0.98117659207782,"Subpopulation_2"
"NGS_H19_Normal_Rep3","Read_2903",0.0217011232099686,"Subpopulation_1"
"NGS_H19_Normal_Rep3","Read_2904",0.0259369423875342,"Subpopulation_1"
"NGS_H19_Normal_Rep3","Read_2905",0.981976596711795,"Subpopulation_2"
"NGS_H19_Normal_Rep3","Read_2906",0.017941975232394,"Subpopulation_1"
"NGS_H19_Normal_Rep3","Read_2907",0.980741936176601,"Subpopulation_2"
"NGS_H19_Normal_Rep3","Read_2908",0.986685054510811,"Subpopulation_2"
"NGS_H19_Normal_Rep3","Read_2909",0.988215431276511,"Subpopulation_2"
"NGS_H19_Normal_Rep3","Read_2910",0.973730689115405,"Subpopulation_2"
"NGS_H19_Normal_Rep3","Read_2911",0.968786040994896,"Subpopulation_2"
"NGS_H19_Normal_Rep3","Read_2912",0.013727339924795,"Subpopulation_1"
"NGS_H19_Normal_Rep3","Read_2913",0.0186847400575682,"Subpopulation_1"
"NGS_H19_Normal_Rep3","Read_2914",0.977523501697267,"Subpopulation_2"
"NGS_H19_Normal_Rep3","Read_2915",0.984311244922428,"Subpopulation_2"
"NGS_H19_Normal_Rep3","Read_2916",0.98556671969916,"Subpopulation_2"
"NGS_H19_Normal_Rep3","Read_2917",0.0204364718127179,"Subpopulation_1"
"NGS_H19_Normal_Rep3","Read_2918",0.973876060524671,"Subpopulation_2"
"NGS_H19_Normal_Rep3","Read_2919",0.982962565298706,"Subpopulation_2"
"NGS_H19_Normal_Rep3","Read_2920",0.979367426070889,"Subpopulation_2"
"NGS_H19_Normal_Rep3","Read_2921",0.0186325186835791,"Subpopulation_1"
"NGS_H19_Normal_Rep3","Read_2922",0.0251487380709399,"Subpopulation_1"
"NGS_H19_Normal_Rep3","Read_2923",0.985574465501095,"Subpopulation_2"
"NGS_H19_Normal_Rep3","Read_2924",0.0170300716399489,"Subpopulation_1"
"NGS_H19_Normal_Rep3","Read_2925",0.0189813282994615,"Subpopulation_1"
"NGS_H19_Normal_Rep3","Read_2926",0.0256387884642281,"Subpopulation_1"
"NGS_H19_Normal_Rep3","Read_2927",0.0144683580552,"Subpopulation_1"
"NGS_H19_Normal_Rep3","Read_2928",0.979271971644921,"Subpopulation_2"
"NGS_H19_Normal_Rep3","Read_2929",0.0183779774092684,"Subpopulation_1"
"NGS_H19_Normal_Rep3","Read_2930",0.0171923804905562,"Subpopulation_1"
"NGS_H19_Normal_Rep3","Read_2931",0.979023503320783,"Subpopulation_2"
"NGS_H19_Normal_Rep3","Read_2932",0.0149350199874498,"Subpopulation_1"
"NGS_H19_Normal_Rep3","Read_2933",0.0233171111356708,"Subpopulation_1"
"NGS_H19_Normal_Rep3","Read_2934",0.0278179707992022,"Subpopulation_1"
"NGS_H19_Normal_Rep3","Read_2935",0.0252819731664218,"Subpopulation_1"
"NGS_H19_Normal_Rep3","Read_2936",0.0168621429970641,"Subpopulation_1"
"NGS_H19_Normal_Rep3","Read_2937",0.0134754559934113,"Subpopulation_1"
"NGS_H19_Normal_Rep3","Read_2938",0.978219229105738,"Subpopulation_2"
"NGS_H19_Normal_Rep3","Read_2939",0.985436920294987,"Subpopulation_2"
"NGS_H19_Normal_Rep3","Read_2940",0.973690346678294,"Subpopulation_2"
"NGS_H19_Normal_Rep3","Read_2941",0.973551878021356,"Subpopulation_2"
"NGS_H19_Normal_Rep3","Read_2942",0.0182197587682248,"Subpopulation_1"
"NGS_H19_Normal_Rep3","Read_2943",0.0139513755909581,"Subpopulation_1"
"NGS_H19_Normal_Rep3","Read_2944",0.97378990448095,"Subpopulation_2"
"NGS_H19_Normal_Rep3","Read_2945",0.019629671572001,"Subpopulation_1"
"NGS_H19_Normal_Rep3","Read_2946",0.0187111832023664,"Subpopulation_1"
"NGS_H19_Normal_Rep3","Read_2947",0.0165137767973237,"Subpopulation_1"
"NGS_H19_Normal_Rep3","Read_2948",0.0197714321662265,"Subpopulation_1"
"NGS_H19_Normal_Rep3","Read_2949",0.0193026879616323,"Subpopulation_1"
"NGS_H19_Normal_Rep3","Read_2950",0.0222737512480524,"Subpopulation_1"
"NGS_H19_Normal_Rep3","Read_2951",0.984849210644305,"Subpopulation_2"
"NGS_H19_Normal_Rep3","Read_2952",0.979566720578764,"Subpopulation_2"
"NGS_H19_Normal_Rep3","Read_2953",0.97946799926261,"Subpopulation_2"
"NGS_H19_Normal_Rep3","Read_2954",0.989598258358226,"Subpopulation_2"
"NGS_H19_Normal_Rep3","Read_2955",0.967045248821515,"Subpopulation_2"
"NGS_H19_Normal_Rep3","Read_2956",0.0146886607211566,"Subpopulation_1"
"NGS_H19_Normal_Rep3","Read_2957",0.969512945373304,"Subpopulation_2"
"NGS_H19_Normal_Rep3","Read_2958",0.973530478583825,"Subpopulation_2"
"NGS_H19_Normal_Rep3","Read_2959",0.980267104583255,"Subpopulation_2"
"NGS_H19_Normal_Rep3","Read_2960",0.0225862000672978,"Subpopulation_1"
"NGS_H19_Normal_Rep3","Read_2961",0.0209412446428191,"Subpopulation_1"
"NGS_H19_Normal_Rep3","Read_2962",0.98289329581167,"Subpopulation_2"
"NGS_H19_Normal_Rep3","Read_2963",0.981181512501041,"Subpopulation_2"
"NGS_H19_Normal_Rep3","Read_2964",0.0226283029812008,"Subpopulation_1"
"NGS_H19_Normal_Rep3","Read_2965",0.974892907963668,"Subpopulation_2"
"NGS_H19_Normal_Rep3","Read_2966",0.979935932013311,"Subpopulation_2"
"NGS_H19_Normal_Rep3","Read_2967",0.981000417216187,"Subpopulation_2"
"NGS_H19_Normal_Rep3","Read_2968",0.984832323930638,"Subpopulation_2"
"NGS_H19_Normal_Rep3","Read_2969",0.979807744097146,"Subpopulation_2"
"NGS_H19_Normal_Rep3","Read_2970",0.97053417642109,"Subpopulation_2"
"NGS_H19_Normal_Rep3","Read_2971",0.0146185219271898,"Subpopulation_1"
"NGS_H19_Normal_Rep3","Read_2972",0.0275594034665725,"Subpopulation_1"
"NGS_H19_Normal_Rep3","Read_2973",0.980695236860955,"Subpopulation_2"
"NGS_H19_Normal_Rep3","Read_2974",0.0151133963753089,"Subpopulation_1"
"NGS_H19_Normal_Rep3","Read_2975",0.0214217283855853,"Subpopulation_1"
"NGS_H19_Normal_Rep3","Read_2976",0.982982937510465,"Subpopulation_2"
"NGS_H19_Normal_Rep3","Read_2977",0.972799158678807,"Subpopulation_2"
"NGS_H19_Normal_Rep3","Read_2978",0.975969775652515,"Subpopulation_2"
"NGS_H19_Normal_Rep3","Read_2979",0.023177883883557,"Subpopulation_1"
"NGS_H19_Normal_Rep3","Read_2980",0.0161506182362519,"Subpopulation_1"
"NGS_H19_Normal_Rep3","Read_2981",0.0220785350346147,"Subpopulation_1"
"NGS_H19_Normal_Rep3","Read_2982",0.979630271218053,"Subpopulation_2"
"NGS_H19_Normal_Rep3","Read_2983",0.0191781443180364,"Subpopulation_1"
"NGS_H19_Normal_Rep3","Read_2984",0.975512096332082,"Subpopulation_2"
"NGS_H19_Normal_Rep3","Read_2985",0.981294007467474,"Subpopulation_2"
"NGS_H19_Normal_Rep3","Read_2986",0.981259428128453,"Subpopulation_2"
"NGS_H19_Normal_Rep3","Read_2987",0.979787941034924,"Subpopulation_2"
"NGS_H19_Normal_Rep3","Read_2988",0.0259941204635247,"Subpopulation_1"
"NGS_H19_Normal_Rep3","Read_2989",0.0146280662947983,"Subpopulation_1"
"NGS_H19_Normal_Rep3","Read_2990",0.0243906477429544,"Subpopulation_1"
"NGS_H19_Normal_Rep3","Read_2991",0.0220006300186493,"Subpopulation_1"
"NGS_H19_Normal_Rep3","Read_2992",0.0208378315999717,"Subpopulation_1"
"NGS_H19_Normal_Rep3","Read_2993",0.0270346163863518,"Subpopulation_1"
"NGS_H19_Normal_Rep3","Read_2994",0.986182387634455,"Subpopulation_2"
"NGS_H19_Normal_Rep3","Read_2995",0.978051661240988,"Subpopulation_2"
"NGS_H19_Normal_Rep3","Read_2996",0.0191267332235305,"Subpopulation_1"
"NGS_H19_Normal_Rep3","Read_2997",0.981900417420749,"Subpopulation_2"
"NGS_H19_Normal_Rep3","Read_2998",0.980989566281739,"Subpopulation_2"
"NGS_H19_Normal_Rep3","Read_2999",0.0173022644793239,"Subpopulation_1"
"NGS_H19_Normal_Rep3","Read_3000",0.0178149794552856,"Subpopulation_1"
