"Sample","ReadID","sampled_methylation","allele"
"NGS_Nanog_WT_Rep1","Read_1",0.452951733862781,"Subpopulation_1"
"NGS_Nanog_WT_Rep1","Read_2",0.455937268046397,"Subpopulation_1"
"NGS_Nanog_WT_Rep1","Read_3",0.456446757327156,"Subpopulation_1"
"NGS_Nanog_WT_Rep1","Read_4",0.457013386291034,"Subpopulation_1"
"NGS_Nanog_WT_Rep1","Read_5",0.452054113869071,"Subpopulation_1"
"NGS_Nanog_WT_Rep1","Read_6",0.456598832770407,"Subpopulation_1"
"NGS_Nanog_WT_Rep1","Read_7",0.455749987068447,"Subpopulation_1"
"NGS_Nanog_WT_Rep1","Read_8",0.457602046848618,"Subpopulation_1"
"NGS_Nanog_WT_Rep1","Read_9",0.462257371477727,"Subpopulation_1"
"NGS_Nanog_WT_Rep1","Read_10",0.459142917440301,"Subpopulation_1"
"NGS_Nanog_WT_Rep1","Read_11",0.448935822505276,"Subpopulation_1"
"NGS_Nanog_WT_Rep1","Read_12",0.444358505407375,"Subpopulation_1"
"NGS_Nanog_WT_Rep1","Read_13",0.452073976615386,"Subpopulation_1"
"NGS_Nanog_WT_Rep1","Read_14",0.449041245466663,"Subpopulation_1"
"NGS_Nanog_WT_Rep1","Read_15",0.461990033009863,"Subpopulation_1"
"NGS_Nanog_WT_Rep1","Read_16",0.459729098329081,"Subpopulation_1"
"NGS_Nanog_WT_Rep1","Read_17",0.448515629060886,"Subpopulation_1"
"NGS_Nanog_WT_Rep1","Read_18",0.455756290333193,"Subpopulation_1"
"NGS_Nanog_WT_Rep1","Read_19",0.457044204128272,"Subpopulation_1"
"NGS_Nanog_WT_Rep1","Read_20",0.459302079807272,"Subpopulation_1"
"NGS_Nanog_WT_Rep1","Read_21",0.446418638925977,"Subpopulation_1"
"NGS_Nanog_WT_Rep1","Read_22",0.459169826267337,"Subpopulation_1"
"NGS_Nanog_WT_Rep1","Read_23",0.464941227858633,"Subpopulation_1"
"NGS_Nanog_WT_Rep1","Read_24",0.456812408628057,"Subpopulation_1"
"NGS_Nanog_WT_Rep1","Read_25",0.470413001414425,"Subpopulation_1"
"NGS_Nanog_WT_Rep1","Read_26",0.457721549382213,"Subpopulation_1"
"NGS_Nanog_WT_Rep1","Read_27",0.454467323719564,"Subpopulation_1"
"NGS_Nanog_WT_Rep1","Read_28",0.457157145060385,"Subpopulation_1"
"NGS_Nanog_WT_Rep1","Read_29",0.45750376555731,"Subpopulation_1"
"NGS_Nanog_WT_Rep1","Read_30",0.458483800625342,"Subpopulation_1"
"NGS_Nanog_WT_Rep1","Read_31",0.44681561610756,"Subpopulation_1"
"NGS_Nanog_WT_Rep1","Read_32",0.461115923477036,"Subpopulation_1"
"NGS_Nanog_WT_Rep1","Read_33",0.462569325183285,"Subpopulation_1"
"NGS_Nanog_WT_Rep1","Read_34",0.455526034315155,"Subpopulation_1"
"NGS_Nanog_WT_Rep1","Read_35",0.453808252432645,"Subpopulation_1"
"NGS_Nanog_WT_Rep1","Read_36",0.456326248989565,"Subpopulation_1"
"NGS_Nanog_WT_Rep1","Read_37",0.456887560172131,"Subpopulation_1"
"NGS_Nanog_WT_Rep1","Read_38",0.458549213191318,"Subpopulation_1"
"NGS_Nanog_WT_Rep1","Read_39",0.453904651908028,"Subpopulation_1"
"NGS_Nanog_WT_Rep1","Read_40",0.459254269409448,"Subpopulation_1"
"NGS_Nanog_WT_Rep1","Read_41",0.453736526724668,"Subpopulation_1"
"NGS_Nanog_WT_Rep1","Read_42",0.448042059306656,"Subpopulation_1"
"NGS_Nanog_WT_Rep1","Read_43",0.445544058604657,"Subpopulation_1"
"NGS_Nanog_WT_Rep1","Read_44",0.450624995485139,"Subpopulation_1"
"NGS_Nanog_WT_Rep1","Read_45",0.453338987019682,"Subpopulation_1"
"NGS_Nanog_WT_Rep1","Read_46",0.45695509546163,"Subpopulation_1"
"NGS_Nanog_WT_Rep1","Read_47",0.453621894948857,"Subpopulation_1"
"NGS_Nanog_WT_Rep1","Read_48",0.452391496959189,"Subpopulation_1"
"NGS_Nanog_WT_Rep1","Read_49",0.449204642075476,"Subpopulation_1"
"NGS_Nanog_WT_Rep1","Read_50",0.472325277669476,"Subpopulation_1"
"NGS_Nanog_WT_Rep1","Read_51",0.453287556893474,"Subpopulation_1"
"NGS_Nanog_WT_Rep1","Read_52",0.453452712997659,"Subpopulation_1"
"NGS_Nanog_WT_Rep1","Read_53",0.457599728916645,"Subpopulation_1"
"NGS_Nanog_WT_Rep1","Read_54",0.457667926833891,"Subpopulation_1"
"NGS_Nanog_WT_Rep1","Read_55",0.453389339370272,"Subpopulation_1"
"NGS_Nanog_WT_Rep1","Read_56",0.457169250664218,"Subpopulation_1"
"NGS_Nanog_WT_Rep1","Read_57",0.460317042746362,"Subpopulation_1"
"NGS_Nanog_WT_Rep1","Read_58",0.453593240749147,"Subpopulation_1"
"NGS_Nanog_WT_Rep1","Read_59",0.44463635969583,"Subpopulation_1"
"NGS_Nanog_WT_Rep1","Read_60",0.456915041438807,"Subpopulation_1"
"NGS_Nanog_WT_Rep1","Read_61",0.460472921513957,"Subpopulation_1"
"NGS_Nanog_WT_Rep1","Read_62",0.451513743006094,"Subpopulation_1"
"NGS_Nanog_WT_Rep1","Read_63",0.444450524449065,"Subpopulation_1"
"NGS_Nanog_WT_Rep1","Read_64",0.451501753525651,"Subpopulation_1"
"NGS_Nanog_WT_Rep1","Read_65",0.463696885127761,"Subpopulation_1"
"NGS_Nanog_WT_Rep1","Read_66",0.457664249613711,"Subpopulation_1"
"NGS_Nanog_WT_Rep1","Read_67",0.459543493803391,"Subpopulation_1"
"NGS_Nanog_WT_Rep1","Read_68",0.45116800671852,"Subpopulation_1"
"NGS_Nanog_WT_Rep1","Read_69",0.473040639213423,"Subpopulation_1"
"NGS_Nanog_WT_Rep1","Read_70",0.453556117755146,"Subpopulation_1"
"NGS_Nanog_WT_Rep1","Read_71",0.441454928252261,"Subpopulation_1"
"NGS_Nanog_WT_Rep1","Read_72",0.456379967072484,"Subpopulation_1"
"NGS_Nanog_WT_Rep1","Read_73",0.46502971682785,"Subpopulation_1"
"NGS_Nanog_WT_Rep1","Read_74",0.466051485012277,"Subpopulation_1"
"NGS_Nanog_WT_Rep1","Read_75",0.46866337700668,"Subpopulation_1"
"NGS_Nanog_WT_Rep1","Read_76",0.457345329624994,"Subpopulation_1"
"NGS_Nanog_WT_Rep1","Read_77",0.459801500201877,"Subpopulation_1"
"NGS_Nanog_WT_Rep1","Read_78",0.460193038978607,"Subpopulation_1"
"NGS_Nanog_WT_Rep1","Read_79",0.447321448983906,"Subpopulation_1"
"NGS_Nanog_WT_Rep1","Read_80",0.459697331341781,"Subpopulation_1"
"NGS_Nanog_WT_Rep1","Read_81",0.453673579114034,"Subpopulation_1"
"NGS_Nanog_WT_Rep1","Read_82",0.460139678185468,"Subpopulation_1"
"NGS_Nanog_WT_Rep1","Read_83",0.46323351806049,"Subpopulation_1"
"NGS_Nanog_WT_Rep1","Read_84",0.459876759702922,"Subpopulation_1"
"NGS_Nanog_WT_Rep1","Read_85",0.456145359370975,"Subpopulation_1"
"NGS_Nanog_WT_Rep1","Read_86",0.448335969076195,"Subpopulation_1"
"NGS_Nanog_WT_Rep1","Read_87",0.450620811157113,"Subpopulation_1"
"NGS_Nanog_WT_Rep1","Read_88",0.459465759173439,"Subpopulation_1"
"NGS_Nanog_WT_Rep1","Read_89",0.461286474917934,"Subpopulation_1"
"NGS_Nanog_WT_Rep1","Read_90",0.457376516531,"Subpopulation_1"
"NGS_Nanog_WT_Rep1","Read_91",0.453555439850252,"Subpopulation_1"
"NGS_Nanog_WT_Rep1","Read_92",0.45343386769872,"Subpopulation_1"
"NGS_Nanog_WT_Rep1","Read_93",0.462362261754478,"Subpopulation_1"
"NGS_Nanog_WT_Rep1","Read_94",0.452750923027842,"Subpopulation_1"
"NGS_Nanog_WT_Rep1","Read_95",0.470694967351749,"Subpopulation_1"
"NGS_Nanog_WT_Rep1","Read_96",0.450511141464708,"Subpopulation_1"
"NGS_Nanog_WT_Rep1","Read_97",0.460291611119909,"Subpopulation_1"
"NGS_Nanog_WT_Rep1","Read_98",0.454887805093373,"Subpopulation_1"
"NGS_Nanog_WT_Rep1","Read_99",0.465862610314596,"Subpopulation_1"
"NGS_Nanog_WT_Rep1","Read_100",0.460827475808098,"Subpopulation_1"
"NGS_Nanog_WT_Rep1","Read_101",0.449474606956558,"Subpopulation_1"
"NGS_Nanog_WT_Rep1","Read_102",0.456854913854161,"Subpopulation_1"
"NGS_Nanog_WT_Rep1","Read_103",0.452076018162979,"Subpopulation_1"
"NGS_Nanog_WT_Rep1","Read_104",0.446329690304312,"Subpopulation_1"
"NGS_Nanog_WT_Rep1","Read_105",0.469424002490902,"Subpopulation_1"
"NGS_Nanog_WT_Rep1","Read_106",0.471348859445198,"Subpopulation_1"
"NGS_Nanog_WT_Rep1","Read_107",0.453257087556144,"Subpopulation_1"
"NGS_Nanog_WT_Rep1","Read_108",0.457043679970748,"Subpopulation_1"
"NGS_Nanog_WT_Rep1","Read_109",0.451851068295608,"Subpopulation_1"
"NGS_Nanog_WT_Rep1","Read_110",0.457008478246801,"Subpopulation_1"
"NGS_Nanog_WT_Rep1","Read_111",0.457931932329197,"Subpopulation_1"
"NGS_Nanog_WT_Rep1","Read_112",0.456950199386421,"Subpopulation_1"
"NGS_Nanog_WT_Rep1","Read_113",0.461010632571824,"Subpopulation_1"
"NGS_Nanog_WT_Rep1","Read_114",0.453732872716983,"Subpopulation_1"
"NGS_Nanog_WT_Rep1","Read_115",0.460426549276549,"Subpopulation_1"
"NGS_Nanog_WT_Rep1","Read_116",0.451600415177925,"Subpopulation_1"
"NGS_Nanog_WT_Rep1","Read_117",0.454576135179902,"Subpopulation_1"
"NGS_Nanog_WT_Rep1","Read_118",0.4571763085738,"Subpopulation_1"
"NGS_Nanog_WT_Rep1","Read_119",0.453242288857726,"Subpopulation_1"
"NGS_Nanog_WT_Rep1","Read_120",0.467787797893851,"Subpopulation_1"
"NGS_Nanog_WT_Rep1","Read_121",0.458801205950484,"Subpopulation_1"
"NGS_Nanog_WT_Rep1","Read_122",0.450421677702074,"Subpopulation_1"
"NGS_Nanog_WT_Rep1","Read_123",0.459835947104605,"Subpopulation_1"
"NGS_Nanog_WT_Rep1","Read_124",0.460295049504148,"Subpopulation_1"
"NGS_Nanog_WT_Rep1","Read_125",0.447644510153024,"Subpopulation_1"
"NGS_Nanog_WT_Rep1","Read_126",0.452062768261812,"Subpopulation_1"
"NGS_Nanog_WT_Rep1","Read_127",0.450191755360574,"Subpopulation_1"
"NGS_Nanog_WT_Rep1","Read_128",0.455711504867152,"Subpopulation_1"
"NGS_Nanog_WT_Rep1","Read_129",0.453703753705914,"Subpopulation_1"
"NGS_Nanog_WT_Rep1","Read_130",0.458751223869612,"Subpopulation_1"
"NGS_Nanog_WT_Rep1","Read_131",0.458214792794322,"Subpopulation_1"
"NGS_Nanog_WT_Rep1","Read_132",0.45668491789346,"Subpopulation_1"
"NGS_Nanog_WT_Rep1","Read_133",0.448665123171591,"Subpopulation_1"
"NGS_Nanog_WT_Rep1","Read_134",0.461726409032842,"Subpopulation_1"
"NGS_Nanog_WT_Rep1","Read_135",0.471059043367349,"Subpopulation_1"
"NGS_Nanog_WT_Rep1","Read_136",0.457445693473803,"Subpopulation_1"
"NGS_Nanog_WT_Rep1","Read_137",0.45292126332051,"Subpopulation_1"
"NGS_Nanog_WT_Rep1","Read_138",0.455367672073214,"Subpopulation_1"
"NGS_Nanog_WT_Rep1","Read_139",0.454883323403834,"Subpopulation_1"
"NGS_Nanog_WT_Rep1","Read_140",0.464924812974352,"Subpopulation_1"
"NGS_Nanog_WT_Rep1","Read_141",0.452939242984179,"Subpopulation_1"
"NGS_Nanog_WT_Rep1","Read_142",0.459760911994627,"Subpopulation_1"
"NGS_Nanog_WT_Rep1","Read_143",0.452826812767398,"Subpopulation_1"
"NGS_Nanog_WT_Rep1","Read_144",0.451802703994643,"Subpopulation_1"
"NGS_Nanog_WT_Rep1","Read_145",0.456759825989091,"Subpopulation_1"
"NGS_Nanog_WT_Rep1","Read_146",0.468598039460244,"Subpopulation_1"
"NGS_Nanog_WT_Rep1","Read_147",0.459856797626558,"Subpopulation_1"
"NGS_Nanog_WT_Rep1","Read_148",0.452449840212976,"Subpopulation_1"
"NGS_Nanog_WT_Rep1","Read_149",0.450582608389791,"Subpopulation_1"
"NGS_Nanog_WT_Rep1","Read_150",0.452354963470083,"Subpopulation_1"
"NGS_Nanog_WT_Rep1","Read_151",0.45639358946345,"Subpopulation_1"
"NGS_Nanog_WT_Rep1","Read_152",0.464281467846572,"Subpopulation_1"
"NGS_Nanog_WT_Rep1","Read_153",0.457984000652121,"Subpopulation_1"
"NGS_Nanog_WT_Rep1","Read_154",0.456887207898576,"Subpopulation_1"
"NGS_Nanog_WT_Rep1","Read_155",0.46311577746134,"Subpopulation_1"
"NGS_Nanog_WT_Rep1","Read_156",0.450038159046959,"Subpopulation_1"
"NGS_Nanog_WT_Rep1","Read_157",0.456369697518115,"Subpopulation_1"
"NGS_Nanog_WT_Rep1","Read_158",0.45306491610476,"Subpopulation_1"
"NGS_Nanog_WT_Rep1","Read_159",0.457359829503651,"Subpopulation_1"
"NGS_Nanog_WT_Rep1","Read_160",0.444330756272245,"Subpopulation_1"
"NGS_Nanog_WT_Rep1","Read_161",0.453482860948388,"Subpopulation_1"
"NGS_Nanog_WT_Rep1","Read_162",0.46484060898381,"Subpopulation_1"
"NGS_Nanog_WT_Rep1","Read_163",0.450438829359114,"Subpopulation_1"
"NGS_Nanog_WT_Rep1","Read_164",0.456666632247138,"Subpopulation_1"
"NGS_Nanog_WT_Rep1","Read_165",0.454542035773271,"Subpopulation_1"
"NGS_Nanog_WT_Rep1","Read_166",0.458996823313906,"Subpopulation_1"
"NGS_Nanog_WT_Rep1","Read_167",0.460834788496753,"Subpopulation_1"
"NGS_Nanog_WT_Rep1","Read_168",0.457679721799295,"Subpopulation_1"
"NGS_Nanog_WT_Rep1","Read_169",0.45389727922925,"Subpopulation_1"
"NGS_Nanog_WT_Rep1","Read_170",0.464122772663973,"Subpopulation_1"
"NGS_Nanog_WT_Rep1","Read_171",0.462190555559843,"Subpopulation_1"
"NGS_Nanog_WT_Rep1","Read_172",0.453079736282835,"Subpopulation_1"
"NGS_Nanog_WT_Rep1","Read_173",0.455549888967819,"Subpopulation_1"
"NGS_Nanog_WT_Rep1","Read_174",0.461969650979416,"Subpopulation_1"
"NGS_Nanog_WT_Rep1","Read_175",0.455234934184766,"Subpopulation_1"
"NGS_Nanog_WT_Rep1","Read_176",0.457638636861109,"Subpopulation_1"
"NGS_Nanog_WT_Rep1","Read_177",0.457247170120813,"Subpopulation_1"
"NGS_Nanog_WT_Rep1","Read_178",0.45169019405275,"Subpopulation_1"
"NGS_Nanog_WT_Rep1","Read_179",0.463248610277176,"Subpopulation_1"
"NGS_Nanog_WT_Rep1","Read_180",0.457664947042068,"Subpopulation_1"
"NGS_Nanog_WT_Rep1","Read_181",0.465430288219488,"Subpopulation_1"
"NGS_Nanog_WT_Rep1","Read_182",0.456318889698901,"Subpopulation_1"
"NGS_Nanog_WT_Rep1","Read_183",0.457165981804238,"Subpopulation_1"
"NGS_Nanog_WT_Rep1","Read_184",0.455146774231213,"Subpopulation_1"
"NGS_Nanog_WT_Rep1","Read_185",0.454369576462,"Subpopulation_1"
"NGS_Nanog_WT_Rep1","Read_186",0.454165834750662,"Subpopulation_1"
"NGS_Nanog_WT_Rep1","Read_187",0.44776495443432,"Subpopulation_1"
"NGS_Nanog_WT_Rep1","Read_188",0.461434878196923,"Subpopulation_1"
"NGS_Nanog_WT_Rep1","Read_189",0.451074482797073,"Subpopulation_1"
"NGS_Nanog_WT_Rep1","Read_190",0.45905134387533,"Subpopulation_1"
"NGS_Nanog_WT_Rep1","Read_191",0.445868608061527,"Subpopulation_1"
"NGS_Nanog_WT_Rep1","Read_192",0.457261885775455,"Subpopulation_1"
"NGS_Nanog_WT_Rep1","Read_193",0.457178826068561,"Subpopulation_1"
"NGS_Nanog_WT_Rep1","Read_194",0.450208234168394,"Subpopulation_1"
"NGS_Nanog_WT_Rep1","Read_195",0.453998457540875,"Subpopulation_1"
"NGS_Nanog_WT_Rep1","Read_196",0.44536916331001,"Subpopulation_1"
"NGS_Nanog_WT_Rep1","Read_197",0.452434344227303,"Subpopulation_1"
"NGS_Nanog_WT_Rep1","Read_198",0.457169959236252,"Subpopulation_1"
"NGS_Nanog_WT_Rep1","Read_199",0.46097091041546,"Subpopulation_1"
"NGS_Nanog_WT_Rep1","Read_200",0.444015035603766,"Subpopulation_1"
"NGS_Nanog_WT_Rep1","Read_201",0.46915292332295,"Subpopulation_1"
"NGS_Nanog_WT_Rep1","Read_202",0.45336307321584,"Subpopulation_1"
"NGS_Nanog_WT_Rep1","Read_203",0.455849433884694,"Subpopulation_1"
"NGS_Nanog_WT_Rep1","Read_204",0.457893071000128,"Subpopulation_1"
"NGS_Nanog_WT_Rep1","Read_205",0.450606721597613,"Subpopulation_1"
"NGS_Nanog_WT_Rep1","Read_206",0.472070855513379,"Subpopulation_1"
"NGS_Nanog_WT_Rep1","Read_207",0.462202050176889,"Subpopulation_1"
"NGS_Nanog_WT_Rep1","Read_208",0.454704329996048,"Subpopulation_1"
"NGS_Nanog_WT_Rep1","Read_209",0.455843013686946,"Subpopulation_1"
"NGS_Nanog_WT_Rep1","Read_210",0.450598699751751,"Subpopulation_1"
"NGS_Nanog_WT_Rep1","Read_211",0.456657539129245,"Subpopulation_1"
"NGS_Nanog_WT_Rep1","Read_212",0.459170363617975,"Subpopulation_1"
"NGS_Nanog_WT_Rep1","Read_213",0.459366258094035,"Subpopulation_1"
"NGS_Nanog_WT_Rep1","Read_214",0.451806228229528,"Subpopulation_1"
"NGS_Nanog_WT_Rep1","Read_215",0.463164790513436,"Subpopulation_1"
"NGS_Nanog_WT_Rep1","Read_216",0.456238877128092,"Subpopulation_1"
"NGS_Nanog_WT_Rep1","Read_217",0.447436110923753,"Subpopulation_1"
"NGS_Nanog_WT_Rep1","Read_218",0.461978067767429,"Subpopulation_1"
"NGS_Nanog_WT_Rep1","Read_219",0.448112094380266,"Subpopulation_1"
"NGS_Nanog_WT_Rep1","Read_220",0.479623836527831,"Subpopulation_1"
"NGS_Nanog_WT_Rep1","Read_221",0.456129744856974,"Subpopulation_1"
"NGS_Nanog_WT_Rep1","Read_222",0.443704335343928,"Subpopulation_1"
"NGS_Nanog_WT_Rep1","Read_223",0.456971222492437,"Subpopulation_1"
"NGS_Nanog_WT_Rep1","Read_224",0.463138667843891,"Subpopulation_1"
"NGS_Nanog_WT_Rep1","Read_225",0.463286335328173,"Subpopulation_1"
"NGS_Nanog_WT_Rep1","Read_226",0.462254047196098,"Subpopulation_1"
"NGS_Nanog_WT_Rep1","Read_227",0.465531046984912,"Subpopulation_1"
"NGS_Nanog_WT_Rep1","Read_228",0.461447886385281,"Subpopulation_1"
"NGS_Nanog_WT_Rep1","Read_229",0.456108236734127,"Subpopulation_1"
"NGS_Nanog_WT_Rep1","Read_230",0.468423074688523,"Subpopulation_1"
"NGS_Nanog_WT_Rep1","Read_231",0.441414813623396,"Subpopulation_1"
"NGS_Nanog_WT_Rep1","Read_232",0.459284170057158,"Subpopulation_1"
"NGS_Nanog_WT_Rep1","Read_233",0.45358771187214,"Subpopulation_1"
"NGS_Nanog_WT_Rep1","Read_234",0.46738878161831,"Subpopulation_1"
"NGS_Nanog_WT_Rep1","Read_235",0.463121814426929,"Subpopulation_1"
"NGS_Nanog_WT_Rep1","Read_236",0.461405260474797,"Subpopulation_1"
"NGS_Nanog_WT_Rep1","Read_237",0.454565045141689,"Subpopulation_1"
"NGS_Nanog_WT_Rep1","Read_238",0.460367154537178,"Subpopulation_1"
"NGS_Nanog_WT_Rep1","Read_239",0.458620471752014,"Subpopulation_1"
"NGS_Nanog_WT_Rep1","Read_240",0.450505864287905,"Subpopulation_1"
"NGS_Nanog_WT_Rep1","Read_241",0.45477208172455,"Subpopulation_1"
"NGS_Nanog_WT_Rep1","Read_242",0.456738938221582,"Subpopulation_1"
"NGS_Nanog_WT_Rep1","Read_243",0.46355178807238,"Subpopulation_1"
"NGS_Nanog_WT_Rep1","Read_244",0.45320295630663,"Subpopulation_1"
"NGS_Nanog_WT_Rep1","Read_245",0.454695852440403,"Subpopulation_1"
"NGS_Nanog_WT_Rep1","Read_246",0.449802227601676,"Subpopulation_1"
"NGS_Nanog_WT_Rep1","Read_247",0.45743740807762,"Subpopulation_1"
"NGS_Nanog_WT_Rep1","Read_248",0.463249332264082,"Subpopulation_1"
"NGS_Nanog_WT_Rep1","Read_249",0.468620366455227,"Subpopulation_1"
"NGS_Nanog_WT_Rep1","Read_250",0.460621019211303,"Subpopulation_1"
"NGS_Nanog_WT_Rep1","Read_251",0.45559332103383,"Subpopulation_1"
"NGS_Nanog_WT_Rep1","Read_252",0.457478743174181,"Subpopulation_1"
"NGS_Nanog_WT_Rep1","Read_253",0.455481720083952,"Subpopulation_1"
"NGS_Nanog_WT_Rep1","Read_254",0.445677303688212,"Subpopulation_1"
"NGS_Nanog_WT_Rep1","Read_255",0.46972959436639,"Subpopulation_1"
"NGS_Nanog_WT_Rep1","Read_256",0.454112825180447,"Subpopulation_1"
"NGS_Nanog_WT_Rep1","Read_257",0.459476295372054,"Subpopulation_1"
"NGS_Nanog_WT_Rep1","Read_258",0.46106206225171,"Subpopulation_1"
"NGS_Nanog_WT_Rep1","Read_259",0.46008025622171,"Subpopulation_1"
"NGS_Nanog_WT_Rep1","Read_260",0.448826736462175,"Subpopulation_1"
"NGS_Nanog_WT_Rep1","Read_261",0.445494788771744,"Subpopulation_1"
"NGS_Nanog_WT_Rep1","Read_262",0.45942606939687,"Subpopulation_1"
"NGS_Nanog_WT_Rep1","Read_263",0.464677136081448,"Subpopulation_1"
"NGS_Nanog_WT_Rep1","Read_264",0.455163843403381,"Subpopulation_1"
"NGS_Nanog_WT_Rep1","Read_265",0.462034287896809,"Subpopulation_1"
"NGS_Nanog_WT_Rep1","Read_266",0.461256463246559,"Subpopulation_1"
"NGS_Nanog_WT_Rep1","Read_267",0.451930555629762,"Subpopulation_1"
"NGS_Nanog_WT_Rep1","Read_268",0.45625367826066,"Subpopulation_1"
"NGS_Nanog_WT_Rep1","Read_269",0.477965998166416,"Subpopulation_1"
"NGS_Nanog_WT_Rep1","Read_270",0.447558115245322,"Subpopulation_1"
"NGS_Nanog_WT_Rep1","Read_271",0.458820249944492,"Subpopulation_1"
"NGS_Nanog_WT_Rep1","Read_272",0.45053134859184,"Subpopulation_1"
"NGS_Nanog_WT_Rep1","Read_273",0.45082339933264,"Subpopulation_1"
"NGS_Nanog_WT_Rep1","Read_274",0.454179675409644,"Subpopulation_1"
"NGS_Nanog_WT_Rep1","Read_275",0.457391266879553,"Subpopulation_1"
"NGS_Nanog_WT_Rep1","Read_276",0.453667862153125,"Subpopulation_1"
"NGS_Nanog_WT_Rep1","Read_277",0.454587965454583,"Subpopulation_1"
"NGS_Nanog_WT_Rep1","Read_278",0.461843598942527,"Subpopulation_1"
"NGS_Nanog_WT_Rep1","Read_279",0.45442984589936,"Subpopulation_1"
"NGS_Nanog_WT_Rep1","Read_280",0.446858572743974,"Subpopulation_1"
"NGS_Nanog_WT_Rep1","Read_281",0.450352780483865,"Subpopulation_1"
"NGS_Nanog_WT_Rep1","Read_282",0.453903310588945,"Subpopulation_1"
"NGS_Nanog_WT_Rep1","Read_283",0.452601578505849,"Subpopulation_1"
"NGS_Nanog_WT_Rep1","Read_284",0.455227555100699,"Subpopulation_1"
"NGS_Nanog_WT_Rep1","Read_285",0.458036249807132,"Subpopulation_1"
"NGS_Nanog_WT_Rep1","Read_286",0.459337206964688,"Subpopulation_1"
"NGS_Nanog_WT_Rep1","Read_287",0.458836577520409,"Subpopulation_1"
"NGS_Nanog_WT_Rep1","Read_288",0.462506222429693,"Subpopulation_1"
"NGS_Nanog_WT_Rep1","Read_289",0.457154852135402,"Subpopulation_1"
"NGS_Nanog_WT_Rep1","Read_290",0.453729994627674,"Subpopulation_1"
"NGS_Nanog_WT_Rep1","Read_291",0.455192462017905,"Subpopulation_1"
"NGS_Nanog_WT_Rep1","Read_292",0.462629754766595,"Subpopulation_1"
"NGS_Nanog_WT_Rep1","Read_293",0.457144409069362,"Subpopulation_1"
"NGS_Nanog_WT_Rep1","Read_294",0.458271755060658,"Subpopulation_1"
"NGS_Nanog_WT_Rep1","Read_295",0.452003060949389,"Subpopulation_1"
"NGS_Nanog_WT_Rep1","Read_296",0.458586975074345,"Subpopulation_1"
"NGS_Nanog_WT_Rep1","Read_297",0.447901008741341,"Subpopulation_1"
"NGS_Nanog_WT_Rep1","Read_298",0.450723403133656,"Subpopulation_1"
"NGS_Nanog_WT_Rep1","Read_299",0.463517543109421,"Subpopulation_1"
"NGS_Nanog_WT_Rep1","Read_300",0.458980482638601,"Subpopulation_1"
"NGS_Nanog_WT_Rep1","Read_301",0.468893839487754,"Subpopulation_1"
"NGS_Nanog_WT_Rep1","Read_302",0.460561087964828,"Subpopulation_1"
"NGS_Nanog_WT_Rep1","Read_303",0.45866500874764,"Subpopulation_1"
"NGS_Nanog_WT_Rep1","Read_304",0.456303718102381,"Subpopulation_1"
"NGS_Nanog_WT_Rep1","Read_305",0.456230201056494,"Subpopulation_1"
"NGS_Nanog_WT_Rep1","Read_306",0.452518324084284,"Subpopulation_1"
"NGS_Nanog_WT_Rep1","Read_307",0.452542704287469,"Subpopulation_1"
"NGS_Nanog_WT_Rep1","Read_308",0.455186480337545,"Subpopulation_1"
"NGS_Nanog_WT_Rep1","Read_309",0.463727271374215,"Subpopulation_1"
"NGS_Nanog_WT_Rep1","Read_310",0.454956304729145,"Subpopulation_1"
"NGS_Nanog_WT_Rep1","Read_311",0.457142399929725,"Subpopulation_1"
"NGS_Nanog_WT_Rep1","Read_312",0.453025083610406,"Subpopulation_1"
"NGS_Nanog_WT_Rep1","Read_313",0.453528560404477,"Subpopulation_1"
"NGS_Nanog_WT_Rep1","Read_314",0.457566819370797,"Subpopulation_1"
"NGS_Nanog_WT_Rep1","Read_315",0.464167469511151,"Subpopulation_1"
"NGS_Nanog_WT_Rep1","Read_316",0.451532946036067,"Subpopulation_1"
"NGS_Nanog_WT_Rep1","Read_317",0.460516709761315,"Subpopulation_1"
"NGS_Nanog_WT_Rep1","Read_318",0.450559182408482,"Subpopulation_1"
"NGS_Nanog_WT_Rep1","Read_319",0.448105091980693,"Subpopulation_1"
"NGS_Nanog_WT_Rep1","Read_320",0.451767603139057,"Subpopulation_1"
"NGS_Nanog_WT_Rep1","Read_321",0.459784127494132,"Subpopulation_1"
"NGS_Nanog_WT_Rep1","Read_322",0.448539723306628,"Subpopulation_1"
"NGS_Nanog_WT_Rep1","Read_323",0.453613274156831,"Subpopulation_1"
"NGS_Nanog_WT_Rep1","Read_324",0.454733675641729,"Subpopulation_1"
"NGS_Nanog_WT_Rep1","Read_325",0.452619958650629,"Subpopulation_1"
"NGS_Nanog_WT_Rep1","Read_326",0.457197039681431,"Subpopulation_1"
"NGS_Nanog_WT_Rep1","Read_327",0.448644358353204,"Subpopulation_1"
"NGS_Nanog_WT_Rep1","Read_328",0.451631361557484,"Subpopulation_1"
"NGS_Nanog_WT_Rep1","Read_329",0.458713046869248,"Subpopulation_1"
"NGS_Nanog_WT_Rep1","Read_330",0.459436367757872,"Subpopulation_1"
"NGS_Nanog_WT_Rep1","Read_331",0.453591498363218,"Subpopulation_1"
"NGS_Nanog_WT_Rep1","Read_332",0.450878601654781,"Subpopulation_1"
"NGS_Nanog_WT_Rep1","Read_333",0.470972159268152,"Subpopulation_1"
"NGS_Nanog_WT_Rep1","Read_334",0.472294696012517,"Subpopulation_1"
"NGS_Nanog_WT_Rep1","Read_335",0.441778097301632,"Subpopulation_1"
"NGS_Nanog_WT_Rep1","Read_336",0.464416668087234,"Subpopulation_1"
"NGS_Nanog_WT_Rep1","Read_337",0.462245372587735,"Subpopulation_1"
"NGS_Nanog_WT_Rep1","Read_338",0.452992432077128,"Subpopulation_1"
"NGS_Nanog_WT_Rep1","Read_339",0.463220920460721,"Subpopulation_1"
"NGS_Nanog_WT_Rep1","Read_340",0.456213759294133,"Subpopulation_1"
"NGS_Nanog_WT_Rep1","Read_341",0.464746099317094,"Subpopulation_1"
"NGS_Nanog_WT_Rep1","Read_342",0.443335834329774,"Subpopulation_1"
"NGS_Nanog_WT_Rep1","Read_343",0.450131800553088,"Subpopulation_1"
"NGS_Nanog_WT_Rep1","Read_344",0.461173846281307,"Subpopulation_1"
"NGS_Nanog_WT_Rep1","Read_345",0.453491477768765,"Subpopulation_1"
"NGS_Nanog_WT_Rep1","Read_346",0.453995461378448,"Subpopulation_1"
"NGS_Nanog_WT_Rep1","Read_347",0.45461319331525,"Subpopulation_1"
"NGS_Nanog_WT_Rep1","Read_348",0.459794823049862,"Subpopulation_1"
"NGS_Nanog_WT_Rep1","Read_349",0.450766396271013,"Subpopulation_1"
"NGS_Nanog_WT_Rep1","Read_350",0.467849307491443,"Subpopulation_1"
"NGS_Nanog_WT_Rep1","Read_351",0.445852684832661,"Subpopulation_1"
"NGS_Nanog_WT_Rep1","Read_352",0.460130385575042,"Subpopulation_1"
"NGS_Nanog_WT_Rep1","Read_353",0.465724877871194,"Subpopulation_1"
"NGS_Nanog_WT_Rep1","Read_354",0.457819120632529,"Subpopulation_1"
"NGS_Nanog_WT_Rep1","Read_355",0.45954450669418,"Subpopulation_1"
"NGS_Nanog_WT_Rep1","Read_356",0.451198816180543,"Subpopulation_1"
"NGS_Nanog_WT_Rep1","Read_357",0.450525945768526,"Subpopulation_1"
"NGS_Nanog_WT_Rep1","Read_358",0.449038368616953,"Subpopulation_1"
"NGS_Nanog_WT_Rep1","Read_359",0.456454652457665,"Subpopulation_1"
"NGS_Nanog_WT_Rep1","Read_360",0.455940251922713,"Subpopulation_1"
"NGS_Nanog_WT_Rep1","Read_361",0.456109699659118,"Subpopulation_1"
"NGS_Nanog_WT_Rep1","Read_362",0.44919416320819,"Subpopulation_1"
"NGS_Nanog_WT_Rep1","Read_363",0.443138386792859,"Subpopulation_1"
"NGS_Nanog_WT_Rep1","Read_364",0.459702309497255,"Subpopulation_1"
"NGS_Nanog_WT_Rep1","Read_365",0.455721932306731,"Subpopulation_1"
"NGS_Nanog_WT_Rep1","Read_366",0.451905084360922,"Subpopulation_1"
"NGS_Nanog_WT_Rep1","Read_367",0.454975981243351,"Subpopulation_1"
"NGS_Nanog_WT_Rep1","Read_368",0.447040185981602,"Subpopulation_1"
"NGS_Nanog_WT_Rep1","Read_369",0.446924165094145,"Subpopulation_1"
"NGS_Nanog_WT_Rep1","Read_370",0.449475546372365,"Subpopulation_1"
"NGS_Nanog_WT_Rep1","Read_371",0.446583709968916,"Subpopulation_1"
"NGS_Nanog_WT_Rep1","Read_372",0.460716200141685,"Subpopulation_1"
"NGS_Nanog_WT_Rep1","Read_373",0.451910190390793,"Subpopulation_1"
"NGS_Nanog_WT_Rep1","Read_374",0.448658940800216,"Subpopulation_1"
"NGS_Nanog_WT_Rep1","Read_375",0.45129056641144,"Subpopulation_1"
"NGS_Nanog_WT_Rep1","Read_376",0.461050667448021,"Subpopulation_1"
"NGS_Nanog_WT_Rep1","Read_377",0.452831443721646,"Subpopulation_1"
"NGS_Nanog_WT_Rep1","Read_378",0.461081288487251,"Subpopulation_1"
"NGS_Nanog_WT_Rep1","Read_379",0.45705596541016,"Subpopulation_1"
"NGS_Nanog_WT_Rep1","Read_380",0.466655087689139,"Subpopulation_1"
"NGS_Nanog_WT_Rep1","Read_381",0.459119018460142,"Subpopulation_1"
"NGS_Nanog_WT_Rep1","Read_382",0.453241659583198,"Subpopulation_1"
"NGS_Nanog_WT_Rep1","Read_383",0.458994786022587,"Subpopulation_1"
"NGS_Nanog_WT_Rep1","Read_384",0.448904034190944,"Subpopulation_1"
"NGS_Nanog_WT_Rep1","Read_385",0.452956737710108,"Subpopulation_1"
"NGS_Nanog_WT_Rep1","Read_386",0.45794533771285,"Subpopulation_1"
"NGS_Nanog_WT_Rep1","Read_387",0.458230485574482,"Subpopulation_1"
"NGS_Nanog_WT_Rep1","Read_388",0.458153099475172,"Subpopulation_1"
"NGS_Nanog_WT_Rep1","Read_389",0.457514610801927,"Subpopulation_1"
"NGS_Nanog_WT_Rep1","Read_390",0.4630005667987,"Subpopulation_1"
"NGS_Nanog_WT_Rep1","Read_391",0.446671196970642,"Subpopulation_1"
"NGS_Nanog_WT_Rep1","Read_392",0.456896608429021,"Subpopulation_1"
"NGS_Nanog_WT_Rep1","Read_393",0.455992890901545,"Subpopulation_1"
"NGS_Nanog_WT_Rep1","Read_394",0.455437496111417,"Subpopulation_1"
"NGS_Nanog_WT_Rep1","Read_395",0.45816723882455,"Subpopulation_1"
"NGS_Nanog_WT_Rep1","Read_396",0.455730312319921,"Subpopulation_1"
"NGS_Nanog_WT_Rep1","Read_397",0.459499539639997,"Subpopulation_1"
"NGS_Nanog_WT_Rep1","Read_398",0.45373507945107,"Subpopulation_1"
"NGS_Nanog_WT_Rep1","Read_399",0.456218983009586,"Subpopulation_1"
"NGS_Nanog_WT_Rep1","Read_400",0.456344254300813,"Subpopulation_1"
"NGS_Nanog_WT_Rep1","Read_401",0.46163000410008,"Subpopulation_1"
"NGS_Nanog_WT_Rep1","Read_402",0.461432544578908,"Subpopulation_1"
"NGS_Nanog_WT_Rep1","Read_403",0.452949804996268,"Subpopulation_1"
"NGS_Nanog_WT_Rep1","Read_404",0.452036020119972,"Subpopulation_1"
"NGS_Nanog_WT_Rep1","Read_405",0.449565999411998,"Subpopulation_1"
"NGS_Nanog_WT_Rep1","Read_406",0.448419414063614,"Subpopulation_1"
"NGS_Nanog_WT_Rep1","Read_407",0.453413776196914,"Subpopulation_1"
"NGS_Nanog_WT_Rep1","Read_408",0.455457952515523,"Subpopulation_1"
"NGS_Nanog_WT_Rep1","Read_409",0.453798427082063,"Subpopulation_1"
"NGS_Nanog_WT_Rep1","Read_410",0.452399574301857,"Subpopulation_1"
"NGS_Nanog_WT_Rep1","Read_411",0.458234065029189,"Subpopulation_1"
"NGS_Nanog_WT_Rep1","Read_412",0.449824387429087,"Subpopulation_1"
"NGS_Nanog_WT_Rep1","Read_413",0.453837285889339,"Subpopulation_1"
"NGS_Nanog_WT_Rep1","Read_414",0.465971660333335,"Subpopulation_1"
"NGS_Nanog_WT_Rep1","Read_415",0.465949696484259,"Subpopulation_1"
"NGS_Nanog_WT_Rep1","Read_416",0.457111919619885,"Subpopulation_1"
"NGS_Nanog_WT_Rep1","Read_417",0.465094399530081,"Subpopulation_1"
"NGS_Nanog_WT_Rep1","Read_418",0.452325211020948,"Subpopulation_1"
"NGS_Nanog_WT_Rep1","Read_419",0.464065661525604,"Subpopulation_1"
"NGS_Nanog_WT_Rep1","Read_420",0.460411480981502,"Subpopulation_1"
"NGS_Nanog_WT_Rep1","Read_421",0.460956947643661,"Subpopulation_1"
"NGS_Nanog_WT_Rep1","Read_422",0.447099305097576,"Subpopulation_1"
"NGS_Nanog_WT_Rep1","Read_423",0.457389078641435,"Subpopulation_1"
"NGS_Nanog_WT_Rep1","Read_424",0.457989340222293,"Subpopulation_1"
"NGS_Nanog_WT_Rep1","Read_425",0.468632598025354,"Subpopulation_1"
"NGS_Nanog_WT_Rep1","Read_426",0.459143032939683,"Subpopulation_1"
"NGS_Nanog_WT_Rep1","Read_427",0.451314768153791,"Subpopulation_1"
"NGS_Nanog_WT_Rep1","Read_428",0.4537725326836,"Subpopulation_1"
"NGS_Nanog_WT_Rep1","Read_429",0.455496822736893,"Subpopulation_1"
"NGS_Nanog_WT_Rep1","Read_430",0.45184014818311,"Subpopulation_1"
"NGS_Nanog_WT_Rep1","Read_431",0.454182622640579,"Subpopulation_1"
"NGS_Nanog_WT_Rep1","Read_432",0.468423598831815,"Subpopulation_1"
"NGS_Nanog_WT_Rep1","Read_433",0.450144110567843,"Subpopulation_1"
"NGS_Nanog_WT_Rep1","Read_434",0.447743216968681,"Subpopulation_1"
"NGS_Nanog_WT_Rep1","Read_435",0.458183385542053,"Subpopulation_1"
"NGS_Nanog_WT_Rep1","Read_436",0.458820864327989,"Subpopulation_1"
"NGS_Nanog_WT_Rep1","Read_437",0.445385588114771,"Subpopulation_1"
"NGS_Nanog_WT_Rep1","Read_438",0.457857214255922,"Subpopulation_1"
"NGS_Nanog_WT_Rep1","Read_439",0.453817949356652,"Subpopulation_1"
"NGS_Nanog_WT_Rep1","Read_440",0.451389445147128,"Subpopulation_1"
"NGS_Nanog_WT_Rep1","Read_441",0.448886546859817,"Subpopulation_1"
"NGS_Nanog_WT_Rep1","Read_442",0.459569921621498,"Subpopulation_1"
"NGS_Nanog_WT_Rep1","Read_443",0.447149506161384,"Subpopulation_1"
"NGS_Nanog_WT_Rep1","Read_444",0.457107156956537,"Subpopulation_1"
"NGS_Nanog_WT_Rep1","Read_445",0.456479480971363,"Subpopulation_1"
"NGS_Nanog_WT_Rep1","Read_446",0.454721828910209,"Subpopulation_1"
"NGS_Nanog_WT_Rep1","Read_447",0.458033296659161,"Subpopulation_1"
"NGS_Nanog_WT_Rep1","Read_448",0.46055955399417,"Subpopulation_1"
"NGS_Nanog_WT_Rep1","Read_449",0.457050801095538,"Subpopulation_1"
"NGS_Nanog_WT_Rep1","Read_450",0.45764787112199,"Subpopulation_1"
"NGS_Nanog_WT_Rep1","Read_451",0.457747775779546,"Subpopulation_1"
"NGS_Nanog_WT_Rep1","Read_452",0.458817280969209,"Subpopulation_1"
"NGS_Nanog_WT_Rep1","Read_453",0.454919335544184,"Subpopulation_1"
"NGS_Nanog_WT_Rep1","Read_454",0.461523368349401,"Subpopulation_1"
"NGS_Nanog_WT_Rep1","Read_455",0.458476059492417,"Subpopulation_1"
"NGS_Nanog_WT_Rep1","Read_456",0.475495732550013,"Subpopulation_1"
"NGS_Nanog_WT_Rep1","Read_457",0.4597826297145,"Subpopulation_1"
"NGS_Nanog_WT_Rep1","Read_458",0.462639484888611,"Subpopulation_1"
"NGS_Nanog_WT_Rep1","Read_459",0.452368926953598,"Subpopulation_1"
"NGS_Nanog_WT_Rep1","Read_460",0.45159565196073,"Subpopulation_1"
"NGS_Nanog_WT_Rep1","Read_461",0.457488512026595,"Subpopulation_1"
"NGS_Nanog_WT_Rep1","Read_462",0.454418460469273,"Subpopulation_1"
"NGS_Nanog_WT_Rep1","Read_463",0.458378187657786,"Subpopulation_1"
"NGS_Nanog_WT_Rep1","Read_464",0.462114407814007,"Subpopulation_1"
"NGS_Nanog_WT_Rep1","Read_465",0.460783569633167,"Subpopulation_1"
"NGS_Nanog_WT_Rep1","Read_466",0.457621119278995,"Subpopulation_1"
"NGS_Nanog_WT_Rep1","Read_467",0.456282133655248,"Subpopulation_1"
"NGS_Nanog_WT_Rep1","Read_468",0.463351288182279,"Subpopulation_1"
"NGS_Nanog_WT_Rep1","Read_469",0.460638177625206,"Subpopulation_1"
"NGS_Nanog_WT_Rep1","Read_470",0.450813731868016,"Subpopulation_1"
"NGS_Nanog_WT_Rep1","Read_471",0.450640914423724,"Subpopulation_1"
"NGS_Nanog_WT_Rep1","Read_472",0.455147006580862,"Subpopulation_1"
"NGS_Nanog_WT_Rep1","Read_473",0.454440161140498,"Subpopulation_1"
"NGS_Nanog_WT_Rep1","Read_474",0.448368123751437,"Subpopulation_1"
"NGS_Nanog_WT_Rep1","Read_475",0.463989253686439,"Subpopulation_1"
"NGS_Nanog_WT_Rep1","Read_476",0.454840752556825,"Subpopulation_1"
"NGS_Nanog_WT_Rep1","Read_477",0.449994716412199,"Subpopulation_1"
"NGS_Nanog_WT_Rep1","Read_478",0.455867937464647,"Subpopulation_1"
"NGS_Nanog_WT_Rep1","Read_479",0.45762079059945,"Subpopulation_1"
"NGS_Nanog_WT_Rep1","Read_480",0.45187299137866,"Subpopulation_1"
"NGS_Nanog_WT_Rep1","Read_481",0.454231129719922,"Subpopulation_1"
"NGS_Nanog_WT_Rep1","Read_482",0.457997530115453,"Subpopulation_1"
"NGS_Nanog_WT_Rep1","Read_483",0.449246099196514,"Subpopulation_1"
"NGS_Nanog_WT_Rep1","Read_484",0.452872656063559,"Subpopulation_1"
"NGS_Nanog_WT_Rep1","Read_485",0.449568117146526,"Subpopulation_1"
"NGS_Nanog_WT_Rep1","Read_486",0.460435735895228,"Subpopulation_1"
"NGS_Nanog_WT_Rep1","Read_487",0.450756026785173,"Subpopulation_1"
"NGS_Nanog_WT_Rep1","Read_488",0.456614830058001,"Subpopulation_1"
"NGS_Nanog_WT_Rep1","Read_489",0.456319023892915,"Subpopulation_1"
"NGS_Nanog_WT_Rep1","Read_490",0.456545176026675,"Subpopulation_1"
"NGS_Nanog_WT_Rep1","Read_491",0.450124325421892,"Subpopulation_1"
"NGS_Nanog_WT_Rep1","Read_492",0.454207029208153,"Subpopulation_1"
"NGS_Nanog_WT_Rep1","Read_493",0.461358270938199,"Subpopulation_1"
"NGS_Nanog_WT_Rep1","Read_494",0.452367371004296,"Subpopulation_1"
"NGS_Nanog_WT_Rep1","Read_495",0.451058345171504,"Subpopulation_1"
"NGS_Nanog_WT_Rep1","Read_496",0.45673687553466,"Subpopulation_1"
"NGS_Nanog_WT_Rep1","Read_497",0.445841872894017,"Subpopulation_1"
"NGS_Nanog_WT_Rep1","Read_498",0.448173363688783,"Subpopulation_1"
"NGS_Nanog_WT_Rep1","Read_499",0.453365058849168,"Subpopulation_1"
"NGS_Nanog_WT_Rep1","Read_500",0.460986149545156,"Subpopulation_1"
"NGS_Nanog_WT_Rep1","Read_501",0.457037905678318,"Subpopulation_1"
"NGS_Nanog_WT_Rep1","Read_502",0.459022789563694,"Subpopulation_1"
"NGS_Nanog_WT_Rep1","Read_503",0.450403059068645,"Subpopulation_1"
"NGS_Nanog_WT_Rep1","Read_504",0.461275804567923,"Subpopulation_1"
"NGS_Nanog_WT_Rep1","Read_505",0.452615663500833,"Subpopulation_1"
"NGS_Nanog_WT_Rep1","Read_506",0.455886067346159,"Subpopulation_1"
"NGS_Nanog_WT_Rep1","Read_507",0.457385944552502,"Subpopulation_1"
"NGS_Nanog_WT_Rep1","Read_508",0.458364255957683,"Subpopulation_1"
"NGS_Nanog_WT_Rep1","Read_509",0.456533002171389,"Subpopulation_1"
"NGS_Nanog_WT_Rep1","Read_510",0.457360410154039,"Subpopulation_1"
"NGS_Nanog_WT_Rep1","Read_511",0.448979410222503,"Subpopulation_1"
"NGS_Nanog_WT_Rep1","Read_512",0.461891739215165,"Subpopulation_1"
"NGS_Nanog_WT_Rep1","Read_513",0.453420510996249,"Subpopulation_1"
"NGS_Nanog_WT_Rep1","Read_514",0.462356638276969,"Subpopulation_1"
"NGS_Nanog_WT_Rep1","Read_515",0.464894789748077,"Subpopulation_1"
"NGS_Nanog_WT_Rep1","Read_516",0.46360427811774,"Subpopulation_1"
"NGS_Nanog_WT_Rep1","Read_517",0.461106265965485,"Subpopulation_1"
"NGS_Nanog_WT_Rep1","Read_518",0.459822704942327,"Subpopulation_1"
"NGS_Nanog_WT_Rep1","Read_519",0.455883780139215,"Subpopulation_1"
"NGS_Nanog_WT_Rep1","Read_520",0.458626523332061,"Subpopulation_1"
"NGS_Nanog_WT_Rep1","Read_521",0.456156812953854,"Subpopulation_1"
"NGS_Nanog_WT_Rep1","Read_522",0.448748063835267,"Subpopulation_1"
"NGS_Nanog_WT_Rep1","Read_523",0.457383185285405,"Subpopulation_1"
"NGS_Nanog_WT_Rep1","Read_524",0.465063641707757,"Subpopulation_1"
"NGS_Nanog_WT_Rep1","Read_525",0.464144288315414,"Subpopulation_1"
"NGS_Nanog_WT_Rep1","Read_526",0.448356207967312,"Subpopulation_1"
"NGS_Nanog_WT_Rep1","Read_527",0.46015328949455,"Subpopulation_1"
"NGS_Nanog_WT_Rep1","Read_528",0.449101781730793,"Subpopulation_1"
"NGS_Nanog_WT_Rep1","Read_529",0.458179460755959,"Subpopulation_1"
"NGS_Nanog_WT_Rep1","Read_530",0.468237400752708,"Subpopulation_1"
"NGS_Nanog_WT_Rep1","Read_531",0.453165313856086,"Subpopulation_1"
"NGS_Nanog_WT_Rep1","Read_532",0.457086179014077,"Subpopulation_1"
"NGS_Nanog_WT_Rep1","Read_533",0.458026500869653,"Subpopulation_1"
"NGS_Nanog_WT_Rep1","Read_534",0.466667369318343,"Subpopulation_1"
"NGS_Nanog_WT_Rep1","Read_535",0.457076522237355,"Subpopulation_1"
"NGS_Nanog_WT_Rep1","Read_536",0.45392406650767,"Subpopulation_1"
"NGS_Nanog_WT_Rep1","Read_537",0.453327545639248,"Subpopulation_1"
"NGS_Nanog_WT_Rep1","Read_538",0.460479248105742,"Subpopulation_1"
"NGS_Nanog_WT_Rep1","Read_539",0.46338118470777,"Subpopulation_1"
"NGS_Nanog_WT_Rep1","Read_540",0.45253718642819,"Subpopulation_1"
"NGS_Nanog_WT_Rep1","Read_541",0.453278700396894,"Subpopulation_1"
"NGS_Nanog_WT_Rep1","Read_542",0.445689213957805,"Subpopulation_1"
"NGS_Nanog_WT_Rep1","Read_543",0.463657360964235,"Subpopulation_1"
"NGS_Nanog_WT_Rep1","Read_544",0.459817322531528,"Subpopulation_1"
"NGS_Nanog_WT_Rep1","Read_545",0.457983547052482,"Subpopulation_1"
"NGS_Nanog_WT_Rep1","Read_546",0.466037746078789,"Subpopulation_1"
"NGS_Nanog_WT_Rep1","Read_547",0.464352165376888,"Subpopulation_1"
"NGS_Nanog_WT_Rep1","Read_548",0.460013270203114,"Subpopulation_1"
"NGS_Nanog_WT_Rep1","Read_549",0.450231511486977,"Subpopulation_1"
"NGS_Nanog_WT_Rep1","Read_550",0.462532154887501,"Subpopulation_1"
"NGS_Nanog_WT_Rep1","Read_551",0.461438310891379,"Subpopulation_1"
"NGS_Nanog_WT_Rep1","Read_552",0.453941451255484,"Subpopulation_1"
"NGS_Nanog_WT_Rep1","Read_553",0.457637945648762,"Subpopulation_1"
"NGS_Nanog_WT_Rep1","Read_554",0.450163698919386,"Subpopulation_1"
"NGS_Nanog_WT_Rep1","Read_555",0.45422507333306,"Subpopulation_1"
"NGS_Nanog_WT_Rep1","Read_556",0.446713258309982,"Subpopulation_1"
"NGS_Nanog_WT_Rep1","Read_557",0.452054358463958,"Subpopulation_1"
"NGS_Nanog_WT_Rep1","Read_558",0.447511654611004,"Subpopulation_1"
"NGS_Nanog_WT_Rep1","Read_559",0.454025012167923,"Subpopulation_1"
"NGS_Nanog_WT_Rep1","Read_560",0.457153369375174,"Subpopulation_1"
"NGS_Nanog_WT_Rep1","Read_561",0.448381255797426,"Subpopulation_1"
"NGS_Nanog_WT_Rep1","Read_562",0.453701906605748,"Subpopulation_1"
"NGS_Nanog_WT_Rep1","Read_563",0.445395651475126,"Subpopulation_1"
"NGS_Nanog_WT_Rep1","Read_564",0.451625637935611,"Subpopulation_1"
"NGS_Nanog_WT_Rep1","Read_565",0.452108261110743,"Subpopulation_1"
"NGS_Nanog_WT_Rep1","Read_566",0.455346346683895,"Subpopulation_1"
"NGS_Nanog_WT_Rep1","Read_567",0.454900094069079,"Subpopulation_1"
"NGS_Nanog_WT_Rep1","Read_568",0.455749077104441,"Subpopulation_1"
"NGS_Nanog_WT_Rep1","Read_569",0.45715567116601,"Subpopulation_1"
"NGS_Nanog_WT_Rep1","Read_570",0.458700664126332,"Subpopulation_1"
"NGS_Nanog_WT_Rep1","Read_571",0.446875171513568,"Subpopulation_1"
"NGS_Nanog_WT_Rep1","Read_572",0.461331245366513,"Subpopulation_1"
"NGS_Nanog_WT_Rep1","Read_573",0.454011878992849,"Subpopulation_1"
"NGS_Nanog_WT_Rep1","Read_574",0.460334231835926,"Subpopulation_1"
"NGS_Nanog_WT_Rep1","Read_575",0.455372877786928,"Subpopulation_1"
"NGS_Nanog_WT_Rep1","Read_576",0.456070596441329,"Subpopulation_1"
"NGS_Nanog_WT_Rep1","Read_577",0.449571516703523,"Subpopulation_1"
"NGS_Nanog_WT_Rep1","Read_578",0.455095908107649,"Subpopulation_1"
"NGS_Nanog_WT_Rep1","Read_579",0.464370013262416,"Subpopulation_1"
"NGS_Nanog_WT_Rep1","Read_580",0.444632319283641,"Subpopulation_1"
"NGS_Nanog_WT_Rep1","Read_581",0.451844250431686,"Subpopulation_1"
"NGS_Nanog_WT_Rep1","Read_582",0.455381546297671,"Subpopulation_1"
"NGS_Nanog_WT_Rep1","Read_583",0.453780021772017,"Subpopulation_1"
"NGS_Nanog_WT_Rep1","Read_584",0.46871248854228,"Subpopulation_1"
"NGS_Nanog_WT_Rep1","Read_585",0.45645566830664,"Subpopulation_1"
"NGS_Nanog_WT_Rep1","Read_586",0.4508587904572,"Subpopulation_1"
"NGS_Nanog_WT_Rep1","Read_587",0.456869486139614,"Subpopulation_1"
"NGS_Nanog_WT_Rep1","Read_588",0.449448550282652,"Subpopulation_1"
"NGS_Nanog_WT_Rep1","Read_589",0.451568512231525,"Subpopulation_1"
"NGS_Nanog_WT_Rep1","Read_590",0.456509327210981,"Subpopulation_1"
"NGS_Nanog_WT_Rep1","Read_591",0.450048933840857,"Subpopulation_1"
"NGS_Nanog_WT_Rep1","Read_592",0.466299811443815,"Subpopulation_1"
"NGS_Nanog_WT_Rep1","Read_593",0.453107531454023,"Subpopulation_1"
"NGS_Nanog_WT_Rep1","Read_594",0.458705759690642,"Subpopulation_1"
"NGS_Nanog_WT_Rep1","Read_595",0.459997555512552,"Subpopulation_1"
"NGS_Nanog_WT_Rep1","Read_596",0.456675668281531,"Subpopulation_1"
"NGS_Nanog_WT_Rep1","Read_597",0.459230588027492,"Subpopulation_1"
"NGS_Nanog_WT_Rep1","Read_598",0.455777765045054,"Subpopulation_1"
"NGS_Nanog_WT_Rep1","Read_599",0.457519283461321,"Subpopulation_1"
"NGS_Nanog_WT_Rep1","Read_600",0.453087328272124,"Subpopulation_1"
"NGS_Nanog_WT_Rep1","Read_601",0.460437646544154,"Subpopulation_1"
"NGS_Nanog_WT_Rep1","Read_602",0.444892261204232,"Subpopulation_1"
"NGS_Nanog_WT_Rep1","Read_603",0.457935964840381,"Subpopulation_1"
"NGS_Nanog_WT_Rep1","Read_604",0.464626188436228,"Subpopulation_1"
"NGS_Nanog_WT_Rep1","Read_605",0.455247313692096,"Subpopulation_1"
"NGS_Nanog_WT_Rep1","Read_606",0.450207391089864,"Subpopulation_1"
"NGS_Nanog_WT_Rep1","Read_607",0.461366171588602,"Subpopulation_1"
"NGS_Nanog_WT_Rep1","Read_608",0.452833698457952,"Subpopulation_1"
"NGS_Nanog_WT_Rep1","Read_609",0.45623500877324,"Subpopulation_1"
"NGS_Nanog_WT_Rep1","Read_610",0.449403991649863,"Subpopulation_1"
"NGS_Nanog_WT_Rep1","Read_611",0.451920431179397,"Subpopulation_1"
"NGS_Nanog_WT_Rep1","Read_612",0.455242993875751,"Subpopulation_1"
"NGS_Nanog_WT_Rep1","Read_613",0.462516093855367,"Subpopulation_1"
"NGS_Nanog_WT_Rep1","Read_614",0.477661477591316,"Subpopulation_1"
"NGS_Nanog_WT_Rep1","Read_615",0.455529272171206,"Subpopulation_1"
"NGS_Nanog_WT_Rep1","Read_616",0.463492611766756,"Subpopulation_1"
"NGS_Nanog_WT_Rep1","Read_617",0.465936891995301,"Subpopulation_1"
"NGS_Nanog_WT_Rep1","Read_618",0.474745423521067,"Subpopulation_1"
"NGS_Nanog_WT_Rep1","Read_619",0.464907374270286,"Subpopulation_1"
"NGS_Nanog_WT_Rep1","Read_620",0.458031413312171,"Subpopulation_1"
"NGS_Nanog_WT_Rep1","Read_621",0.469452976288769,"Subpopulation_1"
"NGS_Nanog_WT_Rep1","Read_622",0.436485751847924,"Subpopulation_1"
"NGS_Nanog_WT_Rep1","Read_623",0.454640893717521,"Subpopulation_1"
"NGS_Nanog_WT_Rep1","Read_624",0.460996611380451,"Subpopulation_1"
"NGS_Nanog_WT_Rep1","Read_625",0.444009582089171,"Subpopulation_1"
"NGS_Nanog_WT_Rep1","Read_626",0.463842120641983,"Subpopulation_1"
"NGS_Nanog_WT_Rep1","Read_627",0.451498582360044,"Subpopulation_1"
"NGS_Nanog_WT_Rep1","Read_628",0.456438238953408,"Subpopulation_1"
"NGS_Nanog_WT_Rep1","Read_629",0.447722628511273,"Subpopulation_1"
"NGS_Nanog_WT_Rep1","Read_630",0.45243479238075,"Subpopulation_1"
"NGS_Nanog_WT_Rep1","Read_631",0.446993365573265,"Subpopulation_1"
"NGS_Nanog_WT_Rep1","Read_632",0.460045972445154,"Subpopulation_1"
"NGS_Nanog_WT_Rep1","Read_633",0.44672173483035,"Subpopulation_1"
"NGS_Nanog_WT_Rep1","Read_634",0.45717992361409,"Subpopulation_1"
"NGS_Nanog_WT_Rep1","Read_635",0.459142586779591,"Subpopulation_1"
"NGS_Nanog_WT_Rep1","Read_636",0.46362311388749,"Subpopulation_1"
"NGS_Nanog_WT_Rep1","Read_637",0.447899650077184,"Subpopulation_1"
"NGS_Nanog_WT_Rep1","Read_638",0.451963493717709,"Subpopulation_1"
"NGS_Nanog_WT_Rep1","Read_639",0.456913715083673,"Subpopulation_1"
"NGS_Nanog_WT_Rep1","Read_640",0.453427597699946,"Subpopulation_1"
"NGS_Nanog_WT_Rep1","Read_641",0.450770362112966,"Subpopulation_1"
"NGS_Nanog_WT_Rep1","Read_642",0.451085098800248,"Subpopulation_1"
"NGS_Nanog_WT_Rep1","Read_643",0.463850610051359,"Subpopulation_1"
"NGS_Nanog_WT_Rep1","Read_644",0.459617579532919,"Subpopulation_1"
"NGS_Nanog_WT_Rep1","Read_645",0.459806419160428,"Subpopulation_1"
"NGS_Nanog_WT_Rep1","Read_646",0.458410671495046,"Subpopulation_1"
"NGS_Nanog_WT_Rep1","Read_647",0.453199822062152,"Subpopulation_1"
"NGS_Nanog_WT_Rep1","Read_648",0.454015257803459,"Subpopulation_1"
"NGS_Nanog_WT_Rep1","Read_649",0.46048715650824,"Subpopulation_1"
"NGS_Nanog_WT_Rep1","Read_650",0.45446833113821,"Subpopulation_1"
"NGS_Nanog_WT_Rep1","Read_651",0.453666464185404,"Subpopulation_1"
"NGS_Nanog_WT_Rep1","Read_652",0.454530722952256,"Subpopulation_1"
"NGS_Nanog_WT_Rep1","Read_653",0.459653887997675,"Subpopulation_1"
"NGS_Nanog_WT_Rep1","Read_654",0.461195787507085,"Subpopulation_1"
"NGS_Nanog_WT_Rep1","Read_655",0.453598019723093,"Subpopulation_1"
"NGS_Nanog_WT_Rep1","Read_656",0.463984574063173,"Subpopulation_1"
"NGS_Nanog_WT_Rep1","Read_657",0.4532549782861,"Subpopulation_1"
"NGS_Nanog_WT_Rep1","Read_658",0.453052779686575,"Subpopulation_1"
"NGS_Nanog_WT_Rep1","Read_659",0.460371685881348,"Subpopulation_1"
"NGS_Nanog_WT_Rep1","Read_660",0.453799987195788,"Subpopulation_1"
"NGS_Nanog_WT_Rep1","Read_661",0.449503855676696,"Subpopulation_1"
"NGS_Nanog_WT_Rep1","Read_662",0.452206501006405,"Subpopulation_1"
"NGS_Nanog_WT_Rep1","Read_663",0.463819738209053,"Subpopulation_1"
"NGS_Nanog_WT_Rep1","Read_664",0.464443413046697,"Subpopulation_1"
"NGS_Nanog_WT_Rep1","Read_665",0.448327715577035,"Subpopulation_1"
"NGS_Nanog_WT_Rep1","Read_666",0.459093829359417,"Subpopulation_1"
"NGS_Nanog_WT_Rep1","Read_667",0.447773954380253,"Subpopulation_1"
"NGS_Nanog_WT_Rep1","Read_668",0.456878414747269,"Subpopulation_1"
"NGS_Nanog_WT_Rep1","Read_669",0.441484486620744,"Subpopulation_1"
"NGS_Nanog_WT_Rep1","Read_670",0.464585502565932,"Subpopulation_1"
"NGS_Nanog_WT_Rep1","Read_671",0.455286624921127,"Subpopulation_1"
"NGS_Nanog_WT_Rep1","Read_672",0.450929755137977,"Subpopulation_1"
"NGS_Nanog_WT_Rep1","Read_673",0.462514388477264,"Subpopulation_1"
"NGS_Nanog_WT_Rep1","Read_674",0.459558708228933,"Subpopulation_1"
"NGS_Nanog_WT_Rep1","Read_675",0.457376675364463,"Subpopulation_1"
"NGS_Nanog_WT_Rep1","Read_676",0.454432596249866,"Subpopulation_1"
"NGS_Nanog_WT_Rep1","Read_677",0.455335222585188,"Subpopulation_1"
"NGS_Nanog_WT_Rep1","Read_678",0.460139790142472,"Subpopulation_1"
"NGS_Nanog_WT_Rep1","Read_679",0.46621564490213,"Subpopulation_1"
"NGS_Nanog_WT_Rep1","Read_680",0.451840015784411,"Subpopulation_1"
"NGS_Nanog_WT_Rep1","Read_681",0.467565854181347,"Subpopulation_1"
"NGS_Nanog_WT_Rep1","Read_682",0.450612454155403,"Subpopulation_1"
"NGS_Nanog_WT_Rep1","Read_683",0.463202125401734,"Subpopulation_1"
"NGS_Nanog_WT_Rep1","Read_684",0.453512767217025,"Subpopulation_1"
"NGS_Nanog_WT_Rep1","Read_685",0.453174791093824,"Subpopulation_1"
"NGS_Nanog_WT_Rep1","Read_686",0.450199871686082,"Subpopulation_1"
"NGS_Nanog_WT_Rep1","Read_687",0.455875205024004,"Subpopulation_1"
"NGS_Nanog_WT_Rep1","Read_688",0.457271891587654,"Subpopulation_1"
"NGS_Nanog_WT_Rep1","Read_689",0.455808458258061,"Subpopulation_1"
"NGS_Nanog_WT_Rep1","Read_690",0.445023492882486,"Subpopulation_1"
"NGS_Nanog_WT_Rep1","Read_691",0.454366495302987,"Subpopulation_1"
"NGS_Nanog_WT_Rep1","Read_692",0.460474819885641,"Subpopulation_1"
"NGS_Nanog_WT_Rep1","Read_693",0.457345382165112,"Subpopulation_1"
"NGS_Nanog_WT_Rep1","Read_694",0.464432125337968,"Subpopulation_1"
"NGS_Nanog_WT_Rep1","Read_695",0.463983593773101,"Subpopulation_1"
"NGS_Nanog_WT_Rep1","Read_696",0.457111675386564,"Subpopulation_1"
"NGS_Nanog_WT_Rep1","Read_697",0.442983759223202,"Subpopulation_1"
"NGS_Nanog_WT_Rep1","Read_698",0.455438670987659,"Subpopulation_1"
"NGS_Nanog_WT_Rep1","Read_699",0.46023379195459,"Subpopulation_1"
"NGS_Nanog_WT_Rep1","Read_700",0.451585960291303,"Subpopulation_1"
"NGS_Nanog_WT_Rep1","Read_701",0.464187062018214,"Subpopulation_1"
"NGS_Nanog_WT_Rep1","Read_702",0.469586499213135,"Subpopulation_1"
"NGS_Nanog_WT_Rep1","Read_703",0.452399540323523,"Subpopulation_1"
"NGS_Nanog_WT_Rep1","Read_704",0.456515148908443,"Subpopulation_1"
"NGS_Nanog_WT_Rep1","Read_705",0.448052455864131,"Subpopulation_1"
"NGS_Nanog_WT_Rep1","Read_706",0.458238777280175,"Subpopulation_1"
"NGS_Nanog_WT_Rep1","Read_707",0.464954568996295,"Subpopulation_1"
"NGS_Nanog_WT_Rep1","Read_708",0.451009323508972,"Subpopulation_1"
"NGS_Nanog_WT_Rep1","Read_709",0.455978541199916,"Subpopulation_1"
"NGS_Nanog_WT_Rep1","Read_710",0.458976945272128,"Subpopulation_1"
"NGS_Nanog_WT_Rep1","Read_711",0.464046487370805,"Subpopulation_1"
"NGS_Nanog_WT_Rep1","Read_712",0.452813939582087,"Subpopulation_1"
"NGS_Nanog_WT_Rep1","Read_713",0.452181196498583,"Subpopulation_1"
"NGS_Nanog_WT_Rep1","Read_714",0.45681354691398,"Subpopulation_1"
"NGS_Nanog_WT_Rep1","Read_715",0.455381171819902,"Subpopulation_1"
"NGS_Nanog_WT_Rep1","Read_716",0.444897087490929,"Subpopulation_1"
"NGS_Nanog_WT_Rep1","Read_717",0.462836171113698,"Subpopulation_1"
"NGS_Nanog_WT_Rep1","Read_718",0.460189936815027,"Subpopulation_1"
"NGS_Nanog_WT_Rep1","Read_719",0.446031500498482,"Subpopulation_1"
"NGS_Nanog_WT_Rep1","Read_720",0.459443092874801,"Subpopulation_1"
"NGS_Nanog_WT_Rep1","Read_721",0.462460552881084,"Subpopulation_1"
"NGS_Nanog_WT_Rep1","Read_722",0.460496700910775,"Subpopulation_1"
"NGS_Nanog_WT_Rep1","Read_723",0.450880324446029,"Subpopulation_1"
"NGS_Nanog_WT_Rep1","Read_724",0.459517859943519,"Subpopulation_1"
"NGS_Nanog_WT_Rep1","Read_725",0.466993656020921,"Subpopulation_1"
"NGS_Nanog_WT_Rep1","Read_726",0.457273421959436,"Subpopulation_1"
"NGS_Nanog_WT_Rep1","Read_727",0.459670273281932,"Subpopulation_1"
"NGS_Nanog_WT_Rep1","Read_728",0.466659468604763,"Subpopulation_1"
"NGS_Nanog_WT_Rep1","Read_729",0.460340481045227,"Subpopulation_1"
"NGS_Nanog_WT_Rep1","Read_730",0.453777219584449,"Subpopulation_1"
"NGS_Nanog_WT_Rep1","Read_731",0.449367099278974,"Subpopulation_1"
"NGS_Nanog_WT_Rep1","Read_732",0.46158568800374,"Subpopulation_1"
"NGS_Nanog_WT_Rep1","Read_733",0.463827194150083,"Subpopulation_1"
"NGS_Nanog_WT_Rep1","Read_734",0.45106267232629,"Subpopulation_1"
"NGS_Nanog_WT_Rep1","Read_735",0.452400610024437,"Subpopulation_1"
"NGS_Nanog_WT_Rep1","Read_736",0.458364988562078,"Subpopulation_1"
"NGS_Nanog_WT_Rep1","Read_737",0.454128019408059,"Subpopulation_1"
"NGS_Nanog_WT_Rep1","Read_738",0.459123627336532,"Subpopulation_1"
"NGS_Nanog_WT_Rep1","Read_739",0.45936779880825,"Subpopulation_1"
"NGS_Nanog_WT_Rep1","Read_740",0.457799473155,"Subpopulation_1"
"NGS_Nanog_WT_Rep1","Read_741",0.465889431813858,"Subpopulation_1"
"NGS_Nanog_WT_Rep1","Read_742",0.457606167224919,"Subpopulation_1"
"NGS_Nanog_WT_Rep1","Read_743",0.463455162481874,"Subpopulation_1"
"NGS_Nanog_WT_Rep1","Read_744",0.459795394485143,"Subpopulation_1"
"NGS_Nanog_WT_Rep1","Read_745",0.456778770466807,"Subpopulation_1"
"NGS_Nanog_WT_Rep1","Read_746",0.451801004553411,"Subpopulation_1"
"NGS_Nanog_WT_Rep1","Read_747",0.458116758082391,"Subpopulation_1"
"NGS_Nanog_WT_Rep1","Read_748",0.455788225634101,"Subpopulation_1"
"NGS_Nanog_WT_Rep1","Read_749",0.455637174879251,"Subpopulation_1"
"NGS_Nanog_WT_Rep1","Read_750",0.45362110547463,"Subpopulation_1"
"NGS_Nanog_WT_Rep1","Read_751",0.452470301688521,"Subpopulation_1"
"NGS_Nanog_WT_Rep1","Read_752",0.45200831255812,"Subpopulation_1"
"NGS_Nanog_WT_Rep1","Read_753",0.464768701816027,"Subpopulation_1"
"NGS_Nanog_WT_Rep1","Read_754",0.449646212541131,"Subpopulation_1"
"NGS_Nanog_WT_Rep1","Read_755",0.455976466076347,"Subpopulation_1"
"NGS_Nanog_WT_Rep1","Read_756",0.458254078695255,"Subpopulation_1"
"NGS_Nanog_WT_Rep1","Read_757",0.450439125304572,"Subpopulation_1"
"NGS_Nanog_WT_Rep1","Read_758",0.463179384423308,"Subpopulation_1"
"NGS_Nanog_WT_Rep1","Read_759",0.445870835176651,"Subpopulation_1"
"NGS_Nanog_WT_Rep1","Read_760",0.457209166751706,"Subpopulation_1"
"NGS_Nanog_WT_Rep1","Read_761",0.460827656266772,"Subpopulation_1"
"NGS_Nanog_WT_Rep1","Read_762",0.459081903181195,"Subpopulation_1"
"NGS_Nanog_WT_Rep1","Read_763",0.461805841243102,"Subpopulation_1"
"NGS_Nanog_WT_Rep1","Read_764",0.450892091059942,"Subpopulation_1"
"NGS_Nanog_WT_Rep1","Read_765",0.457978757259488,"Subpopulation_1"
"NGS_Nanog_WT_Rep1","Read_766",0.458500781647646,"Subpopulation_1"
"NGS_Nanog_WT_Rep1","Read_767",0.447480682575538,"Subpopulation_1"
"NGS_Nanog_WT_Rep1","Read_768",0.453242678508338,"Subpopulation_1"
"NGS_Nanog_WT_Rep1","Read_769",0.447117145357121,"Subpopulation_1"
"NGS_Nanog_WT_Rep1","Read_770",0.457482214850713,"Subpopulation_1"
"NGS_Nanog_WT_Rep1","Read_771",0.459257947507751,"Subpopulation_1"
"NGS_Nanog_WT_Rep1","Read_772",0.459362789385552,"Subpopulation_1"
"NGS_Nanog_WT_Rep1","Read_773",0.454264595731419,"Subpopulation_1"
"NGS_Nanog_WT_Rep1","Read_774",0.467046174412377,"Subpopulation_1"
"NGS_Nanog_WT_Rep1","Read_775",0.452040304929834,"Subpopulation_1"
"NGS_Nanog_WT_Rep1","Read_776",0.462165423337966,"Subpopulation_1"
"NGS_Nanog_WT_Rep1","Read_777",0.453161941994374,"Subpopulation_1"
"NGS_Nanog_WT_Rep1","Read_778",0.459988022908914,"Subpopulation_1"
"NGS_Nanog_WT_Rep1","Read_779",0.457171269298186,"Subpopulation_1"
"NGS_Nanog_WT_Rep1","Read_780",0.458768083690078,"Subpopulation_1"
"NGS_Nanog_WT_Rep1","Read_781",0.455084725731847,"Subpopulation_1"
"NGS_Nanog_WT_Rep1","Read_782",0.45374422637713,"Subpopulation_1"
"NGS_Nanog_WT_Rep1","Read_783",0.46183249945636,"Subpopulation_1"
"NGS_Nanog_WT_Rep1","Read_784",0.452923377655913,"Subpopulation_1"
"NGS_Nanog_WT_Rep1","Read_785",0.463273871549262,"Subpopulation_1"
"NGS_Nanog_WT_Rep1","Read_786",0.473836900782501,"Subpopulation_1"
"NGS_Nanog_WT_Rep1","Read_787",0.448675847328115,"Subpopulation_1"
"NGS_Nanog_WT_Rep1","Read_788",0.466026953158773,"Subpopulation_1"
"NGS_Nanog_WT_Rep1","Read_789",0.461384595116157,"Subpopulation_1"
"NGS_Nanog_WT_Rep1","Read_790",0.450307088219863,"Subpopulation_1"
"NGS_Nanog_WT_Rep1","Read_791",0.459229345463952,"Subpopulation_1"
"NGS_Nanog_WT_Rep1","Read_792",0.454737862590324,"Subpopulation_1"
"NGS_Nanog_WT_Rep1","Read_793",0.458782430321999,"Subpopulation_1"
"NGS_Nanog_WT_Rep1","Read_794",0.455714423370518,"Subpopulation_1"
"NGS_Nanog_WT_Rep1","Read_795",0.45070922932252,"Subpopulation_1"
"NGS_Nanog_WT_Rep1","Read_796",0.459150272511581,"Subpopulation_1"
"NGS_Nanog_WT_Rep1","Read_797",0.454119479657925,"Subpopulation_1"
"NGS_Nanog_WT_Rep1","Read_798",0.458201214975867,"Subpopulation_1"
"NGS_Nanog_WT_Rep1","Read_799",0.447787283120324,"Subpopulation_1"
"NGS_Nanog_WT_Rep1","Read_800",0.453540544082295,"Subpopulation_1"
"NGS_Nanog_WT_Rep1","Read_801",0.449437739161305,"Subpopulation_1"
"NGS_Nanog_WT_Rep1","Read_802",0.455897275934109,"Subpopulation_1"
"NGS_Nanog_WT_Rep1","Read_803",0.469190192639963,"Subpopulation_1"
"NGS_Nanog_WT_Rep1","Read_804",0.4471643609561,"Subpopulation_1"
"NGS_Nanog_WT_Rep1","Read_805",0.464147597881638,"Subpopulation_1"
"NGS_Nanog_WT_Rep1","Read_806",0.453904561890248,"Subpopulation_1"
"NGS_Nanog_WT_Rep1","Read_807",0.443230316690703,"Subpopulation_1"
"NGS_Nanog_WT_Rep1","Read_808",0.452387231719309,"Subpopulation_1"
"NGS_Nanog_WT_Rep1","Read_809",0.454126716092631,"Subpopulation_1"
"NGS_Nanog_WT_Rep1","Read_810",0.451785889335799,"Subpopulation_1"
"NGS_Nanog_WT_Rep1","Read_811",0.468379049427244,"Subpopulation_1"
"NGS_Nanog_WT_Rep1","Read_812",0.457582878643294,"Subpopulation_1"
"NGS_Nanog_WT_Rep1","Read_813",0.460083615149141,"Subpopulation_1"
"NGS_Nanog_WT_Rep1","Read_814",0.4499910268862,"Subpopulation_1"
"NGS_Nanog_WT_Rep1","Read_815",0.462535682639524,"Subpopulation_1"
"NGS_Nanog_WT_Rep1","Read_816",0.458022651974512,"Subpopulation_1"
"NGS_Nanog_WT_Rep1","Read_817",0.456293836845713,"Subpopulation_1"
"NGS_Nanog_WT_Rep1","Read_818",0.460727953134009,"Subpopulation_1"
"NGS_Nanog_WT_Rep1","Read_819",0.44709425805997,"Subpopulation_1"
"NGS_Nanog_WT_Rep1","Read_820",0.443129637927056,"Subpopulation_1"
"NGS_Nanog_WT_Rep1","Read_821",0.461015974462766,"Subpopulation_1"
"NGS_Nanog_WT_Rep1","Read_822",0.46083722828809,"Subpopulation_1"
"NGS_Nanog_WT_Rep1","Read_823",0.452985758495143,"Subpopulation_1"
"NGS_Nanog_WT_Rep1","Read_824",0.456520197327616,"Subpopulation_1"
"NGS_Nanog_WT_Rep1","Read_825",0.457660821593761,"Subpopulation_1"
"NGS_Nanog_WT_Rep1","Read_826",0.458153507430832,"Subpopulation_1"
"NGS_Nanog_WT_Rep1","Read_827",0.453054671658009,"Subpopulation_1"
"NGS_Nanog_WT_Rep1","Read_828",0.46548181063588,"Subpopulation_1"
"NGS_Nanog_WT_Rep1","Read_829",0.457006793140723,"Subpopulation_1"
"NGS_Nanog_WT_Rep1","Read_830",0.460122418190613,"Subpopulation_1"
"NGS_Nanog_WT_Rep1","Read_831",0.446625151912409,"Subpopulation_1"
"NGS_Nanog_WT_Rep1","Read_832",0.461522253806901,"Subpopulation_1"
"NGS_Nanog_WT_Rep1","Read_833",0.465782486306949,"Subpopulation_1"
"NGS_Nanog_WT_Rep1","Read_834",0.469652805165847,"Subpopulation_1"
"NGS_Nanog_WT_Rep1","Read_835",0.461163599532093,"Subpopulation_1"
"NGS_Nanog_WT_Rep1","Read_836",0.448722200763239,"Subpopulation_1"
"NGS_Nanog_WT_Rep1","Read_837",0.461143840573044,"Subpopulation_1"
"NGS_Nanog_WT_Rep1","Read_838",0.455172779363383,"Subpopulation_1"
"NGS_Nanog_WT_Rep1","Read_839",0.454934300661271,"Subpopulation_1"
"NGS_Nanog_WT_Rep1","Read_840",0.465980228292429,"Subpopulation_1"
"NGS_Nanog_WT_Rep1","Read_841",0.444634506066256,"Subpopulation_1"
"NGS_Nanog_WT_Rep1","Read_842",0.445102980009833,"Subpopulation_1"
"NGS_Nanog_WT_Rep1","Read_843",0.45865550940211,"Subpopulation_1"
"NGS_Nanog_WT_Rep1","Read_844",0.457712557483004,"Subpopulation_1"
"NGS_Nanog_WT_Rep1","Read_845",0.460392762652068,"Subpopulation_1"
"NGS_Nanog_WT_Rep1","Read_846",0.450031306079631,"Subpopulation_1"
"NGS_Nanog_WT_Rep1","Read_847",0.458601559457694,"Subpopulation_1"
"NGS_Nanog_WT_Rep1","Read_848",0.454768829810851,"Subpopulation_1"
"NGS_Nanog_WT_Rep1","Read_849",0.448994624793476,"Subpopulation_1"
"NGS_Nanog_WT_Rep1","Read_850",0.450062580001612,"Subpopulation_1"
"NGS_Nanog_WT_Rep1","Read_851",0.450732750177708,"Subpopulation_1"
"NGS_Nanog_WT_Rep1","Read_852",0.45612273456078,"Subpopulation_1"
"NGS_Nanog_WT_Rep1","Read_853",0.460072658796711,"Subpopulation_1"
"NGS_Nanog_WT_Rep1","Read_854",0.449938181792461,"Subpopulation_1"
"NGS_Nanog_WT_Rep1","Read_855",0.460585082323232,"Subpopulation_1"
"NGS_Nanog_WT_Rep1","Read_856",0.45672473737119,"Subpopulation_1"
"NGS_Nanog_WT_Rep1","Read_857",0.441548213026835,"Subpopulation_1"
"NGS_Nanog_WT_Rep1","Read_858",0.47388528928059,"Subpopulation_1"
"NGS_Nanog_WT_Rep1","Read_859",0.4643448089276,"Subpopulation_1"
"NGS_Nanog_WT_Rep1","Read_860",0.464539732120971,"Subpopulation_1"
"NGS_Nanog_WT_Rep1","Read_861",0.458073438884083,"Subpopulation_1"
"NGS_Nanog_WT_Rep1","Read_862",0.468553780633604,"Subpopulation_1"
"NGS_Nanog_WT_Rep1","Read_863",0.449312044328173,"Subpopulation_1"
"NGS_Nanog_WT_Rep1","Read_864",0.454632678352455,"Subpopulation_1"
"NGS_Nanog_WT_Rep1","Read_865",0.472111072270705,"Subpopulation_1"
"NGS_Nanog_WT_Rep1","Read_866",0.471955426040693,"Subpopulation_1"
"NGS_Nanog_WT_Rep1","Read_867",0.463599970457547,"Subpopulation_1"
"NGS_Nanog_WT_Rep1","Read_868",0.454765221013727,"Subpopulation_1"
"NGS_Nanog_WT_Rep1","Read_869",0.453786206214641,"Subpopulation_1"
"NGS_Nanog_WT_Rep1","Read_870",0.457892068844261,"Subpopulation_1"
"NGS_Nanog_WT_Rep1","Read_871",0.456739419839587,"Subpopulation_1"
"NGS_Nanog_WT_Rep1","Read_872",0.454114808130408,"Subpopulation_1"
"NGS_Nanog_WT_Rep1","Read_873",0.443259815025572,"Subpopulation_1"
"NGS_Nanog_WT_Rep1","Read_874",0.4505776062751,"Subpopulation_1"
"NGS_Nanog_WT_Rep1","Read_875",0.464525180329886,"Subpopulation_1"
"NGS_Nanog_WT_Rep1","Read_876",0.455376980996392,"Subpopulation_1"
"NGS_Nanog_WT_Rep1","Read_877",0.457948479692282,"Subpopulation_1"
"NGS_Nanog_WT_Rep1","Read_878",0.453523787542958,"Subpopulation_1"
"NGS_Nanog_WT_Rep1","Read_879",0.456868146619196,"Subpopulation_1"
"NGS_Nanog_WT_Rep1","Read_880",0.456960446202244,"Subpopulation_1"
"NGS_Nanog_WT_Rep1","Read_881",0.450367771844696,"Subpopulation_1"
"NGS_Nanog_WT_Rep1","Read_882",0.456925480212146,"Subpopulation_1"
"NGS_Nanog_WT_Rep1","Read_883",0.456108345324498,"Subpopulation_1"
"NGS_Nanog_WT_Rep1","Read_884",0.46283697789603,"Subpopulation_1"
"NGS_Nanog_WT_Rep1","Read_885",0.454336639774214,"Subpopulation_1"
"NGS_Nanog_WT_Rep1","Read_886",0.464904631862317,"Subpopulation_1"
"NGS_Nanog_WT_Rep1","Read_887",0.449340543062149,"Subpopulation_1"
"NGS_Nanog_WT_Rep1","Read_888",0.450434084810106,"Subpopulation_1"
"NGS_Nanog_WT_Rep1","Read_889",0.457748602581861,"Subpopulation_1"
"NGS_Nanog_WT_Rep1","Read_890",0.465921782788582,"Subpopulation_1"
"NGS_Nanog_WT_Rep1","Read_891",0.463042776887639,"Subpopulation_1"
"NGS_Nanog_WT_Rep1","Read_892",0.45571939482076,"Subpopulation_1"
"NGS_Nanog_WT_Rep1","Read_893",0.450458495389495,"Subpopulation_1"
"NGS_Nanog_WT_Rep1","Read_894",0.457316576133417,"Subpopulation_1"
"NGS_Nanog_WT_Rep1","Read_895",0.458799000302901,"Subpopulation_1"
"NGS_Nanog_WT_Rep1","Read_896",0.458558254496785,"Subpopulation_1"
"NGS_Nanog_WT_Rep1","Read_897",0.4504995311698,"Subpopulation_1"
"NGS_Nanog_WT_Rep1","Read_898",0.455765287976725,"Subpopulation_1"
"NGS_Nanog_WT_Rep1","Read_899",0.448421149448137,"Subpopulation_1"
"NGS_Nanog_WT_Rep1","Read_900",0.459617961431123,"Subpopulation_1"
"NGS_Nanog_WT_Rep1","Read_901",0.451435130111293,"Subpopulation_1"
"NGS_Nanog_WT_Rep1","Read_902",0.45785937131654,"Subpopulation_1"
"NGS_Nanog_WT_Rep1","Read_903",0.460550921894979,"Subpopulation_1"
"NGS_Nanog_WT_Rep1","Read_904",0.450607973203206,"Subpopulation_1"
"NGS_Nanog_WT_Rep1","Read_905",0.455043663203266,"Subpopulation_1"
"NGS_Nanog_WT_Rep1","Read_906",0.449537652076623,"Subpopulation_1"
"NGS_Nanog_WT_Rep1","Read_907",0.456930581712065,"Subpopulation_1"
"NGS_Nanog_WT_Rep1","Read_908",0.455291779194056,"Subpopulation_1"
"NGS_Nanog_WT_Rep1","Read_909",0.458971742218607,"Subpopulation_1"
"NGS_Nanog_WT_Rep1","Read_910",0.458752816560747,"Subpopulation_1"
"NGS_Nanog_WT_Rep1","Read_911",0.462628471992383,"Subpopulation_1"
"NGS_Nanog_WT_Rep1","Read_912",0.458538114304463,"Subpopulation_1"
"NGS_Nanog_WT_Rep1","Read_913",0.450916120651778,"Subpopulation_1"
"NGS_Nanog_WT_Rep1","Read_914",0.449344241430334,"Subpopulation_1"
"NGS_Nanog_WT_Rep1","Read_915",0.453150797731695,"Subpopulation_1"
"NGS_Nanog_WT_Rep1","Read_916",0.456097305335341,"Subpopulation_1"
"NGS_Nanog_WT_Rep1","Read_917",0.456647744067994,"Subpopulation_1"
"NGS_Nanog_WT_Rep1","Read_918",0.458863389650298,"Subpopulation_1"
"NGS_Nanog_WT_Rep1","Read_919",0.456210413837476,"Subpopulation_1"
"NGS_Nanog_WT_Rep1","Read_920",0.454300850883297,"Subpopulation_1"
"NGS_Nanog_WT_Rep1","Read_921",0.452660150819782,"Subpopulation_1"
"NGS_Nanog_WT_Rep1","Read_922",0.456325122820628,"Subpopulation_1"
"NGS_Nanog_WT_Rep1","Read_923",0.459675163072786,"Subpopulation_1"
"NGS_Nanog_WT_Rep1","Read_924",0.457359440419118,"Subpopulation_1"
"NGS_Nanog_WT_Rep1","Read_925",0.455393378249325,"Subpopulation_1"
"NGS_Nanog_WT_Rep1","Read_926",0.453400824380961,"Subpopulation_1"
"NGS_Nanog_WT_Rep1","Read_927",0.458921058982891,"Subpopulation_1"
"NGS_Nanog_WT_Rep1","Read_928",0.445024973186516,"Subpopulation_1"
"NGS_Nanog_WT_Rep1","Read_929",0.456253049715569,"Subpopulation_1"
"NGS_Nanog_WT_Rep1","Read_930",0.458995917228878,"Subpopulation_1"
"NGS_Nanog_WT_Rep1","Read_931",0.451724164508963,"Subpopulation_1"
"NGS_Nanog_WT_Rep1","Read_932",0.46604689418787,"Subpopulation_1"
"NGS_Nanog_WT_Rep1","Read_933",0.451240231013212,"Subpopulation_1"
"NGS_Nanog_WT_Rep1","Read_934",0.456828735178537,"Subpopulation_1"
"NGS_Nanog_WT_Rep1","Read_935",0.465874093091638,"Subpopulation_1"
"NGS_Nanog_WT_Rep1","Read_936",0.453776140474171,"Subpopulation_1"
"NGS_Nanog_WT_Rep1","Read_937",0.453485078978455,"Subpopulation_1"
"NGS_Nanog_WT_Rep1","Read_938",0.45240786052236,"Subpopulation_1"
"NGS_Nanog_WT_Rep1","Read_939",0.459777566064795,"Subpopulation_1"
"NGS_Nanog_WT_Rep1","Read_940",0.45429500274958,"Subpopulation_1"
"NGS_Nanog_WT_Rep1","Read_941",0.455345651492426,"Subpopulation_1"
"NGS_Nanog_WT_Rep1","Read_942",0.449483254834655,"Subpopulation_1"
"NGS_Nanog_WT_Rep1","Read_943",0.460506840801512,"Subpopulation_1"
"NGS_Nanog_WT_Rep1","Read_944",0.452157011504534,"Subpopulation_1"
"NGS_Nanog_WT_Rep1","Read_945",0.458243655840974,"Subpopulation_1"
"NGS_Nanog_WT_Rep1","Read_946",0.447727480672002,"Subpopulation_1"
"NGS_Nanog_WT_Rep1","Read_947",0.464570771905581,"Subpopulation_1"
"NGS_Nanog_WT_Rep1","Read_948",0.451666055013394,"Subpopulation_1"
"NGS_Nanog_WT_Rep1","Read_949",0.465288532499083,"Subpopulation_1"
"NGS_Nanog_WT_Rep1","Read_950",0.457177575732157,"Subpopulation_1"
"NGS_Nanog_WT_Rep1","Read_951",0.456749329670061,"Subpopulation_1"
"NGS_Nanog_WT_Rep1","Read_952",0.452620315874678,"Subpopulation_1"
"NGS_Nanog_WT_Rep1","Read_953",0.453470269986796,"Subpopulation_1"
"NGS_Nanog_WT_Rep1","Read_954",0.46362149563041,"Subpopulation_1"
"NGS_Nanog_WT_Rep1","Read_955",0.453462030227032,"Subpopulation_1"
"NGS_Nanog_WT_Rep1","Read_956",0.459008257963045,"Subpopulation_1"
"NGS_Nanog_WT_Rep1","Read_957",0.454822997529135,"Subpopulation_1"
"NGS_Nanog_WT_Rep1","Read_958",0.459383137090221,"Subpopulation_1"
"NGS_Nanog_WT_Rep1","Read_959",0.450397538193794,"Subpopulation_1"
"NGS_Nanog_WT_Rep1","Read_960",0.464399379278549,"Subpopulation_1"
"NGS_Nanog_WT_Rep1","Read_961",0.445240262202341,"Subpopulation_1"
"NGS_Nanog_WT_Rep1","Read_962",0.456340926897004,"Subpopulation_1"
"NGS_Nanog_WT_Rep1","Read_963",0.454980168304855,"Subpopulation_1"
"NGS_Nanog_WT_Rep1","Read_964",0.464622081870925,"Subpopulation_1"
"NGS_Nanog_WT_Rep1","Read_965",0.466053941878139,"Subpopulation_1"
"NGS_Nanog_WT_Rep1","Read_966",0.452520406718852,"Subpopulation_1"
"NGS_Nanog_WT_Rep1","Read_967",0.456892523822553,"Subpopulation_1"
"NGS_Nanog_WT_Rep1","Read_968",0.465179129117694,"Subpopulation_1"
"NGS_Nanog_WT_Rep1","Read_969",0.454224371993382,"Subpopulation_1"
"NGS_Nanog_WT_Rep1","Read_970",0.457473004997866,"Subpopulation_1"
"NGS_Nanog_WT_Rep1","Read_971",0.459044126914618,"Subpopulation_1"
"NGS_Nanog_WT_Rep1","Read_972",0.468470223983202,"Subpopulation_1"
"NGS_Nanog_WT_Rep1","Read_973",0.440229569505458,"Subpopulation_1"
"NGS_Nanog_WT_Rep1","Read_974",0.453423412119622,"Subpopulation_1"
"NGS_Nanog_WT_Rep1","Read_975",0.445225808249434,"Subpopulation_1"
"NGS_Nanog_WT_Rep1","Read_976",0.457899071367886,"Subpopulation_1"
"NGS_Nanog_WT_Rep1","Read_977",0.456144121940355,"Subpopulation_1"
"NGS_Nanog_WT_Rep1","Read_978",0.448612978486719,"Subpopulation_1"
"NGS_Nanog_WT_Rep1","Read_979",0.458040408060055,"Subpopulation_1"
"NGS_Nanog_WT_Rep1","Read_980",0.46250317201647,"Subpopulation_1"
"NGS_Nanog_WT_Rep1","Read_981",0.45761551663899,"Subpopulation_1"
"NGS_Nanog_WT_Rep1","Read_982",0.454097168571439,"Subpopulation_1"
"NGS_Nanog_WT_Rep1","Read_983",0.452758658413113,"Subpopulation_1"
"NGS_Nanog_WT_Rep1","Read_984",0.45724363005874,"Subpopulation_1"
"NGS_Nanog_WT_Rep1","Read_985",0.454261326126257,"Subpopulation_1"
"NGS_Nanog_WT_Rep1","Read_986",0.454819235371076,"Subpopulation_1"
"NGS_Nanog_WT_Rep1","Read_987",0.450632949534774,"Subpopulation_1"
"NGS_Nanog_WT_Rep1","Read_988",0.460423521010594,"Subpopulation_1"
"NGS_Nanog_WT_Rep1","Read_989",0.455062678451355,"Subpopulation_1"
"NGS_Nanog_WT_Rep1","Read_990",0.464166915603327,"Subpopulation_1"
"NGS_Nanog_WT_Rep1","Read_991",0.457163769054699,"Subpopulation_1"
"NGS_Nanog_WT_Rep1","Read_992",0.46153175662078,"Subpopulation_1"
"NGS_Nanog_WT_Rep1","Read_993",0.451809842825317,"Subpopulation_1"
"NGS_Nanog_WT_Rep1","Read_994",0.454984226979189,"Subpopulation_1"
"NGS_Nanog_WT_Rep1","Read_995",0.458710174728668,"Subpopulation_1"
"NGS_Nanog_WT_Rep1","Read_996",0.453397201389279,"Subpopulation_1"
"NGS_Nanog_WT_Rep1","Read_997",0.457333558738582,"Subpopulation_1"
"NGS_Nanog_WT_Rep1","Read_998",0.460906197758862,"Subpopulation_1"
"NGS_Nanog_WT_Rep1","Read_999",0.456658613902606,"Subpopulation_1"
"NGS_Nanog_WT_Rep1","Read_1000",0.451021800100401,"Subpopulation_1"
"NGS_Nanog_WT_Rep1","Read_1001",0.458194553368617,"Subpopulation_1"
"NGS_Nanog_WT_Rep1","Read_1002",0.454539063093692,"Subpopulation_1"
"NGS_Nanog_WT_Rep1","Read_1003",0.460540420815749,"Subpopulation_1"
"NGS_Nanog_WT_Rep1","Read_1004",0.458897818676318,"Subpopulation_1"
"NGS_Nanog_WT_Rep1","Read_1005",0.458807079848413,"Subpopulation_1"
"NGS_Nanog_WT_Rep1","Read_1006",0.464347783296069,"Subpopulation_1"
"NGS_Nanog_WT_Rep1","Read_1007",0.452388638678919,"Subpopulation_1"
"NGS_Nanog_WT_Rep1","Read_1008",0.460033989812136,"Subpopulation_1"
"NGS_Nanog_WT_Rep1","Read_1009",0.45405719060078,"Subpopulation_1"
"NGS_Nanog_WT_Rep1","Read_1010",0.460189661792667,"Subpopulation_1"
"NGS_Nanog_WT_Rep1","Read_1011",0.459132870549471,"Subpopulation_1"
"NGS_Nanog_WT_Rep1","Read_1012",0.451474925569878,"Subpopulation_1"
"NGS_Nanog_WT_Rep1","Read_1013",0.449312688583777,"Subpopulation_1"
"NGS_Nanog_WT_Rep1","Read_1014",0.451358386409504,"Subpopulation_1"
"NGS_Nanog_WT_Rep1","Read_1015",0.471898908509407,"Subpopulation_1"
"NGS_Nanog_WT_Rep1","Read_1016",0.447819681629563,"Subpopulation_1"
"NGS_Nanog_WT_Rep1","Read_1017",0.457913028853119,"Subpopulation_1"
"NGS_Nanog_WT_Rep1","Read_1018",0.454880017673173,"Subpopulation_1"
"NGS_Nanog_WT_Rep1","Read_1019",0.458708469954676,"Subpopulation_1"
"NGS_Nanog_WT_Rep1","Read_1020",0.457539409114495,"Subpopulation_1"
"NGS_Nanog_WT_Rep1","Read_1021",0.463337221208912,"Subpopulation_1"
"NGS_Nanog_WT_Rep1","Read_1022",0.461884891841142,"Subpopulation_1"
"NGS_Nanog_WT_Rep1","Read_1023",0.460228571993274,"Subpopulation_1"
"NGS_Nanog_WT_Rep1","Read_1024",0.452385087063332,"Subpopulation_1"
"NGS_Nanog_WT_Rep1","Read_1025",0.457780002157977,"Subpopulation_1"
"NGS_Nanog_WT_Rep1","Read_1026",0.458265728927971,"Subpopulation_1"
"NGS_Nanog_WT_Rep1","Read_1027",0.462003389485328,"Subpopulation_1"
"NGS_Nanog_WT_Rep1","Read_1028",0.461358496223456,"Subpopulation_1"
"NGS_Nanog_WT_Rep1","Read_1029",0.453527327524067,"Subpopulation_1"
"NGS_Nanog_WT_Rep1","Read_1030",0.457695460713824,"Subpopulation_1"
"NGS_Nanog_WT_Rep1","Read_1031",0.457010311742495,"Subpopulation_1"
"NGS_Nanog_WT_Rep1","Read_1032",0.456282539618724,"Subpopulation_1"
"NGS_Nanog_WT_Rep1","Read_1033",0.454753172942268,"Subpopulation_1"
"NGS_Nanog_WT_Rep1","Read_1034",0.469905275872994,"Subpopulation_1"
"NGS_Nanog_WT_Rep1","Read_1035",0.45103622055756,"Subpopulation_1"
"NGS_Nanog_WT_Rep1","Read_1036",0.456700860608249,"Subpopulation_1"
"NGS_Nanog_WT_Rep1","Read_1037",0.454403638920067,"Subpopulation_1"
"NGS_Nanog_WT_Rep1","Read_1038",0.452246267470123,"Subpopulation_1"
"NGS_Nanog_WT_Rep1","Read_1039",0.448457784825943,"Subpopulation_1"
"NGS_Nanog_WT_Rep1","Read_1040",0.456252357885239,"Subpopulation_1"
"NGS_Nanog_WT_Rep1","Read_1041",0.448453000972749,"Subpopulation_1"
"NGS_Nanog_WT_Rep1","Read_1042",0.463112392753704,"Subpopulation_1"
"NGS_Nanog_WT_Rep1","Read_1043",0.456432093126213,"Subpopulation_1"
"NGS_Nanog_WT_Rep1","Read_1044",0.458164852723836,"Subpopulation_1"
"NGS_Nanog_WT_Rep1","Read_1045",0.450470221452708,"Subpopulation_1"
"NGS_Nanog_WT_Rep1","Read_1046",0.440667872566455,"Subpopulation_1"
"NGS_Nanog_WT_Rep1","Read_1047",0.455802591862562,"Subpopulation_1"
"NGS_Nanog_WT_Rep1","Read_1048",0.46188229104443,"Subpopulation_1"
"NGS_Nanog_WT_Rep1","Read_1049",0.458514594426815,"Subpopulation_1"
"NGS_Nanog_WT_Rep1","Read_1050",0.46193038005197,"Subpopulation_1"
"NGS_Nanog_WT_Rep1","Read_1051",0.450644249659704,"Subpopulation_1"
"NGS_Nanog_WT_Rep1","Read_1052",0.445927286329817,"Subpopulation_1"
"NGS_Nanog_WT_Rep1","Read_1053",0.453948471081664,"Subpopulation_1"
"NGS_Nanog_WT_Rep1","Read_1054",0.45178590853465,"Subpopulation_1"
"NGS_Nanog_WT_Rep1","Read_1055",0.455436123309387,"Subpopulation_1"
"NGS_Nanog_WT_Rep1","Read_1056",0.4520017386035,"Subpopulation_1"
"NGS_Nanog_WT_Rep1","Read_1057",0.46665362254186,"Subpopulation_1"
"NGS_Nanog_WT_Rep1","Read_1058",0.463693016088222,"Subpopulation_1"
"NGS_Nanog_WT_Rep1","Read_1059",0.452426945526253,"Subpopulation_1"
"NGS_Nanog_WT_Rep1","Read_1060",0.458786600299877,"Subpopulation_1"
"NGS_Nanog_WT_Rep1","Read_1061",0.455308901237208,"Subpopulation_1"
"NGS_Nanog_WT_Rep1","Read_1062",0.458801440212565,"Subpopulation_1"
"NGS_Nanog_WT_Rep1","Read_1063",0.454071967746957,"Subpopulation_1"
"NGS_Nanog_WT_Rep1","Read_1064",0.456661411585515,"Subpopulation_1"
"NGS_Nanog_WT_Rep1","Read_1065",0.458814056856485,"Subpopulation_1"
"NGS_Nanog_WT_Rep1","Read_1066",0.452462065215175,"Subpopulation_1"
"NGS_Nanog_WT_Rep1","Read_1067",0.449685340464707,"Subpopulation_1"
"NGS_Nanog_WT_Rep1","Read_1068",0.458485812136661,"Subpopulation_1"
"NGS_Nanog_WT_Rep1","Read_1069",0.455245779022888,"Subpopulation_1"
"NGS_Nanog_WT_Rep1","Read_1070",0.454815890601382,"Subpopulation_1"
"NGS_Nanog_WT_Rep1","Read_1071",0.46204488228987,"Subpopulation_1"
"NGS_Nanog_WT_Rep1","Read_1072",0.452154990160592,"Subpopulation_1"
"NGS_Nanog_WT_Rep1","Read_1073",0.445076629216278,"Subpopulation_1"
"NGS_Nanog_WT_Rep1","Read_1074",0.456213054585208,"Subpopulation_1"
"NGS_Nanog_WT_Rep1","Read_1075",0.452421922728628,"Subpopulation_1"
"NGS_Nanog_WT_Rep1","Read_1076",0.452181024279414,"Subpopulation_1"
"NGS_Nanog_WT_Rep1","Read_1077",0.468208734404273,"Subpopulation_1"
"NGS_Nanog_WT_Rep1","Read_1078",0.450222685437245,"Subpopulation_1"
"NGS_Nanog_WT_Rep1","Read_1079",0.45551745379958,"Subpopulation_1"
"NGS_Nanog_WT_Rep1","Read_1080",0.465060163363715,"Subpopulation_1"
"NGS_Nanog_WT_Rep1","Read_1081",0.457737896314844,"Subpopulation_1"
"NGS_Nanog_WT_Rep1","Read_1082",0.464083322997028,"Subpopulation_1"
"NGS_Nanog_WT_Rep1","Read_1083",0.45826968915627,"Subpopulation_1"
"NGS_Nanog_WT_Rep1","Read_1084",0.458866913412917,"Subpopulation_1"
"NGS_Nanog_WT_Rep1","Read_1085",0.456342723698284,"Subpopulation_1"
"NGS_Nanog_WT_Rep1","Read_1086",0.465325023776899,"Subpopulation_1"
"NGS_Nanog_WT_Rep1","Read_1087",0.461015529697922,"Subpopulation_1"
"NGS_Nanog_WT_Rep1","Read_1088",0.450856700797226,"Subpopulation_1"
"NGS_Nanog_WT_Rep1","Read_1089",0.466299574949412,"Subpopulation_1"
"NGS_Nanog_WT_Rep1","Read_1090",0.454202667701786,"Subpopulation_1"
"NGS_Nanog_WT_Rep1","Read_1091",0.454320101433333,"Subpopulation_1"
"NGS_Nanog_WT_Rep1","Read_1092",0.453052897159257,"Subpopulation_1"
"NGS_Nanog_WT_Rep1","Read_1093",0.450510748918637,"Subpopulation_1"
"NGS_Nanog_WT_Rep1","Read_1094",0.467835675774794,"Subpopulation_1"
"NGS_Nanog_WT_Rep1","Read_1095",0.456399693634038,"Subpopulation_1"
"NGS_Nanog_WT_Rep1","Read_1096",0.451175617897379,"Subpopulation_1"
"NGS_Nanog_WT_Rep1","Read_1097",0.455939957412967,"Subpopulation_1"
"NGS_Nanog_WT_Rep1","Read_1098",0.457955885118719,"Subpopulation_1"
"NGS_Nanog_WT_Rep1","Read_1099",0.450142021735322,"Subpopulation_1"
"NGS_Nanog_WT_Rep1","Read_1100",0.456508714935861,"Subpopulation_1"
"NGS_Nanog_WT_Rep1","Read_1101",0.442305969805803,"Subpopulation_1"
"NGS_Nanog_WT_Rep1","Read_1102",0.454932387855064,"Subpopulation_1"
"NGS_Nanog_WT_Rep1","Read_1103",0.453861314645802,"Subpopulation_1"
"NGS_Nanog_WT_Rep1","Read_1104",0.468627758793259,"Subpopulation_1"
"NGS_Nanog_WT_Rep1","Read_1105",0.449201657389515,"Subpopulation_1"
"NGS_Nanog_WT_Rep1","Read_1106",0.46192421235373,"Subpopulation_1"
"NGS_Nanog_WT_Rep1","Read_1107",0.458899048527142,"Subpopulation_1"
"NGS_Nanog_WT_Rep1","Read_1108",0.463322731178678,"Subpopulation_1"
"NGS_Nanog_WT_Rep1","Read_1109",0.460471820876823,"Subpopulation_1"
"NGS_Nanog_WT_Rep1","Read_1110",0.451709817000541,"Subpopulation_1"
"NGS_Nanog_WT_Rep1","Read_1111",0.455992902089776,"Subpopulation_1"
"NGS_Nanog_WT_Rep1","Read_1112",0.458984447511084,"Subpopulation_1"
"NGS_Nanog_WT_Rep1","Read_1113",0.446413023375529,"Subpopulation_1"
"NGS_Nanog_WT_Rep1","Read_1114",0.454933528267539,"Subpopulation_1"
"NGS_Nanog_WT_Rep1","Read_1115",0.453374523599764,"Subpopulation_1"
"NGS_Nanog_WT_Rep1","Read_1116",0.457070741842288,"Subpopulation_1"
"NGS_Nanog_WT_Rep1","Read_1117",0.452400565655236,"Subpopulation_1"
"NGS_Nanog_WT_Rep1","Read_1118",0.463800660739443,"Subpopulation_1"
"NGS_Nanog_WT_Rep1","Read_1119",0.449521444060895,"Subpopulation_1"
"NGS_Nanog_WT_Rep1","Read_1120",0.463593323137543,"Subpopulation_1"
"NGS_Nanog_WT_Rep1","Read_1121",0.452195951420558,"Subpopulation_1"
"NGS_Nanog_WT_Rep1","Read_1122",0.457822585989265,"Subpopulation_1"
"NGS_Nanog_WT_Rep1","Read_1123",0.459224043051718,"Subpopulation_1"
"NGS_Nanog_WT_Rep1","Read_1124",0.454599223088276,"Subpopulation_1"
"NGS_Nanog_WT_Rep1","Read_1125",0.45970963589094,"Subpopulation_1"
"NGS_Nanog_WT_Rep1","Read_1126",0.45060845819504,"Subpopulation_1"
"NGS_Nanog_WT_Rep1","Read_1127",0.447186734673315,"Subpopulation_1"
"NGS_Nanog_WT_Rep1","Read_1128",0.463456992265485,"Subpopulation_1"
"NGS_Nanog_WT_Rep1","Read_1129",0.469969154530203,"Subpopulation_1"
"NGS_Nanog_WT_Rep1","Read_1130",0.450511155509267,"Subpopulation_1"
"NGS_Nanog_WT_Rep1","Read_1131",0.452282965689022,"Subpopulation_1"
"NGS_Nanog_WT_Rep1","Read_1132",0.45955031423346,"Subpopulation_1"
"NGS_Nanog_WT_Rep1","Read_1133",0.450343768334008,"Subpopulation_1"
"NGS_Nanog_WT_Rep1","Read_1134",0.462357021116994,"Subpopulation_1"
"NGS_Nanog_WT_Rep1","Read_1135",0.459783109613802,"Subpopulation_1"
"NGS_Nanog_WT_Rep1","Read_1136",0.458215417860901,"Subpopulation_1"
"NGS_Nanog_WT_Rep1","Read_1137",0.44000884237321,"Subpopulation_1"
"NGS_Nanog_WT_Rep1","Read_1138",0.45328720389394,"Subpopulation_1"
"NGS_Nanog_WT_Rep1","Read_1139",0.463287213573933,"Subpopulation_1"
"NGS_Nanog_WT_Rep1","Read_1140",0.464087452677154,"Subpopulation_1"
"NGS_Nanog_WT_Rep1","Read_1141",0.462399166703204,"Subpopulation_1"
"NGS_Nanog_WT_Rep1","Read_1142",0.461369591943485,"Subpopulation_1"
"NGS_Nanog_WT_Rep1","Read_1143",0.470755616775273,"Subpopulation_1"
"NGS_Nanog_WT_Rep1","Read_1144",0.447755066597587,"Subpopulation_1"
"NGS_Nanog_WT_Rep1","Read_1145",0.453177466024849,"Subpopulation_1"
"NGS_Nanog_WT_Rep1","Read_1146",0.462206345678261,"Subpopulation_1"
"NGS_Nanog_WT_Rep1","Read_1147",0.461799823492473,"Subpopulation_1"
"NGS_Nanog_WT_Rep1","Read_1148",0.452148864969969,"Subpopulation_1"
"NGS_Nanog_WT_Rep1","Read_1149",0.45888371873534,"Subpopulation_1"
"NGS_Nanog_WT_Rep1","Read_1150",0.454501471929749,"Subpopulation_1"
"NGS_Nanog_WT_Rep1","Read_1151",0.453059248701597,"Subpopulation_1"
"NGS_Nanog_WT_Rep1","Read_1152",0.45286136765325,"Subpopulation_1"
"NGS_Nanog_WT_Rep1","Read_1153",0.456229627681323,"Subpopulation_1"
"NGS_Nanog_WT_Rep1","Read_1154",0.453091480846849,"Subpopulation_1"
"NGS_Nanog_WT_Rep1","Read_1155",0.450953836545932,"Subpopulation_1"
"NGS_Nanog_WT_Rep1","Read_1156",0.46043298770629,"Subpopulation_1"
"NGS_Nanog_WT_Rep1","Read_1157",0.453483323402424,"Subpopulation_1"
"NGS_Nanog_WT_Rep1","Read_1158",0.448793139131151,"Subpopulation_1"
"NGS_Nanog_WT_Rep1","Read_1159",0.458865720356984,"Subpopulation_1"
"NGS_Nanog_WT_Rep1","Read_1160",0.453666273399148,"Subpopulation_1"
"NGS_Nanog_WT_Rep1","Read_1161",0.453359021563847,"Subpopulation_1"
"NGS_Nanog_WT_Rep1","Read_1162",0.454517151772617,"Subpopulation_1"
"NGS_Nanog_WT_Rep1","Read_1163",0.461060850668021,"Subpopulation_1"
"NGS_Nanog_WT_Rep1","Read_1164",0.450554804663224,"Subpopulation_1"
"NGS_Nanog_WT_Rep1","Read_1165",0.461022059822268,"Subpopulation_1"
"NGS_Nanog_WT_Rep1","Read_1166",0.465140835079726,"Subpopulation_1"
"NGS_Nanog_WT_Rep1","Read_1167",0.46249474017612,"Subpopulation_1"
"NGS_Nanog_WT_Rep1","Read_1168",0.44802698161744,"Subpopulation_1"
"NGS_Nanog_WT_Rep1","Read_1169",0.44722038943319,"Subpopulation_1"
"NGS_Nanog_WT_Rep1","Read_1170",0.470889320712477,"Subpopulation_1"
"NGS_Nanog_WT_Rep1","Read_1171",0.458871091778114,"Subpopulation_1"
"NGS_Nanog_WT_Rep1","Read_1172",0.459543688407661,"Subpopulation_1"
"NGS_Nanog_WT_Rep1","Read_1173",0.450315784214273,"Subpopulation_1"
"NGS_Nanog_WT_Rep1","Read_1174",0.449118862342843,"Subpopulation_1"
"NGS_Nanog_WT_Rep1","Read_1175",0.456464252949618,"Subpopulation_1"
"NGS_Nanog_WT_Rep1","Read_1176",0.464326023373023,"Subpopulation_1"
"NGS_Nanog_WT_Rep1","Read_1177",0.449383045673845,"Subpopulation_1"
"NGS_Nanog_WT_Rep1","Read_1178",0.452061516658228,"Subpopulation_1"
"NGS_Nanog_WT_Rep1","Read_1179",0.458575364363418,"Subpopulation_1"
"NGS_Nanog_WT_Rep1","Read_1180",0.444289127530305,"Subpopulation_1"
"NGS_Nanog_WT_Rep1","Read_1181",0.458585642271812,"Subpopulation_1"
"NGS_Nanog_WT_Rep1","Read_1182",0.471048834679163,"Subpopulation_1"
"NGS_Nanog_WT_Rep1","Read_1183",0.451727597773664,"Subpopulation_1"
"NGS_Nanog_WT_Rep1","Read_1184",0.455348240242156,"Subpopulation_1"
"NGS_Nanog_WT_Rep1","Read_1185",0.459268839277558,"Subpopulation_1"
"NGS_Nanog_WT_Rep1","Read_1186",0.450321317245192,"Subpopulation_1"
"NGS_Nanog_WT_Rep1","Read_1187",0.461089372742928,"Subpopulation_1"
"NGS_Nanog_WT_Rep1","Read_1188",0.461243943376818,"Subpopulation_1"
"NGS_Nanog_WT_Rep1","Read_1189",0.459134471239104,"Subpopulation_1"
"NGS_Nanog_WT_Rep1","Read_1190",0.46278866248273,"Subpopulation_1"
"NGS_Nanog_WT_Rep1","Read_1191",0.447411873958209,"Subpopulation_1"
"NGS_Nanog_WT_Rep1","Read_1192",0.459028447464388,"Subpopulation_1"
"NGS_Nanog_WT_Rep1","Read_1193",0.460997601385001,"Subpopulation_1"
"NGS_Nanog_WT_Rep1","Read_1194",0.455731437690658,"Subpopulation_1"
"NGS_Nanog_WT_Rep1","Read_1195",0.457246284408709,"Subpopulation_1"
"NGS_Nanog_WT_Rep1","Read_1196",0.447141447258902,"Subpopulation_1"
"NGS_Nanog_WT_Rep1","Read_1197",0.451683112606057,"Subpopulation_1"
"NGS_Nanog_WT_Rep1","Read_1198",0.464114786596966,"Subpopulation_1"
"NGS_Nanog_WT_Rep1","Read_1199",0.455660555467601,"Subpopulation_1"
"NGS_Nanog_WT_Rep1","Read_1200",0.446746307664853,"Subpopulation_1"
"NGS_Nanog_WT_Rep1","Read_1201",0.452928814506867,"Subpopulation_1"
"NGS_Nanog_WT_Rep1","Read_1202",0.456360500219677,"Subpopulation_1"
"NGS_Nanog_WT_Rep1","Read_1203",0.462628546295822,"Subpopulation_1"
"NGS_Nanog_WT_Rep1","Read_1204",0.462145726015757,"Subpopulation_1"
"NGS_Nanog_WT_Rep1","Read_1205",0.466619750934736,"Subpopulation_1"
"NGS_Nanog_WT_Rep1","Read_1206",0.461766949927222,"Subpopulation_1"
"NGS_Nanog_WT_Rep1","Read_1207",0.451806614202995,"Subpopulation_1"
"NGS_Nanog_WT_Rep1","Read_1208",0.461864427007705,"Subpopulation_1"
"NGS_Nanog_WT_Rep1","Read_1209",0.45972125402307,"Subpopulation_1"
"NGS_Nanog_WT_Rep1","Read_1210",0.453003213871572,"Subpopulation_1"
"NGS_Nanog_WT_Rep1","Read_1211",0.451648076063792,"Subpopulation_1"
"NGS_Nanog_WT_Rep1","Read_1212",0.450596482808653,"Subpopulation_1"
"NGS_Nanog_WT_Rep1","Read_1213",0.459566405008591,"Subpopulation_1"
"NGS_Nanog_WT_Rep1","Read_1214",0.459768179477424,"Subpopulation_1"
"NGS_Nanog_WT_Rep1","Read_1215",0.453448293110254,"Subpopulation_1"
"NGS_Nanog_WT_Rep1","Read_1216",0.459208737238998,"Subpopulation_1"
"NGS_Nanog_WT_Rep1","Read_1217",0.456826912054989,"Subpopulation_1"
"NGS_Nanog_WT_Rep1","Read_1218",0.455018933123184,"Subpopulation_1"
"NGS_Nanog_WT_Rep1","Read_1219",0.463088776669432,"Subpopulation_1"
"NGS_Nanog_WT_Rep1","Read_1220",0.458680862374198,"Subpopulation_1"
"NGS_Nanog_WT_Rep1","Read_1221",0.454914288038741,"Subpopulation_1"
"NGS_Nanog_WT_Rep1","Read_1222",0.453859260454141,"Subpopulation_1"
"NGS_Nanog_WT_Rep1","Read_1223",0.459426485874614,"Subpopulation_1"
"NGS_Nanog_WT_Rep1","Read_1224",0.455637561288882,"Subpopulation_1"
"NGS_Nanog_WT_Rep1","Read_1225",0.449005415078467,"Subpopulation_1"
"NGS_Nanog_WT_Rep1","Read_1226",0.457586299891999,"Subpopulation_1"
"NGS_Nanog_WT_Rep1","Read_1227",0.465441424563053,"Subpopulation_1"
"NGS_Nanog_WT_Rep1","Read_1228",0.448895839467438,"Subpopulation_1"
"NGS_Nanog_WT_Rep1","Read_1229",0.450397476388321,"Subpopulation_1"
"NGS_Nanog_WT_Rep1","Read_1230",0.455488573962832,"Subpopulation_1"
"NGS_Nanog_WT_Rep1","Read_1231",0.461481620056551,"Subpopulation_1"
"NGS_Nanog_WT_Rep1","Read_1232",0.450109158919165,"Subpopulation_1"
"NGS_Nanog_WT_Rep1","Read_1233",0.450893503801412,"Subpopulation_1"
"NGS_Nanog_WT_Rep1","Read_1234",0.452746562320213,"Subpopulation_1"
"NGS_Nanog_WT_Rep1","Read_1235",0.454509224207313,"Subpopulation_1"
"NGS_Nanog_WT_Rep1","Read_1236",0.458835250524086,"Subpopulation_1"
"NGS_Nanog_WT_Rep1","Read_1237",0.452805845479153,"Subpopulation_1"
"NGS_Nanog_WT_Rep1","Read_1238",0.46278746756315,"Subpopulation_1"
"NGS_Nanog_WT_Rep1","Read_1239",0.453346274643192,"Subpopulation_1"
"NGS_Nanog_WT_Rep1","Read_1240",0.463624606427759,"Subpopulation_1"
"NGS_Nanog_WT_Rep1","Read_1241",0.462289268505973,"Subpopulation_1"
"NGS_Nanog_WT_Rep1","Read_1242",0.457835975905577,"Subpopulation_1"
"NGS_Nanog_WT_Rep1","Read_1243",0.454701812600703,"Subpopulation_1"
"NGS_Nanog_WT_Rep1","Read_1244",0.464325098053102,"Subpopulation_1"
"NGS_Nanog_WT_Rep1","Read_1245",0.466000213732203,"Subpopulation_1"
"NGS_Nanog_WT_Rep1","Read_1246",0.449438195124286,"Subpopulation_1"
"NGS_Nanog_WT_Rep1","Read_1247",0.464038550873894,"Subpopulation_1"
"NGS_Nanog_WT_Rep1","Read_1248",0.447021096157777,"Subpopulation_1"
"NGS_Nanog_WT_Rep1","Read_1249",0.441137271993242,"Subpopulation_1"
"NGS_Nanog_WT_Rep1","Read_1250",0.458531836177456,"Subpopulation_1"
"NGS_Nanog_WT_Rep1","Read_1251",0.445537778781979,"Subpopulation_1"
"NGS_Nanog_WT_Rep1","Read_1252",0.454143295043614,"Subpopulation_1"
"NGS_Nanog_WT_Rep1","Read_1253",0.46160544548836,"Subpopulation_1"
"NGS_Nanog_WT_Rep1","Read_1254",0.45388533744072,"Subpopulation_1"
"NGS_Nanog_WT_Rep1","Read_1255",0.458006926715651,"Subpopulation_1"
"NGS_Nanog_WT_Rep1","Read_1256",0.457660553553697,"Subpopulation_1"
"NGS_Nanog_WT_Rep1","Read_1257",0.448772530809471,"Subpopulation_1"
"NGS_Nanog_WT_Rep1","Read_1258",0.46046146427868,"Subpopulation_1"
"NGS_Nanog_WT_Rep1","Read_1259",0.46137699074321,"Subpopulation_1"
"NGS_Nanog_WT_Rep1","Read_1260",0.448398565760502,"Subpopulation_1"
"NGS_Nanog_WT_Rep1","Read_1261",0.455509280717401,"Subpopulation_1"
"NGS_Nanog_WT_Rep1","Read_1262",0.457340989934922,"Subpopulation_1"
"NGS_Nanog_WT_Rep1","Read_1263",0.447349940703538,"Subpopulation_1"
"NGS_Nanog_WT_Rep1","Read_1264",0.448462259477439,"Subpopulation_1"
"NGS_Nanog_WT_Rep1","Read_1265",0.454168424323047,"Subpopulation_1"
"NGS_Nanog_WT_Rep1","Read_1266",0.44842622736154,"Subpopulation_1"
"NGS_Nanog_WT_Rep1","Read_1267",0.452748305556111,"Subpopulation_1"
"NGS_Nanog_WT_Rep1","Read_1268",0.456512449359965,"Subpopulation_1"
"NGS_Nanog_WT_Rep1","Read_1269",0.464583610570485,"Subpopulation_1"
"NGS_Nanog_WT_Rep1","Read_1270",0.449054237717912,"Subpopulation_1"
"NGS_Nanog_WT_Rep1","Read_1271",0.453602276391781,"Subpopulation_1"
"NGS_Nanog_WT_Rep1","Read_1272",0.462231470890822,"Subpopulation_1"
"NGS_Nanog_WT_Rep1","Read_1273",0.458429465514596,"Subpopulation_1"
"NGS_Nanog_WT_Rep1","Read_1274",0.454745204553175,"Subpopulation_1"
"NGS_Nanog_WT_Rep1","Read_1275",0.462325431223964,"Subpopulation_1"
"NGS_Nanog_WT_Rep1","Read_1276",0.455443315745626,"Subpopulation_1"
"NGS_Nanog_WT_Rep1","Read_1277",0.45274664960699,"Subpopulation_1"
"NGS_Nanog_WT_Rep1","Read_1278",0.462384131212349,"Subpopulation_1"
"NGS_Nanog_WT_Rep1","Read_1279",0.461211152406629,"Subpopulation_1"
"NGS_Nanog_WT_Rep1","Read_1280",0.459465150789109,"Subpopulation_1"
"NGS_Nanog_WT_Rep1","Read_1281",0.449623123374561,"Subpopulation_1"
"NGS_Nanog_WT_Rep1","Read_1282",0.463809929427372,"Subpopulation_1"
"NGS_Nanog_WT_Rep1","Read_1283",0.460444336466986,"Subpopulation_1"
"NGS_Nanog_WT_Rep1","Read_1284",0.46671201110131,"Subpopulation_1"
"NGS_Nanog_WT_Rep1","Read_1285",0.460050129327094,"Subpopulation_1"
"NGS_Nanog_WT_Rep1","Read_1286",0.460198436489349,"Subpopulation_1"
"NGS_Nanog_WT_Rep1","Read_1287",0.452999948028466,"Subpopulation_1"
"NGS_Nanog_WT_Rep1","Read_1288",0.460646185594994,"Subpopulation_1"
"NGS_Nanog_WT_Rep1","Read_1289",0.459428452626528,"Subpopulation_1"
"NGS_Nanog_WT_Rep1","Read_1290",0.453307027517807,"Subpopulation_1"
"NGS_Nanog_WT_Rep1","Read_1291",0.447501577303446,"Subpopulation_1"
"NGS_Nanog_WT_Rep1","Read_1292",0.439452955791816,"Subpopulation_1"
"NGS_Nanog_WT_Rep1","Read_1293",0.452263568244572,"Subpopulation_1"
"NGS_Nanog_WT_Rep1","Read_1294",0.448331601527932,"Subpopulation_1"
"NGS_Nanog_WT_Rep1","Read_1295",0.456858874387198,"Subpopulation_1"
"NGS_Nanog_WT_Rep1","Read_1296",0.455132884054947,"Subpopulation_1"
"NGS_Nanog_WT_Rep1","Read_1297",0.45359021748853,"Subpopulation_1"
"NGS_Nanog_WT_Rep1","Read_1298",0.464935118304985,"Subpopulation_1"
"NGS_Nanog_WT_Rep1","Read_1299",0.455653918672216,"Subpopulation_1"
"NGS_Nanog_WT_Rep1","Read_1300",0.46006436523706,"Subpopulation_1"
"NGS_Nanog_WT_Rep1","Read_1301",0.452176430249222,"Subpopulation_1"
"NGS_Nanog_WT_Rep1","Read_1302",0.460001612339234,"Subpopulation_1"
"NGS_Nanog_WT_Rep1","Read_1303",0.448643722364107,"Subpopulation_1"
"NGS_Nanog_WT_Rep1","Read_1304",0.459657393327478,"Subpopulation_1"
"NGS_Nanog_WT_Rep1","Read_1305",0.455820009192943,"Subpopulation_1"
"NGS_Nanog_WT_Rep1","Read_1306",0.453973326264554,"Subpopulation_1"
"NGS_Nanog_WT_Rep1","Read_1307",0.455222363699403,"Subpopulation_1"
"NGS_Nanog_WT_Rep1","Read_1308",0.448037034284214,"Subpopulation_1"
"NGS_Nanog_WT_Rep1","Read_1309",0.461336735200271,"Subpopulation_1"
"NGS_Nanog_WT_Rep1","Read_1310",0.459463828154096,"Subpopulation_1"
"NGS_Nanog_WT_Rep1","Read_1311",0.453316698942277,"Subpopulation_1"
"NGS_Nanog_WT_Rep1","Read_1312",0.466213703711626,"Subpopulation_1"
"NGS_Nanog_WT_Rep1","Read_1313",0.452559545204525,"Subpopulation_1"
"NGS_Nanog_WT_Rep1","Read_1314",0.44690652297112,"Subpopulation_1"
"NGS_Nanog_WT_Rep1","Read_1315",0.458091623608418,"Subpopulation_1"
"NGS_Nanog_WT_Rep1","Read_1316",0.455158461397869,"Subpopulation_1"
"NGS_Nanog_WT_Rep1","Read_1317",0.443588510386024,"Subpopulation_1"
"NGS_Nanog_WT_Rep1","Read_1318",0.4594284410849,"Subpopulation_1"
"NGS_Nanog_WT_Rep1","Read_1319",0.464672371918116,"Subpopulation_1"
"NGS_Nanog_WT_Rep1","Read_1320",0.454362174781375,"Subpopulation_1"
"NGS_Nanog_WT_Rep1","Read_1321",0.457069878187199,"Subpopulation_1"
"NGS_Nanog_WT_Rep1","Read_1322",0.451573065917091,"Subpopulation_1"
"NGS_Nanog_WT_Rep1","Read_1323",0.467407268486406,"Subpopulation_1"
"NGS_Nanog_WT_Rep1","Read_1324",0.454437678624707,"Subpopulation_1"
"NGS_Nanog_WT_Rep1","Read_1325",0.458444602517897,"Subpopulation_1"
"NGS_Nanog_WT_Rep1","Read_1326",0.46126810300576,"Subpopulation_1"
"NGS_Nanog_WT_Rep1","Read_1327",0.449514041545221,"Subpopulation_1"
"NGS_Nanog_WT_Rep1","Read_1328",0.469790774170686,"Subpopulation_1"
"NGS_Nanog_WT_Rep1","Read_1329",0.466974575896436,"Subpopulation_1"
"NGS_Nanog_WT_Rep1","Read_1330",0.459349785018651,"Subpopulation_1"
"NGS_Nanog_WT_Rep1","Read_1331",0.456826416820595,"Subpopulation_1"
"NGS_Nanog_WT_Rep1","Read_1332",0.449227572566605,"Subpopulation_1"
"NGS_Nanog_WT_Rep1","Read_1333",0.453272965148444,"Subpopulation_1"
"NGS_Nanog_WT_Rep1","Read_1334",0.460497700655429,"Subpopulation_1"
"NGS_Nanog_WT_Rep1","Read_1335",0.4624861576759,"Subpopulation_1"
"NGS_Nanog_WT_Rep1","Read_1336",0.454771106091927,"Subpopulation_1"
"NGS_Nanog_WT_Rep1","Read_1337",0.46310529921728,"Subpopulation_1"
"NGS_Nanog_WT_Rep1","Read_1338",0.463369599860182,"Subpopulation_1"
"NGS_Nanog_WT_Rep1","Read_1339",0.455922062789048,"Subpopulation_1"
"NGS_Nanog_WT_Rep1","Read_1340",0.456742086543905,"Subpopulation_1"
"NGS_Nanog_WT_Rep1","Read_1341",0.451612906010914,"Subpopulation_1"
"NGS_Nanog_WT_Rep1","Read_1342",0.448905361416921,"Subpopulation_1"
"NGS_Nanog_WT_Rep1","Read_1343",0.455175662306141,"Subpopulation_1"
"NGS_Nanog_WT_Rep1","Read_1344",0.467013801958811,"Subpopulation_1"
"NGS_Nanog_WT_Rep1","Read_1345",0.453124230848944,"Subpopulation_1"
"NGS_Nanog_WT_Rep1","Read_1346",0.461136494691041,"Subpopulation_1"
"NGS_Nanog_WT_Rep1","Read_1347",0.450065437136648,"Subpopulation_1"
"NGS_Nanog_WT_Rep1","Read_1348",0.466493662126291,"Subpopulation_1"
"NGS_Nanog_WT_Rep1","Read_1349",0.461230523120463,"Subpopulation_1"
"NGS_Nanog_WT_Rep1","Read_1350",0.458185361524247,"Subpopulation_1"
"NGS_Nanog_WT_Rep1","Read_1351",0.460988427469217,"Subpopulation_1"
"NGS_Nanog_WT_Rep1","Read_1352",0.457973435662996,"Subpopulation_1"
"NGS_Nanog_WT_Rep1","Read_1353",0.463815631507481,"Subpopulation_1"
"NGS_Nanog_WT_Rep1","Read_1354",0.453139115755593,"Subpopulation_1"
"NGS_Nanog_WT_Rep1","Read_1355",0.458942759911583,"Subpopulation_1"
"NGS_Nanog_WT_Rep1","Read_1356",0.448219441635189,"Subpopulation_1"
"NGS_Nanog_WT_Rep1","Read_1357",0.461436776208737,"Subpopulation_1"
"NGS_Nanog_WT_Rep1","Read_1358",0.456424504651924,"Subpopulation_1"
"NGS_Nanog_WT_Rep1","Read_1359",0.452933044292635,"Subpopulation_1"
"NGS_Nanog_WT_Rep1","Read_1360",0.454059593613472,"Subpopulation_1"
"NGS_Nanog_WT_Rep1","Read_1361",0.446858537286101,"Subpopulation_1"
"NGS_Nanog_WT_Rep1","Read_1362",0.452584541152961,"Subpopulation_1"
"NGS_Nanog_WT_Rep1","Read_1363",0.450387053535125,"Subpopulation_1"
"NGS_Nanog_WT_Rep1","Read_1364",0.467797615768119,"Subpopulation_1"
"NGS_Nanog_WT_Rep1","Read_1365",0.458400225161619,"Subpopulation_1"
"NGS_Nanog_WT_Rep1","Read_1366",0.449589903748179,"Subpopulation_1"
"NGS_Nanog_WT_Rep1","Read_1367",0.44787204444352,"Subpopulation_1"
"NGS_Nanog_WT_Rep1","Read_1368",0.456595127700839,"Subpopulation_1"
"NGS_Nanog_WT_Rep1","Read_1369",0.452938424235823,"Subpopulation_1"
"NGS_Nanog_WT_Rep1","Read_1370",0.463929851259541,"Subpopulation_1"
"NGS_Nanog_WT_Rep1","Read_1371",0.448015173805977,"Subpopulation_1"
"NGS_Nanog_WT_Rep1","Read_1372",0.457651432962231,"Subpopulation_1"
"NGS_Nanog_WT_Rep1","Read_1373",0.453842424835898,"Subpopulation_1"
"NGS_Nanog_WT_Rep1","Read_1374",0.456781575664169,"Subpopulation_1"
"NGS_Nanog_WT_Rep1","Read_1375",0.476254891369836,"Subpopulation_1"
"NGS_Nanog_WT_Rep1","Read_1376",0.455046759305578,"Subpopulation_1"
"NGS_Nanog_WT_Rep1","Read_1377",0.455761703080053,"Subpopulation_1"
"NGS_Nanog_WT_Rep1","Read_1378",0.456712388083032,"Subpopulation_1"
"NGS_Nanog_WT_Rep1","Read_1379",0.459930989033645,"Subpopulation_1"
"NGS_Nanog_WT_Rep1","Read_1380",0.447239025262981,"Subpopulation_1"
"NGS_Nanog_WT_Rep1","Read_1381",0.456311031625975,"Subpopulation_1"
"NGS_Nanog_WT_Rep1","Read_1382",0.449651544882438,"Subpopulation_1"
"NGS_Nanog_WT_Rep1","Read_1383",0.4473055673818,"Subpopulation_1"
"NGS_Nanog_WT_Rep1","Read_1384",0.457171721708891,"Subpopulation_1"
"NGS_Nanog_WT_Rep1","Read_1385",0.453681854988722,"Subpopulation_1"
"NGS_Nanog_WT_Rep1","Read_1386",0.459244333454643,"Subpopulation_1"
"NGS_Nanog_WT_Rep1","Read_1387",0.453848379941667,"Subpopulation_1"
"NGS_Nanog_WT_Rep1","Read_1388",0.459513469859583,"Subpopulation_1"
"NGS_Nanog_WT_Rep1","Read_1389",0.461810659360338,"Subpopulation_1"
"NGS_Nanog_WT_Rep1","Read_1390",0.467956446622465,"Subpopulation_1"
"NGS_Nanog_WT_Rep1","Read_1391",0.454492581249642,"Subpopulation_1"
"NGS_Nanog_WT_Rep1","Read_1392",0.454556441445264,"Subpopulation_1"
"NGS_Nanog_WT_Rep1","Read_1393",0.45316435025778,"Subpopulation_1"
"NGS_Nanog_WT_Rep1","Read_1394",0.465503468397618,"Subpopulation_1"
"NGS_Nanog_WT_Rep1","Read_1395",0.461477930913925,"Subpopulation_1"
"NGS_Nanog_WT_Rep1","Read_1396",0.453417257097708,"Subpopulation_1"
"NGS_Nanog_WT_Rep1","Read_1397",0.458166701654022,"Subpopulation_1"
"NGS_Nanog_WT_Rep1","Read_1398",0.447587762568043,"Subpopulation_1"
"NGS_Nanog_WT_Rep1","Read_1399",0.462141046637249,"Subpopulation_1"
"NGS_Nanog_WT_Rep1","Read_1400",0.451503157766439,"Subpopulation_1"
"NGS_Nanog_WT_Rep1","Read_1401",0.453322668687788,"Subpopulation_1"
"NGS_Nanog_WT_Rep1","Read_1402",0.453504514408345,"Subpopulation_1"
"NGS_Nanog_WT_Rep1","Read_1403",0.452210775925784,"Subpopulation_1"
"NGS_Nanog_WT_Rep1","Read_1404",0.453580795043996,"Subpopulation_1"
"NGS_Nanog_WT_Rep1","Read_1405",0.457515460740859,"Subpopulation_1"
"NGS_Nanog_WT_Rep1","Read_1406",0.458818048574801,"Subpopulation_1"
"NGS_Nanog_WT_Rep1","Read_1407",0.450063971697013,"Subpopulation_1"
"NGS_Nanog_WT_Rep1","Read_1408",0.460071125559051,"Subpopulation_1"
"NGS_Nanog_WT_Rep1","Read_1409",0.447001213266018,"Subpopulation_1"
"NGS_Nanog_WT_Rep1","Read_1410",0.461207151744366,"Subpopulation_1"
"NGS_Nanog_WT_Rep1","Read_1411",0.449409227558531,"Subpopulation_1"
"NGS_Nanog_WT_Rep1","Read_1412",0.463514712560561,"Subpopulation_1"
"NGS_Nanog_WT_Rep1","Read_1413",0.452049343047505,"Subpopulation_1"
"NGS_Nanog_WT_Rep1","Read_1414",0.452405999409046,"Subpopulation_1"
"NGS_Nanog_WT_Rep1","Read_1415",0.447209130580098,"Subpopulation_1"
"NGS_Nanog_WT_Rep1","Read_1416",0.457063532724393,"Subpopulation_1"
"NGS_Nanog_WT_Rep1","Read_1417",0.456697796916869,"Subpopulation_1"
"NGS_Nanog_WT_Rep1","Read_1418",0.448414360275629,"Subpopulation_1"
"NGS_Nanog_WT_Rep1","Read_1419",0.464807876145846,"Subpopulation_1"
"NGS_Nanog_WT_Rep1","Read_1420",0.456060986145345,"Subpopulation_1"
"NGS_Nanog_WT_Rep1","Read_1421",0.451633932959383,"Subpopulation_1"
"NGS_Nanog_WT_Rep1","Read_1422",0.45116382588999,"Subpopulation_1"
"NGS_Nanog_WT_Rep1","Read_1423",0.451453664196367,"Subpopulation_1"
"NGS_Nanog_WT_Rep1","Read_1424",0.461385520873255,"Subpopulation_1"
"NGS_Nanog_WT_Rep1","Read_1425",0.452848013266996,"Subpopulation_1"
"NGS_Nanog_WT_Rep1","Read_1426",0.457230612744814,"Subpopulation_1"
"NGS_Nanog_WT_Rep1","Read_1427",0.455357839217039,"Subpopulation_1"
"NGS_Nanog_WT_Rep1","Read_1428",0.448665742367097,"Subpopulation_1"
"NGS_Nanog_WT_Rep1","Read_1429",0.455904279171618,"Subpopulation_1"
"NGS_Nanog_WT_Rep1","Read_1430",0.454776927929696,"Subpopulation_1"
"NGS_Nanog_WT_Rep1","Read_1431",0.465122703698226,"Subpopulation_1"
"NGS_Nanog_WT_Rep1","Read_1432",0.456479212387353,"Subpopulation_1"
"NGS_Nanog_WT_Rep1","Read_1433",0.453761460500476,"Subpopulation_1"
"NGS_Nanog_WT_Rep1","Read_1434",0.453460021658148,"Subpopulation_1"
"NGS_Nanog_WT_Rep1","Read_1435",0.455289075591081,"Subpopulation_1"
"NGS_Nanog_WT_Rep1","Read_1436",0.464967168691919,"Subpopulation_1"
"NGS_Nanog_WT_Rep1","Read_1437",0.454006776377357,"Subpopulation_1"
"NGS_Nanog_WT_Rep1","Read_1438",0.455806741076056,"Subpopulation_1"
"NGS_Nanog_WT_Rep1","Read_1439",0.451205688625691,"Subpopulation_1"
"NGS_Nanog_WT_Rep1","Read_1440",0.453484309437012,"Subpopulation_1"
"NGS_Nanog_WT_Rep1","Read_1441",0.453847929447327,"Subpopulation_1"
"NGS_Nanog_WT_Rep1","Read_1442",0.448722274557569,"Subpopulation_1"
"NGS_Nanog_WT_Rep1","Read_1443",0.460866091462802,"Subpopulation_1"
"NGS_Nanog_WT_Rep1","Read_1444",0.456139155926176,"Subpopulation_1"
"NGS_Nanog_WT_Rep1","Read_1445",0.452878920640429,"Subpopulation_1"
"NGS_Nanog_WT_Rep1","Read_1446",0.455672756892782,"Subpopulation_1"
"NGS_Nanog_WT_Rep1","Read_1447",0.458856029924298,"Subpopulation_1"
"NGS_Nanog_WT_Rep1","Read_1448",0.45308856963395,"Subpopulation_1"
"NGS_Nanog_WT_Rep1","Read_1449",0.461955359064203,"Subpopulation_1"
"NGS_Nanog_WT_Rep1","Read_1450",0.446315610915074,"Subpopulation_1"
"NGS_Nanog_WT_Rep1","Read_1451",0.448078219224929,"Subpopulation_1"
"NGS_Nanog_WT_Rep1","Read_1452",0.450758346388212,"Subpopulation_1"
"NGS_Nanog_WT_Rep1","Read_1453",0.453876415143361,"Subpopulation_1"
"NGS_Nanog_WT_Rep1","Read_1454",0.457525523333136,"Subpopulation_1"
"NGS_Nanog_WT_Rep1","Read_1455",0.452101692003823,"Subpopulation_1"
"NGS_Nanog_WT_Rep1","Read_1456",0.45502461174094,"Subpopulation_1"
"NGS_Nanog_WT_Rep1","Read_1457",0.451976285495299,"Subpopulation_1"
"NGS_Nanog_WT_Rep1","Read_1458",0.45190795290677,"Subpopulation_1"
"NGS_Nanog_WT_Rep1","Read_1459",0.449676741432547,"Subpopulation_1"
"NGS_Nanog_WT_Rep1","Read_1460",0.459508876780112,"Subpopulation_1"
"NGS_Nanog_WT_Rep1","Read_1461",0.460430368959957,"Subpopulation_1"
"NGS_Nanog_WT_Rep1","Read_1462",0.458724522099126,"Subpopulation_1"
"NGS_Nanog_WT_Rep1","Read_1463",0.444800969951874,"Subpopulation_1"
"NGS_Nanog_WT_Rep1","Read_1464",0.458224765625811,"Subpopulation_1"
"NGS_Nanog_WT_Rep1","Read_1465",0.454179096969533,"Subpopulation_1"
"NGS_Nanog_WT_Rep1","Read_1466",0.46025872647596,"Subpopulation_1"
"NGS_Nanog_WT_Rep1","Read_1467",0.477309884050064,"Subpopulation_1"
"NGS_Nanog_WT_Rep1","Read_1468",0.447109072602615,"Subpopulation_1"
"NGS_Nanog_WT_Rep1","Read_1469",0.458043203684246,"Subpopulation_1"
"NGS_Nanog_WT_Rep1","Read_1470",0.451733907406458,"Subpopulation_1"
"NGS_Nanog_WT_Rep1","Read_1471",0.447256262954354,"Subpopulation_1"
"NGS_Nanog_WT_Rep1","Read_1472",0.464701477218086,"Subpopulation_1"
"NGS_Nanog_WT_Rep1","Read_1473",0.456801541997015,"Subpopulation_1"
"NGS_Nanog_WT_Rep1","Read_1474",0.456942998436529,"Subpopulation_1"
"NGS_Nanog_WT_Rep1","Read_1475",0.45849631172111,"Subpopulation_1"
"NGS_Nanog_WT_Rep1","Read_1476",0.462295591694247,"Subpopulation_1"
"NGS_Nanog_WT_Rep1","Read_1477",0.461969344543026,"Subpopulation_1"
"NGS_Nanog_WT_Rep1","Read_1478",0.45782124447382,"Subpopulation_1"
"NGS_Nanog_WT_Rep1","Read_1479",0.459075798500951,"Subpopulation_1"
"NGS_Nanog_WT_Rep1","Read_1480",0.459954357397963,"Subpopulation_1"
"NGS_Nanog_WT_Rep1","Read_1481",0.459597761961131,"Subpopulation_1"
"NGS_Nanog_WT_Rep1","Read_1482",0.453321769998014,"Subpopulation_1"
"NGS_Nanog_WT_Rep1","Read_1483",0.461065843300005,"Subpopulation_1"
"NGS_Nanog_WT_Rep1","Read_1484",0.449705432674034,"Subpopulation_1"
"NGS_Nanog_WT_Rep1","Read_1485",0.462188827627795,"Subpopulation_1"
"NGS_Nanog_WT_Rep1","Read_1486",0.456145302009876,"Subpopulation_1"
"NGS_Nanog_WT_Rep1","Read_1487",0.45773388254665,"Subpopulation_1"
"NGS_Nanog_WT_Rep1","Read_1488",0.459960909729617,"Subpopulation_1"
"NGS_Nanog_WT_Rep1","Read_1489",0.448820600401533,"Subpopulation_1"
"NGS_Nanog_WT_Rep1","Read_1490",0.458191221276977,"Subpopulation_1"
"NGS_Nanog_WT_Rep1","Read_1491",0.455036758985993,"Subpopulation_1"
"NGS_Nanog_WT_Rep1","Read_1492",0.46033190994688,"Subpopulation_1"
"NGS_Nanog_WT_Rep1","Read_1493",0.463635162916542,"Subpopulation_1"
"NGS_Nanog_WT_Rep1","Read_1494",0.448867088586534,"Subpopulation_1"
"NGS_Nanog_WT_Rep1","Read_1495",0.459992928494709,"Subpopulation_1"
"NGS_Nanog_WT_Rep1","Read_1496",0.460285612472632,"Subpopulation_1"
"NGS_Nanog_WT_Rep1","Read_1497",0.458043789447655,"Subpopulation_1"
"NGS_Nanog_WT_Rep1","Read_1498",0.457371979734101,"Subpopulation_1"
"NGS_Nanog_WT_Rep1","Read_1499",0.457215626657097,"Subpopulation_1"
"NGS_Nanog_WT_Rep1","Read_1500",0.450592230660864,"Subpopulation_1"
"NGS_Nanog_WT_Rep1","Read_1501",0.455016519501377,"Subpopulation_1"
"NGS_Nanog_WT_Rep1","Read_1502",0.460815404597754,"Subpopulation_1"
"NGS_Nanog_WT_Rep1","Read_1503",0.451321740099204,"Subpopulation_1"
"NGS_Nanog_WT_Rep1","Read_1504",0.461075244014458,"Subpopulation_1"
"NGS_Nanog_WT_Rep1","Read_1505",0.446792037059249,"Subpopulation_1"
"NGS_Nanog_WT_Rep1","Read_1506",0.456446014205126,"Subpopulation_1"
"NGS_Nanog_WT_Rep1","Read_1507",0.455639195517737,"Subpopulation_1"
"NGS_Nanog_WT_Rep1","Read_1508",0.453560836308905,"Subpopulation_1"
"NGS_Nanog_WT_Rep1","Read_1509",0.448262410390611,"Subpopulation_1"
"NGS_Nanog_WT_Rep1","Read_1510",0.455866547454282,"Subpopulation_1"
"NGS_Nanog_WT_Rep1","Read_1511",0.449275364629361,"Subpopulation_1"
"NGS_Nanog_WT_Rep1","Read_1512",0.45032792393622,"Subpopulation_1"
"NGS_Nanog_WT_Rep1","Read_1513",0.456151486524414,"Subpopulation_1"
"NGS_Nanog_WT_Rep1","Read_1514",0.445360926609371,"Subpopulation_1"
"NGS_Nanog_WT_Rep1","Read_1515",0.455681331569055,"Subpopulation_1"
"NGS_Nanog_WT_Rep1","Read_1516",0.454792856881919,"Subpopulation_1"
"NGS_Nanog_WT_Rep1","Read_1517",0.45771845519684,"Subpopulation_1"
"NGS_Nanog_WT_Rep1","Read_1518",0.453232938638469,"Subpopulation_1"
"NGS_Nanog_WT_Rep1","Read_1519",0.458643022491349,"Subpopulation_1"
"NGS_Nanog_WT_Rep1","Read_1520",0.461877782612651,"Subpopulation_1"
"NGS_Nanog_WT_Rep1","Read_1521",0.459055538116121,"Subpopulation_1"
"NGS_Nanog_WT_Rep1","Read_1522",0.450357907047892,"Subpopulation_1"
"NGS_Nanog_WT_Rep1","Read_1523",0.460911194168253,"Subpopulation_1"
"NGS_Nanog_WT_Rep1","Read_1524",0.459228786092581,"Subpopulation_1"
"NGS_Nanog_WT_Rep1","Read_1525",0.468849491170671,"Subpopulation_1"
"NGS_Nanog_WT_Rep1","Read_1526",0.451976298737493,"Subpopulation_1"
"NGS_Nanog_WT_Rep1","Read_1527",0.454140788155075,"Subpopulation_1"
"NGS_Nanog_WT_Rep1","Read_1528",0.454276556304472,"Subpopulation_1"
"NGS_Nanog_WT_Rep1","Read_1529",0.451545568765797,"Subpopulation_1"
"NGS_Nanog_WT_Rep1","Read_1530",0.464806518341063,"Subpopulation_1"
"NGS_Nanog_WT_Rep1","Read_1531",0.446462389673853,"Subpopulation_1"
"NGS_Nanog_WT_Rep1","Read_1532",0.460109206526592,"Subpopulation_1"
"NGS_Nanog_WT_Rep1","Read_1533",0.4521031927579,"Subpopulation_1"
"NGS_Nanog_WT_Rep1","Read_1534",0.450310605288486,"Subpopulation_1"
"NGS_Nanog_WT_Rep1","Read_1535",0.455775781050048,"Subpopulation_1"
"NGS_Nanog_WT_Rep1","Read_1536",0.450831168744094,"Subpopulation_1"
"NGS_Nanog_WT_Rep1","Read_1537",0.459719342273576,"Subpopulation_1"
"NGS_Nanog_WT_Rep1","Read_1538",0.458878671809286,"Subpopulation_1"
"NGS_Nanog_WT_Rep1","Read_1539",0.455139943769623,"Subpopulation_1"
"NGS_Nanog_WT_Rep1","Read_1540",0.452792024020264,"Subpopulation_1"
"NGS_Nanog_WT_Rep1","Read_1541",0.457149860190819,"Subpopulation_1"
"NGS_Nanog_WT_Rep1","Read_1542",0.451252560357388,"Subpopulation_1"
"NGS_Nanog_WT_Rep1","Read_1543",0.452028100739707,"Subpopulation_1"
"NGS_Nanog_WT_Rep1","Read_1544",0.455447752483829,"Subpopulation_1"
"NGS_Nanog_WT_Rep1","Read_1545",0.471091249916177,"Subpopulation_1"
"NGS_Nanog_WT_Rep1","Read_1546",0.448589009006991,"Subpopulation_1"
"NGS_Nanog_WT_Rep1","Read_1547",0.451697954243121,"Subpopulation_1"
"NGS_Nanog_WT_Rep1","Read_1548",0.453245164966678,"Subpopulation_1"
"NGS_Nanog_WT_Rep1","Read_1549",0.468541872147293,"Subpopulation_1"
"NGS_Nanog_WT_Rep1","Read_1550",0.462092415892556,"Subpopulation_1"
"NGS_Nanog_WT_Rep1","Read_1551",0.465119637750214,"Subpopulation_1"
"NGS_Nanog_WT_Rep1","Read_1552",0.454043196135761,"Subpopulation_1"
"NGS_Nanog_WT_Rep1","Read_1553",0.453899582926928,"Subpopulation_1"
"NGS_Nanog_WT_Rep1","Read_1554",0.448424150456407,"Subpopulation_1"
"NGS_Nanog_WT_Rep1","Read_1555",0.446372933778154,"Subpopulation_1"
"NGS_Nanog_WT_Rep1","Read_1556",0.455792321781789,"Subpopulation_1"
"NGS_Nanog_WT_Rep1","Read_1557",0.452105160490433,"Subpopulation_1"
"NGS_Nanog_WT_Rep1","Read_1558",0.461850046494459,"Subpopulation_1"
"NGS_Nanog_WT_Rep1","Read_1559",0.439324323198894,"Subpopulation_1"
"NGS_Nanog_WT_Rep1","Read_1560",0.455456042294552,"Subpopulation_1"
"NGS_Nanog_WT_Rep1","Read_1561",0.460331088528169,"Subpopulation_1"
"NGS_Nanog_WT_Rep1","Read_1562",0.462463986213912,"Subpopulation_1"
"NGS_Nanog_WT_Rep1","Read_1563",0.45700158705074,"Subpopulation_1"
"NGS_Nanog_WT_Rep1","Read_1564",0.458114315076049,"Subpopulation_1"
"NGS_Nanog_WT_Rep1","Read_1565",0.458108183285806,"Subpopulation_1"
"NGS_Nanog_WT_Rep1","Read_1566",0.454685959844246,"Subpopulation_1"
"NGS_Nanog_WT_Rep1","Read_1567",0.45268891021697,"Subpopulation_1"
"NGS_Nanog_WT_Rep1","Read_1568",0.453879804574893,"Subpopulation_1"
"NGS_Nanog_WT_Rep1","Read_1569",0.458542411883172,"Subpopulation_1"
"NGS_Nanog_WT_Rep1","Read_1570",0.453864808341062,"Subpopulation_1"
"NGS_Nanog_WT_Rep1","Read_1571",0.456977040423668,"Subpopulation_1"
"NGS_Nanog_WT_Rep1","Read_1572",0.446006754369104,"Subpopulation_1"
"NGS_Nanog_WT_Rep1","Read_1573",0.459239826402959,"Subpopulation_1"
"NGS_Nanog_WT_Rep1","Read_1574",0.478261161767998,"Subpopulation_1"
"NGS_Nanog_WT_Rep1","Read_1575",0.445629574523458,"Subpopulation_1"
"NGS_Nanog_WT_Rep1","Read_1576",0.464864404215884,"Subpopulation_1"
"NGS_Nanog_WT_Rep1","Read_1577",0.456586735907791,"Subpopulation_1"
"NGS_Nanog_WT_Rep1","Read_1578",0.450040618314535,"Subpopulation_1"
"NGS_Nanog_WT_Rep1","Read_1579",0.45809206997741,"Subpopulation_1"
"NGS_Nanog_WT_Rep1","Read_1580",0.461363011796551,"Subpopulation_1"
"NGS_Nanog_WT_Rep1","Read_1581",0.452855284450444,"Subpopulation_1"
"NGS_Nanog_WT_Rep1","Read_1582",0.452381117581517,"Subpopulation_1"
"NGS_Nanog_WT_Rep1","Read_1583",0.460051121063456,"Subpopulation_1"
"NGS_Nanog_WT_Rep1","Read_1584",0.45659844367836,"Subpopulation_1"
"NGS_Nanog_WT_Rep1","Read_1585",0.455680960907906,"Subpopulation_1"
"NGS_Nanog_WT_Rep1","Read_1586",0.453019331392046,"Subpopulation_1"
"NGS_Nanog_WT_Rep1","Read_1587",0.462982673381096,"Subpopulation_1"
"NGS_Nanog_WT_Rep1","Read_1588",0.452639994989899,"Subpopulation_1"
"NGS_Nanog_WT_Rep1","Read_1589",0.447287572711416,"Subpopulation_1"
"NGS_Nanog_WT_Rep1","Read_1590",0.455765380669308,"Subpopulation_1"
"NGS_Nanog_WT_Rep1","Read_1591",0.446786385382791,"Subpopulation_1"
"NGS_Nanog_WT_Rep1","Read_1592",0.445919893492003,"Subpopulation_1"
"NGS_Nanog_WT_Rep1","Read_1593",0.449378087832214,"Subpopulation_1"
"NGS_Nanog_WT_Rep1","Read_1594",0.460328482925319,"Subpopulation_1"
"NGS_Nanog_WT_Rep1","Read_1595",0.455901331111695,"Subpopulation_1"
"NGS_Nanog_WT_Rep1","Read_1596",0.446174192926425,"Subpopulation_1"
"NGS_Nanog_WT_Rep1","Read_1597",0.464450056657752,"Subpopulation_1"
"NGS_Nanog_WT_Rep1","Read_1598",0.465842828742601,"Subpopulation_1"
"NGS_Nanog_WT_Rep1","Read_1599",0.460589346904219,"Subpopulation_1"
"NGS_Nanog_WT_Rep1","Read_1600",0.459267004395753,"Subpopulation_1"
"NGS_Nanog_WT_Rep1","Read_1601",0.452171357346321,"Subpopulation_1"
"NGS_Nanog_WT_Rep1","Read_1602",0.463700332919437,"Subpopulation_1"
"NGS_Nanog_WT_Rep1","Read_1603",0.460001878124521,"Subpopulation_1"
"NGS_Nanog_WT_Rep1","Read_1604",0.45691888782929,"Subpopulation_1"
"NGS_Nanog_WT_Rep1","Read_1605",0.452445628868935,"Subpopulation_1"
"NGS_Nanog_WT_Rep1","Read_1606",0.453166234426754,"Subpopulation_1"
"NGS_Nanog_WT_Rep1","Read_1607",0.457076611279636,"Subpopulation_1"
"NGS_Nanog_WT_Rep1","Read_1608",0.465019738392228,"Subpopulation_1"
"NGS_Nanog_WT_Rep1","Read_1609",0.449526016986742,"Subpopulation_1"
"NGS_Nanog_WT_Rep1","Read_1610",0.456778759859757,"Subpopulation_1"
"NGS_Nanog_WT_Rep1","Read_1611",0.448012591270363,"Subpopulation_1"
"NGS_Nanog_WT_Rep1","Read_1612",0.45714551107766,"Subpopulation_1"
"NGS_Nanog_WT_Rep1","Read_1613",0.449966604209675,"Subpopulation_1"
"NGS_Nanog_WT_Rep1","Read_1614",0.454265556390385,"Subpopulation_1"
"NGS_Nanog_WT_Rep1","Read_1615",0.459901331347222,"Subpopulation_1"
"NGS_Nanog_WT_Rep1","Read_1616",0.457352683096341,"Subpopulation_1"
"NGS_Nanog_WT_Rep1","Read_1617",0.46009224087713,"Subpopulation_1"
"NGS_Nanog_WT_Rep1","Read_1618",0.449656403169604,"Subpopulation_1"
"NGS_Nanog_WT_Rep1","Read_1619",0.458680110630199,"Subpopulation_1"
"NGS_Nanog_WT_Rep1","Read_1620",0.463947555826954,"Subpopulation_1"
"NGS_Nanog_WT_Rep1","Read_1621",0.459655808496057,"Subpopulation_1"
"NGS_Nanog_WT_Rep1","Read_1622",0.463800780821101,"Subpopulation_1"
"NGS_Nanog_WT_Rep1","Read_1623",0.463708414550318,"Subpopulation_1"
"NGS_Nanog_WT_Rep1","Read_1624",0.456963999128365,"Subpopulation_1"
"NGS_Nanog_WT_Rep1","Read_1625",0.460958146942778,"Subpopulation_1"
"NGS_Nanog_WT_Rep1","Read_1626",0.467436787864996,"Subpopulation_1"
"NGS_Nanog_WT_Rep1","Read_1627",0.457939811080306,"Subpopulation_1"
"NGS_Nanog_WT_Rep1","Read_1628",0.446711295264957,"Subpopulation_1"
"NGS_Nanog_WT_Rep1","Read_1629",0.454113380652619,"Subpopulation_1"
"NGS_Nanog_WT_Rep1","Read_1630",0.455699739533786,"Subpopulation_1"
"NGS_Nanog_WT_Rep1","Read_1631",0.45475009198945,"Subpopulation_1"
"NGS_Nanog_WT_Rep1","Read_1632",0.446900099716405,"Subpopulation_1"
"NGS_Nanog_WT_Rep1","Read_1633",0.455466250221458,"Subpopulation_1"
"NGS_Nanog_WT_Rep1","Read_1634",0.453983380339014,"Subpopulation_1"
"NGS_Nanog_WT_Rep1","Read_1635",0.453559136318689,"Subpopulation_1"
"NGS_Nanog_WT_Rep1","Read_1636",0.453515253109704,"Subpopulation_1"
"NGS_Nanog_WT_Rep1","Read_1637",0.446224323882106,"Subpopulation_1"
"NGS_Nanog_WT_Rep1","Read_1638",0.449034688706455,"Subpopulation_1"
"NGS_Nanog_WT_Rep1","Read_1639",0.455106725934523,"Subpopulation_1"
"NGS_Nanog_WT_Rep1","Read_1640",0.454598418004111,"Subpopulation_1"
"NGS_Nanog_WT_Rep1","Read_1641",0.456980042636462,"Subpopulation_1"
"NGS_Nanog_WT_Rep1","Read_1642",0.453753508187126,"Subpopulation_1"
"NGS_Nanog_WT_Rep1","Read_1643",0.44822684661201,"Subpopulation_1"
"NGS_Nanog_WT_Rep1","Read_1644",0.458869112777086,"Subpopulation_1"
"NGS_Nanog_WT_Rep1","Read_1645",0.466290172559262,"Subpopulation_1"
"NGS_Nanog_WT_Rep1","Read_1646",0.458292352506041,"Subpopulation_1"
"NGS_Nanog_WT_Rep1","Read_1647",0.459304338169051,"Subpopulation_1"
"NGS_Nanog_WT_Rep1","Read_1648",0.461396867372041,"Subpopulation_1"
"NGS_Nanog_WT_Rep1","Read_1649",0.465617529935526,"Subpopulation_1"
"NGS_Nanog_WT_Rep1","Read_1650",0.459398189346044,"Subpopulation_1"
"NGS_Nanog_WT_Rep1","Read_1651",0.455289535311815,"Subpopulation_1"
"NGS_Nanog_WT_Rep1","Read_1652",0.46075823765965,"Subpopulation_1"
"NGS_Nanog_WT_Rep1","Read_1653",0.465790753408476,"Subpopulation_1"
"NGS_Nanog_WT_Rep1","Read_1654",0.454499096739803,"Subpopulation_1"
"NGS_Nanog_WT_Rep1","Read_1655",0.458390390862551,"Subpopulation_1"
"NGS_Nanog_WT_Rep1","Read_1656",0.455705303795933,"Subpopulation_1"
"NGS_Nanog_WT_Rep1","Read_1657",0.444138685474137,"Subpopulation_1"
"NGS_Nanog_WT_Rep1","Read_1658",0.450907472813087,"Subpopulation_1"
"NGS_Nanog_WT_Rep1","Read_1659",0.466909559155319,"Subpopulation_1"
"NGS_Nanog_WT_Rep1","Read_1660",0.459692972077147,"Subpopulation_1"
"NGS_Nanog_WT_Rep1","Read_1661",0.456015842698459,"Subpopulation_1"
"NGS_Nanog_WT_Rep1","Read_1662",0.464063402057616,"Subpopulation_1"
"NGS_Nanog_WT_Rep1","Read_1663",0.458189103625717,"Subpopulation_1"
"NGS_Nanog_WT_Rep1","Read_1664",0.455682650808375,"Subpopulation_1"
"NGS_Nanog_WT_Rep1","Read_1665",0.456084384535268,"Subpopulation_1"
"NGS_Nanog_WT_Rep1","Read_1666",0.464739055835359,"Subpopulation_1"
"NGS_Nanog_WT_Rep1","Read_1667",0.467593233971721,"Subpopulation_1"
"NGS_Nanog_WT_Rep1","Read_1668",0.451455221277922,"Subpopulation_1"
"NGS_Nanog_WT_Rep1","Read_1669",0.453001767031127,"Subpopulation_1"
"NGS_Nanog_WT_Rep1","Read_1670",0.451594278956628,"Subpopulation_1"
"NGS_Nanog_WT_Rep1","Read_1671",0.456754520792802,"Subpopulation_1"
"NGS_Nanog_WT_Rep1","Read_1672",0.44544504925445,"Subpopulation_1"
"NGS_Nanog_WT_Rep1","Read_1673",0.460136904767756,"Subpopulation_1"
"NGS_Nanog_WT_Rep1","Read_1674",0.463268705166744,"Subpopulation_1"
"NGS_Nanog_WT_Rep1","Read_1675",0.467206634382891,"Subpopulation_1"
"NGS_Nanog_WT_Rep1","Read_1676",0.451181697448305,"Subpopulation_1"
"NGS_Nanog_WT_Rep1","Read_1677",0.460855923535945,"Subpopulation_1"
"NGS_Nanog_WT_Rep1","Read_1678",0.45670887691552,"Subpopulation_1"
"NGS_Nanog_WT_Rep1","Read_1679",0.458799618686199,"Subpopulation_1"
"NGS_Nanog_WT_Rep1","Read_1680",0.452955498912583,"Subpopulation_1"
"NGS_Nanog_WT_Rep1","Read_1681",0.469004492023472,"Subpopulation_1"
"NGS_Nanog_WT_Rep1","Read_1682",0.461005640499994,"Subpopulation_1"
"NGS_Nanog_WT_Rep1","Read_1683",0.450790245361032,"Subpopulation_1"
"NGS_Nanog_WT_Rep1","Read_1684",0.455599838026378,"Subpopulation_1"
"NGS_Nanog_WT_Rep1","Read_1685",0.471513647749169,"Subpopulation_1"
"NGS_Nanog_WT_Rep1","Read_1686",0.45550776433778,"Subpopulation_1"
"NGS_Nanog_WT_Rep1","Read_1687",0.464318024658065,"Subpopulation_1"
"NGS_Nanog_WT_Rep1","Read_1688",0.457950747928698,"Subpopulation_1"
"NGS_Nanog_WT_Rep1","Read_1689",0.451429338891369,"Subpopulation_1"
"NGS_Nanog_WT_Rep1","Read_1690",0.459111027467938,"Subpopulation_1"
"NGS_Nanog_WT_Rep1","Read_1691",0.468107292384551,"Subpopulation_1"
"NGS_Nanog_WT_Rep1","Read_1692",0.451659807195413,"Subpopulation_1"
"NGS_Nanog_WT_Rep1","Read_1693",0.461272407201431,"Subpopulation_1"
"NGS_Nanog_WT_Rep1","Read_1694",0.453333077274884,"Subpopulation_1"
"NGS_Nanog_WT_Rep1","Read_1695",0.461256674434787,"Subpopulation_1"
"NGS_Nanog_WT_Rep1","Read_1696",0.455213694637761,"Subpopulation_1"
"NGS_Nanog_WT_Rep1","Read_1697",0.451863765516811,"Subpopulation_1"
"NGS_Nanog_WT_Rep1","Read_1698",0.450640986215996,"Subpopulation_1"
"NGS_Nanog_WT_Rep1","Read_1699",0.45408212256206,"Subpopulation_1"
"NGS_Nanog_WT_Rep1","Read_1700",0.457399353500107,"Subpopulation_1"
"NGS_Nanog_WT_Rep1","Read_1701",0.457873639553337,"Subpopulation_1"
"NGS_Nanog_WT_Rep1","Read_1702",0.448204846740736,"Subpopulation_1"
"NGS_Nanog_WT_Rep1","Read_1703",0.454751945154012,"Subpopulation_1"
"NGS_Nanog_WT_Rep1","Read_1704",0.451184229748843,"Subpopulation_1"
"NGS_Nanog_WT_Rep1","Read_1705",0.453166373240156,"Subpopulation_1"
"NGS_Nanog_WT_Rep1","Read_1706",0.454175021444954,"Subpopulation_1"
"NGS_Nanog_WT_Rep1","Read_1707",0.459569711517827,"Subpopulation_1"
"NGS_Nanog_WT_Rep1","Read_1708",0.46867867142114,"Subpopulation_1"
"NGS_Nanog_WT_Rep1","Read_1709",0.446573243773805,"Subpopulation_1"
"NGS_Nanog_WT_Rep1","Read_1710",0.455812154859982,"Subpopulation_1"
"NGS_Nanog_WT_Rep1","Read_1711",0.454708719138515,"Subpopulation_1"
"NGS_Nanog_WT_Rep1","Read_1712",0.456663263274799,"Subpopulation_1"
"NGS_Nanog_WT_Rep1","Read_1713",0.455334423232573,"Subpopulation_1"
"NGS_Nanog_WT_Rep1","Read_1714",0.465580423856802,"Subpopulation_1"
"NGS_Nanog_WT_Rep1","Read_1715",0.457915319893969,"Subpopulation_1"
"NGS_Nanog_WT_Rep1","Read_1716",0.457221556565055,"Subpopulation_1"
"NGS_Nanog_WT_Rep1","Read_1717",0.457269105643831,"Subpopulation_1"
"NGS_Nanog_WT_Rep1","Read_1718",0.459382297787519,"Subpopulation_1"
"NGS_Nanog_WT_Rep1","Read_1719",0.456452190434038,"Subpopulation_1"
"NGS_Nanog_WT_Rep1","Read_1720",0.454637402482305,"Subpopulation_1"
"NGS_Nanog_WT_Rep1","Read_1721",0.453904670019021,"Subpopulation_1"
"NGS_Nanog_WT_Rep1","Read_1722",0.450693138249445,"Subpopulation_1"
"NGS_Nanog_WT_Rep1","Read_1723",0.451518419655859,"Subpopulation_1"
"NGS_Nanog_WT_Rep1","Read_1724",0.459841372736683,"Subpopulation_1"
"NGS_Nanog_WT_Rep1","Read_1725",0.464742500296795,"Subpopulation_1"
"NGS_Nanog_WT_Rep1","Read_1726",0.456607201372905,"Subpopulation_1"
"NGS_Nanog_WT_Rep1","Read_1727",0.44880773087863,"Subpopulation_1"
"NGS_Nanog_WT_Rep1","Read_1728",0.45789303793642,"Subpopulation_1"
"NGS_Nanog_WT_Rep1","Read_1729",0.454033714755796,"Subpopulation_1"
"NGS_Nanog_WT_Rep1","Read_1730",0.455738033560435,"Subpopulation_1"
"NGS_Nanog_WT_Rep1","Read_1731",0.46271373465696,"Subpopulation_1"
"NGS_Nanog_WT_Rep1","Read_1732",0.459373102707514,"Subpopulation_1"
"NGS_Nanog_WT_Rep1","Read_1733",0.45097475057677,"Subpopulation_1"
"NGS_Nanog_WT_Rep1","Read_1734",0.453208420754997,"Subpopulation_1"
"NGS_Nanog_WT_Rep1","Read_1735",0.449501808433192,"Subpopulation_1"
"NGS_Nanog_WT_Rep1","Read_1736",0.453416415887061,"Subpopulation_1"
"NGS_Nanog_WT_Rep1","Read_1737",0.464760341794496,"Subpopulation_1"
"NGS_Nanog_WT_Rep1","Read_1738",0.458524778075867,"Subpopulation_1"
"NGS_Nanog_WT_Rep1","Read_1739",0.456804388023904,"Subpopulation_1"
"NGS_Nanog_WT_Rep1","Read_1740",0.459452289161838,"Subpopulation_1"
"NGS_Nanog_WT_Rep1","Read_1741",0.457776198146238,"Subpopulation_1"
"NGS_Nanog_WT_Rep1","Read_1742",0.451649106619516,"Subpopulation_1"
"NGS_Nanog_WT_Rep1","Read_1743",0.454968676661406,"Subpopulation_1"
"NGS_Nanog_WT_Rep1","Read_1744",0.451086048025592,"Subpopulation_1"
"NGS_Nanog_WT_Rep1","Read_1745",0.455086503473485,"Subpopulation_1"
"NGS_Nanog_WT_Rep1","Read_1746",0.454817959556113,"Subpopulation_1"
"NGS_Nanog_WT_Rep1","Read_1747",0.455503315138237,"Subpopulation_1"
"NGS_Nanog_WT_Rep1","Read_1748",0.454887247006899,"Subpopulation_1"
"NGS_Nanog_WT_Rep1","Read_1749",0.459561041347805,"Subpopulation_1"
"NGS_Nanog_WT_Rep1","Read_1750",0.461687914806393,"Subpopulation_1"
"NGS_Nanog_WT_Rep1","Read_1751",0.461118400828799,"Subpopulation_1"
"NGS_Nanog_WT_Rep1","Read_1752",0.454245083579643,"Subpopulation_1"
"NGS_Nanog_WT_Rep1","Read_1753",0.444624043804308,"Subpopulation_1"
"NGS_Nanog_WT_Rep1","Read_1754",0.459302388047666,"Subpopulation_1"
"NGS_Nanog_WT_Rep1","Read_1755",0.456663993257808,"Subpopulation_1"
"NGS_Nanog_WT_Rep1","Read_1756",0.459761231745508,"Subpopulation_1"
"NGS_Nanog_WT_Rep1","Read_1757",0.456571153950072,"Subpopulation_1"
"NGS_Nanog_WT_Rep1","Read_1758",0.453635972734242,"Subpopulation_1"
"NGS_Nanog_WT_Rep1","Read_1759",0.447181122352757,"Subpopulation_1"
"NGS_Nanog_WT_Rep1","Read_1760",0.466909073957176,"Subpopulation_1"
"NGS_Nanog_WT_Rep1","Read_1761",0.460075408534108,"Subpopulation_1"
"NGS_Nanog_WT_Rep1","Read_1762",0.456952395626317,"Subpopulation_1"
"NGS_Nanog_WT_Rep1","Read_1763",0.459151988016181,"Subpopulation_1"
"NGS_Nanog_WT_Rep1","Read_1764",0.45847787806452,"Subpopulation_1"
"NGS_Nanog_WT_Rep1","Read_1765",0.447419094979862,"Subpopulation_1"
"NGS_Nanog_WT_Rep1","Read_1766",0.446977701843597,"Subpopulation_1"
"NGS_Nanog_WT_Rep1","Read_1767",0.462085230140634,"Subpopulation_1"
"NGS_Nanog_WT_Rep1","Read_1768",0.459563944137155,"Subpopulation_1"
"NGS_Nanog_WT_Rep1","Read_1769",0.448932488405325,"Subpopulation_1"
"NGS_Nanog_WT_Rep1","Read_1770",0.452543884667182,"Subpopulation_1"
"NGS_Nanog_WT_Rep1","Read_1771",0.45716772825269,"Subpopulation_1"
"NGS_Nanog_WT_Rep1","Read_1772",0.455871378954848,"Subpopulation_1"
"NGS_Nanog_WT_Rep1","Read_1773",0.452463358448321,"Subpopulation_1"
"NGS_Nanog_WT_Rep1","Read_1774",0.451577827419612,"Subpopulation_1"
"NGS_Nanog_WT_Rep1","Read_1775",0.446005303883522,"Subpopulation_1"
"NGS_Nanog_WT_Rep1","Read_1776",0.451813400443869,"Subpopulation_1"
"NGS_Nanog_WT_Rep1","Read_1777",0.456571806833172,"Subpopulation_1"
"NGS_Nanog_WT_Rep1","Read_1778",0.449105023624385,"Subpopulation_1"
"NGS_Nanog_WT_Rep1","Read_1779",0.458065098932384,"Subpopulation_1"
"NGS_Nanog_WT_Rep1","Read_1780",0.455892354379938,"Subpopulation_1"
"NGS_Nanog_WT_Rep1","Read_1781",0.458954713882488,"Subpopulation_1"
"NGS_Nanog_WT_Rep1","Read_1782",0.456724957374667,"Subpopulation_1"
"NGS_Nanog_WT_Rep1","Read_1783",0.461235772277384,"Subpopulation_1"
"NGS_Nanog_WT_Rep1","Read_1784",0.462680477186661,"Subpopulation_1"
"NGS_Nanog_WT_Rep1","Read_1785",0.448304494950609,"Subpopulation_1"
"NGS_Nanog_WT_Rep1","Read_1786",0.450860808581403,"Subpopulation_1"
"NGS_Nanog_WT_Rep1","Read_1787",0.452877437732207,"Subpopulation_1"
"NGS_Nanog_WT_Rep1","Read_1788",0.448801273292469,"Subpopulation_1"
"NGS_Nanog_WT_Rep1","Read_1789",0.454589447192171,"Subpopulation_1"
"NGS_Nanog_WT_Rep1","Read_1790",0.455612055209944,"Subpopulation_1"
"NGS_Nanog_WT_Rep1","Read_1791",0.455437806798851,"Subpopulation_1"
"NGS_Nanog_WT_Rep1","Read_1792",0.455751793637725,"Subpopulation_1"
"NGS_Nanog_WT_Rep1","Read_1793",0.464245879283452,"Subpopulation_1"
"NGS_Nanog_WT_Rep1","Read_1794",0.456271030632184,"Subpopulation_1"
"NGS_Nanog_WT_Rep1","Read_1795",0.456674436575637,"Subpopulation_1"
"NGS_Nanog_WT_Rep1","Read_1796",0.457731030015706,"Subpopulation_1"
"NGS_Nanog_WT_Rep1","Read_1797",0.460418963655472,"Subpopulation_1"
"NGS_Nanog_WT_Rep1","Read_1798",0.451174936852183,"Subpopulation_1"
"NGS_Nanog_WT_Rep1","Read_1799",0.460964535155096,"Subpopulation_1"
"NGS_Nanog_WT_Rep1","Read_1800",0.455468546232335,"Subpopulation_1"
"NGS_Nanog_WT_Rep1","Read_1801",0.456369522213434,"Subpopulation_1"
"NGS_Nanog_WT_Rep1","Read_1802",0.453509435136265,"Subpopulation_1"
"NGS_Nanog_WT_Rep1","Read_1803",0.455315198692632,"Subpopulation_1"
"NGS_Nanog_WT_Rep1","Read_1804",0.461182260895772,"Subpopulation_1"
"NGS_Nanog_WT_Rep1","Read_1805",0.463045437700552,"Subpopulation_1"
"NGS_Nanog_WT_Rep1","Read_1806",0.454325267086293,"Subpopulation_1"
"NGS_Nanog_WT_Rep1","Read_1807",0.45504230504287,"Subpopulation_1"
"NGS_Nanog_WT_Rep1","Read_1808",0.462849633528939,"Subpopulation_1"
"NGS_Nanog_WT_Rep1","Read_1809",0.451614393739661,"Subpopulation_1"
"NGS_Nanog_WT_Rep1","Read_1810",0.457822566097842,"Subpopulation_1"
"NGS_Nanog_WT_Rep1","Read_1811",0.441294942364949,"Subpopulation_1"
"NGS_Nanog_WT_Rep1","Read_1812",0.458883519798954,"Subpopulation_1"
"NGS_Nanog_WT_Rep1","Read_1813",0.456548138173822,"Subpopulation_1"
"NGS_Nanog_WT_Rep1","Read_1814",0.465389281045885,"Subpopulation_1"
"NGS_Nanog_WT_Rep1","Read_1815",0.456124547871842,"Subpopulation_1"
"NGS_Nanog_WT_Rep1","Read_1816",0.460055143922309,"Subpopulation_1"
"NGS_Nanog_WT_Rep1","Read_1817",0.451621638731686,"Subpopulation_1"
"NGS_Nanog_WT_Rep1","Read_1818",0.454654756203596,"Subpopulation_1"
"NGS_Nanog_WT_Rep1","Read_1819",0.447124522438004,"Subpopulation_1"
"NGS_Nanog_WT_Rep1","Read_1820",0.459026660324233,"Subpopulation_1"
"NGS_Nanog_WT_Rep1","Read_1821",0.453185142668338,"Subpopulation_1"
"NGS_Nanog_WT_Rep1","Read_1822",0.455563632071316,"Subpopulation_1"
"NGS_Nanog_WT_Rep1","Read_1823",0.455208615434115,"Subpopulation_1"
"NGS_Nanog_WT_Rep1","Read_1824",0.453900176244872,"Subpopulation_1"
"NGS_Nanog_WT_Rep1","Read_1825",0.45233671252307,"Subpopulation_1"
"NGS_Nanog_WT_Rep1","Read_1826",0.452510524997305,"Subpopulation_1"
"NGS_Nanog_WT_Rep1","Read_1827",0.458556295063983,"Subpopulation_1"
"NGS_Nanog_WT_Rep1","Read_1828",0.466714200278354,"Subpopulation_1"
"NGS_Nanog_WT_Rep1","Read_1829",0.453078534253524,"Subpopulation_1"
"NGS_Nanog_WT_Rep1","Read_1830",0.454651233233267,"Subpopulation_1"
"NGS_Nanog_WT_Rep1","Read_1831",0.452451443691964,"Subpopulation_1"
"NGS_Nanog_WT_Rep1","Read_1832",0.447093032170755,"Subpopulation_1"
"NGS_Nanog_WT_Rep1","Read_1833",0.451289337192561,"Subpopulation_1"
"NGS_Nanog_WT_Rep1","Read_1834",0.451891503482121,"Subpopulation_1"
"NGS_Nanog_WT_Rep1","Read_1835",0.451936204777411,"Subpopulation_1"
"NGS_Nanog_WT_Rep1","Read_1836",0.453447863011422,"Subpopulation_1"
"NGS_Nanog_WT_Rep1","Read_1837",0.448138837811528,"Subpopulation_1"
"NGS_Nanog_WT_Rep1","Read_1838",0.458778255672436,"Subpopulation_1"
"NGS_Nanog_WT_Rep1","Read_1839",0.455318814004642,"Subpopulation_1"
"NGS_Nanog_WT_Rep1","Read_1840",0.462131105395611,"Subpopulation_1"
"NGS_Nanog_WT_Rep1","Read_1841",0.460699931334724,"Subpopulation_1"
"NGS_Nanog_WT_Rep1","Read_1842",0.458283198450978,"Subpopulation_1"
"NGS_Nanog_WT_Rep1","Read_1843",0.458324819576576,"Subpopulation_1"
"NGS_Nanog_WT_Rep1","Read_1844",0.446237286299966,"Subpopulation_1"
"NGS_Nanog_WT_Rep1","Read_1845",0.453514684931925,"Subpopulation_1"
"NGS_Nanog_WT_Rep1","Read_1846",0.45720750863272,"Subpopulation_1"
"NGS_Nanog_WT_Rep1","Read_1847",0.457177874811254,"Subpopulation_1"
"NGS_Nanog_WT_Rep1","Read_1848",0.457318877658716,"Subpopulation_1"
"NGS_Nanog_WT_Rep1","Read_1849",0.459588297949221,"Subpopulation_1"
"NGS_Nanog_WT_Rep1","Read_1850",0.458738473110219,"Subpopulation_1"
"NGS_Nanog_WT_Rep1","Read_1851",0.466455592235861,"Subpopulation_1"
"NGS_Nanog_WT_Rep1","Read_1852",0.456474180104382,"Subpopulation_1"
"NGS_Nanog_WT_Rep1","Read_1853",0.453989304467944,"Subpopulation_1"
"NGS_Nanog_WT_Rep1","Read_1854",0.455395097669357,"Subpopulation_1"
"NGS_Nanog_WT_Rep1","Read_1855",0.461185692355505,"Subpopulation_1"
"NGS_Nanog_WT_Rep1","Read_1856",0.45659367724149,"Subpopulation_1"
"NGS_Nanog_WT_Rep1","Read_1857",0.459812503735086,"Subpopulation_1"
"NGS_Nanog_WT_Rep1","Read_1858",0.468541924108935,"Subpopulation_1"
"NGS_Nanog_WT_Rep1","Read_1859",0.461744147097937,"Subpopulation_1"
"NGS_Nanog_WT_Rep1","Read_1860",0.447193478413862,"Subpopulation_1"
"NGS_Nanog_WT_Rep1","Read_1861",0.452410450272989,"Subpopulation_1"
"NGS_Nanog_WT_Rep1","Read_1862",0.459095153789004,"Subpopulation_1"
"NGS_Nanog_WT_Rep1","Read_1863",0.44417425581534,"Subpopulation_1"
"NGS_Nanog_WT_Rep1","Read_1864",0.466822756874963,"Subpopulation_1"
"NGS_Nanog_WT_Rep1","Read_1865",0.461438206159732,"Subpopulation_1"
"NGS_Nanog_WT_Rep1","Read_1866",0.463623485875242,"Subpopulation_1"
"NGS_Nanog_WT_Rep1","Read_1867",0.464798190086883,"Subpopulation_1"
"NGS_Nanog_WT_Rep1","Read_1868",0.456608627756279,"Subpopulation_1"
"NGS_Nanog_WT_Rep1","Read_1869",0.448256343462277,"Subpopulation_1"
"NGS_Nanog_WT_Rep1","Read_1870",0.445438692367708,"Subpopulation_1"
"NGS_Nanog_WT_Rep1","Read_1871",0.460060418626134,"Subpopulation_1"
"NGS_Nanog_WT_Rep1","Read_1872",0.45297437884398,"Subpopulation_1"
"NGS_Nanog_WT_Rep1","Read_1873",0.457782004284577,"Subpopulation_1"
"NGS_Nanog_WT_Rep1","Read_1874",0.449640955453411,"Subpopulation_1"
"NGS_Nanog_WT_Rep1","Read_1875",0.460027679690064,"Subpopulation_1"
"NGS_Nanog_WT_Rep1","Read_1876",0.4560878855489,"Subpopulation_1"
"NGS_Nanog_WT_Rep1","Read_1877",0.462394817550227,"Subpopulation_1"
"NGS_Nanog_WT_Rep1","Read_1878",0.460057318592442,"Subpopulation_1"
"NGS_Nanog_WT_Rep1","Read_1879",0.469220528511384,"Subpopulation_1"
"NGS_Nanog_WT_Rep1","Read_1880",0.453575625734547,"Subpopulation_1"
"NGS_Nanog_WT_Rep1","Read_1881",0.45432379540909,"Subpopulation_1"
"NGS_Nanog_WT_Rep1","Read_1882",0.456311630390114,"Subpopulation_1"
"NGS_Nanog_WT_Rep1","Read_1883",0.465956296560616,"Subpopulation_1"
"NGS_Nanog_WT_Rep1","Read_1884",0.450868991084855,"Subpopulation_1"
"NGS_Nanog_WT_Rep1","Read_1885",0.45043500953491,"Subpopulation_1"
"NGS_Nanog_WT_Rep1","Read_1886",0.44797260322861,"Subpopulation_1"
"NGS_Nanog_WT_Rep1","Read_1887",0.461969966393781,"Subpopulation_1"
"NGS_Nanog_WT_Rep1","Read_1888",0.458148972264105,"Subpopulation_1"
"NGS_Nanog_WT_Rep1","Read_1889",0.459690924643584,"Subpopulation_1"
"NGS_Nanog_WT_Rep1","Read_1890",0.459940346387729,"Subpopulation_1"
"NGS_Nanog_WT_Rep1","Read_1891",0.45101477730047,"Subpopulation_1"
"NGS_Nanog_WT_Rep1","Read_1892",0.453563185035519,"Subpopulation_1"
"NGS_Nanog_WT_Rep1","Read_1893",0.461990562549935,"Subpopulation_1"
"NGS_Nanog_WT_Rep1","Read_1894",0.462531141046015,"Subpopulation_1"
"NGS_Nanog_WT_Rep1","Read_1895",0.453778500401803,"Subpopulation_1"
"NGS_Nanog_WT_Rep1","Read_1896",0.461036557372574,"Subpopulation_1"
"NGS_Nanog_WT_Rep1","Read_1897",0.458086687424091,"Subpopulation_1"
"NGS_Nanog_WT_Rep1","Read_1898",0.441440710192063,"Subpopulation_1"
"NGS_Nanog_WT_Rep1","Read_1899",0.45799418463543,"Subpopulation_1"
"NGS_Nanog_WT_Rep1","Read_1900",0.449686479960447,"Subpopulation_1"
"NGS_Nanog_WT_Rep1","Read_1901",0.458631103095546,"Subpopulation_1"
"NGS_Nanog_WT_Rep1","Read_1902",0.453169358425646,"Subpopulation_1"
"NGS_Nanog_WT_Rep1","Read_1903",0.456255209574469,"Subpopulation_1"
"NGS_Nanog_WT_Rep1","Read_1904",0.443587304152681,"Subpopulation_1"
"NGS_Nanog_WT_Rep1","Read_1905",0.455624553260842,"Subpopulation_1"
"NGS_Nanog_WT_Rep1","Read_1906",0.452361749350203,"Subpopulation_1"
"NGS_Nanog_WT_Rep1","Read_1907",0.454491397265814,"Subpopulation_1"
"NGS_Nanog_WT_Rep1","Read_1908",0.463189514362075,"Subpopulation_1"
"NGS_Nanog_WT_Rep1","Read_1909",0.468362737945451,"Subpopulation_1"
"NGS_Nanog_WT_Rep1","Read_1910",0.452741936462822,"Subpopulation_1"
"NGS_Nanog_WT_Rep1","Read_1911",0.457615846247565,"Subpopulation_1"
"NGS_Nanog_WT_Rep1","Read_1912",0.445051049828896,"Subpopulation_1"
"NGS_Nanog_WT_Rep1","Read_1913",0.44862580859627,"Subpopulation_1"
"NGS_Nanog_WT_Rep1","Read_1914",0.451539134109668,"Subpopulation_1"
"NGS_Nanog_WT_Rep1","Read_1915",0.456354053440933,"Subpopulation_1"
"NGS_Nanog_WT_Rep1","Read_1916",0.448932993553437,"Subpopulation_1"
"NGS_Nanog_WT_Rep1","Read_1917",0.458724004101575,"Subpopulation_1"
"NGS_Nanog_WT_Rep1","Read_1918",0.461657623639691,"Subpopulation_1"
"NGS_Nanog_WT_Rep1","Read_1919",0.450541979396434,"Subpopulation_1"
"NGS_Nanog_WT_Rep1","Read_1920",0.450406344879803,"Subpopulation_1"
"NGS_Nanog_WT_Rep1","Read_1921",0.447820102030787,"Subpopulation_1"
"NGS_Nanog_WT_Rep1","Read_1922",0.45656040853499,"Subpopulation_1"
"NGS_Nanog_WT_Rep1","Read_1923",0.466687894432145,"Subpopulation_1"
"NGS_Nanog_WT_Rep1","Read_1924",0.457362423498929,"Subpopulation_1"
"NGS_Nanog_WT_Rep1","Read_1925",0.440611572021664,"Subpopulation_1"
"NGS_Nanog_WT_Rep1","Read_1926",0.459952401582067,"Subpopulation_1"
"NGS_Nanog_WT_Rep1","Read_1927",0.451958503170223,"Subpopulation_1"
"NGS_Nanog_WT_Rep1","Read_1928",0.455469928511721,"Subpopulation_1"
"NGS_Nanog_WT_Rep1","Read_1929",0.459518675533842,"Subpopulation_1"
"NGS_Nanog_WT_Rep1","Read_1930",0.453150285209485,"Subpopulation_1"
"NGS_Nanog_WT_Rep1","Read_1931",0.448130071424761,"Subpopulation_1"
"NGS_Nanog_WT_Rep1","Read_1932",0.450643035147773,"Subpopulation_1"
"NGS_Nanog_WT_Rep1","Read_1933",0.452553986984343,"Subpopulation_1"
"NGS_Nanog_WT_Rep1","Read_1934",0.451200127998763,"Subpopulation_1"
"NGS_Nanog_WT_Rep1","Read_1935",0.462089517877902,"Subpopulation_1"
"NGS_Nanog_WT_Rep1","Read_1936",0.451600804817346,"Subpopulation_1"
"NGS_Nanog_WT_Rep1","Read_1937",0.459737557379908,"Subpopulation_1"
"NGS_Nanog_WT_Rep1","Read_1938",0.457583091817998,"Subpopulation_1"
"NGS_Nanog_WT_Rep1","Read_1939",0.450596539605045,"Subpopulation_1"
"NGS_Nanog_WT_Rep1","Read_1940",0.44476859440691,"Subpopulation_1"
"NGS_Nanog_WT_Rep1","Read_1941",0.460908767130414,"Subpopulation_1"
"NGS_Nanog_WT_Rep1","Read_1942",0.463685081959865,"Subpopulation_1"
"NGS_Nanog_WT_Rep1","Read_1943",0.46298501214049,"Subpopulation_1"
"NGS_Nanog_WT_Rep1","Read_1944",0.45537237559909,"Subpopulation_1"
"NGS_Nanog_WT_Rep1","Read_1945",0.454779742338306,"Subpopulation_1"
"NGS_Nanog_WT_Rep1","Read_1946",0.452524558005819,"Subpopulation_1"
"NGS_Nanog_WT_Rep1","Read_1947",0.446552987884305,"Subpopulation_1"
"NGS_Nanog_WT_Rep1","Read_1948",0.458081433156447,"Subpopulation_1"
"NGS_Nanog_WT_Rep1","Read_1949",0.452610699147382,"Subpopulation_1"
"NGS_Nanog_WT_Rep1","Read_1950",0.462475299796572,"Subpopulation_1"
"NGS_Nanog_WT_Rep1","Read_1951",0.46509030832941,"Subpopulation_1"
"NGS_Nanog_WT_Rep1","Read_1952",0.468358107659936,"Subpopulation_1"
"NGS_Nanog_WT_Rep1","Read_1953",0.46066232063523,"Subpopulation_1"
"NGS_Nanog_WT_Rep1","Read_1954",0.455199543230149,"Subpopulation_1"
"NGS_Nanog_WT_Rep1","Read_1955",0.455991157363594,"Subpopulation_1"
"NGS_Nanog_WT_Rep1","Read_1956",0.452526750082023,"Subpopulation_1"
"NGS_Nanog_WT_Rep1","Read_1957",0.454562914043562,"Subpopulation_1"
"NGS_Nanog_WT_Rep1","Read_1958",0.456472330096736,"Subpopulation_1"
"NGS_Nanog_WT_Rep1","Read_1959",0.462377630555908,"Subpopulation_1"
"NGS_Nanog_WT_Rep1","Read_1960",0.454570833684982,"Subpopulation_1"
"NGS_Nanog_WT_Rep1","Read_1961",0.445005372774933,"Subpopulation_1"
"NGS_Nanog_WT_Rep1","Read_1962",0.462776533362665,"Subpopulation_1"
"NGS_Nanog_WT_Rep1","Read_1963",0.454268519050393,"Subpopulation_1"
"NGS_Nanog_WT_Rep1","Read_1964",0.45613639449533,"Subpopulation_1"
"NGS_Nanog_WT_Rep1","Read_1965",0.458490882662907,"Subpopulation_1"
"NGS_Nanog_WT_Rep1","Read_1966",0.455130887599817,"Subpopulation_1"
"NGS_Nanog_WT_Rep1","Read_1967",0.457234366950828,"Subpopulation_1"
"NGS_Nanog_WT_Rep1","Read_1968",0.455011718016187,"Subpopulation_1"
"NGS_Nanog_WT_Rep1","Read_1969",0.46392191099926,"Subpopulation_1"
"NGS_Nanog_WT_Rep1","Read_1970",0.461229761682441,"Subpopulation_1"
"NGS_Nanog_WT_Rep1","Read_1971",0.458710705015273,"Subpopulation_1"
"NGS_Nanog_WT_Rep1","Read_1972",0.453654981576494,"Subpopulation_1"
"NGS_Nanog_WT_Rep1","Read_1973",0.459597485473086,"Subpopulation_1"
"NGS_Nanog_WT_Rep1","Read_1974",0.447635302877799,"Subpopulation_1"
"NGS_Nanog_WT_Rep1","Read_1975",0.453626417166335,"Subpopulation_1"
"NGS_Nanog_WT_Rep1","Read_1976",0.460383639359095,"Subpopulation_1"
"NGS_Nanog_WT_Rep1","Read_1977",0.458404782651223,"Subpopulation_1"
"NGS_Nanog_WT_Rep1","Read_1978",0.45810076683374,"Subpopulation_1"
"NGS_Nanog_WT_Rep1","Read_1979",0.454315420177351,"Subpopulation_1"
"NGS_Nanog_WT_Rep1","Read_1980",0.453058169233651,"Subpopulation_1"
"NGS_Nanog_WT_Rep1","Read_1981",0.455128361214869,"Subpopulation_1"
"NGS_Nanog_WT_Rep1","Read_1982",0.45805648226157,"Subpopulation_1"
"NGS_Nanog_WT_Rep1","Read_1983",0.455329476491883,"Subpopulation_1"
"NGS_Nanog_WT_Rep1","Read_1984",0.459673228710981,"Subpopulation_1"
"NGS_Nanog_WT_Rep1","Read_1985",0.458460806770111,"Subpopulation_1"
"NGS_Nanog_WT_Rep1","Read_1986",0.460048041378133,"Subpopulation_1"
"NGS_Nanog_WT_Rep1","Read_1987",0.458606054998265,"Subpopulation_1"
"NGS_Nanog_WT_Rep1","Read_1988",0.460937066602061,"Subpopulation_1"
"NGS_Nanog_WT_Rep1","Read_1989",0.456280615383402,"Subpopulation_1"
"NGS_Nanog_WT_Rep1","Read_1990",0.468165165676052,"Subpopulation_1"
"NGS_Nanog_WT_Rep1","Read_1991",0.46028752287101,"Subpopulation_1"
"NGS_Nanog_WT_Rep1","Read_1992",0.448178318591706,"Subpopulation_1"
"NGS_Nanog_WT_Rep1","Read_1993",0.45912425972368,"Subpopulation_1"
"NGS_Nanog_WT_Rep1","Read_1994",0.463544296103215,"Subpopulation_1"
"NGS_Nanog_WT_Rep1","Read_1995",0.454074488806598,"Subpopulation_1"
"NGS_Nanog_WT_Rep1","Read_1996",0.446700266468924,"Subpopulation_1"
"NGS_Nanog_WT_Rep1","Read_1997",0.458320104060876,"Subpopulation_1"
"NGS_Nanog_WT_Rep1","Read_1998",0.453004924516381,"Subpopulation_1"
"NGS_Nanog_WT_Rep1","Read_1999",0.463456825155937,"Subpopulation_1"
"NGS_Nanog_WT_Rep1","Read_2000",0.45654765648371,"Subpopulation_1"
"NGS_Nanog_WT_Rep1","Read_2001",0.451226905942271,"Subpopulation_1"
"NGS_Nanog_WT_Rep1","Read_2002",0.450263285285973,"Subpopulation_1"
"NGS_Nanog_WT_Rep1","Read_2003",0.465536618037383,"Subpopulation_1"
"NGS_Nanog_WT_Rep1","Read_2004",0.460849378019603,"Subpopulation_1"
"NGS_Nanog_WT_Rep1","Read_2005",0.455348275645476,"Subpopulation_1"
"NGS_Nanog_WT_Rep1","Read_2006",0.45477689672069,"Subpopulation_1"
"NGS_Nanog_WT_Rep1","Read_2007",0.460796677172756,"Subpopulation_1"
"NGS_Nanog_WT_Rep1","Read_2008",0.460414611606809,"Subpopulation_1"
"NGS_Nanog_WT_Rep1","Read_2009",0.467520835690284,"Subpopulation_1"
"NGS_Nanog_WT_Rep1","Read_2010",0.456537744112708,"Subpopulation_1"
"NGS_Nanog_WT_Rep1","Read_2011",0.457125805662873,"Subpopulation_1"
"NGS_Nanog_WT_Rep1","Read_2012",0.455399430847804,"Subpopulation_1"
"NGS_Nanog_WT_Rep1","Read_2013",0.451437826586253,"Subpopulation_1"
"NGS_Nanog_WT_Rep1","Read_2014",0.457751657106997,"Subpopulation_1"
"NGS_Nanog_WT_Rep1","Read_2015",0.466270034240205,"Subpopulation_1"
"NGS_Nanog_WT_Rep1","Read_2016",0.460521170427968,"Subpopulation_1"
"NGS_Nanog_WT_Rep1","Read_2017",0.448471166580455,"Subpopulation_1"
"NGS_Nanog_WT_Rep1","Read_2018",0.458570829297569,"Subpopulation_1"
"NGS_Nanog_WT_Rep1","Read_2019",0.460745043289897,"Subpopulation_1"
"NGS_Nanog_WT_Rep1","Read_2020",0.464012122014284,"Subpopulation_1"
"NGS_Nanog_WT_Rep1","Read_2021",0.455294081382093,"Subpopulation_1"
"NGS_Nanog_WT_Rep1","Read_2022",0.458631074471181,"Subpopulation_1"
"NGS_Nanog_WT_Rep1","Read_2023",0.460482263539046,"Subpopulation_1"
"NGS_Nanog_WT_Rep1","Read_2024",0.445944375666061,"Subpopulation_1"
"NGS_Nanog_WT_Rep1","Read_2025",0.452442805869878,"Subpopulation_1"
"NGS_Nanog_WT_Rep1","Read_2026",0.464941927722102,"Subpopulation_1"
"NGS_Nanog_WT_Rep1","Read_2027",0.460805886891904,"Subpopulation_1"
"NGS_Nanog_WT_Rep1","Read_2028",0.45915959265101,"Subpopulation_1"
"NGS_Nanog_WT_Rep1","Read_2029",0.461035917719011,"Subpopulation_1"
"NGS_Nanog_WT_Rep1","Read_2030",0.447887305547563,"Subpopulation_1"
"NGS_Nanog_WT_Rep1","Read_2031",0.455117677814871,"Subpopulation_1"
"NGS_Nanog_WT_Rep1","Read_2032",0.454519418644736,"Subpopulation_1"
"NGS_Nanog_WT_Rep1","Read_2033",0.466986793444881,"Subpopulation_1"
"NGS_Nanog_WT_Rep1","Read_2034",0.449346322221258,"Subpopulation_1"
"NGS_Nanog_WT_Rep1","Read_2035",0.452745948746753,"Subpopulation_1"
"NGS_Nanog_WT_Rep1","Read_2036",0.455071485045708,"Subpopulation_1"
"NGS_Nanog_WT_Rep1","Read_2037",0.45929937965796,"Subpopulation_1"
"NGS_Nanog_WT_Rep1","Read_2038",0.460132510360528,"Subpopulation_1"
"NGS_Nanog_WT_Rep1","Read_2039",0.456615907313391,"Subpopulation_1"
"NGS_Nanog_WT_Rep1","Read_2040",0.457303162593598,"Subpopulation_1"
"NGS_Nanog_WT_Rep1","Read_2041",0.461778503050456,"Subpopulation_1"
"NGS_Nanog_WT_Rep1","Read_2042",0.462316347849133,"Subpopulation_1"
"NGS_Nanog_WT_Rep1","Read_2043",0.45370558978109,"Subpopulation_1"
"NGS_Nanog_WT_Rep1","Read_2044",0.45545001512791,"Subpopulation_1"
"NGS_Nanog_WT_Rep1","Read_2045",0.462571970538012,"Subpopulation_1"
"NGS_Nanog_WT_Rep1","Read_2046",0.456132761513732,"Subpopulation_1"
"NGS_Nanog_WT_Rep1","Read_2047",0.461048851165709,"Subpopulation_1"
"NGS_Nanog_WT_Rep1","Read_2048",0.44111270211824,"Subpopulation_1"
"NGS_Nanog_WT_Rep1","Read_2049",0.458076710598125,"Subpopulation_1"
"NGS_Nanog_WT_Rep1","Read_2050",0.450094193568117,"Subpopulation_1"
"NGS_Nanog_WT_Rep1","Read_2051",0.455769620433776,"Subpopulation_1"
"NGS_Nanog_WT_Rep1","Read_2052",0.461649451975673,"Subpopulation_1"
"NGS_Nanog_WT_Rep1","Read_2053",0.459839862794131,"Subpopulation_1"
"NGS_Nanog_WT_Rep1","Read_2054",0.463446016961172,"Subpopulation_1"
"NGS_Nanog_WT_Rep1","Read_2055",0.457576439608698,"Subpopulation_1"
"NGS_Nanog_WT_Rep1","Read_2056",0.449191129140178,"Subpopulation_1"
"NGS_Nanog_WT_Rep1","Read_2057",0.46137182198764,"Subpopulation_1"
"NGS_Nanog_WT_Rep1","Read_2058",0.452545381757729,"Subpopulation_1"
"NGS_Nanog_WT_Rep1","Read_2059",0.466132561167317,"Subpopulation_1"
"NGS_Nanog_WT_Rep1","Read_2060",0.447437212093217,"Subpopulation_1"
"NGS_Nanog_WT_Rep1","Read_2061",0.457564690420111,"Subpopulation_1"
"NGS_Nanog_WT_Rep1","Read_2062",0.44918852967971,"Subpopulation_1"
"NGS_Nanog_WT_Rep1","Read_2063",0.463913650648498,"Subpopulation_1"
"NGS_Nanog_WT_Rep1","Read_2064",0.451781930583546,"Subpopulation_1"
"NGS_Nanog_WT_Rep1","Read_2065",0.45792566934386,"Subpopulation_1"
"NGS_Nanog_WT_Rep1","Read_2066",0.457019065934288,"Subpopulation_1"
"NGS_Nanog_WT_Rep1","Read_2067",0.456344143898551,"Subpopulation_1"
"NGS_Nanog_WT_Rep1","Read_2068",0.445068754070172,"Subpopulation_1"
"NGS_Nanog_WT_Rep1","Read_2069",0.458808346374504,"Subpopulation_1"
"NGS_Nanog_WT_Rep1","Read_2070",0.459636338321778,"Subpopulation_1"
"NGS_Nanog_WT_Rep1","Read_2071",0.455381605366881,"Subpopulation_1"
"NGS_Nanog_WT_Rep1","Read_2072",0.461359082789687,"Subpopulation_1"
"NGS_Nanog_WT_Rep1","Read_2073",0.46265182638156,"Subpopulation_1"
"NGS_Nanog_WT_Rep1","Read_2074",0.453391303741479,"Subpopulation_1"
"NGS_Nanog_WT_Rep1","Read_2075",0.460334630267065,"Subpopulation_1"
"NGS_Nanog_WT_Rep1","Read_2076",0.453903315935728,"Subpopulation_1"
"NGS_Nanog_WT_Rep1","Read_2077",0.45457712051838,"Subpopulation_1"
"NGS_Nanog_WT_Rep1","Read_2078",0.453885221378327,"Subpopulation_1"
"NGS_Nanog_WT_Rep1","Read_2079",0.461277884070347,"Subpopulation_1"
"NGS_Nanog_WT_Rep1","Read_2080",0.462972293212976,"Subpopulation_1"
"NGS_Nanog_WT_Rep1","Read_2081",0.448862172419293,"Subpopulation_1"
"NGS_Nanog_WT_Rep1","Read_2082",0.463850539563599,"Subpopulation_1"
"NGS_Nanog_WT_Rep1","Read_2083",0.442847841569417,"Subpopulation_1"
"NGS_Nanog_WT_Rep1","Read_2084",0.459624579443651,"Subpopulation_1"
"NGS_Nanog_WT_Rep1","Read_2085",0.459823068783139,"Subpopulation_1"
"NGS_Nanog_WT_Rep1","Read_2086",0.453495373356674,"Subpopulation_1"
"NGS_Nanog_WT_Rep1","Read_2087",0.466070154249598,"Subpopulation_1"
"NGS_Nanog_WT_Rep1","Read_2088",0.464112292133889,"Subpopulation_1"
"NGS_Nanog_WT_Rep1","Read_2089",0.462092644537797,"Subpopulation_1"
"NGS_Nanog_WT_Rep1","Read_2090",0.465003108842823,"Subpopulation_1"
"NGS_Nanog_WT_Rep1","Read_2091",0.455845722146663,"Subpopulation_1"
"NGS_Nanog_WT_Rep1","Read_2092",0.446836402554682,"Subpopulation_1"
"NGS_Nanog_WT_Rep1","Read_2093",0.454112317686459,"Subpopulation_1"
"NGS_Nanog_WT_Rep1","Read_2094",0.464158159717067,"Subpopulation_1"
"NGS_Nanog_WT_Rep1","Read_2095",0.459007644322795,"Subpopulation_1"
"NGS_Nanog_WT_Rep1","Read_2096",0.459687585597022,"Subpopulation_1"
"NGS_Nanog_WT_Rep1","Read_2097",0.455676064622782,"Subpopulation_1"
"NGS_Nanog_WT_Rep1","Read_2098",0.475340795598081,"Subpopulation_1"
"NGS_Nanog_WT_Rep1","Read_2099",0.454625407637053,"Subpopulation_1"
"NGS_Nanog_WT_Rep1","Read_2100",0.448916346978083,"Subpopulation_1"
"NGS_Nanog_WT_Rep1","Read_2101",0.450378192714179,"Subpopulation_1"
"NGS_Nanog_WT_Rep1","Read_2102",0.459895536690059,"Subpopulation_1"
"NGS_Nanog_WT_Rep1","Read_2103",0.459390496481573,"Subpopulation_1"
"NGS_Nanog_WT_Rep1","Read_2104",0.465248049704472,"Subpopulation_1"
"NGS_Nanog_WT_Rep1","Read_2105",0.46308641021354,"Subpopulation_1"
"NGS_Nanog_WT_Rep1","Read_2106",0.454375326116762,"Subpopulation_1"
"NGS_Nanog_WT_Rep1","Read_2107",0.460440056982058,"Subpopulation_1"
"NGS_Nanog_WT_Rep1","Read_2108",0.450785490889292,"Subpopulation_1"
"NGS_Nanog_WT_Rep1","Read_2109",0.464461718424179,"Subpopulation_1"
"NGS_Nanog_WT_Rep1","Read_2110",0.457890827855351,"Subpopulation_1"
"NGS_Nanog_WT_Rep1","Read_2111",0.453767930232737,"Subpopulation_1"
"NGS_Nanog_WT_Rep1","Read_2112",0.45194773147451,"Subpopulation_1"
"NGS_Nanog_WT_Rep1","Read_2113",0.451982186887065,"Subpopulation_1"
"NGS_Nanog_WT_Rep1","Read_2114",0.451127041552356,"Subpopulation_1"
"NGS_Nanog_WT_Rep1","Read_2115",0.455828647052065,"Subpopulation_1"
"NGS_Nanog_WT_Rep1","Read_2116",0.453916083434096,"Subpopulation_1"
"NGS_Nanog_WT_Rep1","Read_2117",0.453137867445473,"Subpopulation_1"
"NGS_Nanog_WT_Rep1","Read_2118",0.456108477892037,"Subpopulation_1"
"NGS_Nanog_WT_Rep1","Read_2119",0.449158330065583,"Subpopulation_1"
"NGS_Nanog_WT_Rep1","Read_2120",0.446701603187099,"Subpopulation_1"
"NGS_Nanog_WT_Rep1","Read_2121",0.450931887518678,"Subpopulation_1"
"NGS_Nanog_WT_Rep1","Read_2122",0.453083543701662,"Subpopulation_1"
"NGS_Nanog_WT_Rep1","Read_2123",0.456426378874928,"Subpopulation_1"
"NGS_Nanog_WT_Rep1","Read_2124",0.451881727632568,"Subpopulation_1"
"NGS_Nanog_WT_Rep1","Read_2125",0.459752863067316,"Subpopulation_1"
"NGS_Nanog_WT_Rep1","Read_2126",0.458547945486976,"Subpopulation_1"
"NGS_Nanog_WT_Rep1","Read_2127",0.461537436265732,"Subpopulation_1"
"NGS_Nanog_WT_Rep1","Read_2128",0.45016320795461,"Subpopulation_1"
"NGS_Nanog_WT_Rep1","Read_2129",0.45431595723369,"Subpopulation_1"
"NGS_Nanog_WT_Rep1","Read_2130",0.464407653398009,"Subpopulation_1"
"NGS_Nanog_WT_Rep1","Read_2131",0.446459640982152,"Subpopulation_1"
"NGS_Nanog_WT_Rep1","Read_2132",0.454863359579792,"Subpopulation_1"
"NGS_Nanog_WT_Rep1","Read_2133",0.458177906614272,"Subpopulation_1"
"NGS_Nanog_WT_Rep1","Read_2134",0.455923674836045,"Subpopulation_1"
"NGS_Nanog_WT_Rep1","Read_2135",0.458902459834299,"Subpopulation_1"
"NGS_Nanog_WT_Rep1","Read_2136",0.446618324562337,"Subpopulation_1"
"NGS_Nanog_WT_Rep1","Read_2137",0.453571332866648,"Subpopulation_1"
"NGS_Nanog_WT_Rep1","Read_2138",0.460807722638896,"Subpopulation_1"
"NGS_Nanog_WT_Rep1","Read_2139",0.464139795498886,"Subpopulation_1"
"NGS_Nanog_WT_Rep1","Read_2140",0.455436809505288,"Subpopulation_1"
"NGS_Nanog_WT_Rep1","Read_2141",0.460320679772062,"Subpopulation_1"
"NGS_Nanog_WT_Rep1","Read_2142",0.453071111768559,"Subpopulation_1"
"NGS_Nanog_WT_Rep1","Read_2143",0.462932738983233,"Subpopulation_1"
"NGS_Nanog_WT_Rep1","Read_2144",0.456378975528742,"Subpopulation_1"
"NGS_Nanog_WT_Rep1","Read_2145",0.460661807910947,"Subpopulation_1"
"NGS_Nanog_WT_Rep1","Read_2146",0.454563440996003,"Subpopulation_1"
"NGS_Nanog_WT_Rep1","Read_2147",0.45972757863895,"Subpopulation_1"
"NGS_Nanog_WT_Rep1","Read_2148",0.454562277772946,"Subpopulation_1"
"NGS_Nanog_WT_Rep1","Read_2149",0.46305802377449,"Subpopulation_1"
"NGS_Nanog_WT_Rep1","Read_2150",0.456118278568563,"Subpopulation_1"
"NGS_Nanog_WT_Rep1","Read_2151",0.465166610381854,"Subpopulation_1"
"NGS_Nanog_WT_Rep1","Read_2152",0.441720997170652,"Subpopulation_1"
"NGS_Nanog_WT_Rep1","Read_2153",0.459294686700299,"Subpopulation_1"
"NGS_Nanog_WT_Rep1","Read_2154",0.455425228925777,"Subpopulation_1"
"NGS_Nanog_WT_Rep1","Read_2155",0.465765609224881,"Subpopulation_1"
"NGS_Nanog_WT_Rep1","Read_2156",0.457340140836499,"Subpopulation_1"
"NGS_Nanog_WT_Rep1","Read_2157",0.46094809445684,"Subpopulation_1"
"NGS_Nanog_WT_Rep1","Read_2158",0.463353022895916,"Subpopulation_1"
"NGS_Nanog_WT_Rep1","Read_2159",0.445950898607426,"Subpopulation_1"
"NGS_Nanog_WT_Rep1","Read_2160",0.463396137764837,"Subpopulation_1"
"NGS_Nanog_WT_Rep1","Read_2161",0.45955633751996,"Subpopulation_1"
"NGS_Nanog_WT_Rep1","Read_2162",0.449181961097343,"Subpopulation_1"
"NGS_Nanog_WT_Rep1","Read_2163",0.453955702631201,"Subpopulation_1"
"NGS_Nanog_WT_Rep1","Read_2164",0.462763907097026,"Subpopulation_1"
"NGS_Nanog_WT_Rep1","Read_2165",0.446107623094558,"Subpopulation_1"
"NGS_Nanog_WT_Rep1","Read_2166",0.46073772698452,"Subpopulation_1"
"NGS_Nanog_WT_Rep1","Read_2167",0.450741647367777,"Subpopulation_1"
"NGS_Nanog_WT_Rep1","Read_2168",0.451514405487728,"Subpopulation_1"
"NGS_Nanog_WT_Rep1","Read_2169",0.450719873405426,"Subpopulation_1"
"NGS_Nanog_WT_Rep1","Read_2170",0.45918618875371,"Subpopulation_1"
"NGS_Nanog_WT_Rep1","Read_2171",0.466743478339506,"Subpopulation_1"
"NGS_Nanog_WT_Rep1","Read_2172",0.456320909029125,"Subpopulation_1"
"NGS_Nanog_WT_Rep1","Read_2173",0.449895512715234,"Subpopulation_1"
"NGS_Nanog_WT_Rep1","Read_2174",0.465128422687981,"Subpopulation_1"
"NGS_Nanog_WT_Rep1","Read_2175",0.455313146234389,"Subpopulation_1"
"NGS_Nanog_WT_Rep1","Read_2176",0.450513327070922,"Subpopulation_1"
"NGS_Nanog_WT_Rep1","Read_2177",0.471472729387203,"Subpopulation_1"
"NGS_Nanog_WT_Rep1","Read_2178",0.452525286634291,"Subpopulation_1"
"NGS_Nanog_WT_Rep1","Read_2179",0.456840945940435,"Subpopulation_1"
"NGS_Nanog_WT_Rep1","Read_2180",0.459352406228227,"Subpopulation_1"
"NGS_Nanog_WT_Rep1","Read_2181",0.459785343243518,"Subpopulation_1"
"NGS_Nanog_WT_Rep1","Read_2182",0.457879771204678,"Subpopulation_1"
"NGS_Nanog_WT_Rep1","Read_2183",0.465896661557054,"Subpopulation_1"
"NGS_Nanog_WT_Rep1","Read_2184",0.452649927600129,"Subpopulation_1"
"NGS_Nanog_WT_Rep1","Read_2185",0.457167672094307,"Subpopulation_1"
"NGS_Nanog_WT_Rep1","Read_2186",0.454708005090608,"Subpopulation_1"
"NGS_Nanog_WT_Rep1","Read_2187",0.445898336734654,"Subpopulation_1"
"NGS_Nanog_WT_Rep1","Read_2188",0.458378292519284,"Subpopulation_1"
"NGS_Nanog_WT_Rep1","Read_2189",0.453183382593813,"Subpopulation_1"
"NGS_Nanog_WT_Rep1","Read_2190",0.461100668379218,"Subpopulation_1"
"NGS_Nanog_WT_Rep1","Read_2191",0.464897623247273,"Subpopulation_1"
"NGS_Nanog_WT_Rep1","Read_2192",0.45774155079952,"Subpopulation_1"
"NGS_Nanog_WT_Rep1","Read_2193",0.468970591277543,"Subpopulation_1"
"NGS_Nanog_WT_Rep1","Read_2194",0.458735616247488,"Subpopulation_1"
"NGS_Nanog_WT_Rep1","Read_2195",0.45334930976652,"Subpopulation_1"
"NGS_Nanog_WT_Rep1","Read_2196",0.452310303611498,"Subpopulation_1"
"NGS_Nanog_WT_Rep1","Read_2197",0.451084592949876,"Subpopulation_1"
"NGS_Nanog_WT_Rep1","Read_2198",0.444408275567486,"Subpopulation_1"
"NGS_Nanog_WT_Rep1","Read_2199",0.456070540870211,"Subpopulation_1"
"NGS_Nanog_WT_Rep1","Read_2200",0.449614208349403,"Subpopulation_1"
"NGS_Nanog_WT_Rep1","Read_2201",0.455567822351509,"Subpopulation_1"
"NGS_Nanog_WT_Rep1","Read_2202",0.460923812356562,"Subpopulation_1"
"NGS_Nanog_WT_Rep1","Read_2203",0.463584010556142,"Subpopulation_1"
"NGS_Nanog_WT_Rep1","Read_2204",0.454743085350127,"Subpopulation_1"
"NGS_Nanog_WT_Rep1","Read_2205",0.469065078494762,"Subpopulation_1"
"NGS_Nanog_WT_Rep1","Read_2206",0.453320655948995,"Subpopulation_1"
"NGS_Nanog_WT_Rep1","Read_2207",0.465603279326437,"Subpopulation_1"
"NGS_Nanog_WT_Rep1","Read_2208",0.457694335903476,"Subpopulation_1"
"NGS_Nanog_WT_Rep1","Read_2209",0.448440517700694,"Subpopulation_1"
"NGS_Nanog_WT_Rep1","Read_2210",0.458077056520575,"Subpopulation_1"
"NGS_Nanog_WT_Rep1","Read_2211",0.44465824261605,"Subpopulation_1"
"NGS_Nanog_WT_Rep1","Read_2212",0.47279452737292,"Subpopulation_1"
"NGS_Nanog_WT_Rep1","Read_2213",0.446502836670716,"Subpopulation_1"
"NGS_Nanog_WT_Rep1","Read_2214",0.453365146294122,"Subpopulation_1"
"NGS_Nanog_WT_Rep1","Read_2215",0.477550696340239,"Subpopulation_1"
"NGS_Nanog_WT_Rep1","Read_2216",0.442008715052363,"Subpopulation_1"
"NGS_Nanog_WT_Rep1","Read_2217",0.451539827336099,"Subpopulation_1"
"NGS_Nanog_WT_Rep1","Read_2218",0.460128147346809,"Subpopulation_1"
"NGS_Nanog_WT_Rep1","Read_2219",0.444349286845766,"Subpopulation_1"
"NGS_Nanog_WT_Rep1","Read_2220",0.443792039515338,"Subpopulation_1"
"NGS_Nanog_WT_Rep1","Read_2221",0.454062305751208,"Subpopulation_1"
"NGS_Nanog_WT_Rep1","Read_2222",0.465249100722226,"Subpopulation_1"
"NGS_Nanog_WT_Rep1","Read_2223",0.461509296843151,"Subpopulation_1"
"NGS_Nanog_WT_Rep1","Read_2224",0.449435562729149,"Subpopulation_1"
"NGS_Nanog_WT_Rep1","Read_2225",0.448856064691745,"Subpopulation_1"
"NGS_Nanog_WT_Rep1","Read_2226",0.458521725354674,"Subpopulation_1"
"NGS_Nanog_WT_Rep1","Read_2227",0.45402612330424,"Subpopulation_1"
"NGS_Nanog_WT_Rep1","Read_2228",0.444483484156852,"Subpopulation_1"
"NGS_Nanog_WT_Rep1","Read_2229",0.454828046901466,"Subpopulation_1"
"NGS_Nanog_WT_Rep1","Read_2230",0.451657033804731,"Subpopulation_1"
"NGS_Nanog_WT_Rep1","Read_2231",0.461759686904159,"Subpopulation_1"
"NGS_Nanog_WT_Rep1","Read_2232",0.455605193228938,"Subpopulation_1"
"NGS_Nanog_WT_Rep1","Read_2233",0.448977353993711,"Subpopulation_1"
"NGS_Nanog_WT_Rep1","Read_2234",0.448708042192731,"Subpopulation_1"
"NGS_Nanog_WT_Rep1","Read_2235",0.455252016179162,"Subpopulation_1"
"NGS_Nanog_WT_Rep1","Read_2236",0.44336846334558,"Subpopulation_1"
"NGS_Nanog_WT_Rep1","Read_2237",0.454624709319873,"Subpopulation_1"
"NGS_Nanog_WT_Rep1","Read_2238",0.466936084328076,"Subpopulation_1"
"NGS_Nanog_WT_Rep1","Read_2239",0.45406541850286,"Subpopulation_1"
"NGS_Nanog_WT_Rep1","Read_2240",0.4588042681656,"Subpopulation_1"
"NGS_Nanog_WT_Rep1","Read_2241",0.458875912423448,"Subpopulation_1"
"NGS_Nanog_WT_Rep1","Read_2242",0.460272727634042,"Subpopulation_1"
"NGS_Nanog_WT_Rep1","Read_2243",0.454479315480084,"Subpopulation_1"
"NGS_Nanog_WT_Rep1","Read_2244",0.457787796467128,"Subpopulation_1"
"NGS_Nanog_WT_Rep1","Read_2245",0.452191575069944,"Subpopulation_1"
"NGS_Nanog_WT_Rep1","Read_2246",0.455895818192009,"Subpopulation_1"
"NGS_Nanog_WT_Rep1","Read_2247",0.452447608273643,"Subpopulation_1"
"NGS_Nanog_WT_Rep1","Read_2248",0.463860233035226,"Subpopulation_1"
"NGS_Nanog_WT_Rep1","Read_2249",0.453107939439071,"Subpopulation_1"
"NGS_Nanog_WT_Rep1","Read_2250",0.461739390875003,"Subpopulation_1"
"NGS_Nanog_WT_Rep1","Read_2251",0.4507314513855,"Subpopulation_1"
"NGS_Nanog_WT_Rep1","Read_2252",0.460558910241572,"Subpopulation_1"
"NGS_Nanog_WT_Rep1","Read_2253",0.470394869379938,"Subpopulation_1"
"NGS_Nanog_WT_Rep1","Read_2254",0.452384008305512,"Subpopulation_1"
"NGS_Nanog_WT_Rep1","Read_2255",0.454522697547021,"Subpopulation_1"
"NGS_Nanog_WT_Rep1","Read_2256",0.455742784054783,"Subpopulation_1"
"NGS_Nanog_WT_Rep1","Read_2257",0.465850382356129,"Subpopulation_1"
"NGS_Nanog_WT_Rep1","Read_2258",0.447590098172576,"Subpopulation_1"
"NGS_Nanog_WT_Rep1","Read_2259",0.450163713660625,"Subpopulation_1"
"NGS_Nanog_WT_Rep1","Read_2260",0.455918135789905,"Subpopulation_1"
"NGS_Nanog_WT_Rep1","Read_2261",0.458592558070308,"Subpopulation_1"
"NGS_Nanog_WT_Rep1","Read_2262",0.454156531761731,"Subpopulation_1"
"NGS_Nanog_WT_Rep1","Read_2263",0.458973197156351,"Subpopulation_1"
"NGS_Nanog_WT_Rep1","Read_2264",0.45404381493492,"Subpopulation_1"
"NGS_Nanog_WT_Rep1","Read_2265",0.452607568501341,"Subpopulation_1"
"NGS_Nanog_WT_Rep1","Read_2266",0.449355786061714,"Subpopulation_1"
"NGS_Nanog_WT_Rep1","Read_2267",0.450554456736036,"Subpopulation_1"
"NGS_Nanog_WT_Rep1","Read_2268",0.462943760372423,"Subpopulation_1"
"NGS_Nanog_WT_Rep1","Read_2269",0.454916792589416,"Subpopulation_1"
"NGS_Nanog_WT_Rep1","Read_2270",0.45187322580815,"Subpopulation_1"
"NGS_Nanog_WT_Rep1","Read_2271",0.465892521903872,"Subpopulation_1"
"NGS_Nanog_WT_Rep1","Read_2272",0.46098860986581,"Subpopulation_1"
"NGS_Nanog_WT_Rep1","Read_2273",0.450518524398094,"Subpopulation_1"
"NGS_Nanog_WT_Rep1","Read_2274",0.460665215657754,"Subpopulation_1"
"NGS_Nanog_WT_Rep1","Read_2275",0.453799024345866,"Subpopulation_1"
"NGS_Nanog_WT_Rep1","Read_2276",0.454155294960688,"Subpopulation_1"
"NGS_Nanog_WT_Rep1","Read_2277",0.450993607078661,"Subpopulation_1"
"NGS_Nanog_WT_Rep1","Read_2278",0.459946979418575,"Subpopulation_1"
"NGS_Nanog_WT_Rep1","Read_2279",0.458307192025195,"Subpopulation_1"
"NGS_Nanog_WT_Rep1","Read_2280",0.452019179291054,"Subpopulation_1"
"NGS_Nanog_WT_Rep1","Read_2281",0.454746712290836,"Subpopulation_1"
"NGS_Nanog_WT_Rep1","Read_2282",0.456465376923027,"Subpopulation_1"
"NGS_Nanog_WT_Rep1","Read_2283",0.452436091361692,"Subpopulation_1"
"NGS_Nanog_WT_Rep1","Read_2284",0.456534801698119,"Subpopulation_1"
"NGS_Nanog_WT_Rep1","Read_2285",0.457584759967447,"Subpopulation_1"
"NGS_Nanog_WT_Rep1","Read_2286",0.470404939867983,"Subpopulation_1"
"NGS_Nanog_WT_Rep1","Read_2287",0.452836263358201,"Subpopulation_1"
"NGS_Nanog_WT_Rep1","Read_2288",0.459030889556043,"Subpopulation_1"
"NGS_Nanog_WT_Rep1","Read_2289",0.455352500725016,"Subpopulation_1"
"NGS_Nanog_WT_Rep1","Read_2290",0.461740889193865,"Subpopulation_1"
"NGS_Nanog_WT_Rep1","Read_2291",0.454096888145833,"Subpopulation_1"
"NGS_Nanog_WT_Rep1","Read_2292",0.459366882347695,"Subpopulation_1"
"NGS_Nanog_WT_Rep1","Read_2293",0.447703420742999,"Subpopulation_1"
"NGS_Nanog_WT_Rep1","Read_2294",0.451873221575712,"Subpopulation_1"
"NGS_Nanog_WT_Rep1","Read_2295",0.451760029556676,"Subpopulation_1"
"NGS_Nanog_WT_Rep1","Read_2296",0.456308062464152,"Subpopulation_1"
"NGS_Nanog_WT_Rep1","Read_2297",0.460806689725343,"Subpopulation_1"
"NGS_Nanog_WT_Rep1","Read_2298",0.455449989938014,"Subpopulation_1"
"NGS_Nanog_WT_Rep1","Read_2299",0.44865645637126,"Subpopulation_1"
"NGS_Nanog_WT_Rep1","Read_2300",0.456003110088128,"Subpopulation_1"
"NGS_Nanog_WT_Rep1","Read_2301",0.457346242242728,"Subpopulation_1"
"NGS_Nanog_WT_Rep1","Read_2302",0.456151795023457,"Subpopulation_1"
"NGS_Nanog_WT_Rep1","Read_2303",0.452206696177513,"Subpopulation_1"
"NGS_Nanog_WT_Rep1","Read_2304",0.461486983626142,"Subpopulation_1"
"NGS_Nanog_WT_Rep1","Read_2305",0.457603013319978,"Subpopulation_1"
"NGS_Nanog_WT_Rep1","Read_2306",0.456557888205256,"Subpopulation_1"
"NGS_Nanog_WT_Rep1","Read_2307",0.464766311870819,"Subpopulation_1"
"NGS_Nanog_WT_Rep1","Read_2308",0.457021643425539,"Subpopulation_1"
"NGS_Nanog_WT_Rep1","Read_2309",0.452965044688159,"Subpopulation_1"
"NGS_Nanog_WT_Rep1","Read_2310",0.458881901518127,"Subpopulation_1"
"NGS_Nanog_WT_Rep1","Read_2311",0.460834537099947,"Subpopulation_1"
"NGS_Nanog_WT_Rep1","Read_2312",0.469326330507823,"Subpopulation_1"
"NGS_Nanog_WT_Rep1","Read_2313",0.455448734122516,"Subpopulation_1"
"NGS_Nanog_WT_Rep1","Read_2314",0.460732539002051,"Subpopulation_1"
"NGS_Nanog_WT_Rep1","Read_2315",0.44759843535826,"Subpopulation_1"
"NGS_Nanog_WT_Rep1","Read_2316",0.46013356167647,"Subpopulation_1"
"NGS_Nanog_WT_Rep1","Read_2317",0.458200219069316,"Subpopulation_1"
"NGS_Nanog_WT_Rep1","Read_2318",0.456697628211447,"Subpopulation_1"
"NGS_Nanog_WT_Rep1","Read_2319",0.464482294185946,"Subpopulation_1"
"NGS_Nanog_WT_Rep1","Read_2320",0.458760706890455,"Subpopulation_1"
"NGS_Nanog_WT_Rep1","Read_2321",0.448013986317701,"Subpopulation_1"
"NGS_Nanog_WT_Rep1","Read_2322",0.459951072185384,"Subpopulation_1"
"NGS_Nanog_WT_Rep1","Read_2323",0.456348468501035,"Subpopulation_1"
"NGS_Nanog_WT_Rep1","Read_2324",0.458985853413964,"Subpopulation_1"
"NGS_Nanog_WT_Rep1","Read_2325",0.453120094922694,"Subpopulation_1"
"NGS_Nanog_WT_Rep1","Read_2326",0.464986677199209,"Subpopulation_1"
"NGS_Nanog_WT_Rep1","Read_2327",0.452285483555999,"Subpopulation_1"
"NGS_Nanog_WT_Rep1","Read_2328",0.461652571832855,"Subpopulation_1"
"NGS_Nanog_WT_Rep1","Read_2329",0.457826298103096,"Subpopulation_1"
"NGS_Nanog_WT_Rep1","Read_2330",0.453189477182479,"Subpopulation_1"
"NGS_Nanog_WT_Rep1","Read_2331",0.447309659203385,"Subpopulation_1"
"NGS_Nanog_WT_Rep1","Read_2332",0.460394105590546,"Subpopulation_1"
"NGS_Nanog_WT_Rep1","Read_2333",0.458937937832694,"Subpopulation_1"
"NGS_Nanog_WT_Rep1","Read_2334",0.450215880690077,"Subpopulation_1"
"NGS_Nanog_WT_Rep1","Read_2335",0.455983791400226,"Subpopulation_1"
"NGS_Nanog_WT_Rep1","Read_2336",0.460308785911316,"Subpopulation_1"
"NGS_Nanog_WT_Rep1","Read_2337",0.459483966998721,"Subpopulation_1"
"NGS_Nanog_WT_Rep1","Read_2338",0.447444019847482,"Subpopulation_1"
"NGS_Nanog_WT_Rep1","Read_2339",0.456084102304368,"Subpopulation_1"
"NGS_Nanog_WT_Rep1","Read_2340",0.460676514173471,"Subpopulation_1"
"NGS_Nanog_WT_Rep1","Read_2341",0.458059500348284,"Subpopulation_1"
"NGS_Nanog_WT_Rep1","Read_2342",0.453229550803077,"Subpopulation_1"
"NGS_Nanog_WT_Rep1","Read_2343",0.452232832439226,"Subpopulation_1"
"NGS_Nanog_WT_Rep1","Read_2344",0.455134776863852,"Subpopulation_1"
"NGS_Nanog_WT_Rep1","Read_2345",0.461775254820007,"Subpopulation_1"
"NGS_Nanog_WT_Rep1","Read_2346",0.458053714459703,"Subpopulation_1"
"NGS_Nanog_WT_Rep1","Read_2347",0.460335373788923,"Subpopulation_1"
"NGS_Nanog_WT_Rep1","Read_2348",0.449930081524247,"Subpopulation_1"
"NGS_Nanog_WT_Rep1","Read_2349",0.451381691850041,"Subpopulation_1"
"NGS_Nanog_WT_Rep1","Read_2350",0.451977657241197,"Subpopulation_1"
"NGS_Nanog_WT_Rep1","Read_2351",0.46298513743603,"Subpopulation_1"
"NGS_Nanog_WT_Rep1","Read_2352",0.460986618309885,"Subpopulation_1"
"NGS_Nanog_WT_Rep1","Read_2353",0.451763074462386,"Subpopulation_1"
"NGS_Nanog_WT_Rep1","Read_2354",0.453450117413934,"Subpopulation_1"
"NGS_Nanog_WT_Rep1","Read_2355",0.466137256558721,"Subpopulation_1"
"NGS_Nanog_WT_Rep1","Read_2356",0.457120232378914,"Subpopulation_1"
"NGS_Nanog_WT_Rep1","Read_2357",0.452671440579699,"Subpopulation_1"
"NGS_Nanog_WT_Rep1","Read_2358",0.446713486921956,"Subpopulation_1"
"NGS_Nanog_WT_Rep1","Read_2359",0.457601890337383,"Subpopulation_1"
"NGS_Nanog_WT_Rep1","Read_2360",0.453959835757761,"Subpopulation_1"
"NGS_Nanog_WT_Rep1","Read_2361",0.445339549847131,"Subpopulation_1"
"NGS_Nanog_WT_Rep1","Read_2362",0.463239017750062,"Subpopulation_1"
"NGS_Nanog_WT_Rep1","Read_2363",0.456004166001698,"Subpopulation_1"
"NGS_Nanog_WT_Rep1","Read_2364",0.457715550899502,"Subpopulation_1"
"NGS_Nanog_WT_Rep1","Read_2365",0.451950799005961,"Subpopulation_1"
"NGS_Nanog_WT_Rep1","Read_2366",0.454386847649393,"Subpopulation_1"
"NGS_Nanog_WT_Rep1","Read_2367",0.450462415144297,"Subpopulation_1"
"NGS_Nanog_WT_Rep1","Read_2368",0.456926426216908,"Subpopulation_1"
"NGS_Nanog_WT_Rep1","Read_2369",0.446918662765199,"Subpopulation_1"
"NGS_Nanog_WT_Rep1","Read_2370",0.469408931861103,"Subpopulation_1"
"NGS_Nanog_WT_Rep1","Read_2371",0.458551299385853,"Subpopulation_1"
"NGS_Nanog_WT_Rep1","Read_2372",0.452065196428851,"Subpopulation_1"
"NGS_Nanog_WT_Rep1","Read_2373",0.453374039176048,"Subpopulation_1"
"NGS_Nanog_WT_Rep1","Read_2374",0.458546390995586,"Subpopulation_1"
"NGS_Nanog_WT_Rep1","Read_2375",0.462466566743846,"Subpopulation_1"
"NGS_Nanog_WT_Rep1","Read_2376",0.454547902238305,"Subpopulation_1"
"NGS_Nanog_WT_Rep1","Read_2377",0.453120012076682,"Subpopulation_1"
"NGS_Nanog_WT_Rep1","Read_2378",0.455061701760502,"Subpopulation_1"
"NGS_Nanog_WT_Rep1","Read_2379",0.453481186095529,"Subpopulation_1"
"NGS_Nanog_WT_Rep1","Read_2380",0.446921252286659,"Subpopulation_1"
"NGS_Nanog_WT_Rep1","Read_2381",0.468973913004039,"Subpopulation_1"
"NGS_Nanog_WT_Rep1","Read_2382",0.453129140180634,"Subpopulation_1"
"NGS_Nanog_WT_Rep1","Read_2383",0.461770419109342,"Subpopulation_1"
"NGS_Nanog_WT_Rep1","Read_2384",0.454150277387633,"Subpopulation_1"
"NGS_Nanog_WT_Rep1","Read_2385",0.450475505465606,"Subpopulation_1"
"NGS_Nanog_WT_Rep1","Read_2386",0.465494886044132,"Subpopulation_1"
"NGS_Nanog_WT_Rep1","Read_2387",0.468780906704842,"Subpopulation_1"
"NGS_Nanog_WT_Rep1","Read_2388",0.450253989082947,"Subpopulation_1"
"NGS_Nanog_WT_Rep1","Read_2389",0.451367693265177,"Subpopulation_1"
"NGS_Nanog_WT_Rep1","Read_2390",0.459022709539034,"Subpopulation_1"
"NGS_Nanog_WT_Rep1","Read_2391",0.455664329400903,"Subpopulation_1"
"NGS_Nanog_WT_Rep1","Read_2392",0.460665400712173,"Subpopulation_1"
"NGS_Nanog_WT_Rep1","Read_2393",0.448974459783135,"Subpopulation_1"
"NGS_Nanog_WT_Rep1","Read_2394",0.459284245012284,"Subpopulation_1"
"NGS_Nanog_WT_Rep1","Read_2395",0.45289002049954,"Subpopulation_1"
"NGS_Nanog_WT_Rep1","Read_2396",0.454971454784856,"Subpopulation_1"
"NGS_Nanog_WT_Rep1","Read_2397",0.459556898143504,"Subpopulation_1"
"NGS_Nanog_WT_Rep1","Read_2398",0.451965194036438,"Subpopulation_1"
"NGS_Nanog_WT_Rep1","Read_2399",0.449831806334414,"Subpopulation_1"
"NGS_Nanog_WT_Rep1","Read_2400",0.453979778324902,"Subpopulation_1"
"NGS_Nanog_WT_Rep1","Read_2401",0.456624407031154,"Subpopulation_1"
"NGS_Nanog_WT_Rep1","Read_2402",0.458389778416434,"Subpopulation_1"
"NGS_Nanog_WT_Rep1","Read_2403",0.442012359286303,"Subpopulation_1"
"NGS_Nanog_WT_Rep1","Read_2404",0.453979601498115,"Subpopulation_1"
"NGS_Nanog_WT_Rep1","Read_2405",0.449977652890537,"Subpopulation_1"
"NGS_Nanog_WT_Rep1","Read_2406",0.448485932460543,"Subpopulation_1"
"NGS_Nanog_WT_Rep1","Read_2407",0.464575575407384,"Subpopulation_1"
"NGS_Nanog_WT_Rep1","Read_2408",0.456016281095064,"Subpopulation_1"
"NGS_Nanog_WT_Rep1","Read_2409",0.453755880615572,"Subpopulation_1"
"NGS_Nanog_WT_Rep1","Read_2410",0.447105960302992,"Subpopulation_1"
"NGS_Nanog_WT_Rep1","Read_2411",0.450395484904613,"Subpopulation_1"
"NGS_Nanog_WT_Rep1","Read_2412",0.458895958639649,"Subpopulation_1"
"NGS_Nanog_WT_Rep1","Read_2413",0.452265024661268,"Subpopulation_1"
"NGS_Nanog_WT_Rep1","Read_2414",0.460716905511777,"Subpopulation_1"
"NGS_Nanog_WT_Rep1","Read_2415",0.456668661148672,"Subpopulation_1"
"NGS_Nanog_WT_Rep1","Read_2416",0.456284548437197,"Subpopulation_1"
"NGS_Nanog_WT_Rep1","Read_2417",0.46259194047909,"Subpopulation_1"
"NGS_Nanog_WT_Rep1","Read_2418",0.462243002193688,"Subpopulation_1"
"NGS_Nanog_WT_Rep1","Read_2419",0.469854018778816,"Subpopulation_1"
"NGS_Nanog_WT_Rep1","Read_2420",0.45326706193621,"Subpopulation_1"
"NGS_Nanog_WT_Rep1","Read_2421",0.457542446790183,"Subpopulation_1"
"NGS_Nanog_WT_Rep1","Read_2422",0.45730922054156,"Subpopulation_1"
"NGS_Nanog_WT_Rep1","Read_2423",0.455983142913295,"Subpopulation_1"
"NGS_Nanog_WT_Rep1","Read_2424",0.446744823696023,"Subpopulation_1"
"NGS_Nanog_WT_Rep1","Read_2425",0.461558447584768,"Subpopulation_1"
"NGS_Nanog_WT_Rep1","Read_2426",0.464915930884743,"Subpopulation_1"
"NGS_Nanog_WT_Rep1","Read_2427",0.45757672323663,"Subpopulation_1"
"NGS_Nanog_WT_Rep1","Read_2428",0.451468197704476,"Subpopulation_1"
"NGS_Nanog_WT_Rep1","Read_2429",0.462030761413874,"Subpopulation_1"
"NGS_Nanog_WT_Rep1","Read_2430",0.459760985994261,"Subpopulation_1"
"NGS_Nanog_WT_Rep1","Read_2431",0.457630536020077,"Subpopulation_1"
"NGS_Nanog_WT_Rep1","Read_2432",0.457085045432973,"Subpopulation_1"
"NGS_Nanog_WT_Rep1","Read_2433",0.452317068959027,"Subpopulation_1"
"NGS_Nanog_WT_Rep1","Read_2434",0.453709826828634,"Subpopulation_1"
"NGS_Nanog_WT_Rep1","Read_2435",0.455945683501353,"Subpopulation_1"
"NGS_Nanog_WT_Rep1","Read_2436",0.456640593399885,"Subpopulation_1"
"NGS_Nanog_WT_Rep1","Read_2437",0.465410264339141,"Subpopulation_1"
"NGS_Nanog_WT_Rep1","Read_2438",0.453445619999052,"Subpopulation_1"
"NGS_Nanog_WT_Rep1","Read_2439",0.469017333556688,"Subpopulation_1"
"NGS_Nanog_WT_Rep1","Read_2440",0.444521840781166,"Subpopulation_1"
"NGS_Nanog_WT_Rep1","Read_2441",0.448346793587096,"Subpopulation_1"
"NGS_Nanog_WT_Rep1","Read_2442",0.45776904282887,"Subpopulation_1"
"NGS_Nanog_WT_Rep1","Read_2443",0.465768958488702,"Subpopulation_1"
"NGS_Nanog_WT_Rep1","Read_2444",0.457548222921586,"Subpopulation_1"
"NGS_Nanog_WT_Rep1","Read_2445",0.474187359158667,"Subpopulation_1"
"NGS_Nanog_WT_Rep1","Read_2446",0.453758477224112,"Subpopulation_1"
"NGS_Nanog_WT_Rep1","Read_2447",0.452779335248827,"Subpopulation_1"
"NGS_Nanog_WT_Rep1","Read_2448",0.450481828278117,"Subpopulation_1"
"NGS_Nanog_WT_Rep1","Read_2449",0.44965576335476,"Subpopulation_1"
"NGS_Nanog_WT_Rep1","Read_2450",0.447529982236174,"Subpopulation_1"
"NGS_Nanog_WT_Rep1","Read_2451",0.454833571810992,"Subpopulation_1"
"NGS_Nanog_WT_Rep1","Read_2452",0.452885820969373,"Subpopulation_1"
"NGS_Nanog_WT_Rep1","Read_2453",0.458773536673508,"Subpopulation_1"
"NGS_Nanog_WT_Rep1","Read_2454",0.451152759415814,"Subpopulation_1"
"NGS_Nanog_WT_Rep1","Read_2455",0.454726928660197,"Subpopulation_1"
"NGS_Nanog_WT_Rep1","Read_2456",0.461370971621324,"Subpopulation_1"
"NGS_Nanog_WT_Rep1","Read_2457",0.471096763702706,"Subpopulation_1"
"NGS_Nanog_WT_Rep1","Read_2458",0.447876247061186,"Subpopulation_1"
"NGS_Nanog_WT_Rep1","Read_2459",0.447154452125834,"Subpopulation_1"
"NGS_Nanog_WT_Rep1","Read_2460",0.443013693645304,"Subpopulation_1"
"NGS_Nanog_WT_Rep1","Read_2461",0.452425311955601,"Subpopulation_1"
"NGS_Nanog_WT_Rep1","Read_2462",0.450427057160978,"Subpopulation_1"
"NGS_Nanog_WT_Rep1","Read_2463",0.457150506460782,"Subpopulation_1"
"NGS_Nanog_WT_Rep1","Read_2464",0.459462281257831,"Subpopulation_1"
"NGS_Nanog_WT_Rep1","Read_2465",0.454770699284371,"Subpopulation_1"
"NGS_Nanog_WT_Rep1","Read_2466",0.449973186658219,"Subpopulation_1"
"NGS_Nanog_WT_Rep1","Read_2467",0.463573132774728,"Subpopulation_1"
"NGS_Nanog_WT_Rep1","Read_2468",0.446417711113389,"Subpopulation_1"
"NGS_Nanog_WT_Rep1","Read_2469",0.451428576284484,"Subpopulation_1"
"NGS_Nanog_WT_Rep1","Read_2470",0.456949130838524,"Subpopulation_1"
"NGS_Nanog_WT_Rep1","Read_2471",0.456258635573036,"Subpopulation_1"
"NGS_Nanog_WT_Rep1","Read_2472",0.44167425392571,"Subpopulation_1"
"NGS_Nanog_WT_Rep1","Read_2473",0.457664202561663,"Subpopulation_1"
"NGS_Nanog_WT_Rep1","Read_2474",0.466997656364618,"Subpopulation_1"
"NGS_Nanog_WT_Rep1","Read_2475",0.454586585483569,"Subpopulation_1"
"NGS_Nanog_WT_Rep1","Read_2476",0.457110692034257,"Subpopulation_1"
"NGS_Nanog_WT_Rep1","Read_2477",0.455179271268262,"Subpopulation_1"
"NGS_Nanog_WT_Rep1","Read_2478",0.454409790239215,"Subpopulation_1"
"NGS_Nanog_WT_Rep1","Read_2479",0.457511369130108,"Subpopulation_1"
"NGS_Nanog_WT_Rep1","Read_2480",0.456717030839385,"Subpopulation_1"
"NGS_Nanog_WT_Rep1","Read_2481",0.457098603616024,"Subpopulation_1"
"NGS_Nanog_WT_Rep1","Read_2482",0.45893013685099,"Subpopulation_1"
"NGS_Nanog_WT_Rep1","Read_2483",0.460564404950841,"Subpopulation_1"
"NGS_Nanog_WT_Rep1","Read_2484",0.460270138659812,"Subpopulation_1"
"NGS_Nanog_WT_Rep1","Read_2485",0.441887213392985,"Subpopulation_1"
"NGS_Nanog_WT_Rep1","Read_2486",0.464009191930343,"Subpopulation_1"
"NGS_Nanog_WT_Rep1","Read_2487",0.458219261504318,"Subpopulation_1"
"NGS_Nanog_WT_Rep1","Read_2488",0.460340555628318,"Subpopulation_1"
"NGS_Nanog_WT_Rep1","Read_2489",0.465880711954556,"Subpopulation_1"
"NGS_Nanog_WT_Rep1","Read_2490",0.451663946728276,"Subpopulation_1"
"NGS_Nanog_WT_Rep1","Read_2491",0.447648461618058,"Subpopulation_1"
"NGS_Nanog_WT_Rep1","Read_2492",0.452190680299438,"Subpopulation_1"
"NGS_Nanog_WT_Rep1","Read_2493",0.455775090560425,"Subpopulation_1"
"NGS_Nanog_WT_Rep1","Read_2494",0.4481344273447,"Subpopulation_1"
"NGS_Nanog_WT_Rep1","Read_2495",0.457728435207233,"Subpopulation_1"
"NGS_Nanog_WT_Rep1","Read_2496",0.460366169996374,"Subpopulation_1"
"NGS_Nanog_WT_Rep1","Read_2497",0.458498128517452,"Subpopulation_1"
"NGS_Nanog_WT_Rep1","Read_2498",0.460326316445435,"Subpopulation_1"
"NGS_Nanog_WT_Rep1","Read_2499",0.461014114058336,"Subpopulation_1"
"NGS_Nanog_WT_Rep1","Read_2500",0.458620161806163,"Subpopulation_1"
"NGS_Nanog_WT_Rep1","Read_2501",0.455876895661434,"Subpopulation_1"
"NGS_Nanog_WT_Rep1","Read_2502",0.464416693861571,"Subpopulation_1"
"NGS_Nanog_WT_Rep1","Read_2503",0.458538574794155,"Subpopulation_1"
"NGS_Nanog_WT_Rep1","Read_2504",0.477361955099558,"Subpopulation_1"
"NGS_Nanog_WT_Rep1","Read_2505",0.453594309815798,"Subpopulation_1"
"NGS_Nanog_WT_Rep1","Read_2506",0.460281755834104,"Subpopulation_1"
"NGS_Nanog_WT_Rep1","Read_2507",0.449347254796172,"Subpopulation_1"
"NGS_Nanog_WT_Rep1","Read_2508",0.446197032775499,"Subpopulation_1"
"NGS_Nanog_WT_Rep1","Read_2509",0.44650820997629,"Subpopulation_1"
"NGS_Nanog_WT_Rep1","Read_2510",0.461150000220141,"Subpopulation_1"
"NGS_Nanog_WT_Rep1","Read_2511",0.449191443173348,"Subpopulation_1"
"NGS_Nanog_WT_Rep1","Read_2512",0.457257553891868,"Subpopulation_1"
"NGS_Nanog_WT_Rep1","Read_2513",0.454163929857469,"Subpopulation_1"
"NGS_Nanog_WT_Rep1","Read_2514",0.449340545028306,"Subpopulation_1"
"NGS_Nanog_WT_Rep1","Read_2515",0.457102065752003,"Subpopulation_1"
"NGS_Nanog_WT_Rep1","Read_2516",0.453300046491735,"Subpopulation_1"
"NGS_Nanog_WT_Rep1","Read_2517",0.452999876826112,"Subpopulation_1"
"NGS_Nanog_WT_Rep1","Read_2518",0.467548371739203,"Subpopulation_1"
"NGS_Nanog_WT_Rep1","Read_2519",0.467431245342993,"Subpopulation_1"
"NGS_Nanog_WT_Rep1","Read_2520",0.467573529667594,"Subpopulation_1"
"NGS_Nanog_WT_Rep1","Read_2521",0.446395590852066,"Subpopulation_1"
"NGS_Nanog_WT_Rep1","Read_2522",0.455479823800154,"Subpopulation_1"
"NGS_Nanog_WT_Rep1","Read_2523",0.455452546885558,"Subpopulation_1"
"NGS_Nanog_WT_Rep1","Read_2524",0.452103610636028,"Subpopulation_1"
"NGS_Nanog_WT_Rep1","Read_2525",0.444831446150892,"Subpopulation_1"
"NGS_Nanog_WT_Rep1","Read_2526",0.463954472952482,"Subpopulation_1"
"NGS_Nanog_WT_Rep1","Read_2527",0.455454910890866,"Subpopulation_1"
"NGS_Nanog_WT_Rep1","Read_2528",0.448152228683221,"Subpopulation_1"
"NGS_Nanog_WT_Rep1","Read_2529",0.456601338406446,"Subpopulation_1"
"NGS_Nanog_WT_Rep1","Read_2530",0.45101842427403,"Subpopulation_1"
"NGS_Nanog_WT_Rep1","Read_2531",0.448753577121922,"Subpopulation_1"
"NGS_Nanog_WT_Rep1","Read_2532",0.469596502316071,"Subpopulation_1"
"NGS_Nanog_WT_Rep1","Read_2533",0.457675681588264,"Subpopulation_1"
"NGS_Nanog_WT_Rep1","Read_2534",0.457376480186582,"Subpopulation_1"
"NGS_Nanog_WT_Rep1","Read_2535",0.448521801629158,"Subpopulation_1"
"NGS_Nanog_WT_Rep1","Read_2536",0.45809283843713,"Subpopulation_1"
"NGS_Nanog_WT_Rep1","Read_2537",0.450809585897421,"Subpopulation_1"
"NGS_Nanog_WT_Rep1","Read_2538",0.455607278175831,"Subpopulation_1"
"NGS_Nanog_WT_Rep1","Read_2539",0.456582261167859,"Subpopulation_1"
"NGS_Nanog_WT_Rep1","Read_2540",0.455476305931004,"Subpopulation_1"
"NGS_Nanog_WT_Rep1","Read_2541",0.465769674853642,"Subpopulation_1"
"NGS_Nanog_WT_Rep1","Read_2542",0.46137127248075,"Subpopulation_1"
"NGS_Nanog_WT_Rep1","Read_2543",0.45395119953924,"Subpopulation_1"
"NGS_Nanog_WT_Rep1","Read_2544",0.453873546600006,"Subpopulation_1"
"NGS_Nanog_WT_Rep1","Read_2545",0.462071803484749,"Subpopulation_1"
"NGS_Nanog_WT_Rep1","Read_2546",0.456642755713698,"Subpopulation_1"
"NGS_Nanog_WT_Rep1","Read_2547",0.450825823855125,"Subpopulation_1"
"NGS_Nanog_WT_Rep1","Read_2548",0.460674564941251,"Subpopulation_1"
"NGS_Nanog_WT_Rep1","Read_2549",0.457002735034933,"Subpopulation_1"
"NGS_Nanog_WT_Rep1","Read_2550",0.454637221552631,"Subpopulation_1"
"NGS_Nanog_WT_Rep1","Read_2551",0.456533861565514,"Subpopulation_1"
"NGS_Nanog_WT_Rep1","Read_2552",0.455157387543397,"Subpopulation_1"
"NGS_Nanog_WT_Rep1","Read_2553",0.452848860163576,"Subpopulation_1"
"NGS_Nanog_WT_Rep1","Read_2554",0.443200019380909,"Subpopulation_1"
"NGS_Nanog_WT_Rep1","Read_2555",0.452542758254818,"Subpopulation_1"
"NGS_Nanog_WT_Rep1","Read_2556",0.454824413980423,"Subpopulation_1"
"NGS_Nanog_WT_Rep1","Read_2557",0.449924529348194,"Subpopulation_1"
"NGS_Nanog_WT_Rep1","Read_2558",0.458832821314887,"Subpopulation_1"
"NGS_Nanog_WT_Rep1","Read_2559",0.458983477677464,"Subpopulation_1"
"NGS_Nanog_WT_Rep1","Read_2560",0.458346905006573,"Subpopulation_1"
"NGS_Nanog_WT_Rep1","Read_2561",0.454485754253273,"Subpopulation_1"
"NGS_Nanog_WT_Rep1","Read_2562",0.455548695584759,"Subpopulation_1"
"NGS_Nanog_WT_Rep1","Read_2563",0.461696382297781,"Subpopulation_1"
"NGS_Nanog_WT_Rep1","Read_2564",0.453153341013011,"Subpopulation_1"
"NGS_Nanog_WT_Rep1","Read_2565",0.455605363555822,"Subpopulation_1"
"NGS_Nanog_WT_Rep1","Read_2566",0.458501412213435,"Subpopulation_1"
"NGS_Nanog_WT_Rep1","Read_2567",0.459290822392675,"Subpopulation_1"
"NGS_Nanog_WT_Rep1","Read_2568",0.462861869501978,"Subpopulation_1"
"NGS_Nanog_WT_Rep1","Read_2569",0.459143788584792,"Subpopulation_1"
"NGS_Nanog_WT_Rep1","Read_2570",0.452501338385047,"Subpopulation_1"
"NGS_Nanog_WT_Rep1","Read_2571",0.457661082960057,"Subpopulation_1"
"NGS_Nanog_WT_Rep1","Read_2572",0.454879699084028,"Subpopulation_1"
"NGS_Nanog_WT_Rep1","Read_2573",0.457441660826342,"Subpopulation_1"
"NGS_Nanog_WT_Rep1","Read_2574",0.455129137496044,"Subpopulation_1"
"NGS_Nanog_WT_Rep1","Read_2575",0.44742349460142,"Subpopulation_1"
"NGS_Nanog_WT_Rep1","Read_2576",0.458782745400289,"Subpopulation_1"
"NGS_Nanog_WT_Rep1","Read_2577",0.45245771142797,"Subpopulation_1"
"NGS_Nanog_WT_Rep1","Read_2578",0.46033040016753,"Subpopulation_1"
"NGS_Nanog_WT_Rep1","Read_2579",0.455966670238691,"Subpopulation_1"
"NGS_Nanog_WT_Rep1","Read_2580",0.46068793458848,"Subpopulation_1"
"NGS_Nanog_WT_Rep1","Read_2581",0.456230069783351,"Subpopulation_1"
"NGS_Nanog_WT_Rep1","Read_2582",0.458082306564758,"Subpopulation_1"
"NGS_Nanog_WT_Rep1","Read_2583",0.458230033918051,"Subpopulation_1"
"NGS_Nanog_WT_Rep1","Read_2584",0.460275124875387,"Subpopulation_1"
"NGS_Nanog_WT_Rep1","Read_2585",0.448269603901782,"Subpopulation_1"
"NGS_Nanog_WT_Rep1","Read_2586",0.452616317496426,"Subpopulation_1"
"NGS_Nanog_WT_Rep1","Read_2587",0.461546008073863,"Subpopulation_1"
"NGS_Nanog_WT_Rep1","Read_2588",0.455208817220678,"Subpopulation_1"
"NGS_Nanog_WT_Rep1","Read_2589",0.455194380659439,"Subpopulation_1"
"NGS_Nanog_WT_Rep1","Read_2590",0.450308346732074,"Subpopulation_1"
"NGS_Nanog_WT_Rep1","Read_2591",0.456695161425517,"Subpopulation_1"
"NGS_Nanog_WT_Rep1","Read_2592",0.451989329864374,"Subpopulation_1"
"NGS_Nanog_WT_Rep1","Read_2593",0.455456823140964,"Subpopulation_1"
"NGS_Nanog_WT_Rep1","Read_2594",0.450884664885251,"Subpopulation_1"
"NGS_Nanog_WT_Rep1","Read_2595",0.453033717097497,"Subpopulation_1"
"NGS_Nanog_WT_Rep1","Read_2596",0.44840992230158,"Subpopulation_1"
"NGS_Nanog_WT_Rep1","Read_2597",0.446467770674178,"Subpopulation_1"
"NGS_Nanog_WT_Rep1","Read_2598",0.466685652946744,"Subpopulation_1"
"NGS_Nanog_WT_Rep1","Read_2599",0.465527020483788,"Subpopulation_1"
"NGS_Nanog_WT_Rep1","Read_2600",0.45622735537489,"Subpopulation_1"
"NGS_Nanog_WT_Rep1","Read_2601",0.449327330397843,"Subpopulation_1"
"NGS_Nanog_WT_Rep1","Read_2602",0.458474283394858,"Subpopulation_1"
"NGS_Nanog_WT_Rep1","Read_2603",0.454147732304674,"Subpopulation_1"
"NGS_Nanog_WT_Rep1","Read_2604",0.470316889962338,"Subpopulation_1"
"NGS_Nanog_WT_Rep1","Read_2605",0.464320151530255,"Subpopulation_1"
"NGS_Nanog_WT_Rep1","Read_2606",0.452133763146061,"Subpopulation_1"
"NGS_Nanog_WT_Rep1","Read_2607",0.463231850860056,"Subpopulation_1"
"NGS_Nanog_WT_Rep1","Read_2608",0.453125190330738,"Subpopulation_1"
"NGS_Nanog_WT_Rep1","Read_2609",0.462564869472834,"Subpopulation_1"
"NGS_Nanog_WT_Rep1","Read_2610",0.457850260297738,"Subpopulation_1"
"NGS_Nanog_WT_Rep1","Read_2611",0.465135391661446,"Subpopulation_1"
"NGS_Nanog_WT_Rep1","Read_2612",0.451185692382712,"Subpopulation_1"
"NGS_Nanog_WT_Rep1","Read_2613",0.457123676334976,"Subpopulation_1"
"NGS_Nanog_WT_Rep1","Read_2614",0.453142612661458,"Subpopulation_1"
"NGS_Nanog_WT_Rep1","Read_2615",0.453008624772882,"Subpopulation_1"
"NGS_Nanog_WT_Rep1","Read_2616",0.453046285752013,"Subpopulation_1"
"NGS_Nanog_WT_Rep1","Read_2617",0.462817239071283,"Subpopulation_1"
"NGS_Nanog_WT_Rep1","Read_2618",0.454080402329382,"Subpopulation_1"
"NGS_Nanog_WT_Rep1","Read_2619",0.45745148523611,"Subpopulation_1"
"NGS_Nanog_WT_Rep1","Read_2620",0.460253078584823,"Subpopulation_1"
"NGS_Nanog_WT_Rep1","Read_2621",0.459468774459084,"Subpopulation_1"
"NGS_Nanog_WT_Rep1","Read_2622",0.455435114214623,"Subpopulation_1"
"NGS_Nanog_WT_Rep1","Read_2623",0.459109825961897,"Subpopulation_1"
"NGS_Nanog_WT_Rep1","Read_2624",0.457167096341593,"Subpopulation_1"
"NGS_Nanog_WT_Rep1","Read_2625",0.452951526712524,"Subpopulation_1"
"NGS_Nanog_WT_Rep1","Read_2626",0.457645345727767,"Subpopulation_1"
"NGS_Nanog_WT_Rep1","Read_2627",0.453429340099129,"Subpopulation_1"
"NGS_Nanog_WT_Rep1","Read_2628",0.465300692340636,"Subpopulation_1"
"NGS_Nanog_WT_Rep1","Read_2629",0.448057976792014,"Subpopulation_1"
"NGS_Nanog_WT_Rep1","Read_2630",0.462272343403126,"Subpopulation_1"
"NGS_Nanog_WT_Rep1","Read_2631",0.45922108301957,"Subpopulation_1"
"NGS_Nanog_WT_Rep1","Read_2632",0.45710343932716,"Subpopulation_1"
"NGS_Nanog_WT_Rep1","Read_2633",0.466695321616353,"Subpopulation_1"
"NGS_Nanog_WT_Rep1","Read_2634",0.450859369957642,"Subpopulation_1"
"NGS_Nanog_WT_Rep1","Read_2635",0.465160049964085,"Subpopulation_1"
"NGS_Nanog_WT_Rep1","Read_2636",0.457120131677123,"Subpopulation_1"
"NGS_Nanog_WT_Rep1","Read_2637",0.453297274879526,"Subpopulation_1"
"NGS_Nanog_WT_Rep1","Read_2638",0.456553741059159,"Subpopulation_1"
"NGS_Nanog_WT_Rep1","Read_2639",0.453680893190139,"Subpopulation_1"
"NGS_Nanog_WT_Rep1","Read_2640",0.45292053338054,"Subpopulation_1"
"NGS_Nanog_WT_Rep1","Read_2641",0.461710542063465,"Subpopulation_1"
"NGS_Nanog_WT_Rep1","Read_2642",0.460253030694453,"Subpopulation_1"
"NGS_Nanog_WT_Rep1","Read_2643",0.455581100833809,"Subpopulation_1"
"NGS_Nanog_WT_Rep1","Read_2644",0.448483191850488,"Subpopulation_1"
"NGS_Nanog_WT_Rep1","Read_2645",0.460015551273756,"Subpopulation_1"
"NGS_Nanog_WT_Rep1","Read_2646",0.459317863768596,"Subpopulation_1"
"NGS_Nanog_WT_Rep1","Read_2647",0.457099525844649,"Subpopulation_1"
"NGS_Nanog_WT_Rep1","Read_2648",0.467955174200199,"Subpopulation_1"
"NGS_Nanog_WT_Rep1","Read_2649",0.463328979111034,"Subpopulation_1"
"NGS_Nanog_WT_Rep1","Read_2650",0.457605594338874,"Subpopulation_1"
"NGS_Nanog_WT_Rep1","Read_2651",0.46351214616577,"Subpopulation_1"
"NGS_Nanog_WT_Rep1","Read_2652",0.455339102072574,"Subpopulation_1"
"NGS_Nanog_WT_Rep1","Read_2653",0.45957136690438,"Subpopulation_1"
"NGS_Nanog_WT_Rep1","Read_2654",0.452000185533679,"Subpopulation_1"
"NGS_Nanog_WT_Rep1","Read_2655",0.460549172925098,"Subpopulation_1"
"NGS_Nanog_WT_Rep1","Read_2656",0.458638757599762,"Subpopulation_1"
"NGS_Nanog_WT_Rep1","Read_2657",0.448197845061337,"Subpopulation_1"
"NGS_Nanog_WT_Rep1","Read_2658",0.449633696516423,"Subpopulation_1"
"NGS_Nanog_WT_Rep1","Read_2659",0.461609520675196,"Subpopulation_1"
"NGS_Nanog_WT_Rep1","Read_2660",0.46566290911979,"Subpopulation_1"
"NGS_Nanog_WT_Rep1","Read_2661",0.454269685064643,"Subpopulation_1"
"NGS_Nanog_WT_Rep1","Read_2662",0.459863225298329,"Subpopulation_1"
"NGS_Nanog_WT_Rep1","Read_2663",0.460713198235451,"Subpopulation_1"
"NGS_Nanog_WT_Rep1","Read_2664",0.448348217076514,"Subpopulation_1"
"NGS_Nanog_WT_Rep1","Read_2665",0.44226631906904,"Subpopulation_1"
"NGS_Nanog_WT_Rep1","Read_2666",0.457817367929427,"Subpopulation_1"
"NGS_Nanog_WT_Rep1","Read_2667",0.470892945875916,"Subpopulation_1"
"NGS_Nanog_WT_Rep1","Read_2668",0.458565188889437,"Subpopulation_1"
"NGS_Nanog_WT_Rep1","Read_2669",0.459568122749344,"Subpopulation_1"
"NGS_Nanog_WT_Rep1","Read_2670",0.452576044888539,"Subpopulation_1"
"NGS_Nanog_WT_Rep1","Read_2671",0.456549223458386,"Subpopulation_1"
"NGS_Nanog_WT_Rep1","Read_2672",0.459545603979606,"Subpopulation_1"
"NGS_Nanog_WT_Rep1","Read_2673",0.460369266940502,"Subpopulation_1"
"NGS_Nanog_WT_Rep1","Read_2674",0.458791914761297,"Subpopulation_1"
"NGS_Nanog_WT_Rep1","Read_2675",0.45603578354853,"Subpopulation_1"
"NGS_Nanog_WT_Rep1","Read_2676",0.459129049255787,"Subpopulation_1"
"NGS_Nanog_WT_Rep1","Read_2677",0.457910161481072,"Subpopulation_1"
"NGS_Nanog_WT_Rep1","Read_2678",0.453694903403166,"Subpopulation_1"
"NGS_Nanog_WT_Rep1","Read_2679",0.453584294442374,"Subpopulation_1"
"NGS_Nanog_WT_Rep1","Read_2680",0.464146333901178,"Subpopulation_1"
"NGS_Nanog_WT_Rep1","Read_2681",0.464582336144117,"Subpopulation_1"
"NGS_Nanog_WT_Rep1","Read_2682",0.454219393163429,"Subpopulation_1"
"NGS_Nanog_WT_Rep1","Read_2683",0.454448284066568,"Subpopulation_1"
"NGS_Nanog_WT_Rep1","Read_2684",0.449525974375625,"Subpopulation_1"
"NGS_Nanog_WT_Rep1","Read_2685",0.455012870100495,"Subpopulation_1"
"NGS_Nanog_WT_Rep1","Read_2686",0.454337470044129,"Subpopulation_1"
"NGS_Nanog_WT_Rep1","Read_2687",0.453300561231897,"Subpopulation_1"
"NGS_Nanog_WT_Rep1","Read_2688",0.450998912746717,"Subpopulation_1"
"NGS_Nanog_WT_Rep1","Read_2689",0.464613854984071,"Subpopulation_1"
"NGS_Nanog_WT_Rep1","Read_2690",0.455988441162698,"Subpopulation_1"
"NGS_Nanog_WT_Rep1","Read_2691",0.456453933680864,"Subpopulation_1"
"NGS_Nanog_WT_Rep1","Read_2692",0.445982614346661,"Subpopulation_1"
"NGS_Nanog_WT_Rep1","Read_2693",0.461696630526166,"Subpopulation_1"
"NGS_Nanog_WT_Rep1","Read_2694",0.457964544749919,"Subpopulation_1"
"NGS_Nanog_WT_Rep1","Read_2695",0.447438477508817,"Subpopulation_1"
"NGS_Nanog_WT_Rep1","Read_2696",0.462721209953276,"Subpopulation_1"
"NGS_Nanog_WT_Rep1","Read_2697",0.450901207535886,"Subpopulation_1"
"NGS_Nanog_WT_Rep1","Read_2698",0.46332841380824,"Subpopulation_1"
"NGS_Nanog_WT_Rep1","Read_2699",0.457811108360195,"Subpopulation_1"
"NGS_Nanog_WT_Rep1","Read_2700",0.458016239330387,"Subpopulation_1"
"NGS_Nanog_WT_Rep1","Read_2701",0.451624504136029,"Subpopulation_1"
"NGS_Nanog_WT_Rep1","Read_2702",0.467953249883998,"Subpopulation_1"
"NGS_Nanog_WT_Rep1","Read_2703",0.449498376508738,"Subpopulation_1"
"NGS_Nanog_WT_Rep1","Read_2704",0.467103265739246,"Subpopulation_1"
"NGS_Nanog_WT_Rep1","Read_2705",0.455792204882448,"Subpopulation_1"
"NGS_Nanog_WT_Rep1","Read_2706",0.453687216908122,"Subpopulation_1"
"NGS_Nanog_WT_Rep1","Read_2707",0.439197371591555,"Subpopulation_1"
"NGS_Nanog_WT_Rep1","Read_2708",0.464981250555803,"Subpopulation_1"
"NGS_Nanog_WT_Rep1","Read_2709",0.455967238090398,"Subpopulation_1"
"NGS_Nanog_WT_Rep1","Read_2710",0.453878607086091,"Subpopulation_1"
"NGS_Nanog_WT_Rep1","Read_2711",0.457422521705511,"Subpopulation_1"
"NGS_Nanog_WT_Rep1","Read_2712",0.465413787605308,"Subpopulation_1"
"NGS_Nanog_WT_Rep1","Read_2713",0.449451915950313,"Subpopulation_1"
"NGS_Nanog_WT_Rep1","Read_2714",0.456280615939777,"Subpopulation_1"
"NGS_Nanog_WT_Rep1","Read_2715",0.452683728067659,"Subpopulation_1"
"NGS_Nanog_WT_Rep1","Read_2716",0.457978916788102,"Subpopulation_1"
"NGS_Nanog_WT_Rep1","Read_2717",0.456732631422711,"Subpopulation_1"
"NGS_Nanog_WT_Rep1","Read_2718",0.457512806723884,"Subpopulation_1"
"NGS_Nanog_WT_Rep1","Read_2719",0.45889759196411,"Subpopulation_1"
"NGS_Nanog_WT_Rep1","Read_2720",0.454043791117418,"Subpopulation_1"
"NGS_Nanog_WT_Rep1","Read_2721",0.461344116502405,"Subpopulation_1"
"NGS_Nanog_WT_Rep1","Read_2722",0.456425314014881,"Subpopulation_1"
"NGS_Nanog_WT_Rep1","Read_2723",0.460363239181376,"Subpopulation_1"
"NGS_Nanog_WT_Rep1","Read_2724",0.455886403300033,"Subpopulation_1"
"NGS_Nanog_WT_Rep1","Read_2725",0.45454006981178,"Subpopulation_1"
"NGS_Nanog_WT_Rep1","Read_2726",0.452693611872924,"Subpopulation_1"
"NGS_Nanog_WT_Rep1","Read_2727",0.464590681233449,"Subpopulation_1"
"NGS_Nanog_WT_Rep1","Read_2728",0.460360897799061,"Subpopulation_1"
"NGS_Nanog_WT_Rep1","Read_2729",0.458386424343004,"Subpopulation_1"
"NGS_Nanog_WT_Rep1","Read_2730",0.446165841554974,"Subpopulation_1"
"NGS_Nanog_WT_Rep1","Read_2731",0.449112115423752,"Subpopulation_1"
"NGS_Nanog_WT_Rep1","Read_2732",0.467891681254717,"Subpopulation_1"
"NGS_Nanog_WT_Rep1","Read_2733",0.462599967311284,"Subpopulation_1"
"NGS_Nanog_WT_Rep1","Read_2734",0.456486208969463,"Subpopulation_1"
"NGS_Nanog_WT_Rep1","Read_2735",0.44859895299601,"Subpopulation_1"
"NGS_Nanog_WT_Rep1","Read_2736",0.461980270530175,"Subpopulation_1"
"NGS_Nanog_WT_Rep1","Read_2737",0.450083900197599,"Subpopulation_1"
"NGS_Nanog_WT_Rep1","Read_2738",0.456548348039758,"Subpopulation_1"
"NGS_Nanog_WT_Rep1","Read_2739",0.453120580531099,"Subpopulation_1"
"NGS_Nanog_WT_Rep1","Read_2740",0.445294847555125,"Subpopulation_1"
"NGS_Nanog_WT_Rep1","Read_2741",0.459085794133921,"Subpopulation_1"
"NGS_Nanog_WT_Rep1","Read_2742",0.455100714458614,"Subpopulation_1"
"NGS_Nanog_WT_Rep1","Read_2743",0.445026987737006,"Subpopulation_1"
"NGS_Nanog_WT_Rep1","Read_2744",0.450360438565337,"Subpopulation_1"
"NGS_Nanog_WT_Rep1","Read_2745",0.46475591664192,"Subpopulation_1"
"NGS_Nanog_WT_Rep1","Read_2746",0.452854909239467,"Subpopulation_1"
"NGS_Nanog_WT_Rep1","Read_2747",0.443698951873312,"Subpopulation_1"
"NGS_Nanog_WT_Rep1","Read_2748",0.465037091876542,"Subpopulation_1"
"NGS_Nanog_WT_Rep1","Read_2749",0.455971979547621,"Subpopulation_1"
"NGS_Nanog_WT_Rep1","Read_2750",0.453534850931772,"Subpopulation_1"
"NGS_Nanog_WT_Rep1","Read_2751",0.461426191561665,"Subpopulation_1"
"NGS_Nanog_WT_Rep1","Read_2752",0.458414807213272,"Subpopulation_1"
"NGS_Nanog_WT_Rep1","Read_2753",0.45642893695229,"Subpopulation_1"
"NGS_Nanog_WT_Rep1","Read_2754",0.457710198193538,"Subpopulation_1"
"NGS_Nanog_WT_Rep1","Read_2755",0.458006133614547,"Subpopulation_1"
"NGS_Nanog_WT_Rep1","Read_2756",0.457620242526538,"Subpopulation_1"
"NGS_Nanog_WT_Rep1","Read_2757",0.45186190452338,"Subpopulation_1"
"NGS_Nanog_WT_Rep1","Read_2758",0.439458934310756,"Subpopulation_1"
"NGS_Nanog_WT_Rep1","Read_2759",0.452026840635034,"Subpopulation_1"
"NGS_Nanog_WT_Rep1","Read_2760",0.45658964864355,"Subpopulation_1"
"NGS_Nanog_WT_Rep1","Read_2761",0.448055723733655,"Subpopulation_1"
"NGS_Nanog_WT_Rep1","Read_2762",0.449711787504687,"Subpopulation_1"
"NGS_Nanog_WT_Rep1","Read_2763",0.448194678951573,"Subpopulation_1"
"NGS_Nanog_WT_Rep1","Read_2764",0.44784035859734,"Subpopulation_1"
"NGS_Nanog_WT_Rep1","Read_2765",0.447845986428408,"Subpopulation_1"
"NGS_Nanog_WT_Rep1","Read_2766",0.460949321911299,"Subpopulation_1"
"NGS_Nanog_WT_Rep1","Read_2767",0.4587744274882,"Subpopulation_1"
"NGS_Nanog_WT_Rep1","Read_2768",0.460527741400714,"Subpopulation_1"
"NGS_Nanog_WT_Rep1","Read_2769",0.455939335251395,"Subpopulation_1"
"NGS_Nanog_WT_Rep1","Read_2770",0.463889450548585,"Subpopulation_1"
"NGS_Nanog_WT_Rep1","Read_2771",0.464389474904165,"Subpopulation_1"
"NGS_Nanog_WT_Rep1","Read_2772",0.442725927792855,"Subpopulation_1"
"NGS_Nanog_WT_Rep1","Read_2773",0.459888199611556,"Subpopulation_1"
"NGS_Nanog_WT_Rep1","Read_2774",0.4701872191501,"Subpopulation_1"
"NGS_Nanog_WT_Rep1","Read_2775",0.453916154994411,"Subpopulation_1"
"NGS_Nanog_WT_Rep1","Read_2776",0.444046841689569,"Subpopulation_1"
"NGS_Nanog_WT_Rep1","Read_2777",0.460427511162926,"Subpopulation_1"
"NGS_Nanog_WT_Rep1","Read_2778",0.454598624867997,"Subpopulation_1"
"NGS_Nanog_WT_Rep1","Read_2779",0.464650876348682,"Subpopulation_1"
"NGS_Nanog_WT_Rep1","Read_2780",0.461336195995584,"Subpopulation_1"
"NGS_Nanog_WT_Rep1","Read_2781",0.459062560486838,"Subpopulation_1"
"NGS_Nanog_WT_Rep1","Read_2782",0.449436062076884,"Subpopulation_1"
"NGS_Nanog_WT_Rep1","Read_2783",0.449219262438164,"Subpopulation_1"
"NGS_Nanog_WT_Rep1","Read_2784",0.451205231637593,"Subpopulation_1"
"NGS_Nanog_WT_Rep1","Read_2785",0.454228259253378,"Subpopulation_1"
"NGS_Nanog_WT_Rep1","Read_2786",0.452495667161408,"Subpopulation_1"
"NGS_Nanog_WT_Rep1","Read_2787",0.449820634631063,"Subpopulation_1"
"NGS_Nanog_WT_Rep1","Read_2788",0.46961065627558,"Subpopulation_1"
"NGS_Nanog_WT_Rep1","Read_2789",0.460032154181515,"Subpopulation_1"
"NGS_Nanog_WT_Rep1","Read_2790",0.455862058630467,"Subpopulation_1"
"NGS_Nanog_WT_Rep1","Read_2791",0.449837286797503,"Subpopulation_1"
"NGS_Nanog_WT_Rep1","Read_2792",0.469091430151696,"Subpopulation_1"
"NGS_Nanog_WT_Rep1","Read_2793",0.458364796675077,"Subpopulation_1"
"NGS_Nanog_WT_Rep1","Read_2794",0.453728470089691,"Subpopulation_1"
"NGS_Nanog_WT_Rep1","Read_2795",0.452346877562342,"Subpopulation_1"
"NGS_Nanog_WT_Rep1","Read_2796",0.449880299446522,"Subpopulation_1"
"NGS_Nanog_WT_Rep1","Read_2797",0.46637213702001,"Subpopulation_1"
"NGS_Nanog_WT_Rep1","Read_2798",0.449520732175673,"Subpopulation_1"
"NGS_Nanog_WT_Rep1","Read_2799",0.454006599867571,"Subpopulation_1"
"NGS_Nanog_WT_Rep1","Read_2800",0.457337349593988,"Subpopulation_1"
"NGS_Nanog_WT_Rep1","Read_2801",0.458608218221595,"Subpopulation_1"
"NGS_Nanog_WT_Rep1","Read_2802",0.450421012968022,"Subpopulation_1"
"NGS_Nanog_WT_Rep1","Read_2803",0.449745895827354,"Subpopulation_1"
"NGS_Nanog_WT_Rep1","Read_2804",0.461453413576013,"Subpopulation_1"
"NGS_Nanog_WT_Rep1","Read_2805",0.458680936944547,"Subpopulation_1"
"NGS_Nanog_WT_Rep1","Read_2806",0.45175102486362,"Subpopulation_1"
"NGS_Nanog_WT_Rep1","Read_2807",0.459088876396964,"Subpopulation_1"
"NGS_Nanog_WT_Rep1","Read_2808",0.45434567894884,"Subpopulation_1"
"NGS_Nanog_WT_Rep1","Read_2809",0.461488274954683,"Subpopulation_1"
"NGS_Nanog_WT_Rep1","Read_2810",0.460639569387293,"Subpopulation_1"
"NGS_Nanog_WT_Rep1","Read_2811",0.452121548640211,"Subpopulation_1"
"NGS_Nanog_WT_Rep1","Read_2812",0.450245347167345,"Subpopulation_1"
"NGS_Nanog_WT_Rep1","Read_2813",0.4579599899973,"Subpopulation_1"
"NGS_Nanog_WT_Rep1","Read_2814",0.449452273244566,"Subpopulation_1"
"NGS_Nanog_WT_Rep1","Read_2815",0.458358692112596,"Subpopulation_1"
"NGS_Nanog_WT_Rep1","Read_2816",0.458210191881489,"Subpopulation_1"
"NGS_Nanog_WT_Rep1","Read_2817",0.45130041104023,"Subpopulation_1"
"NGS_Nanog_WT_Rep1","Read_2818",0.457276759093358,"Subpopulation_1"
"NGS_Nanog_WT_Rep1","Read_2819",0.457091023922395,"Subpopulation_1"
"NGS_Nanog_WT_Rep1","Read_2820",0.45212268650117,"Subpopulation_1"
"NGS_Nanog_WT_Rep1","Read_2821",0.460653157210689,"Subpopulation_1"
"NGS_Nanog_WT_Rep1","Read_2822",0.453314117248513,"Subpopulation_1"
"NGS_Nanog_WT_Rep1","Read_2823",0.460802980344729,"Subpopulation_1"
"NGS_Nanog_WT_Rep1","Read_2824",0.453873172730557,"Subpopulation_1"
"NGS_Nanog_WT_Rep1","Read_2825",0.450327312771393,"Subpopulation_1"
"NGS_Nanog_WT_Rep1","Read_2826",0.472278028621409,"Subpopulation_1"
"NGS_Nanog_WT_Rep1","Read_2827",0.454924281905483,"Subpopulation_1"
"NGS_Nanog_WT_Rep1","Read_2828",0.441443161138976,"Subpopulation_1"
"NGS_Nanog_WT_Rep1","Read_2829",0.46257765283835,"Subpopulation_1"
"NGS_Nanog_WT_Rep1","Read_2830",0.461286798985929,"Subpopulation_1"
"NGS_Nanog_WT_Rep1","Read_2831",0.447062834471711,"Subpopulation_1"
"NGS_Nanog_WT_Rep1","Read_2832",0.453675756131683,"Subpopulation_1"
"NGS_Nanog_WT_Rep1","Read_2833",0.448522666868876,"Subpopulation_1"
"NGS_Nanog_WT_Rep1","Read_2834",0.459752276874378,"Subpopulation_1"
"NGS_Nanog_WT_Rep1","Read_2835",0.45479454618256,"Subpopulation_1"
"NGS_Nanog_WT_Rep1","Read_2836",0.46482944270863,"Subpopulation_1"
"NGS_Nanog_WT_Rep1","Read_2837",0.439323467327769,"Subpopulation_1"
"NGS_Nanog_WT_Rep1","Read_2838",0.462701326969875,"Subpopulation_1"
"NGS_Nanog_WT_Rep1","Read_2839",0.466751490615394,"Subpopulation_1"
"NGS_Nanog_WT_Rep1","Read_2840",0.456480233010752,"Subpopulation_1"
"NGS_Nanog_WT_Rep1","Read_2841",0.458168743450683,"Subpopulation_1"
"NGS_Nanog_WT_Rep1","Read_2842",0.447940475823444,"Subpopulation_1"
"NGS_Nanog_WT_Rep1","Read_2843",0.455744089898874,"Subpopulation_1"
"NGS_Nanog_WT_Rep1","Read_2844",0.445802615802475,"Subpopulation_1"
"NGS_Nanog_WT_Rep1","Read_2845",0.457556395948352,"Subpopulation_1"
"NGS_Nanog_WT_Rep1","Read_2846",0.449566202529292,"Subpopulation_1"
"NGS_Nanog_WT_Rep1","Read_2847",0.450837819498634,"Subpopulation_1"
"NGS_Nanog_WT_Rep1","Read_2848",0.460048582665937,"Subpopulation_1"
"NGS_Nanog_WT_Rep1","Read_2849",0.455325320492601,"Subpopulation_1"
"NGS_Nanog_WT_Rep1","Read_2850",0.457027355980193,"Subpopulation_1"
"NGS_Nanog_WT_Rep1","Read_2851",0.455341717677033,"Subpopulation_1"
"NGS_Nanog_WT_Rep1","Read_2852",0.437424447782227,"Subpopulation_1"
"NGS_Nanog_WT_Rep1","Read_2853",0.457007751650983,"Subpopulation_1"
"NGS_Nanog_WT_Rep1","Read_2854",0.45330469491136,"Subpopulation_1"
"NGS_Nanog_WT_Rep1","Read_2855",0.462356239437981,"Subpopulation_1"
"NGS_Nanog_WT_Rep1","Read_2856",0.453946451864508,"Subpopulation_1"
"NGS_Nanog_WT_Rep1","Read_2857",0.449303186352754,"Subpopulation_1"
"NGS_Nanog_WT_Rep1","Read_2858",0.444310952502272,"Subpopulation_1"
"NGS_Nanog_WT_Rep1","Read_2859",0.449989188130504,"Subpopulation_1"
"NGS_Nanog_WT_Rep1","Read_2860",0.464184222470642,"Subpopulation_1"
"NGS_Nanog_WT_Rep1","Read_2861",0.460735179332863,"Subpopulation_1"
"NGS_Nanog_WT_Rep1","Read_2862",0.440495402543401,"Subpopulation_1"
"NGS_Nanog_WT_Rep1","Read_2863",0.458553206150959,"Subpopulation_1"
"NGS_Nanog_WT_Rep1","Read_2864",0.456953018725356,"Subpopulation_1"
"NGS_Nanog_WT_Rep1","Read_2865",0.452818469534747,"Subpopulation_1"
"NGS_Nanog_WT_Rep1","Read_2866",0.458303084992364,"Subpopulation_1"
"NGS_Nanog_WT_Rep1","Read_2867",0.459007154332567,"Subpopulation_1"
"NGS_Nanog_WT_Rep1","Read_2868",0.44795108629393,"Subpopulation_1"
"NGS_Nanog_WT_Rep1","Read_2869",0.456125427568227,"Subpopulation_1"
"NGS_Nanog_WT_Rep1","Read_2870",0.468677241523732,"Subpopulation_1"
"NGS_Nanog_WT_Rep1","Read_2871",0.45535951287388,"Subpopulation_1"
"NGS_Nanog_WT_Rep1","Read_2872",0.455941801257186,"Subpopulation_1"
"NGS_Nanog_WT_Rep1","Read_2873",0.464027053525848,"Subpopulation_1"
"NGS_Nanog_WT_Rep1","Read_2874",0.45833745417966,"Subpopulation_1"
"NGS_Nanog_WT_Rep1","Read_2875",0.451804935922862,"Subpopulation_1"
"NGS_Nanog_WT_Rep1","Read_2876",0.464230347624714,"Subpopulation_1"
"NGS_Nanog_WT_Rep1","Read_2877",0.455299678457309,"Subpopulation_1"
"NGS_Nanog_WT_Rep1","Read_2878",0.458277003667674,"Subpopulation_1"
"NGS_Nanog_WT_Rep1","Read_2879",0.460865730090141,"Subpopulation_1"
"NGS_Nanog_WT_Rep1","Read_2880",0.45921134348526,"Subpopulation_1"
"NGS_Nanog_WT_Rep1","Read_2881",0.450114502944056,"Subpopulation_1"
"NGS_Nanog_WT_Rep1","Read_2882",0.44652258010636,"Subpopulation_1"
"NGS_Nanog_WT_Rep1","Read_2883",0.457094006377993,"Subpopulation_1"
"NGS_Nanog_WT_Rep1","Read_2884",0.447655431352294,"Subpopulation_1"
"NGS_Nanog_WT_Rep1","Read_2885",0.457259137898889,"Subpopulation_1"
"NGS_Nanog_WT_Rep1","Read_2886",0.454085690061023,"Subpopulation_1"
"NGS_Nanog_WT_Rep1","Read_2887",0.458952529799459,"Subpopulation_1"
"NGS_Nanog_WT_Rep1","Read_2888",0.458052437617894,"Subpopulation_1"
"NGS_Nanog_WT_Rep1","Read_2889",0.460094053999194,"Subpopulation_1"
"NGS_Nanog_WT_Rep1","Read_2890",0.45268585520455,"Subpopulation_1"
"NGS_Nanog_WT_Rep1","Read_2891",0.456037387539256,"Subpopulation_1"
"NGS_Nanog_WT_Rep1","Read_2892",0.469050408161095,"Subpopulation_1"
"NGS_Nanog_WT_Rep1","Read_2893",0.457307740507457,"Subpopulation_1"
"NGS_Nanog_WT_Rep1","Read_2894",0.458377679280406,"Subpopulation_1"
"NGS_Nanog_WT_Rep1","Read_2895",0.447916209731298,"Subpopulation_1"
"NGS_Nanog_WT_Rep1","Read_2896",0.4550714055587,"Subpopulation_1"
"NGS_Nanog_WT_Rep1","Read_2897",0.442821076111275,"Subpopulation_1"
"NGS_Nanog_WT_Rep1","Read_2898",0.452351959711599,"Subpopulation_1"
"NGS_Nanog_WT_Rep1","Read_2899",0.44866925457251,"Subpopulation_1"
"NGS_Nanog_WT_Rep1","Read_2900",0.457143891334524,"Subpopulation_1"
"NGS_Nanog_WT_Rep1","Read_2901",0.466950690834562,"Subpopulation_1"
"NGS_Nanog_WT_Rep1","Read_2902",0.458774861535954,"Subpopulation_1"
"NGS_Nanog_WT_Rep1","Read_2903",0.463600837445452,"Subpopulation_1"
"NGS_Nanog_WT_Rep1","Read_2904",0.45772938448847,"Subpopulation_1"
"NGS_Nanog_WT_Rep1","Read_2905",0.459943250790001,"Subpopulation_1"
"NGS_Nanog_WT_Rep1","Read_2906",0.454413359395738,"Subpopulation_1"
"NGS_Nanog_WT_Rep1","Read_2907",0.445198689270329,"Subpopulation_1"
"NGS_Nanog_WT_Rep1","Read_2908",0.444368358461127,"Subpopulation_1"
"NGS_Nanog_WT_Rep1","Read_2909",0.457202132320527,"Subpopulation_1"
"NGS_Nanog_WT_Rep1","Read_2910",0.455394623907255,"Subpopulation_1"
"NGS_Nanog_WT_Rep1","Read_2911",0.452446023373729,"Subpopulation_1"
"NGS_Nanog_WT_Rep1","Read_2912",0.447389794280229,"Subpopulation_1"
"NGS_Nanog_WT_Rep1","Read_2913",0.452959747224411,"Subpopulation_1"
"NGS_Nanog_WT_Rep1","Read_2914",0.461994108176176,"Subpopulation_1"
"NGS_Nanog_WT_Rep1","Read_2915",0.449749263822902,"Subpopulation_1"
"NGS_Nanog_WT_Rep1","Read_2916",0.468846540058722,"Subpopulation_1"
"NGS_Nanog_WT_Rep1","Read_2917",0.445582754868383,"Subpopulation_1"
"NGS_Nanog_WT_Rep1","Read_2918",0.457894104805303,"Subpopulation_1"
"NGS_Nanog_WT_Rep1","Read_2919",0.453309641578018,"Subpopulation_1"
"NGS_Nanog_WT_Rep1","Read_2920",0.450728423627571,"Subpopulation_1"
"NGS_Nanog_WT_Rep1","Read_2921",0.456457443587996,"Subpopulation_1"
"NGS_Nanog_WT_Rep1","Read_2922",0.460558920667294,"Subpopulation_1"
"NGS_Nanog_WT_Rep1","Read_2923",0.454349121800566,"Subpopulation_1"
"NGS_Nanog_WT_Rep1","Read_2924",0.455705129945421,"Subpopulation_1"
"NGS_Nanog_WT_Rep1","Read_2925",0.462210771242935,"Subpopulation_1"
"NGS_Nanog_WT_Rep1","Read_2926",0.445910594769213,"Subpopulation_1"
"NGS_Nanog_WT_Rep1","Read_2927",0.464903582823952,"Subpopulation_1"
"NGS_Nanog_WT_Rep1","Read_2928",0.450701126616643,"Subpopulation_1"
"NGS_Nanog_WT_Rep1","Read_2929",0.457253095457388,"Subpopulation_1"
"NGS_Nanog_WT_Rep1","Read_2930",0.44018731201393,"Subpopulation_1"
"NGS_Nanog_WT_Rep1","Read_2931",0.450835029078496,"Subpopulation_1"
"NGS_Nanog_WT_Rep1","Read_2932",0.451778766119312,"Subpopulation_1"
"NGS_Nanog_WT_Rep1","Read_2933",0.451701646823626,"Subpopulation_1"
"NGS_Nanog_WT_Rep1","Read_2934",0.462709239055552,"Subpopulation_1"
"NGS_Nanog_WT_Rep1","Read_2935",0.458468592507026,"Subpopulation_1"
"NGS_Nanog_WT_Rep1","Read_2936",0.459794034329126,"Subpopulation_1"
"NGS_Nanog_WT_Rep1","Read_2937",0.45291649204771,"Subpopulation_1"
"NGS_Nanog_WT_Rep1","Read_2938",0.458995418724034,"Subpopulation_1"
"NGS_Nanog_WT_Rep1","Read_2939",0.457071256438798,"Subpopulation_1"
"NGS_Nanog_WT_Rep1","Read_2940",0.454603307306676,"Subpopulation_1"
"NGS_Nanog_WT_Rep1","Read_2941",0.458063809386233,"Subpopulation_1"
"NGS_Nanog_WT_Rep1","Read_2942",0.448849967664411,"Subpopulation_1"
"NGS_Nanog_WT_Rep1","Read_2943",0.451125207167723,"Subpopulation_1"
"NGS_Nanog_WT_Rep1","Read_2944",0.459950676254667,"Subpopulation_1"
"NGS_Nanog_WT_Rep1","Read_2945",0.450545762416591,"Subpopulation_1"
"NGS_Nanog_WT_Rep1","Read_2946",0.46310660164498,"Subpopulation_1"
"NGS_Nanog_WT_Rep1","Read_2947",0.453730841323747,"Subpopulation_1"
"NGS_Nanog_WT_Rep1","Read_2948",0.460323239354571,"Subpopulation_1"
"NGS_Nanog_WT_Rep1","Read_2949",0.453360612101415,"Subpopulation_1"
"NGS_Nanog_WT_Rep1","Read_2950",0.456744057575141,"Subpopulation_1"
"NGS_Nanog_WT_Rep1","Read_2951",0.454263683456548,"Subpopulation_1"
"NGS_Nanog_WT_Rep1","Read_2952",0.462126147544963,"Subpopulation_1"
"NGS_Nanog_WT_Rep1","Read_2953",0.454738630502393,"Subpopulation_1"
"NGS_Nanog_WT_Rep1","Read_2954",0.447863999280836,"Subpopulation_1"
"NGS_Nanog_WT_Rep1","Read_2955",0.450528621842911,"Subpopulation_1"
"NGS_Nanog_WT_Rep1","Read_2956",0.456645204947323,"Subpopulation_1"
"NGS_Nanog_WT_Rep1","Read_2957",0.460631815007084,"Subpopulation_1"
"NGS_Nanog_WT_Rep1","Read_2958",0.451887311562292,"Subpopulation_1"
"NGS_Nanog_WT_Rep1","Read_2959",0.42939845706541,"Subpopulation_1"
"NGS_Nanog_WT_Rep1","Read_2960",0.455299468632532,"Subpopulation_1"
"NGS_Nanog_WT_Rep1","Read_2961",0.454330852359688,"Subpopulation_1"
"NGS_Nanog_WT_Rep1","Read_2962",0.447314093896733,"Subpopulation_1"
"NGS_Nanog_WT_Rep1","Read_2963",0.457213543691811,"Subpopulation_1"
"NGS_Nanog_WT_Rep1","Read_2964",0.452623219149664,"Subpopulation_1"
"NGS_Nanog_WT_Rep1","Read_2965",0.454886641645464,"Subpopulation_1"
"NGS_Nanog_WT_Rep1","Read_2966",0.462101341884066,"Subpopulation_1"
"NGS_Nanog_WT_Rep1","Read_2967",0.459001225304187,"Subpopulation_1"
"NGS_Nanog_WT_Rep1","Read_2968",0.461555506615728,"Subpopulation_1"
"NGS_Nanog_WT_Rep1","Read_2969",0.456382548651829,"Subpopulation_1"
"NGS_Nanog_WT_Rep1","Read_2970",0.460355030022989,"Subpopulation_1"
"NGS_Nanog_WT_Rep1","Read_2971",0.457098981302678,"Subpopulation_1"
"NGS_Nanog_WT_Rep1","Read_2972",0.460582742892629,"Subpopulation_1"
"NGS_Nanog_WT_Rep1","Read_2973",0.455297052093183,"Subpopulation_1"
"NGS_Nanog_WT_Rep1","Read_2974",0.462726209361874,"Subpopulation_1"
"NGS_Nanog_WT_Rep1","Read_2975",0.458403598881668,"Subpopulation_1"
"NGS_Nanog_WT_Rep1","Read_2976",0.44885707684031,"Subpopulation_1"
"NGS_Nanog_WT_Rep1","Read_2977",0.455721833185468,"Subpopulation_1"
"NGS_Nanog_WT_Rep1","Read_2978",0.453139570124059,"Subpopulation_1"
"NGS_Nanog_WT_Rep1","Read_2979",0.450735809105735,"Subpopulation_1"
"NGS_Nanog_WT_Rep1","Read_2980",0.456296542258137,"Subpopulation_1"
"NGS_Nanog_WT_Rep1","Read_2981",0.455697328429227,"Subpopulation_1"
"NGS_Nanog_WT_Rep1","Read_2982",0.44786207409074,"Subpopulation_1"
"NGS_Nanog_WT_Rep1","Read_2983",0.454999682858334,"Subpopulation_1"
"NGS_Nanog_WT_Rep1","Read_2984",0.464634310029224,"Subpopulation_1"
"NGS_Nanog_WT_Rep1","Read_2985",0.452722382476399,"Subpopulation_1"
"NGS_Nanog_WT_Rep1","Read_2986",0.457202657402729,"Subpopulation_1"
"NGS_Nanog_WT_Rep1","Read_2987",0.456192882122733,"Subpopulation_1"
"NGS_Nanog_WT_Rep1","Read_2988",0.454963306878656,"Subpopulation_1"
"NGS_Nanog_WT_Rep1","Read_2989",0.458543053965735,"Subpopulation_1"
"NGS_Nanog_WT_Rep1","Read_2990",0.463281121116881,"Subpopulation_1"
"NGS_Nanog_WT_Rep1","Read_2991",0.45374297253531,"Subpopulation_1"
"NGS_Nanog_WT_Rep1","Read_2992",0.456136927937747,"Subpopulation_1"
"NGS_Nanog_WT_Rep1","Read_2993",0.449706497939433,"Subpopulation_1"
"NGS_Nanog_WT_Rep1","Read_2994",0.47118026348996,"Subpopulation_1"
"NGS_Nanog_WT_Rep1","Read_2995",0.454109706924614,"Subpopulation_1"
"NGS_Nanog_WT_Rep1","Read_2996",0.449596669517121,"Subpopulation_1"
"NGS_Nanog_WT_Rep1","Read_2997",0.452548095521004,"Subpopulation_1"
"NGS_Nanog_WT_Rep1","Read_2998",0.461094180796591,"Subpopulation_1"
"NGS_Nanog_WT_Rep1","Read_2999",0.448486704450409,"Subpopulation_1"
"NGS_Nanog_WT_Rep1","Read_3000",0.457744288870501,"Subpopulation_1"
