"Sample","ReadID","sampled_methylation","allele"
"NGS_H19_LOI_Rep1","Read_1",0.980234653319467,"Subpopulation_1"
"NGS_H19_LOI_Rep1","Read_2",0.983223565075169,"Subpopulation_1"
"NGS_H19_LOI_Rep1","Read_3",0.982477972983219,"Subpopulation_1"
"NGS_H19_LOI_Rep1","Read_4",0.97808829859161,"Subpopulation_1"
"NGS_H19_LOI_Rep1","Read_5",0.983737235741628,"Subpopulation_1"
"NGS_H19_LOI_Rep1","Read_6",0.987768734992839,"Subpopulation_1"
"NGS_H19_LOI_Rep1","Read_7",0.981932509352838,"Subpopulation_1"
"NGS_H19_LOI_Rep1","Read_8",0.98053612193843,"Subpopulation_1"
"NGS_H19_LOI_Rep1","Read_9",0.979777483392596,"Subpopulation_1"
"NGS_H19_LOI_Rep1","Read_10",0.978709603157306,"Subpopulation_1"
"NGS_H19_LOI_Rep1","Read_11",0.975184261217405,"Subpopulation_1"
"NGS_H19_LOI_Rep1","Read_12",0.980116411900811,"Subpopulation_1"
"NGS_H19_LOI_Rep1","Read_13",0.983140763367124,"Subpopulation_1"
"NGS_H19_LOI_Rep1","Read_14",0.987235525863737,"Subpopulation_1"
"NGS_H19_LOI_Rep1","Read_15",0.98276608838808,"Subpopulation_1"
"NGS_H19_LOI_Rep1","Read_16",0.968728748242443,"Subpopulation_1"
"NGS_H19_LOI_Rep1","Read_17",0.977817081121405,"Subpopulation_1"
"NGS_H19_LOI_Rep1","Read_18",0.985511819993961,"Subpopulation_1"
"NGS_H19_LOI_Rep1","Read_19",0.98019621585524,"Subpopulation_1"
"NGS_H19_LOI_Rep1","Read_20",0.974747957167325,"Subpopulation_1"
"NGS_H19_LOI_Rep1","Read_21",0.984583466314615,"Subpopulation_1"
"NGS_H19_LOI_Rep1","Read_22",0.979426513891433,"Subpopulation_1"
"NGS_H19_LOI_Rep1","Read_23",0.979519256820261,"Subpopulation_1"
"NGS_H19_LOI_Rep1","Read_24",0.969770933911761,"Subpopulation_1"
"NGS_H19_LOI_Rep1","Read_25",0.98575718494907,"Subpopulation_1"
"NGS_H19_LOI_Rep1","Read_26",0.984441875412891,"Subpopulation_1"
"NGS_H19_LOI_Rep1","Read_27",0.979712987041471,"Subpopulation_1"
"NGS_H19_LOI_Rep1","Read_28",0.98231853991474,"Subpopulation_1"
"NGS_H19_LOI_Rep1","Read_29",0.987831592427074,"Subpopulation_1"
"NGS_H19_LOI_Rep1","Read_30",0.986541702824436,"Subpopulation_1"
"NGS_H19_LOI_Rep1","Read_31",0.981757778951383,"Subpopulation_1"
"NGS_H19_LOI_Rep1","Read_32",0.977738467318573,"Subpopulation_1"
"NGS_H19_LOI_Rep1","Read_33",0.98107407755555,"Subpopulation_1"
"NGS_H19_LOI_Rep1","Read_34",0.976661924446922,"Subpopulation_1"
"NGS_H19_LOI_Rep1","Read_35",0.992458680951425,"Subpopulation_1"
"NGS_H19_LOI_Rep1","Read_36",0.972780329874789,"Subpopulation_1"
"NGS_H19_LOI_Rep1","Read_37",0.981407159194997,"Subpopulation_1"
"NGS_H19_LOI_Rep1","Read_38",0.980647017767832,"Subpopulation_1"
"NGS_H19_LOI_Rep1","Read_39",0.982979147317677,"Subpopulation_1"
"NGS_H19_LOI_Rep1","Read_40",0.978263744545705,"Subpopulation_1"
"NGS_H19_LOI_Rep1","Read_41",0.98752330825695,"Subpopulation_1"
"NGS_H19_LOI_Rep1","Read_42",0.966370771100628,"Subpopulation_1"
"NGS_H19_LOI_Rep1","Read_43",0.976712425751141,"Subpopulation_1"
"NGS_H19_LOI_Rep1","Read_44",0.986766756527464,"Subpopulation_1"
"NGS_H19_LOI_Rep1","Read_45",0.982707525572159,"Subpopulation_1"
"NGS_H19_LOI_Rep1","Read_46",0.982454681219736,"Subpopulation_1"
"NGS_H19_LOI_Rep1","Read_47",0.980002784435421,"Subpopulation_1"
"NGS_H19_LOI_Rep1","Read_48",0.982196972864158,"Subpopulation_1"
"NGS_H19_LOI_Rep1","Read_49",0.975919038757482,"Subpopulation_1"
"NGS_H19_LOI_Rep1","Read_50",0.983594678876066,"Subpopulation_1"
"NGS_H19_LOI_Rep1","Read_51",0.982126725375078,"Subpopulation_1"
"NGS_H19_LOI_Rep1","Read_52",0.987891170085263,"Subpopulation_1"
"NGS_H19_LOI_Rep1","Read_53",0.987153711093252,"Subpopulation_1"
"NGS_H19_LOI_Rep1","Read_54",0.980195578711663,"Subpopulation_1"
"NGS_H19_LOI_Rep1","Read_55",0.97546282638485,"Subpopulation_1"
"NGS_H19_LOI_Rep1","Read_56",0.98134330150595,"Subpopulation_1"
"NGS_H19_LOI_Rep1","Read_57",0.97197794987994,"Subpopulation_1"
"NGS_H19_LOI_Rep1","Read_58",0.983784437025583,"Subpopulation_1"
"NGS_H19_LOI_Rep1","Read_59",0.977250019739993,"Subpopulation_1"
"NGS_H19_LOI_Rep1","Read_60",0.975666883343317,"Subpopulation_1"
"NGS_H19_LOI_Rep1","Read_61",0.980374772671896,"Subpopulation_1"
"NGS_H19_LOI_Rep1","Read_62",0.981499005062615,"Subpopulation_1"
"NGS_H19_LOI_Rep1","Read_63",0.985299273881706,"Subpopulation_1"
"NGS_H19_LOI_Rep1","Read_64",0.982861638777543,"Subpopulation_1"
"NGS_H19_LOI_Rep1","Read_65",0.974225176134288,"Subpopulation_1"
"NGS_H19_LOI_Rep1","Read_66",0.978599967168812,"Subpopulation_1"
"NGS_H19_LOI_Rep1","Read_67",0.982713749700677,"Subpopulation_1"
"NGS_H19_LOI_Rep1","Read_68",0.982990186595201,"Subpopulation_1"
"NGS_H19_LOI_Rep1","Read_69",0.982565926188578,"Subpopulation_1"
"NGS_H19_LOI_Rep1","Read_70",0.978687404554202,"Subpopulation_1"
"NGS_H19_LOI_Rep1","Read_71",0.974424771220988,"Subpopulation_1"
"NGS_H19_LOI_Rep1","Read_72",0.977533742844625,"Subpopulation_1"
"NGS_H19_LOI_Rep1","Read_73",0.976162451322784,"Subpopulation_1"
"NGS_H19_LOI_Rep1","Read_74",0.976321078355527,"Subpopulation_1"
"NGS_H19_LOI_Rep1","Read_75",0.981322133959511,"Subpopulation_1"
"NGS_H19_LOI_Rep1","Read_76",0.989551490194277,"Subpopulation_1"
"NGS_H19_LOI_Rep1","Read_77",0.984630833724882,"Subpopulation_1"
"NGS_H19_LOI_Rep1","Read_78",0.981802294051911,"Subpopulation_1"
"NGS_H19_LOI_Rep1","Read_79",0.988078489229875,"Subpopulation_1"
"NGS_H19_LOI_Rep1","Read_80",0.979023660622131,"Subpopulation_1"
"NGS_H19_LOI_Rep1","Read_81",0.974336638172611,"Subpopulation_1"
"NGS_H19_LOI_Rep1","Read_82",0.980744122186847,"Subpopulation_1"
"NGS_H19_LOI_Rep1","Read_83",0.981408195566181,"Subpopulation_1"
"NGS_H19_LOI_Rep1","Read_84",0.977783124686971,"Subpopulation_1"
"NGS_H19_LOI_Rep1","Read_85",0.979257325564137,"Subpopulation_1"
"NGS_H19_LOI_Rep1","Read_86",0.981884888919258,"Subpopulation_1"
"NGS_H19_LOI_Rep1","Read_87",0.97559580110319,"Subpopulation_1"
"NGS_H19_LOI_Rep1","Read_88",0.980784523175791,"Subpopulation_1"
"NGS_H19_LOI_Rep1","Read_89",0.980415987575843,"Subpopulation_1"
"NGS_H19_LOI_Rep1","Read_90",0.976658276873575,"Subpopulation_1"
"NGS_H19_LOI_Rep1","Read_91",0.976636730979112,"Subpopulation_1"
"NGS_H19_LOI_Rep1","Read_92",0.975984455766618,"Subpopulation_1"
"NGS_H19_LOI_Rep1","Read_93",0.980278818136902,"Subpopulation_1"
"NGS_H19_LOI_Rep1","Read_94",0.981708342824848,"Subpopulation_1"
"NGS_H19_LOI_Rep1","Read_95",0.973094519637976,"Subpopulation_1"
"NGS_H19_LOI_Rep1","Read_96",0.977897778189919,"Subpopulation_1"
"NGS_H19_LOI_Rep1","Read_97",0.978202747577909,"Subpopulation_1"
"NGS_H19_LOI_Rep1","Read_98",0.982232280166244,"Subpopulation_1"
"NGS_H19_LOI_Rep1","Read_99",0.99099509296739,"Subpopulation_1"
"NGS_H19_LOI_Rep1","Read_100",0.97743160299015,"Subpopulation_1"
"NGS_H19_LOI_Rep1","Read_101",0.982791597448123,"Subpopulation_1"
"NGS_H19_LOI_Rep1","Read_102",0.978114742261024,"Subpopulation_1"
"NGS_H19_LOI_Rep1","Read_103",0.980700978906156,"Subpopulation_1"
"NGS_H19_LOI_Rep1","Read_104",0.979894193976166,"Subpopulation_1"
"NGS_H19_LOI_Rep1","Read_105",0.980436190026889,"Subpopulation_1"
"NGS_H19_LOI_Rep1","Read_106",0.980682972017429,"Subpopulation_1"
"NGS_H19_LOI_Rep1","Read_107",0.977172393226585,"Subpopulation_1"
"NGS_H19_LOI_Rep1","Read_108",0.97901823678618,"Subpopulation_1"
"NGS_H19_LOI_Rep1","Read_109",0.986847314598448,"Subpopulation_1"
"NGS_H19_LOI_Rep1","Read_110",0.982761638254597,"Subpopulation_1"
"NGS_H19_LOI_Rep1","Read_111",0.980877721840304,"Subpopulation_1"
"NGS_H19_LOI_Rep1","Read_112",0.973403846604095,"Subpopulation_1"
"NGS_H19_LOI_Rep1","Read_113",0.981652534966094,"Subpopulation_1"
"NGS_H19_LOI_Rep1","Read_114",0.977213767759467,"Subpopulation_1"
"NGS_H19_LOI_Rep1","Read_115",0.98264835539578,"Subpopulation_1"
"NGS_H19_LOI_Rep1","Read_116",0.977224434540901,"Subpopulation_1"
"NGS_H19_LOI_Rep1","Read_117",0.981143082425147,"Subpopulation_1"
"NGS_H19_LOI_Rep1","Read_118",0.979706263282836,"Subpopulation_1"
"NGS_H19_LOI_Rep1","Read_119",0.972934530455892,"Subpopulation_1"
"NGS_H19_LOI_Rep1","Read_120",0.980990586158351,"Subpopulation_1"
"NGS_H19_LOI_Rep1","Read_121",0.984261969362963,"Subpopulation_1"
"NGS_H19_LOI_Rep1","Read_122",0.980450273668232,"Subpopulation_1"
"NGS_H19_LOI_Rep1","Read_123",0.978031877491432,"Subpopulation_1"
"NGS_H19_LOI_Rep1","Read_124",0.976503442583986,"Subpopulation_1"
"NGS_H19_LOI_Rep1","Read_125",0.967086876209851,"Subpopulation_1"
"NGS_H19_LOI_Rep1","Read_126",0.974848085630206,"Subpopulation_1"
"NGS_H19_LOI_Rep1","Read_127",0.983539174346007,"Subpopulation_1"
"NGS_H19_LOI_Rep1","Read_128",0.97414376475209,"Subpopulation_1"
"NGS_H19_LOI_Rep1","Read_129",0.982673474718415,"Subpopulation_1"
"NGS_H19_LOI_Rep1","Read_130",0.980456519905062,"Subpopulation_1"
"NGS_H19_LOI_Rep1","Read_131",0.977721315805383,"Subpopulation_1"
"NGS_H19_LOI_Rep1","Read_132",0.982734948367176,"Subpopulation_1"
"NGS_H19_LOI_Rep1","Read_133",0.980655734109188,"Subpopulation_1"
"NGS_H19_LOI_Rep1","Read_134",0.983683555114958,"Subpopulation_1"
"NGS_H19_LOI_Rep1","Read_135",0.983280670200654,"Subpopulation_1"
"NGS_H19_LOI_Rep1","Read_136",0.986714651147178,"Subpopulation_1"
"NGS_H19_LOI_Rep1","Read_137",0.980020768410514,"Subpopulation_1"
"NGS_H19_LOI_Rep1","Read_138",0.971687521069737,"Subpopulation_1"
"NGS_H19_LOI_Rep1","Read_139",0.980712291211741,"Subpopulation_1"
"NGS_H19_LOI_Rep1","Read_140",0.982892517591612,"Subpopulation_1"
"NGS_H19_LOI_Rep1","Read_141",0.980972051648149,"Subpopulation_1"
"NGS_H19_LOI_Rep1","Read_142",0.984896565721147,"Subpopulation_1"
"NGS_H19_LOI_Rep1","Read_143",0.983522155609113,"Subpopulation_1"
"NGS_H19_LOI_Rep1","Read_144",0.987577494018719,"Subpopulation_1"
"NGS_H19_LOI_Rep1","Read_145",0.982363197419692,"Subpopulation_1"
"NGS_H19_LOI_Rep1","Read_146",0.974384575515127,"Subpopulation_1"
"NGS_H19_LOI_Rep1","Read_147",0.976253658136855,"Subpopulation_1"
"NGS_H19_LOI_Rep1","Read_148",0.985543731697626,"Subpopulation_1"
"NGS_H19_LOI_Rep1","Read_149",0.986445688513447,"Subpopulation_1"
"NGS_H19_LOI_Rep1","Read_150",0.987329193022934,"Subpopulation_1"
"NGS_H19_LOI_Rep1","Read_151",0.980924292470556,"Subpopulation_1"
"NGS_H19_LOI_Rep1","Read_152",0.974659480036292,"Subpopulation_1"
"NGS_H19_LOI_Rep1","Read_153",0.980747196318704,"Subpopulation_1"
"NGS_H19_LOI_Rep1","Read_154",0.98451094402009,"Subpopulation_1"
"NGS_H19_LOI_Rep1","Read_155",0.983255066250907,"Subpopulation_1"
"NGS_H19_LOI_Rep1","Read_156",0.977214652025029,"Subpopulation_1"
"NGS_H19_LOI_Rep1","Read_157",0.983024385415875,"Subpopulation_1"
"NGS_H19_LOI_Rep1","Read_158",0.974458464660269,"Subpopulation_1"
"NGS_H19_LOI_Rep1","Read_159",0.974548015928199,"Subpopulation_1"
"NGS_H19_LOI_Rep1","Read_160",0.962670261659576,"Subpopulation_1"
"NGS_H19_LOI_Rep1","Read_161",0.974931432447291,"Subpopulation_1"
"NGS_H19_LOI_Rep1","Read_162",0.985187664742211,"Subpopulation_1"
"NGS_H19_LOI_Rep1","Read_163",0.979926621304807,"Subpopulation_1"
"NGS_H19_LOI_Rep1","Read_164",0.969033938466751,"Subpopulation_1"
"NGS_H19_LOI_Rep1","Read_165",0.979603880122118,"Subpopulation_1"
"NGS_H19_LOI_Rep1","Read_166",0.98359763208464,"Subpopulation_1"
"NGS_H19_LOI_Rep1","Read_167",0.986562235739185,"Subpopulation_1"
"NGS_H19_LOI_Rep1","Read_168",0.970110169007481,"Subpopulation_1"
"NGS_H19_LOI_Rep1","Read_169",0.981411685033381,"Subpopulation_1"
"NGS_H19_LOI_Rep1","Read_170",0.979829537024219,"Subpopulation_1"
"NGS_H19_LOI_Rep1","Read_171",0.978792451536612,"Subpopulation_1"
"NGS_H19_LOI_Rep1","Read_172",0.987245793766961,"Subpopulation_1"
"NGS_H19_LOI_Rep1","Read_173",0.976773028803185,"Subpopulation_1"
"NGS_H19_LOI_Rep1","Read_174",0.984847030095565,"Subpopulation_1"
"NGS_H19_LOI_Rep1","Read_175",0.978150118438527,"Subpopulation_1"
"NGS_H19_LOI_Rep1","Read_176",0.984250121083947,"Subpopulation_1"
"NGS_H19_LOI_Rep1","Read_177",0.980199522048784,"Subpopulation_1"
"NGS_H19_LOI_Rep1","Read_178",0.978820640739491,"Subpopulation_1"
"NGS_H19_LOI_Rep1","Read_179",0.975933233188932,"Subpopulation_1"
"NGS_H19_LOI_Rep1","Read_180",0.983741080650862,"Subpopulation_1"
"NGS_H19_LOI_Rep1","Read_181",0.979001408533138,"Subpopulation_1"
"NGS_H19_LOI_Rep1","Read_182",0.98014690569808,"Subpopulation_1"
"NGS_H19_LOI_Rep1","Read_183",0.981679860743324,"Subpopulation_1"
"NGS_H19_LOI_Rep1","Read_184",0.9791048430246,"Subpopulation_1"
"NGS_H19_LOI_Rep1","Read_185",0.985991316594472,"Subpopulation_1"
"NGS_H19_LOI_Rep1","Read_186",0.979318129673283,"Subpopulation_1"
"NGS_H19_LOI_Rep1","Read_187",0.982304935094786,"Subpopulation_1"
"NGS_H19_LOI_Rep1","Read_188",0.980302921325956,"Subpopulation_1"
"NGS_H19_LOI_Rep1","Read_189",0.972461731186942,"Subpopulation_1"
"NGS_H19_LOI_Rep1","Read_190",0.974099273728074,"Subpopulation_1"
"NGS_H19_LOI_Rep1","Read_191",0.974807501127997,"Subpopulation_1"
"NGS_H19_LOI_Rep1","Read_192",0.978362808320364,"Subpopulation_1"
"NGS_H19_LOI_Rep1","Read_193",0.975705457900274,"Subpopulation_1"
"NGS_H19_LOI_Rep1","Read_194",0.984750805289953,"Subpopulation_1"
"NGS_H19_LOI_Rep1","Read_195",0.976609191037611,"Subpopulation_1"
"NGS_H19_LOI_Rep1","Read_196",0.979504687990038,"Subpopulation_1"
"NGS_H19_LOI_Rep1","Read_197",0.974831411197789,"Subpopulation_1"
"NGS_H19_LOI_Rep1","Read_198",0.979381705571606,"Subpopulation_1"
"NGS_H19_LOI_Rep1","Read_199",0.980859233638573,"Subpopulation_1"
"NGS_H19_LOI_Rep1","Read_200",0.978929527209023,"Subpopulation_1"
"NGS_H19_LOI_Rep1","Read_201",0.98077852135667,"Subpopulation_1"
"NGS_H19_LOI_Rep1","Read_202",0.981892151578696,"Subpopulation_1"
"NGS_H19_LOI_Rep1","Read_203",0.986163593341893,"Subpopulation_1"
"NGS_H19_LOI_Rep1","Read_204",0.984179448703962,"Subpopulation_1"
"NGS_H19_LOI_Rep1","Read_205",0.986368211357359,"Subpopulation_1"
"NGS_H19_LOI_Rep1","Read_206",0.975109438795504,"Subpopulation_1"
"NGS_H19_LOI_Rep1","Read_207",0.980929015552501,"Subpopulation_1"
"NGS_H19_LOI_Rep1","Read_208",0.985411780354771,"Subpopulation_1"
"NGS_H19_LOI_Rep1","Read_209",0.981270184502728,"Subpopulation_1"
"NGS_H19_LOI_Rep1","Read_210",0.98462369148812,"Subpopulation_1"
"NGS_H19_LOI_Rep1","Read_211",0.984606125334379,"Subpopulation_1"
"NGS_H19_LOI_Rep1","Read_212",0.981420327474581,"Subpopulation_1"
"NGS_H19_LOI_Rep1","Read_213",0.982330093659694,"Subpopulation_1"
"NGS_H19_LOI_Rep1","Read_214",0.974638898903007,"Subpopulation_1"
"NGS_H19_LOI_Rep1","Read_215",0.976947719038617,"Subpopulation_1"
"NGS_H19_LOI_Rep1","Read_216",0.973751943612648,"Subpopulation_1"
"NGS_H19_LOI_Rep1","Read_217",0.976286759033825,"Subpopulation_1"
"NGS_H19_LOI_Rep1","Read_218",0.987554666884405,"Subpopulation_1"
"NGS_H19_LOI_Rep1","Read_219",0.969888203859573,"Subpopulation_1"
"NGS_H19_LOI_Rep1","Read_220",0.972459090624504,"Subpopulation_1"
"NGS_H19_LOI_Rep1","Read_221",0.980654842840114,"Subpopulation_1"
"NGS_H19_LOI_Rep1","Read_222",0.981426209312229,"Subpopulation_1"
"NGS_H19_LOI_Rep1","Read_223",0.986422357500667,"Subpopulation_1"
"NGS_H19_LOI_Rep1","Read_224",0.98335019526131,"Subpopulation_1"
"NGS_H19_LOI_Rep1","Read_225",0.98115732049526,"Subpopulation_1"
"NGS_H19_LOI_Rep1","Read_226",0.980796877434587,"Subpopulation_1"
"NGS_H19_LOI_Rep1","Read_227",0.979292165126378,"Subpopulation_1"
"NGS_H19_LOI_Rep1","Read_228",0.979452344052649,"Subpopulation_1"
"NGS_H19_LOI_Rep1","Read_229",0.971254353606705,"Subpopulation_1"
"NGS_H19_LOI_Rep1","Read_230",0.983982692731047,"Subpopulation_1"
"NGS_H19_LOI_Rep1","Read_231",0.981297744859673,"Subpopulation_1"
"NGS_H19_LOI_Rep1","Read_232",0.989204938149964,"Subpopulation_1"
"NGS_H19_LOI_Rep1","Read_233",0.97564442641341,"Subpopulation_1"
"NGS_H19_LOI_Rep1","Read_234",0.971729719791796,"Subpopulation_1"
"NGS_H19_LOI_Rep1","Read_235",0.987570376108465,"Subpopulation_1"
"NGS_H19_LOI_Rep1","Read_236",0.983507323054092,"Subpopulation_1"
"NGS_H19_LOI_Rep1","Read_237",0.973364244360777,"Subpopulation_1"
"NGS_H19_LOI_Rep1","Read_238",0.980838527852353,"Subpopulation_1"
"NGS_H19_LOI_Rep1","Read_239",0.978751524930361,"Subpopulation_1"
"NGS_H19_LOI_Rep1","Read_240",0.985647308015854,"Subpopulation_1"
"NGS_H19_LOI_Rep1","Read_241",0.972690750575334,"Subpopulation_1"
"NGS_H19_LOI_Rep1","Read_242",0.979641846431791,"Subpopulation_1"
"NGS_H19_LOI_Rep1","Read_243",0.981872234812605,"Subpopulation_1"
"NGS_H19_LOI_Rep1","Read_244",0.98323798936384,"Subpopulation_1"
"NGS_H19_LOI_Rep1","Read_245",0.979395487327078,"Subpopulation_1"
"NGS_H19_LOI_Rep1","Read_246",0.984049726738767,"Subpopulation_1"
"NGS_H19_LOI_Rep1","Read_247",0.984880107070963,"Subpopulation_1"
"NGS_H19_LOI_Rep1","Read_248",0.98144045947651,"Subpopulation_1"
"NGS_H19_LOI_Rep1","Read_249",0.978742202914967,"Subpopulation_1"
"NGS_H19_LOI_Rep1","Read_250",0.981250329688782,"Subpopulation_1"
"NGS_H19_LOI_Rep1","Read_251",0.96609835123931,"Subpopulation_1"
"NGS_H19_LOI_Rep1","Read_252",0.975998037510903,"Subpopulation_1"
"NGS_H19_LOI_Rep1","Read_253",0.97768360780288,"Subpopulation_1"
"NGS_H19_LOI_Rep1","Read_254",0.979816331497966,"Subpopulation_1"
"NGS_H19_LOI_Rep1","Read_255",0.981476195627257,"Subpopulation_1"
"NGS_H19_LOI_Rep1","Read_256",0.985091390481652,"Subpopulation_1"
"NGS_H19_LOI_Rep1","Read_257",0.972608262438763,"Subpopulation_1"
"NGS_H19_LOI_Rep1","Read_258",0.97877276167355,"Subpopulation_1"
"NGS_H19_LOI_Rep1","Read_259",0.980323749136554,"Subpopulation_1"
"NGS_H19_LOI_Rep1","Read_260",0.986769930978489,"Subpopulation_1"
"NGS_H19_LOI_Rep1","Read_261",0.980963160640665,"Subpopulation_1"
"NGS_H19_LOI_Rep1","Read_262",0.98105040540297,"Subpopulation_1"
"NGS_H19_LOI_Rep1","Read_263",0.970440581603287,"Subpopulation_1"
"NGS_H19_LOI_Rep1","Read_264",0.979315869999599,"Subpopulation_1"
"NGS_H19_LOI_Rep1","Read_265",0.975353096762556,"Subpopulation_1"
"NGS_H19_LOI_Rep1","Read_266",0.98306000001817,"Subpopulation_1"
"NGS_H19_LOI_Rep1","Read_267",0.973045918631671,"Subpopulation_1"
"NGS_H19_LOI_Rep1","Read_268",0.974765576473447,"Subpopulation_1"
"NGS_H19_LOI_Rep1","Read_269",0.974334088997421,"Subpopulation_1"
"NGS_H19_LOI_Rep1","Read_270",0.983247938016462,"Subpopulation_1"
"NGS_H19_LOI_Rep1","Read_271",0.976638590715093,"Subpopulation_1"
"NGS_H19_LOI_Rep1","Read_272",0.988115866021244,"Subpopulation_1"
"NGS_H19_LOI_Rep1","Read_273",0.990993890443127,"Subpopulation_1"
"NGS_H19_LOI_Rep1","Read_274",0.973691005780048,"Subpopulation_1"
"NGS_H19_LOI_Rep1","Read_275",0.985603791267955,"Subpopulation_1"
"NGS_H19_LOI_Rep1","Read_276",0.982052125369648,"Subpopulation_1"
"NGS_H19_LOI_Rep1","Read_277",0.982819372382676,"Subpopulation_1"
"NGS_H19_LOI_Rep1","Read_278",0.982656073535901,"Subpopulation_1"
"NGS_H19_LOI_Rep1","Read_279",0.974380128263032,"Subpopulation_1"
"NGS_H19_LOI_Rep1","Read_280",0.984905650049641,"Subpopulation_1"
"NGS_H19_LOI_Rep1","Read_281",0.986056419892761,"Subpopulation_1"
"NGS_H19_LOI_Rep1","Read_282",0.984350020815719,"Subpopulation_1"
"NGS_H19_LOI_Rep1","Read_283",0.98076929738753,"Subpopulation_1"
"NGS_H19_LOI_Rep1","Read_284",0.983122148373694,"Subpopulation_1"
"NGS_H19_LOI_Rep1","Read_285",0.989641868884048,"Subpopulation_1"
"NGS_H19_LOI_Rep1","Read_286",0.97321795994169,"Subpopulation_1"
"NGS_H19_LOI_Rep1","Read_287",0.97962039462381,"Subpopulation_1"
"NGS_H19_LOI_Rep1","Read_288",0.982840383169021,"Subpopulation_1"
"NGS_H19_LOI_Rep1","Read_289",0.986156589725726,"Subpopulation_1"
"NGS_H19_LOI_Rep1","Read_290",0.981403387880902,"Subpopulation_1"
"NGS_H19_LOI_Rep1","Read_291",0.968073792310181,"Subpopulation_1"
"NGS_H19_LOI_Rep1","Read_292",0.987592571217457,"Subpopulation_1"
"NGS_H19_LOI_Rep1","Read_293",0.985263213420888,"Subpopulation_1"
"NGS_H19_LOI_Rep1","Read_294",0.983838985452461,"Subpopulation_1"
"NGS_H19_LOI_Rep1","Read_295",0.976223872273007,"Subpopulation_1"
"NGS_H19_LOI_Rep1","Read_296",0.981120762575583,"Subpopulation_1"
"NGS_H19_LOI_Rep1","Read_297",0.982654517348265,"Subpopulation_1"
"NGS_H19_LOI_Rep1","Read_298",0.980306992496064,"Subpopulation_1"
"NGS_H19_LOI_Rep1","Read_299",0.984920645031109,"Subpopulation_1"
"NGS_H19_LOI_Rep1","Read_300",0.980743908579744,"Subpopulation_1"
"NGS_H19_LOI_Rep1","Read_301",0.979724525065299,"Subpopulation_1"
"NGS_H19_LOI_Rep1","Read_302",0.976587115993162,"Subpopulation_1"
"NGS_H19_LOI_Rep1","Read_303",0.979805539612192,"Subpopulation_1"
"NGS_H19_LOI_Rep1","Read_304",0.980725609139535,"Subpopulation_1"
"NGS_H19_LOI_Rep1","Read_305",0.985795902367924,"Subpopulation_1"
"NGS_H19_LOI_Rep1","Read_306",0.974354288532177,"Subpopulation_1"
"NGS_H19_LOI_Rep1","Read_307",0.97035700394814,"Subpopulation_1"
"NGS_H19_LOI_Rep1","Read_308",0.983919792428489,"Subpopulation_1"
"NGS_H19_LOI_Rep1","Read_309",0.98231675629126,"Subpopulation_1"
"NGS_H19_LOI_Rep1","Read_310",0.986976099176998,"Subpopulation_1"
"NGS_H19_LOI_Rep1","Read_311",0.978778497738819,"Subpopulation_1"
"NGS_H19_LOI_Rep1","Read_312",0.982473873004326,"Subpopulation_1"
"NGS_H19_LOI_Rep1","Read_313",0.975358097595372,"Subpopulation_1"
"NGS_H19_LOI_Rep1","Read_314",0.978388843485292,"Subpopulation_1"
"NGS_H19_LOI_Rep1","Read_315",0.982295541277902,"Subpopulation_1"
"NGS_H19_LOI_Rep1","Read_316",0.977655701165954,"Subpopulation_1"
"NGS_H19_LOI_Rep1","Read_317",0.985226205397094,"Subpopulation_1"
"NGS_H19_LOI_Rep1","Read_318",0.97728374314364,"Subpopulation_1"
"NGS_H19_LOI_Rep1","Read_319",0.980016158640207,"Subpopulation_1"
"NGS_H19_LOI_Rep1","Read_320",0.977898997816213,"Subpopulation_1"
"NGS_H19_LOI_Rep1","Read_321",0.976616327171604,"Subpopulation_1"
"NGS_H19_LOI_Rep1","Read_322",0.975490347516545,"Subpopulation_1"
"NGS_H19_LOI_Rep1","Read_323",0.975889940397159,"Subpopulation_1"
"NGS_H19_LOI_Rep1","Read_324",0.981491511563536,"Subpopulation_1"
"NGS_H19_LOI_Rep1","Read_325",0.982430112457587,"Subpopulation_1"
"NGS_H19_LOI_Rep1","Read_326",0.988200720512701,"Subpopulation_1"
"NGS_H19_LOI_Rep1","Read_327",0.985543043903631,"Subpopulation_1"
"NGS_H19_LOI_Rep1","Read_328",0.968676389812053,"Subpopulation_1"
"NGS_H19_LOI_Rep1","Read_329",0.978105631430795,"Subpopulation_1"
"NGS_H19_LOI_Rep1","Read_330",0.985077190667415,"Subpopulation_1"
"NGS_H19_LOI_Rep1","Read_331",0.985979882363242,"Subpopulation_1"
"NGS_H19_LOI_Rep1","Read_332",0.978192124921816,"Subpopulation_1"
"NGS_H19_LOI_Rep1","Read_333",0.973587990339486,"Subpopulation_1"
"NGS_H19_LOI_Rep1","Read_334",0.981166301504679,"Subpopulation_1"
"NGS_H19_LOI_Rep1","Read_335",0.969451171206688,"Subpopulation_1"
"NGS_H19_LOI_Rep1","Read_336",0.979987719809263,"Subpopulation_1"
"NGS_H19_LOI_Rep1","Read_337",0.97683445304782,"Subpopulation_1"
"NGS_H19_LOI_Rep1","Read_338",0.976826316620876,"Subpopulation_1"
"NGS_H19_LOI_Rep1","Read_339",0.982043832394601,"Subpopulation_1"
"NGS_H19_LOI_Rep1","Read_340",0.979026314727778,"Subpopulation_1"
"NGS_H19_LOI_Rep1","Read_341",0.983845944721262,"Subpopulation_1"
"NGS_H19_LOI_Rep1","Read_342",0.977936130533677,"Subpopulation_1"
"NGS_H19_LOI_Rep1","Read_343",0.981058163020023,"Subpopulation_1"
"NGS_H19_LOI_Rep1","Read_344",0.979974598470627,"Subpopulation_1"
"NGS_H19_LOI_Rep1","Read_345",0.983489546023137,"Subpopulation_1"
"NGS_H19_LOI_Rep1","Read_346",0.982676633911359,"Subpopulation_1"
"NGS_H19_LOI_Rep1","Read_347",0.983572230542767,"Subpopulation_1"
"NGS_H19_LOI_Rep1","Read_348",0.982890409941754,"Subpopulation_1"
"NGS_H19_LOI_Rep1","Read_349",0.980121560972908,"Subpopulation_1"
"NGS_H19_LOI_Rep1","Read_350",0.978867858139924,"Subpopulation_1"
"NGS_H19_LOI_Rep1","Read_351",0.975815226425044,"Subpopulation_1"
"NGS_H19_LOI_Rep1","Read_352",0.975430556550307,"Subpopulation_1"
"NGS_H19_LOI_Rep1","Read_353",0.980029395506664,"Subpopulation_1"
"NGS_H19_LOI_Rep1","Read_354",0.986297289834719,"Subpopulation_1"
"NGS_H19_LOI_Rep1","Read_355",0.987988320055591,"Subpopulation_1"
"NGS_H19_LOI_Rep1","Read_356",0.978833094583985,"Subpopulation_1"
"NGS_H19_LOI_Rep1","Read_357",0.975890621641731,"Subpopulation_1"
"NGS_H19_LOI_Rep1","Read_358",0.985712299662101,"Subpopulation_1"
"NGS_H19_LOI_Rep1","Read_359",0.98695658887433,"Subpopulation_1"
"NGS_H19_LOI_Rep1","Read_360",0.97626266705943,"Subpopulation_1"
"NGS_H19_LOI_Rep1","Read_361",0.987796553306076,"Subpopulation_1"
"NGS_H19_LOI_Rep1","Read_362",0.980818601731777,"Subpopulation_1"
"NGS_H19_LOI_Rep1","Read_363",0.982594224641549,"Subpopulation_1"
"NGS_H19_LOI_Rep1","Read_364",0.97137295857057,"Subpopulation_1"
"NGS_H19_LOI_Rep1","Read_365",0.986567488415452,"Subpopulation_1"
"NGS_H19_LOI_Rep1","Read_366",0.978200714462201,"Subpopulation_1"
"NGS_H19_LOI_Rep1","Read_367",0.977402425908942,"Subpopulation_1"
"NGS_H19_LOI_Rep1","Read_368",0.979274666733804,"Subpopulation_1"
"NGS_H19_LOI_Rep1","Read_369",0.988811211501965,"Subpopulation_1"
"NGS_H19_LOI_Rep1","Read_370",0.977576180319693,"Subpopulation_1"
"NGS_H19_LOI_Rep1","Read_371",0.958797184254439,"Subpopulation_1"
"NGS_H19_LOI_Rep1","Read_372",0.979783484730999,"Subpopulation_1"
"NGS_H19_LOI_Rep1","Read_373",0.978511652090967,"Subpopulation_1"
"NGS_H19_LOI_Rep1","Read_374",0.981290924640183,"Subpopulation_1"
"NGS_H19_LOI_Rep1","Read_375",0.981155262110085,"Subpopulation_1"
"NGS_H19_LOI_Rep1","Read_376",0.974305176788628,"Subpopulation_1"
"NGS_H19_LOI_Rep1","Read_377",0.974078154592409,"Subpopulation_1"
"NGS_H19_LOI_Rep1","Read_378",0.980781756210349,"Subpopulation_1"
"NGS_H19_LOI_Rep1","Read_379",0.983261819171014,"Subpopulation_1"
"NGS_H19_LOI_Rep1","Read_380",0.976121848504907,"Subpopulation_1"
"NGS_H19_LOI_Rep1","Read_381",0.974376411038377,"Subpopulation_1"
"NGS_H19_LOI_Rep1","Read_382",0.979302523539554,"Subpopulation_1"
"NGS_H19_LOI_Rep1","Read_383",0.98554828204702,"Subpopulation_1"
"NGS_H19_LOI_Rep1","Read_384",0.967214915470033,"Subpopulation_1"
"NGS_H19_LOI_Rep1","Read_385",0.974955672643976,"Subpopulation_1"
"NGS_H19_LOI_Rep1","Read_386",0.976768757063636,"Subpopulation_1"
"NGS_H19_LOI_Rep1","Read_387",0.984171810670815,"Subpopulation_1"
"NGS_H19_LOI_Rep1","Read_388",0.973793472188154,"Subpopulation_1"
"NGS_H19_LOI_Rep1","Read_389",0.980421283755098,"Subpopulation_1"
"NGS_H19_LOI_Rep1","Read_390",0.979254789046177,"Subpopulation_1"
"NGS_H19_LOI_Rep1","Read_391",0.977086129288297,"Subpopulation_1"
"NGS_H19_LOI_Rep1","Read_392",0.980229186059181,"Subpopulation_1"
"NGS_H19_LOI_Rep1","Read_393",0.981171782065413,"Subpopulation_1"
"NGS_H19_LOI_Rep1","Read_394",0.977671414883021,"Subpopulation_1"
"NGS_H19_LOI_Rep1","Read_395",0.982316276271028,"Subpopulation_1"
"NGS_H19_LOI_Rep1","Read_396",0.980095654864619,"Subpopulation_1"
"NGS_H19_LOI_Rep1","Read_397",0.980320783795631,"Subpopulation_1"
"NGS_H19_LOI_Rep1","Read_398",0.974985532745248,"Subpopulation_1"
"NGS_H19_LOI_Rep1","Read_399",0.981055537270178,"Subpopulation_1"
"NGS_H19_LOI_Rep1","Read_400",0.980220455226783,"Subpopulation_1"
"NGS_H19_LOI_Rep1","Read_401",0.982789216005695,"Subpopulation_1"
"NGS_H19_LOI_Rep1","Read_402",0.973242288603248,"Subpopulation_1"
"NGS_H19_LOI_Rep1","Read_403",0.976705144269617,"Subpopulation_1"
"NGS_H19_LOI_Rep1","Read_404",0.98418016340413,"Subpopulation_1"
"NGS_H19_LOI_Rep1","Read_405",0.979353691413847,"Subpopulation_1"
"NGS_H19_LOI_Rep1","Read_406",0.968361644151307,"Subpopulation_1"
"NGS_H19_LOI_Rep1","Read_407",0.981989969350977,"Subpopulation_1"
"NGS_H19_LOI_Rep1","Read_408",0.982173797798425,"Subpopulation_1"
"NGS_H19_LOI_Rep1","Read_409",0.981048005578931,"Subpopulation_1"
"NGS_H19_LOI_Rep1","Read_410",0.973635010118067,"Subpopulation_1"
"NGS_H19_LOI_Rep1","Read_411",0.980610030872823,"Subpopulation_1"
"NGS_H19_LOI_Rep1","Read_412",0.977618390394354,"Subpopulation_1"
"NGS_H19_LOI_Rep1","Read_413",0.980724506699561,"Subpopulation_1"
"NGS_H19_LOI_Rep1","Read_414",0.975029630766426,"Subpopulation_1"
"NGS_H19_LOI_Rep1","Read_415",0.9719093562638,"Subpopulation_1"
"NGS_H19_LOI_Rep1","Read_416",0.979026753677217,"Subpopulation_1"
"NGS_H19_LOI_Rep1","Read_417",0.978634960004922,"Subpopulation_1"
"NGS_H19_LOI_Rep1","Read_418",0.983852492193533,"Subpopulation_1"
"NGS_H19_LOI_Rep1","Read_419",0.978287941177616,"Subpopulation_1"
"NGS_H19_LOI_Rep1","Read_420",0.983146776868734,"Subpopulation_1"
"NGS_H19_LOI_Rep1","Read_421",0.982035688458351,"Subpopulation_1"
"NGS_H19_LOI_Rep1","Read_422",0.975134082745207,"Subpopulation_1"
"NGS_H19_LOI_Rep1","Read_423",0.980777157600368,"Subpopulation_1"
"NGS_H19_LOI_Rep1","Read_424",0.986807862460131,"Subpopulation_1"
"NGS_H19_LOI_Rep1","Read_425",0.982225601915312,"Subpopulation_1"
"NGS_H19_LOI_Rep1","Read_426",0.98389876298649,"Subpopulation_1"
"NGS_H19_LOI_Rep1","Read_427",0.979671978136291,"Subpopulation_1"
"NGS_H19_LOI_Rep1","Read_428",0.986852492937638,"Subpopulation_1"
"NGS_H19_LOI_Rep1","Read_429",0.984554894409583,"Subpopulation_1"
"NGS_H19_LOI_Rep1","Read_430",0.973365163705105,"Subpopulation_1"
"NGS_H19_LOI_Rep1","Read_431",0.980983150705231,"Subpopulation_1"
"NGS_H19_LOI_Rep1","Read_432",0.970312200926111,"Subpopulation_1"
"NGS_H19_LOI_Rep1","Read_433",0.974185599905722,"Subpopulation_1"
"NGS_H19_LOI_Rep1","Read_434",0.973067446169102,"Subpopulation_1"
"NGS_H19_LOI_Rep1","Read_435",0.979605159287299,"Subpopulation_1"
"NGS_H19_LOI_Rep1","Read_436",0.98136064885129,"Subpopulation_1"
"NGS_H19_LOI_Rep1","Read_437",0.985403433996968,"Subpopulation_1"
"NGS_H19_LOI_Rep1","Read_438",0.977242355388094,"Subpopulation_1"
"NGS_H19_LOI_Rep1","Read_439",0.981166005703765,"Subpopulation_1"
"NGS_H19_LOI_Rep1","Read_440",0.985340673619902,"Subpopulation_1"
"NGS_H19_LOI_Rep1","Read_441",0.981371035912852,"Subpopulation_1"
"NGS_H19_LOI_Rep1","Read_442",0.984297774846582,"Subpopulation_1"
"NGS_H19_LOI_Rep1","Read_443",0.97880726382142,"Subpopulation_1"
"NGS_H19_LOI_Rep1","Read_444",0.97460698827068,"Subpopulation_1"
"NGS_H19_LOI_Rep1","Read_445",0.981987060644174,"Subpopulation_1"
"NGS_H19_LOI_Rep1","Read_446",0.975461374258671,"Subpopulation_1"
"NGS_H19_LOI_Rep1","Read_447",0.983943839684501,"Subpopulation_1"
"NGS_H19_LOI_Rep1","Read_448",0.974545931729286,"Subpopulation_1"
"NGS_H19_LOI_Rep1","Read_449",0.983175535622011,"Subpopulation_1"
"NGS_H19_LOI_Rep1","Read_450",0.977209679688074,"Subpopulation_1"
"NGS_H19_LOI_Rep1","Read_451",0.977877391991586,"Subpopulation_1"
"NGS_H19_LOI_Rep1","Read_452",0.979073372893964,"Subpopulation_1"
"NGS_H19_LOI_Rep1","Read_453",0.979772482635174,"Subpopulation_1"
"NGS_H19_LOI_Rep1","Read_454",0.972894530521734,"Subpopulation_1"
"NGS_H19_LOI_Rep1","Read_455",0.982963084625683,"Subpopulation_1"
"NGS_H19_LOI_Rep1","Read_456",0.977613640969006,"Subpopulation_1"
"NGS_H19_LOI_Rep1","Read_457",0.977734528835003,"Subpopulation_1"
"NGS_H19_LOI_Rep1","Read_458",0.978579127730806,"Subpopulation_1"
"NGS_H19_LOI_Rep1","Read_459",0.978932004007022,"Subpopulation_1"
"NGS_H19_LOI_Rep1","Read_460",0.980947073808261,"Subpopulation_1"
"NGS_H19_LOI_Rep1","Read_461",0.973046316610133,"Subpopulation_1"
"NGS_H19_LOI_Rep1","Read_462",0.977781528215626,"Subpopulation_1"
"NGS_H19_LOI_Rep1","Read_463",0.980221012423454,"Subpopulation_1"
"NGS_H19_LOI_Rep1","Read_464",0.969451162285239,"Subpopulation_1"
"NGS_H19_LOI_Rep1","Read_465",0.987465532133693,"Subpopulation_1"
"NGS_H19_LOI_Rep1","Read_466",0.971919391941207,"Subpopulation_1"
"NGS_H19_LOI_Rep1","Read_467",0.984115929266271,"Subpopulation_1"
"NGS_H19_LOI_Rep1","Read_468",0.986420644304391,"Subpopulation_1"
"NGS_H19_LOI_Rep1","Read_469",0.979180050001865,"Subpopulation_1"
"NGS_H19_LOI_Rep1","Read_470",0.982710221959082,"Subpopulation_1"
"NGS_H19_LOI_Rep1","Read_471",0.977301907932152,"Subpopulation_1"
"NGS_H19_LOI_Rep1","Read_472",0.986608248993125,"Subpopulation_1"
"NGS_H19_LOI_Rep1","Read_473",0.977442805503981,"Subpopulation_1"
"NGS_H19_LOI_Rep1","Read_474",0.981158174111643,"Subpopulation_1"
"NGS_H19_LOI_Rep1","Read_475",0.981170967349245,"Subpopulation_1"
"NGS_H19_LOI_Rep1","Read_476",0.98218472258925,"Subpopulation_1"
"NGS_H19_LOI_Rep1","Read_477",0.978041133015748,"Subpopulation_1"
"NGS_H19_LOI_Rep1","Read_478",0.979014725567941,"Subpopulation_1"
"NGS_H19_LOI_Rep1","Read_479",0.978967844118359,"Subpopulation_1"
"NGS_H19_LOI_Rep1","Read_480",0.980981195558018,"Subpopulation_1"
"NGS_H19_LOI_Rep1","Read_481",0.977586560927689,"Subpopulation_1"
"NGS_H19_LOI_Rep1","Read_482",0.982056921324706,"Subpopulation_1"
"NGS_H19_LOI_Rep1","Read_483",0.978994498961492,"Subpopulation_1"
"NGS_H19_LOI_Rep1","Read_484",0.974936216186493,"Subpopulation_1"
"NGS_H19_LOI_Rep1","Read_485",0.983898046004418,"Subpopulation_1"
"NGS_H19_LOI_Rep1","Read_486",0.984075292499412,"Subpopulation_1"
"NGS_H19_LOI_Rep1","Read_487",0.975810194294464,"Subpopulation_1"
"NGS_H19_LOI_Rep1","Read_488",0.980452023772958,"Subpopulation_1"
"NGS_H19_LOI_Rep1","Read_489",0.97987388543452,"Subpopulation_1"
"NGS_H19_LOI_Rep1","Read_490",0.98360957849854,"Subpopulation_1"
"NGS_H19_LOI_Rep1","Read_491",0.976904261284136,"Subpopulation_1"
"NGS_H19_LOI_Rep1","Read_492",0.9751058426559,"Subpopulation_1"
"NGS_H19_LOI_Rep1","Read_493",0.966812162620357,"Subpopulation_1"
"NGS_H19_LOI_Rep1","Read_494",0.985135340462235,"Subpopulation_1"
"NGS_H19_LOI_Rep1","Read_495",0.986111595364818,"Subpopulation_1"
"NGS_H19_LOI_Rep1","Read_496",0.975031418715262,"Subpopulation_1"
"NGS_H19_LOI_Rep1","Read_497",0.978036338489397,"Subpopulation_1"
"NGS_H19_LOI_Rep1","Read_498",0.981709427403022,"Subpopulation_1"
"NGS_H19_LOI_Rep1","Read_499",0.980549155602581,"Subpopulation_1"
"NGS_H19_LOI_Rep1","Read_500",0.985048082472972,"Subpopulation_1"
"NGS_H19_LOI_Rep1","Read_501",0.983040042729123,"Subpopulation_1"
"NGS_H19_LOI_Rep1","Read_502",0.976254198451581,"Subpopulation_1"
"NGS_H19_LOI_Rep1","Read_503",0.980474624543461,"Subpopulation_1"
"NGS_H19_LOI_Rep1","Read_504",0.975804596900098,"Subpopulation_1"
"NGS_H19_LOI_Rep1","Read_505",0.976269886978484,"Subpopulation_1"
"NGS_H19_LOI_Rep1","Read_506",0.979791400179086,"Subpopulation_1"
"NGS_H19_LOI_Rep1","Read_507",0.978061027706227,"Subpopulation_1"
"NGS_H19_LOI_Rep1","Read_508",0.97904123671939,"Subpopulation_1"
"NGS_H19_LOI_Rep1","Read_509",0.979144678290391,"Subpopulation_1"
"NGS_H19_LOI_Rep1","Read_510",0.977755284056903,"Subpopulation_1"
"NGS_H19_LOI_Rep1","Read_511",0.982626936664369,"Subpopulation_1"
"NGS_H19_LOI_Rep1","Read_512",0.977824026179638,"Subpopulation_1"
"NGS_H19_LOI_Rep1","Read_513",0.984794228198661,"Subpopulation_1"
"NGS_H19_LOI_Rep1","Read_514",0.981536117908203,"Subpopulation_1"
"NGS_H19_LOI_Rep1","Read_515",0.978932199531344,"Subpopulation_1"
"NGS_H19_LOI_Rep1","Read_516",0.984596508477345,"Subpopulation_1"
"NGS_H19_LOI_Rep1","Read_517",0.975853548015509,"Subpopulation_1"
"NGS_H19_LOI_Rep1","Read_518",0.981919968907037,"Subpopulation_1"
"NGS_H19_LOI_Rep1","Read_519",0.981235409204611,"Subpopulation_1"
"NGS_H19_LOI_Rep1","Read_520",0.974604172509976,"Subpopulation_1"
"NGS_H19_LOI_Rep1","Read_521",0.982633640250818,"Subpopulation_1"
"NGS_H19_LOI_Rep1","Read_522",0.985391103533998,"Subpopulation_1"
"NGS_H19_LOI_Rep1","Read_523",0.973577003017068,"Subpopulation_1"
"NGS_H19_LOI_Rep1","Read_524",0.975027951222155,"Subpopulation_1"
"NGS_H19_LOI_Rep1","Read_525",0.980118731478988,"Subpopulation_1"
"NGS_H19_LOI_Rep1","Read_526",0.975165335337542,"Subpopulation_1"
"NGS_H19_LOI_Rep1","Read_527",0.987259839895799,"Subpopulation_1"
"NGS_H19_LOI_Rep1","Read_528",0.97738290331754,"Subpopulation_1"
"NGS_H19_LOI_Rep1","Read_529",0.98518750291487,"Subpopulation_1"
"NGS_H19_LOI_Rep1","Read_530",0.984823281538215,"Subpopulation_1"
"NGS_H19_LOI_Rep1","Read_531",0.981186483539184,"Subpopulation_1"
"NGS_H19_LOI_Rep1","Read_532",0.973283281575696,"Subpopulation_1"
"NGS_H19_LOI_Rep1","Read_533",0.981982090717141,"Subpopulation_1"
"NGS_H19_LOI_Rep1","Read_534",0.97783782959062,"Subpopulation_1"
"NGS_H19_LOI_Rep1","Read_535",0.984803460158323,"Subpopulation_1"
"NGS_H19_LOI_Rep1","Read_536",0.986524909584143,"Subpopulation_1"
"NGS_H19_LOI_Rep1","Read_537",0.977998926342188,"Subpopulation_1"
"NGS_H19_LOI_Rep1","Read_538",0.979818927044101,"Subpopulation_1"
"NGS_H19_LOI_Rep1","Read_539",0.982214785915716,"Subpopulation_1"
"NGS_H19_LOI_Rep1","Read_540",0.978794313840361,"Subpopulation_1"
"NGS_H19_LOI_Rep1","Read_541",0.982117656360684,"Subpopulation_1"
"NGS_H19_LOI_Rep1","Read_542",0.982638519820254,"Subpopulation_1"
"NGS_H19_LOI_Rep1","Read_543",0.985403303881781,"Subpopulation_1"
"NGS_H19_LOI_Rep1","Read_544",0.986814035316837,"Subpopulation_1"
"NGS_H19_LOI_Rep1","Read_545",0.983515511508344,"Subpopulation_1"
"NGS_H19_LOI_Rep1","Read_546",0.978829505337114,"Subpopulation_1"
"NGS_H19_LOI_Rep1","Read_547",0.975603046247975,"Subpopulation_1"
"NGS_H19_LOI_Rep1","Read_548",0.97808897363104,"Subpopulation_1"
"NGS_H19_LOI_Rep1","Read_549",0.985528049517598,"Subpopulation_1"
"NGS_H19_LOI_Rep1","Read_550",0.984715181261537,"Subpopulation_1"
"NGS_H19_LOI_Rep1","Read_551",0.975530804720934,"Subpopulation_1"
"NGS_H19_LOI_Rep1","Read_552",0.984474490674266,"Subpopulation_1"
"NGS_H19_LOI_Rep1","Read_553",0.977482103826911,"Subpopulation_1"
"NGS_H19_LOI_Rep1","Read_554",0.977075556121735,"Subpopulation_1"
"NGS_H19_LOI_Rep1","Read_555",0.976133801790559,"Subpopulation_1"
"NGS_H19_LOI_Rep1","Read_556",0.980787429122255,"Subpopulation_1"
"NGS_H19_LOI_Rep1","Read_557",0.98414193565714,"Subpopulation_1"
"NGS_H19_LOI_Rep1","Read_558",0.986194352926642,"Subpopulation_1"
"NGS_H19_LOI_Rep1","Read_559",0.984415444947075,"Subpopulation_1"
"NGS_H19_LOI_Rep1","Read_560",0.96839310533298,"Subpopulation_1"
"NGS_H19_LOI_Rep1","Read_561",0.977594811441484,"Subpopulation_1"
"NGS_H19_LOI_Rep1","Read_562",0.983656195794672,"Subpopulation_1"
"NGS_H19_LOI_Rep1","Read_563",0.983252812678697,"Subpopulation_1"
"NGS_H19_LOI_Rep1","Read_564",0.972823818616349,"Subpopulation_1"
"NGS_H19_LOI_Rep1","Read_565",0.973248411434102,"Subpopulation_1"
"NGS_H19_LOI_Rep1","Read_566",0.981062881918134,"Subpopulation_1"
"NGS_H19_LOI_Rep1","Read_567",0.980832790591597,"Subpopulation_1"
"NGS_H19_LOI_Rep1","Read_568",0.978152656550492,"Subpopulation_1"
"NGS_H19_LOI_Rep1","Read_569",0.974408713650479,"Subpopulation_1"
"NGS_H19_LOI_Rep1","Read_570",0.983694507091535,"Subpopulation_1"
"NGS_H19_LOI_Rep1","Read_571",0.980537853518398,"Subpopulation_1"
"NGS_H19_LOI_Rep1","Read_572",0.979718863338054,"Subpopulation_1"
"NGS_H19_LOI_Rep1","Read_573",0.984935700743235,"Subpopulation_1"
"NGS_H19_LOI_Rep1","Read_574",0.967193157939665,"Subpopulation_1"
"NGS_H19_LOI_Rep1","Read_575",0.980313105328897,"Subpopulation_1"
"NGS_H19_LOI_Rep1","Read_576",0.971441240535063,"Subpopulation_1"
"NGS_H19_LOI_Rep1","Read_577",0.979193814723507,"Subpopulation_1"
"NGS_H19_LOI_Rep1","Read_578",0.976143254911091,"Subpopulation_1"
"NGS_H19_LOI_Rep1","Read_579",0.98875011194691,"Subpopulation_1"
"NGS_H19_LOI_Rep1","Read_580",0.97715601003758,"Subpopulation_1"
"NGS_H19_LOI_Rep1","Read_581",0.985130720071442,"Subpopulation_1"
"NGS_H19_LOI_Rep1","Read_582",0.978344664931772,"Subpopulation_1"
"NGS_H19_LOI_Rep1","Read_583",0.981098369398878,"Subpopulation_1"
"NGS_H19_LOI_Rep1","Read_584",0.981183911909492,"Subpopulation_1"
"NGS_H19_LOI_Rep1","Read_585",0.97768431694689,"Subpopulation_1"
"NGS_H19_LOI_Rep1","Read_586",0.981455152329009,"Subpopulation_1"
"NGS_H19_LOI_Rep1","Read_587",0.986568899303059,"Subpopulation_1"
"NGS_H19_LOI_Rep1","Read_588",0.968812114535089,"Subpopulation_1"
"NGS_H19_LOI_Rep1","Read_589",0.978624921266804,"Subpopulation_1"
"NGS_H19_LOI_Rep1","Read_590",0.980363625400425,"Subpopulation_1"
"NGS_H19_LOI_Rep1","Read_591",0.98037939856091,"Subpopulation_1"
"NGS_H19_LOI_Rep1","Read_592",0.973196453255593,"Subpopulation_1"
"NGS_H19_LOI_Rep1","Read_593",0.975646937682875,"Subpopulation_1"
"NGS_H19_LOI_Rep1","Read_594",0.98386293001432,"Subpopulation_1"
"NGS_H19_LOI_Rep1","Read_595",0.973635980730293,"Subpopulation_1"
"NGS_H19_LOI_Rep1","Read_596",0.980986261035334,"Subpopulation_1"
"NGS_H19_LOI_Rep1","Read_597",0.981315727093431,"Subpopulation_1"
"NGS_H19_LOI_Rep1","Read_598",0.976946925126634,"Subpopulation_1"
"NGS_H19_LOI_Rep1","Read_599",0.977631752635181,"Subpopulation_1"
"NGS_H19_LOI_Rep1","Read_600",0.971036915924689,"Subpopulation_1"
"NGS_H19_LOI_Rep1","Read_601",0.978920659011309,"Subpopulation_1"
"NGS_H19_LOI_Rep1","Read_602",0.974555089718604,"Subpopulation_1"
"NGS_H19_LOI_Rep1","Read_603",0.987939340784183,"Subpopulation_1"
"NGS_H19_LOI_Rep1","Read_604",0.98219240227083,"Subpopulation_1"
"NGS_H19_LOI_Rep1","Read_605",0.984650382971628,"Subpopulation_1"
"NGS_H19_LOI_Rep1","Read_606",0.983370075655883,"Subpopulation_1"
"NGS_H19_LOI_Rep1","Read_607",0.982540001741754,"Subpopulation_1"
"NGS_H19_LOI_Rep1","Read_608",0.987584455513491,"Subpopulation_1"
"NGS_H19_LOI_Rep1","Read_609",0.987001153962742,"Subpopulation_1"
"NGS_H19_LOI_Rep1","Read_610",0.985183213821646,"Subpopulation_1"
"NGS_H19_LOI_Rep1","Read_611",0.976122412559824,"Subpopulation_1"
"NGS_H19_LOI_Rep1","Read_612",0.984308750080907,"Subpopulation_1"
"NGS_H19_LOI_Rep1","Read_613",0.981207076047225,"Subpopulation_1"
"NGS_H19_LOI_Rep1","Read_614",0.985510103289072,"Subpopulation_1"
"NGS_H19_LOI_Rep1","Read_615",0.981653327623664,"Subpopulation_1"
"NGS_H19_LOI_Rep1","Read_616",0.982227188412113,"Subpopulation_1"
"NGS_H19_LOI_Rep1","Read_617",0.980041627046226,"Subpopulation_1"
"NGS_H19_LOI_Rep1","Read_618",0.977363309342652,"Subpopulation_1"
"NGS_H19_LOI_Rep1","Read_619",0.978001139632065,"Subpopulation_1"
"NGS_H19_LOI_Rep1","Read_620",0.979756948135225,"Subpopulation_1"
"NGS_H19_LOI_Rep1","Read_621",0.97948097674281,"Subpopulation_1"
"NGS_H19_LOI_Rep1","Read_622",0.97924868708447,"Subpopulation_1"
"NGS_H19_LOI_Rep1","Read_623",0.981132429698654,"Subpopulation_1"
"NGS_H19_LOI_Rep1","Read_624",0.974942091719587,"Subpopulation_1"
"NGS_H19_LOI_Rep1","Read_625",0.984343269384738,"Subpopulation_1"
"NGS_H19_LOI_Rep1","Read_626",0.980111334072411,"Subpopulation_1"
"NGS_H19_LOI_Rep1","Read_627",0.982889918016975,"Subpopulation_1"
"NGS_H19_LOI_Rep1","Read_628",0.977231532506273,"Subpopulation_1"
"NGS_H19_LOI_Rep1","Read_629",0.986413208485917,"Subpopulation_1"
"NGS_H19_LOI_Rep1","Read_630",0.979669132272311,"Subpopulation_1"
"NGS_H19_LOI_Rep1","Read_631",0.987556975737625,"Subpopulation_1"
"NGS_H19_LOI_Rep1","Read_632",0.980378899723133,"Subpopulation_1"
"NGS_H19_LOI_Rep1","Read_633",0.977486397271692,"Subpopulation_1"
"NGS_H19_LOI_Rep1","Read_634",0.982552098073919,"Subpopulation_1"
"NGS_H19_LOI_Rep1","Read_635",0.983190853315609,"Subpopulation_1"
"NGS_H19_LOI_Rep1","Read_636",0.980836597334983,"Subpopulation_1"
"NGS_H19_LOI_Rep1","Read_637",0.980352783951961,"Subpopulation_1"
"NGS_H19_LOI_Rep1","Read_638",0.968846036523967,"Subpopulation_1"
"NGS_H19_LOI_Rep1","Read_639",0.974762948407839,"Subpopulation_1"
"NGS_H19_LOI_Rep1","Read_640",0.983064099283394,"Subpopulation_1"
"NGS_H19_LOI_Rep1","Read_641",0.974082866693919,"Subpopulation_1"
"NGS_H19_LOI_Rep1","Read_642",0.982854189598632,"Subpopulation_1"
"NGS_H19_LOI_Rep1","Read_643",0.982455019906727,"Subpopulation_1"
"NGS_H19_LOI_Rep1","Read_644",0.976951250787702,"Subpopulation_1"
"NGS_H19_LOI_Rep1","Read_645",0.986793793641557,"Subpopulation_1"
"NGS_H19_LOI_Rep1","Read_646",0.971361049183072,"Subpopulation_1"
"NGS_H19_LOI_Rep1","Read_647",0.979734452698952,"Subpopulation_1"
"NGS_H19_LOI_Rep1","Read_648",0.985654765231186,"Subpopulation_1"
"NGS_H19_LOI_Rep1","Read_649",0.98319187271927,"Subpopulation_1"
"NGS_H19_LOI_Rep1","Read_650",0.978164672145002,"Subpopulation_1"
"NGS_H19_LOI_Rep1","Read_651",0.980689596283803,"Subpopulation_1"
"NGS_H19_LOI_Rep1","Read_652",0.981950021675289,"Subpopulation_1"
"NGS_H19_LOI_Rep1","Read_653",0.978242750618855,"Subpopulation_1"
"NGS_H19_LOI_Rep1","Read_654",0.977279346680084,"Subpopulation_1"
"NGS_H19_LOI_Rep1","Read_655",0.987284158200394,"Subpopulation_1"
"NGS_H19_LOI_Rep1","Read_656",0.977138873385315,"Subpopulation_1"
"NGS_H19_LOI_Rep1","Read_657",0.988535178673938,"Subpopulation_1"
"NGS_H19_LOI_Rep1","Read_658",0.983372463020349,"Subpopulation_1"
"NGS_H19_LOI_Rep1","Read_659",0.966833383313405,"Subpopulation_1"
"NGS_H19_LOI_Rep1","Read_660",0.978136559793986,"Subpopulation_1"
"NGS_H19_LOI_Rep1","Read_661",0.986937392192831,"Subpopulation_1"
"NGS_H19_LOI_Rep1","Read_662",0.980462519545361,"Subpopulation_1"
"NGS_H19_LOI_Rep1","Read_663",0.976139232282446,"Subpopulation_1"
"NGS_H19_LOI_Rep1","Read_664",0.979309993556793,"Subpopulation_1"
"NGS_H19_LOI_Rep1","Read_665",0.982863553724286,"Subpopulation_1"
"NGS_H19_LOI_Rep1","Read_666",0.976129540199538,"Subpopulation_1"
"NGS_H19_LOI_Rep1","Read_667",0.98178044461024,"Subpopulation_1"
"NGS_H19_LOI_Rep1","Read_668",0.972920864859027,"Subpopulation_1"
"NGS_H19_LOI_Rep1","Read_669",0.977280165572974,"Subpopulation_1"
"NGS_H19_LOI_Rep1","Read_670",0.974983104156691,"Subpopulation_1"
"NGS_H19_LOI_Rep1","Read_671",0.982101764701729,"Subpopulation_1"
"NGS_H19_LOI_Rep1","Read_672",0.980253784178416,"Subpopulation_1"
"NGS_H19_LOI_Rep1","Read_673",0.984826107640945,"Subpopulation_1"
"NGS_H19_LOI_Rep1","Read_674",0.985157800234314,"Subpopulation_1"
"NGS_H19_LOI_Rep1","Read_675",0.980672325786341,"Subpopulation_1"
"NGS_H19_LOI_Rep1","Read_676",0.979369763045923,"Subpopulation_1"
"NGS_H19_LOI_Rep1","Read_677",0.982724075557853,"Subpopulation_1"
"NGS_H19_LOI_Rep1","Read_678",0.98228888587127,"Subpopulation_1"
"NGS_H19_LOI_Rep1","Read_679",0.975953849214702,"Subpopulation_1"
"NGS_H19_LOI_Rep1","Read_680",0.982323216266976,"Subpopulation_1"
"NGS_H19_LOI_Rep1","Read_681",0.968174996621519,"Subpopulation_1"
"NGS_H19_LOI_Rep1","Read_682",0.978905951799984,"Subpopulation_1"
"NGS_H19_LOI_Rep1","Read_683",0.965372841503161,"Subpopulation_1"
"NGS_H19_LOI_Rep1","Read_684",0.979890647906758,"Subpopulation_1"
"NGS_H19_LOI_Rep1","Read_685",0.981376604958186,"Subpopulation_1"
"NGS_H19_LOI_Rep1","Read_686",0.983090779514641,"Subpopulation_1"
"NGS_H19_LOI_Rep1","Read_687",0.981037879955272,"Subpopulation_1"
"NGS_H19_LOI_Rep1","Read_688",0.97691804714425,"Subpopulation_1"
"NGS_H19_LOI_Rep1","Read_689",0.979775386408828,"Subpopulation_1"
"NGS_H19_LOI_Rep1","Read_690",0.974737625099502,"Subpopulation_1"
"NGS_H19_LOI_Rep1","Read_691",0.977859586977344,"Subpopulation_1"
"NGS_H19_LOI_Rep1","Read_692",0.979624303789431,"Subpopulation_1"
"NGS_H19_LOI_Rep1","Read_693",0.983470663709582,"Subpopulation_1"
"NGS_H19_LOI_Rep1","Read_694",0.980703478580066,"Subpopulation_1"
"NGS_H19_LOI_Rep1","Read_695",0.971782779125476,"Subpopulation_1"
"NGS_H19_LOI_Rep1","Read_696",0.978200827560273,"Subpopulation_1"
"NGS_H19_LOI_Rep1","Read_697",0.983735070636766,"Subpopulation_1"
"NGS_H19_LOI_Rep1","Read_698",0.975965221469922,"Subpopulation_1"
"NGS_H19_LOI_Rep1","Read_699",0.982028398679214,"Subpopulation_1"
"NGS_H19_LOI_Rep1","Read_700",0.986537466420229,"Subpopulation_1"
"NGS_H19_LOI_Rep1","Read_701",0.97297448586497,"Subpopulation_1"
"NGS_H19_LOI_Rep1","Read_702",0.981457395134444,"Subpopulation_1"
"NGS_H19_LOI_Rep1","Read_703",0.97202207689588,"Subpopulation_1"
"NGS_H19_LOI_Rep1","Read_704",0.984858799245566,"Subpopulation_1"
"NGS_H19_LOI_Rep1","Read_705",0.979858005957404,"Subpopulation_1"
"NGS_H19_LOI_Rep1","Read_706",0.978235727747736,"Subpopulation_1"
"NGS_H19_LOI_Rep1","Read_707",0.977945017367185,"Subpopulation_1"
"NGS_H19_LOI_Rep1","Read_708",0.980986912259521,"Subpopulation_1"
"NGS_H19_LOI_Rep1","Read_709",0.977712697575366,"Subpopulation_1"
"NGS_H19_LOI_Rep1","Read_710",0.986305390892071,"Subpopulation_1"
"NGS_H19_LOI_Rep1","Read_711",0.986466200550844,"Subpopulation_1"
"NGS_H19_LOI_Rep1","Read_712",0.98283920787022,"Subpopulation_1"
"NGS_H19_LOI_Rep1","Read_713",0.980442041302435,"Subpopulation_1"
"NGS_H19_LOI_Rep1","Read_714",0.982108667363669,"Subpopulation_1"
"NGS_H19_LOI_Rep1","Read_715",0.977571143599882,"Subpopulation_1"
"NGS_H19_LOI_Rep1","Read_716",0.974486060505562,"Subpopulation_1"
"NGS_H19_LOI_Rep1","Read_717",0.980446849794687,"Subpopulation_1"
"NGS_H19_LOI_Rep1","Read_718",0.986124389334807,"Subpopulation_1"
"NGS_H19_LOI_Rep1","Read_719",0.983215068024311,"Subpopulation_1"
"NGS_H19_LOI_Rep1","Read_720",0.979559085386337,"Subpopulation_1"
"NGS_H19_LOI_Rep1","Read_721",0.983762101629621,"Subpopulation_1"
"NGS_H19_LOI_Rep1","Read_722",0.984095795518174,"Subpopulation_1"
"NGS_H19_LOI_Rep1","Read_723",0.978497579078023,"Subpopulation_1"
"NGS_H19_LOI_Rep1","Read_724",0.981224622471366,"Subpopulation_1"
"NGS_H19_LOI_Rep1","Read_725",0.991182737329893,"Subpopulation_1"
"NGS_H19_LOI_Rep1","Read_726",0.971565976628213,"Subpopulation_1"
"NGS_H19_LOI_Rep1","Read_727",0.977692706054519,"Subpopulation_1"
"NGS_H19_LOI_Rep1","Read_728",0.979450090683964,"Subpopulation_1"
"NGS_H19_LOI_Rep1","Read_729",0.975648556825118,"Subpopulation_1"
"NGS_H19_LOI_Rep1","Read_730",0.976786442542474,"Subpopulation_1"
"NGS_H19_LOI_Rep1","Read_731",0.985385308060875,"Subpopulation_1"
"NGS_H19_LOI_Rep1","Read_732",0.98517708113722,"Subpopulation_1"
"NGS_H19_LOI_Rep1","Read_733",0.981433311800916,"Subpopulation_1"
"NGS_H19_LOI_Rep1","Read_734",0.988900598492507,"Subpopulation_1"
"NGS_H19_LOI_Rep1","Read_735",0.974292143601357,"Subpopulation_1"
"NGS_H19_LOI_Rep1","Read_736",0.984772305177417,"Subpopulation_1"
"NGS_H19_LOI_Rep1","Read_737",0.985116897281507,"Subpopulation_1"
"NGS_H19_LOI_Rep1","Read_738",0.984574945050303,"Subpopulation_1"
"NGS_H19_LOI_Rep1","Read_739",0.978936120967686,"Subpopulation_1"
"NGS_H19_LOI_Rep1","Read_740",0.977120112991111,"Subpopulation_1"
"NGS_H19_LOI_Rep1","Read_741",0.980806375511344,"Subpopulation_1"
"NGS_H19_LOI_Rep1","Read_742",0.977507418386433,"Subpopulation_1"
"NGS_H19_LOI_Rep1","Read_743",0.976558125807775,"Subpopulation_1"
"NGS_H19_LOI_Rep1","Read_744",0.976562985905233,"Subpopulation_1"
"NGS_H19_LOI_Rep1","Read_745",0.976376226744103,"Subpopulation_1"
"NGS_H19_LOI_Rep1","Read_746",0.979121391899498,"Subpopulation_1"
"NGS_H19_LOI_Rep1","Read_747",0.983594315368872,"Subpopulation_1"
"NGS_H19_LOI_Rep1","Read_748",0.981381902400184,"Subpopulation_1"
"NGS_H19_LOI_Rep1","Read_749",0.978898411570713,"Subpopulation_1"
"NGS_H19_LOI_Rep1","Read_750",0.979463451655844,"Subpopulation_1"
"NGS_H19_LOI_Rep1","Read_751",0.98134464926722,"Subpopulation_1"
"NGS_H19_LOI_Rep1","Read_752",0.981987638456795,"Subpopulation_1"
"NGS_H19_LOI_Rep1","Read_753",0.972865755998526,"Subpopulation_1"
"NGS_H19_LOI_Rep1","Read_754",0.982656654530646,"Subpopulation_1"
"NGS_H19_LOI_Rep1","Read_755",0.976587544474798,"Subpopulation_1"
"NGS_H19_LOI_Rep1","Read_756",0.978175819219349,"Subpopulation_1"
"NGS_H19_LOI_Rep1","Read_757",0.981197156123339,"Subpopulation_1"
"NGS_H19_LOI_Rep1","Read_758",0.981012130287906,"Subpopulation_1"
"NGS_H19_LOI_Rep1","Read_759",0.97456575930931,"Subpopulation_1"
"NGS_H19_LOI_Rep1","Read_760",0.985657411536311,"Subpopulation_1"
"NGS_H19_LOI_Rep1","Read_761",0.985218946403038,"Subpopulation_1"
"NGS_H19_LOI_Rep1","Read_762",0.977052013131222,"Subpopulation_1"
"NGS_H19_LOI_Rep1","Read_763",0.981500608465002,"Subpopulation_1"
"NGS_H19_LOI_Rep1","Read_764",0.984275255377945,"Subpopulation_1"
"NGS_H19_LOI_Rep1","Read_765",0.983901016434821,"Subpopulation_1"
"NGS_H19_LOI_Rep1","Read_766",0.979769027903445,"Subpopulation_1"
"NGS_H19_LOI_Rep1","Read_767",0.978313421565974,"Subpopulation_1"
"NGS_H19_LOI_Rep1","Read_768",0.978303792532669,"Subpopulation_1"
"NGS_H19_LOI_Rep1","Read_769",0.98610394567004,"Subpopulation_1"
"NGS_H19_LOI_Rep1","Read_770",0.982064007771062,"Subpopulation_1"
"NGS_H19_LOI_Rep1","Read_771",0.976893296585624,"Subpopulation_1"
"NGS_H19_LOI_Rep1","Read_772",0.977532858305272,"Subpopulation_1"
"NGS_H19_LOI_Rep1","Read_773",0.978282416553087,"Subpopulation_1"
"NGS_H19_LOI_Rep1","Read_774",0.985452691951384,"Subpopulation_1"
"NGS_H19_LOI_Rep1","Read_775",0.983696741963217,"Subpopulation_1"
"NGS_H19_LOI_Rep1","Read_776",0.975929064112533,"Subpopulation_1"
"NGS_H19_LOI_Rep1","Read_777",0.97372988137595,"Subpopulation_1"
"NGS_H19_LOI_Rep1","Read_778",0.978985136779757,"Subpopulation_1"
"NGS_H19_LOI_Rep1","Read_779",0.980404509306429,"Subpopulation_1"
"NGS_H19_LOI_Rep1","Read_780",0.973605467435953,"Subpopulation_1"
"NGS_H19_LOI_Rep1","Read_781",0.984813092989858,"Subpopulation_1"
"NGS_H19_LOI_Rep1","Read_782",0.975774160159896,"Subpopulation_1"
"NGS_H19_LOI_Rep1","Read_783",0.980791495987979,"Subpopulation_1"
"NGS_H19_LOI_Rep1","Read_784",0.979866711021973,"Subpopulation_1"
"NGS_H19_LOI_Rep1","Read_785",0.982456485934707,"Subpopulation_1"
"NGS_H19_LOI_Rep1","Read_786",0.980777400067068,"Subpopulation_1"
"NGS_H19_LOI_Rep1","Read_787",0.9800110092259,"Subpopulation_1"
"NGS_H19_LOI_Rep1","Read_788",0.970201043120258,"Subpopulation_1"
"NGS_H19_LOI_Rep1","Read_789",0.984370457462023,"Subpopulation_1"
"NGS_H19_LOI_Rep1","Read_790",0.982809074748967,"Subpopulation_1"
"NGS_H19_LOI_Rep1","Read_791",0.977135243600846,"Subpopulation_1"
"NGS_H19_LOI_Rep1","Read_792",0.979068863397852,"Subpopulation_1"
"NGS_H19_LOI_Rep1","Read_793",0.977169470479154,"Subpopulation_1"
"NGS_H19_LOI_Rep1","Read_794",0.982253840898256,"Subpopulation_1"
"NGS_H19_LOI_Rep1","Read_795",0.980390631257751,"Subpopulation_1"
"NGS_H19_LOI_Rep1","Read_796",0.980191469406958,"Subpopulation_1"
"NGS_H19_LOI_Rep1","Read_797",0.978223594222418,"Subpopulation_1"
"NGS_H19_LOI_Rep1","Read_798",0.975649748410683,"Subpopulation_1"
"NGS_H19_LOI_Rep1","Read_799",0.980461229487007,"Subpopulation_1"
"NGS_H19_LOI_Rep1","Read_800",0.981066712579754,"Subpopulation_1"
"NGS_H19_LOI_Rep1","Read_801",0.976784688870961,"Subpopulation_1"
"NGS_H19_LOI_Rep1","Read_802",0.980184060419492,"Subpopulation_1"
"NGS_H19_LOI_Rep1","Read_803",0.975737181366655,"Subpopulation_1"
"NGS_H19_LOI_Rep1","Read_804",0.973669484944131,"Subpopulation_1"
"NGS_H19_LOI_Rep1","Read_805",0.97448623530388,"Subpopulation_1"
"NGS_H19_LOI_Rep1","Read_806",0.982181105175737,"Subpopulation_1"
"NGS_H19_LOI_Rep1","Read_807",0.979293372034836,"Subpopulation_1"
"NGS_H19_LOI_Rep1","Read_808",0.982076775309177,"Subpopulation_1"
"NGS_H19_LOI_Rep1","Read_809",0.981863830484908,"Subpopulation_1"
"NGS_H19_LOI_Rep1","Read_810",0.97462734903636,"Subpopulation_1"
"NGS_H19_LOI_Rep1","Read_811",0.983631050013128,"Subpopulation_1"
"NGS_H19_LOI_Rep1","Read_812",0.980203707845304,"Subpopulation_1"
"NGS_H19_LOI_Rep1","Read_813",0.978300271888105,"Subpopulation_1"
"NGS_H19_LOI_Rep1","Read_814",0.980846947891519,"Subpopulation_1"
"NGS_H19_LOI_Rep1","Read_815",0.980952468095971,"Subpopulation_1"
"NGS_H19_LOI_Rep1","Read_816",0.981044958439192,"Subpopulation_1"
"NGS_H19_LOI_Rep1","Read_817",0.980262730972636,"Subpopulation_1"
"NGS_H19_LOI_Rep1","Read_818",0.984806123909373,"Subpopulation_1"
"NGS_H19_LOI_Rep1","Read_819",0.980831526594896,"Subpopulation_1"
"NGS_H19_LOI_Rep1","Read_820",0.985871474377289,"Subpopulation_1"
"NGS_H19_LOI_Rep1","Read_821",0.973259152841239,"Subpopulation_1"
"NGS_H19_LOI_Rep1","Read_822",0.981303179299846,"Subpopulation_1"
"NGS_H19_LOI_Rep1","Read_823",0.980491527827875,"Subpopulation_1"
"NGS_H19_LOI_Rep1","Read_824",0.98188683187015,"Subpopulation_1"
"NGS_H19_LOI_Rep1","Read_825",0.979982025726493,"Subpopulation_1"
"NGS_H19_LOI_Rep1","Read_826",0.980603398377371,"Subpopulation_1"
"NGS_H19_LOI_Rep1","Read_827",0.971078808435313,"Subpopulation_1"
"NGS_H19_LOI_Rep1","Read_828",0.978667251287607,"Subpopulation_1"
"NGS_H19_LOI_Rep1","Read_829",0.979886626193169,"Subpopulation_1"
"NGS_H19_LOI_Rep1","Read_830",0.980446355242073,"Subpopulation_1"
"NGS_H19_LOI_Rep1","Read_831",0.985371516186631,"Subpopulation_1"
"NGS_H19_LOI_Rep1","Read_832",0.976629624610108,"Subpopulation_1"
"NGS_H19_LOI_Rep1","Read_833",0.969318142538616,"Subpopulation_1"
"NGS_H19_LOI_Rep1","Read_834",0.981034017269946,"Subpopulation_1"
"NGS_H19_LOI_Rep1","Read_835",0.978856914700333,"Subpopulation_1"
"NGS_H19_LOI_Rep1","Read_836",0.976863317796652,"Subpopulation_1"
"NGS_H19_LOI_Rep1","Read_837",0.985760709527536,"Subpopulation_1"
"NGS_H19_LOI_Rep1","Read_838",0.977935534080042,"Subpopulation_1"
"NGS_H19_LOI_Rep1","Read_839",0.977872775948125,"Subpopulation_1"
"NGS_H19_LOI_Rep1","Read_840",0.982391066292694,"Subpopulation_1"
"NGS_H19_LOI_Rep1","Read_841",0.979313379598817,"Subpopulation_1"
"NGS_H19_LOI_Rep1","Read_842",0.976000836208014,"Subpopulation_1"
"NGS_H19_LOI_Rep1","Read_843",0.978750454112559,"Subpopulation_1"
"NGS_H19_LOI_Rep1","Read_844",0.978771574270155,"Subpopulation_1"
"NGS_H19_LOI_Rep1","Read_845",0.979290935932864,"Subpopulation_1"
"NGS_H19_LOI_Rep1","Read_846",0.984847112873044,"Subpopulation_1"
"NGS_H19_LOI_Rep1","Read_847",0.982252934508783,"Subpopulation_1"
"NGS_H19_LOI_Rep1","Read_848",0.980173527717916,"Subpopulation_1"
"NGS_H19_LOI_Rep1","Read_849",0.975548149210934,"Subpopulation_1"
"NGS_H19_LOI_Rep1","Read_850",0.98383725137302,"Subpopulation_1"
"NGS_H19_LOI_Rep1","Read_851",0.982522371607045,"Subpopulation_1"
"NGS_H19_LOI_Rep1","Read_852",0.985657942439007,"Subpopulation_1"
"NGS_H19_LOI_Rep1","Read_853",0.978249463475842,"Subpopulation_1"
"NGS_H19_LOI_Rep1","Read_854",0.982373351192752,"Subpopulation_1"
"NGS_H19_LOI_Rep1","Read_855",0.977112638710421,"Subpopulation_1"
"NGS_H19_LOI_Rep1","Read_856",0.982331322648957,"Subpopulation_1"
"NGS_H19_LOI_Rep1","Read_857",0.973725724852281,"Subpopulation_1"
"NGS_H19_LOI_Rep1","Read_858",0.981205548824438,"Subpopulation_1"
"NGS_H19_LOI_Rep1","Read_859",0.987485023725079,"Subpopulation_1"
"NGS_H19_LOI_Rep1","Read_860",0.986515459438434,"Subpopulation_1"
"NGS_H19_LOI_Rep1","Read_861",0.977628964139922,"Subpopulation_1"
"NGS_H19_LOI_Rep1","Read_862",0.967906341832094,"Subpopulation_1"
"NGS_H19_LOI_Rep1","Read_863",0.979359661455362,"Subpopulation_1"
"NGS_H19_LOI_Rep1","Read_864",0.981610995177424,"Subpopulation_1"
"NGS_H19_LOI_Rep1","Read_865",0.987047103661475,"Subpopulation_1"
"NGS_H19_LOI_Rep1","Read_866",0.986213733718138,"Subpopulation_1"
"NGS_H19_LOI_Rep1","Read_867",0.982603990931384,"Subpopulation_1"
"NGS_H19_LOI_Rep1","Read_868",0.978484794952458,"Subpopulation_1"
"NGS_H19_LOI_Rep1","Read_869",0.975200945646268,"Subpopulation_1"
"NGS_H19_LOI_Rep1","Read_870",0.98549779635183,"Subpopulation_1"
"NGS_H19_LOI_Rep1","Read_871",0.977389424957717,"Subpopulation_1"
"NGS_H19_LOI_Rep1","Read_872",0.986179881011531,"Subpopulation_1"
"NGS_H19_LOI_Rep1","Read_873",0.978728037350212,"Subpopulation_1"
"NGS_H19_LOI_Rep1","Read_874",0.976687673113469,"Subpopulation_1"
"NGS_H19_LOI_Rep1","Read_875",0.977268716443339,"Subpopulation_1"
"NGS_H19_LOI_Rep1","Read_876",0.978990604256569,"Subpopulation_1"
"NGS_H19_LOI_Rep1","Read_877",0.977210934395867,"Subpopulation_1"
"NGS_H19_LOI_Rep1","Read_878",0.971082698771361,"Subpopulation_1"
"NGS_H19_LOI_Rep1","Read_879",0.986922136368019,"Subpopulation_1"
"NGS_H19_LOI_Rep1","Read_880",0.971807250041427,"Subpopulation_1"
"NGS_H19_LOI_Rep1","Read_881",0.985186206552607,"Subpopulation_1"
"NGS_H19_LOI_Rep1","Read_882",0.977652340028237,"Subpopulation_1"
"NGS_H19_LOI_Rep1","Read_883",0.98061630591898,"Subpopulation_1"
"NGS_H19_LOI_Rep1","Read_884",0.985510396062073,"Subpopulation_1"
"NGS_H19_LOI_Rep1","Read_885",0.98038475764161,"Subpopulation_1"
"NGS_H19_LOI_Rep1","Read_886",0.976445323198574,"Subpopulation_1"
"NGS_H19_LOI_Rep1","Read_887",0.974581320825857,"Subpopulation_1"
"NGS_H19_LOI_Rep1","Read_888",0.981058526848253,"Subpopulation_1"
"NGS_H19_LOI_Rep1","Read_889",0.987840976027493,"Subpopulation_1"
"NGS_H19_LOI_Rep1","Read_890",0.977094025863351,"Subpopulation_1"
"NGS_H19_LOI_Rep1","Read_891",0.975035858169939,"Subpopulation_1"
"NGS_H19_LOI_Rep1","Read_892",0.979213073298862,"Subpopulation_1"
"NGS_H19_LOI_Rep1","Read_893",0.97971132085242,"Subpopulation_1"
"NGS_H19_LOI_Rep1","Read_894",0.97640489096789,"Subpopulation_1"
"NGS_H19_LOI_Rep1","Read_895",0.97789324086847,"Subpopulation_1"
"NGS_H19_LOI_Rep1","Read_896",0.976845596170718,"Subpopulation_1"
"NGS_H19_LOI_Rep1","Read_897",0.985385400308477,"Subpopulation_1"
"NGS_H19_LOI_Rep1","Read_898",0.982052232339935,"Subpopulation_1"
"NGS_H19_LOI_Rep1","Read_899",0.983574236129375,"Subpopulation_1"
"NGS_H19_LOI_Rep1","Read_900",0.984271713113489,"Subpopulation_1"
"NGS_H19_LOI_Rep1","Read_901",0.982707921899036,"Subpopulation_1"
"NGS_H19_LOI_Rep1","Read_902",0.983810497998911,"Subpopulation_1"
"NGS_H19_LOI_Rep1","Read_903",0.982378311554918,"Subpopulation_1"
"NGS_H19_LOI_Rep1","Read_904",0.971785348226558,"Subpopulation_1"
"NGS_H19_LOI_Rep1","Read_905",0.986072508961316,"Subpopulation_1"
"NGS_H19_LOI_Rep1","Read_906",0.970485150461276,"Subpopulation_1"
"NGS_H19_LOI_Rep1","Read_907",0.975274567004019,"Subpopulation_1"
"NGS_H19_LOI_Rep1","Read_908",0.983946165438408,"Subpopulation_1"
"NGS_H19_LOI_Rep1","Read_909",0.982565651238757,"Subpopulation_1"
"NGS_H19_LOI_Rep1","Read_910",0.97796318480461,"Subpopulation_1"
"NGS_H19_LOI_Rep1","Read_911",0.986256042796054,"Subpopulation_1"
"NGS_H19_LOI_Rep1","Read_912",0.975573569095872,"Subpopulation_1"
"NGS_H19_LOI_Rep1","Read_913",0.979906643159351,"Subpopulation_1"
"NGS_H19_LOI_Rep1","Read_914",0.985171691842352,"Subpopulation_1"
"NGS_H19_LOI_Rep1","Read_915",0.98228315422683,"Subpopulation_1"
"NGS_H19_LOI_Rep1","Read_916",0.978539364427381,"Subpopulation_1"
"NGS_H19_LOI_Rep1","Read_917",0.984572035633543,"Subpopulation_1"
"NGS_H19_LOI_Rep1","Read_918",0.981448718230952,"Subpopulation_1"
"NGS_H19_LOI_Rep1","Read_919",0.979407315069517,"Subpopulation_1"
"NGS_H19_LOI_Rep1","Read_920",0.968297008776345,"Subpopulation_1"
"NGS_H19_LOI_Rep1","Read_921",0.980252967277829,"Subpopulation_1"
"NGS_H19_LOI_Rep1","Read_922",0.981341757150052,"Subpopulation_1"
"NGS_H19_LOI_Rep1","Read_923",0.988657673527826,"Subpopulation_1"
"NGS_H19_LOI_Rep1","Read_924",0.978632845701673,"Subpopulation_1"
"NGS_H19_LOI_Rep1","Read_925",0.984682867247003,"Subpopulation_1"
"NGS_H19_LOI_Rep1","Read_926",0.984113317518767,"Subpopulation_1"
"NGS_H19_LOI_Rep1","Read_927",0.981874480016388,"Subpopulation_1"
"NGS_H19_LOI_Rep1","Read_928",0.985895464014259,"Subpopulation_1"
"NGS_H19_LOI_Rep1","Read_929",0.973180473613156,"Subpopulation_1"
"NGS_H19_LOI_Rep1","Read_930",0.979258519397799,"Subpopulation_1"
"NGS_H19_LOI_Rep1","Read_931",0.975919601571883,"Subpopulation_1"
"NGS_H19_LOI_Rep1","Read_932",0.97594260162978,"Subpopulation_1"
"NGS_H19_LOI_Rep1","Read_933",0.977181015013819,"Subpopulation_1"
"NGS_H19_LOI_Rep1","Read_934",0.982505893731719,"Subpopulation_1"
"NGS_H19_LOI_Rep1","Read_935",0.984502606206784,"Subpopulation_1"
"NGS_H19_LOI_Rep1","Read_936",0.985189963771993,"Subpopulation_1"
"NGS_H19_LOI_Rep1","Read_937",0.984442383834272,"Subpopulation_1"
"NGS_H19_LOI_Rep1","Read_938",0.981099161318702,"Subpopulation_1"
"NGS_H19_LOI_Rep1","Read_939",0.980015480497388,"Subpopulation_1"
"NGS_H19_LOI_Rep1","Read_940",0.978315123901917,"Subpopulation_1"
"NGS_H19_LOI_Rep1","Read_941",0.978707082954363,"Subpopulation_1"
"NGS_H19_LOI_Rep1","Read_942",0.976127967862372,"Subpopulation_1"
"NGS_H19_LOI_Rep1","Read_943",0.982084634398565,"Subpopulation_1"
"NGS_H19_LOI_Rep1","Read_944",0.987143650478198,"Subpopulation_1"
"NGS_H19_LOI_Rep1","Read_945",0.981206089009628,"Subpopulation_1"
"NGS_H19_LOI_Rep1","Read_946",0.981365602589612,"Subpopulation_1"
"NGS_H19_LOI_Rep1","Read_947",0.975347813924169,"Subpopulation_1"
"NGS_H19_LOI_Rep1","Read_948",0.981197981731037,"Subpopulation_1"
"NGS_H19_LOI_Rep1","Read_949",0.978021654213955,"Subpopulation_1"
"NGS_H19_LOI_Rep1","Read_950",0.964025164579318,"Subpopulation_1"
"NGS_H19_LOI_Rep1","Read_951",0.98367946849691,"Subpopulation_1"
"NGS_H19_LOI_Rep1","Read_952",0.984812364497412,"Subpopulation_1"
"NGS_H19_LOI_Rep1","Read_953",0.980820195344462,"Subpopulation_1"
"NGS_H19_LOI_Rep1","Read_954",0.974573852638507,"Subpopulation_1"
"NGS_H19_LOI_Rep1","Read_955",0.977908509882164,"Subpopulation_1"
"NGS_H19_LOI_Rep1","Read_956",0.977063636420245,"Subpopulation_1"
"NGS_H19_LOI_Rep1","Read_957",0.981380232897956,"Subpopulation_1"
"NGS_H19_LOI_Rep1","Read_958",0.985392001470139,"Subpopulation_1"
"NGS_H19_LOI_Rep1","Read_959",0.97400122119031,"Subpopulation_1"
"NGS_H19_LOI_Rep1","Read_960",0.979709526235213,"Subpopulation_1"
"NGS_H19_LOI_Rep1","Read_961",0.980369046260718,"Subpopulation_1"
"NGS_H19_LOI_Rep1","Read_962",0.980420031828808,"Subpopulation_1"
"NGS_H19_LOI_Rep1","Read_963",0.980223760501759,"Subpopulation_1"
"NGS_H19_LOI_Rep1","Read_964",0.978029166714806,"Subpopulation_1"
"NGS_H19_LOI_Rep1","Read_965",0.984254615883372,"Subpopulation_1"
"NGS_H19_LOI_Rep1","Read_966",0.97460190194213,"Subpopulation_1"
"NGS_H19_LOI_Rep1","Read_967",0.981909791932495,"Subpopulation_1"
"NGS_H19_LOI_Rep1","Read_968",0.980352243008608,"Subpopulation_1"
"NGS_H19_LOI_Rep1","Read_969",0.986248715921422,"Subpopulation_1"
"NGS_H19_LOI_Rep1","Read_970",0.983322813648374,"Subpopulation_1"
"NGS_H19_LOI_Rep1","Read_971",0.97395725239197,"Subpopulation_1"
"NGS_H19_LOI_Rep1","Read_972",0.98808866594186,"Subpopulation_1"
"NGS_H19_LOI_Rep1","Read_973",0.984119668064017,"Subpopulation_1"
"NGS_H19_LOI_Rep1","Read_974",0.985355084377147,"Subpopulation_1"
"NGS_H19_LOI_Rep1","Read_975",0.978178282214867,"Subpopulation_1"
"NGS_H19_LOI_Rep1","Read_976",0.973424724536189,"Subpopulation_1"
"NGS_H19_LOI_Rep1","Read_977",0.981933045089855,"Subpopulation_1"
"NGS_H19_LOI_Rep1","Read_978",0.983400548354538,"Subpopulation_1"
"NGS_H19_LOI_Rep1","Read_979",0.982750635104265,"Subpopulation_1"
"NGS_H19_LOI_Rep1","Read_980",0.974262431721949,"Subpopulation_1"
"NGS_H19_LOI_Rep1","Read_981",0.983921736987268,"Subpopulation_1"
"NGS_H19_LOI_Rep1","Read_982",0.98414788636283,"Subpopulation_1"
"NGS_H19_LOI_Rep1","Read_983",0.98209129695576,"Subpopulation_1"
"NGS_H19_LOI_Rep1","Read_984",0.979034353646653,"Subpopulation_1"
"NGS_H19_LOI_Rep1","Read_985",0.980686071703292,"Subpopulation_1"
"NGS_H19_LOI_Rep1","Read_986",0.97322867805057,"Subpopulation_1"
"NGS_H19_LOI_Rep1","Read_987",0.987330784430667,"Subpopulation_1"
"NGS_H19_LOI_Rep1","Read_988",0.979818271313125,"Subpopulation_1"
"NGS_H19_LOI_Rep1","Read_989",0.98446998939768,"Subpopulation_1"
"NGS_H19_LOI_Rep1","Read_990",0.985289745152629,"Subpopulation_1"
"NGS_H19_LOI_Rep1","Read_991",0.987593375345648,"Subpopulation_1"
"NGS_H19_LOI_Rep1","Read_992",0.976846139444111,"Subpopulation_1"
"NGS_H19_LOI_Rep1","Read_993",0.979835600487716,"Subpopulation_1"
"NGS_H19_LOI_Rep1","Read_994",0.978147734732032,"Subpopulation_1"
"NGS_H19_LOI_Rep1","Read_995",0.984446352850018,"Subpopulation_1"
"NGS_H19_LOI_Rep1","Read_996",0.98299650576622,"Subpopulation_1"
"NGS_H19_LOI_Rep1","Read_997",0.981813652277432,"Subpopulation_1"
"NGS_H19_LOI_Rep1","Read_998",0.972013972467541,"Subpopulation_1"
"NGS_H19_LOI_Rep1","Read_999",0.98323132864603,"Subpopulation_1"
"NGS_H19_LOI_Rep1","Read_1000",0.971822732757108,"Subpopulation_1"
"NGS_H19_LOI_Rep1","Read_1001",0.984610706590049,"Subpopulation_1"
"NGS_H19_LOI_Rep1","Read_1002",0.983334394736483,"Subpopulation_1"
"NGS_H19_LOI_Rep1","Read_1003",0.982445224724935,"Subpopulation_1"
"NGS_H19_LOI_Rep1","Read_1004",0.975733064327481,"Subpopulation_1"
"NGS_H19_LOI_Rep1","Read_1005",0.972813844965081,"Subpopulation_1"
"NGS_H19_LOI_Rep1","Read_1006",0.982408410182019,"Subpopulation_1"
"NGS_H19_LOI_Rep1","Read_1007",0.98053810583654,"Subpopulation_1"
"NGS_H19_LOI_Rep1","Read_1008",0.979591048377108,"Subpopulation_1"
"NGS_H19_LOI_Rep1","Read_1009",0.977564876432251,"Subpopulation_1"
"NGS_H19_LOI_Rep1","Read_1010",0.978747008253901,"Subpopulation_1"
"NGS_H19_LOI_Rep1","Read_1011",0.97581053937836,"Subpopulation_1"
"NGS_H19_LOI_Rep1","Read_1012",0.975681017759554,"Subpopulation_1"
"NGS_H19_LOI_Rep1","Read_1013",0.980206286365352,"Subpopulation_1"
"NGS_H19_LOI_Rep1","Read_1014",0.981404811936649,"Subpopulation_1"
"NGS_H19_LOI_Rep1","Read_1015",0.984820700010621,"Subpopulation_1"
"NGS_H19_LOI_Rep1","Read_1016",0.97398304689452,"Subpopulation_1"
"NGS_H19_LOI_Rep1","Read_1017",0.984565480850329,"Subpopulation_1"
"NGS_H19_LOI_Rep1","Read_1018",0.982272565169702,"Subpopulation_1"
"NGS_H19_LOI_Rep1","Read_1019",0.989605798227197,"Subpopulation_1"
"NGS_H19_LOI_Rep1","Read_1020",0.981492389764311,"Subpopulation_1"
"NGS_H19_LOI_Rep1","Read_1021",0.982616341235268,"Subpopulation_1"
"NGS_H19_LOI_Rep1","Read_1022",0.982161042678461,"Subpopulation_1"
"NGS_H19_LOI_Rep1","Read_1023",0.978003796312066,"Subpopulation_1"
"NGS_H19_LOI_Rep1","Read_1024",0.977695693706495,"Subpopulation_1"
"NGS_H19_LOI_Rep1","Read_1025",0.978071475424778,"Subpopulation_1"
"NGS_H19_LOI_Rep1","Read_1026",0.974893876731869,"Subpopulation_1"
"NGS_H19_LOI_Rep1","Read_1027",0.98416609844684,"Subpopulation_1"
"NGS_H19_LOI_Rep1","Read_1028",0.974964845693659,"Subpopulation_1"
"NGS_H19_LOI_Rep1","Read_1029",0.980429757677384,"Subpopulation_1"
"NGS_H19_LOI_Rep1","Read_1030",0.975219674405389,"Subpopulation_1"
"NGS_H19_LOI_Rep1","Read_1031",0.980621008135748,"Subpopulation_1"
"NGS_H19_LOI_Rep1","Read_1032",0.973395763201496,"Subpopulation_1"
"NGS_H19_LOI_Rep1","Read_1033",0.972798524262712,"Subpopulation_1"
"NGS_H19_LOI_Rep1","Read_1034",0.972663354342799,"Subpopulation_1"
"NGS_H19_LOI_Rep1","Read_1035",0.979415921906243,"Subpopulation_1"
"NGS_H19_LOI_Rep1","Read_1036",0.981499260573458,"Subpopulation_1"
"NGS_H19_LOI_Rep1","Read_1037",0.980676887460185,"Subpopulation_1"
"NGS_H19_LOI_Rep1","Read_1038",0.981841515794849,"Subpopulation_1"
"NGS_H19_LOI_Rep1","Read_1039",0.98627294246175,"Subpopulation_1"
"NGS_H19_LOI_Rep1","Read_1040",0.984325294166121,"Subpopulation_1"
"NGS_H19_LOI_Rep1","Read_1041",0.982639574822437,"Subpopulation_1"
"NGS_H19_LOI_Rep1","Read_1042",0.985101296427442,"Subpopulation_1"
"NGS_H19_LOI_Rep1","Read_1043",0.983788962484022,"Subpopulation_1"
"NGS_H19_LOI_Rep1","Read_1044",0.981609349448538,"Subpopulation_1"
"NGS_H19_LOI_Rep1","Read_1045",0.980874593249275,"Subpopulation_1"
"NGS_H19_LOI_Rep1","Read_1046",0.979546472692362,"Subpopulation_1"
"NGS_H19_LOI_Rep1","Read_1047",0.987469850984184,"Subpopulation_1"
"NGS_H19_LOI_Rep1","Read_1048",0.988265222904462,"Subpopulation_1"
"NGS_H19_LOI_Rep1","Read_1049",0.979765634306031,"Subpopulation_1"
"NGS_H19_LOI_Rep1","Read_1050",0.984325478223648,"Subpopulation_1"
"NGS_H19_LOI_Rep1","Read_1051",0.986614535009191,"Subpopulation_1"
"NGS_H19_LOI_Rep1","Read_1052",0.978355799117515,"Subpopulation_1"
"NGS_H19_LOI_Rep1","Read_1053",0.979185061311763,"Subpopulation_1"
"NGS_H19_LOI_Rep1","Read_1054",0.974750054837777,"Subpopulation_1"
"NGS_H19_LOI_Rep1","Read_1055",0.980912784652301,"Subpopulation_1"
"NGS_H19_LOI_Rep1","Read_1056",0.977108241737026,"Subpopulation_1"
"NGS_H19_LOI_Rep1","Read_1057",0.978080216307222,"Subpopulation_1"
"NGS_H19_LOI_Rep1","Read_1058",0.972614206113156,"Subpopulation_1"
"NGS_H19_LOI_Rep1","Read_1059",0.97965743744446,"Subpopulation_1"
"NGS_H19_LOI_Rep1","Read_1060",0.984359174748462,"Subpopulation_1"
"NGS_H19_LOI_Rep1","Read_1061",0.980904590443539,"Subpopulation_1"
"NGS_H19_LOI_Rep1","Read_1062",0.973571290534392,"Subpopulation_1"
"NGS_H19_LOI_Rep1","Read_1063",0.970748050429134,"Subpopulation_1"
"NGS_H19_LOI_Rep1","Read_1064",0.983684435416818,"Subpopulation_1"
"NGS_H19_LOI_Rep1","Read_1065",0.976502585404921,"Subpopulation_1"
"NGS_H19_LOI_Rep1","Read_1066",0.984047855928494,"Subpopulation_1"
"NGS_H19_LOI_Rep1","Read_1067",0.981658041689488,"Subpopulation_1"
"NGS_H19_LOI_Rep1","Read_1068",0.981203099994993,"Subpopulation_1"
"NGS_H19_LOI_Rep1","Read_1069",0.981202774995459,"Subpopulation_1"
"NGS_H19_LOI_Rep1","Read_1070",0.976546880282003,"Subpopulation_1"
"NGS_H19_LOI_Rep1","Read_1071",0.974800189076251,"Subpopulation_1"
"NGS_H19_LOI_Rep1","Read_1072",0.981399860810903,"Subpopulation_1"
"NGS_H19_LOI_Rep1","Read_1073",0.976711017778114,"Subpopulation_1"
"NGS_H19_LOI_Rep1","Read_1074",0.983140978874518,"Subpopulation_1"
"NGS_H19_LOI_Rep1","Read_1075",0.970151483239999,"Subpopulation_1"
"NGS_H19_LOI_Rep1","Read_1076",0.977968343008599,"Subpopulation_1"
"NGS_H19_LOI_Rep1","Read_1077",0.976867231307649,"Subpopulation_1"
"NGS_H19_LOI_Rep1","Read_1078",0.976114776967141,"Subpopulation_1"
"NGS_H19_LOI_Rep1","Read_1079",0.982356468576743,"Subpopulation_1"
"NGS_H19_LOI_Rep1","Read_1080",0.971836750998965,"Subpopulation_1"
"NGS_H19_LOI_Rep1","Read_1081",0.980147400943523,"Subpopulation_1"
"NGS_H19_LOI_Rep1","Read_1082",0.979264917757733,"Subpopulation_1"
"NGS_H19_LOI_Rep1","Read_1083",0.982407860580209,"Subpopulation_1"
"NGS_H19_LOI_Rep1","Read_1084",0.981452832285355,"Subpopulation_1"
"NGS_H19_LOI_Rep1","Read_1085",0.984951499547164,"Subpopulation_1"
"NGS_H19_LOI_Rep1","Read_1086",0.981289880620988,"Subpopulation_1"
"NGS_H19_LOI_Rep1","Read_1087",0.97628330066109,"Subpopulation_1"
"NGS_H19_LOI_Rep1","Read_1088",0.988731645915441,"Subpopulation_1"
"NGS_H19_LOI_Rep1","Read_1089",0.983568874293135,"Subpopulation_1"
"NGS_H19_LOI_Rep1","Read_1090",0.986636174157129,"Subpopulation_1"
"NGS_H19_LOI_Rep1","Read_1091",0.982809264135622,"Subpopulation_1"
"NGS_H19_LOI_Rep1","Read_1092",0.976110902764935,"Subpopulation_1"
"NGS_H19_LOI_Rep1","Read_1093",0.970884688860437,"Subpopulation_1"
"NGS_H19_LOI_Rep1","Read_1094",0.980480282618199,"Subpopulation_1"
"NGS_H19_LOI_Rep1","Read_1095",0.981087709682846,"Subpopulation_1"
"NGS_H19_LOI_Rep1","Read_1096",0.986378310740909,"Subpopulation_1"
"NGS_H19_LOI_Rep1","Read_1097",0.982437773324623,"Subpopulation_1"
"NGS_H19_LOI_Rep1","Read_1098",0.9805407048199,"Subpopulation_1"
"NGS_H19_LOI_Rep1","Read_1099",0.97894157662535,"Subpopulation_1"
"NGS_H19_LOI_Rep1","Read_1100",0.981300634655277,"Subpopulation_1"
"NGS_H19_LOI_Rep1","Read_1101",0.98186025138332,"Subpopulation_1"
"NGS_H19_LOI_Rep1","Read_1102",0.983407089276366,"Subpopulation_1"
"NGS_H19_LOI_Rep1","Read_1103",0.977946501906924,"Subpopulation_1"
"NGS_H19_LOI_Rep1","Read_1104",0.974958455742587,"Subpopulation_1"
"NGS_H19_LOI_Rep1","Read_1105",0.98147437777097,"Subpopulation_1"
"NGS_H19_LOI_Rep1","Read_1106",0.976067489675804,"Subpopulation_1"
"NGS_H19_LOI_Rep1","Read_1107",0.987070247850485,"Subpopulation_1"
"NGS_H19_LOI_Rep1","Read_1108",0.981461390351659,"Subpopulation_1"
"NGS_H19_LOI_Rep1","Read_1109",0.974269811028425,"Subpopulation_1"
"NGS_H19_LOI_Rep1","Read_1110",0.984731562030692,"Subpopulation_1"
"NGS_H19_LOI_Rep1","Read_1111",0.982848155484616,"Subpopulation_1"
"NGS_H19_LOI_Rep1","Read_1112",0.982922317388012,"Subpopulation_1"
"NGS_H19_LOI_Rep1","Read_1113",0.983946492387951,"Subpopulation_1"
"NGS_H19_LOI_Rep1","Read_1114",0.977125062371246,"Subpopulation_1"
"NGS_H19_LOI_Rep1","Read_1115",0.988218586563159,"Subpopulation_1"
"NGS_H19_LOI_Rep1","Read_1116",0.982154115462151,"Subpopulation_1"
"NGS_H19_LOI_Rep1","Read_1117",0.97953164269312,"Subpopulation_1"
"NGS_H19_LOI_Rep1","Read_1118",0.978547522161819,"Subpopulation_1"
"NGS_H19_LOI_Rep1","Read_1119",0.981706633163328,"Subpopulation_1"
"NGS_H19_LOI_Rep1","Read_1120",0.98030907012326,"Subpopulation_1"
"NGS_H19_LOI_Rep1","Read_1121",0.973155346315745,"Subpopulation_1"
"NGS_H19_LOI_Rep1","Read_1122",0.977741510377933,"Subpopulation_1"
"NGS_H19_LOI_Rep1","Read_1123",0.973671897721985,"Subpopulation_1"
"NGS_H19_LOI_Rep1","Read_1124",0.981658753274164,"Subpopulation_1"
"NGS_H19_LOI_Rep1","Read_1125",0.97930640806363,"Subpopulation_1"
"NGS_H19_LOI_Rep1","Read_1126",0.980980824453945,"Subpopulation_1"
"NGS_H19_LOI_Rep1","Read_1127",0.982590299573627,"Subpopulation_1"
"NGS_H19_LOI_Rep1","Read_1128",0.982095761443276,"Subpopulation_1"
"NGS_H19_LOI_Rep1","Read_1129",0.975661230839045,"Subpopulation_1"
"NGS_H19_LOI_Rep1","Read_1130",0.98255231609666,"Subpopulation_1"
"NGS_H19_LOI_Rep1","Read_1131",0.980173557098668,"Subpopulation_1"
"NGS_H19_LOI_Rep1","Read_1132",0.983982006181564,"Subpopulation_1"
"NGS_H19_LOI_Rep1","Read_1133",0.977675860635121,"Subpopulation_1"
"NGS_H19_LOI_Rep1","Read_1134",0.978933425206066,"Subpopulation_1"
"NGS_H19_LOI_Rep1","Read_1135",0.980944917669177,"Subpopulation_1"
"NGS_H19_LOI_Rep1","Read_1136",0.971200693405207,"Subpopulation_1"
"NGS_H19_LOI_Rep1","Read_1137",0.977045245351044,"Subpopulation_1"
"NGS_H19_LOI_Rep1","Read_1138",0.981614987618259,"Subpopulation_1"
"NGS_H19_LOI_Rep1","Read_1139",0.981291843076464,"Subpopulation_1"
"NGS_H19_LOI_Rep1","Read_1140",0.987211553477062,"Subpopulation_1"
"NGS_H19_LOI_Rep1","Read_1141",0.981230748828053,"Subpopulation_1"
"NGS_H19_LOI_Rep1","Read_1142",0.975235485908502,"Subpopulation_1"
"NGS_H19_LOI_Rep1","Read_1143",0.98458383681794,"Subpopulation_1"
"NGS_H19_LOI_Rep1","Read_1144",0.971690884255133,"Subpopulation_1"
"NGS_H19_LOI_Rep1","Read_1145",0.97951431572775,"Subpopulation_1"
"NGS_H19_LOI_Rep1","Read_1146",0.9779607398107,"Subpopulation_1"
"NGS_H19_LOI_Rep1","Read_1147",0.986445826142821,"Subpopulation_1"
"NGS_H19_LOI_Rep1","Read_1148",0.975800469789558,"Subpopulation_1"
"NGS_H19_LOI_Rep1","Read_1149",0.983046644658792,"Subpopulation_1"
"NGS_H19_LOI_Rep1","Read_1150",0.982804580788543,"Subpopulation_1"
"NGS_H19_LOI_Rep1","Read_1151",0.983829572938341,"Subpopulation_1"
"NGS_H19_LOI_Rep1","Read_1152",0.977682030701562,"Subpopulation_1"
"NGS_H19_LOI_Rep1","Read_1153",0.978513201379566,"Subpopulation_1"
"NGS_H19_LOI_Rep1","Read_1154",0.982891116181157,"Subpopulation_1"
"NGS_H19_LOI_Rep1","Read_1155",0.983976152583063,"Subpopulation_1"
"NGS_H19_LOI_Rep1","Read_1156",0.974888126904087,"Subpopulation_1"
"NGS_H19_LOI_Rep1","Read_1157",0.987364945979402,"Subpopulation_1"
"NGS_H19_LOI_Rep1","Read_1158",0.983988392141822,"Subpopulation_1"
"NGS_H19_LOI_Rep1","Read_1159",0.983098787128633,"Subpopulation_1"
"NGS_H19_LOI_Rep1","Read_1160",0.982555627868445,"Subpopulation_1"
"NGS_H19_LOI_Rep1","Read_1161",0.977945578642337,"Subpopulation_1"
"NGS_H19_LOI_Rep1","Read_1162",0.984617293232721,"Subpopulation_1"
"NGS_H19_LOI_Rep1","Read_1163",0.977709828101499,"Subpopulation_1"
"NGS_H19_LOI_Rep1","Read_1164",0.977678371102717,"Subpopulation_1"
"NGS_H19_LOI_Rep1","Read_1165",0.971424422124853,"Subpopulation_1"
"NGS_H19_LOI_Rep1","Read_1166",0.981094598010751,"Subpopulation_1"
"NGS_H19_LOI_Rep1","Read_1167",0.983289744426666,"Subpopulation_1"
"NGS_H19_LOI_Rep1","Read_1168",0.98149005533542,"Subpopulation_1"
"NGS_H19_LOI_Rep1","Read_1169",0.98144692232422,"Subpopulation_1"
"NGS_H19_LOI_Rep1","Read_1170",0.981148692493688,"Subpopulation_1"
"NGS_H19_LOI_Rep1","Read_1171",0.985725001808555,"Subpopulation_1"
"NGS_H19_LOI_Rep1","Read_1172",0.983404165021225,"Subpopulation_1"
"NGS_H19_LOI_Rep1","Read_1173",0.977748389459434,"Subpopulation_1"
"NGS_H19_LOI_Rep1","Read_1174",0.970357492235389,"Subpopulation_1"
"NGS_H19_LOI_Rep1","Read_1175",0.984042947507232,"Subpopulation_1"
"NGS_H19_LOI_Rep1","Read_1176",0.984409535432689,"Subpopulation_1"
"NGS_H19_LOI_Rep1","Read_1177",0.981341847539305,"Subpopulation_1"
"NGS_H19_LOI_Rep1","Read_1178",0.971861598133013,"Subpopulation_1"
"NGS_H19_LOI_Rep1","Read_1179",0.987601824680022,"Subpopulation_1"
"NGS_H19_LOI_Rep1","Read_1180",0.974127042525979,"Subpopulation_1"
"NGS_H19_LOI_Rep1","Read_1181",0.98819283335728,"Subpopulation_1"
"NGS_H19_LOI_Rep1","Read_1182",0.984509199434909,"Subpopulation_1"
"NGS_H19_LOI_Rep1","Read_1183",0.983980073009136,"Subpopulation_1"
"NGS_H19_LOI_Rep1","Read_1184",0.983729994773147,"Subpopulation_1"
"NGS_H19_LOI_Rep1","Read_1185",0.97594878996431,"Subpopulation_1"
"NGS_H19_LOI_Rep1","Read_1186",0.985151403677221,"Subpopulation_1"
"NGS_H19_LOI_Rep1","Read_1187",0.973938028213726,"Subpopulation_1"
"NGS_H19_LOI_Rep1","Read_1188",0.980078960684889,"Subpopulation_1"
"NGS_H19_LOI_Rep1","Read_1189",0.977722279144334,"Subpopulation_1"
"NGS_H19_LOI_Rep1","Read_1190",0.979573030168119,"Subpopulation_1"
"NGS_H19_LOI_Rep1","Read_1191",0.984401485029188,"Subpopulation_1"
"NGS_H19_LOI_Rep1","Read_1192",0.982957349704977,"Subpopulation_1"
"NGS_H19_LOI_Rep1","Read_1193",0.977381285458663,"Subpopulation_1"
"NGS_H19_LOI_Rep1","Read_1194",0.980644640858253,"Subpopulation_1"
"NGS_H19_LOI_Rep1","Read_1195",0.967208740455644,"Subpopulation_1"
"NGS_H19_LOI_Rep1","Read_1196",0.979281964221392,"Subpopulation_1"
"NGS_H19_LOI_Rep1","Read_1197",0.985330933920285,"Subpopulation_1"
"NGS_H19_LOI_Rep1","Read_1198",0.981764811483293,"Subpopulation_1"
"NGS_H19_LOI_Rep1","Read_1199",0.981099687215152,"Subpopulation_1"
"NGS_H19_LOI_Rep1","Read_1200",0.981870399144513,"Subpopulation_1"
"NGS_H19_LOI_Rep1","Read_1201",0.982079884555662,"Subpopulation_1"
"NGS_H19_LOI_Rep1","Read_1202",0.982596030351711,"Subpopulation_1"
"NGS_H19_LOI_Rep1","Read_1203",0.985436032557991,"Subpopulation_1"
"NGS_H19_LOI_Rep1","Read_1204",0.982251077529556,"Subpopulation_1"
"NGS_H19_LOI_Rep1","Read_1205",0.987873789718969,"Subpopulation_1"
"NGS_H19_LOI_Rep1","Read_1206",0.964279087675547,"Subpopulation_1"
"NGS_H19_LOI_Rep1","Read_1207",0.974143590054921,"Subpopulation_1"
"NGS_H19_LOI_Rep1","Read_1208",0.980308600361994,"Subpopulation_1"
"NGS_H19_LOI_Rep1","Read_1209",0.986199925450904,"Subpopulation_1"
"NGS_H19_LOI_Rep1","Read_1210",0.987131835717543,"Subpopulation_1"
"NGS_H19_LOI_Rep1","Read_1211",0.97706071911448,"Subpopulation_1"
"NGS_H19_LOI_Rep1","Read_1212",0.983129134974674,"Subpopulation_1"
"NGS_H19_LOI_Rep1","Read_1213",0.98171622511165,"Subpopulation_1"
"NGS_H19_LOI_Rep1","Read_1214",0.984646079714326,"Subpopulation_1"
"NGS_H19_LOI_Rep1","Read_1215",0.983922678756551,"Subpopulation_1"
"NGS_H19_LOI_Rep1","Read_1216",0.978039938113955,"Subpopulation_1"
"NGS_H19_LOI_Rep1","Read_1217",0.981568379777252,"Subpopulation_1"
"NGS_H19_LOI_Rep1","Read_1218",0.976416815664909,"Subpopulation_1"
"NGS_H19_LOI_Rep1","Read_1219",0.971645165416107,"Subpopulation_1"
"NGS_H19_LOI_Rep1","Read_1220",0.978955762260787,"Subpopulation_1"
"NGS_H19_LOI_Rep1","Read_1221",0.985619569605656,"Subpopulation_1"
"NGS_H19_LOI_Rep1","Read_1222",0.98848311766977,"Subpopulation_1"
"NGS_H19_LOI_Rep1","Read_1223",0.987801621205961,"Subpopulation_1"
"NGS_H19_LOI_Rep1","Read_1224",0.986261276779224,"Subpopulation_1"
"NGS_H19_LOI_Rep1","Read_1225",0.977489680635925,"Subpopulation_1"
"NGS_H19_LOI_Rep1","Read_1226",0.97891164861882,"Subpopulation_1"
"NGS_H19_LOI_Rep1","Read_1227",0.98474959107669,"Subpopulation_1"
"NGS_H19_LOI_Rep1","Read_1228",0.976658337801338,"Subpopulation_1"
"NGS_H19_LOI_Rep1","Read_1229",0.972802272368716,"Subpopulation_1"
"NGS_H19_LOI_Rep1","Read_1230",0.983908948587098,"Subpopulation_1"
"NGS_H19_LOI_Rep1","Read_1231",0.989022445483188,"Subpopulation_1"
"NGS_H19_LOI_Rep1","Read_1232",0.97869349515384,"Subpopulation_1"
"NGS_H19_LOI_Rep1","Read_1233",0.97509206903953,"Subpopulation_1"
"NGS_H19_LOI_Rep1","Read_1234",0.980082504728697,"Subpopulation_1"
"NGS_H19_LOI_Rep1","Read_1235",0.988780750374035,"Subpopulation_1"
"NGS_H19_LOI_Rep1","Read_1236",0.97063339591419,"Subpopulation_1"
"NGS_H19_LOI_Rep1","Read_1237",0.975997942595764,"Subpopulation_1"
"NGS_H19_LOI_Rep1","Read_1238",0.986578948979895,"Subpopulation_1"
"NGS_H19_LOI_Rep1","Read_1239",0.986033560575001,"Subpopulation_1"
"NGS_H19_LOI_Rep1","Read_1240",0.978494176162008,"Subpopulation_1"
"NGS_H19_LOI_Rep1","Read_1241",0.982777465717461,"Subpopulation_1"
"NGS_H19_LOI_Rep1","Read_1242",0.967220757620168,"Subpopulation_1"
"NGS_H19_LOI_Rep1","Read_1243",0.984832717025154,"Subpopulation_1"
"NGS_H19_LOI_Rep1","Read_1244",0.983077848649746,"Subpopulation_1"
"NGS_H19_LOI_Rep1","Read_1245",0.973979288562164,"Subpopulation_1"
"NGS_H19_LOI_Rep1","Read_1246",0.980254687878309,"Subpopulation_1"
"NGS_H19_LOI_Rep1","Read_1247",0.984025255904387,"Subpopulation_1"
"NGS_H19_LOI_Rep1","Read_1248",0.977482995933658,"Subpopulation_1"
"NGS_H19_LOI_Rep1","Read_1249",0.976040097653809,"Subpopulation_1"
"NGS_H19_LOI_Rep1","Read_1250",0.975752872930582,"Subpopulation_1"
"NGS_H19_LOI_Rep1","Read_1251",0.973789129622678,"Subpopulation_1"
"NGS_H19_LOI_Rep1","Read_1252",0.985030282111008,"Subpopulation_1"
"NGS_H19_LOI_Rep1","Read_1253",0.984998275055814,"Subpopulation_1"
"NGS_H19_LOI_Rep1","Read_1254",0.98013973639953,"Subpopulation_1"
"NGS_H19_LOI_Rep1","Read_1255",0.97913201716987,"Subpopulation_1"
"NGS_H19_LOI_Rep1","Read_1256",0.975077979080702,"Subpopulation_1"
"NGS_H19_LOI_Rep1","Read_1257",0.97801497114004,"Subpopulation_1"
"NGS_H19_LOI_Rep1","Read_1258",0.981124093310317,"Subpopulation_1"
"NGS_H19_LOI_Rep1","Read_1259",0.988088197700537,"Subpopulation_1"
"NGS_H19_LOI_Rep1","Read_1260",0.976196970811579,"Subpopulation_1"
"NGS_H19_LOI_Rep1","Read_1261",0.979084166644397,"Subpopulation_1"
"NGS_H19_LOI_Rep1","Read_1262",0.980259346318847,"Subpopulation_1"
"NGS_H19_LOI_Rep1","Read_1263",0.981762717262981,"Subpopulation_1"
"NGS_H19_LOI_Rep1","Read_1264",0.978131803943599,"Subpopulation_1"
"NGS_H19_LOI_Rep1","Read_1265",0.986957297128603,"Subpopulation_1"
"NGS_H19_LOI_Rep1","Read_1266",0.979041892192371,"Subpopulation_1"
"NGS_H19_LOI_Rep1","Read_1267",0.97944163513236,"Subpopulation_1"
"NGS_H19_LOI_Rep1","Read_1268",0.975991679385885,"Subpopulation_1"
"NGS_H19_LOI_Rep1","Read_1269",0.979954898847035,"Subpopulation_1"
"NGS_H19_LOI_Rep1","Read_1270",0.98433060465072,"Subpopulation_1"
"NGS_H19_LOI_Rep1","Read_1271",0.985296401191911,"Subpopulation_1"
"NGS_H19_LOI_Rep1","Read_1272",0.985525056589805,"Subpopulation_1"
"NGS_H19_LOI_Rep1","Read_1273",0.983088989634326,"Subpopulation_1"
"NGS_H19_LOI_Rep1","Read_1274",0.97086998709727,"Subpopulation_1"
"NGS_H19_LOI_Rep1","Read_1275",0.988480022910462,"Subpopulation_1"
"NGS_H19_LOI_Rep1","Read_1276",0.978557472107794,"Subpopulation_1"
"NGS_H19_LOI_Rep1","Read_1277",0.98072791638186,"Subpopulation_1"
"NGS_H19_LOI_Rep1","Read_1278",0.979527016809591,"Subpopulation_1"
"NGS_H19_LOI_Rep1","Read_1279",0.988425561618732,"Subpopulation_1"
"NGS_H19_LOI_Rep1","Read_1280",0.979294817860355,"Subpopulation_1"
"NGS_H19_LOI_Rep1","Read_1281",0.982830571095499,"Subpopulation_1"
"NGS_H19_LOI_Rep1","Read_1282",0.984302442504009,"Subpopulation_1"
"NGS_H19_LOI_Rep1","Read_1283",0.979588328282282,"Subpopulation_1"
"NGS_H19_LOI_Rep1","Read_1284",0.980952675675999,"Subpopulation_1"
"NGS_H19_LOI_Rep1","Read_1285",0.980224665679558,"Subpopulation_1"
"NGS_H19_LOI_Rep1","Read_1286",0.98668217779363,"Subpopulation_1"
"NGS_H19_LOI_Rep1","Read_1287",0.980170617830718,"Subpopulation_1"
"NGS_H19_LOI_Rep1","Read_1288",0.974295855350109,"Subpopulation_1"
"NGS_H19_LOI_Rep1","Read_1289",0.978044298658943,"Subpopulation_1"
"NGS_H19_LOI_Rep1","Read_1290",0.98562203679944,"Subpopulation_1"
"NGS_H19_LOI_Rep1","Read_1291",0.983470918201198,"Subpopulation_1"
"NGS_H19_LOI_Rep1","Read_1292",0.982658855856777,"Subpopulation_1"
"NGS_H19_LOI_Rep1","Read_1293",0.986959875564426,"Subpopulation_1"
"NGS_H19_LOI_Rep1","Read_1294",0.984848789214342,"Subpopulation_1"
"NGS_H19_LOI_Rep1","Read_1295",0.980524367347547,"Subpopulation_1"
"NGS_H19_LOI_Rep1","Read_1296",0.978244172818163,"Subpopulation_1"
"NGS_H19_LOI_Rep1","Read_1297",0.985609068626457,"Subpopulation_1"
"NGS_H19_LOI_Rep1","Read_1298",0.984153509110632,"Subpopulation_1"
"NGS_H19_LOI_Rep1","Read_1299",0.982775416201753,"Subpopulation_1"
"NGS_H19_LOI_Rep1","Read_1300",0.979464260016581,"Subpopulation_1"
"NGS_H19_LOI_Rep1","Read_1301",0.980325580643721,"Subpopulation_1"
"NGS_H19_LOI_Rep1","Read_1302",0.982201662167141,"Subpopulation_1"
"NGS_H19_LOI_Rep1","Read_1303",0.973432909852485,"Subpopulation_1"
"NGS_H19_LOI_Rep1","Read_1304",0.989013156418266,"Subpopulation_1"
"NGS_H19_LOI_Rep1","Read_1305",0.976197898882984,"Subpopulation_1"
"NGS_H19_LOI_Rep1","Read_1306",0.988816210473484,"Subpopulation_1"
"NGS_H19_LOI_Rep1","Read_1307",0.978232243366034,"Subpopulation_1"
"NGS_H19_LOI_Rep1","Read_1308",0.988233642089714,"Subpopulation_1"
"NGS_H19_LOI_Rep1","Read_1309",0.977800422468935,"Subpopulation_1"
"NGS_H19_LOI_Rep1","Read_1310",0.973453437651289,"Subpopulation_1"
"NGS_H19_LOI_Rep1","Read_1311",0.981468648050757,"Subpopulation_1"
"NGS_H19_LOI_Rep1","Read_1312",0.981890015876995,"Subpopulation_1"
"NGS_H19_LOI_Rep1","Read_1313",0.983904855684555,"Subpopulation_1"
"NGS_H19_LOI_Rep1","Read_1314",0.973624725651282,"Subpopulation_1"
"NGS_H19_LOI_Rep1","Read_1315",0.972005055432457,"Subpopulation_1"
"NGS_H19_LOI_Rep1","Read_1316",0.982621403633393,"Subpopulation_1"
"NGS_H19_LOI_Rep1","Read_1317",0.977206946053694,"Subpopulation_1"
"NGS_H19_LOI_Rep1","Read_1318",0.989161818396614,"Subpopulation_1"
"NGS_H19_LOI_Rep1","Read_1319",0.972863093521011,"Subpopulation_1"
"NGS_H19_LOI_Rep1","Read_1320",0.983536215636385,"Subpopulation_1"
"NGS_H19_LOI_Rep1","Read_1321",0.983345065594994,"Subpopulation_1"
"NGS_H19_LOI_Rep1","Read_1322",0.98393409910155,"Subpopulation_1"
"NGS_H19_LOI_Rep1","Read_1323",0.979218960230111,"Subpopulation_1"
"NGS_H19_LOI_Rep1","Read_1324",0.971804684755615,"Subpopulation_1"
"NGS_H19_LOI_Rep1","Read_1325",0.983465574722618,"Subpopulation_1"
"NGS_H19_LOI_Rep1","Read_1326",0.981825191368147,"Subpopulation_1"
"NGS_H19_LOI_Rep1","Read_1327",0.980858499719884,"Subpopulation_1"
"NGS_H19_LOI_Rep1","Read_1328",0.97770645390119,"Subpopulation_1"
"NGS_H19_LOI_Rep1","Read_1329",0.984549968637034,"Subpopulation_1"
"NGS_H19_LOI_Rep1","Read_1330",0.974410360845821,"Subpopulation_1"
"NGS_H19_LOI_Rep1","Read_1331",0.970385019319518,"Subpopulation_1"
"NGS_H19_LOI_Rep1","Read_1332",0.972360103667635,"Subpopulation_1"
"NGS_H19_LOI_Rep1","Read_1333",0.974368030432538,"Subpopulation_1"
"NGS_H19_LOI_Rep1","Read_1334",0.984016800080404,"Subpopulation_1"
"NGS_H19_LOI_Rep1","Read_1335",0.979515733589573,"Subpopulation_1"
"NGS_H19_LOI_Rep1","Read_1336",0.967780629037707,"Subpopulation_1"
"NGS_H19_LOI_Rep1","Read_1337",0.984363139056339,"Subpopulation_1"
"NGS_H19_LOI_Rep1","Read_1338",0.982967768368508,"Subpopulation_1"
"NGS_H19_LOI_Rep1","Read_1339",0.984296613418309,"Subpopulation_1"
"NGS_H19_LOI_Rep1","Read_1340",0.981851510054339,"Subpopulation_1"
"NGS_H19_LOI_Rep1","Read_1341",0.985414999769124,"Subpopulation_1"
"NGS_H19_LOI_Rep1","Read_1342",0.986188778915544,"Subpopulation_1"
"NGS_H19_LOI_Rep1","Read_1343",0.978475465201833,"Subpopulation_1"
"NGS_H19_LOI_Rep1","Read_1344",0.985460899729048,"Subpopulation_1"
"NGS_H19_LOI_Rep1","Read_1345",0.978727469252036,"Subpopulation_1"
"NGS_H19_LOI_Rep1","Read_1346",0.986128307499188,"Subpopulation_1"
"NGS_H19_LOI_Rep1","Read_1347",0.980294457039442,"Subpopulation_1"
"NGS_H19_LOI_Rep1","Read_1348",0.983637250625155,"Subpopulation_1"
"NGS_H19_LOI_Rep1","Read_1349",0.981603823677076,"Subpopulation_1"
"NGS_H19_LOI_Rep1","Read_1350",0.976118707641876,"Subpopulation_1"
"NGS_H19_LOI_Rep1","Read_1351",0.982508848332071,"Subpopulation_1"
"NGS_H19_LOI_Rep1","Read_1352",0.980638477271785,"Subpopulation_1"
"NGS_H19_LOI_Rep1","Read_1353",0.97991799764003,"Subpopulation_1"
"NGS_H19_LOI_Rep1","Read_1354",0.982759462236371,"Subpopulation_1"
"NGS_H19_LOI_Rep1","Read_1355",0.978352813085448,"Subpopulation_1"
"NGS_H19_LOI_Rep1","Read_1356",0.982466914062737,"Subpopulation_1"
"NGS_H19_LOI_Rep1","Read_1357",0.981503605731325,"Subpopulation_1"
"NGS_H19_LOI_Rep1","Read_1358",0.98613134546125,"Subpopulation_1"
"NGS_H19_LOI_Rep1","Read_1359",0.978816160962832,"Subpopulation_1"
"NGS_H19_LOI_Rep1","Read_1360",0.978404887430945,"Subpopulation_1"
"NGS_H19_LOI_Rep1","Read_1361",0.981560869546725,"Subpopulation_1"
"NGS_H19_LOI_Rep1","Read_1362",0.984996253330918,"Subpopulation_1"
"NGS_H19_LOI_Rep1","Read_1363",0.982765424662892,"Subpopulation_1"
"NGS_H19_LOI_Rep1","Read_1364",0.972935503687696,"Subpopulation_1"
"NGS_H19_LOI_Rep1","Read_1365",0.977238378331745,"Subpopulation_1"
"NGS_H19_LOI_Rep1","Read_1366",0.977504059895576,"Subpopulation_1"
"NGS_H19_LOI_Rep1","Read_1367",0.982650625877028,"Subpopulation_1"
"NGS_H19_LOI_Rep1","Read_1368",0.968395882055737,"Subpopulation_1"
"NGS_H19_LOI_Rep1","Read_1369",0.980967464170109,"Subpopulation_1"
"NGS_H19_LOI_Rep1","Read_1370",0.97812527568656,"Subpopulation_1"
"NGS_H19_LOI_Rep1","Read_1371",0.983867222913754,"Subpopulation_1"
"NGS_H19_LOI_Rep1","Read_1372",0.980836756644094,"Subpopulation_1"
"NGS_H19_LOI_Rep1","Read_1373",0.982073270365288,"Subpopulation_1"
"NGS_H19_LOI_Rep1","Read_1374",0.977311119567068,"Subpopulation_1"
"NGS_H19_LOI_Rep1","Read_1375",0.982338090323022,"Subpopulation_1"
"NGS_H19_LOI_Rep1","Read_1376",0.982525187158734,"Subpopulation_1"
"NGS_H19_LOI_Rep1","Read_1377",0.975712539301954,"Subpopulation_1"
"NGS_H19_LOI_Rep1","Read_1378",0.986863627081951,"Subpopulation_1"
"NGS_H19_LOI_Rep1","Read_1379",0.98229043957276,"Subpopulation_1"
"NGS_H19_LOI_Rep1","Read_1380",0.989577019646486,"Subpopulation_1"
"NGS_H19_LOI_Rep1","Read_1381",0.980651504250483,"Subpopulation_1"
"NGS_H19_LOI_Rep1","Read_1382",0.977714811388049,"Subpopulation_1"
"NGS_H19_LOI_Rep1","Read_1383",0.979483802555646,"Subpopulation_1"
"NGS_H19_LOI_Rep1","Read_1384",0.981829792752952,"Subpopulation_1"
"NGS_H19_LOI_Rep1","Read_1385",0.980174397781738,"Subpopulation_1"
"NGS_H19_LOI_Rep1","Read_1386",0.978162303899554,"Subpopulation_1"
"NGS_H19_LOI_Rep1","Read_1387",0.986701984150444,"Subpopulation_1"
"NGS_H19_LOI_Rep1","Read_1388",0.980507597270082,"Subpopulation_1"
"NGS_H19_LOI_Rep1","Read_1389",0.982702871577415,"Subpopulation_1"
"NGS_H19_LOI_Rep1","Read_1390",0.973204634883935,"Subpopulation_1"
"NGS_H19_LOI_Rep1","Read_1391",0.982379670957,"Subpopulation_1"
"NGS_H19_LOI_Rep1","Read_1392",0.98505398655939,"Subpopulation_1"
"NGS_H19_LOI_Rep1","Read_1393",0.97675770637193,"Subpopulation_1"
"NGS_H19_LOI_Rep1","Read_1394",0.977898681412666,"Subpopulation_1"
"NGS_H19_LOI_Rep1","Read_1395",0.979169958767938,"Subpopulation_1"
"NGS_H19_LOI_Rep1","Read_1396",0.977259839871303,"Subpopulation_1"
"NGS_H19_LOI_Rep1","Read_1397",0.972349038034189,"Subpopulation_1"
"NGS_H19_LOI_Rep1","Read_1398",0.974537868258508,"Subpopulation_1"
"NGS_H19_LOI_Rep1","Read_1399",0.974174336063726,"Subpopulation_1"
"NGS_H19_LOI_Rep1","Read_1400",0.978566050062232,"Subpopulation_1"
"NGS_H19_LOI_Rep1","Read_1401",0.986739510989503,"Subpopulation_1"
"NGS_H19_LOI_Rep1","Read_1402",0.980988539357526,"Subpopulation_1"
"NGS_H19_LOI_Rep1","Read_1403",0.979912928923575,"Subpopulation_1"
"NGS_H19_LOI_Rep1","Read_1404",0.981447118086199,"Subpopulation_1"
"NGS_H19_LOI_Rep1","Read_1405",0.9830260329147,"Subpopulation_1"
"NGS_H19_LOI_Rep1","Read_1406",0.976029994400158,"Subpopulation_1"
"NGS_H19_LOI_Rep1","Read_1407",0.980454518817142,"Subpopulation_1"
"NGS_H19_LOI_Rep1","Read_1408",0.981733249311996,"Subpopulation_1"
"NGS_H19_LOI_Rep1","Read_1409",0.983709247691913,"Subpopulation_1"
"NGS_H19_LOI_Rep1","Read_1410",0.979005906350513,"Subpopulation_1"
"NGS_H19_LOI_Rep1","Read_1411",0.979611475723813,"Subpopulation_1"
"NGS_H19_LOI_Rep1","Read_1412",0.982141821943136,"Subpopulation_1"
"NGS_H19_LOI_Rep1","Read_1413",0.983826245127688,"Subpopulation_1"
"NGS_H19_LOI_Rep1","Read_1414",0.985803020890449,"Subpopulation_1"
"NGS_H19_LOI_Rep1","Read_1415",0.981577695979945,"Subpopulation_1"
"NGS_H19_LOI_Rep1","Read_1416",0.9871547354628,"Subpopulation_1"
"NGS_H19_LOI_Rep1","Read_1417",0.973576600700173,"Subpopulation_1"
"NGS_H19_LOI_Rep1","Read_1418",0.982388314821082,"Subpopulation_1"
"NGS_H19_LOI_Rep1","Read_1419",0.978376578860628,"Subpopulation_1"
"NGS_H19_LOI_Rep1","Read_1420",0.979524918437422,"Subpopulation_1"
"NGS_H19_LOI_Rep1","Read_1421",0.976279496917007,"Subpopulation_1"
"NGS_H19_LOI_Rep1","Read_1422",0.979481068070111,"Subpopulation_1"
"NGS_H19_LOI_Rep1","Read_1423",0.988657242931235,"Subpopulation_1"
"NGS_H19_LOI_Rep1","Read_1424",0.984154108998959,"Subpopulation_1"
"NGS_H19_LOI_Rep1","Read_1425",0.983976094257554,"Subpopulation_1"
"NGS_H19_LOI_Rep1","Read_1426",0.980343339398948,"Subpopulation_1"
"NGS_H19_LOI_Rep1","Read_1427",0.983019735779445,"Subpopulation_1"
"NGS_H19_LOI_Rep1","Read_1428",0.97237952291231,"Subpopulation_1"
"NGS_H19_LOI_Rep1","Read_1429",0.985199181975196,"Subpopulation_1"
"NGS_H19_LOI_Rep1","Read_1430",0.980101138856771,"Subpopulation_1"
"NGS_H19_LOI_Rep1","Read_1431",0.98547155627077,"Subpopulation_1"
"NGS_H19_LOI_Rep1","Read_1432",0.974020195256838,"Subpopulation_1"
"NGS_H19_LOI_Rep1","Read_1433",0.975514244843513,"Subpopulation_1"
"NGS_H19_LOI_Rep1","Read_1434",0.983646635061328,"Subpopulation_1"
"NGS_H19_LOI_Rep1","Read_1435",0.981389517117951,"Subpopulation_1"
"NGS_H19_LOI_Rep1","Read_1436",0.977161568996597,"Subpopulation_1"
"NGS_H19_LOI_Rep1","Read_1437",0.987004329642262,"Subpopulation_1"
"NGS_H19_LOI_Rep1","Read_1438",0.982097175990703,"Subpopulation_1"
"NGS_H19_LOI_Rep1","Read_1439",0.982328666163049,"Subpopulation_1"
"NGS_H19_LOI_Rep1","Read_1440",0.972640594279846,"Subpopulation_1"
"NGS_H19_LOI_Rep1","Read_1441",0.984470158613412,"Subpopulation_1"
"NGS_H19_LOI_Rep1","Read_1442",0.975615614395789,"Subpopulation_1"
"NGS_H19_LOI_Rep1","Read_1443",0.974447759241464,"Subpopulation_1"
"NGS_H19_LOI_Rep1","Read_1444",0.976665954760745,"Subpopulation_1"
"NGS_H19_LOI_Rep1","Read_1445",0.979826736838595,"Subpopulation_1"
"NGS_H19_LOI_Rep1","Read_1446",0.982568929116398,"Subpopulation_1"
"NGS_H19_LOI_Rep1","Read_1447",0.971991861921634,"Subpopulation_1"
"NGS_H19_LOI_Rep1","Read_1448",0.978864010628808,"Subpopulation_1"
"NGS_H19_LOI_Rep1","Read_1449",0.97866156654077,"Subpopulation_1"
"NGS_H19_LOI_Rep1","Read_1450",0.977814215320178,"Subpopulation_1"
"NGS_H19_LOI_Rep1","Read_1451",0.981050386566835,"Subpopulation_1"
"NGS_H19_LOI_Rep1","Read_1452",0.979514243894676,"Subpopulation_1"
"NGS_H19_LOI_Rep1","Read_1453",0.985866036856413,"Subpopulation_1"
"NGS_H19_LOI_Rep1","Read_1454",0.982579141868074,"Subpopulation_1"
"NGS_H19_LOI_Rep1","Read_1455",0.977861162443592,"Subpopulation_1"
"NGS_H19_LOI_Rep1","Read_1456",0.982933868252514,"Subpopulation_1"
"NGS_H19_LOI_Rep1","Read_1457",0.981042891381864,"Subpopulation_1"
"NGS_H19_LOI_Rep1","Read_1458",0.980486267428119,"Subpopulation_1"
"NGS_H19_LOI_Rep1","Read_1459",0.982721048140447,"Subpopulation_1"
"NGS_H19_LOI_Rep1","Read_1460",0.970060520854927,"Subpopulation_1"
"NGS_H19_LOI_Rep1","Read_1461",0.975262006934663,"Subpopulation_1"
"NGS_H19_LOI_Rep1","Read_1462",0.982845054910877,"Subpopulation_1"
"NGS_H19_LOI_Rep1","Read_1463",0.976228623617559,"Subpopulation_1"
"NGS_H19_LOI_Rep1","Read_1464",0.980310320451641,"Subpopulation_1"
"NGS_H19_LOI_Rep1","Read_1465",0.982570812758717,"Subpopulation_1"
"NGS_H19_LOI_Rep1","Read_1466",0.980696369371837,"Subpopulation_1"
"NGS_H19_LOI_Rep1","Read_1467",0.977743303335591,"Subpopulation_1"
"NGS_H19_LOI_Rep1","Read_1468",0.980530321610484,"Subpopulation_1"
"NGS_H19_LOI_Rep1","Read_1469",0.975957827315436,"Subpopulation_1"
"NGS_H19_LOI_Rep1","Read_1470",0.987283112851784,"Subpopulation_1"
"NGS_H19_LOI_Rep1","Read_1471",0.977416047428684,"Subpopulation_1"
"NGS_H19_LOI_Rep1","Read_1472",0.981044207604095,"Subpopulation_1"
"NGS_H19_LOI_Rep1","Read_1473",0.974793381240928,"Subpopulation_1"
"NGS_H19_LOI_Rep1","Read_1474",0.979179121746249,"Subpopulation_1"
"NGS_H19_LOI_Rep1","Read_1475",0.984954029830321,"Subpopulation_1"
"NGS_H19_LOI_Rep1","Read_1476",0.986485498341956,"Subpopulation_1"
"NGS_H19_LOI_Rep1","Read_1477",0.972390851977491,"Subpopulation_1"
"NGS_H19_LOI_Rep1","Read_1478",0.976960664546096,"Subpopulation_1"
"NGS_H19_LOI_Rep1","Read_1479",0.983690957338678,"Subpopulation_1"
"NGS_H19_LOI_Rep1","Read_1480",0.982378008913618,"Subpopulation_1"
"NGS_H19_LOI_Rep1","Read_1481",0.976876843879507,"Subpopulation_1"
"NGS_H19_LOI_Rep1","Read_1482",0.975069262548918,"Subpopulation_1"
"NGS_H19_LOI_Rep1","Read_1483",0.973923411436718,"Subpopulation_1"
"NGS_H19_LOI_Rep1","Read_1484",0.979339306019944,"Subpopulation_1"
"NGS_H19_LOI_Rep1","Read_1485",0.977306405041246,"Subpopulation_1"
"NGS_H19_LOI_Rep1","Read_1486",0.981702625108747,"Subpopulation_1"
"NGS_H19_LOI_Rep1","Read_1487",0.97816691785451,"Subpopulation_1"
"NGS_H19_LOI_Rep1","Read_1488",0.977877812892138,"Subpopulation_1"
"NGS_H19_LOI_Rep1","Read_1489",0.983253281835939,"Subpopulation_1"
"NGS_H19_LOI_Rep1","Read_1490",0.962465560117768,"Subpopulation_1"
"NGS_H19_LOI_Rep1","Read_1491",0.986006164740621,"Subpopulation_1"
"NGS_H19_LOI_Rep1","Read_1492",0.979454937690545,"Subpopulation_1"
"NGS_H19_LOI_Rep1","Read_1493",0.975559561889023,"Subpopulation_1"
"NGS_H19_LOI_Rep1","Read_1494",0.980109040817121,"Subpopulation_1"
"NGS_H19_LOI_Rep1","Read_1495",0.975491751721827,"Subpopulation_1"
"NGS_H19_LOI_Rep1","Read_1496",0.97248161456623,"Subpopulation_1"
"NGS_H19_LOI_Rep1","Read_1497",0.978260601664023,"Subpopulation_1"
"NGS_H19_LOI_Rep1","Read_1498",0.978521740726863,"Subpopulation_1"
"NGS_H19_LOI_Rep1","Read_1499",0.980700097823369,"Subpopulation_1"
"NGS_H19_LOI_Rep1","Read_1500",0.984567776705906,"Subpopulation_1"
"NGS_H19_LOI_Rep1","Read_1501",0.983707799908162,"Subpopulation_1"
"NGS_H19_LOI_Rep1","Read_1502",0.981205075670758,"Subpopulation_1"
"NGS_H19_LOI_Rep1","Read_1503",0.968872687465934,"Subpopulation_1"
"NGS_H19_LOI_Rep1","Read_1504",0.968769125389712,"Subpopulation_1"
"NGS_H19_LOI_Rep1","Read_1505",0.969449343143495,"Subpopulation_1"
"NGS_H19_LOI_Rep1","Read_1506",0.979057749892165,"Subpopulation_1"
"NGS_H19_LOI_Rep1","Read_1507",0.983976516640536,"Subpopulation_1"
"NGS_H19_LOI_Rep1","Read_1508",0.979126586466371,"Subpopulation_1"
"NGS_H19_LOI_Rep1","Read_1509",0.978460168890289,"Subpopulation_1"
"NGS_H19_LOI_Rep1","Read_1510",0.979372889210371,"Subpopulation_1"
"NGS_H19_LOI_Rep1","Read_1511",0.981342881841473,"Subpopulation_1"
"NGS_H19_LOI_Rep1","Read_1512",0.980885058789815,"Subpopulation_1"
"NGS_H19_LOI_Rep1","Read_1513",0.975065611092529,"Subpopulation_1"
"NGS_H19_LOI_Rep1","Read_1514",0.972924224089084,"Subpopulation_1"
"NGS_H19_LOI_Rep1","Read_1515",0.981652692568275,"Subpopulation_1"
"NGS_H19_LOI_Rep1","Read_1516",0.987768003191021,"Subpopulation_1"
"NGS_H19_LOI_Rep1","Read_1517",0.982716623089637,"Subpopulation_1"
"NGS_H19_LOI_Rep1","Read_1518",0.981038158352119,"Subpopulation_1"
"NGS_H19_LOI_Rep1","Read_1519",0.976595764627744,"Subpopulation_1"
"NGS_H19_LOI_Rep1","Read_1520",0.977091337696694,"Subpopulation_1"
"NGS_H19_LOI_Rep1","Read_1521",0.984340841056152,"Subpopulation_1"
"NGS_H19_LOI_Rep1","Read_1522",0.983560234381085,"Subpopulation_1"
"NGS_H19_LOI_Rep1","Read_1523",0.981319074997777,"Subpopulation_1"
"NGS_H19_LOI_Rep1","Read_1524",0.983720579462302,"Subpopulation_1"
"NGS_H19_LOI_Rep1","Read_1525",0.977172546612551,"Subpopulation_1"
"NGS_H19_LOI_Rep1","Read_1526",0.977527282871533,"Subpopulation_1"
"NGS_H19_LOI_Rep1","Read_1527",0.984641292948188,"Subpopulation_1"
"NGS_H19_LOI_Rep1","Read_1528",0.981840274077934,"Subpopulation_1"
"NGS_H19_LOI_Rep1","Read_1529",0.98974899610791,"Subpopulation_1"
"NGS_H19_LOI_Rep1","Read_1530",0.967586260121595,"Subpopulation_1"
"NGS_H19_LOI_Rep1","Read_1531",0.972401783900286,"Subpopulation_1"
"NGS_H19_LOI_Rep1","Read_1532",0.981079877613111,"Subpopulation_1"
"NGS_H19_LOI_Rep1","Read_1533",0.980432304673567,"Subpopulation_1"
"NGS_H19_LOI_Rep1","Read_1534",0.985141119699133,"Subpopulation_1"
"NGS_H19_LOI_Rep1","Read_1535",0.968911522660347,"Subpopulation_1"
"NGS_H19_LOI_Rep1","Read_1536",0.986682626253215,"Subpopulation_1"
"NGS_H19_LOI_Rep1","Read_1537",0.978313836723878,"Subpopulation_1"
"NGS_H19_LOI_Rep1","Read_1538",0.977089502522568,"Subpopulation_1"
"NGS_H19_LOI_Rep1","Read_1539",0.973056855874734,"Subpopulation_1"
"NGS_H19_LOI_Rep1","Read_1540",0.976847436271096,"Subpopulation_1"
"NGS_H19_LOI_Rep1","Read_1541",0.973505174028476,"Subpopulation_1"
"NGS_H19_LOI_Rep1","Read_1542",0.97888126831595,"Subpopulation_1"
"NGS_H19_LOI_Rep1","Read_1543",0.982959093846066,"Subpopulation_1"
"NGS_H19_LOI_Rep1","Read_1544",0.979758449245975,"Subpopulation_1"
"NGS_H19_LOI_Rep1","Read_1545",0.976375094518341,"Subpopulation_1"
"NGS_H19_LOI_Rep1","Read_1546",0.981822932832904,"Subpopulation_1"
"NGS_H19_LOI_Rep1","Read_1547",0.978278552494489,"Subpopulation_1"
"NGS_H19_LOI_Rep1","Read_1548",0.971891139374617,"Subpopulation_1"
"NGS_H19_LOI_Rep1","Read_1549",0.987705333067151,"Subpopulation_1"
"NGS_H19_LOI_Rep1","Read_1550",0.978154352753383,"Subpopulation_1"
"NGS_H19_LOI_Rep1","Read_1551",0.981965153019522,"Subpopulation_1"
"NGS_H19_LOI_Rep1","Read_1552",0.97333291406053,"Subpopulation_1"
"NGS_H19_LOI_Rep1","Read_1553",0.986923884049148,"Subpopulation_1"
"NGS_H19_LOI_Rep1","Read_1554",0.973490237741791,"Subpopulation_1"
"NGS_H19_LOI_Rep1","Read_1555",0.98789279473052,"Subpopulation_1"
"NGS_H19_LOI_Rep1","Read_1556",0.980093486124795,"Subpopulation_1"
"NGS_H19_LOI_Rep1","Read_1557",0.979615102462737,"Subpopulation_1"
"NGS_H19_LOI_Rep1","Read_1558",0.978895409635336,"Subpopulation_1"
"NGS_H19_LOI_Rep1","Read_1559",0.987624062601866,"Subpopulation_1"
"NGS_H19_LOI_Rep1","Read_1560",0.981017095003126,"Subpopulation_1"
"NGS_H19_LOI_Rep1","Read_1561",0.976729426702339,"Subpopulation_1"
"NGS_H19_LOI_Rep1","Read_1562",0.986880450459859,"Subpopulation_1"
"NGS_H19_LOI_Rep1","Read_1563",0.979469075593351,"Subpopulation_1"
"NGS_H19_LOI_Rep1","Read_1564",0.98111451262325,"Subpopulation_1"
"NGS_H19_LOI_Rep1","Read_1565",0.985098337552001,"Subpopulation_1"
"NGS_H19_LOI_Rep1","Read_1566",0.973782296253542,"Subpopulation_1"
"NGS_H19_LOI_Rep1","Read_1567",0.980225426713197,"Subpopulation_1"
"NGS_H19_LOI_Rep1","Read_1568",0.981000773561156,"Subpopulation_1"
"NGS_H19_LOI_Rep1","Read_1569",0.972908457077841,"Subpopulation_1"
"NGS_H19_LOI_Rep1","Read_1570",0.971074832581757,"Subpopulation_1"
"NGS_H19_LOI_Rep1","Read_1571",0.979617593706717,"Subpopulation_1"
"NGS_H19_LOI_Rep1","Read_1572",0.978343186792135,"Subpopulation_1"
"NGS_H19_LOI_Rep1","Read_1573",0.979540103980657,"Subpopulation_1"
"NGS_H19_LOI_Rep1","Read_1574",0.974197823640054,"Subpopulation_1"
"NGS_H19_LOI_Rep1","Read_1575",0.976923729715083,"Subpopulation_1"
"NGS_H19_LOI_Rep1","Read_1576",0.980872953842136,"Subpopulation_1"
"NGS_H19_LOI_Rep1","Read_1577",0.982769268473717,"Subpopulation_1"
"NGS_H19_LOI_Rep1","Read_1578",0.981942715500065,"Subpopulation_1"
"NGS_H19_LOI_Rep1","Read_1579",0.97035868683684,"Subpopulation_1"
"NGS_H19_LOI_Rep1","Read_1580",0.981796199190608,"Subpopulation_1"
"NGS_H19_LOI_Rep1","Read_1581",0.9687794901441,"Subpopulation_1"
"NGS_H19_LOI_Rep1","Read_1582",0.979832779176074,"Subpopulation_1"
"NGS_H19_LOI_Rep1","Read_1583",0.983424595387675,"Subpopulation_1"
"NGS_H19_LOI_Rep1","Read_1584",0.972770057390215,"Subpopulation_1"
"NGS_H19_LOI_Rep1","Read_1585",0.976146405006724,"Subpopulation_1"
"NGS_H19_LOI_Rep1","Read_1586",0.986346691257031,"Subpopulation_1"
"NGS_H19_LOI_Rep1","Read_1587",0.975432952021589,"Subpopulation_1"
"NGS_H19_LOI_Rep1","Read_1588",0.975276604886944,"Subpopulation_1"
"NGS_H19_LOI_Rep1","Read_1589",0.983530151037892,"Subpopulation_1"
"NGS_H19_LOI_Rep1","Read_1590",0.980841075580968,"Subpopulation_1"
"NGS_H19_LOI_Rep1","Read_1591",0.982213180701081,"Subpopulation_1"
"NGS_H19_LOI_Rep1","Read_1592",0.982411978575043,"Subpopulation_1"
"NGS_H19_LOI_Rep1","Read_1593",0.971903346905782,"Subpopulation_1"
"NGS_H19_LOI_Rep1","Read_1594",0.977564177791878,"Subpopulation_1"
"NGS_H19_LOI_Rep1","Read_1595",0.981253391523035,"Subpopulation_1"
"NGS_H19_LOI_Rep1","Read_1596",0.974179103180734,"Subpopulation_1"
"NGS_H19_LOI_Rep1","Read_1597",0.981366273181158,"Subpopulation_1"
"NGS_H19_LOI_Rep1","Read_1598",0.968365531499812,"Subpopulation_1"
"NGS_H19_LOI_Rep1","Read_1599",0.979486150443203,"Subpopulation_1"
"NGS_H19_LOI_Rep1","Read_1600",0.971648032166713,"Subpopulation_1"
"NGS_H19_LOI_Rep1","Read_1601",0.975176991525943,"Subpopulation_1"
"NGS_H19_LOI_Rep1","Read_1602",0.974507931429578,"Subpopulation_1"
"NGS_H19_LOI_Rep1","Read_1603",0.984197930577866,"Subpopulation_1"
"NGS_H19_LOI_Rep1","Read_1604",0.974866426890664,"Subpopulation_1"
"NGS_H19_LOI_Rep1","Read_1605",0.984049373082757,"Subpopulation_1"
"NGS_H19_LOI_Rep1","Read_1606",0.978085286220476,"Subpopulation_1"
"NGS_H19_LOI_Rep1","Read_1607",0.973337678045948,"Subpopulation_1"
"NGS_H19_LOI_Rep1","Read_1608",0.979795907282788,"Subpopulation_1"
"NGS_H19_LOI_Rep1","Read_1609",0.977487361912928,"Subpopulation_1"
"NGS_H19_LOI_Rep1","Read_1610",0.980674188191778,"Subpopulation_1"
"NGS_H19_LOI_Rep1","Read_1611",0.978214299003676,"Subpopulation_1"
"NGS_H19_LOI_Rep1","Read_1612",0.980356378077175,"Subpopulation_1"
"NGS_H19_LOI_Rep1","Read_1613",0.978537820362777,"Subpopulation_1"
"NGS_H19_LOI_Rep1","Read_1614",0.984030063541809,"Subpopulation_1"
"NGS_H19_LOI_Rep1","Read_1615",0.976199000406691,"Subpopulation_1"
"NGS_H19_LOI_Rep1","Read_1616",0.977100474654534,"Subpopulation_1"
"NGS_H19_LOI_Rep1","Read_1617",0.987106030949933,"Subpopulation_1"
"NGS_H19_LOI_Rep1","Read_1618",0.984694582781602,"Subpopulation_1"
"NGS_H19_LOI_Rep1","Read_1619",0.985506826533309,"Subpopulation_1"
"NGS_H19_LOI_Rep1","Read_1620",0.980860620287595,"Subpopulation_1"
"NGS_H19_LOI_Rep1","Read_1621",0.987929440259215,"Subpopulation_1"
"NGS_H19_LOI_Rep1","Read_1622",0.981949387910034,"Subpopulation_1"
"NGS_H19_LOI_Rep1","Read_1623",0.976195685579864,"Subpopulation_1"
"NGS_H19_LOI_Rep1","Read_1624",0.979805833490379,"Subpopulation_1"
"NGS_H19_LOI_Rep1","Read_1625",0.971512161035713,"Subpopulation_1"
"NGS_H19_LOI_Rep1","Read_1626",0.978746427115285,"Subpopulation_1"
"NGS_H19_LOI_Rep1","Read_1627",0.960469492570312,"Subpopulation_1"
"NGS_H19_LOI_Rep1","Read_1628",0.983322264867878,"Subpopulation_1"
"NGS_H19_LOI_Rep1","Read_1629",0.98356712108012,"Subpopulation_1"
"NGS_H19_LOI_Rep1","Read_1630",0.977248140052877,"Subpopulation_1"
"NGS_H19_LOI_Rep1","Read_1631",0.978119429548289,"Subpopulation_1"
"NGS_H19_LOI_Rep1","Read_1632",0.985244324004723,"Subpopulation_1"
"NGS_H19_LOI_Rep1","Read_1633",0.984432548207795,"Subpopulation_1"
"NGS_H19_LOI_Rep1","Read_1634",0.981530246582753,"Subpopulation_1"
"NGS_H19_LOI_Rep1","Read_1635",0.979045063130443,"Subpopulation_1"
"NGS_H19_LOI_Rep1","Read_1636",0.975009038724507,"Subpopulation_1"
"NGS_H19_LOI_Rep1","Read_1637",0.985287991006333,"Subpopulation_1"
"NGS_H19_LOI_Rep1","Read_1638",0.98256499287908,"Subpopulation_1"
"NGS_H19_LOI_Rep1","Read_1639",0.982951823101177,"Subpopulation_1"
"NGS_H19_LOI_Rep1","Read_1640",0.978305226022108,"Subpopulation_1"
"NGS_H19_LOI_Rep1","Read_1641",0.982772466393532,"Subpopulation_1"
"NGS_H19_LOI_Rep1","Read_1642",0.98368691430268,"Subpopulation_1"
"NGS_H19_LOI_Rep1","Read_1643",0.977014224209246,"Subpopulation_1"
"NGS_H19_LOI_Rep1","Read_1644",0.978015261318168,"Subpopulation_1"
"NGS_H19_LOI_Rep1","Read_1645",0.980501793623608,"Subpopulation_1"
"NGS_H19_LOI_Rep1","Read_1646",0.979139399460702,"Subpopulation_1"
"NGS_H19_LOI_Rep1","Read_1647",0.989286435266502,"Subpopulation_1"
"NGS_H19_LOI_Rep1","Read_1648",0.984806255100579,"Subpopulation_1"
"NGS_H19_LOI_Rep1","Read_1649",0.981480440595702,"Subpopulation_1"
"NGS_H19_LOI_Rep1","Read_1650",0.985431562940341,"Subpopulation_1"
"NGS_H19_LOI_Rep1","Read_1651",0.980669330546608,"Subpopulation_1"
"NGS_H19_LOI_Rep1","Read_1652",0.989731648654974,"Subpopulation_1"
"NGS_H19_LOI_Rep1","Read_1653",0.983205558916754,"Subpopulation_1"
"NGS_H19_LOI_Rep1","Read_1654",0.984513718750141,"Subpopulation_1"
"NGS_H19_LOI_Rep1","Read_1655",0.975736731407844,"Subpopulation_1"
"NGS_H19_LOI_Rep1","Read_1656",0.982545133416863,"Subpopulation_1"
"NGS_H19_LOI_Rep1","Read_1657",0.983198661573984,"Subpopulation_1"
"NGS_H19_LOI_Rep1","Read_1658",0.986100355398456,"Subpopulation_1"
"NGS_H19_LOI_Rep1","Read_1659",0.979479338929833,"Subpopulation_1"
"NGS_H19_LOI_Rep1","Read_1660",0.981529181578313,"Subpopulation_1"
"NGS_H19_LOI_Rep1","Read_1661",0.973476299375212,"Subpopulation_1"
"NGS_H19_LOI_Rep1","Read_1662",0.97562854538161,"Subpopulation_1"
"NGS_H19_LOI_Rep1","Read_1663",0.9793557375955,"Subpopulation_1"
"NGS_H19_LOI_Rep1","Read_1664",0.984065071095908,"Subpopulation_1"
"NGS_H19_LOI_Rep1","Read_1665",0.974758042801975,"Subpopulation_1"
"NGS_H19_LOI_Rep1","Read_1666",0.986900279128214,"Subpopulation_1"
"NGS_H19_LOI_Rep1","Read_1667",0.973356698557514,"Subpopulation_1"
"NGS_H19_LOI_Rep1","Read_1668",0.974897941320358,"Subpopulation_1"
"NGS_H19_LOI_Rep1","Read_1669",0.9810738546932,"Subpopulation_1"
"NGS_H19_LOI_Rep1","Read_1670",0.985677049977477,"Subpopulation_1"
"NGS_H19_LOI_Rep1","Read_1671",0.97978127612507,"Subpopulation_1"
"NGS_H19_LOI_Rep1","Read_1672",0.974575915778651,"Subpopulation_1"
"NGS_H19_LOI_Rep1","Read_1673",0.978628838536852,"Subpopulation_1"
"NGS_H19_LOI_Rep1","Read_1674",0.980048253273638,"Subpopulation_1"
"NGS_H19_LOI_Rep1","Read_1675",0.974359945163042,"Subpopulation_1"
"NGS_H19_LOI_Rep1","Read_1676",0.976924219282474,"Subpopulation_1"
"NGS_H19_LOI_Rep1","Read_1677",0.975318140370443,"Subpopulation_1"
"NGS_H19_LOI_Rep1","Read_1678",0.974964449268181,"Subpopulation_1"
"NGS_H19_LOI_Rep1","Read_1679",0.97990182146899,"Subpopulation_1"
"NGS_H19_LOI_Rep1","Read_1680",0.976666308296046,"Subpopulation_1"
"NGS_H19_LOI_Rep1","Read_1681",0.982080639517907,"Subpopulation_1"
"NGS_H19_LOI_Rep1","Read_1682",0.973056495850046,"Subpopulation_1"
"NGS_H19_LOI_Rep1","Read_1683",0.978543504834018,"Subpopulation_1"
"NGS_H19_LOI_Rep1","Read_1684",0.983012659307724,"Subpopulation_1"
"NGS_H19_LOI_Rep1","Read_1685",0.974312903612922,"Subpopulation_1"
"NGS_H19_LOI_Rep1","Read_1686",0.982799614368079,"Subpopulation_1"
"NGS_H19_LOI_Rep1","Read_1687",0.977450225540273,"Subpopulation_1"
"NGS_H19_LOI_Rep1","Read_1688",0.987185789874852,"Subpopulation_1"
"NGS_H19_LOI_Rep1","Read_1689",0.977021168913333,"Subpopulation_1"
"NGS_H19_LOI_Rep1","Read_1690",0.985167266109477,"Subpopulation_1"
"NGS_H19_LOI_Rep1","Read_1691",0.984928973140521,"Subpopulation_1"
"NGS_H19_LOI_Rep1","Read_1692",0.973503975463485,"Subpopulation_1"
"NGS_H19_LOI_Rep1","Read_1693",0.985070956448465,"Subpopulation_1"
"NGS_H19_LOI_Rep1","Read_1694",0.976567103008787,"Subpopulation_1"
"NGS_H19_LOI_Rep1","Read_1695",0.974420194727003,"Subpopulation_1"
"NGS_H19_LOI_Rep1","Read_1696",0.976661168510217,"Subpopulation_1"
"NGS_H19_LOI_Rep1","Read_1697",0.980529195683219,"Subpopulation_1"
"NGS_H19_LOI_Rep1","Read_1698",0.971887661351978,"Subpopulation_1"
"NGS_H19_LOI_Rep1","Read_1699",0.976615728766351,"Subpopulation_1"
"NGS_H19_LOI_Rep1","Read_1700",0.975833589498922,"Subpopulation_1"
"NGS_H19_LOI_Rep1","Read_1701",0.97299705234722,"Subpopulation_1"
"NGS_H19_LOI_Rep1","Read_1702",0.975761459662958,"Subpopulation_1"
"NGS_H19_LOI_Rep1","Read_1703",0.986865949594869,"Subpopulation_1"
"NGS_H19_LOI_Rep1","Read_1704",0.980940893099993,"Subpopulation_1"
"NGS_H19_LOI_Rep1","Read_1705",0.979187633035327,"Subpopulation_1"
"NGS_H19_LOI_Rep1","Read_1706",0.975085291129079,"Subpopulation_1"
"NGS_H19_LOI_Rep1","Read_1707",0.974439341321224,"Subpopulation_1"
"NGS_H19_LOI_Rep1","Read_1708",0.976174455915931,"Subpopulation_1"
"NGS_H19_LOI_Rep1","Read_1709",0.981933545911423,"Subpopulation_1"
"NGS_H19_LOI_Rep1","Read_1710",0.978614355340435,"Subpopulation_1"
"NGS_H19_LOI_Rep1","Read_1711",0.979747189004272,"Subpopulation_1"
"NGS_H19_LOI_Rep1","Read_1712",0.98415199633995,"Subpopulation_1"
"NGS_H19_LOI_Rep1","Read_1713",0.984028498213736,"Subpopulation_1"
"NGS_H19_LOI_Rep1","Read_1714",0.978490287509626,"Subpopulation_1"
"NGS_H19_LOI_Rep1","Read_1715",0.972511060104003,"Subpopulation_1"
"NGS_H19_LOI_Rep1","Read_1716",0.983900828153547,"Subpopulation_1"
"NGS_H19_LOI_Rep1","Read_1717",0.982185211332188,"Subpopulation_1"
"NGS_H19_LOI_Rep1","Read_1718",0.980315042312521,"Subpopulation_1"
"NGS_H19_LOI_Rep1","Read_1719",0.983329169915744,"Subpopulation_1"
"NGS_H19_LOI_Rep1","Read_1720",0.982339090603427,"Subpopulation_1"
"NGS_H19_LOI_Rep1","Read_1721",0.979094854877302,"Subpopulation_1"
"NGS_H19_LOI_Rep1","Read_1722",0.973166468602636,"Subpopulation_1"
"NGS_H19_LOI_Rep1","Read_1723",0.972356240282776,"Subpopulation_1"
"NGS_H19_LOI_Rep1","Read_1724",0.98044630396888,"Subpopulation_1"
"NGS_H19_LOI_Rep1","Read_1725",0.97338273880337,"Subpopulation_1"
"NGS_H19_LOI_Rep1","Read_1726",0.985238262868111,"Subpopulation_1"
"NGS_H19_LOI_Rep1","Read_1727",0.978688018751166,"Subpopulation_1"
"NGS_H19_LOI_Rep1","Read_1728",0.981397808636107,"Subpopulation_1"
"NGS_H19_LOI_Rep1","Read_1729",0.987256718351751,"Subpopulation_1"
"NGS_H19_LOI_Rep1","Read_1730",0.987391903216389,"Subpopulation_1"
"NGS_H19_LOI_Rep1","Read_1731",0.980254742646315,"Subpopulation_1"
"NGS_H19_LOI_Rep1","Read_1732",0.979535224010425,"Subpopulation_1"
"NGS_H19_LOI_Rep1","Read_1733",0.986158291628834,"Subpopulation_1"
"NGS_H19_LOI_Rep1","Read_1734",0.977278106485192,"Subpopulation_1"
"NGS_H19_LOI_Rep1","Read_1735",0.98380011090699,"Subpopulation_1"
"NGS_H19_LOI_Rep1","Read_1736",0.978464978259415,"Subpopulation_1"
"NGS_H19_LOI_Rep1","Read_1737",0.976455656758804,"Subpopulation_1"
"NGS_H19_LOI_Rep1","Read_1738",0.980207630991951,"Subpopulation_1"
"NGS_H19_LOI_Rep1","Read_1739",0.985023473192898,"Subpopulation_1"
"NGS_H19_LOI_Rep1","Read_1740",0.985642475376346,"Subpopulation_1"
"NGS_H19_LOI_Rep1","Read_1741",0.981340746293068,"Subpopulation_1"
"NGS_H19_LOI_Rep1","Read_1742",0.981197742312661,"Subpopulation_1"
"NGS_H19_LOI_Rep1","Read_1743",0.97751193667137,"Subpopulation_1"
"NGS_H19_LOI_Rep1","Read_1744",0.980096226615311,"Subpopulation_1"
"NGS_H19_LOI_Rep1","Read_1745",0.98467422897069,"Subpopulation_1"
"NGS_H19_LOI_Rep1","Read_1746",0.98198774866646,"Subpopulation_1"
"NGS_H19_LOI_Rep1","Read_1747",0.979114580683222,"Subpopulation_1"
"NGS_H19_LOI_Rep1","Read_1748",0.980855585361548,"Subpopulation_1"
"NGS_H19_LOI_Rep1","Read_1749",0.978502464000032,"Subpopulation_1"
"NGS_H19_LOI_Rep1","Read_1750",0.982758314122412,"Subpopulation_1"
"NGS_H19_LOI_Rep1","Read_1751",0.985692186582826,"Subpopulation_1"
"NGS_H19_LOI_Rep1","Read_1752",0.978943573808527,"Subpopulation_1"
"NGS_H19_LOI_Rep1","Read_1753",0.9769643470524,"Subpopulation_1"
"NGS_H19_LOI_Rep1","Read_1754",0.979367107114043,"Subpopulation_1"
"NGS_H19_LOI_Rep1","Read_1755",0.973135434804497,"Subpopulation_1"
"NGS_H19_LOI_Rep1","Read_1756",0.977432931658625,"Subpopulation_1"
"NGS_H19_LOI_Rep1","Read_1757",0.984030843654303,"Subpopulation_1"
"NGS_H19_LOI_Rep1","Read_1758",0.983601483794471,"Subpopulation_1"
"NGS_H19_LOI_Rep1","Read_1759",0.97364195525425,"Subpopulation_1"
"NGS_H19_LOI_Rep1","Read_1760",0.98040960827478,"Subpopulation_1"
"NGS_H19_LOI_Rep1","Read_1761",0.988853776790838,"Subpopulation_1"
"NGS_H19_LOI_Rep1","Read_1762",0.976195687618456,"Subpopulation_1"
"NGS_H19_LOI_Rep1","Read_1763",0.980369784229306,"Subpopulation_1"
"NGS_H19_LOI_Rep1","Read_1764",0.984806899105739,"Subpopulation_1"
"NGS_H19_LOI_Rep1","Read_1765",0.97942814459413,"Subpopulation_1"
"NGS_H19_LOI_Rep1","Read_1766",0.984395418390025,"Subpopulation_1"
"NGS_H19_LOI_Rep1","Read_1767",0.978747250149084,"Subpopulation_1"
"NGS_H19_LOI_Rep1","Read_1768",0.979303851055119,"Subpopulation_1"
"NGS_H19_LOI_Rep1","Read_1769",0.969587793473511,"Subpopulation_1"
"NGS_H19_LOI_Rep1","Read_1770",0.980433920841854,"Subpopulation_1"
"NGS_H19_LOI_Rep1","Read_1771",0.972783641059797,"Subpopulation_1"
"NGS_H19_LOI_Rep1","Read_1772",0.978808550321342,"Subpopulation_1"
"NGS_H19_LOI_Rep1","Read_1773",0.978169562981287,"Subpopulation_1"
"NGS_H19_LOI_Rep1","Read_1774",0.974722444554786,"Subpopulation_1"
"NGS_H19_LOI_Rep1","Read_1775",0.980622104096551,"Subpopulation_1"
"NGS_H19_LOI_Rep1","Read_1776",0.981545603379523,"Subpopulation_1"
"NGS_H19_LOI_Rep1","Read_1777",0.977214671135744,"Subpopulation_1"
"NGS_H19_LOI_Rep1","Read_1778",0.980624654244223,"Subpopulation_1"
"NGS_H19_LOI_Rep1","Read_1779",0.985025595396681,"Subpopulation_1"
"NGS_H19_LOI_Rep1","Read_1780",0.976505630153016,"Subpopulation_1"
"NGS_H19_LOI_Rep1","Read_1781",0.987846122251559,"Subpopulation_1"
"NGS_H19_LOI_Rep1","Read_1782",0.978005496205443,"Subpopulation_1"
"NGS_H19_LOI_Rep1","Read_1783",0.985698827791106,"Subpopulation_1"
"NGS_H19_LOI_Rep1","Read_1784",0.981694564466919,"Subpopulation_1"
"NGS_H19_LOI_Rep1","Read_1785",0.978290687764135,"Subpopulation_1"
"NGS_H19_LOI_Rep1","Read_1786",0.97545748533397,"Subpopulation_1"
"NGS_H19_LOI_Rep1","Read_1787",0.974766328571915,"Subpopulation_1"
"NGS_H19_LOI_Rep1","Read_1788",0.990150706516691,"Subpopulation_1"
"NGS_H19_LOI_Rep1","Read_1789",0.979892319623618,"Subpopulation_1"
"NGS_H19_LOI_Rep1","Read_1790",0.981812142193274,"Subpopulation_1"
"NGS_H19_LOI_Rep1","Read_1791",0.986150594980729,"Subpopulation_1"
"NGS_H19_LOI_Rep1","Read_1792",0.980393652928045,"Subpopulation_1"
"NGS_H19_LOI_Rep1","Read_1793",0.983102109642256,"Subpopulation_1"
"NGS_H19_LOI_Rep1","Read_1794",0.984516033191783,"Subpopulation_1"
"NGS_H19_LOI_Rep1","Read_1795",0.982081885713983,"Subpopulation_1"
"NGS_H19_LOI_Rep1","Read_1796",0.981946144180427,"Subpopulation_1"
"NGS_H19_LOI_Rep1","Read_1797",0.985229924742222,"Subpopulation_1"
"NGS_H19_LOI_Rep1","Read_1798",0.972927157005324,"Subpopulation_1"
"NGS_H19_LOI_Rep1","Read_1799",0.970005860670034,"Subpopulation_1"
"NGS_H19_LOI_Rep1","Read_1800",0.97974481346103,"Subpopulation_1"
"NGS_H19_LOI_Rep1","Read_1801",0.979275286969167,"Subpopulation_1"
"NGS_H19_LOI_Rep1","Read_1802",0.98617517038237,"Subpopulation_1"
"NGS_H19_LOI_Rep1","Read_1803",0.976665788403527,"Subpopulation_1"
"NGS_H19_LOI_Rep1","Read_1804",0.976834559112912,"Subpopulation_1"
"NGS_H19_LOI_Rep1","Read_1805",0.985225741114618,"Subpopulation_1"
"NGS_H19_LOI_Rep1","Read_1806",0.979635024652378,"Subpopulation_1"
"NGS_H19_LOI_Rep1","Read_1807",0.983893618413208,"Subpopulation_1"
"NGS_H19_LOI_Rep1","Read_1808",0.981739219384511,"Subpopulation_1"
"NGS_H19_LOI_Rep1","Read_1809",0.97239600266469,"Subpopulation_1"
"NGS_H19_LOI_Rep1","Read_1810",0.979355632923048,"Subpopulation_1"
"NGS_H19_LOI_Rep1","Read_1811",0.985031513767061,"Subpopulation_1"
"NGS_H19_LOI_Rep1","Read_1812",0.975384414124779,"Subpopulation_1"
"NGS_H19_LOI_Rep1","Read_1813",0.975409027709821,"Subpopulation_1"
"NGS_H19_LOI_Rep1","Read_1814",0.980900083772389,"Subpopulation_1"
"NGS_H19_LOI_Rep1","Read_1815",0.981656808434254,"Subpopulation_1"
"NGS_H19_LOI_Rep1","Read_1816",0.980898618420215,"Subpopulation_1"
"NGS_H19_LOI_Rep1","Read_1817",0.983568874694725,"Subpopulation_1"
"NGS_H19_LOI_Rep1","Read_1818",0.979879645004845,"Subpopulation_1"
"NGS_H19_LOI_Rep1","Read_1819",0.985174903918919,"Subpopulation_1"
"NGS_H19_LOI_Rep1","Read_1820",0.984588353157808,"Subpopulation_1"
"NGS_H19_LOI_Rep1","Read_1821",0.988808990170648,"Subpopulation_1"
"NGS_H19_LOI_Rep1","Read_1822",0.984030209330202,"Subpopulation_1"
"NGS_H19_LOI_Rep1","Read_1823",0.981283736644611,"Subpopulation_1"
"NGS_H19_LOI_Rep1","Read_1824",0.980979342293614,"Subpopulation_1"
"NGS_H19_LOI_Rep1","Read_1825",0.983971622040126,"Subpopulation_1"
"NGS_H19_LOI_Rep1","Read_1826",0.986949879732017,"Subpopulation_1"
"NGS_H19_LOI_Rep1","Read_1827",0.972591758176342,"Subpopulation_1"
"NGS_H19_LOI_Rep1","Read_1828",0.973086562084663,"Subpopulation_1"
"NGS_H19_LOI_Rep1","Read_1829",0.987968686540068,"Subpopulation_1"
"NGS_H19_LOI_Rep1","Read_1830",0.981076922564854,"Subpopulation_1"
"NGS_H19_LOI_Rep1","Read_1831",0.977783755220721,"Subpopulation_1"
"NGS_H19_LOI_Rep1","Read_1832",0.981957613901777,"Subpopulation_1"
"NGS_H19_LOI_Rep1","Read_1833",0.980088301682566,"Subpopulation_1"
"NGS_H19_LOI_Rep1","Read_1834",0.973691955407656,"Subpopulation_1"
"NGS_H19_LOI_Rep1","Read_1835",0.981565711038551,"Subpopulation_1"
"NGS_H19_LOI_Rep1","Read_1836",0.984315449714666,"Subpopulation_1"
"NGS_H19_LOI_Rep1","Read_1837",0.980101530839825,"Subpopulation_1"
"NGS_H19_LOI_Rep1","Read_1838",0.983206871848857,"Subpopulation_1"
"NGS_H19_LOI_Rep1","Read_1839",0.976523071393693,"Subpopulation_1"
"NGS_H19_LOI_Rep1","Read_1840",0.982858701717044,"Subpopulation_1"
"NGS_H19_LOI_Rep1","Read_1841",0.975515096560591,"Subpopulation_1"
"NGS_H19_LOI_Rep1","Read_1842",0.984713324346927,"Subpopulation_1"
"NGS_H19_LOI_Rep1","Read_1843",0.979986803884984,"Subpopulation_1"
"NGS_H19_LOI_Rep1","Read_1844",0.985897743021667,"Subpopulation_1"
"NGS_H19_LOI_Rep1","Read_1845",0.977433492247649,"Subpopulation_1"
"NGS_H19_LOI_Rep1","Read_1846",0.976456533933869,"Subpopulation_1"
"NGS_H19_LOI_Rep1","Read_1847",0.985056436394594,"Subpopulation_1"
"NGS_H19_LOI_Rep1","Read_1848",0.979199864591209,"Subpopulation_1"
"NGS_H19_LOI_Rep1","Read_1849",0.977022768759577,"Subpopulation_1"
"NGS_H19_LOI_Rep1","Read_1850",0.985863619764665,"Subpopulation_1"
"NGS_H19_LOI_Rep1","Read_1851",0.984209284533815,"Subpopulation_1"
"NGS_H19_LOI_Rep1","Read_1852",0.978120423477718,"Subpopulation_1"
"NGS_H19_LOI_Rep1","Read_1853",0.976711716130802,"Subpopulation_1"
"NGS_H19_LOI_Rep1","Read_1854",0.983127884057957,"Subpopulation_1"
"NGS_H19_LOI_Rep1","Read_1855",0.971720248865048,"Subpopulation_1"
"NGS_H19_LOI_Rep1","Read_1856",0.976537266590481,"Subpopulation_1"
"NGS_H19_LOI_Rep1","Read_1857",0.976957094120322,"Subpopulation_1"
"NGS_H19_LOI_Rep1","Read_1858",0.980218228071157,"Subpopulation_1"
"NGS_H19_LOI_Rep1","Read_1859",0.972500723225,"Subpopulation_1"
"NGS_H19_LOI_Rep1","Read_1860",0.983299649185591,"Subpopulation_1"
"NGS_H19_LOI_Rep1","Read_1861",0.971991899760288,"Subpopulation_1"
"NGS_H19_LOI_Rep1","Read_1862",0.972203708046754,"Subpopulation_1"
"NGS_H19_LOI_Rep1","Read_1863",0.982787758352428,"Subpopulation_1"
"NGS_H19_LOI_Rep1","Read_1864",0.97673232413653,"Subpopulation_1"
"NGS_H19_LOI_Rep1","Read_1865",0.978734911914972,"Subpopulation_1"
"NGS_H19_LOI_Rep1","Read_1866",0.984050960377036,"Subpopulation_1"
"NGS_H19_LOI_Rep1","Read_1867",0.983709370320319,"Subpopulation_1"
"NGS_H19_LOI_Rep1","Read_1868",0.977857220187088,"Subpopulation_1"
"NGS_H19_LOI_Rep1","Read_1869",0.978277136878226,"Subpopulation_1"
"NGS_H19_LOI_Rep1","Read_1870",0.978799560796531,"Subpopulation_1"
"NGS_H19_LOI_Rep1","Read_1871",0.97944754614915,"Subpopulation_1"
"NGS_H19_LOI_Rep1","Read_1872",0.971609596951545,"Subpopulation_1"
"NGS_H19_LOI_Rep1","Read_1873",0.977732073744818,"Subpopulation_1"
"NGS_H19_LOI_Rep1","Read_1874",0.989063989601094,"Subpopulation_1"
"NGS_H19_LOI_Rep1","Read_1875",0.984057945175147,"Subpopulation_1"
"NGS_H19_LOI_Rep1","Read_1876",0.980001914757858,"Subpopulation_1"
"NGS_H19_LOI_Rep1","Read_1877",0.976932141416221,"Subpopulation_1"
"NGS_H19_LOI_Rep1","Read_1878",0.980336710571932,"Subpopulation_1"
"NGS_H19_LOI_Rep1","Read_1879",0.975047664681851,"Subpopulation_1"
"NGS_H19_LOI_Rep1","Read_1880",0.981660001620298,"Subpopulation_1"
"NGS_H19_LOI_Rep1","Read_1881",0.978279989948132,"Subpopulation_1"
"NGS_H19_LOI_Rep1","Read_1882",0.985446033008566,"Subpopulation_1"
"NGS_H19_LOI_Rep1","Read_1883",0.981510229504826,"Subpopulation_1"
"NGS_H19_LOI_Rep1","Read_1884",0.982024080781656,"Subpopulation_1"
"NGS_H19_LOI_Rep1","Read_1885",0.981617605826106,"Subpopulation_1"
"NGS_H19_LOI_Rep1","Read_1886",0.980900488087416,"Subpopulation_1"
"NGS_H19_LOI_Rep1","Read_1887",0.987454234345356,"Subpopulation_1"
"NGS_H19_LOI_Rep1","Read_1888",0.974551246797698,"Subpopulation_1"
"NGS_H19_LOI_Rep1","Read_1889",0.972893677762382,"Subpopulation_1"
"NGS_H19_LOI_Rep1","Read_1890",0.977038972346346,"Subpopulation_1"
"NGS_H19_LOI_Rep1","Read_1891",0.974933947504423,"Subpopulation_1"
"NGS_H19_LOI_Rep1","Read_1892",0.98426383413154,"Subpopulation_1"
"NGS_H19_LOI_Rep1","Read_1893",0.982549975989479,"Subpopulation_1"
"NGS_H19_LOI_Rep1","Read_1894",0.978109344787925,"Subpopulation_1"
"NGS_H19_LOI_Rep1","Read_1895",0.980872936224115,"Subpopulation_1"
"NGS_H19_LOI_Rep1","Read_1896",0.984763413408826,"Subpopulation_1"
"NGS_H19_LOI_Rep1","Read_1897",0.986758021883748,"Subpopulation_1"
"NGS_H19_LOI_Rep1","Read_1898",0.980491829761889,"Subpopulation_1"
"NGS_H19_LOI_Rep1","Read_1899",0.978565472559834,"Subpopulation_1"
"NGS_H19_LOI_Rep1","Read_1900",0.97255503869302,"Subpopulation_1"
"NGS_H19_LOI_Rep1","Read_1901",0.970753283693109,"Subpopulation_1"
"NGS_H19_LOI_Rep1","Read_1902",0.983544117614291,"Subpopulation_1"
"NGS_H19_LOI_Rep1","Read_1903",0.985962918383513,"Subpopulation_1"
"NGS_H19_LOI_Rep1","Read_1904",0.969945361903609,"Subpopulation_1"
"NGS_H19_LOI_Rep1","Read_1905",0.988378452465985,"Subpopulation_1"
"NGS_H19_LOI_Rep1","Read_1906",0.976541067498395,"Subpopulation_1"
"NGS_H19_LOI_Rep1","Read_1907",0.981665630609825,"Subpopulation_1"
"NGS_H19_LOI_Rep1","Read_1908",0.981638519433707,"Subpopulation_1"
"NGS_H19_LOI_Rep1","Read_1909",0.97827578221281,"Subpopulation_1"
"NGS_H19_LOI_Rep1","Read_1910",0.973728734040215,"Subpopulation_1"
"NGS_H19_LOI_Rep1","Read_1911",0.979952838480984,"Subpopulation_1"
"NGS_H19_LOI_Rep1","Read_1912",0.978294989398455,"Subpopulation_1"
"NGS_H19_LOI_Rep1","Read_1913",0.975703343293451,"Subpopulation_1"
"NGS_H19_LOI_Rep1","Read_1914",0.976766242960537,"Subpopulation_1"
"NGS_H19_LOI_Rep1","Read_1915",0.982169669505844,"Subpopulation_1"
"NGS_H19_LOI_Rep1","Read_1916",0.981442332428117,"Subpopulation_1"
"NGS_H19_LOI_Rep1","Read_1917",0.989899635315003,"Subpopulation_1"
"NGS_H19_LOI_Rep1","Read_1918",0.985382945829681,"Subpopulation_1"
"NGS_H19_LOI_Rep1","Read_1919",0.976083388540886,"Subpopulation_1"
"NGS_H19_LOI_Rep1","Read_1920",0.981917241707292,"Subpopulation_1"
"NGS_H19_LOI_Rep1","Read_1921",0.988119641874818,"Subpopulation_1"
"NGS_H19_LOI_Rep1","Read_1922",0.978877793535256,"Subpopulation_1"
"NGS_H19_LOI_Rep1","Read_1923",0.978526001416775,"Subpopulation_1"
"NGS_H19_LOI_Rep1","Read_1924",0.980409594500245,"Subpopulation_1"
"NGS_H19_LOI_Rep1","Read_1925",0.972359983864706,"Subpopulation_1"
"NGS_H19_LOI_Rep1","Read_1926",0.980273660209735,"Subpopulation_1"
"NGS_H19_LOI_Rep1","Read_1927",0.977362428129725,"Subpopulation_1"
"NGS_H19_LOI_Rep1","Read_1928",0.974663915570015,"Subpopulation_1"
"NGS_H19_LOI_Rep1","Read_1929",0.984945151058645,"Subpopulation_1"
"NGS_H19_LOI_Rep1","Read_1930",0.97611974224414,"Subpopulation_1"
"NGS_H19_LOI_Rep1","Read_1931",0.981343696613715,"Subpopulation_1"
"NGS_H19_LOI_Rep1","Read_1932",0.986206859269554,"Subpopulation_1"
"NGS_H19_LOI_Rep1","Read_1933",0.984055941562334,"Subpopulation_1"
"NGS_H19_LOI_Rep1","Read_1934",0.975776401440409,"Subpopulation_1"
"NGS_H19_LOI_Rep1","Read_1935",0.979122865941724,"Subpopulation_1"
"NGS_H19_LOI_Rep1","Read_1936",0.984547468618571,"Subpopulation_1"
"NGS_H19_LOI_Rep1","Read_1937",0.97699565878579,"Subpopulation_1"
"NGS_H19_LOI_Rep1","Read_1938",0.977820768876611,"Subpopulation_1"
"NGS_H19_LOI_Rep1","Read_1939",0.976655262520965,"Subpopulation_1"
"NGS_H19_LOI_Rep1","Read_1940",0.980724769505617,"Subpopulation_1"
"NGS_H19_LOI_Rep1","Read_1941",0.981050250062165,"Subpopulation_1"
"NGS_H19_LOI_Rep1","Read_1942",0.981469528530336,"Subpopulation_1"
"NGS_H19_LOI_Rep1","Read_1943",0.98074778228948,"Subpopulation_1"
"NGS_H19_LOI_Rep1","Read_1944",0.979848988614217,"Subpopulation_1"
"NGS_H19_LOI_Rep1","Read_1945",0.980408744450337,"Subpopulation_1"
"NGS_H19_LOI_Rep1","Read_1946",0.96907807525226,"Subpopulation_1"
"NGS_H19_LOI_Rep1","Read_1947",0.977930157697488,"Subpopulation_1"
"NGS_H19_LOI_Rep1","Read_1948",0.97452603197232,"Subpopulation_1"
"NGS_H19_LOI_Rep1","Read_1949",0.97263370006259,"Subpopulation_1"
"NGS_H19_LOI_Rep1","Read_1950",0.991504816705696,"Subpopulation_1"
"NGS_H19_LOI_Rep1","Read_1951",0.988268707662237,"Subpopulation_1"
"NGS_H19_LOI_Rep1","Read_1952",0.982236773704207,"Subpopulation_1"
"NGS_H19_LOI_Rep1","Read_1953",0.976429370320412,"Subpopulation_1"
"NGS_H19_LOI_Rep1","Read_1954",0.982361263043112,"Subpopulation_1"
"NGS_H19_LOI_Rep1","Read_1955",0.98443186584228,"Subpopulation_1"
"NGS_H19_LOI_Rep1","Read_1956",0.976312814812986,"Subpopulation_1"
"NGS_H19_LOI_Rep1","Read_1957",0.984895710658572,"Subpopulation_1"
"NGS_H19_LOI_Rep1","Read_1958",0.979272513017341,"Subpopulation_1"
"NGS_H19_LOI_Rep1","Read_1959",0.977110823205938,"Subpopulation_1"
"NGS_H19_LOI_Rep1","Read_1960",0.981275208371103,"Subpopulation_1"
"NGS_H19_LOI_Rep1","Read_1961",0.976123428169489,"Subpopulation_1"
"NGS_H19_LOI_Rep1","Read_1962",0.978182396064831,"Subpopulation_1"
"NGS_H19_LOI_Rep1","Read_1963",0.989457011310892,"Subpopulation_1"
"NGS_H19_LOI_Rep1","Read_1964",0.979184245842822,"Subpopulation_1"
"NGS_H19_LOI_Rep1","Read_1965",0.985787322401091,"Subpopulation_1"
"NGS_H19_LOI_Rep1","Read_1966",0.977859864755309,"Subpopulation_1"
"NGS_H19_LOI_Rep1","Read_1967",0.982143490440044,"Subpopulation_1"
"NGS_H19_LOI_Rep1","Read_1968",0.976970962017991,"Subpopulation_1"
"NGS_H19_LOI_Rep1","Read_1969",0.980620777417752,"Subpopulation_1"
"NGS_H19_LOI_Rep1","Read_1970",0.984069286777493,"Subpopulation_1"
"NGS_H19_LOI_Rep1","Read_1971",0.976204421022477,"Subpopulation_1"
"NGS_H19_LOI_Rep1","Read_1972",0.976289392208906,"Subpopulation_1"
"NGS_H19_LOI_Rep1","Read_1973",0.980771669625629,"Subpopulation_1"
"NGS_H19_LOI_Rep1","Read_1974",0.971432120619971,"Subpopulation_1"
"NGS_H19_LOI_Rep1","Read_1975",0.982512930125418,"Subpopulation_1"
"NGS_H19_LOI_Rep1","Read_1976",0.982201069848042,"Subpopulation_1"
"NGS_H19_LOI_Rep1","Read_1977",0.978069555811522,"Subpopulation_1"
"NGS_H19_LOI_Rep1","Read_1978",0.984285697602693,"Subpopulation_1"
"NGS_H19_LOI_Rep1","Read_1979",0.984556728332693,"Subpopulation_1"
"NGS_H19_LOI_Rep1","Read_1980",0.978081248851872,"Subpopulation_1"
"NGS_H19_LOI_Rep1","Read_1981",0.978085308861078,"Subpopulation_1"
"NGS_H19_LOI_Rep1","Read_1982",0.977226891834161,"Subpopulation_1"
"NGS_H19_LOI_Rep1","Read_1983",0.974275847000623,"Subpopulation_1"
"NGS_H19_LOI_Rep1","Read_1984",0.976226415758253,"Subpopulation_1"
"NGS_H19_LOI_Rep1","Read_1985",0.980380599892521,"Subpopulation_1"
"NGS_H19_LOI_Rep1","Read_1986",0.976525645879711,"Subpopulation_1"
"NGS_H19_LOI_Rep1","Read_1987",0.988172708870294,"Subpopulation_1"
"NGS_H19_LOI_Rep1","Read_1988",0.982815534893958,"Subpopulation_1"
"NGS_H19_LOI_Rep1","Read_1989",0.979512747444284,"Subpopulation_1"
"NGS_H19_LOI_Rep1","Read_1990",0.973188498031884,"Subpopulation_1"
"NGS_H19_LOI_Rep1","Read_1991",0.973456000626631,"Subpopulation_1"
"NGS_H19_LOI_Rep1","Read_1992",0.978844961783197,"Subpopulation_1"
"NGS_H19_LOI_Rep1","Read_1993",0.979611392820082,"Subpopulation_1"
"NGS_H19_LOI_Rep1","Read_1994",0.986916623473022,"Subpopulation_1"
"NGS_H19_LOI_Rep1","Read_1995",0.97837692279621,"Subpopulation_1"
"NGS_H19_LOI_Rep1","Read_1996",0.986446016496184,"Subpopulation_1"
"NGS_H19_LOI_Rep1","Read_1997",0.982538543772687,"Subpopulation_1"
"NGS_H19_LOI_Rep1","Read_1998",0.978653992583354,"Subpopulation_1"
"NGS_H19_LOI_Rep1","Read_1999",0.983510487895568,"Subpopulation_1"
"NGS_H19_LOI_Rep1","Read_2000",0.984507739879324,"Subpopulation_1"
"NGS_H19_LOI_Rep1","Read_2001",0.985035980285034,"Subpopulation_1"
"NGS_H19_LOI_Rep1","Read_2002",0.976299524497633,"Subpopulation_1"
"NGS_H19_LOI_Rep1","Read_2003",0.980614829253654,"Subpopulation_1"
"NGS_H19_LOI_Rep1","Read_2004",0.97472809754586,"Subpopulation_1"
"NGS_H19_LOI_Rep1","Read_2005",0.981556047379948,"Subpopulation_1"
"NGS_H19_LOI_Rep1","Read_2006",0.979456054371394,"Subpopulation_1"
"NGS_H19_LOI_Rep1","Read_2007",0.975604303473228,"Subpopulation_1"
"NGS_H19_LOI_Rep1","Read_2008",0.968418480969652,"Subpopulation_1"
"NGS_H19_LOI_Rep1","Read_2009",0.980814298313525,"Subpopulation_1"
"NGS_H19_LOI_Rep1","Read_2010",0.980918733999991,"Subpopulation_1"
"NGS_H19_LOI_Rep1","Read_2011",0.984433870302734,"Subpopulation_1"
"NGS_H19_LOI_Rep1","Read_2012",0.980519040346561,"Subpopulation_1"
"NGS_H19_LOI_Rep1","Read_2013",0.976124259331414,"Subpopulation_1"
"NGS_H19_LOI_Rep1","Read_2014",0.979269826006345,"Subpopulation_1"
"NGS_H19_LOI_Rep1","Read_2015",0.979272222957914,"Subpopulation_1"
"NGS_H19_LOI_Rep1","Read_2016",0.974603362720656,"Subpopulation_1"
"NGS_H19_LOI_Rep1","Read_2017",0.975260207133781,"Subpopulation_1"
"NGS_H19_LOI_Rep1","Read_2018",0.981058833027493,"Subpopulation_1"
"NGS_H19_LOI_Rep1","Read_2019",0.979578225441925,"Subpopulation_1"
"NGS_H19_LOI_Rep1","Read_2020",0.988650949774608,"Subpopulation_1"
"NGS_H19_LOI_Rep1","Read_2021",0.983623347130799,"Subpopulation_1"
"NGS_H19_LOI_Rep1","Read_2022",0.973405691347332,"Subpopulation_1"
"NGS_H19_LOI_Rep1","Read_2023",0.981199908831142,"Subpopulation_1"
"NGS_H19_LOI_Rep1","Read_2024",0.974494812232524,"Subpopulation_1"
"NGS_H19_LOI_Rep1","Read_2025",0.982112254465373,"Subpopulation_1"
"NGS_H19_LOI_Rep1","Read_2026",0.983444035019923,"Subpopulation_1"
"NGS_H19_LOI_Rep1","Read_2027",0.975130973159284,"Subpopulation_1"
"NGS_H19_LOI_Rep1","Read_2028",0.980179577116357,"Subpopulation_1"
"NGS_H19_LOI_Rep1","Read_2029",0.98299172293938,"Subpopulation_1"
"NGS_H19_LOI_Rep1","Read_2030",0.974448351571624,"Subpopulation_1"
"NGS_H19_LOI_Rep1","Read_2031",0.985274605294584,"Subpopulation_1"
"NGS_H19_LOI_Rep1","Read_2032",0.97569245640687,"Subpopulation_1"
"NGS_H19_LOI_Rep1","Read_2033",0.980021518990691,"Subpopulation_1"
"NGS_H19_LOI_Rep1","Read_2034",0.981806089810122,"Subpopulation_1"
"NGS_H19_LOI_Rep1","Read_2035",0.978800391408584,"Subpopulation_1"
"NGS_H19_LOI_Rep1","Read_2036",0.984500651850692,"Subpopulation_1"
"NGS_H19_LOI_Rep1","Read_2037",0.983402133441534,"Subpopulation_1"
"NGS_H19_LOI_Rep1","Read_2038",0.982574627713992,"Subpopulation_1"
"NGS_H19_LOI_Rep1","Read_2039",0.978827766191486,"Subpopulation_1"
"NGS_H19_LOI_Rep1","Read_2040",0.985828551431365,"Subpopulation_1"
"NGS_H19_LOI_Rep1","Read_2041",0.987827550319593,"Subpopulation_1"
"NGS_H19_LOI_Rep1","Read_2042",0.973226101994376,"Subpopulation_1"
"NGS_H19_LOI_Rep1","Read_2043",0.983811374457,"Subpopulation_1"
"NGS_H19_LOI_Rep1","Read_2044",0.980484475827506,"Subpopulation_1"
"NGS_H19_LOI_Rep1","Read_2045",0.982485816440911,"Subpopulation_1"
"NGS_H19_LOI_Rep1","Read_2046",0.979334610002373,"Subpopulation_1"
"NGS_H19_LOI_Rep1","Read_2047",0.979327072302274,"Subpopulation_1"
"NGS_H19_LOI_Rep1","Read_2048",0.985242806225354,"Subpopulation_1"
"NGS_H19_LOI_Rep1","Read_2049",0.982652113654292,"Subpopulation_1"
"NGS_H19_LOI_Rep1","Read_2050",0.978377860456066,"Subpopulation_1"
"NGS_H19_LOI_Rep1","Read_2051",0.980500461579488,"Subpopulation_1"
"NGS_H19_LOI_Rep1","Read_2052",0.972706114984887,"Subpopulation_1"
"NGS_H19_LOI_Rep1","Read_2053",0.976849151506227,"Subpopulation_1"
"NGS_H19_LOI_Rep1","Read_2054",0.986434613069717,"Subpopulation_1"
"NGS_H19_LOI_Rep1","Read_2055",0.983979771124062,"Subpopulation_1"
"NGS_H19_LOI_Rep1","Read_2056",0.987216025005265,"Subpopulation_1"
"NGS_H19_LOI_Rep1","Read_2057",0.979957872177097,"Subpopulation_1"
"NGS_H19_LOI_Rep1","Read_2058",0.98743117986088,"Subpopulation_1"
"NGS_H19_LOI_Rep1","Read_2059",0.979890148586738,"Subpopulation_1"
"NGS_H19_LOI_Rep1","Read_2060",0.980413043575244,"Subpopulation_1"
"NGS_H19_LOI_Rep1","Read_2061",0.986454895082701,"Subpopulation_1"
"NGS_H19_LOI_Rep1","Read_2062",0.984252581645572,"Subpopulation_1"
"NGS_H19_LOI_Rep1","Read_2063",0.989402746582586,"Subpopulation_1"
"NGS_H19_LOI_Rep1","Read_2064",0.97923784929281,"Subpopulation_1"
"NGS_H19_LOI_Rep1","Read_2065",0.983384454476458,"Subpopulation_1"
"NGS_H19_LOI_Rep1","Read_2066",0.983570032801781,"Subpopulation_1"
"NGS_H19_LOI_Rep1","Read_2067",0.981003974287304,"Subpopulation_1"
"NGS_H19_LOI_Rep1","Read_2068",0.979395373980865,"Subpopulation_1"
"NGS_H19_LOI_Rep1","Read_2069",0.977899145682232,"Subpopulation_1"
"NGS_H19_LOI_Rep1","Read_2070",0.977365669175138,"Subpopulation_1"
"NGS_H19_LOI_Rep1","Read_2071",0.973676600845557,"Subpopulation_1"
"NGS_H19_LOI_Rep1","Read_2072",0.975407292138318,"Subpopulation_1"
"NGS_H19_LOI_Rep1","Read_2073",0.98467962781529,"Subpopulation_1"
"NGS_H19_LOI_Rep1","Read_2074",0.982949811840921,"Subpopulation_1"
"NGS_H19_LOI_Rep1","Read_2075",0.984524176008302,"Subpopulation_1"
"NGS_H19_LOI_Rep1","Read_2076",0.980193799493464,"Subpopulation_1"
"NGS_H19_LOI_Rep1","Read_2077",0.984473726593368,"Subpopulation_1"
"NGS_H19_LOI_Rep1","Read_2078",0.977751678735512,"Subpopulation_1"
"NGS_H19_LOI_Rep1","Read_2079",0.987328313995254,"Subpopulation_1"
"NGS_H19_LOI_Rep1","Read_2080",0.986547537305502,"Subpopulation_1"
"NGS_H19_LOI_Rep1","Read_2081",0.985626486238995,"Subpopulation_1"
"NGS_H19_LOI_Rep1","Read_2082",0.976810902249015,"Subpopulation_1"
"NGS_H19_LOI_Rep1","Read_2083",0.977017309019986,"Subpopulation_1"
"NGS_H19_LOI_Rep1","Read_2084",0.983628000959333,"Subpopulation_1"
"NGS_H19_LOI_Rep1","Read_2085",0.982586285801675,"Subpopulation_1"
"NGS_H19_LOI_Rep1","Read_2086",0.98029183527877,"Subpopulation_1"
"NGS_H19_LOI_Rep1","Read_2087",0.980593889079281,"Subpopulation_1"
"NGS_H19_LOI_Rep1","Read_2088",0.989975789361933,"Subpopulation_1"
"NGS_H19_LOI_Rep1","Read_2089",0.974992333125393,"Subpopulation_1"
"NGS_H19_LOI_Rep1","Read_2090",0.975011988996197,"Subpopulation_1"
"NGS_H19_LOI_Rep1","Read_2091",0.986587488391263,"Subpopulation_1"
"NGS_H19_LOI_Rep1","Read_2092",0.983546846224898,"Subpopulation_1"
"NGS_H19_LOI_Rep1","Read_2093",0.976523382907224,"Subpopulation_1"
"NGS_H19_LOI_Rep1","Read_2094",0.973084895108651,"Subpopulation_1"
"NGS_H19_LOI_Rep1","Read_2095",0.983358281947843,"Subpopulation_1"
"NGS_H19_LOI_Rep1","Read_2096",0.980687895427069,"Subpopulation_1"
"NGS_H19_LOI_Rep1","Read_2097",0.974586825690738,"Subpopulation_1"
"NGS_H19_LOI_Rep1","Read_2098",0.987327392415961,"Subpopulation_1"
"NGS_H19_LOI_Rep1","Read_2099",0.978379419266989,"Subpopulation_1"
"NGS_H19_LOI_Rep1","Read_2100",0.980872175483917,"Subpopulation_1"
"NGS_H19_LOI_Rep1","Read_2101",0.975611934212542,"Subpopulation_1"
"NGS_H19_LOI_Rep1","Read_2102",0.985104632238545,"Subpopulation_1"
"NGS_H19_LOI_Rep1","Read_2103",0.977586246270164,"Subpopulation_1"
"NGS_H19_LOI_Rep1","Read_2104",0.984166833583908,"Subpopulation_1"
"NGS_H19_LOI_Rep1","Read_2105",0.976660314526474,"Subpopulation_1"
"NGS_H19_LOI_Rep1","Read_2106",0.978200829837093,"Subpopulation_1"
"NGS_H19_LOI_Rep1","Read_2107",0.979739142945093,"Subpopulation_1"
"NGS_H19_LOI_Rep1","Read_2108",0.979746532029038,"Subpopulation_1"
"NGS_H19_LOI_Rep1","Read_2109",0.97869300848263,"Subpopulation_1"
"NGS_H19_LOI_Rep1","Read_2110",0.979255449613923,"Subpopulation_1"
"NGS_H19_LOI_Rep1","Read_2111",0.982444487584381,"Subpopulation_1"
"NGS_H19_LOI_Rep1","Read_2112",0.983196834598245,"Subpopulation_1"
"NGS_H19_LOI_Rep1","Read_2113",0.979415694948057,"Subpopulation_1"
"NGS_H19_LOI_Rep1","Read_2114",0.968447586263224,"Subpopulation_1"
"NGS_H19_LOI_Rep1","Read_2115",0.969431153583746,"Subpopulation_1"
"NGS_H19_LOI_Rep1","Read_2116",0.9793770410542,"Subpopulation_1"
"NGS_H19_LOI_Rep1","Read_2117",0.981361253490599,"Subpopulation_1"
"NGS_H19_LOI_Rep1","Read_2118",0.976004136452668,"Subpopulation_1"
"NGS_H19_LOI_Rep1","Read_2119",0.980704436833971,"Subpopulation_1"
"NGS_H19_LOI_Rep1","Read_2120",0.977944721580129,"Subpopulation_1"
"NGS_H19_LOI_Rep1","Read_2121",0.979663451295409,"Subpopulation_1"
"NGS_H19_LOI_Rep1","Read_2122",0.981170291147788,"Subpopulation_1"
"NGS_H19_LOI_Rep1","Read_2123",0.981545256055304,"Subpopulation_1"
"NGS_H19_LOI_Rep1","Read_2124",0.979695805334213,"Subpopulation_1"
"NGS_H19_LOI_Rep1","Read_2125",0.979773704756648,"Subpopulation_1"
"NGS_H19_LOI_Rep1","Read_2126",0.981927801489948,"Subpopulation_1"
"NGS_H19_LOI_Rep1","Read_2127",0.982022844572965,"Subpopulation_1"
"NGS_H19_LOI_Rep1","Read_2128",0.982254894960979,"Subpopulation_1"
"NGS_H19_LOI_Rep1","Read_2129",0.980731755859203,"Subpopulation_1"
"NGS_H19_LOI_Rep1","Read_2130",0.985194520298454,"Subpopulation_1"
"NGS_H19_LOI_Rep1","Read_2131",0.978657389151506,"Subpopulation_1"
"NGS_H19_LOI_Rep1","Read_2132",0.977775967046911,"Subpopulation_1"
"NGS_H19_LOI_Rep1","Read_2133",0.98202852643435,"Subpopulation_1"
"NGS_H19_LOI_Rep1","Read_2134",0.96191056929005,"Subpopulation_1"
"NGS_H19_LOI_Rep1","Read_2135",0.973398045492216,"Subpopulation_1"
"NGS_H19_LOI_Rep1","Read_2136",0.982561446494723,"Subpopulation_1"
"NGS_H19_LOI_Rep1","Read_2137",0.982464233328304,"Subpopulation_1"
"NGS_H19_LOI_Rep1","Read_2138",0.984525005243522,"Subpopulation_1"
"NGS_H19_LOI_Rep1","Read_2139",0.981456699999571,"Subpopulation_1"
"NGS_H19_LOI_Rep1","Read_2140",0.980028604204392,"Subpopulation_1"
"NGS_H19_LOI_Rep1","Read_2141",0.97920280867874,"Subpopulation_1"
"NGS_H19_LOI_Rep1","Read_2142",0.983064999747355,"Subpopulation_1"
"NGS_H19_LOI_Rep1","Read_2143",0.975909269097492,"Subpopulation_1"
"NGS_H19_LOI_Rep1","Read_2144",0.982406264361625,"Subpopulation_1"
"NGS_H19_LOI_Rep1","Read_2145",0.981147717027438,"Subpopulation_1"
"NGS_H19_LOI_Rep1","Read_2146",0.981604839489979,"Subpopulation_1"
"NGS_H19_LOI_Rep1","Read_2147",0.977293981942546,"Subpopulation_1"
"NGS_H19_LOI_Rep1","Read_2148",0.980359049662782,"Subpopulation_1"
"NGS_H19_LOI_Rep1","Read_2149",0.977295362326339,"Subpopulation_1"
"NGS_H19_LOI_Rep1","Read_2150",0.97915923331661,"Subpopulation_1"
"NGS_H19_LOI_Rep1","Read_2151",0.981971166447238,"Subpopulation_1"
"NGS_H19_LOI_Rep1","Read_2152",0.979287987188552,"Subpopulation_1"
"NGS_H19_LOI_Rep1","Read_2153",0.98313950290152,"Subpopulation_1"
"NGS_H19_LOI_Rep1","Read_2154",0.982894017769508,"Subpopulation_1"
"NGS_H19_LOI_Rep1","Read_2155",0.982541645961564,"Subpopulation_1"
"NGS_H19_LOI_Rep1","Read_2156",0.976620155034946,"Subpopulation_1"
"NGS_H19_LOI_Rep1","Read_2157",0.975767951519543,"Subpopulation_1"
"NGS_H19_LOI_Rep1","Read_2158",0.975172759284372,"Subpopulation_1"
"NGS_H19_LOI_Rep1","Read_2159",0.971626480786488,"Subpopulation_1"
"NGS_H19_LOI_Rep1","Read_2160",0.96970826013621,"Subpopulation_1"
"NGS_H19_LOI_Rep1","Read_2161",0.981303192348245,"Subpopulation_1"
"NGS_H19_LOI_Rep1","Read_2162",0.979671122466994,"Subpopulation_1"
"NGS_H19_LOI_Rep1","Read_2163",0.98281012719779,"Subpopulation_1"
"NGS_H19_LOI_Rep1","Read_2164",0.975514097888884,"Subpopulation_1"
"NGS_H19_LOI_Rep1","Read_2165",0.983668912547516,"Subpopulation_1"
"NGS_H19_LOI_Rep1","Read_2166",0.977740641416552,"Subpopulation_1"
"NGS_H19_LOI_Rep1","Read_2167",0.985445661257617,"Subpopulation_1"
"NGS_H19_LOI_Rep1","Read_2168",0.986567573540763,"Subpopulation_1"
"NGS_H19_LOI_Rep1","Read_2169",0.981653823335384,"Subpopulation_1"
"NGS_H19_LOI_Rep1","Read_2170",0.984516553030634,"Subpopulation_1"
"NGS_H19_LOI_Rep1","Read_2171",0.976744974285371,"Subpopulation_1"
"NGS_H19_LOI_Rep1","Read_2172",0.979405909270003,"Subpopulation_1"
"NGS_H19_LOI_Rep1","Read_2173",0.982769827992794,"Subpopulation_1"
"NGS_H19_LOI_Rep1","Read_2174",0.97329336325932,"Subpopulation_1"
"NGS_H19_LOI_Rep1","Read_2175",0.975816710955602,"Subpopulation_1"
"NGS_H19_LOI_Rep1","Read_2176",0.983163927049311,"Subpopulation_1"
"NGS_H19_LOI_Rep1","Read_2177",0.979145571605037,"Subpopulation_1"
"NGS_H19_LOI_Rep1","Read_2178",0.985431219244416,"Subpopulation_1"
"NGS_H19_LOI_Rep1","Read_2179",0.983612511020114,"Subpopulation_1"
"NGS_H19_LOI_Rep1","Read_2180",0.982549104012381,"Subpopulation_1"
"NGS_H19_LOI_Rep1","Read_2181",0.979869170072997,"Subpopulation_1"
"NGS_H19_LOI_Rep1","Read_2182",0.97365477184224,"Subpopulation_1"
"NGS_H19_LOI_Rep1","Read_2183",0.974533277969164,"Subpopulation_1"
"NGS_H19_LOI_Rep1","Read_2184",0.97521225128409,"Subpopulation_1"
"NGS_H19_LOI_Rep1","Read_2185",0.979787421705879,"Subpopulation_1"
"NGS_H19_LOI_Rep1","Read_2186",0.982279304420267,"Subpopulation_1"
"NGS_H19_LOI_Rep1","Read_2187",0.983764955247196,"Subpopulation_1"
"NGS_H19_LOI_Rep1","Read_2188",0.981651902203412,"Subpopulation_1"
"NGS_H19_LOI_Rep1","Read_2189",0.980002329886666,"Subpopulation_1"
"NGS_H19_LOI_Rep1","Read_2190",0.983754065390532,"Subpopulation_1"
"NGS_H19_LOI_Rep1","Read_2191",0.978950019432823,"Subpopulation_1"
"NGS_H19_LOI_Rep1","Read_2192",0.9787701434395,"Subpopulation_1"
"NGS_H19_LOI_Rep1","Read_2193",0.980526238882253,"Subpopulation_1"
"NGS_H19_LOI_Rep1","Read_2194",0.978944418848114,"Subpopulation_1"
"NGS_H19_LOI_Rep1","Read_2195",0.979883987487009,"Subpopulation_1"
"NGS_H19_LOI_Rep1","Read_2196",0.979458068717561,"Subpopulation_1"
"NGS_H19_LOI_Rep1","Read_2197",0.984171223571002,"Subpopulation_1"
"NGS_H19_LOI_Rep1","Read_2198",0.978470077486699,"Subpopulation_1"
"NGS_H19_LOI_Rep1","Read_2199",0.982529513256387,"Subpopulation_1"
"NGS_H19_LOI_Rep1","Read_2200",0.984147455834327,"Subpopulation_1"
"NGS_H19_LOI_Rep1","Read_2201",0.98189643515313,"Subpopulation_1"
"NGS_H19_LOI_Rep1","Read_2202",0.975170741416446,"Subpopulation_1"
"NGS_H19_LOI_Rep1","Read_2203",0.984768192633171,"Subpopulation_1"
"NGS_H19_LOI_Rep1","Read_2204",0.987718441105727,"Subpopulation_1"
"NGS_H19_LOI_Rep1","Read_2205",0.974665823674087,"Subpopulation_1"
"NGS_H19_LOI_Rep1","Read_2206",0.983787512476586,"Subpopulation_1"
"NGS_H19_LOI_Rep1","Read_2207",0.981101389381968,"Subpopulation_1"
"NGS_H19_LOI_Rep1","Read_2208",0.976479591606505,"Subpopulation_1"
"NGS_H19_LOI_Rep1","Read_2209",0.984145044151431,"Subpopulation_1"
"NGS_H19_LOI_Rep1","Read_2210",0.984686861924316,"Subpopulation_1"
"NGS_H19_LOI_Rep1","Read_2211",0.984168529205687,"Subpopulation_1"
"NGS_H19_LOI_Rep1","Read_2212",0.982931426831587,"Subpopulation_1"
"NGS_H19_LOI_Rep1","Read_2213",0.98061526025336,"Subpopulation_1"
"NGS_H19_LOI_Rep1","Read_2214",0.982228930028039,"Subpopulation_1"
"NGS_H19_LOI_Rep1","Read_2215",0.982453902019908,"Subpopulation_1"
"NGS_H19_LOI_Rep1","Read_2216",0.978275413096523,"Subpopulation_1"
"NGS_H19_LOI_Rep1","Read_2217",0.978660743845946,"Subpopulation_1"
"NGS_H19_LOI_Rep1","Read_2218",0.972235876122719,"Subpopulation_1"
"NGS_H19_LOI_Rep1","Read_2219",0.96910167036723,"Subpopulation_1"
"NGS_H19_LOI_Rep1","Read_2220",0.988091459684323,"Subpopulation_1"
"NGS_H19_LOI_Rep1","Read_2221",0.984623323939962,"Subpopulation_1"
"NGS_H19_LOI_Rep1","Read_2222",0.980380673947439,"Subpopulation_1"
"NGS_H19_LOI_Rep1","Read_2223",0.975288925129135,"Subpopulation_1"
"NGS_H19_LOI_Rep1","Read_2224",0.978399194437646,"Subpopulation_1"
"NGS_H19_LOI_Rep1","Read_2225",0.985790733369836,"Subpopulation_1"
"NGS_H19_LOI_Rep1","Read_2226",0.984520073737719,"Subpopulation_1"
"NGS_H19_LOI_Rep1","Read_2227",0.983590213061023,"Subpopulation_1"
"NGS_H19_LOI_Rep1","Read_2228",0.982119325312885,"Subpopulation_1"
"NGS_H19_LOI_Rep1","Read_2229",0.981948882867406,"Subpopulation_1"
"NGS_H19_LOI_Rep1","Read_2230",0.987900786300099,"Subpopulation_1"
"NGS_H19_LOI_Rep1","Read_2231",0.985444471977601,"Subpopulation_1"
"NGS_H19_LOI_Rep1","Read_2232",0.980645723980363,"Subpopulation_1"
"NGS_H19_LOI_Rep1","Read_2233",0.984888126439859,"Subpopulation_1"
"NGS_H19_LOI_Rep1","Read_2234",0.976741687539027,"Subpopulation_1"
"NGS_H19_LOI_Rep1","Read_2235",0.980134873545894,"Subpopulation_1"
"NGS_H19_LOI_Rep1","Read_2236",0.985865227387361,"Subpopulation_1"
"NGS_H19_LOI_Rep1","Read_2237",0.982356011670471,"Subpopulation_1"
"NGS_H19_LOI_Rep1","Read_2238",0.980388095507657,"Subpopulation_1"
"NGS_H19_LOI_Rep1","Read_2239",0.981767780525944,"Subpopulation_1"
"NGS_H19_LOI_Rep1","Read_2240",0.969355784974314,"Subpopulation_1"
"NGS_H19_LOI_Rep1","Read_2241",0.983612806784558,"Subpopulation_1"
"NGS_H19_LOI_Rep1","Read_2242",0.982712910765639,"Subpopulation_1"
"NGS_H19_LOI_Rep1","Read_2243",0.980805706194868,"Subpopulation_1"
"NGS_H19_LOI_Rep1","Read_2244",0.978375882642781,"Subpopulation_1"
"NGS_H19_LOI_Rep1","Read_2245",0.980255923554554,"Subpopulation_1"
"NGS_H19_LOI_Rep1","Read_2246",0.982097073909149,"Subpopulation_1"
"NGS_H19_LOI_Rep1","Read_2247",0.982228520567261,"Subpopulation_1"
"NGS_H19_LOI_Rep1","Read_2248",0.984751434172719,"Subpopulation_1"
"NGS_H19_LOI_Rep1","Read_2249",0.987777940050567,"Subpopulation_1"
"NGS_H19_LOI_Rep1","Read_2250",0.982348247205783,"Subpopulation_1"
"NGS_H19_LOI_Rep1","Read_2251",0.984421015941892,"Subpopulation_1"
"NGS_H19_LOI_Rep1","Read_2252",0.978722110210852,"Subpopulation_1"
"NGS_H19_LOI_Rep1","Read_2253",0.985374274018121,"Subpopulation_1"
"NGS_H19_LOI_Rep1","Read_2254",0.98334384006428,"Subpopulation_1"
"NGS_H19_LOI_Rep1","Read_2255",0.983125046559628,"Subpopulation_1"
"NGS_H19_LOI_Rep1","Read_2256",0.97711213220177,"Subpopulation_1"
"NGS_H19_LOI_Rep1","Read_2257",0.987826800397737,"Subpopulation_1"
"NGS_H19_LOI_Rep1","Read_2258",0.981956043530429,"Subpopulation_1"
"NGS_H19_LOI_Rep1","Read_2259",0.979770849530361,"Subpopulation_1"
"NGS_H19_LOI_Rep1","Read_2260",0.976416328448511,"Subpopulation_1"
"NGS_H19_LOI_Rep1","Read_2261",0.969647405490653,"Subpopulation_1"
"NGS_H19_LOI_Rep1","Read_2262",0.97914294878229,"Subpopulation_1"
"NGS_H19_LOI_Rep1","Read_2263",0.974035188523912,"Subpopulation_1"
"NGS_H19_LOI_Rep1","Read_2264",0.982747628759381,"Subpopulation_1"
"NGS_H19_LOI_Rep1","Read_2265",0.979937351927177,"Subpopulation_1"
"NGS_H19_LOI_Rep1","Read_2266",0.975151936317788,"Subpopulation_1"
"NGS_H19_LOI_Rep1","Read_2267",0.983993662439393,"Subpopulation_1"
"NGS_H19_LOI_Rep1","Read_2268",0.983329218685281,"Subpopulation_1"
"NGS_H19_LOI_Rep1","Read_2269",0.9832126406679,"Subpopulation_1"
"NGS_H19_LOI_Rep1","Read_2270",0.969291130563587,"Subpopulation_1"
"NGS_H19_LOI_Rep1","Read_2271",0.981728997585255,"Subpopulation_1"
"NGS_H19_LOI_Rep1","Read_2272",0.984203364886246,"Subpopulation_1"
"NGS_H19_LOI_Rep1","Read_2273",0.987278577550242,"Subpopulation_1"
"NGS_H19_LOI_Rep1","Read_2274",0.982219245657572,"Subpopulation_1"
"NGS_H19_LOI_Rep1","Read_2275",0.983427564555848,"Subpopulation_1"
"NGS_H19_LOI_Rep1","Read_2276",0.977019928922299,"Subpopulation_1"
"NGS_H19_LOI_Rep1","Read_2277",0.972181436414008,"Subpopulation_1"
"NGS_H19_LOI_Rep1","Read_2278",0.984034505980492,"Subpopulation_1"
"NGS_H19_LOI_Rep1","Read_2279",0.97780265757672,"Subpopulation_1"
"NGS_H19_LOI_Rep1","Read_2280",0.980370300092232,"Subpopulation_1"
"NGS_H19_LOI_Rep1","Read_2281",0.981783010443238,"Subpopulation_1"
"NGS_H19_LOI_Rep1","Read_2282",0.979010892157207,"Subpopulation_1"
"NGS_H19_LOI_Rep1","Read_2283",0.976894512770376,"Subpopulation_1"
"NGS_H19_LOI_Rep1","Read_2284",0.983144160767966,"Subpopulation_1"
"NGS_H19_LOI_Rep1","Read_2285",0.980277744301337,"Subpopulation_1"
"NGS_H19_LOI_Rep1","Read_2286",0.977273074325113,"Subpopulation_1"
"NGS_H19_LOI_Rep1","Read_2287",0.975855722600445,"Subpopulation_1"
"NGS_H19_LOI_Rep1","Read_2288",0.976141469395486,"Subpopulation_1"
"NGS_H19_LOI_Rep1","Read_2289",0.98011957149709,"Subpopulation_1"
"NGS_H19_LOI_Rep1","Read_2290",0.981993595026766,"Subpopulation_1"
"NGS_H19_LOI_Rep1","Read_2291",0.983864790276284,"Subpopulation_1"
"NGS_H19_LOI_Rep1","Read_2292",0.980389308049713,"Subpopulation_1"
"NGS_H19_LOI_Rep1","Read_2293",0.98357485402373,"Subpopulation_1"
"NGS_H19_LOI_Rep1","Read_2294",0.988669977302875,"Subpopulation_1"
"NGS_H19_LOI_Rep1","Read_2295",0.98067328984087,"Subpopulation_1"
"NGS_H19_LOI_Rep1","Read_2296",0.984286932678135,"Subpopulation_1"
"NGS_H19_LOI_Rep1","Read_2297",0.9789541949174,"Subpopulation_1"
"NGS_H19_LOI_Rep1","Read_2298",0.979678146160225,"Subpopulation_1"
"NGS_H19_LOI_Rep1","Read_2299",0.9752092302664,"Subpopulation_1"
"NGS_H19_LOI_Rep1","Read_2300",0.976585980829338,"Subpopulation_1"
"NGS_H19_LOI_Rep1","Read_2301",0.980558339384301,"Subpopulation_1"
"NGS_H19_LOI_Rep1","Read_2302",0.980028305860422,"Subpopulation_1"
"NGS_H19_LOI_Rep1","Read_2303",0.974528947179419,"Subpopulation_1"
"NGS_H19_LOI_Rep1","Read_2304",0.981293788324491,"Subpopulation_1"
"NGS_H19_LOI_Rep1","Read_2305",0.98169123193206,"Subpopulation_1"
"NGS_H19_LOI_Rep1","Read_2306",0.963025899560888,"Subpopulation_1"
"NGS_H19_LOI_Rep1","Read_2307",0.979188525381287,"Subpopulation_1"
"NGS_H19_LOI_Rep1","Read_2308",0.976001823517539,"Subpopulation_1"
"NGS_H19_LOI_Rep1","Read_2309",0.979690836298472,"Subpopulation_1"
"NGS_H19_LOI_Rep1","Read_2310",0.981192987863506,"Subpopulation_1"
"NGS_H19_LOI_Rep1","Read_2311",0.982771104360031,"Subpopulation_1"
"NGS_H19_LOI_Rep1","Read_2312",0.979156290492059,"Subpopulation_1"
"NGS_H19_LOI_Rep1","Read_2313",0.981769395290463,"Subpopulation_1"
"NGS_H19_LOI_Rep1","Read_2314",0.976503733843777,"Subpopulation_1"
"NGS_H19_LOI_Rep1","Read_2315",0.975540300637565,"Subpopulation_1"
"NGS_H19_LOI_Rep1","Read_2316",0.989783281537327,"Subpopulation_1"
"NGS_H19_LOI_Rep1","Read_2317",0.984439712020789,"Subpopulation_1"
"NGS_H19_LOI_Rep1","Read_2318",0.980919656582654,"Subpopulation_1"
"NGS_H19_LOI_Rep1","Read_2319",0.980077312565238,"Subpopulation_1"
"NGS_H19_LOI_Rep1","Read_2320",0.979024565496415,"Subpopulation_1"
"NGS_H19_LOI_Rep1","Read_2321",0.975058864024678,"Subpopulation_1"
"NGS_H19_LOI_Rep1","Read_2322",0.97652849223428,"Subpopulation_1"
"NGS_H19_LOI_Rep1","Read_2323",0.990093417190419,"Subpopulation_1"
"NGS_H19_LOI_Rep1","Read_2324",0.986662723209947,"Subpopulation_1"
"NGS_H19_LOI_Rep1","Read_2325",0.982122280827507,"Subpopulation_1"
"NGS_H19_LOI_Rep1","Read_2326",0.977648756193557,"Subpopulation_1"
"NGS_H19_LOI_Rep1","Read_2327",0.980379063706575,"Subpopulation_1"
"NGS_H19_LOI_Rep1","Read_2328",0.986082834983732,"Subpopulation_1"
"NGS_H19_LOI_Rep1","Read_2329",0.981058684186858,"Subpopulation_1"
"NGS_H19_LOI_Rep1","Read_2330",0.983709931810351,"Subpopulation_1"
"NGS_H19_LOI_Rep1","Read_2331",0.974674057325911,"Subpopulation_1"
"NGS_H19_LOI_Rep1","Read_2332",0.971193061465514,"Subpopulation_1"
"NGS_H19_LOI_Rep1","Read_2333",0.978965581803124,"Subpopulation_1"
"NGS_H19_LOI_Rep1","Read_2334",0.97811273492127,"Subpopulation_1"
"NGS_H19_LOI_Rep1","Read_2335",0.974924223348739,"Subpopulation_1"
"NGS_H19_LOI_Rep1","Read_2336",0.985603454304895,"Subpopulation_1"
"NGS_H19_LOI_Rep1","Read_2337",0.981335303267063,"Subpopulation_1"
"NGS_H19_LOI_Rep1","Read_2338",0.976827729662581,"Subpopulation_1"
"NGS_H19_LOI_Rep1","Read_2339",0.978022851202319,"Subpopulation_1"
"NGS_H19_LOI_Rep1","Read_2340",0.980275183406547,"Subpopulation_1"
"NGS_H19_LOI_Rep1","Read_2341",0.982288872727258,"Subpopulation_1"
"NGS_H19_LOI_Rep1","Read_2342",0.984660953466704,"Subpopulation_1"
"NGS_H19_LOI_Rep1","Read_2343",0.985949732183156,"Subpopulation_1"
"NGS_H19_LOI_Rep1","Read_2344",0.978632866843082,"Subpopulation_1"
"NGS_H19_LOI_Rep1","Read_2345",0.977256265027651,"Subpopulation_1"
"NGS_H19_LOI_Rep1","Read_2346",0.972870748925968,"Subpopulation_1"
"NGS_H19_LOI_Rep1","Read_2347",0.985206741389195,"Subpopulation_1"
"NGS_H19_LOI_Rep1","Read_2348",0.985119348212389,"Subpopulation_1"
"NGS_H19_LOI_Rep1","Read_2349",0.971152205492063,"Subpopulation_1"
"NGS_H19_LOI_Rep1","Read_2350",0.985515600928181,"Subpopulation_1"
"NGS_H19_LOI_Rep1","Read_2351",0.975719948403679,"Subpopulation_1"
"NGS_H19_LOI_Rep1","Read_2352",0.9873848174239,"Subpopulation_1"
"NGS_H19_LOI_Rep1","Read_2353",0.971679785694187,"Subpopulation_1"
"NGS_H19_LOI_Rep1","Read_2354",0.978651726921837,"Subpopulation_1"
"NGS_H19_LOI_Rep1","Read_2355",0.976084973185119,"Subpopulation_1"
"NGS_H19_LOI_Rep1","Read_2356",0.977013380861758,"Subpopulation_1"
"NGS_H19_LOI_Rep1","Read_2357",0.984658972205329,"Subpopulation_1"
"NGS_H19_LOI_Rep1","Read_2358",0.973608454772524,"Subpopulation_1"
"NGS_H19_LOI_Rep1","Read_2359",0.971171561546472,"Subpopulation_1"
"NGS_H19_LOI_Rep1","Read_2360",0.986144459387624,"Subpopulation_1"
"NGS_H19_LOI_Rep1","Read_2361",0.984339575709569,"Subpopulation_1"
"NGS_H19_LOI_Rep1","Read_2362",0.9811870679965,"Subpopulation_1"
"NGS_H19_LOI_Rep1","Read_2363",0.978659624307813,"Subpopulation_1"
"NGS_H19_LOI_Rep1","Read_2364",0.980542635920848,"Subpopulation_1"
"NGS_H19_LOI_Rep1","Read_2365",0.973855948765573,"Subpopulation_1"
"NGS_H19_LOI_Rep1","Read_2366",0.976486110551251,"Subpopulation_1"
"NGS_H19_LOI_Rep1","Read_2367",0.982569557698364,"Subpopulation_1"
"NGS_H19_LOI_Rep1","Read_2368",0.981763245655664,"Subpopulation_1"
"NGS_H19_LOI_Rep1","Read_2369",0.988492814802316,"Subpopulation_1"
"NGS_H19_LOI_Rep1","Read_2370",0.973588264514749,"Subpopulation_1"
"NGS_H19_LOI_Rep1","Read_2371",0.97761399379189,"Subpopulation_1"
"NGS_H19_LOI_Rep1","Read_2372",0.979664669458102,"Subpopulation_1"
"NGS_H19_LOI_Rep1","Read_2373",0.981443358760163,"Subpopulation_1"
"NGS_H19_LOI_Rep1","Read_2374",0.980400464777602,"Subpopulation_1"
"NGS_H19_LOI_Rep1","Read_2375",0.982981617199712,"Subpopulation_1"
"NGS_H19_LOI_Rep1","Read_2376",0.978258448031998,"Subpopulation_1"
"NGS_H19_LOI_Rep1","Read_2377",0.969572914723325,"Subpopulation_1"
"NGS_H19_LOI_Rep1","Read_2378",0.978680156885698,"Subpopulation_1"
"NGS_H19_LOI_Rep1","Read_2379",0.983783188814092,"Subpopulation_1"
"NGS_H19_LOI_Rep1","Read_2380",0.971215011101693,"Subpopulation_1"
"NGS_H19_LOI_Rep1","Read_2381",0.983616217906109,"Subpopulation_1"
"NGS_H19_LOI_Rep1","Read_2382",0.973832981773379,"Subpopulation_1"
"NGS_H19_LOI_Rep1","Read_2383",0.981647292971814,"Subpopulation_1"
"NGS_H19_LOI_Rep1","Read_2384",0.980215291791438,"Subpopulation_1"
"NGS_H19_LOI_Rep1","Read_2385",0.981675681476293,"Subpopulation_1"
"NGS_H19_LOI_Rep1","Read_2386",0.979015959362957,"Subpopulation_1"
"NGS_H19_LOI_Rep1","Read_2387",0.988461407613924,"Subpopulation_1"
"NGS_H19_LOI_Rep1","Read_2388",0.969570628032298,"Subpopulation_1"
"NGS_H19_LOI_Rep1","Read_2389",0.981824713411351,"Subpopulation_1"
"NGS_H19_LOI_Rep1","Read_2390",0.9824153661397,"Subpopulation_1"
"NGS_H19_LOI_Rep1","Read_2391",0.976128946968224,"Subpopulation_1"
"NGS_H19_LOI_Rep1","Read_2392",0.978723739496002,"Subpopulation_1"
"NGS_H19_LOI_Rep1","Read_2393",0.974356539606543,"Subpopulation_1"
"NGS_H19_LOI_Rep1","Read_2394",0.983741570286787,"Subpopulation_1"
"NGS_H19_LOI_Rep1","Read_2395",0.977550209037553,"Subpopulation_1"
"NGS_H19_LOI_Rep1","Read_2396",0.97992997400641,"Subpopulation_1"
"NGS_H19_LOI_Rep1","Read_2397",0.986956639551265,"Subpopulation_1"
"NGS_H19_LOI_Rep1","Read_2398",0.980179756766847,"Subpopulation_1"
"NGS_H19_LOI_Rep1","Read_2399",0.983090310660506,"Subpopulation_1"
"NGS_H19_LOI_Rep1","Read_2400",0.985254549424091,"Subpopulation_1"
"NGS_H19_LOI_Rep1","Read_2401",0.98552759692294,"Subpopulation_1"
"NGS_H19_LOI_Rep1","Read_2402",0.983315169464714,"Subpopulation_1"
"NGS_H19_LOI_Rep1","Read_2403",0.982190952999471,"Subpopulation_1"
"NGS_H19_LOI_Rep1","Read_2404",0.96988765726558,"Subpopulation_1"
"NGS_H19_LOI_Rep1","Read_2405",0.979840044042671,"Subpopulation_1"
"NGS_H19_LOI_Rep1","Read_2406",0.981080526443076,"Subpopulation_1"
"NGS_H19_LOI_Rep1","Read_2407",0.973636110915289,"Subpopulation_1"
"NGS_H19_LOI_Rep1","Read_2408",0.983706158331474,"Subpopulation_1"
"NGS_H19_LOI_Rep1","Read_2409",0.974167014857322,"Subpopulation_1"
"NGS_H19_LOI_Rep1","Read_2410",0.983266758498846,"Subpopulation_1"
"NGS_H19_LOI_Rep1","Read_2411",0.982579518596995,"Subpopulation_1"
"NGS_H19_LOI_Rep1","Read_2412",0.985047628889965,"Subpopulation_1"
"NGS_H19_LOI_Rep1","Read_2413",0.983041621532308,"Subpopulation_1"
"NGS_H19_LOI_Rep1","Read_2414",0.98243244615936,"Subpopulation_1"
"NGS_H19_LOI_Rep1","Read_2415",0.979472484262721,"Subpopulation_1"
"NGS_H19_LOI_Rep1","Read_2416",0.977470527132882,"Subpopulation_1"
"NGS_H19_LOI_Rep1","Read_2417",0.979555103247242,"Subpopulation_1"
"NGS_H19_LOI_Rep1","Read_2418",0.984587720722217,"Subpopulation_1"
"NGS_H19_LOI_Rep1","Read_2419",0.985900291502981,"Subpopulation_1"
"NGS_H19_LOI_Rep1","Read_2420",0.982856542966787,"Subpopulation_1"
"NGS_H19_LOI_Rep1","Read_2421",0.987642041259243,"Subpopulation_1"
"NGS_H19_LOI_Rep1","Read_2422",0.981772512458964,"Subpopulation_1"
"NGS_H19_LOI_Rep1","Read_2423",0.982657083947911,"Subpopulation_1"
"NGS_H19_LOI_Rep1","Read_2424",0.983413459220816,"Subpopulation_1"
"NGS_H19_LOI_Rep1","Read_2425",0.981711214378476,"Subpopulation_1"
"NGS_H19_LOI_Rep1","Read_2426",0.98361666799471,"Subpopulation_1"
"NGS_H19_LOI_Rep1","Read_2427",0.981359228409638,"Subpopulation_1"
"NGS_H19_LOI_Rep1","Read_2428",0.982401397312994,"Subpopulation_1"
"NGS_H19_LOI_Rep1","Read_2429",0.98562052173965,"Subpopulation_1"
"NGS_H19_LOI_Rep1","Read_2430",0.974266054344813,"Subpopulation_1"
"NGS_H19_LOI_Rep1","Read_2431",0.980141927604262,"Subpopulation_1"
"NGS_H19_LOI_Rep1","Read_2432",0.981469822947318,"Subpopulation_1"
"NGS_H19_LOI_Rep1","Read_2433",0.982013983439009,"Subpopulation_1"
"NGS_H19_LOI_Rep1","Read_2434",0.975686904663743,"Subpopulation_1"
"NGS_H19_LOI_Rep1","Read_2435",0.98416323550733,"Subpopulation_1"
"NGS_H19_LOI_Rep1","Read_2436",0.973774829039925,"Subpopulation_1"
"NGS_H19_LOI_Rep1","Read_2437",0.987123811091402,"Subpopulation_1"
"NGS_H19_LOI_Rep1","Read_2438",0.985316261740651,"Subpopulation_1"
"NGS_H19_LOI_Rep1","Read_2439",0.982421435550767,"Subpopulation_1"
"NGS_H19_LOI_Rep1","Read_2440",0.973033344767977,"Subpopulation_1"
"NGS_H19_LOI_Rep1","Read_2441",0.984316823641019,"Subpopulation_1"
"NGS_H19_LOI_Rep1","Read_2442",0.98293309914908,"Subpopulation_1"
"NGS_H19_LOI_Rep1","Read_2443",0.983170657952307,"Subpopulation_1"
"NGS_H19_LOI_Rep1","Read_2444",0.983777501258407,"Subpopulation_1"
"NGS_H19_LOI_Rep1","Read_2445",0.982585907051356,"Subpopulation_1"
"NGS_H19_LOI_Rep1","Read_2446",0.971816305818779,"Subpopulation_1"
"NGS_H19_LOI_Rep1","Read_2447",0.982036988466302,"Subpopulation_1"
"NGS_H19_LOI_Rep1","Read_2448",0.986429737903233,"Subpopulation_1"
"NGS_H19_LOI_Rep1","Read_2449",0.973786748316667,"Subpopulation_1"
"NGS_H19_LOI_Rep1","Read_2450",0.981714960600415,"Subpopulation_1"
"NGS_H19_LOI_Rep1","Read_2451",0.977286342910339,"Subpopulation_1"
"NGS_H19_LOI_Rep1","Read_2452",0.979424825187518,"Subpopulation_1"
"NGS_H19_LOI_Rep1","Read_2453",0.979933998145454,"Subpopulation_1"
"NGS_H19_LOI_Rep1","Read_2454",0.974445790408618,"Subpopulation_1"
"NGS_H19_LOI_Rep1","Read_2455",0.981638310754896,"Subpopulation_1"
"NGS_H19_LOI_Rep1","Read_2456",0.976199493846584,"Subpopulation_1"
"NGS_H19_LOI_Rep1","Read_2457",0.976702025305796,"Subpopulation_1"
"NGS_H19_LOI_Rep1","Read_2458",0.982729087592823,"Subpopulation_1"
"NGS_H19_LOI_Rep1","Read_2459",0.983179531019062,"Subpopulation_1"
"NGS_H19_LOI_Rep1","Read_2460",0.970747107303038,"Subpopulation_1"
"NGS_H19_LOI_Rep1","Read_2461",0.982236091642917,"Subpopulation_1"
"NGS_H19_LOI_Rep1","Read_2462",0.984574663592918,"Subpopulation_1"
"NGS_H19_LOI_Rep1","Read_2463",0.980246753207563,"Subpopulation_1"
"NGS_H19_LOI_Rep1","Read_2464",0.975593100062233,"Subpopulation_1"
"NGS_H19_LOI_Rep1","Read_2465",0.981451700187451,"Subpopulation_1"
"NGS_H19_LOI_Rep1","Read_2466",0.985924936449794,"Subpopulation_1"
"NGS_H19_LOI_Rep1","Read_2467",0.965401644505898,"Subpopulation_1"
"NGS_H19_LOI_Rep1","Read_2468",0.977246590944457,"Subpopulation_1"
"NGS_H19_LOI_Rep1","Read_2469",0.985352462501897,"Subpopulation_1"
"NGS_H19_LOI_Rep1","Read_2470",0.981073195105312,"Subpopulation_1"
"NGS_H19_LOI_Rep1","Read_2471",0.983470535686178,"Subpopulation_1"
"NGS_H19_LOI_Rep1","Read_2472",0.980824083271665,"Subpopulation_1"
"NGS_H19_LOI_Rep1","Read_2473",0.984788871519598,"Subpopulation_1"
"NGS_H19_LOI_Rep1","Read_2474",0.97303588172107,"Subpopulation_1"
"NGS_H19_LOI_Rep1","Read_2475",0.982027246164758,"Subpopulation_1"
"NGS_H19_LOI_Rep1","Read_2476",0.974775579553568,"Subpopulation_1"
"NGS_H19_LOI_Rep1","Read_2477",0.985862008338868,"Subpopulation_1"
"NGS_H19_LOI_Rep1","Read_2478",0.978145796330522,"Subpopulation_1"
"NGS_H19_LOI_Rep1","Read_2479",0.97754006386446,"Subpopulation_1"
"NGS_H19_LOI_Rep1","Read_2480",0.984417373918371,"Subpopulation_1"
"NGS_H19_LOI_Rep1","Read_2481",0.982020489269868,"Subpopulation_1"
"NGS_H19_LOI_Rep1","Read_2482",0.985163302254312,"Subpopulation_1"
"NGS_H19_LOI_Rep1","Read_2483",0.978484991202533,"Subpopulation_1"
"NGS_H19_LOI_Rep1","Read_2484",0.983530327595786,"Subpopulation_1"
"NGS_H19_LOI_Rep1","Read_2485",0.98283979004523,"Subpopulation_1"
"NGS_H19_LOI_Rep1","Read_2486",0.975760138033636,"Subpopulation_1"
"NGS_H19_LOI_Rep1","Read_2487",0.97502738486631,"Subpopulation_1"
"NGS_H19_LOI_Rep1","Read_2488",0.983484648337298,"Subpopulation_1"
"NGS_H19_LOI_Rep1","Read_2489",0.977629811487518,"Subpopulation_1"
"NGS_H19_LOI_Rep1","Read_2490",0.982336752110355,"Subpopulation_1"
"NGS_H19_LOI_Rep1","Read_2491",0.979425508178656,"Subpopulation_1"
"NGS_H19_LOI_Rep1","Read_2492",0.969176651938326,"Subpopulation_1"
"NGS_H19_LOI_Rep1","Read_2493",0.970102513589444,"Subpopulation_1"
"NGS_H19_LOI_Rep1","Read_2494",0.974663702976218,"Subpopulation_1"
"NGS_H19_LOI_Rep1","Read_2495",0.97384244941631,"Subpopulation_1"
"NGS_H19_LOI_Rep1","Read_2496",0.979686578767971,"Subpopulation_1"
"NGS_H19_LOI_Rep1","Read_2497",0.979664673465546,"Subpopulation_1"
"NGS_H19_LOI_Rep1","Read_2498",0.975901539956692,"Subpopulation_1"
"NGS_H19_LOI_Rep1","Read_2499",0.983764863974399,"Subpopulation_1"
"NGS_H19_LOI_Rep1","Read_2500",0.982032852837208,"Subpopulation_1"
"NGS_H19_LOI_Rep1","Read_2501",0.973244493101549,"Subpopulation_1"
"NGS_H19_LOI_Rep1","Read_2502",0.978241289932837,"Subpopulation_1"
"NGS_H19_LOI_Rep1","Read_2503",0.974839660019949,"Subpopulation_1"
"NGS_H19_LOI_Rep1","Read_2504",0.981817962139541,"Subpopulation_1"
"NGS_H19_LOI_Rep1","Read_2505",0.979743355362906,"Subpopulation_1"
"NGS_H19_LOI_Rep1","Read_2506",0.983152770699605,"Subpopulation_1"
"NGS_H19_LOI_Rep1","Read_2507",0.975798507636171,"Subpopulation_1"
"NGS_H19_LOI_Rep1","Read_2508",0.983042104730584,"Subpopulation_1"
"NGS_H19_LOI_Rep1","Read_2509",0.969240082785017,"Subpopulation_1"
"NGS_H19_LOI_Rep1","Read_2510",0.968558003793747,"Subpopulation_1"
"NGS_H19_LOI_Rep1","Read_2511",0.978940373964986,"Subpopulation_1"
"NGS_H19_LOI_Rep1","Read_2512",0.988741922137066,"Subpopulation_1"
"NGS_H19_LOI_Rep1","Read_2513",0.980021619001621,"Subpopulation_1"
"NGS_H19_LOI_Rep1","Read_2514",0.978284520928005,"Subpopulation_1"
"NGS_H19_LOI_Rep1","Read_2515",0.981160706265695,"Subpopulation_1"
"NGS_H19_LOI_Rep1","Read_2516",0.981863151395363,"Subpopulation_1"
"NGS_H19_LOI_Rep1","Read_2517",0.988346964680358,"Subpopulation_1"
"NGS_H19_LOI_Rep1","Read_2518",0.981381725315575,"Subpopulation_1"
"NGS_H19_LOI_Rep1","Read_2519",0.985620965095248,"Subpopulation_1"
"NGS_H19_LOI_Rep1","Read_2520",0.982736501435407,"Subpopulation_1"
"NGS_H19_LOI_Rep1","Read_2521",0.97694620915115,"Subpopulation_1"
"NGS_H19_LOI_Rep1","Read_2522",0.971758722375525,"Subpopulation_1"
"NGS_H19_LOI_Rep1","Read_2523",0.981696056731153,"Subpopulation_1"
"NGS_H19_LOI_Rep1","Read_2524",0.98297365388691,"Subpopulation_1"
"NGS_H19_LOI_Rep1","Read_2525",0.982709430512469,"Subpopulation_1"
"NGS_H19_LOI_Rep1","Read_2526",0.977195290094409,"Subpopulation_1"
"NGS_H19_LOI_Rep1","Read_2527",0.9856703124146,"Subpopulation_1"
"NGS_H19_LOI_Rep1","Read_2528",0.974786648637348,"Subpopulation_1"
"NGS_H19_LOI_Rep1","Read_2529",0.9752338113431,"Subpopulation_1"
"NGS_H19_LOI_Rep1","Read_2530",0.976013070956544,"Subpopulation_1"
"NGS_H19_LOI_Rep1","Read_2531",0.984428868817055,"Subpopulation_1"
"NGS_H19_LOI_Rep1","Read_2532",0.978345412654578,"Subpopulation_1"
"NGS_H19_LOI_Rep1","Read_2533",0.977272062864899,"Subpopulation_1"
"NGS_H19_LOI_Rep1","Read_2534",0.983327348340525,"Subpopulation_1"
"NGS_H19_LOI_Rep1","Read_2535",0.984912134337676,"Subpopulation_1"
"NGS_H19_LOI_Rep1","Read_2536",0.977865135558475,"Subpopulation_1"
"NGS_H19_LOI_Rep1","Read_2537",0.979094704638392,"Subpopulation_1"
"NGS_H19_LOI_Rep1","Read_2538",0.983491375281431,"Subpopulation_1"
"NGS_H19_LOI_Rep1","Read_2539",0.97413036071616,"Subpopulation_1"
"NGS_H19_LOI_Rep1","Read_2540",0.986687760065077,"Subpopulation_1"
"NGS_H19_LOI_Rep1","Read_2541",0.981618925154653,"Subpopulation_1"
"NGS_H19_LOI_Rep1","Read_2542",0.980445304210171,"Subpopulation_1"
"NGS_H19_LOI_Rep1","Read_2543",0.981908134824405,"Subpopulation_1"
"NGS_H19_LOI_Rep1","Read_2544",0.970441154146306,"Subpopulation_1"
"NGS_H19_LOI_Rep1","Read_2545",0.985173169142373,"Subpopulation_1"
"NGS_H19_LOI_Rep1","Read_2546",0.984456960641866,"Subpopulation_1"
"NGS_H19_LOI_Rep1","Read_2547",0.970599768532845,"Subpopulation_1"
"NGS_H19_LOI_Rep1","Read_2548",0.976403707054312,"Subpopulation_1"
"NGS_H19_LOI_Rep1","Read_2549",0.968902267634317,"Subpopulation_1"
"NGS_H19_LOI_Rep1","Read_2550",0.979968420637796,"Subpopulation_1"
"NGS_H19_LOI_Rep1","Read_2551",0.973653749275847,"Subpopulation_1"
"NGS_H19_LOI_Rep1","Read_2552",0.97578861889131,"Subpopulation_1"
"NGS_H19_LOI_Rep1","Read_2553",0.98272866361492,"Subpopulation_1"
"NGS_H19_LOI_Rep1","Read_2554",0.976454290106815,"Subpopulation_1"
"NGS_H19_LOI_Rep1","Read_2555",0.979316303357305,"Subpopulation_1"
"NGS_H19_LOI_Rep1","Read_2556",0.974868577476252,"Subpopulation_1"
"NGS_H19_LOI_Rep1","Read_2557",0.976950143154863,"Subpopulation_1"
"NGS_H19_LOI_Rep1","Read_2558",0.98625400884557,"Subpopulation_1"
"NGS_H19_LOI_Rep1","Read_2559",0.980532597924027,"Subpopulation_1"
"NGS_H19_LOI_Rep1","Read_2560",0.984237994244502,"Subpopulation_1"
"NGS_H19_LOI_Rep1","Read_2561",0.977299300715813,"Subpopulation_1"
"NGS_H19_LOI_Rep1","Read_2562",0.98013051883644,"Subpopulation_1"
"NGS_H19_LOI_Rep1","Read_2563",0.977711817345003,"Subpopulation_1"
"NGS_H19_LOI_Rep1","Read_2564",0.985201884261257,"Subpopulation_1"
"NGS_H19_LOI_Rep1","Read_2565",0.985826422918857,"Subpopulation_1"
"NGS_H19_LOI_Rep1","Read_2566",0.983069386050725,"Subpopulation_1"
"NGS_H19_LOI_Rep1","Read_2567",0.972680348715254,"Subpopulation_1"
"NGS_H19_LOI_Rep1","Read_2568",0.974170627399943,"Subpopulation_1"
"NGS_H19_LOI_Rep1","Read_2569",0.979278871228845,"Subpopulation_1"
"NGS_H19_LOI_Rep1","Read_2570",0.979721689026723,"Subpopulation_1"
"NGS_H19_LOI_Rep1","Read_2571",0.97845234677127,"Subpopulation_1"
"NGS_H19_LOI_Rep1","Read_2572",0.962777126806647,"Subpopulation_1"
"NGS_H19_LOI_Rep1","Read_2573",0.981540615011388,"Subpopulation_1"
"NGS_H19_LOI_Rep1","Read_2574",0.979242479536275,"Subpopulation_1"
"NGS_H19_LOI_Rep1","Read_2575",0.979669309313054,"Subpopulation_1"
"NGS_H19_LOI_Rep1","Read_2576",0.983773077614258,"Subpopulation_1"
"NGS_H19_LOI_Rep1","Read_2577",0.981455499252517,"Subpopulation_1"
"NGS_H19_LOI_Rep1","Read_2578",0.979339068143937,"Subpopulation_1"
"NGS_H19_LOI_Rep1","Read_2579",0.981320054130497,"Subpopulation_1"
"NGS_H19_LOI_Rep1","Read_2580",0.983576365487248,"Subpopulation_1"
"NGS_H19_LOI_Rep1","Read_2581",0.982313938218477,"Subpopulation_1"
"NGS_H19_LOI_Rep1","Read_2582",0.973102235405602,"Subpopulation_1"
"NGS_H19_LOI_Rep1","Read_2583",0.979872189948164,"Subpopulation_1"
"NGS_H19_LOI_Rep1","Read_2584",0.970852387034987,"Subpopulation_1"
"NGS_H19_LOI_Rep1","Read_2585",0.980560517010017,"Subpopulation_1"
"NGS_H19_LOI_Rep1","Read_2586",0.971941542500585,"Subpopulation_1"
"NGS_H19_LOI_Rep1","Read_2587",0.970739138454459,"Subpopulation_1"
"NGS_H19_LOI_Rep1","Read_2588",0.986619086709121,"Subpopulation_1"
"NGS_H19_LOI_Rep1","Read_2589",0.980326703820173,"Subpopulation_1"
"NGS_H19_LOI_Rep1","Read_2590",0.981805565108346,"Subpopulation_1"
"NGS_H19_LOI_Rep1","Read_2591",0.978782779849949,"Subpopulation_1"
"NGS_H19_LOI_Rep1","Read_2592",0.973527607119584,"Subpopulation_1"
"NGS_H19_LOI_Rep1","Read_2593",0.988372712424162,"Subpopulation_1"
"NGS_H19_LOI_Rep1","Read_2594",0.975120492086318,"Subpopulation_1"
"NGS_H19_LOI_Rep1","Read_2595",0.987968083945918,"Subpopulation_1"
"NGS_H19_LOI_Rep1","Read_2596",0.97866235863035,"Subpopulation_1"
"NGS_H19_LOI_Rep1","Read_2597",0.976748380422996,"Subpopulation_1"
"NGS_H19_LOI_Rep1","Read_2598",0.983660520122725,"Subpopulation_1"
"NGS_H19_LOI_Rep1","Read_2599",0.982962372015032,"Subpopulation_1"
"NGS_H19_LOI_Rep1","Read_2600",0.975701095347743,"Subpopulation_1"
"NGS_H19_LOI_Rep1","Read_2601",0.985870425678066,"Subpopulation_1"
"NGS_H19_LOI_Rep1","Read_2602",0.980285750627238,"Subpopulation_1"
"NGS_H19_LOI_Rep1","Read_2603",0.976401409732006,"Subpopulation_1"
"NGS_H19_LOI_Rep1","Read_2604",0.988124670819754,"Subpopulation_1"
"NGS_H19_LOI_Rep1","Read_2605",0.982895791076765,"Subpopulation_1"
"NGS_H19_LOI_Rep1","Read_2606",0.974548554858185,"Subpopulation_1"
"NGS_H19_LOI_Rep1","Read_2607",0.977375712956049,"Subpopulation_1"
"NGS_H19_LOI_Rep1","Read_2608",0.982975276654193,"Subpopulation_1"
"NGS_H19_LOI_Rep1","Read_2609",0.973747583947334,"Subpopulation_1"
"NGS_H19_LOI_Rep1","Read_2610",0.978734915471745,"Subpopulation_1"
"NGS_H19_LOI_Rep1","Read_2611",0.978325626422081,"Subpopulation_1"
"NGS_H19_LOI_Rep1","Read_2612",0.985104417540222,"Subpopulation_1"
"NGS_H19_LOI_Rep1","Read_2613",0.972449629167695,"Subpopulation_1"
"NGS_H19_LOI_Rep1","Read_2614",0.980770194129478,"Subpopulation_1"
"NGS_H19_LOI_Rep1","Read_2615",0.978989622534047,"Subpopulation_1"
"NGS_H19_LOI_Rep1","Read_2616",0.979804950632019,"Subpopulation_1"
"NGS_H19_LOI_Rep1","Read_2617",0.968531377579247,"Subpopulation_1"
"NGS_H19_LOI_Rep1","Read_2618",0.97998867376151,"Subpopulation_1"
"NGS_H19_LOI_Rep1","Read_2619",0.980349917425651,"Subpopulation_1"
"NGS_H19_LOI_Rep1","Read_2620",0.97842098440665,"Subpopulation_1"
"NGS_H19_LOI_Rep1","Read_2621",0.978397908978966,"Subpopulation_1"
"NGS_H19_LOI_Rep1","Read_2622",0.97335026182867,"Subpopulation_1"
"NGS_H19_LOI_Rep1","Read_2623",0.980491888719447,"Subpopulation_1"
"NGS_H19_LOI_Rep1","Read_2624",0.978492035604341,"Subpopulation_1"
"NGS_H19_LOI_Rep1","Read_2625",0.976712315129594,"Subpopulation_1"
"NGS_H19_LOI_Rep1","Read_2626",0.985599059760128,"Subpopulation_1"
"NGS_H19_LOI_Rep1","Read_2627",0.987611625326074,"Subpopulation_1"
"NGS_H19_LOI_Rep1","Read_2628",0.967644087943827,"Subpopulation_1"
"NGS_H19_LOI_Rep1","Read_2629",0.978504239761828,"Subpopulation_1"
"NGS_H19_LOI_Rep1","Read_2630",0.990242705318228,"Subpopulation_1"
"NGS_H19_LOI_Rep1","Read_2631",0.979426671825986,"Subpopulation_1"
"NGS_H19_LOI_Rep1","Read_2632",0.985850877372872,"Subpopulation_1"
"NGS_H19_LOI_Rep1","Read_2633",0.975122786259992,"Subpopulation_1"
"NGS_H19_LOI_Rep1","Read_2634",0.976528701582721,"Subpopulation_1"
"NGS_H19_LOI_Rep1","Read_2635",0.977231863237264,"Subpopulation_1"
"NGS_H19_LOI_Rep1","Read_2636",0.981278220683392,"Subpopulation_1"
"NGS_H19_LOI_Rep1","Read_2637",0.98012449028735,"Subpopulation_1"
"NGS_H19_LOI_Rep1","Read_2638",0.988251456379579,"Subpopulation_1"
"NGS_H19_LOI_Rep1","Read_2639",0.984731967941197,"Subpopulation_1"
"NGS_H19_LOI_Rep1","Read_2640",0.983856598437148,"Subpopulation_1"
"NGS_H19_LOI_Rep1","Read_2641",0.981698583450063,"Subpopulation_1"
"NGS_H19_LOI_Rep1","Read_2642",0.973385408707281,"Subpopulation_1"
"NGS_H19_LOI_Rep1","Read_2643",0.98506458893551,"Subpopulation_1"
"NGS_H19_LOI_Rep1","Read_2644",0.977823711019444,"Subpopulation_1"
"NGS_H19_LOI_Rep1","Read_2645",0.978837814557691,"Subpopulation_1"
"NGS_H19_LOI_Rep1","Read_2646",0.98651161781538,"Subpopulation_1"
"NGS_H19_LOI_Rep1","Read_2647",0.980424772222955,"Subpopulation_1"
"NGS_H19_LOI_Rep1","Read_2648",0.980654443357083,"Subpopulation_1"
"NGS_H19_LOI_Rep1","Read_2649",0.980889797456158,"Subpopulation_1"
"NGS_H19_LOI_Rep1","Read_2650",0.979475140612385,"Subpopulation_1"
"NGS_H19_LOI_Rep1","Read_2651",0.983200459496589,"Subpopulation_1"
"NGS_H19_LOI_Rep1","Read_2652",0.979305945167625,"Subpopulation_1"
"NGS_H19_LOI_Rep1","Read_2653",0.978525782492854,"Subpopulation_1"
"NGS_H19_LOI_Rep1","Read_2654",0.985223076021842,"Subpopulation_1"
"NGS_H19_LOI_Rep1","Read_2655",0.983119212913692,"Subpopulation_1"
"NGS_H19_LOI_Rep1","Read_2656",0.982398112184449,"Subpopulation_1"
"NGS_H19_LOI_Rep1","Read_2657",0.982198449304935,"Subpopulation_1"
"NGS_H19_LOI_Rep1","Read_2658",0.97801555483012,"Subpopulation_1"
"NGS_H19_LOI_Rep1","Read_2659",0.98836210823802,"Subpopulation_1"
"NGS_H19_LOI_Rep1","Read_2660",0.984271473167523,"Subpopulation_1"
"NGS_H19_LOI_Rep1","Read_2661",0.980331348308424,"Subpopulation_1"
"NGS_H19_LOI_Rep1","Read_2662",0.974028321253709,"Subpopulation_1"
"NGS_H19_LOI_Rep1","Read_2663",0.984677607491888,"Subpopulation_1"
"NGS_H19_LOI_Rep1","Read_2664",0.980671027079214,"Subpopulation_1"
"NGS_H19_LOI_Rep1","Read_2665",0.979132576258875,"Subpopulation_1"
"NGS_H19_LOI_Rep1","Read_2666",0.982730363880914,"Subpopulation_1"
"NGS_H19_LOI_Rep1","Read_2667",0.982744858461995,"Subpopulation_1"
"NGS_H19_LOI_Rep1","Read_2668",0.973030524839372,"Subpopulation_1"
"NGS_H19_LOI_Rep1","Read_2669",0.973648576442307,"Subpopulation_1"
"NGS_H19_LOI_Rep1","Read_2670",0.977655130831577,"Subpopulation_1"
"NGS_H19_LOI_Rep1","Read_2671",0.975620955439383,"Subpopulation_1"
"NGS_H19_LOI_Rep1","Read_2672",0.981014791880647,"Subpopulation_1"
"NGS_H19_LOI_Rep1","Read_2673",0.984822325948353,"Subpopulation_1"
"NGS_H19_LOI_Rep1","Read_2674",0.981420345992654,"Subpopulation_1"
"NGS_H19_LOI_Rep1","Read_2675",0.987795125159584,"Subpopulation_1"
"NGS_H19_LOI_Rep1","Read_2676",0.982531507561114,"Subpopulation_1"
"NGS_H19_LOI_Rep1","Read_2677",0.985892389430373,"Subpopulation_1"
"NGS_H19_LOI_Rep1","Read_2678",0.980323712849269,"Subpopulation_1"
"NGS_H19_LOI_Rep1","Read_2679",0.97029071387242,"Subpopulation_1"
"NGS_H19_LOI_Rep1","Read_2680",0.981536374023813,"Subpopulation_1"
"NGS_H19_LOI_Rep1","Read_2681",0.981962928318202,"Subpopulation_1"
"NGS_H19_LOI_Rep1","Read_2682",0.973698749814965,"Subpopulation_1"
"NGS_H19_LOI_Rep1","Read_2683",0.975012496246682,"Subpopulation_1"
"NGS_H19_LOI_Rep1","Read_2684",0.978791488939856,"Subpopulation_1"
"NGS_H19_LOI_Rep1","Read_2685",0.984564884911218,"Subpopulation_1"
"NGS_H19_LOI_Rep1","Read_2686",0.988543642070642,"Subpopulation_1"
"NGS_H19_LOI_Rep1","Read_2687",0.981252145419371,"Subpopulation_1"
"NGS_H19_LOI_Rep1","Read_2688",0.974052329725449,"Subpopulation_1"
"NGS_H19_LOI_Rep1","Read_2689",0.979014965124523,"Subpopulation_1"
"NGS_H19_LOI_Rep1","Read_2690",0.985515088118377,"Subpopulation_1"
"NGS_H19_LOI_Rep1","Read_2691",0.984022295318103,"Subpopulation_1"
"NGS_H19_LOI_Rep1","Read_2692",0.98246373315428,"Subpopulation_1"
"NGS_H19_LOI_Rep1","Read_2693",0.978454959634677,"Subpopulation_1"
"NGS_H19_LOI_Rep1","Read_2694",0.988859350618992,"Subpopulation_1"
"NGS_H19_LOI_Rep1","Read_2695",0.981364313590301,"Subpopulation_1"
"NGS_H19_LOI_Rep1","Read_2696",0.977065544098543,"Subpopulation_1"
"NGS_H19_LOI_Rep1","Read_2697",0.980045321016862,"Subpopulation_1"
"NGS_H19_LOI_Rep1","Read_2698",0.969879971413832,"Subpopulation_1"
"NGS_H19_LOI_Rep1","Read_2699",0.976194633255863,"Subpopulation_1"
"NGS_H19_LOI_Rep1","Read_2700",0.979850898516365,"Subpopulation_1"
"NGS_H19_LOI_Rep1","Read_2701",0.974241516655306,"Subpopulation_1"
"NGS_H19_LOI_Rep1","Read_2702",0.988719403257236,"Subpopulation_1"
"NGS_H19_LOI_Rep1","Read_2703",0.988172375403051,"Subpopulation_1"
"NGS_H19_LOI_Rep1","Read_2704",0.98307493296823,"Subpopulation_1"
"NGS_H19_LOI_Rep1","Read_2705",0.981824277222106,"Subpopulation_1"
"NGS_H19_LOI_Rep1","Read_2706",0.978832043224368,"Subpopulation_1"
"NGS_H19_LOI_Rep1","Read_2707",0.982892975047023,"Subpopulation_1"
"NGS_H19_LOI_Rep1","Read_2708",0.980273737344034,"Subpopulation_1"
"NGS_H19_LOI_Rep1","Read_2709",0.97712224488987,"Subpopulation_1"
"NGS_H19_LOI_Rep1","Read_2710",0.982897690276498,"Subpopulation_1"
"NGS_H19_LOI_Rep1","Read_2711",0.979344329998736,"Subpopulation_1"
"NGS_H19_LOI_Rep1","Read_2712",0.981703435066016,"Subpopulation_1"
"NGS_H19_LOI_Rep1","Read_2713",0.984277310257409,"Subpopulation_1"
"NGS_H19_LOI_Rep1","Read_2714",0.978258600205035,"Subpopulation_1"
"NGS_H19_LOI_Rep1","Read_2715",0.980040345870507,"Subpopulation_1"
"NGS_H19_LOI_Rep1","Read_2716",0.977248360810556,"Subpopulation_1"
"NGS_H19_LOI_Rep1","Read_2717",0.986345693495968,"Subpopulation_1"
"NGS_H19_LOI_Rep1","Read_2718",0.986445975744587,"Subpopulation_1"
"NGS_H19_LOI_Rep1","Read_2719",0.986003486617879,"Subpopulation_1"
"NGS_H19_LOI_Rep1","Read_2720",0.978042584213775,"Subpopulation_1"
"NGS_H19_LOI_Rep1","Read_2721",0.982796721679634,"Subpopulation_1"
"NGS_H19_LOI_Rep1","Read_2722",0.984179447462921,"Subpopulation_1"
"NGS_H19_LOI_Rep1","Read_2723",0.985284554955684,"Subpopulation_1"
"NGS_H19_LOI_Rep1","Read_2724",0.989688166777053,"Subpopulation_1"
"NGS_H19_LOI_Rep1","Read_2725",0.976164394741187,"Subpopulation_1"
"NGS_H19_LOI_Rep1","Read_2726",0.975858366835424,"Subpopulation_1"
"NGS_H19_LOI_Rep1","Read_2727",0.981578585026563,"Subpopulation_1"
"NGS_H19_LOI_Rep1","Read_2728",0.977677959938408,"Subpopulation_1"
"NGS_H19_LOI_Rep1","Read_2729",0.973116455993404,"Subpopulation_1"
"NGS_H19_LOI_Rep1","Read_2730",0.984696893223827,"Subpopulation_1"
"NGS_H19_LOI_Rep1","Read_2731",0.974656938777238,"Subpopulation_1"
"NGS_H19_LOI_Rep1","Read_2732",0.981657168677429,"Subpopulation_1"
"NGS_H19_LOI_Rep1","Read_2733",0.983796482757026,"Subpopulation_1"
"NGS_H19_LOI_Rep1","Read_2734",0.983756804895946,"Subpopulation_1"
"NGS_H19_LOI_Rep1","Read_2735",0.973668942995006,"Subpopulation_1"
"NGS_H19_LOI_Rep1","Read_2736",0.984532040069147,"Subpopulation_1"
"NGS_H19_LOI_Rep1","Read_2737",0.97477525326648,"Subpopulation_1"
"NGS_H19_LOI_Rep1","Read_2738",0.979859133735154,"Subpopulation_1"
"NGS_H19_LOI_Rep1","Read_2739",0.978986135917487,"Subpopulation_1"
"NGS_H19_LOI_Rep1","Read_2740",0.984729626902359,"Subpopulation_1"
"NGS_H19_LOI_Rep1","Read_2741",0.97737821640275,"Subpopulation_1"
"NGS_H19_LOI_Rep1","Read_2742",0.97223148150003,"Subpopulation_1"
"NGS_H19_LOI_Rep1","Read_2743",0.979524844150779,"Subpopulation_1"
"NGS_H19_LOI_Rep1","Read_2744",0.979166152472893,"Subpopulation_1"
"NGS_H19_LOI_Rep1","Read_2745",0.981359015041175,"Subpopulation_1"
"NGS_H19_LOI_Rep1","Read_2746",0.980581197743665,"Subpopulation_1"
"NGS_H19_LOI_Rep1","Read_2747",0.987552314584963,"Subpopulation_1"
"NGS_H19_LOI_Rep1","Read_2748",0.97956957982147,"Subpopulation_1"
"NGS_H19_LOI_Rep1","Read_2749",0.986401748666285,"Subpopulation_1"
"NGS_H19_LOI_Rep1","Read_2750",0.976778313780995,"Subpopulation_1"
"NGS_H19_LOI_Rep1","Read_2751",0.980568100938637,"Subpopulation_1"
"NGS_H19_LOI_Rep1","Read_2752",0.980318201748749,"Subpopulation_1"
"NGS_H19_LOI_Rep1","Read_2753",0.974757018744053,"Subpopulation_1"
"NGS_H19_LOI_Rep1","Read_2754",0.981035436574608,"Subpopulation_1"
"NGS_H19_LOI_Rep1","Read_2755",0.975918012255726,"Subpopulation_1"
"NGS_H19_LOI_Rep1","Read_2756",0.973891352806831,"Subpopulation_1"
"NGS_H19_LOI_Rep1","Read_2757",0.984110236367678,"Subpopulation_1"
"NGS_H19_LOI_Rep1","Read_2758",0.980803049688706,"Subpopulation_1"
"NGS_H19_LOI_Rep1","Read_2759",0.983255682572774,"Subpopulation_1"
"NGS_H19_LOI_Rep1","Read_2760",0.979275617906592,"Subpopulation_1"
"NGS_H19_LOI_Rep1","Read_2761",0.975962067691194,"Subpopulation_1"
"NGS_H19_LOI_Rep1","Read_2762",0.970224165749564,"Subpopulation_1"
"NGS_H19_LOI_Rep1","Read_2763",0.982006423312281,"Subpopulation_1"
"NGS_H19_LOI_Rep1","Read_2764",0.979441640358798,"Subpopulation_1"
"NGS_H19_LOI_Rep1","Read_2765",0.985513043749608,"Subpopulation_1"
"NGS_H19_LOI_Rep1","Read_2766",0.978397730941265,"Subpopulation_1"
"NGS_H19_LOI_Rep1","Read_2767",0.982427506824989,"Subpopulation_1"
"NGS_H19_LOI_Rep1","Read_2768",0.978986334845999,"Subpopulation_1"
"NGS_H19_LOI_Rep1","Read_2769",0.983715510367359,"Subpopulation_1"
"NGS_H19_LOI_Rep1","Read_2770",0.975381949371623,"Subpopulation_1"
"NGS_H19_LOI_Rep1","Read_2771",0.976921722536179,"Subpopulation_1"
"NGS_H19_LOI_Rep1","Read_2772",0.983313984768155,"Subpopulation_1"
"NGS_H19_LOI_Rep1","Read_2773",0.985626008466994,"Subpopulation_1"
"NGS_H19_LOI_Rep1","Read_2774",0.971083036310708,"Subpopulation_1"
"NGS_H19_LOI_Rep1","Read_2775",0.985102677201691,"Subpopulation_1"
"NGS_H19_LOI_Rep1","Read_2776",0.971123376965821,"Subpopulation_1"
"NGS_H19_LOI_Rep1","Read_2777",0.973016798962484,"Subpopulation_1"
"NGS_H19_LOI_Rep1","Read_2778",0.981675767063239,"Subpopulation_1"
"NGS_H19_LOI_Rep1","Read_2779",0.977819129405302,"Subpopulation_1"
"NGS_H19_LOI_Rep1","Read_2780",0.982649106678461,"Subpopulation_1"
"NGS_H19_LOI_Rep1","Read_2781",0.982341315754768,"Subpopulation_1"
"NGS_H19_LOI_Rep1","Read_2782",0.972651710605157,"Subpopulation_1"
"NGS_H19_LOI_Rep1","Read_2783",0.983344946163831,"Subpopulation_1"
"NGS_H19_LOI_Rep1","Read_2784",0.985334579238797,"Subpopulation_1"
"NGS_H19_LOI_Rep1","Read_2785",0.981122837406782,"Subpopulation_1"
"NGS_H19_LOI_Rep1","Read_2786",0.978792205719328,"Subpopulation_1"
"NGS_H19_LOI_Rep1","Read_2787",0.978265226989869,"Subpopulation_1"
"NGS_H19_LOI_Rep1","Read_2788",0.98305358065881,"Subpopulation_1"
"NGS_H19_LOI_Rep1","Read_2789",0.984846611097044,"Subpopulation_1"
"NGS_H19_LOI_Rep1","Read_2790",0.983681205264264,"Subpopulation_1"
"NGS_H19_LOI_Rep1","Read_2791",0.973361476894006,"Subpopulation_1"
"NGS_H19_LOI_Rep1","Read_2792",0.974924172743206,"Subpopulation_1"
"NGS_H19_LOI_Rep1","Read_2793",0.98413764892786,"Subpopulation_1"
"NGS_H19_LOI_Rep1","Read_2794",0.977498120295291,"Subpopulation_1"
"NGS_H19_LOI_Rep1","Read_2795",0.979066524855768,"Subpopulation_1"
"NGS_H19_LOI_Rep1","Read_2796",0.986439735316358,"Subpopulation_1"
"NGS_H19_LOI_Rep1","Read_2797",0.978217539892534,"Subpopulation_1"
"NGS_H19_LOI_Rep1","Read_2798",0.985030140475213,"Subpopulation_1"
"NGS_H19_LOI_Rep1","Read_2799",0.98291405573992,"Subpopulation_1"
"NGS_H19_LOI_Rep1","Read_2800",0.984262706399484,"Subpopulation_1"
"NGS_H19_LOI_Rep1","Read_2801",0.978595061350398,"Subpopulation_1"
"NGS_H19_LOI_Rep1","Read_2802",0.975513750684147,"Subpopulation_1"
"NGS_H19_LOI_Rep1","Read_2803",0.985384000196867,"Subpopulation_1"
"NGS_H19_LOI_Rep1","Read_2804",0.983427009748153,"Subpopulation_1"
"NGS_H19_LOI_Rep1","Read_2805",0.986001964875113,"Subpopulation_1"
"NGS_H19_LOI_Rep1","Read_2806",0.984844449638204,"Subpopulation_1"
"NGS_H19_LOI_Rep1","Read_2807",0.98356385137184,"Subpopulation_1"
"NGS_H19_LOI_Rep1","Read_2808",0.980572145192684,"Subpopulation_1"
"NGS_H19_LOI_Rep1","Read_2809",0.982842420143376,"Subpopulation_1"
"NGS_H19_LOI_Rep1","Read_2810",0.981962812813795,"Subpopulation_1"
"NGS_H19_LOI_Rep1","Read_2811",0.980031559868106,"Subpopulation_1"
"NGS_H19_LOI_Rep1","Read_2812",0.975492800578251,"Subpopulation_1"
"NGS_H19_LOI_Rep1","Read_2813",0.983342267789316,"Subpopulation_1"
"NGS_H19_LOI_Rep1","Read_2814",0.980159748232657,"Subpopulation_1"
"NGS_H19_LOI_Rep1","Read_2815",0.977769702572456,"Subpopulation_1"
"NGS_H19_LOI_Rep1","Read_2816",0.978303502473132,"Subpopulation_1"
"NGS_H19_LOI_Rep1","Read_2817",0.979748787599607,"Subpopulation_1"
"NGS_H19_LOI_Rep1","Read_2818",0.985151854420184,"Subpopulation_1"
"NGS_H19_LOI_Rep1","Read_2819",0.980721550771279,"Subpopulation_1"
"NGS_H19_LOI_Rep1","Read_2820",0.988146987815267,"Subpopulation_1"
"NGS_H19_LOI_Rep1","Read_2821",0.975479963213476,"Subpopulation_1"
"NGS_H19_LOI_Rep1","Read_2822",0.981203878037893,"Subpopulation_1"
"NGS_H19_LOI_Rep1","Read_2823",0.972966793025613,"Subpopulation_1"
"NGS_H19_LOI_Rep1","Read_2824",0.983861315291942,"Subpopulation_1"
"NGS_H19_LOI_Rep1","Read_2825",0.986855975153757,"Subpopulation_1"
"NGS_H19_LOI_Rep1","Read_2826",0.982644341402085,"Subpopulation_1"
"NGS_H19_LOI_Rep1","Read_2827",0.977294513185093,"Subpopulation_1"
"NGS_H19_LOI_Rep1","Read_2828",0.974187201461143,"Subpopulation_1"
"NGS_H19_LOI_Rep1","Read_2829",0.974851742149224,"Subpopulation_1"
"NGS_H19_LOI_Rep1","Read_2830",0.985695679341374,"Subpopulation_1"
"NGS_H19_LOI_Rep1","Read_2831",0.970288485550415,"Subpopulation_1"
"NGS_H19_LOI_Rep1","Read_2832",0.970798792857281,"Subpopulation_1"
"NGS_H19_LOI_Rep1","Read_2833",0.975717971389908,"Subpopulation_1"
"NGS_H19_LOI_Rep1","Read_2834",0.977143570217048,"Subpopulation_1"
"NGS_H19_LOI_Rep1","Read_2835",0.981830755995924,"Subpopulation_1"
"NGS_H19_LOI_Rep1","Read_2836",0.980602396515724,"Subpopulation_1"
"NGS_H19_LOI_Rep1","Read_2837",0.984461945607287,"Subpopulation_1"
"NGS_H19_LOI_Rep1","Read_2838",0.980518388606692,"Subpopulation_1"
"NGS_H19_LOI_Rep1","Read_2839",0.988630257889869,"Subpopulation_1"
"NGS_H19_LOI_Rep1","Read_2840",0.979753838543523,"Subpopulation_1"
"NGS_H19_LOI_Rep1","Read_2841",0.982867542790802,"Subpopulation_1"
"NGS_H19_LOI_Rep1","Read_2842",0.980601966486486,"Subpopulation_1"
"NGS_H19_LOI_Rep1","Read_2843",0.978546036370546,"Subpopulation_1"
"NGS_H19_LOI_Rep1","Read_2844",0.979185244876076,"Subpopulation_1"
"NGS_H19_LOI_Rep1","Read_2845",0.984351720415424,"Subpopulation_1"
"NGS_H19_LOI_Rep1","Read_2846",0.985039272238214,"Subpopulation_1"
"NGS_H19_LOI_Rep1","Read_2847",0.9787105685736,"Subpopulation_1"
"NGS_H19_LOI_Rep1","Read_2848",0.985092631766183,"Subpopulation_1"
"NGS_H19_LOI_Rep1","Read_2849",0.981317182040222,"Subpopulation_1"
"NGS_H19_LOI_Rep1","Read_2850",0.982795137518942,"Subpopulation_1"
"NGS_H19_LOI_Rep1","Read_2851",0.984062470112204,"Subpopulation_1"
"NGS_H19_LOI_Rep1","Read_2852",0.973887684729085,"Subpopulation_1"
"NGS_H19_LOI_Rep1","Read_2853",0.979494238380774,"Subpopulation_1"
"NGS_H19_LOI_Rep1","Read_2854",0.984456929461164,"Subpopulation_1"
"NGS_H19_LOI_Rep1","Read_2855",0.975973111506534,"Subpopulation_1"
"NGS_H19_LOI_Rep1","Read_2856",0.981134712317162,"Subpopulation_1"
"NGS_H19_LOI_Rep1","Read_2857",0.980411609638359,"Subpopulation_1"
"NGS_H19_LOI_Rep1","Read_2858",0.977370989287781,"Subpopulation_1"
"NGS_H19_LOI_Rep1","Read_2859",0.981218340823974,"Subpopulation_1"
"NGS_H19_LOI_Rep1","Read_2860",0.969648770225365,"Subpopulation_1"
"NGS_H19_LOI_Rep1","Read_2861",0.979766527767298,"Subpopulation_1"
"NGS_H19_LOI_Rep1","Read_2862",0.981192043605679,"Subpopulation_1"
"NGS_H19_LOI_Rep1","Read_2863",0.982985604843594,"Subpopulation_1"
"NGS_H19_LOI_Rep1","Read_2864",0.977386676440081,"Subpopulation_1"
"NGS_H19_LOI_Rep1","Read_2865",0.974225392597534,"Subpopulation_1"
"NGS_H19_LOI_Rep1","Read_2866",0.984114348876847,"Subpopulation_1"
"NGS_H19_LOI_Rep1","Read_2867",0.980912238904583,"Subpopulation_1"
"NGS_H19_LOI_Rep1","Read_2868",0.982458979289901,"Subpopulation_1"
"NGS_H19_LOI_Rep1","Read_2869",0.985849168681481,"Subpopulation_1"
"NGS_H19_LOI_Rep1","Read_2870",0.976045698228154,"Subpopulation_1"
"NGS_H19_LOI_Rep1","Read_2871",0.978089090079722,"Subpopulation_1"
"NGS_H19_LOI_Rep1","Read_2872",0.979691151903952,"Subpopulation_1"
"NGS_H19_LOI_Rep1","Read_2873",0.982610436030258,"Subpopulation_1"
"NGS_H19_LOI_Rep1","Read_2874",0.985427836958576,"Subpopulation_1"
"NGS_H19_LOI_Rep1","Read_2875",0.984410704843253,"Subpopulation_1"
"NGS_H19_LOI_Rep1","Read_2876",0.984273223043134,"Subpopulation_1"
"NGS_H19_LOI_Rep1","Read_2877",0.98355543052673,"Subpopulation_1"
"NGS_H19_LOI_Rep1","Read_2878",0.972197192381554,"Subpopulation_1"
"NGS_H19_LOI_Rep1","Read_2879",0.987360476026883,"Subpopulation_1"
"NGS_H19_LOI_Rep1","Read_2880",0.976437589750241,"Subpopulation_1"
"NGS_H19_LOI_Rep1","Read_2881",0.975235557650731,"Subpopulation_1"
"NGS_H19_LOI_Rep1","Read_2882",0.985967008333979,"Subpopulation_1"
"NGS_H19_LOI_Rep1","Read_2883",0.974761399602866,"Subpopulation_1"
"NGS_H19_LOI_Rep1","Read_2884",0.981623885083854,"Subpopulation_1"
"NGS_H19_LOI_Rep1","Read_2885",0.986907135667388,"Subpopulation_1"
"NGS_H19_LOI_Rep1","Read_2886",0.977177257224132,"Subpopulation_1"
"NGS_H19_LOI_Rep1","Read_2887",0.979949853828484,"Subpopulation_1"
"NGS_H19_LOI_Rep1","Read_2888",0.977588550238413,"Subpopulation_1"
"NGS_H19_LOI_Rep1","Read_2889",0.979791701841151,"Subpopulation_1"
"NGS_H19_LOI_Rep1","Read_2890",0.988017992831416,"Subpopulation_1"
"NGS_H19_LOI_Rep1","Read_2891",0.984165206857184,"Subpopulation_1"
"NGS_H19_LOI_Rep1","Read_2892",0.983576746077861,"Subpopulation_1"
"NGS_H19_LOI_Rep1","Read_2893",0.984267831794496,"Subpopulation_1"
"NGS_H19_LOI_Rep1","Read_2894",0.977419138322942,"Subpopulation_1"
"NGS_H19_LOI_Rep1","Read_2895",0.977110449780378,"Subpopulation_1"
"NGS_H19_LOI_Rep1","Read_2896",0.976722704740516,"Subpopulation_1"
"NGS_H19_LOI_Rep1","Read_2897",0.985936056290323,"Subpopulation_1"
"NGS_H19_LOI_Rep1","Read_2898",0.983651095951187,"Subpopulation_1"
"NGS_H19_LOI_Rep1","Read_2899",0.988570968231984,"Subpopulation_1"
"NGS_H19_LOI_Rep1","Read_2900",0.981028284141703,"Subpopulation_1"
"NGS_H19_LOI_Rep1","Read_2901",0.978499962579244,"Subpopulation_1"
"NGS_H19_LOI_Rep1","Read_2902",0.975745547577478,"Subpopulation_1"
"NGS_H19_LOI_Rep1","Read_2903",0.977694540308297,"Subpopulation_1"
"NGS_H19_LOI_Rep1","Read_2904",0.982988643995217,"Subpopulation_1"
"NGS_H19_LOI_Rep1","Read_2905",0.982960928430799,"Subpopulation_1"
"NGS_H19_LOI_Rep1","Read_2906",0.973889134938555,"Subpopulation_1"
"NGS_H19_LOI_Rep1","Read_2907",0.975810302990093,"Subpopulation_1"
"NGS_H19_LOI_Rep1","Read_2908",0.979646754662118,"Subpopulation_1"
"NGS_H19_LOI_Rep1","Read_2909",0.984355191432524,"Subpopulation_1"
"NGS_H19_LOI_Rep1","Read_2910",0.987036181956359,"Subpopulation_1"
"NGS_H19_LOI_Rep1","Read_2911",0.986768443446579,"Subpopulation_1"
"NGS_H19_LOI_Rep1","Read_2912",0.981964346654317,"Subpopulation_1"
"NGS_H19_LOI_Rep1","Read_2913",0.986362806790348,"Subpopulation_1"
"NGS_H19_LOI_Rep1","Read_2914",0.984126288653844,"Subpopulation_1"
"NGS_H19_LOI_Rep1","Read_2915",0.977029786330016,"Subpopulation_1"
"NGS_H19_LOI_Rep1","Read_2916",0.976392414509907,"Subpopulation_1"
"NGS_H19_LOI_Rep1","Read_2917",0.985708444728584,"Subpopulation_1"
"NGS_H19_LOI_Rep1","Read_2918",0.97075694031829,"Subpopulation_1"
"NGS_H19_LOI_Rep1","Read_2919",0.984133373810368,"Subpopulation_1"
"NGS_H19_LOI_Rep1","Read_2920",0.985019569597921,"Subpopulation_1"
"NGS_H19_LOI_Rep1","Read_2921",0.977003800329151,"Subpopulation_1"
"NGS_H19_LOI_Rep1","Read_2922",0.977867607213669,"Subpopulation_1"
"NGS_H19_LOI_Rep1","Read_2923",0.979516172330042,"Subpopulation_1"
"NGS_H19_LOI_Rep1","Read_2924",0.981221737841971,"Subpopulation_1"
"NGS_H19_LOI_Rep1","Read_2925",0.966533636438263,"Subpopulation_1"
"NGS_H19_LOI_Rep1","Read_2926",0.990398414822889,"Subpopulation_1"
"NGS_H19_LOI_Rep1","Read_2927",0.977083967529451,"Subpopulation_1"
"NGS_H19_LOI_Rep1","Read_2928",0.984827160414338,"Subpopulation_1"
"NGS_H19_LOI_Rep1","Read_2929",0.973192636387338,"Subpopulation_1"
"NGS_H19_LOI_Rep1","Read_2930",0.988125928197418,"Subpopulation_1"
"NGS_H19_LOI_Rep1","Read_2931",0.983618847930928,"Subpopulation_1"
"NGS_H19_LOI_Rep1","Read_2932",0.978482764255245,"Subpopulation_1"
"NGS_H19_LOI_Rep1","Read_2933",0.986247917209074,"Subpopulation_1"
"NGS_H19_LOI_Rep1","Read_2934",0.981864025629468,"Subpopulation_1"
"NGS_H19_LOI_Rep1","Read_2935",0.984951485491802,"Subpopulation_1"
"NGS_H19_LOI_Rep1","Read_2936",0.986988919381155,"Subpopulation_1"
"NGS_H19_LOI_Rep1","Read_2937",0.983566883671708,"Subpopulation_1"
"NGS_H19_LOI_Rep1","Read_2938",0.985261609045962,"Subpopulation_1"
"NGS_H19_LOI_Rep1","Read_2939",0.982388322217141,"Subpopulation_1"
"NGS_H19_LOI_Rep1","Read_2940",0.986628711055118,"Subpopulation_1"
"NGS_H19_LOI_Rep1","Read_2941",0.984755916289795,"Subpopulation_1"
"NGS_H19_LOI_Rep1","Read_2942",0.976072291222169,"Subpopulation_1"
"NGS_H19_LOI_Rep1","Read_2943",0.968827608607035,"Subpopulation_1"
"NGS_H19_LOI_Rep1","Read_2944",0.984285180742939,"Subpopulation_1"
"NGS_H19_LOI_Rep1","Read_2945",0.980214004767875,"Subpopulation_1"
"NGS_H19_LOI_Rep1","Read_2946",0.984140415682337,"Subpopulation_1"
"NGS_H19_LOI_Rep1","Read_2947",0.978936905046477,"Subpopulation_1"
"NGS_H19_LOI_Rep1","Read_2948",0.981614442502258,"Subpopulation_1"
"NGS_H19_LOI_Rep1","Read_2949",0.987483900254247,"Subpopulation_1"
"NGS_H19_LOI_Rep1","Read_2950",0.976560905958842,"Subpopulation_1"
"NGS_H19_LOI_Rep1","Read_2951",0.982552725747047,"Subpopulation_1"
"NGS_H19_LOI_Rep1","Read_2952",0.973790875844299,"Subpopulation_1"
"NGS_H19_LOI_Rep1","Read_2953",0.972731983164604,"Subpopulation_1"
"NGS_H19_LOI_Rep1","Read_2954",0.979901359794904,"Subpopulation_1"
"NGS_H19_LOI_Rep1","Read_2955",0.978911230820988,"Subpopulation_1"
"NGS_H19_LOI_Rep1","Read_2956",0.980499952410157,"Subpopulation_1"
"NGS_H19_LOI_Rep1","Read_2957",0.978085705159221,"Subpopulation_1"
"NGS_H19_LOI_Rep1","Read_2958",0.977268277471025,"Subpopulation_1"
"NGS_H19_LOI_Rep1","Read_2959",0.982069088747669,"Subpopulation_1"
"NGS_H19_LOI_Rep1","Read_2960",0.981556004180077,"Subpopulation_1"
"NGS_H19_LOI_Rep1","Read_2961",0.967730273618363,"Subpopulation_1"
"NGS_H19_LOI_Rep1","Read_2962",0.983961829399253,"Subpopulation_1"
"NGS_H19_LOI_Rep1","Read_2963",0.983963532395336,"Subpopulation_1"
"NGS_H19_LOI_Rep1","Read_2964",0.984084455694985,"Subpopulation_1"
"NGS_H19_LOI_Rep1","Read_2965",0.984411273036943,"Subpopulation_1"
"NGS_H19_LOI_Rep1","Read_2966",0.977920182689307,"Subpopulation_1"
"NGS_H19_LOI_Rep1","Read_2967",0.982850300747265,"Subpopulation_1"
"NGS_H19_LOI_Rep1","Read_2968",0.983121499721616,"Subpopulation_1"
"NGS_H19_LOI_Rep1","Read_2969",0.980753887357447,"Subpopulation_1"
"NGS_H19_LOI_Rep1","Read_2970",0.986353985287882,"Subpopulation_1"
"NGS_H19_LOI_Rep1","Read_2971",0.978758907429456,"Subpopulation_1"
"NGS_H19_LOI_Rep1","Read_2972",0.977490077291133,"Subpopulation_1"
"NGS_H19_LOI_Rep1","Read_2973",0.979419660598829,"Subpopulation_1"
"NGS_H19_LOI_Rep1","Read_2974",0.972738612681187,"Subpopulation_1"
"NGS_H19_LOI_Rep1","Read_2975",0.975441847975482,"Subpopulation_1"
"NGS_H19_LOI_Rep1","Read_2976",0.974256436801117,"Subpopulation_1"
"NGS_H19_LOI_Rep1","Read_2977",0.986922329030904,"Subpopulation_1"
"NGS_H19_LOI_Rep1","Read_2978",0.980761279472707,"Subpopulation_1"
"NGS_H19_LOI_Rep1","Read_2979",0.984938505882783,"Subpopulation_1"
"NGS_H19_LOI_Rep1","Read_2980",0.978480135543248,"Subpopulation_1"
"NGS_H19_LOI_Rep1","Read_2981",0.98209043955484,"Subpopulation_1"
"NGS_H19_LOI_Rep1","Read_2982",0.983933674920749,"Subpopulation_1"
"NGS_H19_LOI_Rep1","Read_2983",0.978633976326341,"Subpopulation_1"
"NGS_H19_LOI_Rep1","Read_2984",0.975564904434443,"Subpopulation_1"
"NGS_H19_LOI_Rep1","Read_2985",0.982336522951433,"Subpopulation_1"
"NGS_H19_LOI_Rep1","Read_2986",0.978897672898557,"Subpopulation_1"
"NGS_H19_LOI_Rep1","Read_2987",0.978353504559231,"Subpopulation_1"
"NGS_H19_LOI_Rep1","Read_2988",0.982145061359929,"Subpopulation_1"
"NGS_H19_LOI_Rep1","Read_2989",0.981753842117533,"Subpopulation_1"
"NGS_H19_LOI_Rep1","Read_2990",0.9801970294303,"Subpopulation_1"
"NGS_H19_LOI_Rep1","Read_2991",0.987048348999808,"Subpopulation_1"
"NGS_H19_LOI_Rep1","Read_2992",0.985034334473934,"Subpopulation_1"
"NGS_H19_LOI_Rep1","Read_2993",0.978104763815772,"Subpopulation_1"
"NGS_H19_LOI_Rep1","Read_2994",0.979325914507154,"Subpopulation_1"
"NGS_H19_LOI_Rep1","Read_2995",0.973345518155739,"Subpopulation_1"
"NGS_H19_LOI_Rep1","Read_2996",0.981690310109862,"Subpopulation_1"
"NGS_H19_LOI_Rep1","Read_2997",0.991916389712732,"Subpopulation_1"
"NGS_H19_LOI_Rep1","Read_2998",0.972080434428006,"Subpopulation_1"
"NGS_H19_LOI_Rep1","Read_2999",0.984630110060357,"Subpopulation_1"
"NGS_H19_LOI_Rep1","Read_3000",0.976152274283477,"Subpopulation_1"
