"Sample","ReadID","sampled_methylation","allele"
"NGS_H19_Hetero_Phased_Rep3","Read_1",0.984175250027959,"Haplotype_B_Meth"
"NGS_H19_Hetero_Phased_Rep3","Read_2",0.983105907765203,"Haplotype_B_Meth"
"NGS_H19_Hetero_Phased_Rep3","Read_3",0.0193861614057213,"Haplotype_A_Unmeth"
"NGS_H19_Hetero_Phased_Rep3","Read_4",0.017992673489617,"Haplotype_A_Unmeth"
"NGS_H19_Hetero_Phased_Rep3","Read_5",0.018577445316394,"Haplotype_A_Unmeth"
"NGS_H19_Hetero_Phased_Rep3","Read_6",0.0185922179117413,"Haplotype_A_Unmeth"
"NGS_H19_Hetero_Phased_Rep3","Read_7",0.0174628154509052,"Haplotype_A_Unmeth"
"NGS_H19_Hetero_Phased_Rep3","Read_8",0.0260211679398934,"Haplotype_A_Unmeth"
"NGS_H19_Hetero_Phased_Rep3","Read_9",0.982233476111544,"Haplotype_B_Meth"
"NGS_H19_Hetero_Phased_Rep3","Read_10",0.0201178830599569,"Haplotype_A_Unmeth"
"NGS_H19_Hetero_Phased_Rep3","Read_11",0.0175562418084779,"Haplotype_A_Unmeth"
"NGS_H19_Hetero_Phased_Rep3","Read_12",0.0149270415273982,"Haplotype_A_Unmeth"
"NGS_H19_Hetero_Phased_Rep3","Read_13",0.970989322781541,"Haplotype_B_Meth"
"NGS_H19_Hetero_Phased_Rep3","Read_14",0.0167572877760978,"Haplotype_A_Unmeth"
"NGS_H19_Hetero_Phased_Rep3","Read_15",0.0194974783038311,"Haplotype_A_Unmeth"
"NGS_H19_Hetero_Phased_Rep3","Read_16",0.0227757290697558,"Haplotype_A_Unmeth"
"NGS_H19_Hetero_Phased_Rep3","Read_17",0.0200053483800387,"Haplotype_A_Unmeth"
"NGS_H19_Hetero_Phased_Rep3","Read_18",0.0241760041055322,"Haplotype_A_Unmeth"
"NGS_H19_Hetero_Phased_Rep3","Read_19",0.981790455975796,"Haplotype_B_Meth"
"NGS_H19_Hetero_Phased_Rep3","Read_20",0.0212179045103011,"Haplotype_A_Unmeth"
"NGS_H19_Hetero_Phased_Rep3","Read_21",0.981805583915559,"Haplotype_B_Meth"
"NGS_H19_Hetero_Phased_Rep3","Read_22",0.976319100436518,"Haplotype_B_Meth"
"NGS_H19_Hetero_Phased_Rep3","Read_23",0.976520265885338,"Haplotype_B_Meth"
"NGS_H19_Hetero_Phased_Rep3","Read_24",0.0217079500076878,"Haplotype_A_Unmeth"
"NGS_H19_Hetero_Phased_Rep3","Read_25",0.975451304618083,"Haplotype_B_Meth"
"NGS_H19_Hetero_Phased_Rep3","Read_26",0.0207392997745856,"Haplotype_A_Unmeth"
"NGS_H19_Hetero_Phased_Rep3","Read_27",0.0206131757685158,"Haplotype_A_Unmeth"
"NGS_H19_Hetero_Phased_Rep3","Read_28",0.0280010408686508,"Haplotype_A_Unmeth"
"NGS_H19_Hetero_Phased_Rep3","Read_29",0.979737998235138,"Haplotype_B_Meth"
"NGS_H19_Hetero_Phased_Rep3","Read_30",0.0220617273367089,"Haplotype_A_Unmeth"
"NGS_H19_Hetero_Phased_Rep3","Read_31",0.021366657152236,"Haplotype_A_Unmeth"
"NGS_H19_Hetero_Phased_Rep3","Read_32",0.98673339012454,"Haplotype_B_Meth"
"NGS_H19_Hetero_Phased_Rep3","Read_33",0.0202160987399092,"Haplotype_A_Unmeth"
"NGS_H19_Hetero_Phased_Rep3","Read_34",0.982634854683324,"Haplotype_B_Meth"
"NGS_H19_Hetero_Phased_Rep3","Read_35",0.0243710852931383,"Haplotype_A_Unmeth"
"NGS_H19_Hetero_Phased_Rep3","Read_36",0.979378396984512,"Haplotype_B_Meth"
"NGS_H19_Hetero_Phased_Rep3","Read_37",0.0225313212023626,"Haplotype_A_Unmeth"
"NGS_H19_Hetero_Phased_Rep3","Read_38",0.979963201843678,"Haplotype_B_Meth"
"NGS_H19_Hetero_Phased_Rep3","Read_39",0.979672169889004,"Haplotype_B_Meth"
"NGS_H19_Hetero_Phased_Rep3","Read_40",0.0287888557603975,"Haplotype_A_Unmeth"
"NGS_H19_Hetero_Phased_Rep3","Read_41",0.0210053942784318,"Haplotype_A_Unmeth"
"NGS_H19_Hetero_Phased_Rep3","Read_42",0.0129679968566058,"Haplotype_A_Unmeth"
"NGS_H19_Hetero_Phased_Rep3","Read_43",0.982694125429431,"Haplotype_B_Meth"
"NGS_H19_Hetero_Phased_Rep3","Read_44",0.0192643658160126,"Haplotype_A_Unmeth"
"NGS_H19_Hetero_Phased_Rep3","Read_45",0.98539781436518,"Haplotype_B_Meth"
"NGS_H19_Hetero_Phased_Rep3","Read_46",0.979667180525967,"Haplotype_B_Meth"
"NGS_H19_Hetero_Phased_Rep3","Read_47",0.97991850514714,"Haplotype_B_Meth"
"NGS_H19_Hetero_Phased_Rep3","Read_48",0.0174059655798796,"Haplotype_A_Unmeth"
"NGS_H19_Hetero_Phased_Rep3","Read_49",0.975033876029852,"Haplotype_B_Meth"
"NGS_H19_Hetero_Phased_Rep3","Read_50",0.981938692612743,"Haplotype_B_Meth"
"NGS_H19_Hetero_Phased_Rep3","Read_51",0.0186677074878384,"Haplotype_A_Unmeth"
"NGS_H19_Hetero_Phased_Rep3","Read_52",0.974978106896404,"Haplotype_B_Meth"
"NGS_H19_Hetero_Phased_Rep3","Read_53",0.976467352958527,"Haplotype_B_Meth"
"NGS_H19_Hetero_Phased_Rep3","Read_54",0.0227132327295081,"Haplotype_A_Unmeth"
"NGS_H19_Hetero_Phased_Rep3","Read_55",0.0177938827619829,"Haplotype_A_Unmeth"
"NGS_H19_Hetero_Phased_Rep3","Read_56",0.0200694155061902,"Haplotype_A_Unmeth"
"NGS_H19_Hetero_Phased_Rep3","Read_57",0.984289269713978,"Haplotype_B_Meth"
"NGS_H19_Hetero_Phased_Rep3","Read_58",0.985760656163758,"Haplotype_B_Meth"
"NGS_H19_Hetero_Phased_Rep3","Read_59",0.979130404208283,"Haplotype_B_Meth"
"NGS_H19_Hetero_Phased_Rep3","Read_60",0.0269241213876615,"Haplotype_A_Unmeth"
"NGS_H19_Hetero_Phased_Rep3","Read_61",0.0171190483089615,"Haplotype_A_Unmeth"
"NGS_H19_Hetero_Phased_Rep3","Read_62",0.016329764893584,"Haplotype_A_Unmeth"
"NGS_H19_Hetero_Phased_Rep3","Read_63",0.98559534034626,"Haplotype_B_Meth"
"NGS_H19_Hetero_Phased_Rep3","Read_64",0.0277253157203063,"Haplotype_A_Unmeth"
"NGS_H19_Hetero_Phased_Rep3","Read_65",0.969278226098479,"Haplotype_B_Meth"
"NGS_H19_Hetero_Phased_Rep3","Read_66",0.0311163397235351,"Haplotype_A_Unmeth"
"NGS_H19_Hetero_Phased_Rep3","Read_67",0.986659762065228,"Haplotype_B_Meth"
"NGS_H19_Hetero_Phased_Rep3","Read_68",0.0193274687957293,"Haplotype_A_Unmeth"
"NGS_H19_Hetero_Phased_Rep3","Read_69",0.978619930427722,"Haplotype_B_Meth"
"NGS_H19_Hetero_Phased_Rep3","Read_70",0.974814821557589,"Haplotype_B_Meth"
"NGS_H19_Hetero_Phased_Rep3","Read_71",0.982225702487273,"Haplotype_B_Meth"
"NGS_H19_Hetero_Phased_Rep3","Read_72",0.980543782156149,"Haplotype_B_Meth"
"NGS_H19_Hetero_Phased_Rep3","Read_73",0.987868907768483,"Haplotype_B_Meth"
"NGS_H19_Hetero_Phased_Rep3","Read_74",0.014070464047086,"Haplotype_A_Unmeth"
"NGS_H19_Hetero_Phased_Rep3","Read_75",0.0163466245250485,"Haplotype_A_Unmeth"
"NGS_H19_Hetero_Phased_Rep3","Read_76",0.978910506442858,"Haplotype_B_Meth"
"NGS_H19_Hetero_Phased_Rep3","Read_77",0.0203768933175068,"Haplotype_A_Unmeth"
"NGS_H19_Hetero_Phased_Rep3","Read_78",0.0180298095094812,"Haplotype_A_Unmeth"
"NGS_H19_Hetero_Phased_Rep3","Read_79",0.0173796689239508,"Haplotype_A_Unmeth"
"NGS_H19_Hetero_Phased_Rep3","Read_80",0.0242135252355732,"Haplotype_A_Unmeth"
"NGS_H19_Hetero_Phased_Rep3","Read_81",0.0208946238173475,"Haplotype_A_Unmeth"
"NGS_H19_Hetero_Phased_Rep3","Read_82",0.978232260674946,"Haplotype_B_Meth"
"NGS_H19_Hetero_Phased_Rep3","Read_83",0.978248980818283,"Haplotype_B_Meth"
"NGS_H19_Hetero_Phased_Rep3","Read_84",0.980470053215867,"Haplotype_B_Meth"
"NGS_H19_Hetero_Phased_Rep3","Read_85",0.975700166573074,"Haplotype_B_Meth"
"NGS_H19_Hetero_Phased_Rep3","Read_86",0.986928579705938,"Haplotype_B_Meth"
"NGS_H19_Hetero_Phased_Rep3","Read_87",0.0111525643732032,"Haplotype_A_Unmeth"
"NGS_H19_Hetero_Phased_Rep3","Read_88",0.0200976493387947,"Haplotype_A_Unmeth"
"NGS_H19_Hetero_Phased_Rep3","Read_89",0.98366200394618,"Haplotype_B_Meth"
"NGS_H19_Hetero_Phased_Rep3","Read_90",0.985131133253845,"Haplotype_B_Meth"
"NGS_H19_Hetero_Phased_Rep3","Read_91",0.983370295251259,"Haplotype_B_Meth"
"NGS_H19_Hetero_Phased_Rep3","Read_92",0.975151652978063,"Haplotype_B_Meth"
"NGS_H19_Hetero_Phased_Rep3","Read_93",0.981987639386373,"Haplotype_B_Meth"
"NGS_H19_Hetero_Phased_Rep3","Read_94",0.0235663275263679,"Haplotype_A_Unmeth"
"NGS_H19_Hetero_Phased_Rep3","Read_95",0.0145728279137708,"Haplotype_A_Unmeth"
"NGS_H19_Hetero_Phased_Rep3","Read_96",0.982521813759213,"Haplotype_B_Meth"
"NGS_H19_Hetero_Phased_Rep3","Read_97",0.984623776752154,"Haplotype_B_Meth"
"NGS_H19_Hetero_Phased_Rep3","Read_98",0.979484307913059,"Haplotype_B_Meth"
"NGS_H19_Hetero_Phased_Rep3","Read_99",0.0175387393693024,"Haplotype_A_Unmeth"
"NGS_H19_Hetero_Phased_Rep3","Read_100",0.974403306346318,"Haplotype_B_Meth"
"NGS_H19_Hetero_Phased_Rep3","Read_101",0.0278050337908997,"Haplotype_A_Unmeth"
"NGS_H19_Hetero_Phased_Rep3","Read_102",0.0190165974105035,"Haplotype_A_Unmeth"
"NGS_H19_Hetero_Phased_Rep3","Read_103",0.980047676751093,"Haplotype_B_Meth"
"NGS_H19_Hetero_Phased_Rep3","Read_104",0.0211193496124092,"Haplotype_A_Unmeth"
"NGS_H19_Hetero_Phased_Rep3","Read_105",0.0146390018081348,"Haplotype_A_Unmeth"
"NGS_H19_Hetero_Phased_Rep3","Read_106",0.0221495966243955,"Haplotype_A_Unmeth"
"NGS_H19_Hetero_Phased_Rep3","Read_107",0.97854927518964,"Haplotype_B_Meth"
"NGS_H19_Hetero_Phased_Rep3","Read_108",0.0228809602443169,"Haplotype_A_Unmeth"
"NGS_H19_Hetero_Phased_Rep3","Read_109",0.977048648747118,"Haplotype_B_Meth"
"NGS_H19_Hetero_Phased_Rep3","Read_110",0.0217833724330783,"Haplotype_A_Unmeth"
"NGS_H19_Hetero_Phased_Rep3","Read_111",0.986666300805566,"Haplotype_B_Meth"
"NGS_H19_Hetero_Phased_Rep3","Read_112",0.972637078208706,"Haplotype_B_Meth"
"NGS_H19_Hetero_Phased_Rep3","Read_113",0.0211145535641906,"Haplotype_A_Unmeth"
"NGS_H19_Hetero_Phased_Rep3","Read_114",0.982485247576839,"Haplotype_B_Meth"
"NGS_H19_Hetero_Phased_Rep3","Read_115",0.019874964118016,"Haplotype_A_Unmeth"
"NGS_H19_Hetero_Phased_Rep3","Read_116",0.988195647186738,"Haplotype_B_Meth"
"NGS_H19_Hetero_Phased_Rep3","Read_117",0.979751874610676,"Haplotype_B_Meth"
"NGS_H19_Hetero_Phased_Rep3","Read_118",0.976174824279114,"Haplotype_B_Meth"
"NGS_H19_Hetero_Phased_Rep3","Read_119",0.0177320969792427,"Haplotype_A_Unmeth"
"NGS_H19_Hetero_Phased_Rep3","Read_120",0.983683899130591,"Haplotype_B_Meth"
"NGS_H19_Hetero_Phased_Rep3","Read_121",0.0105866920667524,"Haplotype_A_Unmeth"
"NGS_H19_Hetero_Phased_Rep3","Read_122",0.0206650286703838,"Haplotype_A_Unmeth"
"NGS_H19_Hetero_Phased_Rep3","Read_123",0.0126630486322447,"Haplotype_A_Unmeth"
"NGS_H19_Hetero_Phased_Rep3","Read_124",0.0159481878583516,"Haplotype_A_Unmeth"
"NGS_H19_Hetero_Phased_Rep3","Read_125",0.0149829135136367,"Haplotype_A_Unmeth"
"NGS_H19_Hetero_Phased_Rep3","Read_126",0.976035926796892,"Haplotype_B_Meth"
"NGS_H19_Hetero_Phased_Rep3","Read_127",0.0230964098547826,"Haplotype_A_Unmeth"
"NGS_H19_Hetero_Phased_Rep3","Read_128",0.0147794539706991,"Haplotype_A_Unmeth"
"NGS_H19_Hetero_Phased_Rep3","Read_129",0.0241552963539161,"Haplotype_A_Unmeth"
"NGS_H19_Hetero_Phased_Rep3","Read_130",0.974546114875785,"Haplotype_B_Meth"
"NGS_H19_Hetero_Phased_Rep3","Read_131",0.980723687892315,"Haplotype_B_Meth"
"NGS_H19_Hetero_Phased_Rep3","Read_132",0.980699596066949,"Haplotype_B_Meth"
"NGS_H19_Hetero_Phased_Rep3","Read_133",0.0192546650503358,"Haplotype_A_Unmeth"
"NGS_H19_Hetero_Phased_Rep3","Read_134",0.98193712977212,"Haplotype_B_Meth"
"NGS_H19_Hetero_Phased_Rep3","Read_135",0.0135183161695375,"Haplotype_A_Unmeth"
"NGS_H19_Hetero_Phased_Rep3","Read_136",0.980319204358888,"Haplotype_B_Meth"
"NGS_H19_Hetero_Phased_Rep3","Read_137",0.975725482538074,"Haplotype_B_Meth"
"NGS_H19_Hetero_Phased_Rep3","Read_138",0.987142564296655,"Haplotype_B_Meth"
"NGS_H19_Hetero_Phased_Rep3","Read_139",0.0317254098997178,"Haplotype_A_Unmeth"
"NGS_H19_Hetero_Phased_Rep3","Read_140",0.985586566980497,"Haplotype_B_Meth"
"NGS_H19_Hetero_Phased_Rep3","Read_141",0.98081276299654,"Haplotype_B_Meth"
"NGS_H19_Hetero_Phased_Rep3","Read_142",0.985630575011215,"Haplotype_B_Meth"
"NGS_H19_Hetero_Phased_Rep3","Read_143",0.0211278839080641,"Haplotype_A_Unmeth"
"NGS_H19_Hetero_Phased_Rep3","Read_144",0.0214740939318195,"Haplotype_A_Unmeth"
"NGS_H19_Hetero_Phased_Rep3","Read_145",0.0206931231533454,"Haplotype_A_Unmeth"
"NGS_H19_Hetero_Phased_Rep3","Read_146",0.0154856336891648,"Haplotype_A_Unmeth"
"NGS_H19_Hetero_Phased_Rep3","Read_147",0.978954960473216,"Haplotype_B_Meth"
"NGS_H19_Hetero_Phased_Rep3","Read_148",0.972389056469933,"Haplotype_B_Meth"
"NGS_H19_Hetero_Phased_Rep3","Read_149",0.0189902660013036,"Haplotype_A_Unmeth"
"NGS_H19_Hetero_Phased_Rep3","Read_150",0.982458228197385,"Haplotype_B_Meth"
"NGS_H19_Hetero_Phased_Rep3","Read_151",0.981442526888116,"Haplotype_B_Meth"
"NGS_H19_Hetero_Phased_Rep3","Read_152",0.0165538880160324,"Haplotype_A_Unmeth"
"NGS_H19_Hetero_Phased_Rep3","Read_153",0.0177371606646755,"Haplotype_A_Unmeth"
"NGS_H19_Hetero_Phased_Rep3","Read_154",0.978470408386078,"Haplotype_B_Meth"
"NGS_H19_Hetero_Phased_Rep3","Read_155",0.0223620490096431,"Haplotype_A_Unmeth"
"NGS_H19_Hetero_Phased_Rep3","Read_156",0.981556831413952,"Haplotype_B_Meth"
"NGS_H19_Hetero_Phased_Rep3","Read_157",0.0160173889778346,"Haplotype_A_Unmeth"
"NGS_H19_Hetero_Phased_Rep3","Read_158",0.978797709846648,"Haplotype_B_Meth"
"NGS_H19_Hetero_Phased_Rep3","Read_159",0.0109627564738203,"Haplotype_A_Unmeth"
"NGS_H19_Hetero_Phased_Rep3","Read_160",0.984096508682435,"Haplotype_B_Meth"
"NGS_H19_Hetero_Phased_Rep3","Read_161",0.976209647319891,"Haplotype_B_Meth"
"NGS_H19_Hetero_Phased_Rep3","Read_162",0.987407029924269,"Haplotype_B_Meth"
"NGS_H19_Hetero_Phased_Rep3","Read_163",0.0128850700944504,"Haplotype_A_Unmeth"
"NGS_H19_Hetero_Phased_Rep3","Read_164",0.013371952168438,"Haplotype_A_Unmeth"
"NGS_H19_Hetero_Phased_Rep3","Read_165",0.0283385835999983,"Haplotype_A_Unmeth"
"NGS_H19_Hetero_Phased_Rep3","Read_166",0.985236488748543,"Haplotype_B_Meth"
"NGS_H19_Hetero_Phased_Rep3","Read_167",0.0172568045675717,"Haplotype_A_Unmeth"
"NGS_H19_Hetero_Phased_Rep3","Read_168",0.0275970946965575,"Haplotype_A_Unmeth"
"NGS_H19_Hetero_Phased_Rep3","Read_169",0.02117993944389,"Haplotype_A_Unmeth"
"NGS_H19_Hetero_Phased_Rep3","Read_170",0.976914700562513,"Haplotype_B_Meth"
"NGS_H19_Hetero_Phased_Rep3","Read_171",0.975985338555238,"Haplotype_B_Meth"
"NGS_H19_Hetero_Phased_Rep3","Read_172",0.0204982675240274,"Haplotype_A_Unmeth"
"NGS_H19_Hetero_Phased_Rep3","Read_173",0.0234536244290098,"Haplotype_A_Unmeth"
"NGS_H19_Hetero_Phased_Rep3","Read_174",0.0231647377517847,"Haplotype_A_Unmeth"
"NGS_H19_Hetero_Phased_Rep3","Read_175",0.015239707781179,"Haplotype_A_Unmeth"
"NGS_H19_Hetero_Phased_Rep3","Read_176",0.0230166081315375,"Haplotype_A_Unmeth"
"NGS_H19_Hetero_Phased_Rep3","Read_177",0.979561232074916,"Haplotype_B_Meth"
"NGS_H19_Hetero_Phased_Rep3","Read_178",0.0150132991422382,"Haplotype_A_Unmeth"
"NGS_H19_Hetero_Phased_Rep3","Read_179",0.978154298331738,"Haplotype_B_Meth"
"NGS_H19_Hetero_Phased_Rep3","Read_180",0.9797935716165,"Haplotype_B_Meth"
"NGS_H19_Hetero_Phased_Rep3","Read_181",0.98215542234705,"Haplotype_B_Meth"
"NGS_H19_Hetero_Phased_Rep3","Read_182",0.0149467615027437,"Haplotype_A_Unmeth"
"NGS_H19_Hetero_Phased_Rep3","Read_183",0.0183303339051247,"Haplotype_A_Unmeth"
"NGS_H19_Hetero_Phased_Rep3","Read_184",0.0212138463138483,"Haplotype_A_Unmeth"
"NGS_H19_Hetero_Phased_Rep3","Read_185",0.0200199175657008,"Haplotype_A_Unmeth"
"NGS_H19_Hetero_Phased_Rep3","Read_186",0.977986324290888,"Haplotype_B_Meth"
"NGS_H19_Hetero_Phased_Rep3","Read_187",0.982932026474768,"Haplotype_B_Meth"
"NGS_H19_Hetero_Phased_Rep3","Read_188",0.017450349140256,"Haplotype_A_Unmeth"
"NGS_H19_Hetero_Phased_Rep3","Read_189",0.0126442926752891,"Haplotype_A_Unmeth"
"NGS_H19_Hetero_Phased_Rep3","Read_190",0.98180087800115,"Haplotype_B_Meth"
"NGS_H19_Hetero_Phased_Rep3","Read_191",0.982638117023217,"Haplotype_B_Meth"
"NGS_H19_Hetero_Phased_Rep3","Read_192",0.977554956374832,"Haplotype_B_Meth"
"NGS_H19_Hetero_Phased_Rep3","Read_193",0.979125478685688,"Haplotype_B_Meth"
"NGS_H19_Hetero_Phased_Rep3","Read_194",0.0194593766054585,"Haplotype_A_Unmeth"
"NGS_H19_Hetero_Phased_Rep3","Read_195",0.0268837128872568,"Haplotype_A_Unmeth"
"NGS_H19_Hetero_Phased_Rep3","Read_196",0.0232723324622173,"Haplotype_A_Unmeth"
"NGS_H19_Hetero_Phased_Rep3","Read_197",0.978747537956743,"Haplotype_B_Meth"
"NGS_H19_Hetero_Phased_Rep3","Read_198",0.0196623524261873,"Haplotype_A_Unmeth"
"NGS_H19_Hetero_Phased_Rep3","Read_199",0.0171727675866647,"Haplotype_A_Unmeth"
"NGS_H19_Hetero_Phased_Rep3","Read_200",0.979090721873316,"Haplotype_B_Meth"
"NGS_H19_Hetero_Phased_Rep3","Read_201",0.0200426634260319,"Haplotype_A_Unmeth"
"NGS_H19_Hetero_Phased_Rep3","Read_202",0.0184856693103335,"Haplotype_A_Unmeth"
"NGS_H19_Hetero_Phased_Rep3","Read_203",0.0154846464510025,"Haplotype_A_Unmeth"
"NGS_H19_Hetero_Phased_Rep3","Read_204",0.0210150825218864,"Haplotype_A_Unmeth"
"NGS_H19_Hetero_Phased_Rep3","Read_205",0.0183137093679811,"Haplotype_A_Unmeth"
"NGS_H19_Hetero_Phased_Rep3","Read_206",0.0148520330267559,"Haplotype_A_Unmeth"
"NGS_H19_Hetero_Phased_Rep3","Read_207",0.0167210484839796,"Haplotype_A_Unmeth"
"NGS_H19_Hetero_Phased_Rep3","Read_208",0.983194826159275,"Haplotype_B_Meth"
"NGS_H19_Hetero_Phased_Rep3","Read_209",0.0172527925240688,"Haplotype_A_Unmeth"
"NGS_H19_Hetero_Phased_Rep3","Read_210",0.0138389904222144,"Haplotype_A_Unmeth"
"NGS_H19_Hetero_Phased_Rep3","Read_211",0.0212841500432552,"Haplotype_A_Unmeth"
"NGS_H19_Hetero_Phased_Rep3","Read_212",0.988841341550484,"Haplotype_B_Meth"
"NGS_H19_Hetero_Phased_Rep3","Read_213",0.0145726228073257,"Haplotype_A_Unmeth"
"NGS_H19_Hetero_Phased_Rep3","Read_214",0.975506282207753,"Haplotype_B_Meth"
"NGS_H19_Hetero_Phased_Rep3","Read_215",0.0206892979546699,"Haplotype_A_Unmeth"
"NGS_H19_Hetero_Phased_Rep3","Read_216",0.983620805505436,"Haplotype_B_Meth"
"NGS_H19_Hetero_Phased_Rep3","Read_217",0.0157854327779847,"Haplotype_A_Unmeth"
"NGS_H19_Hetero_Phased_Rep3","Read_218",0.977764165627501,"Haplotype_B_Meth"
"NGS_H19_Hetero_Phased_Rep3","Read_219",0.0175151971560018,"Haplotype_A_Unmeth"
"NGS_H19_Hetero_Phased_Rep3","Read_220",0.980904828687828,"Haplotype_B_Meth"
"NGS_H19_Hetero_Phased_Rep3","Read_221",0.976247573008418,"Haplotype_B_Meth"
"NGS_H19_Hetero_Phased_Rep3","Read_222",0.0181832437971563,"Haplotype_A_Unmeth"
"NGS_H19_Hetero_Phased_Rep3","Read_223",0.0136595790376205,"Haplotype_A_Unmeth"
"NGS_H19_Hetero_Phased_Rep3","Read_224",0.975275081725928,"Haplotype_B_Meth"
"NGS_H19_Hetero_Phased_Rep3","Read_225",0.982104543049114,"Haplotype_B_Meth"
"NGS_H19_Hetero_Phased_Rep3","Read_226",0.0154983459336367,"Haplotype_A_Unmeth"
"NGS_H19_Hetero_Phased_Rep3","Read_227",0.974349146689185,"Haplotype_B_Meth"
"NGS_H19_Hetero_Phased_Rep3","Read_228",0.980793093895473,"Haplotype_B_Meth"
"NGS_H19_Hetero_Phased_Rep3","Read_229",0.0204336355853408,"Haplotype_A_Unmeth"
"NGS_H19_Hetero_Phased_Rep3","Read_230",0.0219985723593424,"Haplotype_A_Unmeth"
"NGS_H19_Hetero_Phased_Rep3","Read_231",0.982996488762047,"Haplotype_B_Meth"
"NGS_H19_Hetero_Phased_Rep3","Read_232",0.982055050669859,"Haplotype_B_Meth"
"NGS_H19_Hetero_Phased_Rep3","Read_233",0.977135097090316,"Haplotype_B_Meth"
"NGS_H19_Hetero_Phased_Rep3","Read_234",0.0192760299152393,"Haplotype_A_Unmeth"
"NGS_H19_Hetero_Phased_Rep3","Read_235",0.0215026735684679,"Haplotype_A_Unmeth"
"NGS_H19_Hetero_Phased_Rep3","Read_236",0.0163116850990588,"Haplotype_A_Unmeth"
"NGS_H19_Hetero_Phased_Rep3","Read_237",0.022742882846031,"Haplotype_A_Unmeth"
"NGS_H19_Hetero_Phased_Rep3","Read_238",0.982746289414622,"Haplotype_B_Meth"
"NGS_H19_Hetero_Phased_Rep3","Read_239",0.979787507372093,"Haplotype_B_Meth"
"NGS_H19_Hetero_Phased_Rep3","Read_240",0.0197395995644899,"Haplotype_A_Unmeth"
"NGS_H19_Hetero_Phased_Rep3","Read_241",0.985822635578338,"Haplotype_B_Meth"
"NGS_H19_Hetero_Phased_Rep3","Read_242",0.0257911867637991,"Haplotype_A_Unmeth"
"NGS_H19_Hetero_Phased_Rep3","Read_243",0.98217714133837,"Haplotype_B_Meth"
"NGS_H19_Hetero_Phased_Rep3","Read_244",0.019146006867778,"Haplotype_A_Unmeth"
"NGS_H19_Hetero_Phased_Rep3","Read_245",0.017961536863221,"Haplotype_A_Unmeth"
"NGS_H19_Hetero_Phased_Rep3","Read_246",0.980184339969019,"Haplotype_B_Meth"
"NGS_H19_Hetero_Phased_Rep3","Read_247",0.96142288537261,"Haplotype_B_Meth"
"NGS_H19_Hetero_Phased_Rep3","Read_248",0.0155397156154355,"Haplotype_A_Unmeth"
"NGS_H19_Hetero_Phased_Rep3","Read_249",0.0202159314178249,"Haplotype_A_Unmeth"
"NGS_H19_Hetero_Phased_Rep3","Read_250",0.0155414148968605,"Haplotype_A_Unmeth"
"NGS_H19_Hetero_Phased_Rep3","Read_251",0.982007846391303,"Haplotype_B_Meth"
"NGS_H19_Hetero_Phased_Rep3","Read_252",0.0213857639423628,"Haplotype_A_Unmeth"
"NGS_H19_Hetero_Phased_Rep3","Read_253",0.975435901153808,"Haplotype_B_Meth"
"NGS_H19_Hetero_Phased_Rep3","Read_254",0.985396328703435,"Haplotype_B_Meth"
"NGS_H19_Hetero_Phased_Rep3","Read_255",0.980916134582505,"Haplotype_B_Meth"
"NGS_H19_Hetero_Phased_Rep3","Read_256",0.0188856418433161,"Haplotype_A_Unmeth"
"NGS_H19_Hetero_Phased_Rep3","Read_257",0.0190348229971541,"Haplotype_A_Unmeth"
"NGS_H19_Hetero_Phased_Rep3","Read_258",0.0190359837373546,"Haplotype_A_Unmeth"
"NGS_H19_Hetero_Phased_Rep3","Read_259",0.0148124758804224,"Haplotype_A_Unmeth"
"NGS_H19_Hetero_Phased_Rep3","Read_260",0.0211139348722631,"Haplotype_A_Unmeth"
"NGS_H19_Hetero_Phased_Rep3","Read_261",0.0186554104872404,"Haplotype_A_Unmeth"
"NGS_H19_Hetero_Phased_Rep3","Read_262",0.977509521341743,"Haplotype_B_Meth"
"NGS_H19_Hetero_Phased_Rep3","Read_263",0.0124395129170048,"Haplotype_A_Unmeth"
"NGS_H19_Hetero_Phased_Rep3","Read_264",0.985476393890552,"Haplotype_B_Meth"
"NGS_H19_Hetero_Phased_Rep3","Read_265",0.0203190038006303,"Haplotype_A_Unmeth"
"NGS_H19_Hetero_Phased_Rep3","Read_266",0.0226617492739932,"Haplotype_A_Unmeth"
"NGS_H19_Hetero_Phased_Rep3","Read_267",0.981912960159041,"Haplotype_B_Meth"
"NGS_H19_Hetero_Phased_Rep3","Read_268",0.970394031762868,"Haplotype_B_Meth"
"NGS_H19_Hetero_Phased_Rep3","Read_269",0.024607136183524,"Haplotype_A_Unmeth"
"NGS_H19_Hetero_Phased_Rep3","Read_270",0.0143087463607143,"Haplotype_A_Unmeth"
"NGS_H19_Hetero_Phased_Rep3","Read_271",0.982123789907915,"Haplotype_B_Meth"
"NGS_H19_Hetero_Phased_Rep3","Read_272",0.0163954255893226,"Haplotype_A_Unmeth"
"NGS_H19_Hetero_Phased_Rep3","Read_273",0.98467673808562,"Haplotype_B_Meth"
"NGS_H19_Hetero_Phased_Rep3","Read_274",0.024667281869746,"Haplotype_A_Unmeth"
"NGS_H19_Hetero_Phased_Rep3","Read_275",0.0190799851802712,"Haplotype_A_Unmeth"
"NGS_H19_Hetero_Phased_Rep3","Read_276",0.983684937559694,"Haplotype_B_Meth"
"NGS_H19_Hetero_Phased_Rep3","Read_277",0.0174810947008871,"Haplotype_A_Unmeth"
"NGS_H19_Hetero_Phased_Rep3","Read_278",0.98744347273994,"Haplotype_B_Meth"
"NGS_H19_Hetero_Phased_Rep3","Read_279",0.981348786543484,"Haplotype_B_Meth"
"NGS_H19_Hetero_Phased_Rep3","Read_280",0.978370726185159,"Haplotype_B_Meth"
"NGS_H19_Hetero_Phased_Rep3","Read_281",0.012988630027143,"Haplotype_A_Unmeth"
"NGS_H19_Hetero_Phased_Rep3","Read_282",0.981576185240804,"Haplotype_B_Meth"
"NGS_H19_Hetero_Phased_Rep3","Read_283",0.976353866862952,"Haplotype_B_Meth"
"NGS_H19_Hetero_Phased_Rep3","Read_284",0.00929117945766291,"Haplotype_A_Unmeth"
"NGS_H19_Hetero_Phased_Rep3","Read_285",0.984444942121914,"Haplotype_B_Meth"
"NGS_H19_Hetero_Phased_Rep3","Read_286",0.977112724202999,"Haplotype_B_Meth"
"NGS_H19_Hetero_Phased_Rep3","Read_287",0.0210041514467493,"Haplotype_A_Unmeth"
"NGS_H19_Hetero_Phased_Rep3","Read_288",0.0188924899556636,"Haplotype_A_Unmeth"
"NGS_H19_Hetero_Phased_Rep3","Read_289",0.0196164518108607,"Haplotype_A_Unmeth"
"NGS_H19_Hetero_Phased_Rep3","Read_290",0.979480294192108,"Haplotype_B_Meth"
"NGS_H19_Hetero_Phased_Rep3","Read_291",0.0259671372321972,"Haplotype_A_Unmeth"
"NGS_H19_Hetero_Phased_Rep3","Read_292",0.0225818408395985,"Haplotype_A_Unmeth"
"NGS_H19_Hetero_Phased_Rep3","Read_293",0.980186589458195,"Haplotype_B_Meth"
"NGS_H19_Hetero_Phased_Rep3","Read_294",0.0187622128800412,"Haplotype_A_Unmeth"
"NGS_H19_Hetero_Phased_Rep3","Read_295",0.0225184701104108,"Haplotype_A_Unmeth"
"NGS_H19_Hetero_Phased_Rep3","Read_296",0.976065742436587,"Haplotype_B_Meth"
"NGS_H19_Hetero_Phased_Rep3","Read_297",0.0200570448058731,"Haplotype_A_Unmeth"
"NGS_H19_Hetero_Phased_Rep3","Read_298",0.980142775484666,"Haplotype_B_Meth"
"NGS_H19_Hetero_Phased_Rep3","Read_299",0.0177293940917212,"Haplotype_A_Unmeth"
"NGS_H19_Hetero_Phased_Rep3","Read_300",0.0185766581428446,"Haplotype_A_Unmeth"
"NGS_H19_Hetero_Phased_Rep3","Read_301",0.0265905704598289,"Haplotype_A_Unmeth"
"NGS_H19_Hetero_Phased_Rep3","Read_302",0.983565059230931,"Haplotype_B_Meth"
"NGS_H19_Hetero_Phased_Rep3","Read_303",0.983632284441802,"Haplotype_B_Meth"
"NGS_H19_Hetero_Phased_Rep3","Read_304",0.985231833318008,"Haplotype_B_Meth"
"NGS_H19_Hetero_Phased_Rep3","Read_305",0.0165596115592182,"Haplotype_A_Unmeth"
"NGS_H19_Hetero_Phased_Rep3","Read_306",0.0276977468167257,"Haplotype_A_Unmeth"
"NGS_H19_Hetero_Phased_Rep3","Read_307",0.975760215260144,"Haplotype_B_Meth"
"NGS_H19_Hetero_Phased_Rep3","Read_308",0.0143186704978386,"Haplotype_A_Unmeth"
"NGS_H19_Hetero_Phased_Rep3","Read_309",0.0223538475367995,"Haplotype_A_Unmeth"
"NGS_H19_Hetero_Phased_Rep3","Read_310",0.0151980204276657,"Haplotype_A_Unmeth"
"NGS_H19_Hetero_Phased_Rep3","Read_311",0.973844298908395,"Haplotype_B_Meth"
"NGS_H19_Hetero_Phased_Rep3","Read_312",0.0232034808850544,"Haplotype_A_Unmeth"
"NGS_H19_Hetero_Phased_Rep3","Read_313",0.975177818709684,"Haplotype_B_Meth"
"NGS_H19_Hetero_Phased_Rep3","Read_314",0.0168697961743197,"Haplotype_A_Unmeth"
"NGS_H19_Hetero_Phased_Rep3","Read_315",0.013187795763289,"Haplotype_A_Unmeth"
"NGS_H19_Hetero_Phased_Rep3","Read_316",0.0175852022579773,"Haplotype_A_Unmeth"
"NGS_H19_Hetero_Phased_Rep3","Read_317",0.98158941138206,"Haplotype_B_Meth"
"NGS_H19_Hetero_Phased_Rep3","Read_318",0.974196774809548,"Haplotype_B_Meth"
"NGS_H19_Hetero_Phased_Rep3","Read_319",0.0272745507129166,"Haplotype_A_Unmeth"
"NGS_H19_Hetero_Phased_Rep3","Read_320",0.968757311650258,"Haplotype_B_Meth"
"NGS_H19_Hetero_Phased_Rep3","Read_321",0.982227580802758,"Haplotype_B_Meth"
"NGS_H19_Hetero_Phased_Rep3","Read_322",0.015624836658412,"Haplotype_A_Unmeth"
"NGS_H19_Hetero_Phased_Rep3","Read_323",0.976308413118648,"Haplotype_B_Meth"
"NGS_H19_Hetero_Phased_Rep3","Read_324",0.0288239169469995,"Haplotype_A_Unmeth"
"NGS_H19_Hetero_Phased_Rep3","Read_325",0.0250237949005773,"Haplotype_A_Unmeth"
"NGS_H19_Hetero_Phased_Rep3","Read_326",0.97412907407941,"Haplotype_B_Meth"
"NGS_H19_Hetero_Phased_Rep3","Read_327",0.974572599438075,"Haplotype_B_Meth"
"NGS_H19_Hetero_Phased_Rep3","Read_328",0.979266610511866,"Haplotype_B_Meth"
"NGS_H19_Hetero_Phased_Rep3","Read_329",0.976391545910289,"Haplotype_B_Meth"
"NGS_H19_Hetero_Phased_Rep3","Read_330",0.0159040399017671,"Haplotype_A_Unmeth"
"NGS_H19_Hetero_Phased_Rep3","Read_331",0.0254929474862257,"Haplotype_A_Unmeth"
"NGS_H19_Hetero_Phased_Rep3","Read_332",0.0206502717305244,"Haplotype_A_Unmeth"
"NGS_H19_Hetero_Phased_Rep3","Read_333",0.0153155456065529,"Haplotype_A_Unmeth"
"NGS_H19_Hetero_Phased_Rep3","Read_334",0.982343157858397,"Haplotype_B_Meth"
"NGS_H19_Hetero_Phased_Rep3","Read_335",0.97860811837636,"Haplotype_B_Meth"
"NGS_H19_Hetero_Phased_Rep3","Read_336",0.0188947348472045,"Haplotype_A_Unmeth"
"NGS_H19_Hetero_Phased_Rep3","Read_337",0.0172231432943029,"Haplotype_A_Unmeth"
"NGS_H19_Hetero_Phased_Rep3","Read_338",0.977123079542692,"Haplotype_B_Meth"
"NGS_H19_Hetero_Phased_Rep3","Read_339",0.982026268686417,"Haplotype_B_Meth"
"NGS_H19_Hetero_Phased_Rep3","Read_340",0.983541505815119,"Haplotype_B_Meth"
"NGS_H19_Hetero_Phased_Rep3","Read_341",0.981178567382158,"Haplotype_B_Meth"
"NGS_H19_Hetero_Phased_Rep3","Read_342",0.975445094532286,"Haplotype_B_Meth"
"NGS_H19_Hetero_Phased_Rep3","Read_343",0.0277068185366524,"Haplotype_A_Unmeth"
"NGS_H19_Hetero_Phased_Rep3","Read_344",0.026061316221073,"Haplotype_A_Unmeth"
"NGS_H19_Hetero_Phased_Rep3","Read_345",0.0248954048561776,"Haplotype_A_Unmeth"
"NGS_H19_Hetero_Phased_Rep3","Read_346",0.0165567457084457,"Haplotype_A_Unmeth"
"NGS_H19_Hetero_Phased_Rep3","Read_347",0.987200508049788,"Haplotype_B_Meth"
"NGS_H19_Hetero_Phased_Rep3","Read_348",0.98112482464767,"Haplotype_B_Meth"
"NGS_H19_Hetero_Phased_Rep3","Read_349",0.0195918078612997,"Haplotype_A_Unmeth"
"NGS_H19_Hetero_Phased_Rep3","Read_350",0.0161135867387894,"Haplotype_A_Unmeth"
"NGS_H19_Hetero_Phased_Rep3","Read_351",0.0180971698541298,"Haplotype_A_Unmeth"
"NGS_H19_Hetero_Phased_Rep3","Read_352",0.979333804653405,"Haplotype_B_Meth"
"NGS_H19_Hetero_Phased_Rep3","Read_353",0.0200452039381397,"Haplotype_A_Unmeth"
"NGS_H19_Hetero_Phased_Rep3","Read_354",0.980242666258094,"Haplotype_B_Meth"
"NGS_H19_Hetero_Phased_Rep3","Read_355",0.973355777204849,"Haplotype_B_Meth"
"NGS_H19_Hetero_Phased_Rep3","Read_356",0.0270791545313053,"Haplotype_A_Unmeth"
"NGS_H19_Hetero_Phased_Rep3","Read_357",0.981065925714048,"Haplotype_B_Meth"
"NGS_H19_Hetero_Phased_Rep3","Read_358",0.968526001696214,"Haplotype_B_Meth"
"NGS_H19_Hetero_Phased_Rep3","Read_359",0.977856626792214,"Haplotype_B_Meth"
"NGS_H19_Hetero_Phased_Rep3","Read_360",0.0132595691569868,"Haplotype_A_Unmeth"
"NGS_H19_Hetero_Phased_Rep3","Read_361",0.0229545280354735,"Haplotype_A_Unmeth"
"NGS_H19_Hetero_Phased_Rep3","Read_362",0.971806691694785,"Haplotype_B_Meth"
"NGS_H19_Hetero_Phased_Rep3","Read_363",0.0157193937472745,"Haplotype_A_Unmeth"
"NGS_H19_Hetero_Phased_Rep3","Read_364",0.986966950396406,"Haplotype_B_Meth"
"NGS_H19_Hetero_Phased_Rep3","Read_365",0.978502908554446,"Haplotype_B_Meth"
"NGS_H19_Hetero_Phased_Rep3","Read_366",0.986208317018189,"Haplotype_B_Meth"
"NGS_H19_Hetero_Phased_Rep3","Read_367",0.978751281961447,"Haplotype_B_Meth"
"NGS_H19_Hetero_Phased_Rep3","Read_368",0.980429705591121,"Haplotype_B_Meth"
"NGS_H19_Hetero_Phased_Rep3","Read_369",0.0161734390452075,"Haplotype_A_Unmeth"
"NGS_H19_Hetero_Phased_Rep3","Read_370",0.97228612083435,"Haplotype_B_Meth"
"NGS_H19_Hetero_Phased_Rep3","Read_371",0.978206889049328,"Haplotype_B_Meth"
"NGS_H19_Hetero_Phased_Rep3","Read_372",0.0262502900990475,"Haplotype_A_Unmeth"
"NGS_H19_Hetero_Phased_Rep3","Read_373",0.0195483983208016,"Haplotype_A_Unmeth"
"NGS_H19_Hetero_Phased_Rep3","Read_374",0.0106378747806968,"Haplotype_A_Unmeth"
"NGS_H19_Hetero_Phased_Rep3","Read_375",0.0227460871446783,"Haplotype_A_Unmeth"
"NGS_H19_Hetero_Phased_Rep3","Read_376",0.979860286320573,"Haplotype_B_Meth"
"NGS_H19_Hetero_Phased_Rep3","Read_377",0.016219625961275,"Haplotype_A_Unmeth"
"NGS_H19_Hetero_Phased_Rep3","Read_378",0.9797153287993,"Haplotype_B_Meth"
"NGS_H19_Hetero_Phased_Rep3","Read_379",0.987513939387365,"Haplotype_B_Meth"
"NGS_H19_Hetero_Phased_Rep3","Read_380",0.979700784412625,"Haplotype_B_Meth"
"NGS_H19_Hetero_Phased_Rep3","Read_381",0.981337218990984,"Haplotype_B_Meth"
"NGS_H19_Hetero_Phased_Rep3","Read_382",0.0240998176563883,"Haplotype_A_Unmeth"
"NGS_H19_Hetero_Phased_Rep3","Read_383",0.0221871027709066,"Haplotype_A_Unmeth"
"NGS_H19_Hetero_Phased_Rep3","Read_384",0.0162310034199665,"Haplotype_A_Unmeth"
"NGS_H19_Hetero_Phased_Rep3","Read_385",0.017534507256705,"Haplotype_A_Unmeth"
"NGS_H19_Hetero_Phased_Rep3","Read_386",0.0192013335858165,"Haplotype_A_Unmeth"
"NGS_H19_Hetero_Phased_Rep3","Read_387",0.0217454137611313,"Haplotype_A_Unmeth"
"NGS_H19_Hetero_Phased_Rep3","Read_388",0.0160834320554572,"Haplotype_A_Unmeth"
"NGS_H19_Hetero_Phased_Rep3","Read_389",0.977801847042959,"Haplotype_B_Meth"
"NGS_H19_Hetero_Phased_Rep3","Read_390",0.972839566464592,"Haplotype_B_Meth"
"NGS_H19_Hetero_Phased_Rep3","Read_391",0.983028654604712,"Haplotype_B_Meth"
"NGS_H19_Hetero_Phased_Rep3","Read_392",0.0212119420474439,"Haplotype_A_Unmeth"
"NGS_H19_Hetero_Phased_Rep3","Read_393",0.0214087430993351,"Haplotype_A_Unmeth"
"NGS_H19_Hetero_Phased_Rep3","Read_394",0.0201399533839842,"Haplotype_A_Unmeth"
"NGS_H19_Hetero_Phased_Rep3","Read_395",0.980134392557556,"Haplotype_B_Meth"
"NGS_H19_Hetero_Phased_Rep3","Read_396",0.025356388787902,"Haplotype_A_Unmeth"
"NGS_H19_Hetero_Phased_Rep3","Read_397",0.0210352759083593,"Haplotype_A_Unmeth"
"NGS_H19_Hetero_Phased_Rep3","Read_398",0.018844989699617,"Haplotype_A_Unmeth"
"NGS_H19_Hetero_Phased_Rep3","Read_399",0.981617472423278,"Haplotype_B_Meth"
"NGS_H19_Hetero_Phased_Rep3","Read_400",0.0254971049164258,"Haplotype_A_Unmeth"
"NGS_H19_Hetero_Phased_Rep3","Read_401",0.985504760891795,"Haplotype_B_Meth"
"NGS_H19_Hetero_Phased_Rep3","Read_402",0.985581171547845,"Haplotype_B_Meth"
"NGS_H19_Hetero_Phased_Rep3","Read_403",0.0314776643223392,"Haplotype_A_Unmeth"
"NGS_H19_Hetero_Phased_Rep3","Read_404",0.0137522077359011,"Haplotype_A_Unmeth"
"NGS_H19_Hetero_Phased_Rep3","Read_405",0.980914641550872,"Haplotype_B_Meth"
"NGS_H19_Hetero_Phased_Rep3","Read_406",0.984652138857165,"Haplotype_B_Meth"
"NGS_H19_Hetero_Phased_Rep3","Read_407",0.0275714083078239,"Haplotype_A_Unmeth"
"NGS_H19_Hetero_Phased_Rep3","Read_408",0.97311278316287,"Haplotype_B_Meth"
"NGS_H19_Hetero_Phased_Rep3","Read_409",0.980943395463076,"Haplotype_B_Meth"
"NGS_H19_Hetero_Phased_Rep3","Read_410",0.0171444153250627,"Haplotype_A_Unmeth"
"NGS_H19_Hetero_Phased_Rep3","Read_411",0.973866857090391,"Haplotype_B_Meth"
"NGS_H19_Hetero_Phased_Rep3","Read_412",0.018503000279825,"Haplotype_A_Unmeth"
"NGS_H19_Hetero_Phased_Rep3","Read_413",0.977119638550982,"Haplotype_B_Meth"
"NGS_H19_Hetero_Phased_Rep3","Read_414",0.0165289987802052,"Haplotype_A_Unmeth"
"NGS_H19_Hetero_Phased_Rep3","Read_415",0.985695200349298,"Haplotype_B_Meth"
"NGS_H19_Hetero_Phased_Rep3","Read_416",0.017542395679767,"Haplotype_A_Unmeth"
"NGS_H19_Hetero_Phased_Rep3","Read_417",0.984918822543057,"Haplotype_B_Meth"
"NGS_H19_Hetero_Phased_Rep3","Read_418",0.974611722425269,"Haplotype_B_Meth"
"NGS_H19_Hetero_Phased_Rep3","Read_419",0.0199132176977743,"Haplotype_A_Unmeth"
"NGS_H19_Hetero_Phased_Rep3","Read_420",0.978342368160086,"Haplotype_B_Meth"
"NGS_H19_Hetero_Phased_Rep3","Read_421",0.0225482947793867,"Haplotype_A_Unmeth"
"NGS_H19_Hetero_Phased_Rep3","Read_422",0.0236599224212453,"Haplotype_A_Unmeth"
"NGS_H19_Hetero_Phased_Rep3","Read_423",0.981676649796732,"Haplotype_B_Meth"
"NGS_H19_Hetero_Phased_Rep3","Read_424",0.977816233969477,"Haplotype_B_Meth"
"NGS_H19_Hetero_Phased_Rep3","Read_425",0.0219218075708973,"Haplotype_A_Unmeth"
"NGS_H19_Hetero_Phased_Rep3","Read_426",0.973448550578616,"Haplotype_B_Meth"
"NGS_H19_Hetero_Phased_Rep3","Read_427",0.985345593804204,"Haplotype_B_Meth"
"NGS_H19_Hetero_Phased_Rep3","Read_428",0.985569294187339,"Haplotype_B_Meth"
"NGS_H19_Hetero_Phased_Rep3","Read_429",0.0190944770818734,"Haplotype_A_Unmeth"
"NGS_H19_Hetero_Phased_Rep3","Read_430",0.980243454730915,"Haplotype_B_Meth"
"NGS_H19_Hetero_Phased_Rep3","Read_431",0.015604983198574,"Haplotype_A_Unmeth"
"NGS_H19_Hetero_Phased_Rep3","Read_432",0.0133162674552732,"Haplotype_A_Unmeth"
"NGS_H19_Hetero_Phased_Rep3","Read_433",0.0272378780082675,"Haplotype_A_Unmeth"
"NGS_H19_Hetero_Phased_Rep3","Read_434",0.982780205495167,"Haplotype_B_Meth"
"NGS_H19_Hetero_Phased_Rep3","Read_435",0.984569011857561,"Haplotype_B_Meth"
"NGS_H19_Hetero_Phased_Rep3","Read_436",0.975309797817256,"Haplotype_B_Meth"
"NGS_H19_Hetero_Phased_Rep3","Read_437",0.979513800373485,"Haplotype_B_Meth"
"NGS_H19_Hetero_Phased_Rep3","Read_438",0.984121476161083,"Haplotype_B_Meth"
"NGS_H19_Hetero_Phased_Rep3","Read_439",0.0213814736040083,"Haplotype_A_Unmeth"
"NGS_H19_Hetero_Phased_Rep3","Read_440",0.981607840763153,"Haplotype_B_Meth"
"NGS_H19_Hetero_Phased_Rep3","Read_441",0.984000425722573,"Haplotype_B_Meth"
"NGS_H19_Hetero_Phased_Rep3","Read_442",0.973237952475865,"Haplotype_B_Meth"
"NGS_H19_Hetero_Phased_Rep3","Read_443",0.977057861570227,"Haplotype_B_Meth"
"NGS_H19_Hetero_Phased_Rep3","Read_444",0.0195756308953041,"Haplotype_A_Unmeth"
"NGS_H19_Hetero_Phased_Rep3","Read_445",0.9810588657476,"Haplotype_B_Meth"
"NGS_H19_Hetero_Phased_Rep3","Read_446",0.976819994556651,"Haplotype_B_Meth"
"NGS_H19_Hetero_Phased_Rep3","Read_447",0.0220516330939186,"Haplotype_A_Unmeth"
"NGS_H19_Hetero_Phased_Rep3","Read_448",0.974969934981519,"Haplotype_B_Meth"
"NGS_H19_Hetero_Phased_Rep3","Read_449",0.975924812652368,"Haplotype_B_Meth"
"NGS_H19_Hetero_Phased_Rep3","Read_450",0.0246583246207004,"Haplotype_A_Unmeth"
"NGS_H19_Hetero_Phased_Rep3","Read_451",0.0276556699946348,"Haplotype_A_Unmeth"
"NGS_H19_Hetero_Phased_Rep3","Read_452",0.033305996346414,"Haplotype_A_Unmeth"
"NGS_H19_Hetero_Phased_Rep3","Read_453",0.987121546214609,"Haplotype_B_Meth"
"NGS_H19_Hetero_Phased_Rep3","Read_454",0.0241928072468552,"Haplotype_A_Unmeth"
"NGS_H19_Hetero_Phased_Rep3","Read_455",0.983284160143434,"Haplotype_B_Meth"
"NGS_H19_Hetero_Phased_Rep3","Read_456",0.979892120856314,"Haplotype_B_Meth"
"NGS_H19_Hetero_Phased_Rep3","Read_457",0.970835664857512,"Haplotype_B_Meth"
"NGS_H19_Hetero_Phased_Rep3","Read_458",0.982389892630154,"Haplotype_B_Meth"
"NGS_H19_Hetero_Phased_Rep3","Read_459",0.97597919437256,"Haplotype_B_Meth"
"NGS_H19_Hetero_Phased_Rep3","Read_460",0.978867027720245,"Haplotype_B_Meth"
"NGS_H19_Hetero_Phased_Rep3","Read_461",0.0167204283116123,"Haplotype_A_Unmeth"
"NGS_H19_Hetero_Phased_Rep3","Read_462",0.982338956036995,"Haplotype_B_Meth"
"NGS_H19_Hetero_Phased_Rep3","Read_463",0.0153610431845228,"Haplotype_A_Unmeth"
"NGS_H19_Hetero_Phased_Rep3","Read_464",0.983770087795424,"Haplotype_B_Meth"
"NGS_H19_Hetero_Phased_Rep3","Read_465",0.986885585062939,"Haplotype_B_Meth"
"NGS_H19_Hetero_Phased_Rep3","Read_466",0.98524519746437,"Haplotype_B_Meth"
"NGS_H19_Hetero_Phased_Rep3","Read_467",0.0148615068433092,"Haplotype_A_Unmeth"
"NGS_H19_Hetero_Phased_Rep3","Read_468",0.981795715131178,"Haplotype_B_Meth"
"NGS_H19_Hetero_Phased_Rep3","Read_469",0.0113307238617343,"Haplotype_A_Unmeth"
"NGS_H19_Hetero_Phased_Rep3","Read_470",0.0234613372022519,"Haplotype_A_Unmeth"
"NGS_H19_Hetero_Phased_Rep3","Read_471",0.980209443387022,"Haplotype_B_Meth"
"NGS_H19_Hetero_Phased_Rep3","Read_472",0.980713860948132,"Haplotype_B_Meth"
"NGS_H19_Hetero_Phased_Rep3","Read_473",0.0204663354879222,"Haplotype_A_Unmeth"
"NGS_H19_Hetero_Phased_Rep3","Read_474",0.983691552041244,"Haplotype_B_Meth"
"NGS_H19_Hetero_Phased_Rep3","Read_475",0.0216938994055917,"Haplotype_A_Unmeth"
"NGS_H19_Hetero_Phased_Rep3","Read_476",0.97498905807522,"Haplotype_B_Meth"
"NGS_H19_Hetero_Phased_Rep3","Read_477",0.0208049893318543,"Haplotype_A_Unmeth"
"NGS_H19_Hetero_Phased_Rep3","Read_478",0.982436759692946,"Haplotype_B_Meth"
"NGS_H19_Hetero_Phased_Rep3","Read_479",0.0215383361073862,"Haplotype_A_Unmeth"
"NGS_H19_Hetero_Phased_Rep3","Read_480",0.972920303135097,"Haplotype_B_Meth"
"NGS_H19_Hetero_Phased_Rep3","Read_481",0.982912522250382,"Haplotype_B_Meth"
"NGS_H19_Hetero_Phased_Rep3","Read_482",0.0172043398615603,"Haplotype_A_Unmeth"
"NGS_H19_Hetero_Phased_Rep3","Read_483",0.0173960025405493,"Haplotype_A_Unmeth"
"NGS_H19_Hetero_Phased_Rep3","Read_484",0.972167616898977,"Haplotype_B_Meth"
"NGS_H19_Hetero_Phased_Rep3","Read_485",0.976728454033877,"Haplotype_B_Meth"
"NGS_H19_Hetero_Phased_Rep3","Read_486",0.0262223293047329,"Haplotype_A_Unmeth"
"NGS_H19_Hetero_Phased_Rep3","Read_487",0.985296169370507,"Haplotype_B_Meth"
"NGS_H19_Hetero_Phased_Rep3","Read_488",0.0140201099906302,"Haplotype_A_Unmeth"
"NGS_H19_Hetero_Phased_Rep3","Read_489",0.978594540820951,"Haplotype_B_Meth"
"NGS_H19_Hetero_Phased_Rep3","Read_490",0.972952052576703,"Haplotype_B_Meth"
"NGS_H19_Hetero_Phased_Rep3","Read_491",0.010493809977212,"Haplotype_A_Unmeth"
"NGS_H19_Hetero_Phased_Rep3","Read_492",0.978821355286485,"Haplotype_B_Meth"
"NGS_H19_Hetero_Phased_Rep3","Read_493",0.015190703505135,"Haplotype_A_Unmeth"
"NGS_H19_Hetero_Phased_Rep3","Read_494",0.987910002190589,"Haplotype_B_Meth"
"NGS_H19_Hetero_Phased_Rep3","Read_495",0.980591064953835,"Haplotype_B_Meth"
"NGS_H19_Hetero_Phased_Rep3","Read_496",0.0189751913579817,"Haplotype_A_Unmeth"
"NGS_H19_Hetero_Phased_Rep3","Read_497",0.976370363366589,"Haplotype_B_Meth"
"NGS_H19_Hetero_Phased_Rep3","Read_498",0.978449706691778,"Haplotype_B_Meth"
"NGS_H19_Hetero_Phased_Rep3","Read_499",0.0152327634017286,"Haplotype_A_Unmeth"
"NGS_H19_Hetero_Phased_Rep3","Read_500",0.979588066913787,"Haplotype_B_Meth"
"NGS_H19_Hetero_Phased_Rep3","Read_501",0.0209199597698174,"Haplotype_A_Unmeth"
"NGS_H19_Hetero_Phased_Rep3","Read_502",0.983210756433665,"Haplotype_B_Meth"
"NGS_H19_Hetero_Phased_Rep3","Read_503",0.0221383919384055,"Haplotype_A_Unmeth"
"NGS_H19_Hetero_Phased_Rep3","Read_504",0.0204079734540897,"Haplotype_A_Unmeth"
"NGS_H19_Hetero_Phased_Rep3","Read_505",0.973025754354213,"Haplotype_B_Meth"
"NGS_H19_Hetero_Phased_Rep3","Read_506",0.973531179594294,"Haplotype_B_Meth"
"NGS_H19_Hetero_Phased_Rep3","Read_507",0.0209027864252772,"Haplotype_A_Unmeth"
"NGS_H19_Hetero_Phased_Rep3","Read_508",0.976795735415542,"Haplotype_B_Meth"
"NGS_H19_Hetero_Phased_Rep3","Read_509",0.983306333093291,"Haplotype_B_Meth"
"NGS_H19_Hetero_Phased_Rep3","Read_510",0.0131098250605209,"Haplotype_A_Unmeth"
"NGS_H19_Hetero_Phased_Rep3","Read_511",0.982010157028642,"Haplotype_B_Meth"
"NGS_H19_Hetero_Phased_Rep3","Read_512",0.97678066843169,"Haplotype_B_Meth"
"NGS_H19_Hetero_Phased_Rep3","Read_513",0.980734015259788,"Haplotype_B_Meth"
"NGS_H19_Hetero_Phased_Rep3","Read_514",0.019679286624252,"Haplotype_A_Unmeth"
"NGS_H19_Hetero_Phased_Rep3","Read_515",0.975399944974374,"Haplotype_B_Meth"
"NGS_H19_Hetero_Phased_Rep3","Read_516",0.0161803185084029,"Haplotype_A_Unmeth"
"NGS_H19_Hetero_Phased_Rep3","Read_517",0.0196876719839147,"Haplotype_A_Unmeth"
"NGS_H19_Hetero_Phased_Rep3","Read_518",0.0210485178505257,"Haplotype_A_Unmeth"
"NGS_H19_Hetero_Phased_Rep3","Read_519",0.981133352783682,"Haplotype_B_Meth"
"NGS_H19_Hetero_Phased_Rep3","Read_520",0.973144435570369,"Haplotype_B_Meth"
"NGS_H19_Hetero_Phased_Rep3","Read_521",0.973513617582021,"Haplotype_B_Meth"
"NGS_H19_Hetero_Phased_Rep3","Read_522",0.0222744149853451,"Haplotype_A_Unmeth"
"NGS_H19_Hetero_Phased_Rep3","Read_523",0.978753454586021,"Haplotype_B_Meth"
"NGS_H19_Hetero_Phased_Rep3","Read_524",0.0173179575217854,"Haplotype_A_Unmeth"
"NGS_H19_Hetero_Phased_Rep3","Read_525",0.0166874920191302,"Haplotype_A_Unmeth"
"NGS_H19_Hetero_Phased_Rep3","Read_526",0.0171141789720547,"Haplotype_A_Unmeth"
"NGS_H19_Hetero_Phased_Rep3","Read_527",0.017192309233477,"Haplotype_A_Unmeth"
"NGS_H19_Hetero_Phased_Rep3","Read_528",0.0210466892709661,"Haplotype_A_Unmeth"
"NGS_H19_Hetero_Phased_Rep3","Read_529",0.986609166539293,"Haplotype_B_Meth"
"NGS_H19_Hetero_Phased_Rep3","Read_530",0.0206434194819873,"Haplotype_A_Unmeth"
"NGS_H19_Hetero_Phased_Rep3","Read_531",0.0220702989821903,"Haplotype_A_Unmeth"
"NGS_H19_Hetero_Phased_Rep3","Read_532",0.985348768087043,"Haplotype_B_Meth"
"NGS_H19_Hetero_Phased_Rep3","Read_533",0.020010617788178,"Haplotype_A_Unmeth"
"NGS_H19_Hetero_Phased_Rep3","Read_534",0.976910147502982,"Haplotype_B_Meth"
"NGS_H19_Hetero_Phased_Rep3","Read_535",0.978245873903987,"Haplotype_B_Meth"
"NGS_H19_Hetero_Phased_Rep3","Read_536",0.0265865434005968,"Haplotype_A_Unmeth"
"NGS_H19_Hetero_Phased_Rep3","Read_537",0.977385108399002,"Haplotype_B_Meth"
"NGS_H19_Hetero_Phased_Rep3","Read_538",0.981600388632539,"Haplotype_B_Meth"
"NGS_H19_Hetero_Phased_Rep3","Read_539",0.976843055744368,"Haplotype_B_Meth"
"NGS_H19_Hetero_Phased_Rep3","Read_540",0.0193292880147327,"Haplotype_A_Unmeth"
"NGS_H19_Hetero_Phased_Rep3","Read_541",0.0257938436922569,"Haplotype_A_Unmeth"
"NGS_H19_Hetero_Phased_Rep3","Read_542",0.026011312525759,"Haplotype_A_Unmeth"
"NGS_H19_Hetero_Phased_Rep3","Read_543",0.0223083124332283,"Haplotype_A_Unmeth"
"NGS_H19_Hetero_Phased_Rep3","Read_544",0.983880545948252,"Haplotype_B_Meth"
"NGS_H19_Hetero_Phased_Rep3","Read_545",0.977901065684865,"Haplotype_B_Meth"
"NGS_H19_Hetero_Phased_Rep3","Read_546",0.0241335227455124,"Haplotype_A_Unmeth"
"NGS_H19_Hetero_Phased_Rep3","Read_547",0.0218804422284863,"Haplotype_A_Unmeth"
"NGS_H19_Hetero_Phased_Rep3","Read_548",0.0216600976200208,"Haplotype_A_Unmeth"
"NGS_H19_Hetero_Phased_Rep3","Read_549",0.978899504112698,"Haplotype_B_Meth"
"NGS_H19_Hetero_Phased_Rep3","Read_550",0.970118432322667,"Haplotype_B_Meth"
"NGS_H19_Hetero_Phased_Rep3","Read_551",0.0227367389708414,"Haplotype_A_Unmeth"
"NGS_H19_Hetero_Phased_Rep3","Read_552",0.0193000035099737,"Haplotype_A_Unmeth"
"NGS_H19_Hetero_Phased_Rep3","Read_553",0.986607589158765,"Haplotype_B_Meth"
"NGS_H19_Hetero_Phased_Rep3","Read_554",0.984406987286014,"Haplotype_B_Meth"
"NGS_H19_Hetero_Phased_Rep3","Read_555",0.981824772887269,"Haplotype_B_Meth"
"NGS_H19_Hetero_Phased_Rep3","Read_556",0.026798836927821,"Haplotype_A_Unmeth"
"NGS_H19_Hetero_Phased_Rep3","Read_557",0.976080957217582,"Haplotype_B_Meth"
"NGS_H19_Hetero_Phased_Rep3","Read_558",0.0245603641577549,"Haplotype_A_Unmeth"
"NGS_H19_Hetero_Phased_Rep3","Read_559",0.977803122078692,"Haplotype_B_Meth"
"NGS_H19_Hetero_Phased_Rep3","Read_560",0.97492884726547,"Haplotype_B_Meth"
"NGS_H19_Hetero_Phased_Rep3","Read_561",0.982449601518867,"Haplotype_B_Meth"
"NGS_H19_Hetero_Phased_Rep3","Read_562",0.0181616788094104,"Haplotype_A_Unmeth"
"NGS_H19_Hetero_Phased_Rep3","Read_563",0.975397342001829,"Haplotype_B_Meth"
"NGS_H19_Hetero_Phased_Rep3","Read_564",0.982801188304917,"Haplotype_B_Meth"
"NGS_H19_Hetero_Phased_Rep3","Read_565",0.0161715072874947,"Haplotype_A_Unmeth"
"NGS_H19_Hetero_Phased_Rep3","Read_566",0.0265896465478358,"Haplotype_A_Unmeth"
"NGS_H19_Hetero_Phased_Rep3","Read_567",0.982330159965726,"Haplotype_B_Meth"
"NGS_H19_Hetero_Phased_Rep3","Read_568",0.979987354188115,"Haplotype_B_Meth"
"NGS_H19_Hetero_Phased_Rep3","Read_569",0.0166552848600515,"Haplotype_A_Unmeth"
"NGS_H19_Hetero_Phased_Rep3","Read_570",0.0120998781464105,"Haplotype_A_Unmeth"
"NGS_H19_Hetero_Phased_Rep3","Read_571",0.0146931027811492,"Haplotype_A_Unmeth"
"NGS_H19_Hetero_Phased_Rep3","Read_572",0.980464048005106,"Haplotype_B_Meth"
"NGS_H19_Hetero_Phased_Rep3","Read_573",0.0137913305109942,"Haplotype_A_Unmeth"
"NGS_H19_Hetero_Phased_Rep3","Read_574",0.977379242255661,"Haplotype_B_Meth"
"NGS_H19_Hetero_Phased_Rep3","Read_575",0.0220659140097586,"Haplotype_A_Unmeth"
"NGS_H19_Hetero_Phased_Rep3","Read_576",0.0179593616250647,"Haplotype_A_Unmeth"
"NGS_H19_Hetero_Phased_Rep3","Read_577",0.972447546911878,"Haplotype_B_Meth"
"NGS_H19_Hetero_Phased_Rep3","Read_578",0.973344287242045,"Haplotype_B_Meth"
"NGS_H19_Hetero_Phased_Rep3","Read_579",0.0197487689886394,"Haplotype_A_Unmeth"
"NGS_H19_Hetero_Phased_Rep3","Read_580",0.0162314132826136,"Haplotype_A_Unmeth"
"NGS_H19_Hetero_Phased_Rep3","Read_581",0.981887243332559,"Haplotype_B_Meth"
"NGS_H19_Hetero_Phased_Rep3","Read_582",0.978599827804987,"Haplotype_B_Meth"
"NGS_H19_Hetero_Phased_Rep3","Read_583",0.0156015878181197,"Haplotype_A_Unmeth"
"NGS_H19_Hetero_Phased_Rep3","Read_584",0.0209443991512029,"Haplotype_A_Unmeth"
"NGS_H19_Hetero_Phased_Rep3","Read_585",0.978320545597606,"Haplotype_B_Meth"
"NGS_H19_Hetero_Phased_Rep3","Read_586",0.979251507688955,"Haplotype_B_Meth"
"NGS_H19_Hetero_Phased_Rep3","Read_587",0.0172402969797643,"Haplotype_A_Unmeth"
"NGS_H19_Hetero_Phased_Rep3","Read_588",0.0239062791601657,"Haplotype_A_Unmeth"
"NGS_H19_Hetero_Phased_Rep3","Read_589",0.0240354862940433,"Haplotype_A_Unmeth"
"NGS_H19_Hetero_Phased_Rep3","Read_590",0.976673421066741,"Haplotype_B_Meth"
"NGS_H19_Hetero_Phased_Rep3","Read_591",0.0155657088095705,"Haplotype_A_Unmeth"
"NGS_H19_Hetero_Phased_Rep3","Read_592",0.0351848476580565,"Haplotype_A_Unmeth"
"NGS_H19_Hetero_Phased_Rep3","Read_593",0.0171406242695162,"Haplotype_A_Unmeth"
"NGS_H19_Hetero_Phased_Rep3","Read_594",0.974290848569338,"Haplotype_B_Meth"
"NGS_H19_Hetero_Phased_Rep3","Read_595",0.0318131130934489,"Haplotype_A_Unmeth"
"NGS_H19_Hetero_Phased_Rep3","Read_596",0.982628999381184,"Haplotype_B_Meth"
"NGS_H19_Hetero_Phased_Rep3","Read_597",0.986441624306317,"Haplotype_B_Meth"
"NGS_H19_Hetero_Phased_Rep3","Read_598",0.978989047342161,"Haplotype_B_Meth"
"NGS_H19_Hetero_Phased_Rep3","Read_599",0.981358466725698,"Haplotype_B_Meth"
"NGS_H19_Hetero_Phased_Rep3","Read_600",0.0181224186059945,"Haplotype_A_Unmeth"
"NGS_H19_Hetero_Phased_Rep3","Read_601",0.0213792885172646,"Haplotype_A_Unmeth"
"NGS_H19_Hetero_Phased_Rep3","Read_602",0.97765292055124,"Haplotype_B_Meth"
"NGS_H19_Hetero_Phased_Rep3","Read_603",0.986080659552763,"Haplotype_B_Meth"
"NGS_H19_Hetero_Phased_Rep3","Read_604",0.975423084820837,"Haplotype_B_Meth"
"NGS_H19_Hetero_Phased_Rep3","Read_605",0.0226288669655436,"Haplotype_A_Unmeth"
"NGS_H19_Hetero_Phased_Rep3","Read_606",0.0169487818300575,"Haplotype_A_Unmeth"
"NGS_H19_Hetero_Phased_Rep3","Read_607",0.978695795990066,"Haplotype_B_Meth"
"NGS_H19_Hetero_Phased_Rep3","Read_608",0.0162313273584955,"Haplotype_A_Unmeth"
"NGS_H19_Hetero_Phased_Rep3","Read_609",0.0189811655802007,"Haplotype_A_Unmeth"
"NGS_H19_Hetero_Phased_Rep3","Read_610",0.986589530415183,"Haplotype_B_Meth"
"NGS_H19_Hetero_Phased_Rep3","Read_611",0.0199132106524071,"Haplotype_A_Unmeth"
"NGS_H19_Hetero_Phased_Rep3","Read_612",0.976740548257508,"Haplotype_B_Meth"
"NGS_H19_Hetero_Phased_Rep3","Read_613",0.984202183121773,"Haplotype_B_Meth"
"NGS_H19_Hetero_Phased_Rep3","Read_614",0.971823955454781,"Haplotype_B_Meth"
"NGS_H19_Hetero_Phased_Rep3","Read_615",0.0333906349410655,"Haplotype_A_Unmeth"
"NGS_H19_Hetero_Phased_Rep3","Read_616",0.0237084369995863,"Haplotype_A_Unmeth"
"NGS_H19_Hetero_Phased_Rep3","Read_617",0.0162429301022278,"Haplotype_A_Unmeth"
"NGS_H19_Hetero_Phased_Rep3","Read_618",0.0192160712456287,"Haplotype_A_Unmeth"
"NGS_H19_Hetero_Phased_Rep3","Read_619",0.975991938118567,"Haplotype_B_Meth"
"NGS_H19_Hetero_Phased_Rep3","Read_620",0.982032216664794,"Haplotype_B_Meth"
"NGS_H19_Hetero_Phased_Rep3","Read_621",0.981822146806967,"Haplotype_B_Meth"
"NGS_H19_Hetero_Phased_Rep3","Read_622",0.984629001396831,"Haplotype_B_Meth"
"NGS_H19_Hetero_Phased_Rep3","Read_623",0.979656715222083,"Haplotype_B_Meth"
"NGS_H19_Hetero_Phased_Rep3","Read_624",0.0222662489873272,"Haplotype_A_Unmeth"
"NGS_H19_Hetero_Phased_Rep3","Read_625",0.0206685405903434,"Haplotype_A_Unmeth"
"NGS_H19_Hetero_Phased_Rep3","Read_626",0.983339967753331,"Haplotype_B_Meth"
"NGS_H19_Hetero_Phased_Rep3","Read_627",0.0192653561839276,"Haplotype_A_Unmeth"
"NGS_H19_Hetero_Phased_Rep3","Read_628",0.0150118997511699,"Haplotype_A_Unmeth"
"NGS_H19_Hetero_Phased_Rep3","Read_629",0.0240746826565303,"Haplotype_A_Unmeth"
"NGS_H19_Hetero_Phased_Rep3","Read_630",0.987546440865896,"Haplotype_B_Meth"
"NGS_H19_Hetero_Phased_Rep3","Read_631",0.0203254407270473,"Haplotype_A_Unmeth"
"NGS_H19_Hetero_Phased_Rep3","Read_632",0.0183744257756381,"Haplotype_A_Unmeth"
"NGS_H19_Hetero_Phased_Rep3","Read_633",0.980567536902647,"Haplotype_B_Meth"
"NGS_H19_Hetero_Phased_Rep3","Read_634",0.979204431903047,"Haplotype_B_Meth"
"NGS_H19_Hetero_Phased_Rep3","Read_635",0.0163978882307713,"Haplotype_A_Unmeth"
"NGS_H19_Hetero_Phased_Rep3","Read_636",0.983166384008853,"Haplotype_B_Meth"
"NGS_H19_Hetero_Phased_Rep3","Read_637",0.0141837663714772,"Haplotype_A_Unmeth"
"NGS_H19_Hetero_Phased_Rep3","Read_638",0.020097460476229,"Haplotype_A_Unmeth"
"NGS_H19_Hetero_Phased_Rep3","Read_639",0.979033317385054,"Haplotype_B_Meth"
"NGS_H19_Hetero_Phased_Rep3","Read_640",0.978295540227392,"Haplotype_B_Meth"
"NGS_H19_Hetero_Phased_Rep3","Read_641",0.0221540013803885,"Haplotype_A_Unmeth"
"NGS_H19_Hetero_Phased_Rep3","Read_642",0.0278911115312774,"Haplotype_A_Unmeth"
"NGS_H19_Hetero_Phased_Rep3","Read_643",0.0188626355596484,"Haplotype_A_Unmeth"
"NGS_H19_Hetero_Phased_Rep3","Read_644",0.976401753012031,"Haplotype_B_Meth"
"NGS_H19_Hetero_Phased_Rep3","Read_645",0.0306600132745382,"Haplotype_A_Unmeth"
"NGS_H19_Hetero_Phased_Rep3","Read_646",0.0256176515120159,"Haplotype_A_Unmeth"
"NGS_H19_Hetero_Phased_Rep3","Read_647",0.0180802588078039,"Haplotype_A_Unmeth"
"NGS_H19_Hetero_Phased_Rep3","Read_648",0.977042425667574,"Haplotype_B_Meth"
"NGS_H19_Hetero_Phased_Rep3","Read_649",0.978515761128728,"Haplotype_B_Meth"
"NGS_H19_Hetero_Phased_Rep3","Read_650",0.981286163522924,"Haplotype_B_Meth"
"NGS_H19_Hetero_Phased_Rep3","Read_651",0.0135080048742397,"Haplotype_A_Unmeth"
"NGS_H19_Hetero_Phased_Rep3","Read_652",0.0188934808421144,"Haplotype_A_Unmeth"
"NGS_H19_Hetero_Phased_Rep3","Read_653",0.981141613612181,"Haplotype_B_Meth"
"NGS_H19_Hetero_Phased_Rep3","Read_654",0.0242705449828139,"Haplotype_A_Unmeth"
"NGS_H19_Hetero_Phased_Rep3","Read_655",0.0184650397847482,"Haplotype_A_Unmeth"
"NGS_H19_Hetero_Phased_Rep3","Read_656",0.98302750249053,"Haplotype_B_Meth"
"NGS_H19_Hetero_Phased_Rep3","Read_657",0.984569492755947,"Haplotype_B_Meth"
"NGS_H19_Hetero_Phased_Rep3","Read_658",0.977871600135912,"Haplotype_B_Meth"
"NGS_H19_Hetero_Phased_Rep3","Read_659",0.0188101592268196,"Haplotype_A_Unmeth"
"NGS_H19_Hetero_Phased_Rep3","Read_660",0.0160142439168585,"Haplotype_A_Unmeth"
"NGS_H19_Hetero_Phased_Rep3","Read_661",0.0194298268607297,"Haplotype_A_Unmeth"
"NGS_H19_Hetero_Phased_Rep3","Read_662",0.974380622424591,"Haplotype_B_Meth"
"NGS_H19_Hetero_Phased_Rep3","Read_663",0.983628992024015,"Haplotype_B_Meth"
"NGS_H19_Hetero_Phased_Rep3","Read_664",0.018300382317596,"Haplotype_A_Unmeth"
"NGS_H19_Hetero_Phased_Rep3","Read_665",0.976965918690406,"Haplotype_B_Meth"
"NGS_H19_Hetero_Phased_Rep3","Read_666",0.0204812850844869,"Haplotype_A_Unmeth"
"NGS_H19_Hetero_Phased_Rep3","Read_667",0.0163830578650982,"Haplotype_A_Unmeth"
"NGS_H19_Hetero_Phased_Rep3","Read_668",0.97197840141852,"Haplotype_B_Meth"
"NGS_H19_Hetero_Phased_Rep3","Read_669",0.0168959644918693,"Haplotype_A_Unmeth"
"NGS_H19_Hetero_Phased_Rep3","Read_670",0.97942942410621,"Haplotype_B_Meth"
"NGS_H19_Hetero_Phased_Rep3","Read_671",0.0173963197161275,"Haplotype_A_Unmeth"
"NGS_H19_Hetero_Phased_Rep3","Read_672",0.0193857074804459,"Haplotype_A_Unmeth"
"NGS_H19_Hetero_Phased_Rep3","Read_673",0.982165153513876,"Haplotype_B_Meth"
"NGS_H19_Hetero_Phased_Rep3","Read_674",0.0157309665087925,"Haplotype_A_Unmeth"
"NGS_H19_Hetero_Phased_Rep3","Read_675",0.976519909027099,"Haplotype_B_Meth"
"NGS_H19_Hetero_Phased_Rep3","Read_676",0.0220412366545709,"Haplotype_A_Unmeth"
"NGS_H19_Hetero_Phased_Rep3","Read_677",0.0110628285481375,"Haplotype_A_Unmeth"
"NGS_H19_Hetero_Phased_Rep3","Read_678",0.975414276153446,"Haplotype_B_Meth"
"NGS_H19_Hetero_Phased_Rep3","Read_679",0.0225288927635479,"Haplotype_A_Unmeth"
"NGS_H19_Hetero_Phased_Rep3","Read_680",0.9811168535873,"Haplotype_B_Meth"
"NGS_H19_Hetero_Phased_Rep3","Read_681",0.0273401863730251,"Haplotype_A_Unmeth"
"NGS_H19_Hetero_Phased_Rep3","Read_682",0.0171280181212496,"Haplotype_A_Unmeth"
"NGS_H19_Hetero_Phased_Rep3","Read_683",0.0230133400344381,"Haplotype_A_Unmeth"
"NGS_H19_Hetero_Phased_Rep3","Read_684",0.0123236007112808,"Haplotype_A_Unmeth"
"NGS_H19_Hetero_Phased_Rep3","Read_685",0.979566546954948,"Haplotype_B_Meth"
"NGS_H19_Hetero_Phased_Rep3","Read_686",0.986777809902931,"Haplotype_B_Meth"
"NGS_H19_Hetero_Phased_Rep3","Read_687",0.0215217412130127,"Haplotype_A_Unmeth"
"NGS_H19_Hetero_Phased_Rep3","Read_688",0.0166620611576909,"Haplotype_A_Unmeth"
"NGS_H19_Hetero_Phased_Rep3","Read_689",0.0208704901707766,"Haplotype_A_Unmeth"
"NGS_H19_Hetero_Phased_Rep3","Read_690",0.0278534447750642,"Haplotype_A_Unmeth"
"NGS_H19_Hetero_Phased_Rep3","Read_691",0.984579793906905,"Haplotype_B_Meth"
"NGS_H19_Hetero_Phased_Rep3","Read_692",0.0256808229911784,"Haplotype_A_Unmeth"
"NGS_H19_Hetero_Phased_Rep3","Read_693",0.984546015590393,"Haplotype_B_Meth"
"NGS_H19_Hetero_Phased_Rep3","Read_694",0.0169459429843156,"Haplotype_A_Unmeth"
"NGS_H19_Hetero_Phased_Rep3","Read_695",0.980888121248818,"Haplotype_B_Meth"
"NGS_H19_Hetero_Phased_Rep3","Read_696",0.986848681242425,"Haplotype_B_Meth"
"NGS_H19_Hetero_Phased_Rep3","Read_697",0.977778472022848,"Haplotype_B_Meth"
"NGS_H19_Hetero_Phased_Rep3","Read_698",0.979350992168627,"Haplotype_B_Meth"
"NGS_H19_Hetero_Phased_Rep3","Read_699",0.0201701965636555,"Haplotype_A_Unmeth"
"NGS_H19_Hetero_Phased_Rep3","Read_700",0.980809672496852,"Haplotype_B_Meth"
"NGS_H19_Hetero_Phased_Rep3","Read_701",0.973864927582922,"Haplotype_B_Meth"
"NGS_H19_Hetero_Phased_Rep3","Read_702",0.0163176414467943,"Haplotype_A_Unmeth"
"NGS_H19_Hetero_Phased_Rep3","Read_703",0.0140672624688499,"Haplotype_A_Unmeth"
"NGS_H19_Hetero_Phased_Rep3","Read_704",0.979796152729986,"Haplotype_B_Meth"
"NGS_H19_Hetero_Phased_Rep3","Read_705",0.979713410013184,"Haplotype_B_Meth"
"NGS_H19_Hetero_Phased_Rep3","Read_706",0.984842689723017,"Haplotype_B_Meth"
"NGS_H19_Hetero_Phased_Rep3","Read_707",0.0124116313607354,"Haplotype_A_Unmeth"
"NGS_H19_Hetero_Phased_Rep3","Read_708",0.98413570067175,"Haplotype_B_Meth"
"NGS_H19_Hetero_Phased_Rep3","Read_709",0.977476941840812,"Haplotype_B_Meth"
"NGS_H19_Hetero_Phased_Rep3","Read_710",0.980927109167225,"Haplotype_B_Meth"
"NGS_H19_Hetero_Phased_Rep3","Read_711",0.982036203569553,"Haplotype_B_Meth"
"NGS_H19_Hetero_Phased_Rep3","Read_712",0.0192422685971301,"Haplotype_A_Unmeth"
"NGS_H19_Hetero_Phased_Rep3","Read_713",0.977878034071597,"Haplotype_B_Meth"
"NGS_H19_Hetero_Phased_Rep3","Read_714",0.0179059173380661,"Haplotype_A_Unmeth"
"NGS_H19_Hetero_Phased_Rep3","Read_715",0.0161747987538575,"Haplotype_A_Unmeth"
"NGS_H19_Hetero_Phased_Rep3","Read_716",0.980748207560398,"Haplotype_B_Meth"
"NGS_H19_Hetero_Phased_Rep3","Read_717",0.977965462009463,"Haplotype_B_Meth"
"NGS_H19_Hetero_Phased_Rep3","Read_718",0.981210003222123,"Haplotype_B_Meth"
"NGS_H19_Hetero_Phased_Rep3","Read_719",0.988035213045041,"Haplotype_B_Meth"
"NGS_H19_Hetero_Phased_Rep3","Read_720",0.0186649917786278,"Haplotype_A_Unmeth"
"NGS_H19_Hetero_Phased_Rep3","Read_721",0.971331810740457,"Haplotype_B_Meth"
"NGS_H19_Hetero_Phased_Rep3","Read_722",0.0206993126528992,"Haplotype_A_Unmeth"
"NGS_H19_Hetero_Phased_Rep3","Read_723",0.024501838150218,"Haplotype_A_Unmeth"
"NGS_H19_Hetero_Phased_Rep3","Read_724",0.014719496155597,"Haplotype_A_Unmeth"
"NGS_H19_Hetero_Phased_Rep3","Read_725",0.0172044641315051,"Haplotype_A_Unmeth"
"NGS_H19_Hetero_Phased_Rep3","Read_726",0.979895228337069,"Haplotype_B_Meth"
"NGS_H19_Hetero_Phased_Rep3","Read_727",0.0184553714141689,"Haplotype_A_Unmeth"
"NGS_H19_Hetero_Phased_Rep3","Read_728",0.0159962874696018,"Haplotype_A_Unmeth"
"NGS_H19_Hetero_Phased_Rep3","Read_729",0.0110077263578547,"Haplotype_A_Unmeth"
"NGS_H19_Hetero_Phased_Rep3","Read_730",0.0186421897304455,"Haplotype_A_Unmeth"
"NGS_H19_Hetero_Phased_Rep3","Read_731",0.0225529825777865,"Haplotype_A_Unmeth"
"NGS_H19_Hetero_Phased_Rep3","Read_732",0.0203222403115545,"Haplotype_A_Unmeth"
"NGS_H19_Hetero_Phased_Rep3","Read_733",0.983489331075416,"Haplotype_B_Meth"
"NGS_H19_Hetero_Phased_Rep3","Read_734",0.987792230287141,"Haplotype_B_Meth"
"NGS_H19_Hetero_Phased_Rep3","Read_735",0.0245093404433414,"Haplotype_A_Unmeth"
"NGS_H19_Hetero_Phased_Rep3","Read_736",0.0175368956144708,"Haplotype_A_Unmeth"
"NGS_H19_Hetero_Phased_Rep3","Read_737",0.977363509791056,"Haplotype_B_Meth"
"NGS_H19_Hetero_Phased_Rep3","Read_738",0.990075912333482,"Haplotype_B_Meth"
"NGS_H19_Hetero_Phased_Rep3","Read_739",0.0220673532237551,"Haplotype_A_Unmeth"
"NGS_H19_Hetero_Phased_Rep3","Read_740",0.0284884924260884,"Haplotype_A_Unmeth"
"NGS_H19_Hetero_Phased_Rep3","Read_741",0.975773962483667,"Haplotype_B_Meth"
"NGS_H19_Hetero_Phased_Rep3","Read_742",0.0184541814596069,"Haplotype_A_Unmeth"
"NGS_H19_Hetero_Phased_Rep3","Read_743",0.0193430189630934,"Haplotype_A_Unmeth"
"NGS_H19_Hetero_Phased_Rep3","Read_744",0.0237960239518892,"Haplotype_A_Unmeth"
"NGS_H19_Hetero_Phased_Rep3","Read_745",0.0187774200760671,"Haplotype_A_Unmeth"
"NGS_H19_Hetero_Phased_Rep3","Read_746",0.975728820505343,"Haplotype_B_Meth"
"NGS_H19_Hetero_Phased_Rep3","Read_747",0.978273265308805,"Haplotype_B_Meth"
"NGS_H19_Hetero_Phased_Rep3","Read_748",0.0211117413387768,"Haplotype_A_Unmeth"
"NGS_H19_Hetero_Phased_Rep3","Read_749",0.0214487230143552,"Haplotype_A_Unmeth"
"NGS_H19_Hetero_Phased_Rep3","Read_750",0.0198023312197211,"Haplotype_A_Unmeth"
"NGS_H19_Hetero_Phased_Rep3","Read_751",0.0201269836329437,"Haplotype_A_Unmeth"
"NGS_H19_Hetero_Phased_Rep3","Read_752",0.977891511847437,"Haplotype_B_Meth"
"NGS_H19_Hetero_Phased_Rep3","Read_753",0.984891782663165,"Haplotype_B_Meth"
"NGS_H19_Hetero_Phased_Rep3","Read_754",0.985938493929783,"Haplotype_B_Meth"
"NGS_H19_Hetero_Phased_Rep3","Read_755",0.0262386651625616,"Haplotype_A_Unmeth"
"NGS_H19_Hetero_Phased_Rep3","Read_756",0.982676315900551,"Haplotype_B_Meth"
"NGS_H19_Hetero_Phased_Rep3","Read_757",0.0193532492110115,"Haplotype_A_Unmeth"
"NGS_H19_Hetero_Phased_Rep3","Read_758",0.983767667872112,"Haplotype_B_Meth"
"NGS_H19_Hetero_Phased_Rep3","Read_759",0.0216811627987574,"Haplotype_A_Unmeth"
"NGS_H19_Hetero_Phased_Rep3","Read_760",0.971228858379963,"Haplotype_B_Meth"
"NGS_H19_Hetero_Phased_Rep3","Read_761",0.0139860435533465,"Haplotype_A_Unmeth"
"NGS_H19_Hetero_Phased_Rep3","Read_762",0.018257199755371,"Haplotype_A_Unmeth"
"NGS_H19_Hetero_Phased_Rep3","Read_763",0.981129511913686,"Haplotype_B_Meth"
"NGS_H19_Hetero_Phased_Rep3","Read_764",0.978791176716871,"Haplotype_B_Meth"
"NGS_H19_Hetero_Phased_Rep3","Read_765",0.0222026507431562,"Haplotype_A_Unmeth"
"NGS_H19_Hetero_Phased_Rep3","Read_766",0.981028470294143,"Haplotype_B_Meth"
"NGS_H19_Hetero_Phased_Rep3","Read_767",0.0195232783019723,"Haplotype_A_Unmeth"
"NGS_H19_Hetero_Phased_Rep3","Read_768",0.0203809318172566,"Haplotype_A_Unmeth"
"NGS_H19_Hetero_Phased_Rep3","Read_769",0.0137841590750651,"Haplotype_A_Unmeth"
"NGS_H19_Hetero_Phased_Rep3","Read_770",0.0219915559990466,"Haplotype_A_Unmeth"
"NGS_H19_Hetero_Phased_Rep3","Read_771",0.97225139974493,"Haplotype_B_Meth"
"NGS_H19_Hetero_Phased_Rep3","Read_772",0.023535838949018,"Haplotype_A_Unmeth"
"NGS_H19_Hetero_Phased_Rep3","Read_773",0.972475898860889,"Haplotype_B_Meth"
"NGS_H19_Hetero_Phased_Rep3","Read_774",0.0192216050196694,"Haplotype_A_Unmeth"
"NGS_H19_Hetero_Phased_Rep3","Read_775",0.0185520834261255,"Haplotype_A_Unmeth"
"NGS_H19_Hetero_Phased_Rep3","Read_776",0.98589412487773,"Haplotype_B_Meth"
"NGS_H19_Hetero_Phased_Rep3","Read_777",0.0230435687494392,"Haplotype_A_Unmeth"
"NGS_H19_Hetero_Phased_Rep3","Read_778",0.0206199009764613,"Haplotype_A_Unmeth"
"NGS_H19_Hetero_Phased_Rep3","Read_779",0.024786017909769,"Haplotype_A_Unmeth"
"NGS_H19_Hetero_Phased_Rep3","Read_780",0.982672912857274,"Haplotype_B_Meth"
"NGS_H19_Hetero_Phased_Rep3","Read_781",0.979578943931322,"Haplotype_B_Meth"
"NGS_H19_Hetero_Phased_Rep3","Read_782",0.0232876733716738,"Haplotype_A_Unmeth"
"NGS_H19_Hetero_Phased_Rep3","Read_783",0.0191983083787655,"Haplotype_A_Unmeth"
"NGS_H19_Hetero_Phased_Rep3","Read_784",0.0187003583819781,"Haplotype_A_Unmeth"
"NGS_H19_Hetero_Phased_Rep3","Read_785",0.0180803722017289,"Haplotype_A_Unmeth"
"NGS_H19_Hetero_Phased_Rep3","Read_786",0.0162011674508232,"Haplotype_A_Unmeth"
"NGS_H19_Hetero_Phased_Rep3","Read_787",0.974094372230843,"Haplotype_B_Meth"
"NGS_H19_Hetero_Phased_Rep3","Read_788",0.97331786240529,"Haplotype_B_Meth"
"NGS_H19_Hetero_Phased_Rep3","Read_789",0.977747057080218,"Haplotype_B_Meth"
"NGS_H19_Hetero_Phased_Rep3","Read_790",0.980718645896532,"Haplotype_B_Meth"
"NGS_H19_Hetero_Phased_Rep3","Read_791",0.982570085087699,"Haplotype_B_Meth"
"NGS_H19_Hetero_Phased_Rep3","Read_792",0.0245909278879672,"Haplotype_A_Unmeth"
"NGS_H19_Hetero_Phased_Rep3","Read_793",0.976372862240793,"Haplotype_B_Meth"
"NGS_H19_Hetero_Phased_Rep3","Read_794",0.9807416648977,"Haplotype_B_Meth"
"NGS_H19_Hetero_Phased_Rep3","Read_795",0.021793577669125,"Haplotype_A_Unmeth"
"NGS_H19_Hetero_Phased_Rep3","Read_796",0.0143387680197522,"Haplotype_A_Unmeth"
"NGS_H19_Hetero_Phased_Rep3","Read_797",0.968524138420988,"Haplotype_B_Meth"
"NGS_H19_Hetero_Phased_Rep3","Read_798",0.0201505727268046,"Haplotype_A_Unmeth"
"NGS_H19_Hetero_Phased_Rep3","Read_799",0.023771410959374,"Haplotype_A_Unmeth"
"NGS_H19_Hetero_Phased_Rep3","Read_800",0.974178790843799,"Haplotype_B_Meth"
"NGS_H19_Hetero_Phased_Rep3","Read_801",0.982324404071862,"Haplotype_B_Meth"
"NGS_H19_Hetero_Phased_Rep3","Read_802",0.986325824961538,"Haplotype_B_Meth"
"NGS_H19_Hetero_Phased_Rep3","Read_803",0.0168320467389647,"Haplotype_A_Unmeth"
"NGS_H19_Hetero_Phased_Rep3","Read_804",0.967875258809418,"Haplotype_B_Meth"
"NGS_H19_Hetero_Phased_Rep3","Read_805",0.982654799164696,"Haplotype_B_Meth"
"NGS_H19_Hetero_Phased_Rep3","Read_806",0.0187561006567483,"Haplotype_A_Unmeth"
"NGS_H19_Hetero_Phased_Rep3","Read_807",0.978646995624695,"Haplotype_B_Meth"
"NGS_H19_Hetero_Phased_Rep3","Read_808",0.977478292370278,"Haplotype_B_Meth"
"NGS_H19_Hetero_Phased_Rep3","Read_809",0.988040353832689,"Haplotype_B_Meth"
"NGS_H19_Hetero_Phased_Rep3","Read_810",0.980587716098085,"Haplotype_B_Meth"
"NGS_H19_Hetero_Phased_Rep3","Read_811",0.0191253368042839,"Haplotype_A_Unmeth"
"NGS_H19_Hetero_Phased_Rep3","Read_812",0.0169050995096163,"Haplotype_A_Unmeth"
"NGS_H19_Hetero_Phased_Rep3","Read_813",0.0211869967760875,"Haplotype_A_Unmeth"
"NGS_H19_Hetero_Phased_Rep3","Read_814",0.0262733714316009,"Haplotype_A_Unmeth"
"NGS_H19_Hetero_Phased_Rep3","Read_815",0.982287280997541,"Haplotype_B_Meth"
"NGS_H19_Hetero_Phased_Rep3","Read_816",0.987362906586843,"Haplotype_B_Meth"
"NGS_H19_Hetero_Phased_Rep3","Read_817",0.978627589272278,"Haplotype_B_Meth"
"NGS_H19_Hetero_Phased_Rep3","Read_818",0.0250083986925621,"Haplotype_A_Unmeth"
"NGS_H19_Hetero_Phased_Rep3","Read_819",0.978704285267848,"Haplotype_B_Meth"
"NGS_H19_Hetero_Phased_Rep3","Read_820",0.0234957780238945,"Haplotype_A_Unmeth"
"NGS_H19_Hetero_Phased_Rep3","Read_821",0.027186910909954,"Haplotype_A_Unmeth"
"NGS_H19_Hetero_Phased_Rep3","Read_822",0.979783934386407,"Haplotype_B_Meth"
"NGS_H19_Hetero_Phased_Rep3","Read_823",0.982428907020638,"Haplotype_B_Meth"
"NGS_H19_Hetero_Phased_Rep3","Read_824",0.0269306528065068,"Haplotype_A_Unmeth"
"NGS_H19_Hetero_Phased_Rep3","Read_825",0.983176675514017,"Haplotype_B_Meth"
"NGS_H19_Hetero_Phased_Rep3","Read_826",0.0140934580790607,"Haplotype_A_Unmeth"
"NGS_H19_Hetero_Phased_Rep3","Read_827",0.0192291698461473,"Haplotype_A_Unmeth"
"NGS_H19_Hetero_Phased_Rep3","Read_828",0.0198057905518758,"Haplotype_A_Unmeth"
"NGS_H19_Hetero_Phased_Rep3","Read_829",0.0204309506589442,"Haplotype_A_Unmeth"
"NGS_H19_Hetero_Phased_Rep3","Read_830",0.981637198937994,"Haplotype_B_Meth"
"NGS_H19_Hetero_Phased_Rep3","Read_831",0.980120304383981,"Haplotype_B_Meth"
"NGS_H19_Hetero_Phased_Rep3","Read_832",0.0185682517660704,"Haplotype_A_Unmeth"
"NGS_H19_Hetero_Phased_Rep3","Read_833",0.981435815917023,"Haplotype_B_Meth"
"NGS_H19_Hetero_Phased_Rep3","Read_834",0.98244054501021,"Haplotype_B_Meth"
"NGS_H19_Hetero_Phased_Rep3","Read_835",0.0254083889576459,"Haplotype_A_Unmeth"
"NGS_H19_Hetero_Phased_Rep3","Read_836",0.989786871623305,"Haplotype_B_Meth"
"NGS_H19_Hetero_Phased_Rep3","Read_837",0.979561631981379,"Haplotype_B_Meth"
"NGS_H19_Hetero_Phased_Rep3","Read_838",0.97909368989605,"Haplotype_B_Meth"
"NGS_H19_Hetero_Phased_Rep3","Read_839",0.0134243773139217,"Haplotype_A_Unmeth"
"NGS_H19_Hetero_Phased_Rep3","Read_840",0.98465760004004,"Haplotype_B_Meth"
"NGS_H19_Hetero_Phased_Rep3","Read_841",0.978798072851981,"Haplotype_B_Meth"
"NGS_H19_Hetero_Phased_Rep3","Read_842",0.982822809259778,"Haplotype_B_Meth"
"NGS_H19_Hetero_Phased_Rep3","Read_843",0.0171568344821397,"Haplotype_A_Unmeth"
"NGS_H19_Hetero_Phased_Rep3","Read_844",0.022440416327362,"Haplotype_A_Unmeth"
"NGS_H19_Hetero_Phased_Rep3","Read_845",0.0247578192526761,"Haplotype_A_Unmeth"
"NGS_H19_Hetero_Phased_Rep3","Read_846",0.0223244264917464,"Haplotype_A_Unmeth"
"NGS_H19_Hetero_Phased_Rep3","Read_847",0.960082071304309,"Haplotype_B_Meth"
"NGS_H19_Hetero_Phased_Rep3","Read_848",0.0206288923425498,"Haplotype_A_Unmeth"
"NGS_H19_Hetero_Phased_Rep3","Read_849",0.0214597522214155,"Haplotype_A_Unmeth"
"NGS_H19_Hetero_Phased_Rep3","Read_850",0.0182457528120841,"Haplotype_A_Unmeth"
"NGS_H19_Hetero_Phased_Rep3","Read_851",0.0161493856457654,"Haplotype_A_Unmeth"
"NGS_H19_Hetero_Phased_Rep3","Read_852",0.025506715047053,"Haplotype_A_Unmeth"
"NGS_H19_Hetero_Phased_Rep3","Read_853",0.979167624312296,"Haplotype_B_Meth"
"NGS_H19_Hetero_Phased_Rep3","Read_854",0.0179797993721453,"Haplotype_A_Unmeth"
"NGS_H19_Hetero_Phased_Rep3","Read_855",0.0161114860177276,"Haplotype_A_Unmeth"
"NGS_H19_Hetero_Phased_Rep3","Read_856",0.0148095154655873,"Haplotype_A_Unmeth"
"NGS_H19_Hetero_Phased_Rep3","Read_857",0.0211168106558648,"Haplotype_A_Unmeth"
"NGS_H19_Hetero_Phased_Rep3","Read_858",0.987373172564157,"Haplotype_B_Meth"
"NGS_H19_Hetero_Phased_Rep3","Read_859",0.975106994484566,"Haplotype_B_Meth"
"NGS_H19_Hetero_Phased_Rep3","Read_860",0.977158551407482,"Haplotype_B_Meth"
"NGS_H19_Hetero_Phased_Rep3","Read_861",0.0156463812307777,"Haplotype_A_Unmeth"
"NGS_H19_Hetero_Phased_Rep3","Read_862",0.98393275677593,"Haplotype_B_Meth"
"NGS_H19_Hetero_Phased_Rep3","Read_863",0.0214684957730778,"Haplotype_A_Unmeth"
"NGS_H19_Hetero_Phased_Rep3","Read_864",0.985703360524922,"Haplotype_B_Meth"
"NGS_H19_Hetero_Phased_Rep3","Read_865",0.0171940146854664,"Haplotype_A_Unmeth"
"NGS_H19_Hetero_Phased_Rep3","Read_866",0.026067126133469,"Haplotype_A_Unmeth"
"NGS_H19_Hetero_Phased_Rep3","Read_867",0.0146300068300779,"Haplotype_A_Unmeth"
"NGS_H19_Hetero_Phased_Rep3","Read_868",0.980059112099292,"Haplotype_B_Meth"
"NGS_H19_Hetero_Phased_Rep3","Read_869",0.983365818974929,"Haplotype_B_Meth"
"NGS_H19_Hetero_Phased_Rep3","Read_870",0.98375756287904,"Haplotype_B_Meth"
"NGS_H19_Hetero_Phased_Rep3","Read_871",0.0174500319307056,"Haplotype_A_Unmeth"
"NGS_H19_Hetero_Phased_Rep3","Read_872",0.0262268031840597,"Haplotype_A_Unmeth"
"NGS_H19_Hetero_Phased_Rep3","Read_873",0.0286673621819317,"Haplotype_A_Unmeth"
"NGS_H19_Hetero_Phased_Rep3","Read_874",0.0275765825493816,"Haplotype_A_Unmeth"
"NGS_H19_Hetero_Phased_Rep3","Read_875",0.97663219330119,"Haplotype_B_Meth"
"NGS_H19_Hetero_Phased_Rep3","Read_876",0.975489929343499,"Haplotype_B_Meth"
"NGS_H19_Hetero_Phased_Rep3","Read_877",0.0182882388453714,"Haplotype_A_Unmeth"
"NGS_H19_Hetero_Phased_Rep3","Read_878",0.986046777362807,"Haplotype_B_Meth"
"NGS_H19_Hetero_Phased_Rep3","Read_879",0.0154198939717085,"Haplotype_A_Unmeth"
"NGS_H19_Hetero_Phased_Rep3","Read_880",0.0235042938324085,"Haplotype_A_Unmeth"
"NGS_H19_Hetero_Phased_Rep3","Read_881",0.0220664326029213,"Haplotype_A_Unmeth"
"NGS_H19_Hetero_Phased_Rep3","Read_882",0.029629480478097,"Haplotype_A_Unmeth"
"NGS_H19_Hetero_Phased_Rep3","Read_883",0.0138592398783104,"Haplotype_A_Unmeth"
"NGS_H19_Hetero_Phased_Rep3","Read_884",0.0169412957066398,"Haplotype_A_Unmeth"
"NGS_H19_Hetero_Phased_Rep3","Read_885",0.985050068510301,"Haplotype_B_Meth"
"NGS_H19_Hetero_Phased_Rep3","Read_886",0.981745248538774,"Haplotype_B_Meth"
"NGS_H19_Hetero_Phased_Rep3","Read_887",0.0220271050074031,"Haplotype_A_Unmeth"
"NGS_H19_Hetero_Phased_Rep3","Read_888",0.0220129903168463,"Haplotype_A_Unmeth"
"NGS_H19_Hetero_Phased_Rep3","Read_889",0.984064034021491,"Haplotype_B_Meth"
"NGS_H19_Hetero_Phased_Rep3","Read_890",0.983907492132332,"Haplotype_B_Meth"
"NGS_H19_Hetero_Phased_Rep3","Read_891",0.0201931594842475,"Haplotype_A_Unmeth"
"NGS_H19_Hetero_Phased_Rep3","Read_892",0.986901328682988,"Haplotype_B_Meth"
"NGS_H19_Hetero_Phased_Rep3","Read_893",0.983586051918595,"Haplotype_B_Meth"
"NGS_H19_Hetero_Phased_Rep3","Read_894",0.0137205250064229,"Haplotype_A_Unmeth"
"NGS_H19_Hetero_Phased_Rep3","Read_895",0.981694779784936,"Haplotype_B_Meth"
"NGS_H19_Hetero_Phased_Rep3","Read_896",0.982336262076981,"Haplotype_B_Meth"
"NGS_H19_Hetero_Phased_Rep3","Read_897",0.980780812978869,"Haplotype_B_Meth"
"NGS_H19_Hetero_Phased_Rep3","Read_898",0.978852898984746,"Haplotype_B_Meth"
"NGS_H19_Hetero_Phased_Rep3","Read_899",0.0215889334657419,"Haplotype_A_Unmeth"
"NGS_H19_Hetero_Phased_Rep3","Read_900",0.985753204810335,"Haplotype_B_Meth"
"NGS_H19_Hetero_Phased_Rep3","Read_901",0.986962881002859,"Haplotype_B_Meth"
"NGS_H19_Hetero_Phased_Rep3","Read_902",0.0186910812616848,"Haplotype_A_Unmeth"
"NGS_H19_Hetero_Phased_Rep3","Read_903",0.0163915302924495,"Haplotype_A_Unmeth"
"NGS_H19_Hetero_Phased_Rep3","Read_904",0.0298513835314661,"Haplotype_A_Unmeth"
"NGS_H19_Hetero_Phased_Rep3","Read_905",0.980593426622896,"Haplotype_B_Meth"
"NGS_H19_Hetero_Phased_Rep3","Read_906",0.978591369142993,"Haplotype_B_Meth"
"NGS_H19_Hetero_Phased_Rep3","Read_907",0.977187852063175,"Haplotype_B_Meth"
"NGS_H19_Hetero_Phased_Rep3","Read_908",0.0278503805144649,"Haplotype_A_Unmeth"
"NGS_H19_Hetero_Phased_Rep3","Read_909",0.97603957786064,"Haplotype_B_Meth"
"NGS_H19_Hetero_Phased_Rep3","Read_910",0.0199198937117467,"Haplotype_A_Unmeth"
"NGS_H19_Hetero_Phased_Rep3","Read_911",0.974583454632301,"Haplotype_B_Meth"
"NGS_H19_Hetero_Phased_Rep3","Read_912",0.984770090083082,"Haplotype_B_Meth"
"NGS_H19_Hetero_Phased_Rep3","Read_913",0.973718239449622,"Haplotype_B_Meth"
"NGS_H19_Hetero_Phased_Rep3","Read_914",0.976705840366609,"Haplotype_B_Meth"
"NGS_H19_Hetero_Phased_Rep3","Read_915",0.972179251195304,"Haplotype_B_Meth"
"NGS_H19_Hetero_Phased_Rep3","Read_916",0.0148259363994257,"Haplotype_A_Unmeth"
"NGS_H19_Hetero_Phased_Rep3","Read_917",0.0243034897672455,"Haplotype_A_Unmeth"
"NGS_H19_Hetero_Phased_Rep3","Read_918",0.0207779656168092,"Haplotype_A_Unmeth"
"NGS_H19_Hetero_Phased_Rep3","Read_919",0.981289119923992,"Haplotype_B_Meth"
"NGS_H19_Hetero_Phased_Rep3","Read_920",0.977480009757022,"Haplotype_B_Meth"
"NGS_H19_Hetero_Phased_Rep3","Read_921",0.97366381706375,"Haplotype_B_Meth"
"NGS_H19_Hetero_Phased_Rep3","Read_922",0.0220030942882356,"Haplotype_A_Unmeth"
"NGS_H19_Hetero_Phased_Rep3","Read_923",0.978258014356828,"Haplotype_B_Meth"
"NGS_H19_Hetero_Phased_Rep3","Read_924",0.975371214090424,"Haplotype_B_Meth"
"NGS_H19_Hetero_Phased_Rep3","Read_925",0.977648129414826,"Haplotype_B_Meth"
"NGS_H19_Hetero_Phased_Rep3","Read_926",0.979528511389837,"Haplotype_B_Meth"
"NGS_H19_Hetero_Phased_Rep3","Read_927",0.982088774543681,"Haplotype_B_Meth"
"NGS_H19_Hetero_Phased_Rep3","Read_928",0.977918804757515,"Haplotype_B_Meth"
"NGS_H19_Hetero_Phased_Rep3","Read_929",0.0237243659737109,"Haplotype_A_Unmeth"
"NGS_H19_Hetero_Phased_Rep3","Read_930",0.0159358288778887,"Haplotype_A_Unmeth"
"NGS_H19_Hetero_Phased_Rep3","Read_931",0.0150154071884911,"Haplotype_A_Unmeth"
"NGS_H19_Hetero_Phased_Rep3","Read_932",0.985090014615865,"Haplotype_B_Meth"
"NGS_H19_Hetero_Phased_Rep3","Read_933",0.0169767721122636,"Haplotype_A_Unmeth"
"NGS_H19_Hetero_Phased_Rep3","Read_934",0.0194104770452168,"Haplotype_A_Unmeth"
"NGS_H19_Hetero_Phased_Rep3","Read_935",0.0164705452083237,"Haplotype_A_Unmeth"
"NGS_H19_Hetero_Phased_Rep3","Read_936",0.0186513277960732,"Haplotype_A_Unmeth"
"NGS_H19_Hetero_Phased_Rep3","Read_937",0.027988575945722,"Haplotype_A_Unmeth"
"NGS_H19_Hetero_Phased_Rep3","Read_938",0.972579251930168,"Haplotype_B_Meth"
"NGS_H19_Hetero_Phased_Rep3","Read_939",0.0194457921207131,"Haplotype_A_Unmeth"
"NGS_H19_Hetero_Phased_Rep3","Read_940",0.0145808414826259,"Haplotype_A_Unmeth"
"NGS_H19_Hetero_Phased_Rep3","Read_941",0.982458901891663,"Haplotype_B_Meth"
"NGS_H19_Hetero_Phased_Rep3","Read_942",0.97365026876948,"Haplotype_B_Meth"
"NGS_H19_Hetero_Phased_Rep3","Read_943",0.983492902338141,"Haplotype_B_Meth"
"NGS_H19_Hetero_Phased_Rep3","Read_944",0.979149611539826,"Haplotype_B_Meth"
"NGS_H19_Hetero_Phased_Rep3","Read_945",0.0186740189662905,"Haplotype_A_Unmeth"
"NGS_H19_Hetero_Phased_Rep3","Read_946",0.0124098181630561,"Haplotype_A_Unmeth"
"NGS_H19_Hetero_Phased_Rep3","Read_947",0.0173718814819265,"Haplotype_A_Unmeth"
"NGS_H19_Hetero_Phased_Rep3","Read_948",0.0222978281399082,"Haplotype_A_Unmeth"
"NGS_H19_Hetero_Phased_Rep3","Read_949",0.0200565394895638,"Haplotype_A_Unmeth"
"NGS_H19_Hetero_Phased_Rep3","Read_950",0.0168538706851626,"Haplotype_A_Unmeth"
"NGS_H19_Hetero_Phased_Rep3","Read_951",0.0242059753325601,"Haplotype_A_Unmeth"
"NGS_H19_Hetero_Phased_Rep3","Read_952",0.980294788045077,"Haplotype_B_Meth"
"NGS_H19_Hetero_Phased_Rep3","Read_953",0.015369494581769,"Haplotype_A_Unmeth"
"NGS_H19_Hetero_Phased_Rep3","Read_954",0.983100234072725,"Haplotype_B_Meth"
"NGS_H19_Hetero_Phased_Rep3","Read_955",0.983695036415202,"Haplotype_B_Meth"
"NGS_H19_Hetero_Phased_Rep3","Read_956",0.0211791004832059,"Haplotype_A_Unmeth"
"NGS_H19_Hetero_Phased_Rep3","Read_957",0.022665072444798,"Haplotype_A_Unmeth"
"NGS_H19_Hetero_Phased_Rep3","Read_958",0.980611948425813,"Haplotype_B_Meth"
"NGS_H19_Hetero_Phased_Rep3","Read_959",0.979196142373822,"Haplotype_B_Meth"
"NGS_H19_Hetero_Phased_Rep3","Read_960",0.0174781157099502,"Haplotype_A_Unmeth"
"NGS_H19_Hetero_Phased_Rep3","Read_961",0.0163383730939757,"Haplotype_A_Unmeth"
"NGS_H19_Hetero_Phased_Rep3","Read_962",0.979460541417484,"Haplotype_B_Meth"
"NGS_H19_Hetero_Phased_Rep3","Read_963",0.979779455115179,"Haplotype_B_Meth"
"NGS_H19_Hetero_Phased_Rep3","Read_964",0.0130206012112377,"Haplotype_A_Unmeth"
"NGS_H19_Hetero_Phased_Rep3","Read_965",0.0182030312934784,"Haplotype_A_Unmeth"
"NGS_H19_Hetero_Phased_Rep3","Read_966",0.987361375083072,"Haplotype_B_Meth"
"NGS_H19_Hetero_Phased_Rep3","Read_967",0.977238253432513,"Haplotype_B_Meth"
"NGS_H19_Hetero_Phased_Rep3","Read_968",0.0176035356414619,"Haplotype_A_Unmeth"
"NGS_H19_Hetero_Phased_Rep3","Read_969",0.974445616429264,"Haplotype_B_Meth"
"NGS_H19_Hetero_Phased_Rep3","Read_970",0.973602497561966,"Haplotype_B_Meth"
"NGS_H19_Hetero_Phased_Rep3","Read_971",0.979715747143965,"Haplotype_B_Meth"
"NGS_H19_Hetero_Phased_Rep3","Read_972",0.0119292625929252,"Haplotype_A_Unmeth"
"NGS_H19_Hetero_Phased_Rep3","Read_973",0.981930082289822,"Haplotype_B_Meth"
"NGS_H19_Hetero_Phased_Rep3","Read_974",0.0248527523354993,"Haplotype_A_Unmeth"
"NGS_H19_Hetero_Phased_Rep3","Read_975",0.977902412466306,"Haplotype_B_Meth"
"NGS_H19_Hetero_Phased_Rep3","Read_976",0.0289427654172589,"Haplotype_A_Unmeth"
"NGS_H19_Hetero_Phased_Rep3","Read_977",0.983683288584398,"Haplotype_B_Meth"
"NGS_H19_Hetero_Phased_Rep3","Read_978",0.977180359348272,"Haplotype_B_Meth"
"NGS_H19_Hetero_Phased_Rep3","Read_979",0.0124739571127667,"Haplotype_A_Unmeth"
"NGS_H19_Hetero_Phased_Rep3","Read_980",0.0207805719427097,"Haplotype_A_Unmeth"
"NGS_H19_Hetero_Phased_Rep3","Read_981",0.0192403423302729,"Haplotype_A_Unmeth"
"NGS_H19_Hetero_Phased_Rep3","Read_982",0.979885895404915,"Haplotype_B_Meth"
"NGS_H19_Hetero_Phased_Rep3","Read_983",0.979836587507089,"Haplotype_B_Meth"
"NGS_H19_Hetero_Phased_Rep3","Read_984",0.985994533758144,"Haplotype_B_Meth"
"NGS_H19_Hetero_Phased_Rep3","Read_985",0.0228372591853846,"Haplotype_A_Unmeth"
"NGS_H19_Hetero_Phased_Rep3","Read_986",0.0156238615259035,"Haplotype_A_Unmeth"
"NGS_H19_Hetero_Phased_Rep3","Read_987",0.977796622148337,"Haplotype_B_Meth"
"NGS_H19_Hetero_Phased_Rep3","Read_988",0.968575201544603,"Haplotype_B_Meth"
"NGS_H19_Hetero_Phased_Rep3","Read_989",0.0175509194295089,"Haplotype_A_Unmeth"
"NGS_H19_Hetero_Phased_Rep3","Read_990",0.0232779059004385,"Haplotype_A_Unmeth"
"NGS_H19_Hetero_Phased_Rep3","Read_991",0.9882518377915,"Haplotype_B_Meth"
"NGS_H19_Hetero_Phased_Rep3","Read_992",0.0178700331043427,"Haplotype_A_Unmeth"
"NGS_H19_Hetero_Phased_Rep3","Read_993",0.978986233958446,"Haplotype_B_Meth"
"NGS_H19_Hetero_Phased_Rep3","Read_994",0.981684327786755,"Haplotype_B_Meth"
"NGS_H19_Hetero_Phased_Rep3","Read_995",0.969636204700723,"Haplotype_B_Meth"
"NGS_H19_Hetero_Phased_Rep3","Read_996",0.983056375280615,"Haplotype_B_Meth"
"NGS_H19_Hetero_Phased_Rep3","Read_997",0.0187339212305615,"Haplotype_A_Unmeth"
"NGS_H19_Hetero_Phased_Rep3","Read_998",0.0137918004424973,"Haplotype_A_Unmeth"
"NGS_H19_Hetero_Phased_Rep3","Read_999",0.986347524425546,"Haplotype_B_Meth"
"NGS_H19_Hetero_Phased_Rep3","Read_1000",0.0131802976408875,"Haplotype_A_Unmeth"
"NGS_H19_Hetero_Phased_Rep3","Read_1001",0.0414233027393504,"Haplotype_A_Unmeth"
"NGS_H19_Hetero_Phased_Rep3","Read_1002",0.0315202258177321,"Haplotype_A_Unmeth"
"NGS_H19_Hetero_Phased_Rep3","Read_1003",0.0197979392236375,"Haplotype_A_Unmeth"
"NGS_H19_Hetero_Phased_Rep3","Read_1004",0.984259447599383,"Haplotype_B_Meth"
"NGS_H19_Hetero_Phased_Rep3","Read_1005",0.978776073668127,"Haplotype_B_Meth"
"NGS_H19_Hetero_Phased_Rep3","Read_1006",0.977616180269304,"Haplotype_B_Meth"
"NGS_H19_Hetero_Phased_Rep3","Read_1007",0.983252308679585,"Haplotype_B_Meth"
"NGS_H19_Hetero_Phased_Rep3","Read_1008",0.0270311563773987,"Haplotype_A_Unmeth"
"NGS_H19_Hetero_Phased_Rep3","Read_1009",0.984292863931588,"Haplotype_B_Meth"
"NGS_H19_Hetero_Phased_Rep3","Read_1010",0.0124158009529475,"Haplotype_A_Unmeth"
"NGS_H19_Hetero_Phased_Rep3","Read_1011",0.984991491510902,"Haplotype_B_Meth"
"NGS_H19_Hetero_Phased_Rep3","Read_1012",0.0186313110500942,"Haplotype_A_Unmeth"
"NGS_H19_Hetero_Phased_Rep3","Read_1013",0.980844579079979,"Haplotype_B_Meth"
"NGS_H19_Hetero_Phased_Rep3","Read_1014",0.0179484844662732,"Haplotype_A_Unmeth"
"NGS_H19_Hetero_Phased_Rep3","Read_1015",0.982507541363379,"Haplotype_B_Meth"
"NGS_H19_Hetero_Phased_Rep3","Read_1016",0.0356238925246931,"Haplotype_A_Unmeth"
"NGS_H19_Hetero_Phased_Rep3","Read_1017",0.985117183443832,"Haplotype_B_Meth"
"NGS_H19_Hetero_Phased_Rep3","Read_1018",0.023665483209312,"Haplotype_A_Unmeth"
"NGS_H19_Hetero_Phased_Rep3","Read_1019",0.0123107433252621,"Haplotype_A_Unmeth"
"NGS_H19_Hetero_Phased_Rep3","Read_1020",0.982198170473937,"Haplotype_B_Meth"
"NGS_H19_Hetero_Phased_Rep3","Read_1021",0.02209316093179,"Haplotype_A_Unmeth"
"NGS_H19_Hetero_Phased_Rep3","Read_1022",0.0176834107230448,"Haplotype_A_Unmeth"
"NGS_H19_Hetero_Phased_Rep3","Read_1023",0.980978626795298,"Haplotype_B_Meth"
"NGS_H19_Hetero_Phased_Rep3","Read_1024",0.978214296979452,"Haplotype_B_Meth"
"NGS_H19_Hetero_Phased_Rep3","Read_1025",0.982360933649678,"Haplotype_B_Meth"
"NGS_H19_Hetero_Phased_Rep3","Read_1026",0.0199420198365377,"Haplotype_A_Unmeth"
"NGS_H19_Hetero_Phased_Rep3","Read_1027",0.980546378838633,"Haplotype_B_Meth"
"NGS_H19_Hetero_Phased_Rep3","Read_1028",0.977625985864522,"Haplotype_B_Meth"
"NGS_H19_Hetero_Phased_Rep3","Read_1029",0.0245864830113617,"Haplotype_A_Unmeth"
"NGS_H19_Hetero_Phased_Rep3","Read_1030",0.0191179063415051,"Haplotype_A_Unmeth"
"NGS_H19_Hetero_Phased_Rep3","Read_1031",0.0232177817887134,"Haplotype_A_Unmeth"
"NGS_H19_Hetero_Phased_Rep3","Read_1032",0.977815948866793,"Haplotype_B_Meth"
"NGS_H19_Hetero_Phased_Rep3","Read_1033",0.976164841262048,"Haplotype_B_Meth"
"NGS_H19_Hetero_Phased_Rep3","Read_1034",0.0208967183362928,"Haplotype_A_Unmeth"
"NGS_H19_Hetero_Phased_Rep3","Read_1035",0.0159461084529997,"Haplotype_A_Unmeth"
"NGS_H19_Hetero_Phased_Rep3","Read_1036",0.984586619431685,"Haplotype_B_Meth"
"NGS_H19_Hetero_Phased_Rep3","Read_1037",0.0142011024816845,"Haplotype_A_Unmeth"
"NGS_H19_Hetero_Phased_Rep3","Read_1038",0.027490233806874,"Haplotype_A_Unmeth"
"NGS_H19_Hetero_Phased_Rep3","Read_1039",0.0173754194493494,"Haplotype_A_Unmeth"
"NGS_H19_Hetero_Phased_Rep3","Read_1040",0.979396385861554,"Haplotype_B_Meth"
"NGS_H19_Hetero_Phased_Rep3","Read_1041",0.0260058822327174,"Haplotype_A_Unmeth"
"NGS_H19_Hetero_Phased_Rep3","Read_1042",0.984774217040283,"Haplotype_B_Meth"
"NGS_H19_Hetero_Phased_Rep3","Read_1043",0.031267091407218,"Haplotype_A_Unmeth"
"NGS_H19_Hetero_Phased_Rep3","Read_1044",0.0220789838753457,"Haplotype_A_Unmeth"
"NGS_H19_Hetero_Phased_Rep3","Read_1045",0.0216293172498314,"Haplotype_A_Unmeth"
"NGS_H19_Hetero_Phased_Rep3","Read_1046",0.985998859882325,"Haplotype_B_Meth"
"NGS_H19_Hetero_Phased_Rep3","Read_1047",0.975538831150876,"Haplotype_B_Meth"
"NGS_H19_Hetero_Phased_Rep3","Read_1048",0.0215186158100067,"Haplotype_A_Unmeth"
"NGS_H19_Hetero_Phased_Rep3","Read_1049",0.0212995362679397,"Haplotype_A_Unmeth"
"NGS_H19_Hetero_Phased_Rep3","Read_1050",0.977809790127142,"Haplotype_B_Meth"
"NGS_H19_Hetero_Phased_Rep3","Read_1051",0.0190628233287195,"Haplotype_A_Unmeth"
"NGS_H19_Hetero_Phased_Rep3","Read_1052",0.978461329422827,"Haplotype_B_Meth"
"NGS_H19_Hetero_Phased_Rep3","Read_1053",0.0190425034196422,"Haplotype_A_Unmeth"
"NGS_H19_Hetero_Phased_Rep3","Read_1054",0.0140557174138365,"Haplotype_A_Unmeth"
"NGS_H19_Hetero_Phased_Rep3","Read_1055",0.985224524412548,"Haplotype_B_Meth"
"NGS_H19_Hetero_Phased_Rep3","Read_1056",0.0197697643990826,"Haplotype_A_Unmeth"
"NGS_H19_Hetero_Phased_Rep3","Read_1057",0.0237489879608146,"Haplotype_A_Unmeth"
"NGS_H19_Hetero_Phased_Rep3","Read_1058",0.982085757739686,"Haplotype_B_Meth"
"NGS_H19_Hetero_Phased_Rep3","Read_1059",0.987524949032255,"Haplotype_B_Meth"
"NGS_H19_Hetero_Phased_Rep3","Read_1060",0.984467696515697,"Haplotype_B_Meth"
"NGS_H19_Hetero_Phased_Rep3","Read_1061",0.985440039471393,"Haplotype_B_Meth"
"NGS_H19_Hetero_Phased_Rep3","Read_1062",0.978251321572466,"Haplotype_B_Meth"
"NGS_H19_Hetero_Phased_Rep3","Read_1063",0.982743175421201,"Haplotype_B_Meth"
"NGS_H19_Hetero_Phased_Rep3","Read_1064",0.0255795540887432,"Haplotype_A_Unmeth"
"NGS_H19_Hetero_Phased_Rep3","Read_1065",0.0216070015040977,"Haplotype_A_Unmeth"
"NGS_H19_Hetero_Phased_Rep3","Read_1066",0.977206978413744,"Haplotype_B_Meth"
"NGS_H19_Hetero_Phased_Rep3","Read_1067",0.0195838343204956,"Haplotype_A_Unmeth"
"NGS_H19_Hetero_Phased_Rep3","Read_1068",0.0211968176523404,"Haplotype_A_Unmeth"
"NGS_H19_Hetero_Phased_Rep3","Read_1069",0.0166175801136212,"Haplotype_A_Unmeth"
"NGS_H19_Hetero_Phased_Rep3","Read_1070",0.978888801854184,"Haplotype_B_Meth"
"NGS_H19_Hetero_Phased_Rep3","Read_1071",0.0217132651137261,"Haplotype_A_Unmeth"
"NGS_H19_Hetero_Phased_Rep3","Read_1072",0.0186169420315636,"Haplotype_A_Unmeth"
"NGS_H19_Hetero_Phased_Rep3","Read_1073",0.0221252593156547,"Haplotype_A_Unmeth"
"NGS_H19_Hetero_Phased_Rep3","Read_1074",0.0164551683138668,"Haplotype_A_Unmeth"
"NGS_H19_Hetero_Phased_Rep3","Read_1075",0.019970227734385,"Haplotype_A_Unmeth"
"NGS_H19_Hetero_Phased_Rep3","Read_1076",0.983534567586781,"Haplotype_B_Meth"
"NGS_H19_Hetero_Phased_Rep3","Read_1077",0.97500849714691,"Haplotype_B_Meth"
"NGS_H19_Hetero_Phased_Rep3","Read_1078",0.982597836764547,"Haplotype_B_Meth"
"NGS_H19_Hetero_Phased_Rep3","Read_1079",0.981589700693535,"Haplotype_B_Meth"
"NGS_H19_Hetero_Phased_Rep3","Read_1080",0.979537289087952,"Haplotype_B_Meth"
"NGS_H19_Hetero_Phased_Rep3","Read_1081",0.0231136499022571,"Haplotype_A_Unmeth"
"NGS_H19_Hetero_Phased_Rep3","Read_1082",0.017549014250521,"Haplotype_A_Unmeth"
"NGS_H19_Hetero_Phased_Rep3","Read_1083",0.0254248692349215,"Haplotype_A_Unmeth"
"NGS_H19_Hetero_Phased_Rep3","Read_1084",0.0240366928911383,"Haplotype_A_Unmeth"
"NGS_H19_Hetero_Phased_Rep3","Read_1085",0.983572892759396,"Haplotype_B_Meth"
"NGS_H19_Hetero_Phased_Rep3","Read_1086",0.0219626257353003,"Haplotype_A_Unmeth"
"NGS_H19_Hetero_Phased_Rep3","Read_1087",0.0243907036629693,"Haplotype_A_Unmeth"
"NGS_H19_Hetero_Phased_Rep3","Read_1088",0.0203546426697981,"Haplotype_A_Unmeth"
"NGS_H19_Hetero_Phased_Rep3","Read_1089",0.018419277230034,"Haplotype_A_Unmeth"
"NGS_H19_Hetero_Phased_Rep3","Read_1090",0.0140085846670373,"Haplotype_A_Unmeth"
"NGS_H19_Hetero_Phased_Rep3","Read_1091",0.98210734550901,"Haplotype_B_Meth"
"NGS_H19_Hetero_Phased_Rep3","Read_1092",0.979813266034059,"Haplotype_B_Meth"
"NGS_H19_Hetero_Phased_Rep3","Read_1093",0.0296036666912044,"Haplotype_A_Unmeth"
"NGS_H19_Hetero_Phased_Rep3","Read_1094",0.975144081937067,"Haplotype_B_Meth"
"NGS_H19_Hetero_Phased_Rep3","Read_1095",0.978783302894512,"Haplotype_B_Meth"
"NGS_H19_Hetero_Phased_Rep3","Read_1096",0.975764761773313,"Haplotype_B_Meth"
"NGS_H19_Hetero_Phased_Rep3","Read_1097",0.0196170113993204,"Haplotype_A_Unmeth"
"NGS_H19_Hetero_Phased_Rep3","Read_1098",0.0212733334758731,"Haplotype_A_Unmeth"
"NGS_H19_Hetero_Phased_Rep3","Read_1099",0.0122658149485891,"Haplotype_A_Unmeth"
"NGS_H19_Hetero_Phased_Rep3","Read_1100",0.982026896933618,"Haplotype_B_Meth"
"NGS_H19_Hetero_Phased_Rep3","Read_1101",0.0262644098809066,"Haplotype_A_Unmeth"
"NGS_H19_Hetero_Phased_Rep3","Read_1102",0.0158826245359483,"Haplotype_A_Unmeth"
"NGS_H19_Hetero_Phased_Rep3","Read_1103",0.980887289226432,"Haplotype_B_Meth"
"NGS_H19_Hetero_Phased_Rep3","Read_1104",0.97854388388725,"Haplotype_B_Meth"
"NGS_H19_Hetero_Phased_Rep3","Read_1105",0.977924424467775,"Haplotype_B_Meth"
"NGS_H19_Hetero_Phased_Rep3","Read_1106",0.0109598547929084,"Haplotype_A_Unmeth"
"NGS_H19_Hetero_Phased_Rep3","Read_1107",0.0120980447330391,"Haplotype_A_Unmeth"
"NGS_H19_Hetero_Phased_Rep3","Read_1108",0.983834246898022,"Haplotype_B_Meth"
"NGS_H19_Hetero_Phased_Rep3","Read_1109",0.026570771190548,"Haplotype_A_Unmeth"
"NGS_H19_Hetero_Phased_Rep3","Read_1110",0.978947866131284,"Haplotype_B_Meth"
"NGS_H19_Hetero_Phased_Rep3","Read_1111",0.977794022365321,"Haplotype_B_Meth"
"NGS_H19_Hetero_Phased_Rep3","Read_1112",0.0163616976064871,"Haplotype_A_Unmeth"
"NGS_H19_Hetero_Phased_Rep3","Read_1113",0.987080336302813,"Haplotype_B_Meth"
"NGS_H19_Hetero_Phased_Rep3","Read_1114",0.0178885074847047,"Haplotype_A_Unmeth"
"NGS_H19_Hetero_Phased_Rep3","Read_1115",0.0210393376660116,"Haplotype_A_Unmeth"
"NGS_H19_Hetero_Phased_Rep3","Read_1116",0.97869248103393,"Haplotype_B_Meth"
"NGS_H19_Hetero_Phased_Rep3","Read_1117",0.0119598850755749,"Haplotype_A_Unmeth"
"NGS_H19_Hetero_Phased_Rep3","Read_1118",0.986423214332592,"Haplotype_B_Meth"
"NGS_H19_Hetero_Phased_Rep3","Read_1119",0.975557851938124,"Haplotype_B_Meth"
"NGS_H19_Hetero_Phased_Rep3","Read_1120",0.981172571930874,"Haplotype_B_Meth"
"NGS_H19_Hetero_Phased_Rep3","Read_1121",0.0106965773845902,"Haplotype_A_Unmeth"
"NGS_H19_Hetero_Phased_Rep3","Read_1122",0.0245388906083481,"Haplotype_A_Unmeth"
"NGS_H19_Hetero_Phased_Rep3","Read_1123",0.980609038426711,"Haplotype_B_Meth"
"NGS_H19_Hetero_Phased_Rep3","Read_1124",0.98260960872588,"Haplotype_B_Meth"
"NGS_H19_Hetero_Phased_Rep3","Read_1125",0.983399169479493,"Haplotype_B_Meth"
"NGS_H19_Hetero_Phased_Rep3","Read_1126",0.0283818329562553,"Haplotype_A_Unmeth"
"NGS_H19_Hetero_Phased_Rep3","Read_1127",0.022290434279245,"Haplotype_A_Unmeth"
"NGS_H19_Hetero_Phased_Rep3","Read_1128",0.0251636569223687,"Haplotype_A_Unmeth"
"NGS_H19_Hetero_Phased_Rep3","Read_1129",0.0161591445362299,"Haplotype_A_Unmeth"
"NGS_H19_Hetero_Phased_Rep3","Read_1130",0.0181306263571831,"Haplotype_A_Unmeth"
"NGS_H19_Hetero_Phased_Rep3","Read_1131",0.97930109911934,"Haplotype_B_Meth"
"NGS_H19_Hetero_Phased_Rep3","Read_1132",0.0256028292677139,"Haplotype_A_Unmeth"
"NGS_H19_Hetero_Phased_Rep3","Read_1133",0.020123561241476,"Haplotype_A_Unmeth"
"NGS_H19_Hetero_Phased_Rep3","Read_1134",0.984462074243814,"Haplotype_B_Meth"
"NGS_H19_Hetero_Phased_Rep3","Read_1135",0.0122623830017992,"Haplotype_A_Unmeth"
"NGS_H19_Hetero_Phased_Rep3","Read_1136",0.968019104655767,"Haplotype_B_Meth"
"NGS_H19_Hetero_Phased_Rep3","Read_1137",0.0287866787355557,"Haplotype_A_Unmeth"
"NGS_H19_Hetero_Phased_Rep3","Read_1138",0.0155700548277912,"Haplotype_A_Unmeth"
"NGS_H19_Hetero_Phased_Rep3","Read_1139",0.0321556373021475,"Haplotype_A_Unmeth"
"NGS_H19_Hetero_Phased_Rep3","Read_1140",0.982228946190726,"Haplotype_B_Meth"
"NGS_H19_Hetero_Phased_Rep3","Read_1141",0.0166557506130545,"Haplotype_A_Unmeth"
"NGS_H19_Hetero_Phased_Rep3","Read_1142",0.978588026155093,"Haplotype_B_Meth"
"NGS_H19_Hetero_Phased_Rep3","Read_1143",0.0160166106736877,"Haplotype_A_Unmeth"
"NGS_H19_Hetero_Phased_Rep3","Read_1144",0.021755271455337,"Haplotype_A_Unmeth"
"NGS_H19_Hetero_Phased_Rep3","Read_1145",0.0319032948598893,"Haplotype_A_Unmeth"
"NGS_H19_Hetero_Phased_Rep3","Read_1146",0.0186654461327803,"Haplotype_A_Unmeth"
"NGS_H19_Hetero_Phased_Rep3","Read_1147",0.987041076598024,"Haplotype_B_Meth"
"NGS_H19_Hetero_Phased_Rep3","Read_1148",0.982462723043952,"Haplotype_B_Meth"
"NGS_H19_Hetero_Phased_Rep3","Read_1149",0.0223887088962891,"Haplotype_A_Unmeth"
"NGS_H19_Hetero_Phased_Rep3","Read_1150",0.0216031375502182,"Haplotype_A_Unmeth"
"NGS_H19_Hetero_Phased_Rep3","Read_1151",0.985767604123389,"Haplotype_B_Meth"
"NGS_H19_Hetero_Phased_Rep3","Read_1152",0.979237533093705,"Haplotype_B_Meth"
"NGS_H19_Hetero_Phased_Rep3","Read_1153",0.0171327797607349,"Haplotype_A_Unmeth"
"NGS_H19_Hetero_Phased_Rep3","Read_1154",0.0122694039983916,"Haplotype_A_Unmeth"
"NGS_H19_Hetero_Phased_Rep3","Read_1155",0.973739194210987,"Haplotype_B_Meth"
"NGS_H19_Hetero_Phased_Rep3","Read_1156",0.0170478687107161,"Haplotype_A_Unmeth"
"NGS_H19_Hetero_Phased_Rep3","Read_1157",0.975029697887206,"Haplotype_B_Meth"
"NGS_H19_Hetero_Phased_Rep3","Read_1158",0.0114684761138853,"Haplotype_A_Unmeth"
"NGS_H19_Hetero_Phased_Rep3","Read_1159",0.0151370309776533,"Haplotype_A_Unmeth"
"NGS_H19_Hetero_Phased_Rep3","Read_1160",0.0207176655378302,"Haplotype_A_Unmeth"
"NGS_H19_Hetero_Phased_Rep3","Read_1161",0.971325758652555,"Haplotype_B_Meth"
"NGS_H19_Hetero_Phased_Rep3","Read_1162",0.974220618709932,"Haplotype_B_Meth"
"NGS_H19_Hetero_Phased_Rep3","Read_1163",0.983765736146145,"Haplotype_B_Meth"
"NGS_H19_Hetero_Phased_Rep3","Read_1164",0.977982642417794,"Haplotype_B_Meth"
"NGS_H19_Hetero_Phased_Rep3","Read_1165",0.0226962524943992,"Haplotype_A_Unmeth"
"NGS_H19_Hetero_Phased_Rep3","Read_1166",0.0216435537143475,"Haplotype_A_Unmeth"
"NGS_H19_Hetero_Phased_Rep3","Read_1167",0.0217855796899267,"Haplotype_A_Unmeth"
"NGS_H19_Hetero_Phased_Rep3","Read_1168",0.0163355179051858,"Haplotype_A_Unmeth"
"NGS_H19_Hetero_Phased_Rep3","Read_1169",0.981809797352364,"Haplotype_B_Meth"
"NGS_H19_Hetero_Phased_Rep3","Read_1170",0.976255032796818,"Haplotype_B_Meth"
"NGS_H19_Hetero_Phased_Rep3","Read_1171",0.97960269323739,"Haplotype_B_Meth"
"NGS_H19_Hetero_Phased_Rep3","Read_1172",0.986752193977938,"Haplotype_B_Meth"
"NGS_H19_Hetero_Phased_Rep3","Read_1173",0.0226043019566211,"Haplotype_A_Unmeth"
"NGS_H19_Hetero_Phased_Rep3","Read_1174",0.974426463161981,"Haplotype_B_Meth"
"NGS_H19_Hetero_Phased_Rep3","Read_1175",0.0299621700738638,"Haplotype_A_Unmeth"
"NGS_H19_Hetero_Phased_Rep3","Read_1176",0.972723852138862,"Haplotype_B_Meth"
"NGS_H19_Hetero_Phased_Rep3","Read_1177",0.0196650605824203,"Haplotype_A_Unmeth"
"NGS_H19_Hetero_Phased_Rep3","Read_1178",0.970822307913411,"Haplotype_B_Meth"
"NGS_H19_Hetero_Phased_Rep3","Read_1179",0.981223430365522,"Haplotype_B_Meth"
"NGS_H19_Hetero_Phased_Rep3","Read_1180",0.0173488801079517,"Haplotype_A_Unmeth"
"NGS_H19_Hetero_Phased_Rep3","Read_1181",0.984062109043901,"Haplotype_B_Meth"
"NGS_H19_Hetero_Phased_Rep3","Read_1182",0.984652137641753,"Haplotype_B_Meth"
"NGS_H19_Hetero_Phased_Rep3","Read_1183",0.0180749005617909,"Haplotype_A_Unmeth"
"NGS_H19_Hetero_Phased_Rep3","Read_1184",0.0160956236861929,"Haplotype_A_Unmeth"
"NGS_H19_Hetero_Phased_Rep3","Read_1185",0.969437266219526,"Haplotype_B_Meth"
"NGS_H19_Hetero_Phased_Rep3","Read_1186",0.0244499314650097,"Haplotype_A_Unmeth"
"NGS_H19_Hetero_Phased_Rep3","Read_1187",0.981491019481219,"Haplotype_B_Meth"
"NGS_H19_Hetero_Phased_Rep3","Read_1188",0.0146517395585947,"Haplotype_A_Unmeth"
"NGS_H19_Hetero_Phased_Rep3","Read_1189",0.982244556282739,"Haplotype_B_Meth"
"NGS_H19_Hetero_Phased_Rep3","Read_1190",0.0197876590778895,"Haplotype_A_Unmeth"
"NGS_H19_Hetero_Phased_Rep3","Read_1191",0.0139622602682224,"Haplotype_A_Unmeth"
"NGS_H19_Hetero_Phased_Rep3","Read_1192",0.0214332711725713,"Haplotype_A_Unmeth"
"NGS_H19_Hetero_Phased_Rep3","Read_1193",0.981972691848233,"Haplotype_B_Meth"
"NGS_H19_Hetero_Phased_Rep3","Read_1194",0.980943062723288,"Haplotype_B_Meth"
"NGS_H19_Hetero_Phased_Rep3","Read_1195",0.0248783473167574,"Haplotype_A_Unmeth"
"NGS_H19_Hetero_Phased_Rep3","Read_1196",0.012667462433609,"Haplotype_A_Unmeth"
"NGS_H19_Hetero_Phased_Rep3","Read_1197",0.0223088521122373,"Haplotype_A_Unmeth"
"NGS_H19_Hetero_Phased_Rep3","Read_1198",0.975248765886766,"Haplotype_B_Meth"
"NGS_H19_Hetero_Phased_Rep3","Read_1199",0.0182618106894183,"Haplotype_A_Unmeth"
"NGS_H19_Hetero_Phased_Rep3","Read_1200",0.971291362294728,"Haplotype_B_Meth"
"NGS_H19_Hetero_Phased_Rep3","Read_1201",0.977947107414203,"Haplotype_B_Meth"
"NGS_H19_Hetero_Phased_Rep3","Read_1202",0.0268068823598172,"Haplotype_A_Unmeth"
"NGS_H19_Hetero_Phased_Rep3","Read_1203",0.984985799193999,"Haplotype_B_Meth"
"NGS_H19_Hetero_Phased_Rep3","Read_1204",0.980443972105887,"Haplotype_B_Meth"
"NGS_H19_Hetero_Phased_Rep3","Read_1205",0.0222175110709306,"Haplotype_A_Unmeth"
"NGS_H19_Hetero_Phased_Rep3","Read_1206",0.0192782163692796,"Haplotype_A_Unmeth"
"NGS_H19_Hetero_Phased_Rep3","Read_1207",0.974495101905981,"Haplotype_B_Meth"
"NGS_H19_Hetero_Phased_Rep3","Read_1208",0.0162429190135854,"Haplotype_A_Unmeth"
"NGS_H19_Hetero_Phased_Rep3","Read_1209",0.982703003247693,"Haplotype_B_Meth"
"NGS_H19_Hetero_Phased_Rep3","Read_1210",0.986546748841056,"Haplotype_B_Meth"
"NGS_H19_Hetero_Phased_Rep3","Read_1211",0.0130138176100599,"Haplotype_A_Unmeth"
"NGS_H19_Hetero_Phased_Rep3","Read_1212",0.985419613434913,"Haplotype_B_Meth"
"NGS_H19_Hetero_Phased_Rep3","Read_1213",0.982534313274474,"Haplotype_B_Meth"
"NGS_H19_Hetero_Phased_Rep3","Read_1214",0.986512119800281,"Haplotype_B_Meth"
"NGS_H19_Hetero_Phased_Rep3","Read_1215",0.017907792833619,"Haplotype_A_Unmeth"
"NGS_H19_Hetero_Phased_Rep3","Read_1216",0.0239721216036775,"Haplotype_A_Unmeth"
"NGS_H19_Hetero_Phased_Rep3","Read_1217",0.0263016460120601,"Haplotype_A_Unmeth"
"NGS_H19_Hetero_Phased_Rep3","Read_1218",0.980096176611304,"Haplotype_B_Meth"
"NGS_H19_Hetero_Phased_Rep3","Read_1219",0.983282557191221,"Haplotype_B_Meth"
"NGS_H19_Hetero_Phased_Rep3","Read_1220",0.982884025193301,"Haplotype_B_Meth"
"NGS_H19_Hetero_Phased_Rep3","Read_1221",0.98040669169853,"Haplotype_B_Meth"
"NGS_H19_Hetero_Phased_Rep3","Read_1222",0.0192859539383824,"Haplotype_A_Unmeth"
"NGS_H19_Hetero_Phased_Rep3","Read_1223",0.979095235689132,"Haplotype_B_Meth"
"NGS_H19_Hetero_Phased_Rep3","Read_1224",0.981291556357222,"Haplotype_B_Meth"
"NGS_H19_Hetero_Phased_Rep3","Read_1225",0.976533792105147,"Haplotype_B_Meth"
"NGS_H19_Hetero_Phased_Rep3","Read_1226",0.0234320854146563,"Haplotype_A_Unmeth"
"NGS_H19_Hetero_Phased_Rep3","Read_1227",0.98242884424699,"Haplotype_B_Meth"
"NGS_H19_Hetero_Phased_Rep3","Read_1228",0.0249724608055395,"Haplotype_A_Unmeth"
"NGS_H19_Hetero_Phased_Rep3","Read_1229",0.019640830571834,"Haplotype_A_Unmeth"
"NGS_H19_Hetero_Phased_Rep3","Read_1230",0.986090730518238,"Haplotype_B_Meth"
"NGS_H19_Hetero_Phased_Rep3","Read_1231",0.0195125756759037,"Haplotype_A_Unmeth"
"NGS_H19_Hetero_Phased_Rep3","Read_1232",0.984513894580646,"Haplotype_B_Meth"
"NGS_H19_Hetero_Phased_Rep3","Read_1233",0.977612714526417,"Haplotype_B_Meth"
"NGS_H19_Hetero_Phased_Rep3","Read_1234",0.987975622942364,"Haplotype_B_Meth"
"NGS_H19_Hetero_Phased_Rep3","Read_1235",0.980051502529437,"Haplotype_B_Meth"
"NGS_H19_Hetero_Phased_Rep3","Read_1236",0.0302922606067377,"Haplotype_A_Unmeth"
"NGS_H19_Hetero_Phased_Rep3","Read_1237",0.974561915437076,"Haplotype_B_Meth"
"NGS_H19_Hetero_Phased_Rep3","Read_1238",0.974364119220541,"Haplotype_B_Meth"
"NGS_H19_Hetero_Phased_Rep3","Read_1239",0.0200499084074057,"Haplotype_A_Unmeth"
"NGS_H19_Hetero_Phased_Rep3","Read_1240",0.0227133595505787,"Haplotype_A_Unmeth"
"NGS_H19_Hetero_Phased_Rep3","Read_1241",0.0175047269612298,"Haplotype_A_Unmeth"
"NGS_H19_Hetero_Phased_Rep3","Read_1242",0.976387066945354,"Haplotype_B_Meth"
"NGS_H19_Hetero_Phased_Rep3","Read_1243",0.0249981283408038,"Haplotype_A_Unmeth"
"NGS_H19_Hetero_Phased_Rep3","Read_1244",0.012996977923177,"Haplotype_A_Unmeth"
"NGS_H19_Hetero_Phased_Rep3","Read_1245",0.979637310793909,"Haplotype_B_Meth"
"NGS_H19_Hetero_Phased_Rep3","Read_1246",0.0138916440623694,"Haplotype_A_Unmeth"
"NGS_H19_Hetero_Phased_Rep3","Read_1247",0.986371291755772,"Haplotype_B_Meth"
"NGS_H19_Hetero_Phased_Rep3","Read_1248",0.980129041406786,"Haplotype_B_Meth"
"NGS_H19_Hetero_Phased_Rep3","Read_1249",0.980636389220229,"Haplotype_B_Meth"
"NGS_H19_Hetero_Phased_Rep3","Read_1250",0.0146532198056081,"Haplotype_A_Unmeth"
"NGS_H19_Hetero_Phased_Rep3","Read_1251",0.0225435097495574,"Haplotype_A_Unmeth"
"NGS_H19_Hetero_Phased_Rep3","Read_1252",0.0180538402692069,"Haplotype_A_Unmeth"
"NGS_H19_Hetero_Phased_Rep3","Read_1253",0.0190592995974065,"Haplotype_A_Unmeth"
"NGS_H19_Hetero_Phased_Rep3","Read_1254",0.017191550883416,"Haplotype_A_Unmeth"
"NGS_H19_Hetero_Phased_Rep3","Read_1255",0.0326132791407211,"Haplotype_A_Unmeth"
"NGS_H19_Hetero_Phased_Rep3","Read_1256",0.0211339374417876,"Haplotype_A_Unmeth"
"NGS_H19_Hetero_Phased_Rep3","Read_1257",0.965948831012068,"Haplotype_B_Meth"
"NGS_H19_Hetero_Phased_Rep3","Read_1258",0.0177596362114806,"Haplotype_A_Unmeth"
"NGS_H19_Hetero_Phased_Rep3","Read_1259",0.982920773435152,"Haplotype_B_Meth"
"NGS_H19_Hetero_Phased_Rep3","Read_1260",0.0189376642642538,"Haplotype_A_Unmeth"
"NGS_H19_Hetero_Phased_Rep3","Read_1261",0.98673892423465,"Haplotype_B_Meth"
"NGS_H19_Hetero_Phased_Rep3","Read_1262",0.0231976582229566,"Haplotype_A_Unmeth"
"NGS_H19_Hetero_Phased_Rep3","Read_1263",0.0138075369170698,"Haplotype_A_Unmeth"
"NGS_H19_Hetero_Phased_Rep3","Read_1264",0.0141009230723674,"Haplotype_A_Unmeth"
"NGS_H19_Hetero_Phased_Rep3","Read_1265",0.977484555806289,"Haplotype_B_Meth"
"NGS_H19_Hetero_Phased_Rep3","Read_1266",0.0198860874333988,"Haplotype_A_Unmeth"
"NGS_H19_Hetero_Phased_Rep3","Read_1267",0.018118568078526,"Haplotype_A_Unmeth"
"NGS_H19_Hetero_Phased_Rep3","Read_1268",0.980543301691795,"Haplotype_B_Meth"
"NGS_H19_Hetero_Phased_Rep3","Read_1269",0.983981009396583,"Haplotype_B_Meth"
"NGS_H19_Hetero_Phased_Rep3","Read_1270",0.0152649441543419,"Haplotype_A_Unmeth"
"NGS_H19_Hetero_Phased_Rep3","Read_1271",0.016585251648239,"Haplotype_A_Unmeth"
"NGS_H19_Hetero_Phased_Rep3","Read_1272",0.983809896551926,"Haplotype_B_Meth"
"NGS_H19_Hetero_Phased_Rep3","Read_1273",0.980211209264505,"Haplotype_B_Meth"
"NGS_H19_Hetero_Phased_Rep3","Read_1274",0.979867622526602,"Haplotype_B_Meth"
"NGS_H19_Hetero_Phased_Rep3","Read_1275",0.980514233923521,"Haplotype_B_Meth"
"NGS_H19_Hetero_Phased_Rep3","Read_1276",0.0231275117056359,"Haplotype_A_Unmeth"
"NGS_H19_Hetero_Phased_Rep3","Read_1277",0.0149886010188297,"Haplotype_A_Unmeth"
"NGS_H19_Hetero_Phased_Rep3","Read_1278",0.0129868564278784,"Haplotype_A_Unmeth"
"NGS_H19_Hetero_Phased_Rep3","Read_1279",0.983295027862787,"Haplotype_B_Meth"
"NGS_H19_Hetero_Phased_Rep3","Read_1280",0.0173063931451098,"Haplotype_A_Unmeth"
"NGS_H19_Hetero_Phased_Rep3","Read_1281",0.0260895738892783,"Haplotype_A_Unmeth"
"NGS_H19_Hetero_Phased_Rep3","Read_1282",0.0276590903406746,"Haplotype_A_Unmeth"
"NGS_H19_Hetero_Phased_Rep3","Read_1283",0.974440264931525,"Haplotype_B_Meth"
"NGS_H19_Hetero_Phased_Rep3","Read_1284",0.975914094432039,"Haplotype_B_Meth"
"NGS_H19_Hetero_Phased_Rep3","Read_1285",0.978635795661593,"Haplotype_B_Meth"
"NGS_H19_Hetero_Phased_Rep3","Read_1286",0.0167758222718669,"Haplotype_A_Unmeth"
"NGS_H19_Hetero_Phased_Rep3","Read_1287",0.0134137943774689,"Haplotype_A_Unmeth"
"NGS_H19_Hetero_Phased_Rep3","Read_1288",0.0325368565841741,"Haplotype_A_Unmeth"
"NGS_H19_Hetero_Phased_Rep3","Read_1289",0.983148968964974,"Haplotype_B_Meth"
"NGS_H19_Hetero_Phased_Rep3","Read_1290",0.0226334822267729,"Haplotype_A_Unmeth"
"NGS_H19_Hetero_Phased_Rep3","Read_1291",0.0219789291389813,"Haplotype_A_Unmeth"
"NGS_H19_Hetero_Phased_Rep3","Read_1292",0.0182789664791394,"Haplotype_A_Unmeth"
"NGS_H19_Hetero_Phased_Rep3","Read_1293",0.020193789960847,"Haplotype_A_Unmeth"
"NGS_H19_Hetero_Phased_Rep3","Read_1294",0.98157485455223,"Haplotype_B_Meth"
"NGS_H19_Hetero_Phased_Rep3","Read_1295",0.980203303988317,"Haplotype_B_Meth"
"NGS_H19_Hetero_Phased_Rep3","Read_1296",0.0216844320052142,"Haplotype_A_Unmeth"
"NGS_H19_Hetero_Phased_Rep3","Read_1297",0.0217887965009095,"Haplotype_A_Unmeth"
"NGS_H19_Hetero_Phased_Rep3","Read_1298",0.0142680411917442,"Haplotype_A_Unmeth"
"NGS_H19_Hetero_Phased_Rep3","Read_1299",0.0148661295665127,"Haplotype_A_Unmeth"
"NGS_H19_Hetero_Phased_Rep3","Read_1300",0.0245433350654273,"Haplotype_A_Unmeth"
"NGS_H19_Hetero_Phased_Rep3","Read_1301",0.975128932773908,"Haplotype_B_Meth"
"NGS_H19_Hetero_Phased_Rep3","Read_1302",0.974752674918038,"Haplotype_B_Meth"
"NGS_H19_Hetero_Phased_Rep3","Read_1303",0.976682470993542,"Haplotype_B_Meth"
"NGS_H19_Hetero_Phased_Rep3","Read_1304",0.978166220456596,"Haplotype_B_Meth"
"NGS_H19_Hetero_Phased_Rep3","Read_1305",0.981613852346766,"Haplotype_B_Meth"
"NGS_H19_Hetero_Phased_Rep3","Read_1306",0.0158219646661146,"Haplotype_A_Unmeth"
"NGS_H19_Hetero_Phased_Rep3","Read_1307",0.971336463839224,"Haplotype_B_Meth"
"NGS_H19_Hetero_Phased_Rep3","Read_1308",0.980591403504929,"Haplotype_B_Meth"
"NGS_H19_Hetero_Phased_Rep3","Read_1309",0.976476021702893,"Haplotype_B_Meth"
"NGS_H19_Hetero_Phased_Rep3","Read_1310",0.0249105442796032,"Haplotype_A_Unmeth"
"NGS_H19_Hetero_Phased_Rep3","Read_1311",0.0220608186713689,"Haplotype_A_Unmeth"
"NGS_H19_Hetero_Phased_Rep3","Read_1312",0.982274431604163,"Haplotype_B_Meth"
"NGS_H19_Hetero_Phased_Rep3","Read_1313",0.985761679081608,"Haplotype_B_Meth"
"NGS_H19_Hetero_Phased_Rep3","Read_1314",0.983877402661784,"Haplotype_B_Meth"
"NGS_H19_Hetero_Phased_Rep3","Read_1315",0.972983846756677,"Haplotype_B_Meth"
"NGS_H19_Hetero_Phased_Rep3","Read_1316",0.982841590495786,"Haplotype_B_Meth"
"NGS_H19_Hetero_Phased_Rep3","Read_1317",0.0185690562895781,"Haplotype_A_Unmeth"
"NGS_H19_Hetero_Phased_Rep3","Read_1318",0.0164877464805463,"Haplotype_A_Unmeth"
"NGS_H19_Hetero_Phased_Rep3","Read_1319",0.020036162490561,"Haplotype_A_Unmeth"
"NGS_H19_Hetero_Phased_Rep3","Read_1320",0.975912208710248,"Haplotype_B_Meth"
"NGS_H19_Hetero_Phased_Rep3","Read_1321",0.98185506532668,"Haplotype_B_Meth"
"NGS_H19_Hetero_Phased_Rep3","Read_1322",0.0152245273802099,"Haplotype_A_Unmeth"
"NGS_H19_Hetero_Phased_Rep3","Read_1323",0.0270552086147894,"Haplotype_A_Unmeth"
"NGS_H19_Hetero_Phased_Rep3","Read_1324",0.984053114151642,"Haplotype_B_Meth"
"NGS_H19_Hetero_Phased_Rep3","Read_1325",0.973091131768746,"Haplotype_B_Meth"
"NGS_H19_Hetero_Phased_Rep3","Read_1326",0.984176820483487,"Haplotype_B_Meth"
"NGS_H19_Hetero_Phased_Rep3","Read_1327",0.0197468785667274,"Haplotype_A_Unmeth"
"NGS_H19_Hetero_Phased_Rep3","Read_1328",0.0172669593449477,"Haplotype_A_Unmeth"
"NGS_H19_Hetero_Phased_Rep3","Read_1329",0.0119856239220434,"Haplotype_A_Unmeth"
"NGS_H19_Hetero_Phased_Rep3","Read_1330",0.0159223406176222,"Haplotype_A_Unmeth"
"NGS_H19_Hetero_Phased_Rep3","Read_1331",0.984118551030502,"Haplotype_B_Meth"
"NGS_H19_Hetero_Phased_Rep3","Read_1332",0.022347483787281,"Haplotype_A_Unmeth"
"NGS_H19_Hetero_Phased_Rep3","Read_1333",0.983560488816508,"Haplotype_B_Meth"
"NGS_H19_Hetero_Phased_Rep3","Read_1334",0.0227025321742574,"Haplotype_A_Unmeth"
"NGS_H19_Hetero_Phased_Rep3","Read_1335",0.975234555305272,"Haplotype_B_Meth"
"NGS_H19_Hetero_Phased_Rep3","Read_1336",0.975813637034435,"Haplotype_B_Meth"
"NGS_H19_Hetero_Phased_Rep3","Read_1337",0.975963842282755,"Haplotype_B_Meth"
"NGS_H19_Hetero_Phased_Rep3","Read_1338",0.978651849089032,"Haplotype_B_Meth"
"NGS_H19_Hetero_Phased_Rep3","Read_1339",0.985052870640105,"Haplotype_B_Meth"
"NGS_H19_Hetero_Phased_Rep3","Read_1340",0.974781919807608,"Haplotype_B_Meth"
"NGS_H19_Hetero_Phased_Rep3","Read_1341",0.984710480257485,"Haplotype_B_Meth"
"NGS_H19_Hetero_Phased_Rep3","Read_1342",0.0156076717792574,"Haplotype_A_Unmeth"
"NGS_H19_Hetero_Phased_Rep3","Read_1343",0.020316931225855,"Haplotype_A_Unmeth"
"NGS_H19_Hetero_Phased_Rep3","Read_1344",0.984678825328389,"Haplotype_B_Meth"
"NGS_H19_Hetero_Phased_Rep3","Read_1345",0.976730758389036,"Haplotype_B_Meth"
"NGS_H19_Hetero_Phased_Rep3","Read_1346",0.984283869228098,"Haplotype_B_Meth"
"NGS_H19_Hetero_Phased_Rep3","Read_1347",0.0153098785024435,"Haplotype_A_Unmeth"
"NGS_H19_Hetero_Phased_Rep3","Read_1348",0.02037486937454,"Haplotype_A_Unmeth"
"NGS_H19_Hetero_Phased_Rep3","Read_1349",0.017393606702699,"Haplotype_A_Unmeth"
"NGS_H19_Hetero_Phased_Rep3","Read_1350",0.982291311313557,"Haplotype_B_Meth"
"NGS_H19_Hetero_Phased_Rep3","Read_1351",0.025618641347195,"Haplotype_A_Unmeth"
"NGS_H19_Hetero_Phased_Rep3","Read_1352",0.97847952179748,"Haplotype_B_Meth"
"NGS_H19_Hetero_Phased_Rep3","Read_1353",0.0249871097245817,"Haplotype_A_Unmeth"
"NGS_H19_Hetero_Phased_Rep3","Read_1354",0.0167101521168246,"Haplotype_A_Unmeth"
"NGS_H19_Hetero_Phased_Rep3","Read_1355",0.0145590076356368,"Haplotype_A_Unmeth"
"NGS_H19_Hetero_Phased_Rep3","Read_1356",0.986927600844502,"Haplotype_B_Meth"
"NGS_H19_Hetero_Phased_Rep3","Read_1357",0.978089711597111,"Haplotype_B_Meth"
"NGS_H19_Hetero_Phased_Rep3","Read_1358",0.0217820203973725,"Haplotype_A_Unmeth"
"NGS_H19_Hetero_Phased_Rep3","Read_1359",0.986819317264413,"Haplotype_B_Meth"
"NGS_H19_Hetero_Phased_Rep3","Read_1360",0.0268305357019917,"Haplotype_A_Unmeth"
"NGS_H19_Hetero_Phased_Rep3","Read_1361",0.979168678804742,"Haplotype_B_Meth"
"NGS_H19_Hetero_Phased_Rep3","Read_1362",0.975979051642979,"Haplotype_B_Meth"
"NGS_H19_Hetero_Phased_Rep3","Read_1363",0.014033329589269,"Haplotype_A_Unmeth"
"NGS_H19_Hetero_Phased_Rep3","Read_1364",0.0178163948441851,"Haplotype_A_Unmeth"
"NGS_H19_Hetero_Phased_Rep3","Read_1365",0.982324148449217,"Haplotype_B_Meth"
"NGS_H19_Hetero_Phased_Rep3","Read_1366",0.977713760869584,"Haplotype_B_Meth"
"NGS_H19_Hetero_Phased_Rep3","Read_1367",0.983777482451705,"Haplotype_B_Meth"
"NGS_H19_Hetero_Phased_Rep3","Read_1368",0.978513594595044,"Haplotype_B_Meth"
"NGS_H19_Hetero_Phased_Rep3","Read_1369",0.0241598914401822,"Haplotype_A_Unmeth"
"NGS_H19_Hetero_Phased_Rep3","Read_1370",0.978079715937342,"Haplotype_B_Meth"
"NGS_H19_Hetero_Phased_Rep3","Read_1371",0.983674536701585,"Haplotype_B_Meth"
"NGS_H19_Hetero_Phased_Rep3","Read_1372",0.0131707517521921,"Haplotype_A_Unmeth"
"NGS_H19_Hetero_Phased_Rep3","Read_1373",0.0198212444747957,"Haplotype_A_Unmeth"
"NGS_H19_Hetero_Phased_Rep3","Read_1374",0.984511860527221,"Haplotype_B_Meth"
"NGS_H19_Hetero_Phased_Rep3","Read_1375",0.977514210084703,"Haplotype_B_Meth"
"NGS_H19_Hetero_Phased_Rep3","Read_1376",0.972813279530058,"Haplotype_B_Meth"
"NGS_H19_Hetero_Phased_Rep3","Read_1377",0.983964070871214,"Haplotype_B_Meth"
"NGS_H19_Hetero_Phased_Rep3","Read_1378",0.0196026774967387,"Haplotype_A_Unmeth"
"NGS_H19_Hetero_Phased_Rep3","Read_1379",0.0269056358471526,"Haplotype_A_Unmeth"
"NGS_H19_Hetero_Phased_Rep3","Read_1380",0.982557013548259,"Haplotype_B_Meth"
"NGS_H19_Hetero_Phased_Rep3","Read_1381",0.0247250721332994,"Haplotype_A_Unmeth"
"NGS_H19_Hetero_Phased_Rep3","Read_1382",0.0249264518431837,"Haplotype_A_Unmeth"
"NGS_H19_Hetero_Phased_Rep3","Read_1383",0.0229956341388507,"Haplotype_A_Unmeth"
"NGS_H19_Hetero_Phased_Rep3","Read_1384",0.979092999268164,"Haplotype_B_Meth"
"NGS_H19_Hetero_Phased_Rep3","Read_1385",0.977388324292754,"Haplotype_B_Meth"
"NGS_H19_Hetero_Phased_Rep3","Read_1386",0.0242818121379774,"Haplotype_A_Unmeth"
"NGS_H19_Hetero_Phased_Rep3","Read_1387",0.0178248690795768,"Haplotype_A_Unmeth"
"NGS_H19_Hetero_Phased_Rep3","Read_1388",0.979913485356869,"Haplotype_B_Meth"
"NGS_H19_Hetero_Phased_Rep3","Read_1389",0.986781565680603,"Haplotype_B_Meth"
"NGS_H19_Hetero_Phased_Rep3","Read_1390",0.979956557866938,"Haplotype_B_Meth"
"NGS_H19_Hetero_Phased_Rep3","Read_1391",0.0250764918631532,"Haplotype_A_Unmeth"
"NGS_H19_Hetero_Phased_Rep3","Read_1392",0.981001360213475,"Haplotype_B_Meth"
"NGS_H19_Hetero_Phased_Rep3","Read_1393",0.985458691328169,"Haplotype_B_Meth"
"NGS_H19_Hetero_Phased_Rep3","Read_1394",0.0226585166767504,"Haplotype_A_Unmeth"
"NGS_H19_Hetero_Phased_Rep3","Read_1395",0.971344942652583,"Haplotype_B_Meth"
"NGS_H19_Hetero_Phased_Rep3","Read_1396",0.979409141039435,"Haplotype_B_Meth"
"NGS_H19_Hetero_Phased_Rep3","Read_1397",0.0188852690114935,"Haplotype_A_Unmeth"
"NGS_H19_Hetero_Phased_Rep3","Read_1398",0.980656400727383,"Haplotype_B_Meth"
"NGS_H19_Hetero_Phased_Rep3","Read_1399",0.982804949390641,"Haplotype_B_Meth"
"NGS_H19_Hetero_Phased_Rep3","Read_1400",0.979636595900128,"Haplotype_B_Meth"
"NGS_H19_Hetero_Phased_Rep3","Read_1401",0.0210133846785087,"Haplotype_A_Unmeth"
"NGS_H19_Hetero_Phased_Rep3","Read_1402",0.0268676077543061,"Haplotype_A_Unmeth"
"NGS_H19_Hetero_Phased_Rep3","Read_1403",0.977600612991523,"Haplotype_B_Meth"
"NGS_H19_Hetero_Phased_Rep3","Read_1404",0.976824046914328,"Haplotype_B_Meth"
"NGS_H19_Hetero_Phased_Rep3","Read_1405",0.980342362203749,"Haplotype_B_Meth"
"NGS_H19_Hetero_Phased_Rep3","Read_1406",0.98374949734777,"Haplotype_B_Meth"
"NGS_H19_Hetero_Phased_Rep3","Read_1407",0.0161726368375189,"Haplotype_A_Unmeth"
"NGS_H19_Hetero_Phased_Rep3","Read_1408",0.024965593354575,"Haplotype_A_Unmeth"
"NGS_H19_Hetero_Phased_Rep3","Read_1409",0.984325207136194,"Haplotype_B_Meth"
"NGS_H19_Hetero_Phased_Rep3","Read_1410",0.0233285697056694,"Haplotype_A_Unmeth"
"NGS_H19_Hetero_Phased_Rep3","Read_1411",0.978339415927193,"Haplotype_B_Meth"
"NGS_H19_Hetero_Phased_Rep3","Read_1412",0.020964216105097,"Haplotype_A_Unmeth"
"NGS_H19_Hetero_Phased_Rep3","Read_1413",0.981105377268188,"Haplotype_B_Meth"
"NGS_H19_Hetero_Phased_Rep3","Read_1414",0.983399087759537,"Haplotype_B_Meth"
"NGS_H19_Hetero_Phased_Rep3","Read_1415",0.0160159422255543,"Haplotype_A_Unmeth"
"NGS_H19_Hetero_Phased_Rep3","Read_1416",0.986970269391272,"Haplotype_B_Meth"
"NGS_H19_Hetero_Phased_Rep3","Read_1417",0.984178012357207,"Haplotype_B_Meth"
"NGS_H19_Hetero_Phased_Rep3","Read_1418",0.975687325514468,"Haplotype_B_Meth"
"NGS_H19_Hetero_Phased_Rep3","Read_1419",0.982735989508361,"Haplotype_B_Meth"
"NGS_H19_Hetero_Phased_Rep3","Read_1420",0.973727457976561,"Haplotype_B_Meth"
"NGS_H19_Hetero_Phased_Rep3","Read_1421",0.984503814562059,"Haplotype_B_Meth"
"NGS_H19_Hetero_Phased_Rep3","Read_1422",0.984053421736653,"Haplotype_B_Meth"
"NGS_H19_Hetero_Phased_Rep3","Read_1423",0.0294372278270592,"Haplotype_A_Unmeth"
"NGS_H19_Hetero_Phased_Rep3","Read_1424",0.0190504376150326,"Haplotype_A_Unmeth"
"NGS_H19_Hetero_Phased_Rep3","Read_1425",0.980147415880981,"Haplotype_B_Meth"
"NGS_H19_Hetero_Phased_Rep3","Read_1426",0.0232950215831665,"Haplotype_A_Unmeth"
"NGS_H19_Hetero_Phased_Rep3","Read_1427",0.974743592808891,"Haplotype_B_Meth"
"NGS_H19_Hetero_Phased_Rep3","Read_1428",0.0274941277795157,"Haplotype_A_Unmeth"
"NGS_H19_Hetero_Phased_Rep3","Read_1429",0.98295056497405,"Haplotype_B_Meth"
"NGS_H19_Hetero_Phased_Rep3","Read_1430",0.0167618018988393,"Haplotype_A_Unmeth"
"NGS_H19_Hetero_Phased_Rep3","Read_1431",0.0153920904108614,"Haplotype_A_Unmeth"
"NGS_H19_Hetero_Phased_Rep3","Read_1432",0.0216713744077296,"Haplotype_A_Unmeth"
"NGS_H19_Hetero_Phased_Rep3","Read_1433",0.014719966090665,"Haplotype_A_Unmeth"
"NGS_H19_Hetero_Phased_Rep3","Read_1434",0.966883888878447,"Haplotype_B_Meth"
"NGS_H19_Hetero_Phased_Rep3","Read_1435",0.024632851372175,"Haplotype_A_Unmeth"
"NGS_H19_Hetero_Phased_Rep3","Read_1436",0.978416798718283,"Haplotype_B_Meth"
"NGS_H19_Hetero_Phased_Rep3","Read_1437",0.983724561779159,"Haplotype_B_Meth"
"NGS_H19_Hetero_Phased_Rep3","Read_1438",0.0138497106245118,"Haplotype_A_Unmeth"
"NGS_H19_Hetero_Phased_Rep3","Read_1439",0.981245426518968,"Haplotype_B_Meth"
"NGS_H19_Hetero_Phased_Rep3","Read_1440",0.97473798254153,"Haplotype_B_Meth"
"NGS_H19_Hetero_Phased_Rep3","Read_1441",0.973244447297762,"Haplotype_B_Meth"
"NGS_H19_Hetero_Phased_Rep3","Read_1442",0.985899218586963,"Haplotype_B_Meth"
"NGS_H19_Hetero_Phased_Rep3","Read_1443",0.982916536129897,"Haplotype_B_Meth"
"NGS_H19_Hetero_Phased_Rep3","Read_1444",0.0182686321621971,"Haplotype_A_Unmeth"
"NGS_H19_Hetero_Phased_Rep3","Read_1445",0.984100882913337,"Haplotype_B_Meth"
"NGS_H19_Hetero_Phased_Rep3","Read_1446",0.984690992154892,"Haplotype_B_Meth"
"NGS_H19_Hetero_Phased_Rep3","Read_1447",0.981968081880502,"Haplotype_B_Meth"
"NGS_H19_Hetero_Phased_Rep3","Read_1448",0.0292385573067382,"Haplotype_A_Unmeth"
"NGS_H19_Hetero_Phased_Rep3","Read_1449",0.973418866301401,"Haplotype_B_Meth"
"NGS_H19_Hetero_Phased_Rep3","Read_1450",0.978808176857175,"Haplotype_B_Meth"
"NGS_H19_Hetero_Phased_Rep3","Read_1451",0.974085306633272,"Haplotype_B_Meth"
"NGS_H19_Hetero_Phased_Rep3","Read_1452",0.01400409780715,"Haplotype_A_Unmeth"
"NGS_H19_Hetero_Phased_Rep3","Read_1453",0.0143229046295115,"Haplotype_A_Unmeth"
"NGS_H19_Hetero_Phased_Rep3","Read_1454",0.980009323057558,"Haplotype_B_Meth"
"NGS_H19_Hetero_Phased_Rep3","Read_1455",0.0219151161137326,"Haplotype_A_Unmeth"
"NGS_H19_Hetero_Phased_Rep3","Read_1456",0.98076437826056,"Haplotype_B_Meth"
"NGS_H19_Hetero_Phased_Rep3","Read_1457",0.976134024309468,"Haplotype_B_Meth"
"NGS_H19_Hetero_Phased_Rep3","Read_1458",0.02577563228634,"Haplotype_A_Unmeth"
"NGS_H19_Hetero_Phased_Rep3","Read_1459",0.984265626453005,"Haplotype_B_Meth"
"NGS_H19_Hetero_Phased_Rep3","Read_1460",0.979476795663551,"Haplotype_B_Meth"
"NGS_H19_Hetero_Phased_Rep3","Read_1461",0.0183618159337652,"Haplotype_A_Unmeth"
"NGS_H19_Hetero_Phased_Rep3","Read_1462",0.0180397243729893,"Haplotype_A_Unmeth"
"NGS_H19_Hetero_Phased_Rep3","Read_1463",0.97964594528971,"Haplotype_B_Meth"
"NGS_H19_Hetero_Phased_Rep3","Read_1464",0.977393242612261,"Haplotype_B_Meth"
"NGS_H19_Hetero_Phased_Rep3","Read_1465",0.0145449385216499,"Haplotype_A_Unmeth"
"NGS_H19_Hetero_Phased_Rep3","Read_1466",0.0202063985585628,"Haplotype_A_Unmeth"
"NGS_H19_Hetero_Phased_Rep3","Read_1467",0.0230534919182647,"Haplotype_A_Unmeth"
"NGS_H19_Hetero_Phased_Rep3","Read_1468",0.980989191622669,"Haplotype_B_Meth"
"NGS_H19_Hetero_Phased_Rep3","Read_1469",0.981984964883222,"Haplotype_B_Meth"
"NGS_H19_Hetero_Phased_Rep3","Read_1470",0.97146594006054,"Haplotype_B_Meth"
"NGS_H19_Hetero_Phased_Rep3","Read_1471",0.015950090087845,"Haplotype_A_Unmeth"
"NGS_H19_Hetero_Phased_Rep3","Read_1472",0.98222283346722,"Haplotype_B_Meth"
"NGS_H19_Hetero_Phased_Rep3","Read_1473",0.981431139953508,"Haplotype_B_Meth"
"NGS_H19_Hetero_Phased_Rep3","Read_1474",0.0242835276798059,"Haplotype_A_Unmeth"
"NGS_H19_Hetero_Phased_Rep3","Read_1475",0.984027068239457,"Haplotype_B_Meth"
"NGS_H19_Hetero_Phased_Rep3","Read_1476",0.97826429179655,"Haplotype_B_Meth"
"NGS_H19_Hetero_Phased_Rep3","Read_1477",0.0220611462937184,"Haplotype_A_Unmeth"
"NGS_H19_Hetero_Phased_Rep3","Read_1478",0.97244839097766,"Haplotype_B_Meth"
"NGS_H19_Hetero_Phased_Rep3","Read_1479",0.980625816897982,"Haplotype_B_Meth"
"NGS_H19_Hetero_Phased_Rep3","Read_1480",0.980476173118858,"Haplotype_B_Meth"
"NGS_H19_Hetero_Phased_Rep3","Read_1481",0.981605864541172,"Haplotype_B_Meth"
"NGS_H19_Hetero_Phased_Rep3","Read_1482",0.98108485785114,"Haplotype_B_Meth"
"NGS_H19_Hetero_Phased_Rep3","Read_1483",0.97445956627474,"Haplotype_B_Meth"
"NGS_H19_Hetero_Phased_Rep3","Read_1484",0.983603212729509,"Haplotype_B_Meth"
"NGS_H19_Hetero_Phased_Rep3","Read_1485",0.980725467692692,"Haplotype_B_Meth"
"NGS_H19_Hetero_Phased_Rep3","Read_1486",0.00959604366751547,"Haplotype_A_Unmeth"
"NGS_H19_Hetero_Phased_Rep3","Read_1487",0.982119494436357,"Haplotype_B_Meth"
"NGS_H19_Hetero_Phased_Rep3","Read_1488",0.978145690148299,"Haplotype_B_Meth"
"NGS_H19_Hetero_Phased_Rep3","Read_1489",0.0112043886518276,"Haplotype_A_Unmeth"
"NGS_H19_Hetero_Phased_Rep3","Read_1490",0.983532511022879,"Haplotype_B_Meth"
"NGS_H19_Hetero_Phased_Rep3","Read_1491",0.981538526079754,"Haplotype_B_Meth"
"NGS_H19_Hetero_Phased_Rep3","Read_1492",0.0135944867029753,"Haplotype_A_Unmeth"
"NGS_H19_Hetero_Phased_Rep3","Read_1493",0.978403735974763,"Haplotype_B_Meth"
"NGS_H19_Hetero_Phased_Rep3","Read_1494",0.0234409414707879,"Haplotype_A_Unmeth"
"NGS_H19_Hetero_Phased_Rep3","Read_1495",0.0240935129996545,"Haplotype_A_Unmeth"
"NGS_H19_Hetero_Phased_Rep3","Read_1496",0.982930967427367,"Haplotype_B_Meth"
"NGS_H19_Hetero_Phased_Rep3","Read_1497",0.0167611097591131,"Haplotype_A_Unmeth"
"NGS_H19_Hetero_Phased_Rep3","Read_1498",0.0247873764781729,"Haplotype_A_Unmeth"
"NGS_H19_Hetero_Phased_Rep3","Read_1499",0.0285894015370101,"Haplotype_A_Unmeth"
"NGS_H19_Hetero_Phased_Rep3","Read_1500",0.0181186355024149,"Haplotype_A_Unmeth"
"NGS_H19_Hetero_Phased_Rep3","Read_1501",0.0164733695356287,"Haplotype_A_Unmeth"
"NGS_H19_Hetero_Phased_Rep3","Read_1502",0.0172339771013048,"Haplotype_A_Unmeth"
"NGS_H19_Hetero_Phased_Rep3","Read_1503",0.982203371956749,"Haplotype_B_Meth"
"NGS_H19_Hetero_Phased_Rep3","Read_1504",0.0199075427826762,"Haplotype_A_Unmeth"
"NGS_H19_Hetero_Phased_Rep3","Read_1505",0.0179939097262167,"Haplotype_A_Unmeth"
"NGS_H19_Hetero_Phased_Rep3","Read_1506",0.983737893573461,"Haplotype_B_Meth"
"NGS_H19_Hetero_Phased_Rep3","Read_1507",0.016630513520465,"Haplotype_A_Unmeth"
"NGS_H19_Hetero_Phased_Rep3","Read_1508",0.971865340428658,"Haplotype_B_Meth"
"NGS_H19_Hetero_Phased_Rep3","Read_1509",0.974050227524276,"Haplotype_B_Meth"
"NGS_H19_Hetero_Phased_Rep3","Read_1510",0.978938874545101,"Haplotype_B_Meth"
"NGS_H19_Hetero_Phased_Rep3","Read_1511",0.975636474359855,"Haplotype_B_Meth"
"NGS_H19_Hetero_Phased_Rep3","Read_1512",0.0215034447591287,"Haplotype_A_Unmeth"
"NGS_H19_Hetero_Phased_Rep3","Read_1513",0.987306653355098,"Haplotype_B_Meth"
"NGS_H19_Hetero_Phased_Rep3","Read_1514",0.974759206663141,"Haplotype_B_Meth"
"NGS_H19_Hetero_Phased_Rep3","Read_1515",0.0144768965582262,"Haplotype_A_Unmeth"
"NGS_H19_Hetero_Phased_Rep3","Read_1516",0.988046439736035,"Haplotype_B_Meth"
"NGS_H19_Hetero_Phased_Rep3","Read_1517",0.0263430056480005,"Haplotype_A_Unmeth"
"NGS_H19_Hetero_Phased_Rep3","Read_1518",0.97946998674366,"Haplotype_B_Meth"
"NGS_H19_Hetero_Phased_Rep3","Read_1519",0.0291567202603605,"Haplotype_A_Unmeth"
"NGS_H19_Hetero_Phased_Rep3","Read_1520",0.979480793051131,"Haplotype_B_Meth"
"NGS_H19_Hetero_Phased_Rep3","Read_1521",0.0118662050645944,"Haplotype_A_Unmeth"
"NGS_H19_Hetero_Phased_Rep3","Read_1522",0.982362764632692,"Haplotype_B_Meth"
"NGS_H19_Hetero_Phased_Rep3","Read_1523",0.978105640905539,"Haplotype_B_Meth"
"NGS_H19_Hetero_Phased_Rep3","Read_1524",0.024317253592409,"Haplotype_A_Unmeth"
"NGS_H19_Hetero_Phased_Rep3","Read_1525",0.97895955395118,"Haplotype_B_Meth"
"NGS_H19_Hetero_Phased_Rep3","Read_1526",0.986162185021114,"Haplotype_B_Meth"
"NGS_H19_Hetero_Phased_Rep3","Read_1527",0.976103390735343,"Haplotype_B_Meth"
"NGS_H19_Hetero_Phased_Rep3","Read_1528",0.0162337497724714,"Haplotype_A_Unmeth"
"NGS_H19_Hetero_Phased_Rep3","Read_1529",0.977561126277064,"Haplotype_B_Meth"
"NGS_H19_Hetero_Phased_Rep3","Read_1530",0.023322808772042,"Haplotype_A_Unmeth"
"NGS_H19_Hetero_Phased_Rep3","Read_1531",0.982907391958061,"Haplotype_B_Meth"
"NGS_H19_Hetero_Phased_Rep3","Read_1532",0.0189113008152642,"Haplotype_A_Unmeth"
"NGS_H19_Hetero_Phased_Rep3","Read_1533",0.978520838131852,"Haplotype_B_Meth"
"NGS_H19_Hetero_Phased_Rep3","Read_1534",0.98043577535281,"Haplotype_B_Meth"
"NGS_H19_Hetero_Phased_Rep3","Read_1535",0.978273255930513,"Haplotype_B_Meth"
"NGS_H19_Hetero_Phased_Rep3","Read_1536",0.0298936180750401,"Haplotype_A_Unmeth"
"NGS_H19_Hetero_Phased_Rep3","Read_1537",0.980116005188814,"Haplotype_B_Meth"
"NGS_H19_Hetero_Phased_Rep3","Read_1538",0.0173193296480854,"Haplotype_A_Unmeth"
"NGS_H19_Hetero_Phased_Rep3","Read_1539",0.983560617814453,"Haplotype_B_Meth"
"NGS_H19_Hetero_Phased_Rep3","Read_1540",0.970194488353835,"Haplotype_B_Meth"
"NGS_H19_Hetero_Phased_Rep3","Read_1541",0.984438421061121,"Haplotype_B_Meth"
"NGS_H19_Hetero_Phased_Rep3","Read_1542",0.978876355954707,"Haplotype_B_Meth"
"NGS_H19_Hetero_Phased_Rep3","Read_1543",0.0202098897274502,"Haplotype_A_Unmeth"
"NGS_H19_Hetero_Phased_Rep3","Read_1544",0.0180570850237293,"Haplotype_A_Unmeth"
"NGS_H19_Hetero_Phased_Rep3","Read_1545",0.0202915196238109,"Haplotype_A_Unmeth"
"NGS_H19_Hetero_Phased_Rep3","Read_1546",0.987019869079472,"Haplotype_B_Meth"
"NGS_H19_Hetero_Phased_Rep3","Read_1547",0.980063614188262,"Haplotype_B_Meth"
"NGS_H19_Hetero_Phased_Rep3","Read_1548",0.0133474893680351,"Haplotype_A_Unmeth"
"NGS_H19_Hetero_Phased_Rep3","Read_1549",0.968216508961513,"Haplotype_B_Meth"
"NGS_H19_Hetero_Phased_Rep3","Read_1550",0.018214436442866,"Haplotype_A_Unmeth"
"NGS_H19_Hetero_Phased_Rep3","Read_1551",0.0270977045127654,"Haplotype_A_Unmeth"
"NGS_H19_Hetero_Phased_Rep3","Read_1552",0.984154730533832,"Haplotype_B_Meth"
"NGS_H19_Hetero_Phased_Rep3","Read_1553",0.0235038651880757,"Haplotype_A_Unmeth"
"NGS_H19_Hetero_Phased_Rep3","Read_1554",0.980951251780419,"Haplotype_B_Meth"
"NGS_H19_Hetero_Phased_Rep3","Read_1555",0.983498966244134,"Haplotype_B_Meth"
"NGS_H19_Hetero_Phased_Rep3","Read_1556",0.981995647588833,"Haplotype_B_Meth"
"NGS_H19_Hetero_Phased_Rep3","Read_1557",0.0242116079463163,"Haplotype_A_Unmeth"
"NGS_H19_Hetero_Phased_Rep3","Read_1558",0.979897400030046,"Haplotype_B_Meth"
"NGS_H19_Hetero_Phased_Rep3","Read_1559",0.980814426533408,"Haplotype_B_Meth"
"NGS_H19_Hetero_Phased_Rep3","Read_1560",0.0221088012749845,"Haplotype_A_Unmeth"
"NGS_H19_Hetero_Phased_Rep3","Read_1561",0.98273685678882,"Haplotype_B_Meth"
"NGS_H19_Hetero_Phased_Rep3","Read_1562",0.0137031271746324,"Haplotype_A_Unmeth"
"NGS_H19_Hetero_Phased_Rep3","Read_1563",0.97332858867646,"Haplotype_B_Meth"
"NGS_H19_Hetero_Phased_Rep3","Read_1564",0.0139092662162526,"Haplotype_A_Unmeth"
"NGS_H19_Hetero_Phased_Rep3","Read_1565",0.0186644992432441,"Haplotype_A_Unmeth"
"NGS_H19_Hetero_Phased_Rep3","Read_1566",0.982698916409808,"Haplotype_B_Meth"
"NGS_H19_Hetero_Phased_Rep3","Read_1567",0.98010638921066,"Haplotype_B_Meth"
"NGS_H19_Hetero_Phased_Rep3","Read_1568",0.978957080175439,"Haplotype_B_Meth"
"NGS_H19_Hetero_Phased_Rep3","Read_1569",0.0154417229509211,"Haplotype_A_Unmeth"
"NGS_H19_Hetero_Phased_Rep3","Read_1570",0.972607659654867,"Haplotype_B_Meth"
"NGS_H19_Hetero_Phased_Rep3","Read_1571",0.979171487770821,"Haplotype_B_Meth"
"NGS_H19_Hetero_Phased_Rep3","Read_1572",0.977262363218815,"Haplotype_B_Meth"
"NGS_H19_Hetero_Phased_Rep3","Read_1573",0.986719961714329,"Haplotype_B_Meth"
"NGS_H19_Hetero_Phased_Rep3","Read_1574",0.98167533027954,"Haplotype_B_Meth"
"NGS_H19_Hetero_Phased_Rep3","Read_1575",0.985865050055136,"Haplotype_B_Meth"
"NGS_H19_Hetero_Phased_Rep3","Read_1576",0.0138802501847295,"Haplotype_A_Unmeth"
"NGS_H19_Hetero_Phased_Rep3","Read_1577",0.0184789232158592,"Haplotype_A_Unmeth"
"NGS_H19_Hetero_Phased_Rep3","Read_1578",0.0189747955656547,"Haplotype_A_Unmeth"
"NGS_H19_Hetero_Phased_Rep3","Read_1579",0.0159413363042419,"Haplotype_A_Unmeth"
"NGS_H19_Hetero_Phased_Rep3","Read_1580",0.979030740964847,"Haplotype_B_Meth"
"NGS_H19_Hetero_Phased_Rep3","Read_1581",0.992689112944459,"Haplotype_B_Meth"
"NGS_H19_Hetero_Phased_Rep3","Read_1582",0.979402805096921,"Haplotype_B_Meth"
"NGS_H19_Hetero_Phased_Rep3","Read_1583",0.0234504674731818,"Haplotype_A_Unmeth"
"NGS_H19_Hetero_Phased_Rep3","Read_1584",0.981595441438401,"Haplotype_B_Meth"
"NGS_H19_Hetero_Phased_Rep3","Read_1585",0.0244618486452673,"Haplotype_A_Unmeth"
"NGS_H19_Hetero_Phased_Rep3","Read_1586",0.0262321098007506,"Haplotype_A_Unmeth"
"NGS_H19_Hetero_Phased_Rep3","Read_1587",0.979149420276996,"Haplotype_B_Meth"
"NGS_H19_Hetero_Phased_Rep3","Read_1588",0.978531147176448,"Haplotype_B_Meth"
"NGS_H19_Hetero_Phased_Rep3","Read_1589",0.0198859096087925,"Haplotype_A_Unmeth"
"NGS_H19_Hetero_Phased_Rep3","Read_1590",0.0165636105130173,"Haplotype_A_Unmeth"
"NGS_H19_Hetero_Phased_Rep3","Read_1591",0.966237245874637,"Haplotype_B_Meth"
"NGS_H19_Hetero_Phased_Rep3","Read_1592",0.979196578297954,"Haplotype_B_Meth"
"NGS_H19_Hetero_Phased_Rep3","Read_1593",0.984351915536463,"Haplotype_B_Meth"
"NGS_H19_Hetero_Phased_Rep3","Read_1594",0.979317237092482,"Haplotype_B_Meth"
"NGS_H19_Hetero_Phased_Rep3","Read_1595",0.972699933162311,"Haplotype_B_Meth"
"NGS_H19_Hetero_Phased_Rep3","Read_1596",0.0218056408864274,"Haplotype_A_Unmeth"
"NGS_H19_Hetero_Phased_Rep3","Read_1597",0.0163639648063911,"Haplotype_A_Unmeth"
"NGS_H19_Hetero_Phased_Rep3","Read_1598",0.982124614553954,"Haplotype_B_Meth"
"NGS_H19_Hetero_Phased_Rep3","Read_1599",0.0129409958866664,"Haplotype_A_Unmeth"
"NGS_H19_Hetero_Phased_Rep3","Read_1600",0.021028692927034,"Haplotype_A_Unmeth"
"NGS_H19_Hetero_Phased_Rep3","Read_1601",0.014113665428392,"Haplotype_A_Unmeth"
"NGS_H19_Hetero_Phased_Rep3","Read_1602",0.982232271684317,"Haplotype_B_Meth"
"NGS_H19_Hetero_Phased_Rep3","Read_1603",0.0195319208989735,"Haplotype_A_Unmeth"
"NGS_H19_Hetero_Phased_Rep3","Read_1604",0.0236679965206675,"Haplotype_A_Unmeth"
"NGS_H19_Hetero_Phased_Rep3","Read_1605",0.982911043857566,"Haplotype_B_Meth"
"NGS_H19_Hetero_Phased_Rep3","Read_1606",0.020493636512067,"Haplotype_A_Unmeth"
"NGS_H19_Hetero_Phased_Rep3","Read_1607",0.983645693344091,"Haplotype_B_Meth"
"NGS_H19_Hetero_Phased_Rep3","Read_1608",0.0176776382101197,"Haplotype_A_Unmeth"
"NGS_H19_Hetero_Phased_Rep3","Read_1609",0.987001195154669,"Haplotype_B_Meth"
"NGS_H19_Hetero_Phased_Rep3","Read_1610",0.0198480209842736,"Haplotype_A_Unmeth"
"NGS_H19_Hetero_Phased_Rep3","Read_1611",0.0143896335460483,"Haplotype_A_Unmeth"
"NGS_H19_Hetero_Phased_Rep3","Read_1612",0.979829117396937,"Haplotype_B_Meth"
"NGS_H19_Hetero_Phased_Rep3","Read_1613",0.0180624061222438,"Haplotype_A_Unmeth"
"NGS_H19_Hetero_Phased_Rep3","Read_1614",0.974252753684446,"Haplotype_B_Meth"
"NGS_H19_Hetero_Phased_Rep3","Read_1615",0.98579876802987,"Haplotype_B_Meth"
"NGS_H19_Hetero_Phased_Rep3","Read_1616",0.0233194556798681,"Haplotype_A_Unmeth"
"NGS_H19_Hetero_Phased_Rep3","Read_1617",0.0135068890848597,"Haplotype_A_Unmeth"
"NGS_H19_Hetero_Phased_Rep3","Read_1618",0.975570381687239,"Haplotype_B_Meth"
"NGS_H19_Hetero_Phased_Rep3","Read_1619",0.0147711265419115,"Haplotype_A_Unmeth"
"NGS_H19_Hetero_Phased_Rep3","Read_1620",0.0249328004635214,"Haplotype_A_Unmeth"
"NGS_H19_Hetero_Phased_Rep3","Read_1621",0.978469962129466,"Haplotype_B_Meth"
"NGS_H19_Hetero_Phased_Rep3","Read_1622",0.0157319543988308,"Haplotype_A_Unmeth"
"NGS_H19_Hetero_Phased_Rep3","Read_1623",0.0153575745130218,"Haplotype_A_Unmeth"
"NGS_H19_Hetero_Phased_Rep3","Read_1624",0.974977314421771,"Haplotype_B_Meth"
"NGS_H19_Hetero_Phased_Rep3","Read_1625",0.0151606732456011,"Haplotype_A_Unmeth"
"NGS_H19_Hetero_Phased_Rep3","Read_1626",0.0226166478873986,"Haplotype_A_Unmeth"
"NGS_H19_Hetero_Phased_Rep3","Read_1627",0.0255254476163024,"Haplotype_A_Unmeth"
"NGS_H19_Hetero_Phased_Rep3","Read_1628",0.977175590108514,"Haplotype_B_Meth"
"NGS_H19_Hetero_Phased_Rep3","Read_1629",0.981585562620508,"Haplotype_B_Meth"
"NGS_H19_Hetero_Phased_Rep3","Read_1630",0.0150474839248761,"Haplotype_A_Unmeth"
"NGS_H19_Hetero_Phased_Rep3","Read_1631",0.0236630973672537,"Haplotype_A_Unmeth"
"NGS_H19_Hetero_Phased_Rep3","Read_1632",0.977046684762104,"Haplotype_B_Meth"
"NGS_H19_Hetero_Phased_Rep3","Read_1633",0.0190456248766272,"Haplotype_A_Unmeth"
"NGS_H19_Hetero_Phased_Rep3","Read_1634",0.983893994792241,"Haplotype_B_Meth"
"NGS_H19_Hetero_Phased_Rep3","Read_1635",0.982491084040186,"Haplotype_B_Meth"
"NGS_H19_Hetero_Phased_Rep3","Read_1636",0.0255070647092644,"Haplotype_A_Unmeth"
"NGS_H19_Hetero_Phased_Rep3","Read_1637",0.0188435472809141,"Haplotype_A_Unmeth"
"NGS_H19_Hetero_Phased_Rep3","Read_1638",0.982595319817709,"Haplotype_B_Meth"
"NGS_H19_Hetero_Phased_Rep3","Read_1639",0.0253168959175651,"Haplotype_A_Unmeth"
"NGS_H19_Hetero_Phased_Rep3","Read_1640",0.0168476927799778,"Haplotype_A_Unmeth"
"NGS_H19_Hetero_Phased_Rep3","Read_1641",0.0148296401679016,"Haplotype_A_Unmeth"
"NGS_H19_Hetero_Phased_Rep3","Read_1642",0.0149256933406856,"Haplotype_A_Unmeth"
"NGS_H19_Hetero_Phased_Rep3","Read_1643",0.982543176025519,"Haplotype_B_Meth"
"NGS_H19_Hetero_Phased_Rep3","Read_1644",0.0165083302396969,"Haplotype_A_Unmeth"
"NGS_H19_Hetero_Phased_Rep3","Read_1645",0.0187893426194282,"Haplotype_A_Unmeth"
"NGS_H19_Hetero_Phased_Rep3","Read_1646",0.983947543339244,"Haplotype_B_Meth"
"NGS_H19_Hetero_Phased_Rep3","Read_1647",0.0203261695256593,"Haplotype_A_Unmeth"
"NGS_H19_Hetero_Phased_Rep3","Read_1648",0.980681339965907,"Haplotype_B_Meth"
"NGS_H19_Hetero_Phased_Rep3","Read_1649",0.0194497835541834,"Haplotype_A_Unmeth"
"NGS_H19_Hetero_Phased_Rep3","Read_1650",0.014946750927885,"Haplotype_A_Unmeth"
"NGS_H19_Hetero_Phased_Rep3","Read_1651",0.978072050277509,"Haplotype_B_Meth"
"NGS_H19_Hetero_Phased_Rep3","Read_1652",0.0270489483025661,"Haplotype_A_Unmeth"
"NGS_H19_Hetero_Phased_Rep3","Read_1653",0.986431290912351,"Haplotype_B_Meth"
"NGS_H19_Hetero_Phased_Rep3","Read_1654",0.980392201079329,"Haplotype_B_Meth"
"NGS_H19_Hetero_Phased_Rep3","Read_1655",0.979059318250509,"Haplotype_B_Meth"
"NGS_H19_Hetero_Phased_Rep3","Read_1656",0.978527813428398,"Haplotype_B_Meth"
"NGS_H19_Hetero_Phased_Rep3","Read_1657",0.984190572510407,"Haplotype_B_Meth"
"NGS_H19_Hetero_Phased_Rep3","Read_1658",0.978452445459163,"Haplotype_B_Meth"
"NGS_H19_Hetero_Phased_Rep3","Read_1659",0.981463475743434,"Haplotype_B_Meth"
"NGS_H19_Hetero_Phased_Rep3","Read_1660",0.0133599173635347,"Haplotype_A_Unmeth"
"NGS_H19_Hetero_Phased_Rep3","Read_1661",0.968653406337588,"Haplotype_B_Meth"
"NGS_H19_Hetero_Phased_Rep3","Read_1662",0.967492361478072,"Haplotype_B_Meth"
"NGS_H19_Hetero_Phased_Rep3","Read_1663",0.0288605133172174,"Haplotype_A_Unmeth"
"NGS_H19_Hetero_Phased_Rep3","Read_1664",0.0182779714019923,"Haplotype_A_Unmeth"
"NGS_H19_Hetero_Phased_Rep3","Read_1665",0.97835353546585,"Haplotype_B_Meth"
"NGS_H19_Hetero_Phased_Rep3","Read_1666",0.0158805994573435,"Haplotype_A_Unmeth"
"NGS_H19_Hetero_Phased_Rep3","Read_1667",0.976473893704244,"Haplotype_B_Meth"
"NGS_H19_Hetero_Phased_Rep3","Read_1668",0.980843176008327,"Haplotype_B_Meth"
"NGS_H19_Hetero_Phased_Rep3","Read_1669",0.971072174643406,"Haplotype_B_Meth"
"NGS_H19_Hetero_Phased_Rep3","Read_1670",0.978915636031867,"Haplotype_B_Meth"
"NGS_H19_Hetero_Phased_Rep3","Read_1671",0.0162085388328378,"Haplotype_A_Unmeth"
"NGS_H19_Hetero_Phased_Rep3","Read_1672",0.0338425390363862,"Haplotype_A_Unmeth"
"NGS_H19_Hetero_Phased_Rep3","Read_1673",0.026954644649165,"Haplotype_A_Unmeth"
"NGS_H19_Hetero_Phased_Rep3","Read_1674",0.0204540412628589,"Haplotype_A_Unmeth"
"NGS_H19_Hetero_Phased_Rep3","Read_1675",0.0285337744941509,"Haplotype_A_Unmeth"
"NGS_H19_Hetero_Phased_Rep3","Read_1676",0.974692936366547,"Haplotype_B_Meth"
"NGS_H19_Hetero_Phased_Rep3","Read_1677",0.0232377780456719,"Haplotype_A_Unmeth"
"NGS_H19_Hetero_Phased_Rep3","Read_1678",0.014971531225873,"Haplotype_A_Unmeth"
"NGS_H19_Hetero_Phased_Rep3","Read_1679",0.0195605457612018,"Haplotype_A_Unmeth"
"NGS_H19_Hetero_Phased_Rep3","Read_1680",0.016325969021182,"Haplotype_A_Unmeth"
"NGS_H19_Hetero_Phased_Rep3","Read_1681",0.976664188080554,"Haplotype_B_Meth"
"NGS_H19_Hetero_Phased_Rep3","Read_1682",0.0194905140120487,"Haplotype_A_Unmeth"
"NGS_H19_Hetero_Phased_Rep3","Read_1683",0.986492617132454,"Haplotype_B_Meth"
"NGS_H19_Hetero_Phased_Rep3","Read_1684",0.983271770673475,"Haplotype_B_Meth"
"NGS_H19_Hetero_Phased_Rep3","Read_1685",0.0308185175068951,"Haplotype_A_Unmeth"
"NGS_H19_Hetero_Phased_Rep3","Read_1686",0.023371044259242,"Haplotype_A_Unmeth"
"NGS_H19_Hetero_Phased_Rep3","Read_1687",0.0217638760671966,"Haplotype_A_Unmeth"
"NGS_H19_Hetero_Phased_Rep3","Read_1688",0.977917802288279,"Haplotype_B_Meth"
"NGS_H19_Hetero_Phased_Rep3","Read_1689",0.0210927076501103,"Haplotype_A_Unmeth"
"NGS_H19_Hetero_Phased_Rep3","Read_1690",0.981546690344092,"Haplotype_B_Meth"
"NGS_H19_Hetero_Phased_Rep3","Read_1691",0.974719231528746,"Haplotype_B_Meth"
"NGS_H19_Hetero_Phased_Rep3","Read_1692",0.0255042355759214,"Haplotype_A_Unmeth"
"NGS_H19_Hetero_Phased_Rep3","Read_1693",0.0202850214664872,"Haplotype_A_Unmeth"
"NGS_H19_Hetero_Phased_Rep3","Read_1694",0.986888058710554,"Haplotype_B_Meth"
"NGS_H19_Hetero_Phased_Rep3","Read_1695",0.981206036374592,"Haplotype_B_Meth"
"NGS_H19_Hetero_Phased_Rep3","Read_1696",0.9861125417532,"Haplotype_B_Meth"
"NGS_H19_Hetero_Phased_Rep3","Read_1697",0.979613608468238,"Haplotype_B_Meth"
"NGS_H19_Hetero_Phased_Rep3","Read_1698",0.0188876785853349,"Haplotype_A_Unmeth"
"NGS_H19_Hetero_Phased_Rep3","Read_1699",0.977114492915013,"Haplotype_B_Meth"
"NGS_H19_Hetero_Phased_Rep3","Read_1700",0.0146744245350543,"Haplotype_A_Unmeth"
"NGS_H19_Hetero_Phased_Rep3","Read_1701",0.972800044585367,"Haplotype_B_Meth"
"NGS_H19_Hetero_Phased_Rep3","Read_1702",0.0171999899464719,"Haplotype_A_Unmeth"
"NGS_H19_Hetero_Phased_Rep3","Read_1703",0.0174258843153427,"Haplotype_A_Unmeth"
"NGS_H19_Hetero_Phased_Rep3","Read_1704",0.97473248710293,"Haplotype_B_Meth"
"NGS_H19_Hetero_Phased_Rep3","Read_1705",0.979256281103701,"Haplotype_B_Meth"
"NGS_H19_Hetero_Phased_Rep3","Read_1706",0.979844135068578,"Haplotype_B_Meth"
"NGS_H19_Hetero_Phased_Rep3","Read_1707",0.0254469353757065,"Haplotype_A_Unmeth"
"NGS_H19_Hetero_Phased_Rep3","Read_1708",0.0203815144225706,"Haplotype_A_Unmeth"
"NGS_H19_Hetero_Phased_Rep3","Read_1709",0.0173326306120822,"Haplotype_A_Unmeth"
"NGS_H19_Hetero_Phased_Rep3","Read_1710",0.0230905620230553,"Haplotype_A_Unmeth"
"NGS_H19_Hetero_Phased_Rep3","Read_1711",0.984876510853076,"Haplotype_B_Meth"
"NGS_H19_Hetero_Phased_Rep3","Read_1712",0.980452374929406,"Haplotype_B_Meth"
"NGS_H19_Hetero_Phased_Rep3","Read_1713",0.0236838422014393,"Haplotype_A_Unmeth"
"NGS_H19_Hetero_Phased_Rep3","Read_1714",0.0246050051915798,"Haplotype_A_Unmeth"
"NGS_H19_Hetero_Phased_Rep3","Read_1715",0.0172218163291826,"Haplotype_A_Unmeth"
"NGS_H19_Hetero_Phased_Rep3","Read_1716",0.985741614465588,"Haplotype_B_Meth"
"NGS_H19_Hetero_Phased_Rep3","Read_1717",0.0231751400716092,"Haplotype_A_Unmeth"
"NGS_H19_Hetero_Phased_Rep3","Read_1718",0.979586713647751,"Haplotype_B_Meth"
"NGS_H19_Hetero_Phased_Rep3","Read_1719",0.0232402436690818,"Haplotype_A_Unmeth"
"NGS_H19_Hetero_Phased_Rep3","Read_1720",0.013382222178492,"Haplotype_A_Unmeth"
"NGS_H19_Hetero_Phased_Rep3","Read_1721",0.980100052899051,"Haplotype_B_Meth"
"NGS_H19_Hetero_Phased_Rep3","Read_1722",0.978213881413496,"Haplotype_B_Meth"
"NGS_H19_Hetero_Phased_Rep3","Read_1723",0.981858110851021,"Haplotype_B_Meth"
"NGS_H19_Hetero_Phased_Rep3","Read_1724",0.0211916423439696,"Haplotype_A_Unmeth"
"NGS_H19_Hetero_Phased_Rep3","Read_1725",0.0199949773453018,"Haplotype_A_Unmeth"
"NGS_H19_Hetero_Phased_Rep3","Read_1726",0.977382208149654,"Haplotype_B_Meth"
"NGS_H19_Hetero_Phased_Rep3","Read_1727",0.96915497979147,"Haplotype_B_Meth"
"NGS_H19_Hetero_Phased_Rep3","Read_1728",0.981941905479366,"Haplotype_B_Meth"
"NGS_H19_Hetero_Phased_Rep3","Read_1729",0.0228595500741714,"Haplotype_A_Unmeth"
"NGS_H19_Hetero_Phased_Rep3","Read_1730",0.972670086496623,"Haplotype_B_Meth"
"NGS_H19_Hetero_Phased_Rep3","Read_1731",0.984191881759656,"Haplotype_B_Meth"
"NGS_H19_Hetero_Phased_Rep3","Read_1732",0.983445781031714,"Haplotype_B_Meth"
"NGS_H19_Hetero_Phased_Rep3","Read_1733",0.968105274750873,"Haplotype_B_Meth"
"NGS_H19_Hetero_Phased_Rep3","Read_1734",0.0142256785072251,"Haplotype_A_Unmeth"
"NGS_H19_Hetero_Phased_Rep3","Read_1735",0.982120679469195,"Haplotype_B_Meth"
"NGS_H19_Hetero_Phased_Rep3","Read_1736",0.979784435809886,"Haplotype_B_Meth"
"NGS_H19_Hetero_Phased_Rep3","Read_1737",0.0174828711490723,"Haplotype_A_Unmeth"
"NGS_H19_Hetero_Phased_Rep3","Read_1738",0.975234368466956,"Haplotype_B_Meth"
"NGS_H19_Hetero_Phased_Rep3","Read_1739",0.979405206543106,"Haplotype_B_Meth"
"NGS_H19_Hetero_Phased_Rep3","Read_1740",0.0144530216160044,"Haplotype_A_Unmeth"
"NGS_H19_Hetero_Phased_Rep3","Read_1741",0.984984050149272,"Haplotype_B_Meth"
"NGS_H19_Hetero_Phased_Rep3","Read_1742",0.98488129618108,"Haplotype_B_Meth"
"NGS_H19_Hetero_Phased_Rep3","Read_1743",0.982776849798559,"Haplotype_B_Meth"
"NGS_H19_Hetero_Phased_Rep3","Read_1744",0.0196002454665891,"Haplotype_A_Unmeth"
"NGS_H19_Hetero_Phased_Rep3","Read_1745",0.025172583263176,"Haplotype_A_Unmeth"
"NGS_H19_Hetero_Phased_Rep3","Read_1746",0.0249194952899334,"Haplotype_A_Unmeth"
"NGS_H19_Hetero_Phased_Rep3","Read_1747",0.977058842786988,"Haplotype_B_Meth"
"NGS_H19_Hetero_Phased_Rep3","Read_1748",0.0162552593054442,"Haplotype_A_Unmeth"
"NGS_H19_Hetero_Phased_Rep3","Read_1749",0.973752478376728,"Haplotype_B_Meth"
"NGS_H19_Hetero_Phased_Rep3","Read_1750",0.0290940307205977,"Haplotype_A_Unmeth"
"NGS_H19_Hetero_Phased_Rep3","Read_1751",0.0170515314425401,"Haplotype_A_Unmeth"
"NGS_H19_Hetero_Phased_Rep3","Read_1752",0.024063689058705,"Haplotype_A_Unmeth"
"NGS_H19_Hetero_Phased_Rep3","Read_1753",0.986505233404583,"Haplotype_B_Meth"
"NGS_H19_Hetero_Phased_Rep3","Read_1754",0.977681782441198,"Haplotype_B_Meth"
"NGS_H19_Hetero_Phased_Rep3","Read_1755",0.978981348929433,"Haplotype_B_Meth"
"NGS_H19_Hetero_Phased_Rep3","Read_1756",0.977979199880714,"Haplotype_B_Meth"
"NGS_H19_Hetero_Phased_Rep3","Read_1757",0.0120756519558079,"Haplotype_A_Unmeth"
"NGS_H19_Hetero_Phased_Rep3","Read_1758",0.983691366944103,"Haplotype_B_Meth"
"NGS_H19_Hetero_Phased_Rep3","Read_1759",0.978204568939914,"Haplotype_B_Meth"
"NGS_H19_Hetero_Phased_Rep3","Read_1760",0.0131656301015624,"Haplotype_A_Unmeth"
"NGS_H19_Hetero_Phased_Rep3","Read_1761",0.0223692046339673,"Haplotype_A_Unmeth"
"NGS_H19_Hetero_Phased_Rep3","Read_1762",0.980647829928202,"Haplotype_B_Meth"
"NGS_H19_Hetero_Phased_Rep3","Read_1763",0.978893406248023,"Haplotype_B_Meth"
"NGS_H19_Hetero_Phased_Rep3","Read_1764",0.0288231438418649,"Haplotype_A_Unmeth"
"NGS_H19_Hetero_Phased_Rep3","Read_1765",0.977270919742634,"Haplotype_B_Meth"
"NGS_H19_Hetero_Phased_Rep3","Read_1766",0.982376318831192,"Haplotype_B_Meth"
"NGS_H19_Hetero_Phased_Rep3","Read_1767",0.017451587659647,"Haplotype_A_Unmeth"
"NGS_H19_Hetero_Phased_Rep3","Read_1768",0.983130621176779,"Haplotype_B_Meth"
"NGS_H19_Hetero_Phased_Rep3","Read_1769",0.981411058014756,"Haplotype_B_Meth"
"NGS_H19_Hetero_Phased_Rep3","Read_1770",0.0191756225942866,"Haplotype_A_Unmeth"
"NGS_H19_Hetero_Phased_Rep3","Read_1771",0.0190707481852198,"Haplotype_A_Unmeth"
"NGS_H19_Hetero_Phased_Rep3","Read_1772",0.0255355293539739,"Haplotype_A_Unmeth"
"NGS_H19_Hetero_Phased_Rep3","Read_1773",0.979813553479068,"Haplotype_B_Meth"
"NGS_H19_Hetero_Phased_Rep3","Read_1774",0.971851049897583,"Haplotype_B_Meth"
"NGS_H19_Hetero_Phased_Rep3","Read_1775",0.0258912497900562,"Haplotype_A_Unmeth"
"NGS_H19_Hetero_Phased_Rep3","Read_1776",0.98318068653007,"Haplotype_B_Meth"
"NGS_H19_Hetero_Phased_Rep3","Read_1777",0.0172200036186491,"Haplotype_A_Unmeth"
"NGS_H19_Hetero_Phased_Rep3","Read_1778",0.0131746119391693,"Haplotype_A_Unmeth"
"NGS_H19_Hetero_Phased_Rep3","Read_1779",0.0198960264568299,"Haplotype_A_Unmeth"
"NGS_H19_Hetero_Phased_Rep3","Read_1780",0.982719593160937,"Haplotype_B_Meth"
"NGS_H19_Hetero_Phased_Rep3","Read_1781",0.0205384669519298,"Haplotype_A_Unmeth"
"NGS_H19_Hetero_Phased_Rep3","Read_1782",0.978418004571682,"Haplotype_B_Meth"
"NGS_H19_Hetero_Phased_Rep3","Read_1783",0.978394153172088,"Haplotype_B_Meth"
"NGS_H19_Hetero_Phased_Rep3","Read_1784",0.982838334493103,"Haplotype_B_Meth"
"NGS_H19_Hetero_Phased_Rep3","Read_1785",0.0182253147270595,"Haplotype_A_Unmeth"
"NGS_H19_Hetero_Phased_Rep3","Read_1786",0.975528819095434,"Haplotype_B_Meth"
"NGS_H19_Hetero_Phased_Rep3","Read_1787",0.0303975810651706,"Haplotype_A_Unmeth"
"NGS_H19_Hetero_Phased_Rep3","Read_1788",0.983396696074829,"Haplotype_B_Meth"
"NGS_H19_Hetero_Phased_Rep3","Read_1789",0.0190865321337076,"Haplotype_A_Unmeth"
"NGS_H19_Hetero_Phased_Rep3","Read_1790",0.0190917329304833,"Haplotype_A_Unmeth"
"NGS_H19_Hetero_Phased_Rep3","Read_1791",0.977351467011059,"Haplotype_B_Meth"
"NGS_H19_Hetero_Phased_Rep3","Read_1792",0.97993381824728,"Haplotype_B_Meth"
"NGS_H19_Hetero_Phased_Rep3","Read_1793",0.985794499839171,"Haplotype_B_Meth"
"NGS_H19_Hetero_Phased_Rep3","Read_1794",0.0211656479025035,"Haplotype_A_Unmeth"
"NGS_H19_Hetero_Phased_Rep3","Read_1795",0.977971613425514,"Haplotype_B_Meth"
"NGS_H19_Hetero_Phased_Rep3","Read_1796",0.979300698774263,"Haplotype_B_Meth"
"NGS_H19_Hetero_Phased_Rep3","Read_1797",0.983278831381496,"Haplotype_B_Meth"
"NGS_H19_Hetero_Phased_Rep3","Read_1798",0.980003752078385,"Haplotype_B_Meth"
"NGS_H19_Hetero_Phased_Rep3","Read_1799",0.0269164637488276,"Haplotype_A_Unmeth"
"NGS_H19_Hetero_Phased_Rep3","Read_1800",0.016186703663182,"Haplotype_A_Unmeth"
"NGS_H19_Hetero_Phased_Rep3","Read_1801",0.0158514092737245,"Haplotype_A_Unmeth"
"NGS_H19_Hetero_Phased_Rep3","Read_1802",0.982763258803382,"Haplotype_B_Meth"
"NGS_H19_Hetero_Phased_Rep3","Read_1803",0.0199546566988579,"Haplotype_A_Unmeth"
"NGS_H19_Hetero_Phased_Rep3","Read_1804",0.980478078818613,"Haplotype_B_Meth"
"NGS_H19_Hetero_Phased_Rep3","Read_1805",0.0217077100928733,"Haplotype_A_Unmeth"
"NGS_H19_Hetero_Phased_Rep3","Read_1806",0.0179752905165864,"Haplotype_A_Unmeth"
"NGS_H19_Hetero_Phased_Rep3","Read_1807",0.0192094524647548,"Haplotype_A_Unmeth"
"NGS_H19_Hetero_Phased_Rep3","Read_1808",0.983924203863209,"Haplotype_B_Meth"
"NGS_H19_Hetero_Phased_Rep3","Read_1809",0.975381176739235,"Haplotype_B_Meth"
"NGS_H19_Hetero_Phased_Rep3","Read_1810",0.0248414465662913,"Haplotype_A_Unmeth"
"NGS_H19_Hetero_Phased_Rep3","Read_1811",0.975603944421238,"Haplotype_B_Meth"
"NGS_H19_Hetero_Phased_Rep3","Read_1812",0.019706915514435,"Haplotype_A_Unmeth"
"NGS_H19_Hetero_Phased_Rep3","Read_1813",0.989069742891812,"Haplotype_B_Meth"
"NGS_H19_Hetero_Phased_Rep3","Read_1814",0.982166854388211,"Haplotype_B_Meth"
"NGS_H19_Hetero_Phased_Rep3","Read_1815",0.0217120214266189,"Haplotype_A_Unmeth"
"NGS_H19_Hetero_Phased_Rep3","Read_1816",0.979345496272924,"Haplotype_B_Meth"
"NGS_H19_Hetero_Phased_Rep3","Read_1817",0.0241627969652766,"Haplotype_A_Unmeth"
"NGS_H19_Hetero_Phased_Rep3","Read_1818",0.0176522534830722,"Haplotype_A_Unmeth"
"NGS_H19_Hetero_Phased_Rep3","Read_1819",0.978286658201884,"Haplotype_B_Meth"
"NGS_H19_Hetero_Phased_Rep3","Read_1820",0.981591408709124,"Haplotype_B_Meth"
"NGS_H19_Hetero_Phased_Rep3","Read_1821",0.0135416660837031,"Haplotype_A_Unmeth"
"NGS_H19_Hetero_Phased_Rep3","Read_1822",0.982483050199485,"Haplotype_B_Meth"
"NGS_H19_Hetero_Phased_Rep3","Read_1823",0.982972400877579,"Haplotype_B_Meth"
"NGS_H19_Hetero_Phased_Rep3","Read_1824",0.0123597733262252,"Haplotype_A_Unmeth"
"NGS_H19_Hetero_Phased_Rep3","Read_1825",0.981156345166069,"Haplotype_B_Meth"
"NGS_H19_Hetero_Phased_Rep3","Read_1826",0.977217824669152,"Haplotype_B_Meth"
"NGS_H19_Hetero_Phased_Rep3","Read_1827",0.0145763264166695,"Haplotype_A_Unmeth"
"NGS_H19_Hetero_Phased_Rep3","Read_1828",0.0134709027150613,"Haplotype_A_Unmeth"
"NGS_H19_Hetero_Phased_Rep3","Read_1829",0.0183747945415123,"Haplotype_A_Unmeth"
"NGS_H19_Hetero_Phased_Rep3","Read_1830",0.0153271014230617,"Haplotype_A_Unmeth"
"NGS_H19_Hetero_Phased_Rep3","Read_1831",0.976737830284159,"Haplotype_B_Meth"
"NGS_H19_Hetero_Phased_Rep3","Read_1832",0.978145151597953,"Haplotype_B_Meth"
"NGS_H19_Hetero_Phased_Rep3","Read_1833",0.987494932521779,"Haplotype_B_Meth"
"NGS_H19_Hetero_Phased_Rep3","Read_1834",0.983366187649371,"Haplotype_B_Meth"
"NGS_H19_Hetero_Phased_Rep3","Read_1835",0.979566120469807,"Haplotype_B_Meth"
"NGS_H19_Hetero_Phased_Rep3","Read_1836",0.972628085823265,"Haplotype_B_Meth"
"NGS_H19_Hetero_Phased_Rep3","Read_1837",0.984880654271719,"Haplotype_B_Meth"
"NGS_H19_Hetero_Phased_Rep3","Read_1838",0.977386329156388,"Haplotype_B_Meth"
"NGS_H19_Hetero_Phased_Rep3","Read_1839",0.0190852265872662,"Haplotype_A_Unmeth"
"NGS_H19_Hetero_Phased_Rep3","Read_1840",0.972835240542891,"Haplotype_B_Meth"
"NGS_H19_Hetero_Phased_Rep3","Read_1841",0.0151025894808485,"Haplotype_A_Unmeth"
"NGS_H19_Hetero_Phased_Rep3","Read_1842",0.0189514066054516,"Haplotype_A_Unmeth"
"NGS_H19_Hetero_Phased_Rep3","Read_1843",0.0211287497363778,"Haplotype_A_Unmeth"
"NGS_H19_Hetero_Phased_Rep3","Read_1844",0.0212448276937406,"Haplotype_A_Unmeth"
"NGS_H19_Hetero_Phased_Rep3","Read_1845",0.0142201150370836,"Haplotype_A_Unmeth"
"NGS_H19_Hetero_Phased_Rep3","Read_1846",0.972624176394435,"Haplotype_B_Meth"
"NGS_H19_Hetero_Phased_Rep3","Read_1847",0.0220797510874854,"Haplotype_A_Unmeth"
"NGS_H19_Hetero_Phased_Rep3","Read_1848",0.973504845590254,"Haplotype_B_Meth"
"NGS_H19_Hetero_Phased_Rep3","Read_1849",0.0156328086250482,"Haplotype_A_Unmeth"
"NGS_H19_Hetero_Phased_Rep3","Read_1850",0.0242816726869037,"Haplotype_A_Unmeth"
"NGS_H19_Hetero_Phased_Rep3","Read_1851",0.0252583845765947,"Haplotype_A_Unmeth"
"NGS_H19_Hetero_Phased_Rep3","Read_1852",0.982792751441369,"Haplotype_B_Meth"
"NGS_H19_Hetero_Phased_Rep3","Read_1853",0.980259730793262,"Haplotype_B_Meth"
"NGS_H19_Hetero_Phased_Rep3","Read_1854",0.027586215528469,"Haplotype_A_Unmeth"
"NGS_H19_Hetero_Phased_Rep3","Read_1855",0.980103296677525,"Haplotype_B_Meth"
"NGS_H19_Hetero_Phased_Rep3","Read_1856",0.979572966594922,"Haplotype_B_Meth"
"NGS_H19_Hetero_Phased_Rep3","Read_1857",0.975786501468892,"Haplotype_B_Meth"
"NGS_H19_Hetero_Phased_Rep3","Read_1858",0.0130156483189119,"Haplotype_A_Unmeth"
"NGS_H19_Hetero_Phased_Rep3","Read_1859",0.0193891886775193,"Haplotype_A_Unmeth"
"NGS_H19_Hetero_Phased_Rep3","Read_1860",0.978536648694214,"Haplotype_B_Meth"
"NGS_H19_Hetero_Phased_Rep3","Read_1861",0.0118943320800395,"Haplotype_A_Unmeth"
"NGS_H19_Hetero_Phased_Rep3","Read_1862",0.0234928695316891,"Haplotype_A_Unmeth"
"NGS_H19_Hetero_Phased_Rep3","Read_1863",0.973210740552172,"Haplotype_B_Meth"
"NGS_H19_Hetero_Phased_Rep3","Read_1864",0.976629044570969,"Haplotype_B_Meth"
"NGS_H19_Hetero_Phased_Rep3","Read_1865",0.0184333872856368,"Haplotype_A_Unmeth"
"NGS_H19_Hetero_Phased_Rep3","Read_1866",0.0201185273427347,"Haplotype_A_Unmeth"
"NGS_H19_Hetero_Phased_Rep3","Read_1867",0.984693061783429,"Haplotype_B_Meth"
"NGS_H19_Hetero_Phased_Rep3","Read_1868",0.0183116562460413,"Haplotype_A_Unmeth"
"NGS_H19_Hetero_Phased_Rep3","Read_1869",0.0195100225418176,"Haplotype_A_Unmeth"
"NGS_H19_Hetero_Phased_Rep3","Read_1870",0.98153515887496,"Haplotype_B_Meth"
"NGS_H19_Hetero_Phased_Rep3","Read_1871",0.978890956537916,"Haplotype_B_Meth"
"NGS_H19_Hetero_Phased_Rep3","Read_1872",0.0239279736615589,"Haplotype_A_Unmeth"
"NGS_H19_Hetero_Phased_Rep3","Read_1873",0.0214391538513866,"Haplotype_A_Unmeth"
"NGS_H19_Hetero_Phased_Rep3","Read_1874",0.0278968540197711,"Haplotype_A_Unmeth"
"NGS_H19_Hetero_Phased_Rep3","Read_1875",0.979200673370319,"Haplotype_B_Meth"
"NGS_H19_Hetero_Phased_Rep3","Read_1876",0.984988558204603,"Haplotype_B_Meth"
"NGS_H19_Hetero_Phased_Rep3","Read_1877",0.981995373679749,"Haplotype_B_Meth"
"NGS_H19_Hetero_Phased_Rep3","Read_1878",0.97703738601179,"Haplotype_B_Meth"
"NGS_H19_Hetero_Phased_Rep3","Read_1879",0.0220259428016059,"Haplotype_A_Unmeth"
"NGS_H19_Hetero_Phased_Rep3","Read_1880",0.0224411916374739,"Haplotype_A_Unmeth"
"NGS_H19_Hetero_Phased_Rep3","Read_1881",0.0178029077483795,"Haplotype_A_Unmeth"
"NGS_H19_Hetero_Phased_Rep3","Read_1882",0.0211179896520724,"Haplotype_A_Unmeth"
"NGS_H19_Hetero_Phased_Rep3","Read_1883",0.0294253318002819,"Haplotype_A_Unmeth"
"NGS_H19_Hetero_Phased_Rep3","Read_1884",0.0209387580251572,"Haplotype_A_Unmeth"
"NGS_H19_Hetero_Phased_Rep3","Read_1885",0.0161215057898486,"Haplotype_A_Unmeth"
"NGS_H19_Hetero_Phased_Rep3","Read_1886",0.980544269438387,"Haplotype_B_Meth"
"NGS_H19_Hetero_Phased_Rep3","Read_1887",0.0173205484017071,"Haplotype_A_Unmeth"
"NGS_H19_Hetero_Phased_Rep3","Read_1888",0.0213164599587046,"Haplotype_A_Unmeth"
"NGS_H19_Hetero_Phased_Rep3","Read_1889",0.0152621667309767,"Haplotype_A_Unmeth"
"NGS_H19_Hetero_Phased_Rep3","Read_1890",0.0210713544892072,"Haplotype_A_Unmeth"
"NGS_H19_Hetero_Phased_Rep3","Read_1891",0.97172589904756,"Haplotype_B_Meth"
"NGS_H19_Hetero_Phased_Rep3","Read_1892",0.016184795530851,"Haplotype_A_Unmeth"
"NGS_H19_Hetero_Phased_Rep3","Read_1893",0.980150615130467,"Haplotype_B_Meth"
"NGS_H19_Hetero_Phased_Rep3","Read_1894",0.0165811516060818,"Haplotype_A_Unmeth"
"NGS_H19_Hetero_Phased_Rep3","Read_1895",0.0232134697405307,"Haplotype_A_Unmeth"
"NGS_H19_Hetero_Phased_Rep3","Read_1896",0.0262929560213827,"Haplotype_A_Unmeth"
"NGS_H19_Hetero_Phased_Rep3","Read_1897",0.982750803183714,"Haplotype_B_Meth"
"NGS_H19_Hetero_Phased_Rep3","Read_1898",0.0172592324689209,"Haplotype_A_Unmeth"
"NGS_H19_Hetero_Phased_Rep3","Read_1899",0.976944116410359,"Haplotype_B_Meth"
"NGS_H19_Hetero_Phased_Rep3","Read_1900",0.980084808020297,"Haplotype_B_Meth"
"NGS_H19_Hetero_Phased_Rep3","Read_1901",0.0265784327217178,"Haplotype_A_Unmeth"
"NGS_H19_Hetero_Phased_Rep3","Read_1902",0.983128910086367,"Haplotype_B_Meth"
"NGS_H19_Hetero_Phased_Rep3","Read_1903",0.023186553249881,"Haplotype_A_Unmeth"
"NGS_H19_Hetero_Phased_Rep3","Read_1904",0.979391402400359,"Haplotype_B_Meth"
"NGS_H19_Hetero_Phased_Rep3","Read_1905",0.0121704461375731,"Haplotype_A_Unmeth"
"NGS_H19_Hetero_Phased_Rep3","Read_1906",0.978907698897114,"Haplotype_B_Meth"
"NGS_H19_Hetero_Phased_Rep3","Read_1907",0.0280827733389623,"Haplotype_A_Unmeth"
"NGS_H19_Hetero_Phased_Rep3","Read_1908",0.982185971069656,"Haplotype_B_Meth"
"NGS_H19_Hetero_Phased_Rep3","Read_1909",0.0178364863703433,"Haplotype_A_Unmeth"
"NGS_H19_Hetero_Phased_Rep3","Read_1910",0.975156178122927,"Haplotype_B_Meth"
"NGS_H19_Hetero_Phased_Rep3","Read_1911",0.975860881645743,"Haplotype_B_Meth"
"NGS_H19_Hetero_Phased_Rep3","Read_1912",0.0230965079884809,"Haplotype_A_Unmeth"
"NGS_H19_Hetero_Phased_Rep3","Read_1913",0.981903048893275,"Haplotype_B_Meth"
"NGS_H19_Hetero_Phased_Rep3","Read_1914",0.987985615714827,"Haplotype_B_Meth"
"NGS_H19_Hetero_Phased_Rep3","Read_1915",0.0220666320659765,"Haplotype_A_Unmeth"
"NGS_H19_Hetero_Phased_Rep3","Read_1916",0.977753493112904,"Haplotype_B_Meth"
"NGS_H19_Hetero_Phased_Rep3","Read_1917",0.019868824053264,"Haplotype_A_Unmeth"
"NGS_H19_Hetero_Phased_Rep3","Read_1918",0.986289516964168,"Haplotype_B_Meth"
"NGS_H19_Hetero_Phased_Rep3","Read_1919",0.0256428076056655,"Haplotype_A_Unmeth"
"NGS_H19_Hetero_Phased_Rep3","Read_1920",0.0196124926626303,"Haplotype_A_Unmeth"
"NGS_H19_Hetero_Phased_Rep3","Read_1921",0.979524505307539,"Haplotype_B_Meth"
"NGS_H19_Hetero_Phased_Rep3","Read_1922",0.979185595619138,"Haplotype_B_Meth"
"NGS_H19_Hetero_Phased_Rep3","Read_1923",0.0233262831359413,"Haplotype_A_Unmeth"
"NGS_H19_Hetero_Phased_Rep3","Read_1924",0.98923519807703,"Haplotype_B_Meth"
"NGS_H19_Hetero_Phased_Rep3","Read_1925",0.979191428164909,"Haplotype_B_Meth"
"NGS_H19_Hetero_Phased_Rep3","Read_1926",0.983078324482153,"Haplotype_B_Meth"
"NGS_H19_Hetero_Phased_Rep3","Read_1927",0.983927336740718,"Haplotype_B_Meth"
"NGS_H19_Hetero_Phased_Rep3","Read_1928",0.014952284982406,"Haplotype_A_Unmeth"
"NGS_H19_Hetero_Phased_Rep3","Read_1929",0.981859139242019,"Haplotype_B_Meth"
"NGS_H19_Hetero_Phased_Rep3","Read_1930",0.0213973309961933,"Haplotype_A_Unmeth"
"NGS_H19_Hetero_Phased_Rep3","Read_1931",0.979008340458698,"Haplotype_B_Meth"
"NGS_H19_Hetero_Phased_Rep3","Read_1932",0.983688008991487,"Haplotype_B_Meth"
"NGS_H19_Hetero_Phased_Rep3","Read_1933",0.0217002704292051,"Haplotype_A_Unmeth"
"NGS_H19_Hetero_Phased_Rep3","Read_1934",0.0166857436868277,"Haplotype_A_Unmeth"
"NGS_H19_Hetero_Phased_Rep3","Read_1935",0.988333429232581,"Haplotype_B_Meth"
"NGS_H19_Hetero_Phased_Rep3","Read_1936",0.0214047899410855,"Haplotype_A_Unmeth"
"NGS_H19_Hetero_Phased_Rep3","Read_1937",0.0197915852907052,"Haplotype_A_Unmeth"
"NGS_H19_Hetero_Phased_Rep3","Read_1938",0.984962598929354,"Haplotype_B_Meth"
"NGS_H19_Hetero_Phased_Rep3","Read_1939",0.977034573673605,"Haplotype_B_Meth"
"NGS_H19_Hetero_Phased_Rep3","Read_1940",0.0262191038780206,"Haplotype_A_Unmeth"
"NGS_H19_Hetero_Phased_Rep3","Read_1941",0.0192819927768999,"Haplotype_A_Unmeth"
"NGS_H19_Hetero_Phased_Rep3","Read_1942",0.983138435599089,"Haplotype_B_Meth"
"NGS_H19_Hetero_Phased_Rep3","Read_1943",0.0166453072401916,"Haplotype_A_Unmeth"
"NGS_H19_Hetero_Phased_Rep3","Read_1944",0.989886720970438,"Haplotype_B_Meth"
"NGS_H19_Hetero_Phased_Rep3","Read_1945",0.97057283231043,"Haplotype_B_Meth"
"NGS_H19_Hetero_Phased_Rep3","Read_1946",0.977232354959474,"Haplotype_B_Meth"
"NGS_H19_Hetero_Phased_Rep3","Read_1947",0.988986617821992,"Haplotype_B_Meth"
"NGS_H19_Hetero_Phased_Rep3","Read_1948",0.979720737844426,"Haplotype_B_Meth"
"NGS_H19_Hetero_Phased_Rep3","Read_1949",0.978616012859767,"Haplotype_B_Meth"
"NGS_H19_Hetero_Phased_Rep3","Read_1950",0.0168061629204377,"Haplotype_A_Unmeth"
"NGS_H19_Hetero_Phased_Rep3","Read_1951",0.0233781035005359,"Haplotype_A_Unmeth"
"NGS_H19_Hetero_Phased_Rep3","Read_1952",0.01835755909991,"Haplotype_A_Unmeth"
"NGS_H19_Hetero_Phased_Rep3","Read_1953",0.0237951630033086,"Haplotype_A_Unmeth"
"NGS_H19_Hetero_Phased_Rep3","Read_1954",0.983330946187592,"Haplotype_B_Meth"
"NGS_H19_Hetero_Phased_Rep3","Read_1955",0.0226369677103557,"Haplotype_A_Unmeth"
"NGS_H19_Hetero_Phased_Rep3","Read_1956",0.983971423375516,"Haplotype_B_Meth"
"NGS_H19_Hetero_Phased_Rep3","Read_1957",0.0144110330317143,"Haplotype_A_Unmeth"
"NGS_H19_Hetero_Phased_Rep3","Read_1958",0.981568622728695,"Haplotype_B_Meth"
"NGS_H19_Hetero_Phased_Rep3","Read_1959",0.984909617589655,"Haplotype_B_Meth"
"NGS_H19_Hetero_Phased_Rep3","Read_1960",0.0199384572006747,"Haplotype_A_Unmeth"
"NGS_H19_Hetero_Phased_Rep3","Read_1961",0.0190920601389885,"Haplotype_A_Unmeth"
"NGS_H19_Hetero_Phased_Rep3","Read_1962",0.0196131887343182,"Haplotype_A_Unmeth"
"NGS_H19_Hetero_Phased_Rep3","Read_1963",0.976994208789179,"Haplotype_B_Meth"
"NGS_H19_Hetero_Phased_Rep3","Read_1964",0.977226692142607,"Haplotype_B_Meth"
"NGS_H19_Hetero_Phased_Rep3","Read_1965",0.0222618755110065,"Haplotype_A_Unmeth"
"NGS_H19_Hetero_Phased_Rep3","Read_1966",0.0250696346915807,"Haplotype_A_Unmeth"
"NGS_H19_Hetero_Phased_Rep3","Read_1967",0.975407217060547,"Haplotype_B_Meth"
"NGS_H19_Hetero_Phased_Rep3","Read_1968",0.0208045094270671,"Haplotype_A_Unmeth"
"NGS_H19_Hetero_Phased_Rep3","Read_1969",0.974449840710003,"Haplotype_B_Meth"
"NGS_H19_Hetero_Phased_Rep3","Read_1970",0.0202127911706205,"Haplotype_A_Unmeth"
"NGS_H19_Hetero_Phased_Rep3","Read_1971",0.024161530009014,"Haplotype_A_Unmeth"
"NGS_H19_Hetero_Phased_Rep3","Read_1972",0.0160758410175653,"Haplotype_A_Unmeth"
"NGS_H19_Hetero_Phased_Rep3","Read_1973",0.969399240934649,"Haplotype_B_Meth"
"NGS_H19_Hetero_Phased_Rep3","Read_1974",0.019855922426474,"Haplotype_A_Unmeth"
"NGS_H19_Hetero_Phased_Rep3","Read_1975",0.0194720126354748,"Haplotype_A_Unmeth"
"NGS_H19_Hetero_Phased_Rep3","Read_1976",0.979091036087369,"Haplotype_B_Meth"
"NGS_H19_Hetero_Phased_Rep3","Read_1977",0.0200035738313118,"Haplotype_A_Unmeth"
"NGS_H19_Hetero_Phased_Rep3","Read_1978",0.0188407942622838,"Haplotype_A_Unmeth"
"NGS_H19_Hetero_Phased_Rep3","Read_1979",0.975325058308543,"Haplotype_B_Meth"
"NGS_H19_Hetero_Phased_Rep3","Read_1980",0.0188003595822503,"Haplotype_A_Unmeth"
"NGS_H19_Hetero_Phased_Rep3","Read_1981",0.0174373751987872,"Haplotype_A_Unmeth"
"NGS_H19_Hetero_Phased_Rep3","Read_1982",0.983743505661602,"Haplotype_B_Meth"
"NGS_H19_Hetero_Phased_Rep3","Read_1983",0.986744107995165,"Haplotype_B_Meth"
"NGS_H19_Hetero_Phased_Rep3","Read_1984",0.981197503950946,"Haplotype_B_Meth"
"NGS_H19_Hetero_Phased_Rep3","Read_1985",0.9791880134882,"Haplotype_B_Meth"
"NGS_H19_Hetero_Phased_Rep3","Read_1986",0.0209828295281407,"Haplotype_A_Unmeth"
"NGS_H19_Hetero_Phased_Rep3","Read_1987",0.0215729032041871,"Haplotype_A_Unmeth"
"NGS_H19_Hetero_Phased_Rep3","Read_1988",0.985617490093735,"Haplotype_B_Meth"
"NGS_H19_Hetero_Phased_Rep3","Read_1989",0.0159610500361723,"Haplotype_A_Unmeth"
"NGS_H19_Hetero_Phased_Rep3","Read_1990",0.972398041068316,"Haplotype_B_Meth"
"NGS_H19_Hetero_Phased_Rep3","Read_1991",0.981523468824963,"Haplotype_B_Meth"
"NGS_H19_Hetero_Phased_Rep3","Read_1992",0.982847133444154,"Haplotype_B_Meth"
"NGS_H19_Hetero_Phased_Rep3","Read_1993",0.979779414375308,"Haplotype_B_Meth"
"NGS_H19_Hetero_Phased_Rep3","Read_1994",0.984087451624344,"Haplotype_B_Meth"
"NGS_H19_Hetero_Phased_Rep3","Read_1995",0.0172436353973678,"Haplotype_A_Unmeth"
"NGS_H19_Hetero_Phased_Rep3","Read_1996",0.0177838347732339,"Haplotype_A_Unmeth"
"NGS_H19_Hetero_Phased_Rep3","Read_1997",0.981172931210977,"Haplotype_B_Meth"
"NGS_H19_Hetero_Phased_Rep3","Read_1998",0.979636447972389,"Haplotype_B_Meth"
"NGS_H19_Hetero_Phased_Rep3","Read_1999",0.985659365777896,"Haplotype_B_Meth"
"NGS_H19_Hetero_Phased_Rep3","Read_2000",0.0231855631827331,"Haplotype_A_Unmeth"
"NGS_H19_Hetero_Phased_Rep3","Read_2001",0.0185234217219244,"Haplotype_A_Unmeth"
"NGS_H19_Hetero_Phased_Rep3","Read_2002",0.0135752389624309,"Haplotype_A_Unmeth"
"NGS_H19_Hetero_Phased_Rep3","Read_2003",0.0234458457258467,"Haplotype_A_Unmeth"
"NGS_H19_Hetero_Phased_Rep3","Read_2004",0.0119846206992304,"Haplotype_A_Unmeth"
"NGS_H19_Hetero_Phased_Rep3","Read_2005",0.0157944853266819,"Haplotype_A_Unmeth"
"NGS_H19_Hetero_Phased_Rep3","Read_2006",0.985419652116267,"Haplotype_B_Meth"
"NGS_H19_Hetero_Phased_Rep3","Read_2007",0.977834144916429,"Haplotype_B_Meth"
"NGS_H19_Hetero_Phased_Rep3","Read_2008",0.014466088459674,"Haplotype_A_Unmeth"
"NGS_H19_Hetero_Phased_Rep3","Read_2009",0.976899661952531,"Haplotype_B_Meth"
"NGS_H19_Hetero_Phased_Rep3","Read_2010",0.0171006429120041,"Haplotype_A_Unmeth"
"NGS_H19_Hetero_Phased_Rep3","Read_2011",0.978671954484731,"Haplotype_B_Meth"
"NGS_H19_Hetero_Phased_Rep3","Read_2012",0.978475092118974,"Haplotype_B_Meth"
"NGS_H19_Hetero_Phased_Rep3","Read_2013",0.981270062500775,"Haplotype_B_Meth"
"NGS_H19_Hetero_Phased_Rep3","Read_2014",0.984032880660644,"Haplotype_B_Meth"
"NGS_H19_Hetero_Phased_Rep3","Read_2015",0.981302218694671,"Haplotype_B_Meth"
"NGS_H19_Hetero_Phased_Rep3","Read_2016",0.974383896285945,"Haplotype_B_Meth"
"NGS_H19_Hetero_Phased_Rep3","Read_2017",0.985089291258719,"Haplotype_B_Meth"
"NGS_H19_Hetero_Phased_Rep3","Read_2018",0.0252776774484936,"Haplotype_A_Unmeth"
"NGS_H19_Hetero_Phased_Rep3","Read_2019",0.979074417307228,"Haplotype_B_Meth"
"NGS_H19_Hetero_Phased_Rep3","Read_2020",0.983603107552864,"Haplotype_B_Meth"
"NGS_H19_Hetero_Phased_Rep3","Read_2021",0.969878700601979,"Haplotype_B_Meth"
"NGS_H19_Hetero_Phased_Rep3","Read_2022",0.971790567471293,"Haplotype_B_Meth"
"NGS_H19_Hetero_Phased_Rep3","Read_2023",0.985108369698767,"Haplotype_B_Meth"
"NGS_H19_Hetero_Phased_Rep3","Read_2024",0.0254520369421692,"Haplotype_A_Unmeth"
"NGS_H19_Hetero_Phased_Rep3","Read_2025",0.983604573815746,"Haplotype_B_Meth"
"NGS_H19_Hetero_Phased_Rep3","Read_2026",0.986978015579483,"Haplotype_B_Meth"
"NGS_H19_Hetero_Phased_Rep3","Read_2027",0.969810658025073,"Haplotype_B_Meth"
"NGS_H19_Hetero_Phased_Rep3","Read_2028",0.976424575454397,"Haplotype_B_Meth"
"NGS_H19_Hetero_Phased_Rep3","Read_2029",0.0186854037744908,"Haplotype_A_Unmeth"
"NGS_H19_Hetero_Phased_Rep3","Read_2030",0.0210800530878349,"Haplotype_A_Unmeth"
"NGS_H19_Hetero_Phased_Rep3","Read_2031",0.984669945426216,"Haplotype_B_Meth"
"NGS_H19_Hetero_Phased_Rep3","Read_2032",0.0204566312682457,"Haplotype_A_Unmeth"
"NGS_H19_Hetero_Phased_Rep3","Read_2033",0.0234390721601063,"Haplotype_A_Unmeth"
"NGS_H19_Hetero_Phased_Rep3","Read_2034",0.0238117687800631,"Haplotype_A_Unmeth"
"NGS_H19_Hetero_Phased_Rep3","Read_2035",0.0262636534922719,"Haplotype_A_Unmeth"
"NGS_H19_Hetero_Phased_Rep3","Read_2036",0.0179980210246476,"Haplotype_A_Unmeth"
"NGS_H19_Hetero_Phased_Rep3","Read_2037",0.0180300771459363,"Haplotype_A_Unmeth"
"NGS_H19_Hetero_Phased_Rep3","Read_2038",0.988952514910561,"Haplotype_B_Meth"
"NGS_H19_Hetero_Phased_Rep3","Read_2039",0.0108601280794214,"Haplotype_A_Unmeth"
"NGS_H19_Hetero_Phased_Rep3","Read_2040",0.979004516045923,"Haplotype_B_Meth"
"NGS_H19_Hetero_Phased_Rep3","Read_2041",0.982073054294616,"Haplotype_B_Meth"
"NGS_H19_Hetero_Phased_Rep3","Read_2042",0.978674502786777,"Haplotype_B_Meth"
"NGS_H19_Hetero_Phased_Rep3","Read_2043",0.0201944500993182,"Haplotype_A_Unmeth"
"NGS_H19_Hetero_Phased_Rep3","Read_2044",0.987373953908874,"Haplotype_B_Meth"
"NGS_H19_Hetero_Phased_Rep3","Read_2045",0.985577650193007,"Haplotype_B_Meth"
"NGS_H19_Hetero_Phased_Rep3","Read_2046",0.977765339374816,"Haplotype_B_Meth"
"NGS_H19_Hetero_Phased_Rep3","Read_2047",0.983143140440145,"Haplotype_B_Meth"
"NGS_H19_Hetero_Phased_Rep3","Read_2048",0.0194827709286385,"Haplotype_A_Unmeth"
"NGS_H19_Hetero_Phased_Rep3","Read_2049",0.983997301392405,"Haplotype_B_Meth"
"NGS_H19_Hetero_Phased_Rep3","Read_2050",0.979671914215556,"Haplotype_B_Meth"
"NGS_H19_Hetero_Phased_Rep3","Read_2051",0.983608845599671,"Haplotype_B_Meth"
"NGS_H19_Hetero_Phased_Rep3","Read_2052",0.971057977270183,"Haplotype_B_Meth"
"NGS_H19_Hetero_Phased_Rep3","Read_2053",0.014400804378444,"Haplotype_A_Unmeth"
"NGS_H19_Hetero_Phased_Rep3","Read_2054",0.985293544679068,"Haplotype_B_Meth"
"NGS_H19_Hetero_Phased_Rep3","Read_2055",0.0227047542678513,"Haplotype_A_Unmeth"
"NGS_H19_Hetero_Phased_Rep3","Read_2056",0.97843987747682,"Haplotype_B_Meth"
"NGS_H19_Hetero_Phased_Rep3","Read_2057",0.978204982955492,"Haplotype_B_Meth"
"NGS_H19_Hetero_Phased_Rep3","Read_2058",0.977437250368481,"Haplotype_B_Meth"
"NGS_H19_Hetero_Phased_Rep3","Read_2059",0.0200577099830733,"Haplotype_A_Unmeth"
"NGS_H19_Hetero_Phased_Rep3","Read_2060",0.0294382393813569,"Haplotype_A_Unmeth"
"NGS_H19_Hetero_Phased_Rep3","Read_2061",0.0167886229686247,"Haplotype_A_Unmeth"
"NGS_H19_Hetero_Phased_Rep3","Read_2062",0.979328640517617,"Haplotype_B_Meth"
"NGS_H19_Hetero_Phased_Rep3","Read_2063",0.978448332701959,"Haplotype_B_Meth"
"NGS_H19_Hetero_Phased_Rep3","Read_2064",0.0237985692183916,"Haplotype_A_Unmeth"
"NGS_H19_Hetero_Phased_Rep3","Read_2065",0.979378063982557,"Haplotype_B_Meth"
"NGS_H19_Hetero_Phased_Rep3","Read_2066",0.979065900154054,"Haplotype_B_Meth"
"NGS_H19_Hetero_Phased_Rep3","Read_2067",0.98609132347319,"Haplotype_B_Meth"
"NGS_H19_Hetero_Phased_Rep3","Read_2068",0.974612199414029,"Haplotype_B_Meth"
"NGS_H19_Hetero_Phased_Rep3","Read_2069",0.0164585172550829,"Haplotype_A_Unmeth"
"NGS_H19_Hetero_Phased_Rep3","Read_2070",0.979320092948288,"Haplotype_B_Meth"
"NGS_H19_Hetero_Phased_Rep3","Read_2071",0.974676302995389,"Haplotype_B_Meth"
"NGS_H19_Hetero_Phased_Rep3","Read_2072",0.979631349187717,"Haplotype_B_Meth"
"NGS_H19_Hetero_Phased_Rep3","Read_2073",0.987787691732362,"Haplotype_B_Meth"
"NGS_H19_Hetero_Phased_Rep3","Read_2074",0.982469845135766,"Haplotype_B_Meth"
"NGS_H19_Hetero_Phased_Rep3","Read_2075",0.986583439377134,"Haplotype_B_Meth"
"NGS_H19_Hetero_Phased_Rep3","Read_2076",0.977616043364733,"Haplotype_B_Meth"
"NGS_H19_Hetero_Phased_Rep3","Read_2077",0.980151931888473,"Haplotype_B_Meth"
"NGS_H19_Hetero_Phased_Rep3","Read_2078",0.016527281229759,"Haplotype_A_Unmeth"
"NGS_H19_Hetero_Phased_Rep3","Read_2079",0.970333996805043,"Haplotype_B_Meth"
"NGS_H19_Hetero_Phased_Rep3","Read_2080",0.980751698179017,"Haplotype_B_Meth"
"NGS_H19_Hetero_Phased_Rep3","Read_2081",0.0220303557416976,"Haplotype_A_Unmeth"
"NGS_H19_Hetero_Phased_Rep3","Read_2082",0.0178019291250815,"Haplotype_A_Unmeth"
"NGS_H19_Hetero_Phased_Rep3","Read_2083",0.0142719114376993,"Haplotype_A_Unmeth"
"NGS_H19_Hetero_Phased_Rep3","Read_2084",0.979260412086535,"Haplotype_B_Meth"
"NGS_H19_Hetero_Phased_Rep3","Read_2085",0.980371211077747,"Haplotype_B_Meth"
"NGS_H19_Hetero_Phased_Rep3","Read_2086",0.972829701587457,"Haplotype_B_Meth"
"NGS_H19_Hetero_Phased_Rep3","Read_2087",0.978563280681907,"Haplotype_B_Meth"
"NGS_H19_Hetero_Phased_Rep3","Read_2088",0.0233794304661395,"Haplotype_A_Unmeth"
"NGS_H19_Hetero_Phased_Rep3","Read_2089",0.979474388068611,"Haplotype_B_Meth"
"NGS_H19_Hetero_Phased_Rep3","Read_2090",0.984627280608116,"Haplotype_B_Meth"
"NGS_H19_Hetero_Phased_Rep3","Read_2091",0.0228941393646507,"Haplotype_A_Unmeth"
"NGS_H19_Hetero_Phased_Rep3","Read_2092",0.0160495716698138,"Haplotype_A_Unmeth"
"NGS_H19_Hetero_Phased_Rep3","Read_2093",0.983152108132006,"Haplotype_B_Meth"
"NGS_H19_Hetero_Phased_Rep3","Read_2094",0.983031974174886,"Haplotype_B_Meth"
"NGS_H19_Hetero_Phased_Rep3","Read_2095",0.0196383182168702,"Haplotype_A_Unmeth"
"NGS_H19_Hetero_Phased_Rep3","Read_2096",0.983993450760597,"Haplotype_B_Meth"
"NGS_H19_Hetero_Phased_Rep3","Read_2097",0.0290806461910301,"Haplotype_A_Unmeth"
"NGS_H19_Hetero_Phased_Rep3","Read_2098",0.0233300397267535,"Haplotype_A_Unmeth"
"NGS_H19_Hetero_Phased_Rep3","Read_2099",0.018481677533408,"Haplotype_A_Unmeth"
"NGS_H19_Hetero_Phased_Rep3","Read_2100",0.0243959992099188,"Haplotype_A_Unmeth"
"NGS_H19_Hetero_Phased_Rep3","Read_2101",0.981394798156199,"Haplotype_B_Meth"
"NGS_H19_Hetero_Phased_Rep3","Read_2102",0.0212005636270091,"Haplotype_A_Unmeth"
"NGS_H19_Hetero_Phased_Rep3","Read_2103",0.976554679812818,"Haplotype_B_Meth"
"NGS_H19_Hetero_Phased_Rep3","Read_2104",0.0234833652004079,"Haplotype_A_Unmeth"
"NGS_H19_Hetero_Phased_Rep3","Read_2105",0.982489589740518,"Haplotype_B_Meth"
"NGS_H19_Hetero_Phased_Rep3","Read_2106",0.0293761539243739,"Haplotype_A_Unmeth"
"NGS_H19_Hetero_Phased_Rep3","Read_2107",0.979293318923642,"Haplotype_B_Meth"
"NGS_H19_Hetero_Phased_Rep3","Read_2108",0.0190840463014566,"Haplotype_A_Unmeth"
"NGS_H19_Hetero_Phased_Rep3","Read_2109",0.012116044510137,"Haplotype_A_Unmeth"
"NGS_H19_Hetero_Phased_Rep3","Read_2110",0.979966521808328,"Haplotype_B_Meth"
"NGS_H19_Hetero_Phased_Rep3","Read_2111",0.979906136374375,"Haplotype_B_Meth"
"NGS_H19_Hetero_Phased_Rep3","Read_2112",0.0199881542355923,"Haplotype_A_Unmeth"
"NGS_H19_Hetero_Phased_Rep3","Read_2113",0.976132239570576,"Haplotype_B_Meth"
"NGS_H19_Hetero_Phased_Rep3","Read_2114",0.985105965090184,"Haplotype_B_Meth"
"NGS_H19_Hetero_Phased_Rep3","Read_2115",0.981664729265943,"Haplotype_B_Meth"
"NGS_H19_Hetero_Phased_Rep3","Read_2116",0.0184643387460973,"Haplotype_A_Unmeth"
"NGS_H19_Hetero_Phased_Rep3","Read_2117",0.0199748463408163,"Haplotype_A_Unmeth"
"NGS_H19_Hetero_Phased_Rep3","Read_2118",0.0156329133055289,"Haplotype_A_Unmeth"
"NGS_H19_Hetero_Phased_Rep3","Read_2119",0.0212896921764615,"Haplotype_A_Unmeth"
"NGS_H19_Hetero_Phased_Rep3","Read_2120",0.98840000502721,"Haplotype_B_Meth"
"NGS_H19_Hetero_Phased_Rep3","Read_2121",0.986968295600227,"Haplotype_B_Meth"
"NGS_H19_Hetero_Phased_Rep3","Read_2122",0.972666736905006,"Haplotype_B_Meth"
"NGS_H19_Hetero_Phased_Rep3","Read_2123",0.023815141082913,"Haplotype_A_Unmeth"
"NGS_H19_Hetero_Phased_Rep3","Read_2124",0.984045177491928,"Haplotype_B_Meth"
"NGS_H19_Hetero_Phased_Rep3","Read_2125",0.982348802216234,"Haplotype_B_Meth"
"NGS_H19_Hetero_Phased_Rep3","Read_2126",0.0176623634595892,"Haplotype_A_Unmeth"
"NGS_H19_Hetero_Phased_Rep3","Read_2127",0.981756653827369,"Haplotype_B_Meth"
"NGS_H19_Hetero_Phased_Rep3","Read_2128",0.0252905391459374,"Haplotype_A_Unmeth"
"NGS_H19_Hetero_Phased_Rep3","Read_2129",0.972550238381081,"Haplotype_B_Meth"
"NGS_H19_Hetero_Phased_Rep3","Read_2130",0.0120743748155905,"Haplotype_A_Unmeth"
"NGS_H19_Hetero_Phased_Rep3","Read_2131",0.0214801724382466,"Haplotype_A_Unmeth"
"NGS_H19_Hetero_Phased_Rep3","Read_2132",0.975744839632354,"Haplotype_B_Meth"
"NGS_H19_Hetero_Phased_Rep3","Read_2133",0.0169778079203946,"Haplotype_A_Unmeth"
"NGS_H19_Hetero_Phased_Rep3","Read_2134",0.017704212605981,"Haplotype_A_Unmeth"
"NGS_H19_Hetero_Phased_Rep3","Read_2135",0.019386388741736,"Haplotype_A_Unmeth"
"NGS_H19_Hetero_Phased_Rep3","Read_2136",0.02291153411317,"Haplotype_A_Unmeth"
"NGS_H19_Hetero_Phased_Rep3","Read_2137",0.97482202687065,"Haplotype_B_Meth"
"NGS_H19_Hetero_Phased_Rep3","Read_2138",0.0250833493648317,"Haplotype_A_Unmeth"
"NGS_H19_Hetero_Phased_Rep3","Read_2139",0.985565480568167,"Haplotype_B_Meth"
"NGS_H19_Hetero_Phased_Rep3","Read_2140",0.020671340937685,"Haplotype_A_Unmeth"
"NGS_H19_Hetero_Phased_Rep3","Read_2141",0.0305230629818125,"Haplotype_A_Unmeth"
"NGS_H19_Hetero_Phased_Rep3","Read_2142",0.986258016581934,"Haplotype_B_Meth"
"NGS_H19_Hetero_Phased_Rep3","Read_2143",0.985023921627347,"Haplotype_B_Meth"
"NGS_H19_Hetero_Phased_Rep3","Read_2144",0.0174985534887422,"Haplotype_A_Unmeth"
"NGS_H19_Hetero_Phased_Rep3","Read_2145",0.020027522121648,"Haplotype_A_Unmeth"
"NGS_H19_Hetero_Phased_Rep3","Read_2146",0.0249663455396029,"Haplotype_A_Unmeth"
"NGS_H19_Hetero_Phased_Rep3","Read_2147",0.0220806686701034,"Haplotype_A_Unmeth"
"NGS_H19_Hetero_Phased_Rep3","Read_2148",0.976933741492518,"Haplotype_B_Meth"
"NGS_H19_Hetero_Phased_Rep3","Read_2149",0.980037253509557,"Haplotype_B_Meth"
"NGS_H19_Hetero_Phased_Rep3","Read_2150",0.979764097123074,"Haplotype_B_Meth"
"NGS_H19_Hetero_Phased_Rep3","Read_2151",0.017576634116497,"Haplotype_A_Unmeth"
"NGS_H19_Hetero_Phased_Rep3","Read_2152",0.98001400273243,"Haplotype_B_Meth"
"NGS_H19_Hetero_Phased_Rep3","Read_2153",0.978843261883356,"Haplotype_B_Meth"
"NGS_H19_Hetero_Phased_Rep3","Read_2154",0.980457834138644,"Haplotype_B_Meth"
"NGS_H19_Hetero_Phased_Rep3","Read_2155",0.984969747597131,"Haplotype_B_Meth"
"NGS_H19_Hetero_Phased_Rep3","Read_2156",0.0227934441712696,"Haplotype_A_Unmeth"
"NGS_H19_Hetero_Phased_Rep3","Read_2157",0.0164273283423197,"Haplotype_A_Unmeth"
"NGS_H19_Hetero_Phased_Rep3","Read_2158",0.0181503362959634,"Haplotype_A_Unmeth"
"NGS_H19_Hetero_Phased_Rep3","Read_2159",0.0189529534710643,"Haplotype_A_Unmeth"
"NGS_H19_Hetero_Phased_Rep3","Read_2160",0.0141788244289514,"Haplotype_A_Unmeth"
"NGS_H19_Hetero_Phased_Rep3","Read_2161",0.981696256029675,"Haplotype_B_Meth"
"NGS_H19_Hetero_Phased_Rep3","Read_2162",0.984456143321925,"Haplotype_B_Meth"
"NGS_H19_Hetero_Phased_Rep3","Read_2163",0.014657489679909,"Haplotype_A_Unmeth"
"NGS_H19_Hetero_Phased_Rep3","Read_2164",0.97983969494785,"Haplotype_B_Meth"
"NGS_H19_Hetero_Phased_Rep3","Read_2165",0.978823017849621,"Haplotype_B_Meth"
"NGS_H19_Hetero_Phased_Rep3","Read_2166",0.0171833671713885,"Haplotype_A_Unmeth"
"NGS_H19_Hetero_Phased_Rep3","Read_2167",0.980713179303502,"Haplotype_B_Meth"
"NGS_H19_Hetero_Phased_Rep3","Read_2168",0.0206724309000646,"Haplotype_A_Unmeth"
"NGS_H19_Hetero_Phased_Rep3","Read_2169",0.974086105162367,"Haplotype_B_Meth"
"NGS_H19_Hetero_Phased_Rep3","Read_2170",0.0201648596771283,"Haplotype_A_Unmeth"
"NGS_H19_Hetero_Phased_Rep3","Read_2171",0.976319156122377,"Haplotype_B_Meth"
"NGS_H19_Hetero_Phased_Rep3","Read_2172",0.0204148880120391,"Haplotype_A_Unmeth"
"NGS_H19_Hetero_Phased_Rep3","Read_2173",0.98228714930808,"Haplotype_B_Meth"
"NGS_H19_Hetero_Phased_Rep3","Read_2174",0.0282100652902691,"Haplotype_A_Unmeth"
"NGS_H19_Hetero_Phased_Rep3","Read_2175",0.0210674782601567,"Haplotype_A_Unmeth"
"NGS_H19_Hetero_Phased_Rep3","Read_2176",0.981665776891372,"Haplotype_B_Meth"
"NGS_H19_Hetero_Phased_Rep3","Read_2177",0.973084988726378,"Haplotype_B_Meth"
"NGS_H19_Hetero_Phased_Rep3","Read_2178",0.0221969229211612,"Haplotype_A_Unmeth"
"NGS_H19_Hetero_Phased_Rep3","Read_2179",0.989930419042431,"Haplotype_B_Meth"
"NGS_H19_Hetero_Phased_Rep3","Read_2180",0.988210552958912,"Haplotype_B_Meth"
"NGS_H19_Hetero_Phased_Rep3","Read_2181",0.0140719649302258,"Haplotype_A_Unmeth"
"NGS_H19_Hetero_Phased_Rep3","Read_2182",0.0160659404625473,"Haplotype_A_Unmeth"
"NGS_H19_Hetero_Phased_Rep3","Read_2183",0.0176405673267541,"Haplotype_A_Unmeth"
"NGS_H19_Hetero_Phased_Rep3","Read_2184",0.989540780356663,"Haplotype_B_Meth"
"NGS_H19_Hetero_Phased_Rep3","Read_2185",0.980502794705126,"Haplotype_B_Meth"
"NGS_H19_Hetero_Phased_Rep3","Read_2186",0.0234328280785794,"Haplotype_A_Unmeth"
"NGS_H19_Hetero_Phased_Rep3","Read_2187",0.982402105027092,"Haplotype_B_Meth"
"NGS_H19_Hetero_Phased_Rep3","Read_2188",0.0183968535293566,"Haplotype_A_Unmeth"
"NGS_H19_Hetero_Phased_Rep3","Read_2189",0.984486574777575,"Haplotype_B_Meth"
"NGS_H19_Hetero_Phased_Rep3","Read_2190",0.983462123841634,"Haplotype_B_Meth"
"NGS_H19_Hetero_Phased_Rep3","Read_2191",0.98450918196781,"Haplotype_B_Meth"
"NGS_H19_Hetero_Phased_Rep3","Read_2192",0.980639445114488,"Haplotype_B_Meth"
"NGS_H19_Hetero_Phased_Rep3","Read_2193",0.0176635547903836,"Haplotype_A_Unmeth"
"NGS_H19_Hetero_Phased_Rep3","Read_2194",0.974564055897671,"Haplotype_B_Meth"
"NGS_H19_Hetero_Phased_Rep3","Read_2195",0.0183502924276859,"Haplotype_A_Unmeth"
"NGS_H19_Hetero_Phased_Rep3","Read_2196",0.978484779966252,"Haplotype_B_Meth"
"NGS_H19_Hetero_Phased_Rep3","Read_2197",0.0139702046560171,"Haplotype_A_Unmeth"
"NGS_H19_Hetero_Phased_Rep3","Read_2198",0.984620747956403,"Haplotype_B_Meth"
"NGS_H19_Hetero_Phased_Rep3","Read_2199",0.0219421525524795,"Haplotype_A_Unmeth"
"NGS_H19_Hetero_Phased_Rep3","Read_2200",0.981381073741856,"Haplotype_B_Meth"
"NGS_H19_Hetero_Phased_Rep3","Read_2201",0.970527109069799,"Haplotype_B_Meth"
"NGS_H19_Hetero_Phased_Rep3","Read_2202",0.0208838043359867,"Haplotype_A_Unmeth"
"NGS_H19_Hetero_Phased_Rep3","Read_2203",0.0281085756216367,"Haplotype_A_Unmeth"
"NGS_H19_Hetero_Phased_Rep3","Read_2204",0.024120725703843,"Haplotype_A_Unmeth"
"NGS_H19_Hetero_Phased_Rep3","Read_2205",0.0124231736271925,"Haplotype_A_Unmeth"
"NGS_H19_Hetero_Phased_Rep3","Read_2206",0.0244622222072297,"Haplotype_A_Unmeth"
"NGS_H19_Hetero_Phased_Rep3","Read_2207",0.971915912061602,"Haplotype_B_Meth"
"NGS_H19_Hetero_Phased_Rep3","Read_2208",0.981235030965334,"Haplotype_B_Meth"
"NGS_H19_Hetero_Phased_Rep3","Read_2209",0.980895707734684,"Haplotype_B_Meth"
"NGS_H19_Hetero_Phased_Rep3","Read_2210",0.0193498292841039,"Haplotype_A_Unmeth"
"NGS_H19_Hetero_Phased_Rep3","Read_2211",0.0196591654743937,"Haplotype_A_Unmeth"
"NGS_H19_Hetero_Phased_Rep3","Read_2212",0.983274472104862,"Haplotype_B_Meth"
"NGS_H19_Hetero_Phased_Rep3","Read_2213",0.0215720553332729,"Haplotype_A_Unmeth"
"NGS_H19_Hetero_Phased_Rep3","Read_2214",0.977163854912365,"Haplotype_B_Meth"
"NGS_H19_Hetero_Phased_Rep3","Read_2215",0.980444071373728,"Haplotype_B_Meth"
"NGS_H19_Hetero_Phased_Rep3","Read_2216",0.978590106819185,"Haplotype_B_Meth"
"NGS_H19_Hetero_Phased_Rep3","Read_2217",0.0133079704607859,"Haplotype_A_Unmeth"
"NGS_H19_Hetero_Phased_Rep3","Read_2218",0.017054495181056,"Haplotype_A_Unmeth"
"NGS_H19_Hetero_Phased_Rep3","Read_2219",0.979429343046825,"Haplotype_B_Meth"
"NGS_H19_Hetero_Phased_Rep3","Read_2220",0.979818383860714,"Haplotype_B_Meth"
"NGS_H19_Hetero_Phased_Rep3","Read_2221",0.971170830409056,"Haplotype_B_Meth"
"NGS_H19_Hetero_Phased_Rep3","Read_2222",0.0235362900745067,"Haplotype_A_Unmeth"
"NGS_H19_Hetero_Phased_Rep3","Read_2223",0.0316381043074095,"Haplotype_A_Unmeth"
"NGS_H19_Hetero_Phased_Rep3","Read_2224",0.979894605429906,"Haplotype_B_Meth"
"NGS_H19_Hetero_Phased_Rep3","Read_2225",0.0194777376692024,"Haplotype_A_Unmeth"
"NGS_H19_Hetero_Phased_Rep3","Read_2226",0.982243370229325,"Haplotype_B_Meth"
"NGS_H19_Hetero_Phased_Rep3","Read_2227",0.0209723617297741,"Haplotype_A_Unmeth"
"NGS_H19_Hetero_Phased_Rep3","Read_2228",0.973656915072483,"Haplotype_B_Meth"
"NGS_H19_Hetero_Phased_Rep3","Read_2229",0.0204494092041755,"Haplotype_A_Unmeth"
"NGS_H19_Hetero_Phased_Rep3","Read_2230",0.979685557194915,"Haplotype_B_Meth"
"NGS_H19_Hetero_Phased_Rep3","Read_2231",0.0173969389654062,"Haplotype_A_Unmeth"
"NGS_H19_Hetero_Phased_Rep3","Read_2232",0.0127957965940716,"Haplotype_A_Unmeth"
"NGS_H19_Hetero_Phased_Rep3","Read_2233",0.0235250325134003,"Haplotype_A_Unmeth"
"NGS_H19_Hetero_Phased_Rep3","Read_2234",0.0135485549877219,"Haplotype_A_Unmeth"
"NGS_H19_Hetero_Phased_Rep3","Read_2235",0.971048764011678,"Haplotype_B_Meth"
"NGS_H19_Hetero_Phased_Rep3","Read_2236",0.979594447018924,"Haplotype_B_Meth"
"NGS_H19_Hetero_Phased_Rep3","Read_2237",0.984221602419039,"Haplotype_B_Meth"
"NGS_H19_Hetero_Phased_Rep3","Read_2238",0.982447130240889,"Haplotype_B_Meth"
"NGS_H19_Hetero_Phased_Rep3","Read_2239",0.0235410350812288,"Haplotype_A_Unmeth"
"NGS_H19_Hetero_Phased_Rep3","Read_2240",0.0267755053694032,"Haplotype_A_Unmeth"
"NGS_H19_Hetero_Phased_Rep3","Read_2241",0.985869911280011,"Haplotype_B_Meth"
"NGS_H19_Hetero_Phased_Rep3","Read_2242",0.0157797635320917,"Haplotype_A_Unmeth"
"NGS_H19_Hetero_Phased_Rep3","Read_2243",0.0207151454175423,"Haplotype_A_Unmeth"
"NGS_H19_Hetero_Phased_Rep3","Read_2244",0.0207932769360391,"Haplotype_A_Unmeth"
"NGS_H19_Hetero_Phased_Rep3","Read_2245",0.0231198054206519,"Haplotype_A_Unmeth"
"NGS_H19_Hetero_Phased_Rep3","Read_2246",0.0182882173909207,"Haplotype_A_Unmeth"
"NGS_H19_Hetero_Phased_Rep3","Read_2247",0.983125173800069,"Haplotype_B_Meth"
"NGS_H19_Hetero_Phased_Rep3","Read_2248",0.973170071202835,"Haplotype_B_Meth"
"NGS_H19_Hetero_Phased_Rep3","Read_2249",0.981573422266774,"Haplotype_B_Meth"
"NGS_H19_Hetero_Phased_Rep3","Read_2250",0.983771928031592,"Haplotype_B_Meth"
"NGS_H19_Hetero_Phased_Rep3","Read_2251",0.982761228806991,"Haplotype_B_Meth"
"NGS_H19_Hetero_Phased_Rep3","Read_2252",0.986637501421625,"Haplotype_B_Meth"
"NGS_H19_Hetero_Phased_Rep3","Read_2253",0.973766151607455,"Haplotype_B_Meth"
"NGS_H19_Hetero_Phased_Rep3","Read_2254",0.980891458096292,"Haplotype_B_Meth"
"NGS_H19_Hetero_Phased_Rep3","Read_2255",0.03187056606476,"Haplotype_A_Unmeth"
"NGS_H19_Hetero_Phased_Rep3","Read_2256",0.978822702727582,"Haplotype_B_Meth"
"NGS_H19_Hetero_Phased_Rep3","Read_2257",0.970172745392971,"Haplotype_B_Meth"
"NGS_H19_Hetero_Phased_Rep3","Read_2258",0.985783295317404,"Haplotype_B_Meth"
"NGS_H19_Hetero_Phased_Rep3","Read_2259",0.978290199693236,"Haplotype_B_Meth"
"NGS_H19_Hetero_Phased_Rep3","Read_2260",0.010885843000378,"Haplotype_A_Unmeth"
"NGS_H19_Hetero_Phased_Rep3","Read_2261",0.974382351190598,"Haplotype_B_Meth"
"NGS_H19_Hetero_Phased_Rep3","Read_2262",0.978759625394738,"Haplotype_B_Meth"
"NGS_H19_Hetero_Phased_Rep3","Read_2263",0.0152400123882454,"Haplotype_A_Unmeth"
"NGS_H19_Hetero_Phased_Rep3","Read_2264",0.0170385203948789,"Haplotype_A_Unmeth"
"NGS_H19_Hetero_Phased_Rep3","Read_2265",0.979842373092494,"Haplotype_B_Meth"
"NGS_H19_Hetero_Phased_Rep3","Read_2266",0.0190201894852376,"Haplotype_A_Unmeth"
"NGS_H19_Hetero_Phased_Rep3","Read_2267",0.0248897022884675,"Haplotype_A_Unmeth"
"NGS_H19_Hetero_Phased_Rep3","Read_2268",0.973643905693339,"Haplotype_B_Meth"
"NGS_H19_Hetero_Phased_Rep3","Read_2269",0.9751754442511,"Haplotype_B_Meth"
"NGS_H19_Hetero_Phased_Rep3","Read_2270",0.982393228389139,"Haplotype_B_Meth"
"NGS_H19_Hetero_Phased_Rep3","Read_2271",0.0165768450274367,"Haplotype_A_Unmeth"
"NGS_H19_Hetero_Phased_Rep3","Read_2272",0.970338841408624,"Haplotype_B_Meth"
"NGS_H19_Hetero_Phased_Rep3","Read_2273",0.0204403765735052,"Haplotype_A_Unmeth"
"NGS_H19_Hetero_Phased_Rep3","Read_2274",0.979083952286714,"Haplotype_B_Meth"
"NGS_H19_Hetero_Phased_Rep3","Read_2275",0.0127619437720823,"Haplotype_A_Unmeth"
"NGS_H19_Hetero_Phased_Rep3","Read_2276",0.0164198221029719,"Haplotype_A_Unmeth"
"NGS_H19_Hetero_Phased_Rep3","Read_2277",0.979155449501764,"Haplotype_B_Meth"
"NGS_H19_Hetero_Phased_Rep3","Read_2278",0.0235528042918749,"Haplotype_A_Unmeth"
"NGS_H19_Hetero_Phased_Rep3","Read_2279",0.0230865437280013,"Haplotype_A_Unmeth"
"NGS_H19_Hetero_Phased_Rep3","Read_2280",0.986246133431386,"Haplotype_B_Meth"
"NGS_H19_Hetero_Phased_Rep3","Read_2281",0.985049906659556,"Haplotype_B_Meth"
"NGS_H19_Hetero_Phased_Rep3","Read_2282",0.980522466679359,"Haplotype_B_Meth"
"NGS_H19_Hetero_Phased_Rep3","Read_2283",0.981363014646497,"Haplotype_B_Meth"
"NGS_H19_Hetero_Phased_Rep3","Read_2284",0.983530390113732,"Haplotype_B_Meth"
"NGS_H19_Hetero_Phased_Rep3","Read_2285",0.0276101156390272,"Haplotype_A_Unmeth"
"NGS_H19_Hetero_Phased_Rep3","Read_2286",0.01642949476988,"Haplotype_A_Unmeth"
"NGS_H19_Hetero_Phased_Rep3","Read_2287",0.969465661549683,"Haplotype_B_Meth"
"NGS_H19_Hetero_Phased_Rep3","Read_2288",0.0218882395872975,"Haplotype_A_Unmeth"
"NGS_H19_Hetero_Phased_Rep3","Read_2289",0.0203742269557191,"Haplotype_A_Unmeth"
"NGS_H19_Hetero_Phased_Rep3","Read_2290",0.0138107978051837,"Haplotype_A_Unmeth"
"NGS_H19_Hetero_Phased_Rep3","Read_2291",0.0240555730266098,"Haplotype_A_Unmeth"
"NGS_H19_Hetero_Phased_Rep3","Read_2292",0.982542637715333,"Haplotype_B_Meth"
"NGS_H19_Hetero_Phased_Rep3","Read_2293",0.0185804282513051,"Haplotype_A_Unmeth"
"NGS_H19_Hetero_Phased_Rep3","Read_2294",0.982796799808913,"Haplotype_B_Meth"
"NGS_H19_Hetero_Phased_Rep3","Read_2295",0.979619783181857,"Haplotype_B_Meth"
"NGS_H19_Hetero_Phased_Rep3","Read_2296",0.0251856180400478,"Haplotype_A_Unmeth"
"NGS_H19_Hetero_Phased_Rep3","Read_2297",0.982428247195894,"Haplotype_B_Meth"
"NGS_H19_Hetero_Phased_Rep3","Read_2298",0.977444470879853,"Haplotype_B_Meth"
"NGS_H19_Hetero_Phased_Rep3","Read_2299",0.0186547349082058,"Haplotype_A_Unmeth"
"NGS_H19_Hetero_Phased_Rep3","Read_2300",0.0189931402579134,"Haplotype_A_Unmeth"
"NGS_H19_Hetero_Phased_Rep3","Read_2301",0.978021518503139,"Haplotype_B_Meth"
"NGS_H19_Hetero_Phased_Rep3","Read_2302",0.981208548130286,"Haplotype_B_Meth"
"NGS_H19_Hetero_Phased_Rep3","Read_2303",0.0220534965552742,"Haplotype_A_Unmeth"
"NGS_H19_Hetero_Phased_Rep3","Read_2304",0.977438906978443,"Haplotype_B_Meth"
"NGS_H19_Hetero_Phased_Rep3","Read_2305",0.0151754885384295,"Haplotype_A_Unmeth"
"NGS_H19_Hetero_Phased_Rep3","Read_2306",0.0168581736434689,"Haplotype_A_Unmeth"
"NGS_H19_Hetero_Phased_Rep3","Read_2307",0.0253346318235758,"Haplotype_A_Unmeth"
"NGS_H19_Hetero_Phased_Rep3","Read_2308",0.985357698470362,"Haplotype_B_Meth"
"NGS_H19_Hetero_Phased_Rep3","Read_2309",0.0163212343925084,"Haplotype_A_Unmeth"
"NGS_H19_Hetero_Phased_Rep3","Read_2310",0.985561267854484,"Haplotype_B_Meth"
"NGS_H19_Hetero_Phased_Rep3","Read_2311",0.980500173914114,"Haplotype_B_Meth"
"NGS_H19_Hetero_Phased_Rep3","Read_2312",0.983619442491144,"Haplotype_B_Meth"
"NGS_H19_Hetero_Phased_Rep3","Read_2313",0.0129967074761172,"Haplotype_A_Unmeth"
"NGS_H19_Hetero_Phased_Rep3","Read_2314",0.0137281312771762,"Haplotype_A_Unmeth"
"NGS_H19_Hetero_Phased_Rep3","Read_2315",0.972595134593821,"Haplotype_B_Meth"
"NGS_H19_Hetero_Phased_Rep3","Read_2316",0.042203505771693,"Haplotype_A_Unmeth"
"NGS_H19_Hetero_Phased_Rep3","Read_2317",0.0299990055898105,"Haplotype_A_Unmeth"
"NGS_H19_Hetero_Phased_Rep3","Read_2318",0.9727439134644,"Haplotype_B_Meth"
"NGS_H19_Hetero_Phased_Rep3","Read_2319",0.976520101750204,"Haplotype_B_Meth"
"NGS_H19_Hetero_Phased_Rep3","Read_2320",0.990212247435313,"Haplotype_B_Meth"
"NGS_H19_Hetero_Phased_Rep3","Read_2321",0.984661177568765,"Haplotype_B_Meth"
"NGS_H19_Hetero_Phased_Rep3","Read_2322",0.019516481522254,"Haplotype_A_Unmeth"
"NGS_H19_Hetero_Phased_Rep3","Read_2323",0.972996091441306,"Haplotype_B_Meth"
"NGS_H19_Hetero_Phased_Rep3","Read_2324",0.989201728857033,"Haplotype_B_Meth"
"NGS_H19_Hetero_Phased_Rep3","Read_2325",0.0272469454350921,"Haplotype_A_Unmeth"
"NGS_H19_Hetero_Phased_Rep3","Read_2326",0.978432830011159,"Haplotype_B_Meth"
"NGS_H19_Hetero_Phased_Rep3","Read_2327",0.983903124774914,"Haplotype_B_Meth"
"NGS_H19_Hetero_Phased_Rep3","Read_2328",0.980465761317819,"Haplotype_B_Meth"
"NGS_H19_Hetero_Phased_Rep3","Read_2329",0.988837537321363,"Haplotype_B_Meth"
"NGS_H19_Hetero_Phased_Rep3","Read_2330",0.0218520880291113,"Haplotype_A_Unmeth"
"NGS_H19_Hetero_Phased_Rep3","Read_2331",0.0155224344419798,"Haplotype_A_Unmeth"
"NGS_H19_Hetero_Phased_Rep3","Read_2332",0.986435442483774,"Haplotype_B_Meth"
"NGS_H19_Hetero_Phased_Rep3","Read_2333",0.0213713306964569,"Haplotype_A_Unmeth"
"NGS_H19_Hetero_Phased_Rep3","Read_2334",0.983132084499675,"Haplotype_B_Meth"
"NGS_H19_Hetero_Phased_Rep3","Read_2335",0.015565099283817,"Haplotype_A_Unmeth"
"NGS_H19_Hetero_Phased_Rep3","Read_2336",0.0246551144831749,"Haplotype_A_Unmeth"
"NGS_H19_Hetero_Phased_Rep3","Read_2337",0.017204685125551,"Haplotype_A_Unmeth"
"NGS_H19_Hetero_Phased_Rep3","Read_2338",0.980217991461523,"Haplotype_B_Meth"
"NGS_H19_Hetero_Phased_Rep3","Read_2339",0.0191730768596869,"Haplotype_A_Unmeth"
"NGS_H19_Hetero_Phased_Rep3","Read_2340",0.0169101464463408,"Haplotype_A_Unmeth"
"NGS_H19_Hetero_Phased_Rep3","Read_2341",0.0233373968196907,"Haplotype_A_Unmeth"
"NGS_H19_Hetero_Phased_Rep3","Read_2342",0.982147474726745,"Haplotype_B_Meth"
"NGS_H19_Hetero_Phased_Rep3","Read_2343",0.982752730698391,"Haplotype_B_Meth"
"NGS_H19_Hetero_Phased_Rep3","Read_2344",0.982074234224812,"Haplotype_B_Meth"
"NGS_H19_Hetero_Phased_Rep3","Read_2345",0.0206294129874208,"Haplotype_A_Unmeth"
"NGS_H19_Hetero_Phased_Rep3","Read_2346",0.98291609390691,"Haplotype_B_Meth"
"NGS_H19_Hetero_Phased_Rep3","Read_2347",0.0209614391860894,"Haplotype_A_Unmeth"
"NGS_H19_Hetero_Phased_Rep3","Read_2348",0.0129045054253225,"Haplotype_A_Unmeth"
"NGS_H19_Hetero_Phased_Rep3","Read_2349",0.980032515836184,"Haplotype_B_Meth"
"NGS_H19_Hetero_Phased_Rep3","Read_2350",0.0257310532976512,"Haplotype_A_Unmeth"
"NGS_H19_Hetero_Phased_Rep3","Read_2351",0.0173599568728316,"Haplotype_A_Unmeth"
"NGS_H19_Hetero_Phased_Rep3","Read_2352",0.98153638843577,"Haplotype_B_Meth"
"NGS_H19_Hetero_Phased_Rep3","Read_2353",0.0238638268364205,"Haplotype_A_Unmeth"
"NGS_H19_Hetero_Phased_Rep3","Read_2354",0.0234403521389698,"Haplotype_A_Unmeth"
"NGS_H19_Hetero_Phased_Rep3","Read_2355",0.0286963890794014,"Haplotype_A_Unmeth"
"NGS_H19_Hetero_Phased_Rep3","Read_2356",0.975026147274282,"Haplotype_B_Meth"
"NGS_H19_Hetero_Phased_Rep3","Read_2357",0.980079000030286,"Haplotype_B_Meth"
"NGS_H19_Hetero_Phased_Rep3","Read_2358",0.97157085493511,"Haplotype_B_Meth"
"NGS_H19_Hetero_Phased_Rep3","Read_2359",0.0210954326394992,"Haplotype_A_Unmeth"
"NGS_H19_Hetero_Phased_Rep3","Read_2360",0.978384478336396,"Haplotype_B_Meth"
"NGS_H19_Hetero_Phased_Rep3","Read_2361",0.021902135430029,"Haplotype_A_Unmeth"
"NGS_H19_Hetero_Phased_Rep3","Read_2362",0.983097880883912,"Haplotype_B_Meth"
"NGS_H19_Hetero_Phased_Rep3","Read_2363",0.0177517941444138,"Haplotype_A_Unmeth"
"NGS_H19_Hetero_Phased_Rep3","Read_2364",0.0211051421478831,"Haplotype_A_Unmeth"
"NGS_H19_Hetero_Phased_Rep3","Read_2365",0.0320485881054622,"Haplotype_A_Unmeth"
"NGS_H19_Hetero_Phased_Rep3","Read_2366",0.976749963802616,"Haplotype_B_Meth"
"NGS_H19_Hetero_Phased_Rep3","Read_2367",0.980500051008157,"Haplotype_B_Meth"
"NGS_H19_Hetero_Phased_Rep3","Read_2368",0.973735398267709,"Haplotype_B_Meth"
"NGS_H19_Hetero_Phased_Rep3","Read_2369",0.0214754981812627,"Haplotype_A_Unmeth"
"NGS_H19_Hetero_Phased_Rep3","Read_2370",0.98748985833861,"Haplotype_B_Meth"
"NGS_H19_Hetero_Phased_Rep3","Read_2371",0.0174356463136887,"Haplotype_A_Unmeth"
"NGS_H19_Hetero_Phased_Rep3","Read_2372",0.983156730216305,"Haplotype_B_Meth"
"NGS_H19_Hetero_Phased_Rep3","Read_2373",0.972035753415363,"Haplotype_B_Meth"
"NGS_H19_Hetero_Phased_Rep3","Read_2374",0.97266172677167,"Haplotype_B_Meth"
"NGS_H19_Hetero_Phased_Rep3","Read_2375",0.972328572463297,"Haplotype_B_Meth"
"NGS_H19_Hetero_Phased_Rep3","Read_2376",0.982676225878195,"Haplotype_B_Meth"
"NGS_H19_Hetero_Phased_Rep3","Read_2377",0.0297581632991991,"Haplotype_A_Unmeth"
"NGS_H19_Hetero_Phased_Rep3","Read_2378",0.018755374733039,"Haplotype_A_Unmeth"
"NGS_H19_Hetero_Phased_Rep3","Read_2379",0.0264587287548632,"Haplotype_A_Unmeth"
"NGS_H19_Hetero_Phased_Rep3","Read_2380",0.0221428480933774,"Haplotype_A_Unmeth"
"NGS_H19_Hetero_Phased_Rep3","Read_2381",0.0183666599212897,"Haplotype_A_Unmeth"
"NGS_H19_Hetero_Phased_Rep3","Read_2382",0.0186724541400683,"Haplotype_A_Unmeth"
"NGS_H19_Hetero_Phased_Rep3","Read_2383",0.029634741954438,"Haplotype_A_Unmeth"
"NGS_H19_Hetero_Phased_Rep3","Read_2384",0.0294485922428473,"Haplotype_A_Unmeth"
"NGS_H19_Hetero_Phased_Rep3","Read_2385",0.0184450822871193,"Haplotype_A_Unmeth"
"NGS_H19_Hetero_Phased_Rep3","Read_2386",0.978784265220306,"Haplotype_B_Meth"
"NGS_H19_Hetero_Phased_Rep3","Read_2387",0.0172901987745108,"Haplotype_A_Unmeth"
"NGS_H19_Hetero_Phased_Rep3","Read_2388",0.977245233804479,"Haplotype_B_Meth"
"NGS_H19_Hetero_Phased_Rep3","Read_2389",0.0251430019848543,"Haplotype_A_Unmeth"
"NGS_H19_Hetero_Phased_Rep3","Read_2390",0.983887430333044,"Haplotype_B_Meth"
"NGS_H19_Hetero_Phased_Rep3","Read_2391",0.02397328438451,"Haplotype_A_Unmeth"
"NGS_H19_Hetero_Phased_Rep3","Read_2392",0.982990746463382,"Haplotype_B_Meth"
"NGS_H19_Hetero_Phased_Rep3","Read_2393",0.0163732386152591,"Haplotype_A_Unmeth"
"NGS_H19_Hetero_Phased_Rep3","Read_2394",0.983867981559234,"Haplotype_B_Meth"
"NGS_H19_Hetero_Phased_Rep3","Read_2395",0.97509559897773,"Haplotype_B_Meth"
"NGS_H19_Hetero_Phased_Rep3","Read_2396",0.0223288603412062,"Haplotype_A_Unmeth"
"NGS_H19_Hetero_Phased_Rep3","Read_2397",0.97692674027732,"Haplotype_B_Meth"
"NGS_H19_Hetero_Phased_Rep3","Read_2398",0.982315093725044,"Haplotype_B_Meth"
"NGS_H19_Hetero_Phased_Rep3","Read_2399",0.0196897967659803,"Haplotype_A_Unmeth"
"NGS_H19_Hetero_Phased_Rep3","Read_2400",0.982841827632919,"Haplotype_B_Meth"
"NGS_H19_Hetero_Phased_Rep3","Read_2401",0.988460889914806,"Haplotype_B_Meth"
"NGS_H19_Hetero_Phased_Rep3","Read_2402",0.982995712774498,"Haplotype_B_Meth"
"NGS_H19_Hetero_Phased_Rep3","Read_2403",0.0201133442951478,"Haplotype_A_Unmeth"
"NGS_H19_Hetero_Phased_Rep3","Read_2404",0.979841271490109,"Haplotype_B_Meth"
"NGS_H19_Hetero_Phased_Rep3","Read_2405",0.976824380219431,"Haplotype_B_Meth"
"NGS_H19_Hetero_Phased_Rep3","Read_2406",0.985616788179459,"Haplotype_B_Meth"
"NGS_H19_Hetero_Phased_Rep3","Read_2407",0.985013400761051,"Haplotype_B_Meth"
"NGS_H19_Hetero_Phased_Rep3","Read_2408",0.978262906853795,"Haplotype_B_Meth"
"NGS_H19_Hetero_Phased_Rep3","Read_2409",0.0180064464023628,"Haplotype_A_Unmeth"
"NGS_H19_Hetero_Phased_Rep3","Read_2410",0.0191259386314553,"Haplotype_A_Unmeth"
"NGS_H19_Hetero_Phased_Rep3","Read_2411",0.0194912325232088,"Haplotype_A_Unmeth"
"NGS_H19_Hetero_Phased_Rep3","Read_2412",0.981355370107056,"Haplotype_B_Meth"
"NGS_H19_Hetero_Phased_Rep3","Read_2413",0.975465612254507,"Haplotype_B_Meth"
"NGS_H19_Hetero_Phased_Rep3","Read_2414",0.981167716422761,"Haplotype_B_Meth"
"NGS_H19_Hetero_Phased_Rep3","Read_2415",0.975820497988775,"Haplotype_B_Meth"
"NGS_H19_Hetero_Phased_Rep3","Read_2416",0.974245330381419,"Haplotype_B_Meth"
"NGS_H19_Hetero_Phased_Rep3","Read_2417",0.0163828446178116,"Haplotype_A_Unmeth"
"NGS_H19_Hetero_Phased_Rep3","Read_2418",0.0194396859110097,"Haplotype_A_Unmeth"
"NGS_H19_Hetero_Phased_Rep3","Read_2419",0.0162864451742949,"Haplotype_A_Unmeth"
"NGS_H19_Hetero_Phased_Rep3","Read_2420",0.983289785621884,"Haplotype_B_Meth"
"NGS_H19_Hetero_Phased_Rep3","Read_2421",0.0299920733705985,"Haplotype_A_Unmeth"
"NGS_H19_Hetero_Phased_Rep3","Read_2422",0.983677816537909,"Haplotype_B_Meth"
"NGS_H19_Hetero_Phased_Rep3","Read_2423",0.975802702054879,"Haplotype_B_Meth"
"NGS_H19_Hetero_Phased_Rep3","Read_2424",0.0258604339416123,"Haplotype_A_Unmeth"
"NGS_H19_Hetero_Phased_Rep3","Read_2425",0.986498928569218,"Haplotype_B_Meth"
"NGS_H19_Hetero_Phased_Rep3","Read_2426",0.973144563739438,"Haplotype_B_Meth"
"NGS_H19_Hetero_Phased_Rep3","Read_2427",0.0186848074032365,"Haplotype_A_Unmeth"
"NGS_H19_Hetero_Phased_Rep3","Read_2428",0.979673927881212,"Haplotype_B_Meth"
"NGS_H19_Hetero_Phased_Rep3","Read_2429",0.98342220361103,"Haplotype_B_Meth"
"NGS_H19_Hetero_Phased_Rep3","Read_2430",0.0166198330896013,"Haplotype_A_Unmeth"
"NGS_H19_Hetero_Phased_Rep3","Read_2431",0.970187102801553,"Haplotype_B_Meth"
"NGS_H19_Hetero_Phased_Rep3","Read_2432",0.0267923079749336,"Haplotype_A_Unmeth"
"NGS_H19_Hetero_Phased_Rep3","Read_2433",0.977504805835047,"Haplotype_B_Meth"
"NGS_H19_Hetero_Phased_Rep3","Read_2434",0.0191943188108182,"Haplotype_A_Unmeth"
"NGS_H19_Hetero_Phased_Rep3","Read_2435",0.976941069418382,"Haplotype_B_Meth"
"NGS_H19_Hetero_Phased_Rep3","Read_2436",0.977681624923067,"Haplotype_B_Meth"
"NGS_H19_Hetero_Phased_Rep3","Read_2437",0.017469465497355,"Haplotype_A_Unmeth"
"NGS_H19_Hetero_Phased_Rep3","Read_2438",0.0188417628686745,"Haplotype_A_Unmeth"
"NGS_H19_Hetero_Phased_Rep3","Read_2439",0.978710598203526,"Haplotype_B_Meth"
"NGS_H19_Hetero_Phased_Rep3","Read_2440",0.0226787087050201,"Haplotype_A_Unmeth"
"NGS_H19_Hetero_Phased_Rep3","Read_2441",0.983862926434983,"Haplotype_B_Meth"
"NGS_H19_Hetero_Phased_Rep3","Read_2442",0.019690786352055,"Haplotype_A_Unmeth"
"NGS_H19_Hetero_Phased_Rep3","Read_2443",0.0175947319816906,"Haplotype_A_Unmeth"
"NGS_H19_Hetero_Phased_Rep3","Read_2444",0.021877951958294,"Haplotype_A_Unmeth"
"NGS_H19_Hetero_Phased_Rep3","Read_2445",0.976855810021847,"Haplotype_B_Meth"
"NGS_H19_Hetero_Phased_Rep3","Read_2446",0.980267840986337,"Haplotype_B_Meth"
"NGS_H19_Hetero_Phased_Rep3","Read_2447",0.0185539062153666,"Haplotype_A_Unmeth"
"NGS_H19_Hetero_Phased_Rep3","Read_2448",0.0185335079464729,"Haplotype_A_Unmeth"
"NGS_H19_Hetero_Phased_Rep3","Read_2449",0.0196559694352275,"Haplotype_A_Unmeth"
"NGS_H19_Hetero_Phased_Rep3","Read_2450",0.0216598850184605,"Haplotype_A_Unmeth"
"NGS_H19_Hetero_Phased_Rep3","Read_2451",0.977968146356866,"Haplotype_B_Meth"
"NGS_H19_Hetero_Phased_Rep3","Read_2452",0.0211568777501771,"Haplotype_A_Unmeth"
"NGS_H19_Hetero_Phased_Rep3","Read_2453",0.0328744862049875,"Haplotype_A_Unmeth"
"NGS_H19_Hetero_Phased_Rep3","Read_2454",0.988920493082111,"Haplotype_B_Meth"
"NGS_H19_Hetero_Phased_Rep3","Read_2455",0.978474993671191,"Haplotype_B_Meth"
"NGS_H19_Hetero_Phased_Rep3","Read_2456",0.0172294365631335,"Haplotype_A_Unmeth"
"NGS_H19_Hetero_Phased_Rep3","Read_2457",0.0296428151621969,"Haplotype_A_Unmeth"
"NGS_H19_Hetero_Phased_Rep3","Read_2458",0.98038723162573,"Haplotype_B_Meth"
"NGS_H19_Hetero_Phased_Rep3","Read_2459",0.964196316782222,"Haplotype_B_Meth"
"NGS_H19_Hetero_Phased_Rep3","Read_2460",0.972610988489895,"Haplotype_B_Meth"
"NGS_H19_Hetero_Phased_Rep3","Read_2461",0.982770023327071,"Haplotype_B_Meth"
"NGS_H19_Hetero_Phased_Rep3","Read_2462",0.0162675691976265,"Haplotype_A_Unmeth"
"NGS_H19_Hetero_Phased_Rep3","Read_2463",0.977632812456511,"Haplotype_B_Meth"
"NGS_H19_Hetero_Phased_Rep3","Read_2464",0.987927987862248,"Haplotype_B_Meth"
"NGS_H19_Hetero_Phased_Rep3","Read_2465",0.986364478095429,"Haplotype_B_Meth"
"NGS_H19_Hetero_Phased_Rep3","Read_2466",0.0271460602645933,"Haplotype_A_Unmeth"
"NGS_H19_Hetero_Phased_Rep3","Read_2467",0.984642818638295,"Haplotype_B_Meth"
"NGS_H19_Hetero_Phased_Rep3","Read_2468",0.0186111763272831,"Haplotype_A_Unmeth"
"NGS_H19_Hetero_Phased_Rep3","Read_2469",0.982001325016189,"Haplotype_B_Meth"
"NGS_H19_Hetero_Phased_Rep3","Read_2470",0.981848515826686,"Haplotype_B_Meth"
"NGS_H19_Hetero_Phased_Rep3","Read_2471",0.0284228056762061,"Haplotype_A_Unmeth"
"NGS_H19_Hetero_Phased_Rep3","Read_2472",0.0329636889190466,"Haplotype_A_Unmeth"
"NGS_H19_Hetero_Phased_Rep3","Read_2473",0.0238062326892204,"Haplotype_A_Unmeth"
"NGS_H19_Hetero_Phased_Rep3","Read_2474",0.976889725749477,"Haplotype_B_Meth"
"NGS_H19_Hetero_Phased_Rep3","Read_2475",0.0173889366782216,"Haplotype_A_Unmeth"
"NGS_H19_Hetero_Phased_Rep3","Read_2476",0.981538674062733,"Haplotype_B_Meth"
"NGS_H19_Hetero_Phased_Rep3","Read_2477",0.980022069672361,"Haplotype_B_Meth"
"NGS_H19_Hetero_Phased_Rep3","Read_2478",0.0170664155885988,"Haplotype_A_Unmeth"
"NGS_H19_Hetero_Phased_Rep3","Read_2479",0.0229761496548369,"Haplotype_A_Unmeth"
"NGS_H19_Hetero_Phased_Rep3","Read_2480",0.971632508001433,"Haplotype_B_Meth"
"NGS_H19_Hetero_Phased_Rep3","Read_2481",0.979277719158696,"Haplotype_B_Meth"
"NGS_H19_Hetero_Phased_Rep3","Read_2482",0.97744783699637,"Haplotype_B_Meth"
"NGS_H19_Hetero_Phased_Rep3","Read_2483",0.0162211029494788,"Haplotype_A_Unmeth"
"NGS_H19_Hetero_Phased_Rep3","Read_2484",0.0105172866304951,"Haplotype_A_Unmeth"
"NGS_H19_Hetero_Phased_Rep3","Read_2485",0.0250556107621875,"Haplotype_A_Unmeth"
"NGS_H19_Hetero_Phased_Rep3","Read_2486",0.983541021851731,"Haplotype_B_Meth"
"NGS_H19_Hetero_Phased_Rep3","Read_2487",0.0305035278660808,"Haplotype_A_Unmeth"
"NGS_H19_Hetero_Phased_Rep3","Read_2488",0.0188898677044895,"Haplotype_A_Unmeth"
"NGS_H19_Hetero_Phased_Rep3","Read_2489",0.0116452972286628,"Haplotype_A_Unmeth"
"NGS_H19_Hetero_Phased_Rep3","Read_2490",0.979542022232922,"Haplotype_B_Meth"
"NGS_H19_Hetero_Phased_Rep3","Read_2491",0.0153694811833481,"Haplotype_A_Unmeth"
"NGS_H19_Hetero_Phased_Rep3","Read_2492",0.0169919707516062,"Haplotype_A_Unmeth"
"NGS_H19_Hetero_Phased_Rep3","Read_2493",0.0228709974780391,"Haplotype_A_Unmeth"
"NGS_H19_Hetero_Phased_Rep3","Read_2494",0.0169813559875005,"Haplotype_A_Unmeth"
"NGS_H19_Hetero_Phased_Rep3","Read_2495",0.986297533861449,"Haplotype_B_Meth"
"NGS_H19_Hetero_Phased_Rep3","Read_2496",0.0257299759964436,"Haplotype_A_Unmeth"
"NGS_H19_Hetero_Phased_Rep3","Read_2497",0.0139735811564995,"Haplotype_A_Unmeth"
"NGS_H19_Hetero_Phased_Rep3","Read_2498",0.0186766305013663,"Haplotype_A_Unmeth"
"NGS_H19_Hetero_Phased_Rep3","Read_2499",0.0144075369641705,"Haplotype_A_Unmeth"
"NGS_H19_Hetero_Phased_Rep3","Read_2500",0.974479108573427,"Haplotype_B_Meth"
"NGS_H19_Hetero_Phased_Rep3","Read_2501",0.980682804014333,"Haplotype_B_Meth"
"NGS_H19_Hetero_Phased_Rep3","Read_2502",0.0234682224889243,"Haplotype_A_Unmeth"
"NGS_H19_Hetero_Phased_Rep3","Read_2503",0.0203572108802477,"Haplotype_A_Unmeth"
"NGS_H19_Hetero_Phased_Rep3","Read_2504",0.0181908625817741,"Haplotype_A_Unmeth"
"NGS_H19_Hetero_Phased_Rep3","Read_2505",0.982792392006292,"Haplotype_B_Meth"
"NGS_H19_Hetero_Phased_Rep3","Read_2506",0.0140867341715974,"Haplotype_A_Unmeth"
"NGS_H19_Hetero_Phased_Rep3","Read_2507",0.98345634612067,"Haplotype_B_Meth"
"NGS_H19_Hetero_Phased_Rep3","Read_2508",0.981697025189086,"Haplotype_B_Meth"
"NGS_H19_Hetero_Phased_Rep3","Read_2509",0.972403864786939,"Haplotype_B_Meth"
"NGS_H19_Hetero_Phased_Rep3","Read_2510",0.0294600195175737,"Haplotype_A_Unmeth"
"NGS_H19_Hetero_Phased_Rep3","Read_2511",0.977904635302754,"Haplotype_B_Meth"
"NGS_H19_Hetero_Phased_Rep3","Read_2512",0.0208482989348471,"Haplotype_A_Unmeth"
"NGS_H19_Hetero_Phased_Rep3","Read_2513",0.020241701151599,"Haplotype_A_Unmeth"
"NGS_H19_Hetero_Phased_Rep3","Read_2514",0.973910493449486,"Haplotype_B_Meth"
"NGS_H19_Hetero_Phased_Rep3","Read_2515",0.972433160582017,"Haplotype_B_Meth"
"NGS_H19_Hetero_Phased_Rep3","Read_2516",0.981978496529228,"Haplotype_B_Meth"
"NGS_H19_Hetero_Phased_Rep3","Read_2517",0.987849229286025,"Haplotype_B_Meth"
"NGS_H19_Hetero_Phased_Rep3","Read_2518",0.0178262095166381,"Haplotype_A_Unmeth"
"NGS_H19_Hetero_Phased_Rep3","Read_2519",0.0237206123797353,"Haplotype_A_Unmeth"
"NGS_H19_Hetero_Phased_Rep3","Read_2520",0.0153360567114057,"Haplotype_A_Unmeth"
"NGS_H19_Hetero_Phased_Rep3","Read_2521",0.0143403478811623,"Haplotype_A_Unmeth"
"NGS_H19_Hetero_Phased_Rep3","Read_2522",0.0236564649377808,"Haplotype_A_Unmeth"
"NGS_H19_Hetero_Phased_Rep3","Read_2523",0.0163923276907875,"Haplotype_A_Unmeth"
"NGS_H19_Hetero_Phased_Rep3","Read_2524",0.013701071948821,"Haplotype_A_Unmeth"
"NGS_H19_Hetero_Phased_Rep3","Read_2525",0.978246675606361,"Haplotype_B_Meth"
"NGS_H19_Hetero_Phased_Rep3","Read_2526",0.988847666824361,"Haplotype_B_Meth"
"NGS_H19_Hetero_Phased_Rep3","Read_2527",0.984808676862727,"Haplotype_B_Meth"
"NGS_H19_Hetero_Phased_Rep3","Read_2528",0.017357458048997,"Haplotype_A_Unmeth"
"NGS_H19_Hetero_Phased_Rep3","Read_2529",0.981362274779096,"Haplotype_B_Meth"
"NGS_H19_Hetero_Phased_Rep3","Read_2530",0.0216332419927349,"Haplotype_A_Unmeth"
"NGS_H19_Hetero_Phased_Rep3","Read_2531",0.980159211374839,"Haplotype_B_Meth"
"NGS_H19_Hetero_Phased_Rep3","Read_2532",0.0256173249809704,"Haplotype_A_Unmeth"
"NGS_H19_Hetero_Phased_Rep3","Read_2533",0.985544982793954,"Haplotype_B_Meth"
"NGS_H19_Hetero_Phased_Rep3","Read_2534",0.976357414121679,"Haplotype_B_Meth"
"NGS_H19_Hetero_Phased_Rep3","Read_2535",0.985456152257451,"Haplotype_B_Meth"
"NGS_H19_Hetero_Phased_Rep3","Read_2536",0.980454503051382,"Haplotype_B_Meth"
"NGS_H19_Hetero_Phased_Rep3","Read_2537",0.0210222791822779,"Haplotype_A_Unmeth"
"NGS_H19_Hetero_Phased_Rep3","Read_2538",0.974886042723355,"Haplotype_B_Meth"
"NGS_H19_Hetero_Phased_Rep3","Read_2539",0.98365237154192,"Haplotype_B_Meth"
"NGS_H19_Hetero_Phased_Rep3","Read_2540",0.972254411366396,"Haplotype_B_Meth"
"NGS_H19_Hetero_Phased_Rep3","Read_2541",0.985548026371953,"Haplotype_B_Meth"
"NGS_H19_Hetero_Phased_Rep3","Read_2542",0.986048697841385,"Haplotype_B_Meth"
"NGS_H19_Hetero_Phased_Rep3","Read_2543",0.984123672561863,"Haplotype_B_Meth"
"NGS_H19_Hetero_Phased_Rep3","Read_2544",0.0151547670956678,"Haplotype_A_Unmeth"
"NGS_H19_Hetero_Phased_Rep3","Read_2545",0.0188052843538365,"Haplotype_A_Unmeth"
"NGS_H19_Hetero_Phased_Rep3","Read_2546",0.0226852567304997,"Haplotype_A_Unmeth"
"NGS_H19_Hetero_Phased_Rep3","Read_2547",0.981495117887285,"Haplotype_B_Meth"
"NGS_H19_Hetero_Phased_Rep3","Read_2548",0.0190116152674837,"Haplotype_A_Unmeth"
"NGS_H19_Hetero_Phased_Rep3","Read_2549",0.0192875892445501,"Haplotype_A_Unmeth"
"NGS_H19_Hetero_Phased_Rep3","Read_2550",0.978502363744663,"Haplotype_B_Meth"
"NGS_H19_Hetero_Phased_Rep3","Read_2551",0.985753332061931,"Haplotype_B_Meth"
"NGS_H19_Hetero_Phased_Rep3","Read_2552",0.981164565827772,"Haplotype_B_Meth"
"NGS_H19_Hetero_Phased_Rep3","Read_2553",0.983384735984579,"Haplotype_B_Meth"
"NGS_H19_Hetero_Phased_Rep3","Read_2554",0.982685773677989,"Haplotype_B_Meth"
"NGS_H19_Hetero_Phased_Rep3","Read_2555",0.0192643102483458,"Haplotype_A_Unmeth"
"NGS_H19_Hetero_Phased_Rep3","Read_2556",0.978182657501593,"Haplotype_B_Meth"
"NGS_H19_Hetero_Phased_Rep3","Read_2557",0.022635524113308,"Haplotype_A_Unmeth"
"NGS_H19_Hetero_Phased_Rep3","Read_2558",0.0240796955681795,"Haplotype_A_Unmeth"
"NGS_H19_Hetero_Phased_Rep3","Read_2559",0.0201161810458818,"Haplotype_A_Unmeth"
"NGS_H19_Hetero_Phased_Rep3","Read_2560",0.985227136214779,"Haplotype_B_Meth"
"NGS_H19_Hetero_Phased_Rep3","Read_2561",0.980846884501941,"Haplotype_B_Meth"
"NGS_H19_Hetero_Phased_Rep3","Read_2562",0.0313828657402208,"Haplotype_A_Unmeth"
"NGS_H19_Hetero_Phased_Rep3","Read_2563",0.01544720144239,"Haplotype_A_Unmeth"
"NGS_H19_Hetero_Phased_Rep3","Read_2564",0.0202755734883883,"Haplotype_A_Unmeth"
"NGS_H19_Hetero_Phased_Rep3","Read_2565",0.0235483321258927,"Haplotype_A_Unmeth"
"NGS_H19_Hetero_Phased_Rep3","Read_2566",0.0169271543809322,"Haplotype_A_Unmeth"
"NGS_H19_Hetero_Phased_Rep3","Read_2567",0.0185854960123403,"Haplotype_A_Unmeth"
"NGS_H19_Hetero_Phased_Rep3","Read_2568",0.975838356683997,"Haplotype_B_Meth"
"NGS_H19_Hetero_Phased_Rep3","Read_2569",0.981661141144038,"Haplotype_B_Meth"
"NGS_H19_Hetero_Phased_Rep3","Read_2570",0.9835498530267,"Haplotype_B_Meth"
"NGS_H19_Hetero_Phased_Rep3","Read_2571",0.986619201270961,"Haplotype_B_Meth"
"NGS_H19_Hetero_Phased_Rep3","Read_2572",0.977746620582363,"Haplotype_B_Meth"
"NGS_H19_Hetero_Phased_Rep3","Read_2573",0.019828652544667,"Haplotype_A_Unmeth"
"NGS_H19_Hetero_Phased_Rep3","Read_2574",0.0227922571566456,"Haplotype_A_Unmeth"
"NGS_H19_Hetero_Phased_Rep3","Read_2575",0.0244838029562978,"Haplotype_A_Unmeth"
"NGS_H19_Hetero_Phased_Rep3","Read_2576",0.0182641380151834,"Haplotype_A_Unmeth"
"NGS_H19_Hetero_Phased_Rep3","Read_2577",0.983637978190877,"Haplotype_B_Meth"
"NGS_H19_Hetero_Phased_Rep3","Read_2578",0.0229414026212892,"Haplotype_A_Unmeth"
"NGS_H19_Hetero_Phased_Rep3","Read_2579",0.0180610565915438,"Haplotype_A_Unmeth"
"NGS_H19_Hetero_Phased_Rep3","Read_2580",0.981107341944151,"Haplotype_B_Meth"
"NGS_H19_Hetero_Phased_Rep3","Read_2581",0.0204129455221819,"Haplotype_A_Unmeth"
"NGS_H19_Hetero_Phased_Rep3","Read_2582",0.0242784272102553,"Haplotype_A_Unmeth"
"NGS_H19_Hetero_Phased_Rep3","Read_2583",0.980665353828034,"Haplotype_B_Meth"
"NGS_H19_Hetero_Phased_Rep3","Read_2584",0.016536623999613,"Haplotype_A_Unmeth"
"NGS_H19_Hetero_Phased_Rep3","Read_2585",0.985015949392797,"Haplotype_B_Meth"
"NGS_H19_Hetero_Phased_Rep3","Read_2586",0.0194144859949763,"Haplotype_A_Unmeth"
"NGS_H19_Hetero_Phased_Rep3","Read_2587",0.0208751574857973,"Haplotype_A_Unmeth"
"NGS_H19_Hetero_Phased_Rep3","Read_2588",0.978394914192214,"Haplotype_B_Meth"
"NGS_H19_Hetero_Phased_Rep3","Read_2589",0.0253739703026238,"Haplotype_A_Unmeth"
"NGS_H19_Hetero_Phased_Rep3","Read_2590",0.0250658189582933,"Haplotype_A_Unmeth"
"NGS_H19_Hetero_Phased_Rep3","Read_2591",0.0161372900407026,"Haplotype_A_Unmeth"
"NGS_H19_Hetero_Phased_Rep3","Read_2592",0.0191956901160939,"Haplotype_A_Unmeth"
"NGS_H19_Hetero_Phased_Rep3","Read_2593",0.972669175216703,"Haplotype_B_Meth"
"NGS_H19_Hetero_Phased_Rep3","Read_2594",0.0246781620717773,"Haplotype_A_Unmeth"
"NGS_H19_Hetero_Phased_Rep3","Read_2595",0.975404814162635,"Haplotype_B_Meth"
"NGS_H19_Hetero_Phased_Rep3","Read_2596",0.0226310786410707,"Haplotype_A_Unmeth"
"NGS_H19_Hetero_Phased_Rep3","Read_2597",0.0204411654807602,"Haplotype_A_Unmeth"
"NGS_H19_Hetero_Phased_Rep3","Read_2598",0.0270829270828411,"Haplotype_A_Unmeth"
"NGS_H19_Hetero_Phased_Rep3","Read_2599",0.979943633285647,"Haplotype_B_Meth"
"NGS_H19_Hetero_Phased_Rep3","Read_2600",0.0224098301697255,"Haplotype_A_Unmeth"
"NGS_H19_Hetero_Phased_Rep3","Read_2601",0.977762926692959,"Haplotype_B_Meth"
"NGS_H19_Hetero_Phased_Rep3","Read_2602",0.98338907490894,"Haplotype_B_Meth"
"NGS_H19_Hetero_Phased_Rep3","Read_2603",0.986951488940457,"Haplotype_B_Meth"
"NGS_H19_Hetero_Phased_Rep3","Read_2604",0.0275905842618308,"Haplotype_A_Unmeth"
"NGS_H19_Hetero_Phased_Rep3","Read_2605",0.981051779829352,"Haplotype_B_Meth"
"NGS_H19_Hetero_Phased_Rep3","Read_2606",0.0240517164684151,"Haplotype_A_Unmeth"
"NGS_H19_Hetero_Phased_Rep3","Read_2607",0.981698130082537,"Haplotype_B_Meth"
"NGS_H19_Hetero_Phased_Rep3","Read_2608",0.0211145778585054,"Haplotype_A_Unmeth"
"NGS_H19_Hetero_Phased_Rep3","Read_2609",0.982987796502118,"Haplotype_B_Meth"
"NGS_H19_Hetero_Phased_Rep3","Read_2610",0.021340215014064,"Haplotype_A_Unmeth"
"NGS_H19_Hetero_Phased_Rep3","Read_2611",0.977977599803146,"Haplotype_B_Meth"
"NGS_H19_Hetero_Phased_Rep3","Read_2612",0.978010854268892,"Haplotype_B_Meth"
"NGS_H19_Hetero_Phased_Rep3","Read_2613",0.0280129919072455,"Haplotype_A_Unmeth"
"NGS_H19_Hetero_Phased_Rep3","Read_2614",0.0157982631897134,"Haplotype_A_Unmeth"
"NGS_H19_Hetero_Phased_Rep3","Read_2615",0.982783081993104,"Haplotype_B_Meth"
"NGS_H19_Hetero_Phased_Rep3","Read_2616",0.0182127893003291,"Haplotype_A_Unmeth"
"NGS_H19_Hetero_Phased_Rep3","Read_2617",0.0161736382959039,"Haplotype_A_Unmeth"
"NGS_H19_Hetero_Phased_Rep3","Read_2618",0.983366620582582,"Haplotype_B_Meth"
"NGS_H19_Hetero_Phased_Rep3","Read_2619",0.977470209259271,"Haplotype_B_Meth"
"NGS_H19_Hetero_Phased_Rep3","Read_2620",0.979657221296469,"Haplotype_B_Meth"
"NGS_H19_Hetero_Phased_Rep3","Read_2621",0.985074109924523,"Haplotype_B_Meth"
"NGS_H19_Hetero_Phased_Rep3","Read_2622",0.987979982047887,"Haplotype_B_Meth"
"NGS_H19_Hetero_Phased_Rep3","Read_2623",0.0273837678657044,"Haplotype_A_Unmeth"
"NGS_H19_Hetero_Phased_Rep3","Read_2624",0.0208751991792406,"Haplotype_A_Unmeth"
"NGS_H19_Hetero_Phased_Rep3","Read_2625",0.985864890016849,"Haplotype_B_Meth"
"NGS_H19_Hetero_Phased_Rep3","Read_2626",0.974409129968951,"Haplotype_B_Meth"
"NGS_H19_Hetero_Phased_Rep3","Read_2627",0.974508378225524,"Haplotype_B_Meth"
"NGS_H19_Hetero_Phased_Rep3","Read_2628",0.981478179940193,"Haplotype_B_Meth"
"NGS_H19_Hetero_Phased_Rep3","Read_2629",0.0147608032433697,"Haplotype_A_Unmeth"
"NGS_H19_Hetero_Phased_Rep3","Read_2630",0.986779592155002,"Haplotype_B_Meth"
"NGS_H19_Hetero_Phased_Rep3","Read_2631",0.0180337447072674,"Haplotype_A_Unmeth"
"NGS_H19_Hetero_Phased_Rep3","Read_2632",0.0247868194328618,"Haplotype_A_Unmeth"
"NGS_H19_Hetero_Phased_Rep3","Read_2633",0.983054864086231,"Haplotype_B_Meth"
"NGS_H19_Hetero_Phased_Rep3","Read_2634",0.0213959440519586,"Haplotype_A_Unmeth"
"NGS_H19_Hetero_Phased_Rep3","Read_2635",0.979901774082685,"Haplotype_B_Meth"
"NGS_H19_Hetero_Phased_Rep3","Read_2636",0.978937053474526,"Haplotype_B_Meth"
"NGS_H19_Hetero_Phased_Rep3","Read_2637",0.0156965541587616,"Haplotype_A_Unmeth"
"NGS_H19_Hetero_Phased_Rep3","Read_2638",0.0215179419298538,"Haplotype_A_Unmeth"
"NGS_H19_Hetero_Phased_Rep3","Read_2639",0.981702182368776,"Haplotype_B_Meth"
"NGS_H19_Hetero_Phased_Rep3","Read_2640",0.0214630049773712,"Haplotype_A_Unmeth"
"NGS_H19_Hetero_Phased_Rep3","Read_2641",0.0187439972420293,"Haplotype_A_Unmeth"
"NGS_H19_Hetero_Phased_Rep3","Read_2642",0.0240601206311116,"Haplotype_A_Unmeth"
"NGS_H19_Hetero_Phased_Rep3","Read_2643",0.0145515374461388,"Haplotype_A_Unmeth"
"NGS_H19_Hetero_Phased_Rep3","Read_2644",0.0192312393843706,"Haplotype_A_Unmeth"
"NGS_H19_Hetero_Phased_Rep3","Read_2645",0.0151735890897891,"Haplotype_A_Unmeth"
"NGS_H19_Hetero_Phased_Rep3","Read_2646",0.982096786635627,"Haplotype_B_Meth"
"NGS_H19_Hetero_Phased_Rep3","Read_2647",0.0235981914278138,"Haplotype_A_Unmeth"
"NGS_H19_Hetero_Phased_Rep3","Read_2648",0.0322710918699398,"Haplotype_A_Unmeth"
"NGS_H19_Hetero_Phased_Rep3","Read_2649",0.0167364102263743,"Haplotype_A_Unmeth"
"NGS_H19_Hetero_Phased_Rep3","Read_2650",0.0186555878208044,"Haplotype_A_Unmeth"
"NGS_H19_Hetero_Phased_Rep3","Read_2651",0.0189912845327611,"Haplotype_A_Unmeth"
"NGS_H19_Hetero_Phased_Rep3","Read_2652",0.979078045889207,"Haplotype_B_Meth"
"NGS_H19_Hetero_Phased_Rep3","Read_2653",0.97421929492151,"Haplotype_B_Meth"
"NGS_H19_Hetero_Phased_Rep3","Read_2654",0.0272083505036622,"Haplotype_A_Unmeth"
"NGS_H19_Hetero_Phased_Rep3","Read_2655",0.0166608261172511,"Haplotype_A_Unmeth"
"NGS_H19_Hetero_Phased_Rep3","Read_2656",0.0186695881061436,"Haplotype_A_Unmeth"
"NGS_H19_Hetero_Phased_Rep3","Read_2657",0.979367679537153,"Haplotype_B_Meth"
"NGS_H19_Hetero_Phased_Rep3","Read_2658",0.0241064079140022,"Haplotype_A_Unmeth"
"NGS_H19_Hetero_Phased_Rep3","Read_2659",0.0264613035105672,"Haplotype_A_Unmeth"
"NGS_H19_Hetero_Phased_Rep3","Read_2660",0.0225020991031126,"Haplotype_A_Unmeth"
"NGS_H19_Hetero_Phased_Rep3","Read_2661",0.973276595461175,"Haplotype_B_Meth"
"NGS_H19_Hetero_Phased_Rep3","Read_2662",0.98414892422131,"Haplotype_B_Meth"
"NGS_H19_Hetero_Phased_Rep3","Read_2663",0.0185839104927364,"Haplotype_A_Unmeth"
"NGS_H19_Hetero_Phased_Rep3","Read_2664",0.0262049029071583,"Haplotype_A_Unmeth"
"NGS_H19_Hetero_Phased_Rep3","Read_2665",0.984197408539952,"Haplotype_B_Meth"
"NGS_H19_Hetero_Phased_Rep3","Read_2666",0.979941533513104,"Haplotype_B_Meth"
"NGS_H19_Hetero_Phased_Rep3","Read_2667",0.0282156285349415,"Haplotype_A_Unmeth"
"NGS_H19_Hetero_Phased_Rep3","Read_2668",0.982400189369354,"Haplotype_B_Meth"
"NGS_H19_Hetero_Phased_Rep3","Read_2669",0.0215180739936064,"Haplotype_A_Unmeth"
"NGS_H19_Hetero_Phased_Rep3","Read_2670",0.979038640323704,"Haplotype_B_Meth"
"NGS_H19_Hetero_Phased_Rep3","Read_2671",0.0231299836111418,"Haplotype_A_Unmeth"
"NGS_H19_Hetero_Phased_Rep3","Read_2672",0.980751285662016,"Haplotype_B_Meth"
"NGS_H19_Hetero_Phased_Rep3","Read_2673",0.025230738725509,"Haplotype_A_Unmeth"
"NGS_H19_Hetero_Phased_Rep3","Read_2674",0.0158447869467526,"Haplotype_A_Unmeth"
"NGS_H19_Hetero_Phased_Rep3","Read_2675",0.0267870656564205,"Haplotype_A_Unmeth"
"NGS_H19_Hetero_Phased_Rep3","Read_2676",0.0233429139312383,"Haplotype_A_Unmeth"
"NGS_H19_Hetero_Phased_Rep3","Read_2677",0.980744331607868,"Haplotype_B_Meth"
"NGS_H19_Hetero_Phased_Rep3","Read_2678",0.0269154544009478,"Haplotype_A_Unmeth"
"NGS_H19_Hetero_Phased_Rep3","Read_2679",0.030703580926835,"Haplotype_A_Unmeth"
"NGS_H19_Hetero_Phased_Rep3","Read_2680",0.986661257538421,"Haplotype_B_Meth"
"NGS_H19_Hetero_Phased_Rep3","Read_2681",0.0235687853820591,"Haplotype_A_Unmeth"
"NGS_H19_Hetero_Phased_Rep3","Read_2682",0.0158007362943001,"Haplotype_A_Unmeth"
"NGS_H19_Hetero_Phased_Rep3","Read_2683",0.0135798859176673,"Haplotype_A_Unmeth"
"NGS_H19_Hetero_Phased_Rep3","Read_2684",0.0159019052202579,"Haplotype_A_Unmeth"
"NGS_H19_Hetero_Phased_Rep3","Read_2685",0.975222271659553,"Haplotype_B_Meth"
"NGS_H19_Hetero_Phased_Rep3","Read_2686",0.0174740820045785,"Haplotype_A_Unmeth"
"NGS_H19_Hetero_Phased_Rep3","Read_2687",0.98059782231502,"Haplotype_B_Meth"
"NGS_H19_Hetero_Phased_Rep3","Read_2688",0.979949665942832,"Haplotype_B_Meth"
"NGS_H19_Hetero_Phased_Rep3","Read_2689",0.0152142393772566,"Haplotype_A_Unmeth"
"NGS_H19_Hetero_Phased_Rep3","Read_2690",0.017040243838424,"Haplotype_A_Unmeth"
"NGS_H19_Hetero_Phased_Rep3","Read_2691",0.980180436015322,"Haplotype_B_Meth"
"NGS_H19_Hetero_Phased_Rep3","Read_2692",0.9803123022693,"Haplotype_B_Meth"
"NGS_H19_Hetero_Phased_Rep3","Read_2693",0.0159848330547104,"Haplotype_A_Unmeth"
"NGS_H19_Hetero_Phased_Rep3","Read_2694",0.0205037057522096,"Haplotype_A_Unmeth"
"NGS_H19_Hetero_Phased_Rep3","Read_2695",0.0184678500892831,"Haplotype_A_Unmeth"
"NGS_H19_Hetero_Phased_Rep3","Read_2696",0.975147728883474,"Haplotype_B_Meth"
"NGS_H19_Hetero_Phased_Rep3","Read_2697",0.986902825283899,"Haplotype_B_Meth"
"NGS_H19_Hetero_Phased_Rep3","Read_2698",0.982821636670121,"Haplotype_B_Meth"
"NGS_H19_Hetero_Phased_Rep3","Read_2699",0.981395463909343,"Haplotype_B_Meth"
"NGS_H19_Hetero_Phased_Rep3","Read_2700",0.972134662700282,"Haplotype_B_Meth"
"NGS_H19_Hetero_Phased_Rep3","Read_2701",0.989535456617662,"Haplotype_B_Meth"
"NGS_H19_Hetero_Phased_Rep3","Read_2702",0.984736912918794,"Haplotype_B_Meth"
"NGS_H19_Hetero_Phased_Rep3","Read_2703",0.972610407794337,"Haplotype_B_Meth"
"NGS_H19_Hetero_Phased_Rep3","Read_2704",0.973821949984256,"Haplotype_B_Meth"
"NGS_H19_Hetero_Phased_Rep3","Read_2705",0.975759341115215,"Haplotype_B_Meth"
"NGS_H19_Hetero_Phased_Rep3","Read_2706",0.979382434278805,"Haplotype_B_Meth"
"NGS_H19_Hetero_Phased_Rep3","Read_2707",0.980240847749009,"Haplotype_B_Meth"
"NGS_H19_Hetero_Phased_Rep3","Read_2708",0.980825942205395,"Haplotype_B_Meth"
"NGS_H19_Hetero_Phased_Rep3","Read_2709",0.983822827243894,"Haplotype_B_Meth"
"NGS_H19_Hetero_Phased_Rep3","Read_2710",0.977829698639191,"Haplotype_B_Meth"
"NGS_H19_Hetero_Phased_Rep3","Read_2711",0.0256868491882783,"Haplotype_A_Unmeth"
"NGS_H19_Hetero_Phased_Rep3","Read_2712",0.0169805938216848,"Haplotype_A_Unmeth"
"NGS_H19_Hetero_Phased_Rep3","Read_2713",0.980750196041072,"Haplotype_B_Meth"
"NGS_H19_Hetero_Phased_Rep3","Read_2714",0.985740362323557,"Haplotype_B_Meth"
"NGS_H19_Hetero_Phased_Rep3","Read_2715",0.984269858473345,"Haplotype_B_Meth"
"NGS_H19_Hetero_Phased_Rep3","Read_2716",0.0212848972453511,"Haplotype_A_Unmeth"
"NGS_H19_Hetero_Phased_Rep3","Read_2717",0.023957145045811,"Haplotype_A_Unmeth"
"NGS_H19_Hetero_Phased_Rep3","Read_2718",0.0191753060267767,"Haplotype_A_Unmeth"
"NGS_H19_Hetero_Phased_Rep3","Read_2719",0.979130939684738,"Haplotype_B_Meth"
"NGS_H19_Hetero_Phased_Rep3","Read_2720",0.0178504052273261,"Haplotype_A_Unmeth"
"NGS_H19_Hetero_Phased_Rep3","Read_2721",0.975044233993821,"Haplotype_B_Meth"
"NGS_H19_Hetero_Phased_Rep3","Read_2722",0.017912369365471,"Haplotype_A_Unmeth"
"NGS_H19_Hetero_Phased_Rep3","Read_2723",0.977887781320102,"Haplotype_B_Meth"
"NGS_H19_Hetero_Phased_Rep3","Read_2724",0.984495246214723,"Haplotype_B_Meth"
"NGS_H19_Hetero_Phased_Rep3","Read_2725",0.0227798728447046,"Haplotype_A_Unmeth"
"NGS_H19_Hetero_Phased_Rep3","Read_2726",0.986266766918128,"Haplotype_B_Meth"
"NGS_H19_Hetero_Phased_Rep3","Read_2727",0.977820302056734,"Haplotype_B_Meth"
"NGS_H19_Hetero_Phased_Rep3","Read_2728",0.0168133608244655,"Haplotype_A_Unmeth"
"NGS_H19_Hetero_Phased_Rep3","Read_2729",0.976486530060121,"Haplotype_B_Meth"
"NGS_H19_Hetero_Phased_Rep3","Read_2730",0.0195133562037617,"Haplotype_A_Unmeth"
"NGS_H19_Hetero_Phased_Rep3","Read_2731",0.980672485576531,"Haplotype_B_Meth"
"NGS_H19_Hetero_Phased_Rep3","Read_2732",0.0210276356031351,"Haplotype_A_Unmeth"
"NGS_H19_Hetero_Phased_Rep3","Read_2733",0.0179182475681307,"Haplotype_A_Unmeth"
"NGS_H19_Hetero_Phased_Rep3","Read_2734",0.0223221799850011,"Haplotype_A_Unmeth"
"NGS_H19_Hetero_Phased_Rep3","Read_2735",0.0128945776522632,"Haplotype_A_Unmeth"
"NGS_H19_Hetero_Phased_Rep3","Read_2736",0.0233722134695679,"Haplotype_A_Unmeth"
"NGS_H19_Hetero_Phased_Rep3","Read_2737",0.977351964832436,"Haplotype_B_Meth"
"NGS_H19_Hetero_Phased_Rep3","Read_2738",0.0238867741547317,"Haplotype_A_Unmeth"
"NGS_H19_Hetero_Phased_Rep3","Read_2739",0.98284819798988,"Haplotype_B_Meth"
"NGS_H19_Hetero_Phased_Rep3","Read_2740",0.0288181750184328,"Haplotype_A_Unmeth"
"NGS_H19_Hetero_Phased_Rep3","Read_2741",0.983976657307624,"Haplotype_B_Meth"
"NGS_H19_Hetero_Phased_Rep3","Read_2742",0.981430078477736,"Haplotype_B_Meth"
"NGS_H19_Hetero_Phased_Rep3","Read_2743",0.0248657469609302,"Haplotype_A_Unmeth"
"NGS_H19_Hetero_Phased_Rep3","Read_2744",0.98383736184011,"Haplotype_B_Meth"
"NGS_H19_Hetero_Phased_Rep3","Read_2745",0.973213101349644,"Haplotype_B_Meth"
"NGS_H19_Hetero_Phased_Rep3","Read_2746",0.017087645976633,"Haplotype_A_Unmeth"
"NGS_H19_Hetero_Phased_Rep3","Read_2747",0.98533980029108,"Haplotype_B_Meth"
"NGS_H19_Hetero_Phased_Rep3","Read_2748",0.983411613095906,"Haplotype_B_Meth"
"NGS_H19_Hetero_Phased_Rep3","Read_2749",0.97979962004963,"Haplotype_B_Meth"
"NGS_H19_Hetero_Phased_Rep3","Read_2750",0.0341464462184036,"Haplotype_A_Unmeth"
"NGS_H19_Hetero_Phased_Rep3","Read_2751",0.0132536982440005,"Haplotype_A_Unmeth"
"NGS_H19_Hetero_Phased_Rep3","Read_2752",0.0235957639307559,"Haplotype_A_Unmeth"
"NGS_H19_Hetero_Phased_Rep3","Read_2753",0.980840705770212,"Haplotype_B_Meth"
"NGS_H19_Hetero_Phased_Rep3","Read_2754",0.981856029938747,"Haplotype_B_Meth"
"NGS_H19_Hetero_Phased_Rep3","Read_2755",0.986861934815214,"Haplotype_B_Meth"
"NGS_H19_Hetero_Phased_Rep3","Read_2756",0.983320370401241,"Haplotype_B_Meth"
"NGS_H19_Hetero_Phased_Rep3","Read_2757",0.975724664921306,"Haplotype_B_Meth"
"NGS_H19_Hetero_Phased_Rep3","Read_2758",0.0161214169225906,"Haplotype_A_Unmeth"
"NGS_H19_Hetero_Phased_Rep3","Read_2759",0.975259174100345,"Haplotype_B_Meth"
"NGS_H19_Hetero_Phased_Rep3","Read_2760",0.985071094821573,"Haplotype_B_Meth"
"NGS_H19_Hetero_Phased_Rep3","Read_2761",0.021165812351863,"Haplotype_A_Unmeth"
"NGS_H19_Hetero_Phased_Rep3","Read_2762",0.97900154166721,"Haplotype_B_Meth"
"NGS_H19_Hetero_Phased_Rep3","Read_2763",0.981816880587022,"Haplotype_B_Meth"
"NGS_H19_Hetero_Phased_Rep3","Read_2764",0.0193548831590108,"Haplotype_A_Unmeth"
"NGS_H19_Hetero_Phased_Rep3","Read_2765",0.0294498089216295,"Haplotype_A_Unmeth"
"NGS_H19_Hetero_Phased_Rep3","Read_2766",0.981424781833602,"Haplotype_B_Meth"
"NGS_H19_Hetero_Phased_Rep3","Read_2767",0.0176870096099666,"Haplotype_A_Unmeth"
"NGS_H19_Hetero_Phased_Rep3","Read_2768",0.984481717775394,"Haplotype_B_Meth"
"NGS_H19_Hetero_Phased_Rep3","Read_2769",0.983601744390295,"Haplotype_B_Meth"
"NGS_H19_Hetero_Phased_Rep3","Read_2770",0.0192137673066305,"Haplotype_A_Unmeth"
"NGS_H19_Hetero_Phased_Rep3","Read_2771",0.0237062667134488,"Haplotype_A_Unmeth"
"NGS_H19_Hetero_Phased_Rep3","Read_2772",0.0142075821210162,"Haplotype_A_Unmeth"
"NGS_H19_Hetero_Phased_Rep3","Read_2773",0.0229125219845933,"Haplotype_A_Unmeth"
"NGS_H19_Hetero_Phased_Rep3","Read_2774",0.984261273707231,"Haplotype_B_Meth"
"NGS_H19_Hetero_Phased_Rep3","Read_2775",0.0172406222243785,"Haplotype_A_Unmeth"
"NGS_H19_Hetero_Phased_Rep3","Read_2776",0.982972068410428,"Haplotype_B_Meth"
"NGS_H19_Hetero_Phased_Rep3","Read_2777",0.0165800987556997,"Haplotype_A_Unmeth"
"NGS_H19_Hetero_Phased_Rep3","Read_2778",0.0260557570190537,"Haplotype_A_Unmeth"
"NGS_H19_Hetero_Phased_Rep3","Read_2779",0.975560049545177,"Haplotype_B_Meth"
"NGS_H19_Hetero_Phased_Rep3","Read_2780",0.97988581789764,"Haplotype_B_Meth"
"NGS_H19_Hetero_Phased_Rep3","Read_2781",0.0240695990481711,"Haplotype_A_Unmeth"
"NGS_H19_Hetero_Phased_Rep3","Read_2782",0.0163928500274036,"Haplotype_A_Unmeth"
"NGS_H19_Hetero_Phased_Rep3","Read_2783",0.0243645197638709,"Haplotype_A_Unmeth"
"NGS_H19_Hetero_Phased_Rep3","Read_2784",0.017344771006643,"Haplotype_A_Unmeth"
"NGS_H19_Hetero_Phased_Rep3","Read_2785",0.0228729575094018,"Haplotype_A_Unmeth"
"NGS_H19_Hetero_Phased_Rep3","Read_2786",0.987759312200021,"Haplotype_B_Meth"
"NGS_H19_Hetero_Phased_Rep3","Read_2787",0.0242103528922294,"Haplotype_A_Unmeth"
"NGS_H19_Hetero_Phased_Rep3","Read_2788",0.0241290586159872,"Haplotype_A_Unmeth"
"NGS_H19_Hetero_Phased_Rep3","Read_2789",0.0194574687769352,"Haplotype_A_Unmeth"
"NGS_H19_Hetero_Phased_Rep3","Read_2790",0.0179239910276532,"Haplotype_A_Unmeth"
"NGS_H19_Hetero_Phased_Rep3","Read_2791",0.0135953285300283,"Haplotype_A_Unmeth"
"NGS_H19_Hetero_Phased_Rep3","Read_2792",0.979463382225488,"Haplotype_B_Meth"
"NGS_H19_Hetero_Phased_Rep3","Read_2793",0.0169562013528461,"Haplotype_A_Unmeth"
"NGS_H19_Hetero_Phased_Rep3","Read_2794",0.0147702266102336,"Haplotype_A_Unmeth"
"NGS_H19_Hetero_Phased_Rep3","Read_2795",0.974936176496724,"Haplotype_B_Meth"
"NGS_H19_Hetero_Phased_Rep3","Read_2796",0.0228675214731836,"Haplotype_A_Unmeth"
"NGS_H19_Hetero_Phased_Rep3","Read_2797",0.980910718523768,"Haplotype_B_Meth"
"NGS_H19_Hetero_Phased_Rep3","Read_2798",0.982427549731231,"Haplotype_B_Meth"
"NGS_H19_Hetero_Phased_Rep3","Read_2799",0.991649868457543,"Haplotype_B_Meth"
"NGS_H19_Hetero_Phased_Rep3","Read_2800",0.0195663174052609,"Haplotype_A_Unmeth"
"NGS_H19_Hetero_Phased_Rep3","Read_2801",0.988584326991786,"Haplotype_B_Meth"
"NGS_H19_Hetero_Phased_Rep3","Read_2802",0.0196845313754306,"Haplotype_A_Unmeth"
"NGS_H19_Hetero_Phased_Rep3","Read_2803",0.0209621753522191,"Haplotype_A_Unmeth"
"NGS_H19_Hetero_Phased_Rep3","Read_2804",0.982205002025979,"Haplotype_B_Meth"
"NGS_H19_Hetero_Phased_Rep3","Read_2805",0.022182824775715,"Haplotype_A_Unmeth"
"NGS_H19_Hetero_Phased_Rep3","Read_2806",0.978469777652836,"Haplotype_B_Meth"
"NGS_H19_Hetero_Phased_Rep3","Read_2807",0.0183689338534469,"Haplotype_A_Unmeth"
"NGS_H19_Hetero_Phased_Rep3","Read_2808",0.0187742327353456,"Haplotype_A_Unmeth"
"NGS_H19_Hetero_Phased_Rep3","Read_2809",0.986009528602561,"Haplotype_B_Meth"
"NGS_H19_Hetero_Phased_Rep3","Read_2810",0.0136656667187804,"Haplotype_A_Unmeth"
"NGS_H19_Hetero_Phased_Rep3","Read_2811",0.0213212305475775,"Haplotype_A_Unmeth"
"NGS_H19_Hetero_Phased_Rep3","Read_2812",0.0192858325452585,"Haplotype_A_Unmeth"
"NGS_H19_Hetero_Phased_Rep3","Read_2813",0.979597994316336,"Haplotype_B_Meth"
"NGS_H19_Hetero_Phased_Rep3","Read_2814",0.974094457025861,"Haplotype_B_Meth"
"NGS_H19_Hetero_Phased_Rep3","Read_2815",0.0168371622851998,"Haplotype_A_Unmeth"
"NGS_H19_Hetero_Phased_Rep3","Read_2816",0.0244971993043119,"Haplotype_A_Unmeth"
"NGS_H19_Hetero_Phased_Rep3","Read_2817",0.01801210393985,"Haplotype_A_Unmeth"
"NGS_H19_Hetero_Phased_Rep3","Read_2818",0.0186960723392019,"Haplotype_A_Unmeth"
"NGS_H19_Hetero_Phased_Rep3","Read_2819",0.0268819946586889,"Haplotype_A_Unmeth"
"NGS_H19_Hetero_Phased_Rep3","Read_2820",0.0275231427499372,"Haplotype_A_Unmeth"
"NGS_H19_Hetero_Phased_Rep3","Read_2821",0.0252904490991496,"Haplotype_A_Unmeth"
"NGS_H19_Hetero_Phased_Rep3","Read_2822",0.0229604000403443,"Haplotype_A_Unmeth"
"NGS_H19_Hetero_Phased_Rep3","Read_2823",0.0173670993694235,"Haplotype_A_Unmeth"
"NGS_H19_Hetero_Phased_Rep3","Read_2824",0.983633471699651,"Haplotype_B_Meth"
"NGS_H19_Hetero_Phased_Rep3","Read_2825",0.0179059408234197,"Haplotype_A_Unmeth"
"NGS_H19_Hetero_Phased_Rep3","Read_2826",0.9807473906891,"Haplotype_B_Meth"
"NGS_H19_Hetero_Phased_Rep3","Read_2827",0.0148590209701714,"Haplotype_A_Unmeth"
"NGS_H19_Hetero_Phased_Rep3","Read_2828",0.0168944336379314,"Haplotype_A_Unmeth"
"NGS_H19_Hetero_Phased_Rep3","Read_2829",0.981226940554214,"Haplotype_B_Meth"
"NGS_H19_Hetero_Phased_Rep3","Read_2830",0.0168432420716273,"Haplotype_A_Unmeth"
"NGS_H19_Hetero_Phased_Rep3","Read_2831",0.980518642400629,"Haplotype_B_Meth"
"NGS_H19_Hetero_Phased_Rep3","Read_2832",0.985783088932285,"Haplotype_B_Meth"
"NGS_H19_Hetero_Phased_Rep3","Read_2833",0.0243631173018755,"Haplotype_A_Unmeth"
"NGS_H19_Hetero_Phased_Rep3","Read_2834",0.0255923326958833,"Haplotype_A_Unmeth"
"NGS_H19_Hetero_Phased_Rep3","Read_2835",0.984049413800892,"Haplotype_B_Meth"
"NGS_H19_Hetero_Phased_Rep3","Read_2836",0.979626935820619,"Haplotype_B_Meth"
"NGS_H19_Hetero_Phased_Rep3","Read_2837",0.979621993999912,"Haplotype_B_Meth"
"NGS_H19_Hetero_Phased_Rep3","Read_2838",0.979664663445376,"Haplotype_B_Meth"
"NGS_H19_Hetero_Phased_Rep3","Read_2839",0.981948419982315,"Haplotype_B_Meth"
"NGS_H19_Hetero_Phased_Rep3","Read_2840",0.0173886862631482,"Haplotype_A_Unmeth"
"NGS_H19_Hetero_Phased_Rep3","Read_2841",0.980812238585196,"Haplotype_B_Meth"
"NGS_H19_Hetero_Phased_Rep3","Read_2842",0.972295410795384,"Haplotype_B_Meth"
"NGS_H19_Hetero_Phased_Rep3","Read_2843",0.0221123628640735,"Haplotype_A_Unmeth"
"NGS_H19_Hetero_Phased_Rep3","Read_2844",0.0231310104926207,"Haplotype_A_Unmeth"
"NGS_H19_Hetero_Phased_Rep3","Read_2845",0.0189603136208122,"Haplotype_A_Unmeth"
"NGS_H19_Hetero_Phased_Rep3","Read_2846",0.0154325582265009,"Haplotype_A_Unmeth"
"NGS_H19_Hetero_Phased_Rep3","Read_2847",0.0338446224133165,"Haplotype_A_Unmeth"
"NGS_H19_Hetero_Phased_Rep3","Read_2848",0.0204337491371403,"Haplotype_A_Unmeth"
"NGS_H19_Hetero_Phased_Rep3","Read_2849",0.0246398594711432,"Haplotype_A_Unmeth"
"NGS_H19_Hetero_Phased_Rep3","Read_2850",0.0231928431835339,"Haplotype_A_Unmeth"
"NGS_H19_Hetero_Phased_Rep3","Read_2851",0.980394511369701,"Haplotype_B_Meth"
"NGS_H19_Hetero_Phased_Rep3","Read_2852",0.0189503890261378,"Haplotype_A_Unmeth"
"NGS_H19_Hetero_Phased_Rep3","Read_2853",0.983252964629631,"Haplotype_B_Meth"
"NGS_H19_Hetero_Phased_Rep3","Read_2854",0.975479502038425,"Haplotype_B_Meth"
"NGS_H19_Hetero_Phased_Rep3","Read_2855",0.0187152072702336,"Haplotype_A_Unmeth"
"NGS_H19_Hetero_Phased_Rep3","Read_2856",0.974729829915388,"Haplotype_B_Meth"
"NGS_H19_Hetero_Phased_Rep3","Read_2857",0.984519474692103,"Haplotype_B_Meth"
"NGS_H19_Hetero_Phased_Rep3","Read_2858",0.973812689650388,"Haplotype_B_Meth"
"NGS_H19_Hetero_Phased_Rep3","Read_2859",0.0167181952205776,"Haplotype_A_Unmeth"
"NGS_H19_Hetero_Phased_Rep3","Read_2860",0.0134656063784043,"Haplotype_A_Unmeth"
"NGS_H19_Hetero_Phased_Rep3","Read_2861",0.974256799824789,"Haplotype_B_Meth"
"NGS_H19_Hetero_Phased_Rep3","Read_2862",0.98130121911413,"Haplotype_B_Meth"
"NGS_H19_Hetero_Phased_Rep3","Read_2863",0.0159639346029133,"Haplotype_A_Unmeth"
"NGS_H19_Hetero_Phased_Rep3","Read_2864",0.982332070942628,"Haplotype_B_Meth"
"NGS_H19_Hetero_Phased_Rep3","Read_2865",0.982206511064537,"Haplotype_B_Meth"
"NGS_H19_Hetero_Phased_Rep3","Read_2866",0.0211753895350006,"Haplotype_A_Unmeth"
"NGS_H19_Hetero_Phased_Rep3","Read_2867",0.983803111561354,"Haplotype_B_Meth"
"NGS_H19_Hetero_Phased_Rep3","Read_2868",0.0179686124256093,"Haplotype_A_Unmeth"
"NGS_H19_Hetero_Phased_Rep3","Read_2869",0.0151664693628237,"Haplotype_A_Unmeth"
"NGS_H19_Hetero_Phased_Rep3","Read_2870",0.018634750486908,"Haplotype_A_Unmeth"
"NGS_H19_Hetero_Phased_Rep3","Read_2871",0.0243132409176678,"Haplotype_A_Unmeth"
"NGS_H19_Hetero_Phased_Rep3","Read_2872",0.0206589394457195,"Haplotype_A_Unmeth"
"NGS_H19_Hetero_Phased_Rep3","Read_2873",0.0114018163029183,"Haplotype_A_Unmeth"
"NGS_H19_Hetero_Phased_Rep3","Read_2874",0.0231589362128895,"Haplotype_A_Unmeth"
"NGS_H19_Hetero_Phased_Rep3","Read_2875",0.976626781564177,"Haplotype_B_Meth"
"NGS_H19_Hetero_Phased_Rep3","Read_2876",0.976434418506176,"Haplotype_B_Meth"
"NGS_H19_Hetero_Phased_Rep3","Read_2877",0.980544569533512,"Haplotype_B_Meth"
"NGS_H19_Hetero_Phased_Rep3","Read_2878",0.986860320677117,"Haplotype_B_Meth"
"NGS_H19_Hetero_Phased_Rep3","Read_2879",0.978490394036895,"Haplotype_B_Meth"
"NGS_H19_Hetero_Phased_Rep3","Read_2880",0.986568590236631,"Haplotype_B_Meth"
"NGS_H19_Hetero_Phased_Rep3","Read_2881",0.980384984610069,"Haplotype_B_Meth"
"NGS_H19_Hetero_Phased_Rep3","Read_2882",0.0140599722123181,"Haplotype_A_Unmeth"
"NGS_H19_Hetero_Phased_Rep3","Read_2883",0.0159005804234754,"Haplotype_A_Unmeth"
"NGS_H19_Hetero_Phased_Rep3","Read_2884",0.0224792282539836,"Haplotype_A_Unmeth"
"NGS_H19_Hetero_Phased_Rep3","Read_2885",0.0163262751318942,"Haplotype_A_Unmeth"
"NGS_H19_Hetero_Phased_Rep3","Read_2886",0.98275876943516,"Haplotype_B_Meth"
"NGS_H19_Hetero_Phased_Rep3","Read_2887",0.0150206108509687,"Haplotype_A_Unmeth"
"NGS_H19_Hetero_Phased_Rep3","Read_2888",0.0270172366248302,"Haplotype_A_Unmeth"
"NGS_H19_Hetero_Phased_Rep3","Read_2889",0.0156415372036016,"Haplotype_A_Unmeth"
"NGS_H19_Hetero_Phased_Rep3","Read_2890",0.97729579210517,"Haplotype_B_Meth"
"NGS_H19_Hetero_Phased_Rep3","Read_2891",0.0310003419727979,"Haplotype_A_Unmeth"
"NGS_H19_Hetero_Phased_Rep3","Read_2892",0.0224091498217644,"Haplotype_A_Unmeth"
"NGS_H19_Hetero_Phased_Rep3","Read_2893",0.015866898578236,"Haplotype_A_Unmeth"
"NGS_H19_Hetero_Phased_Rep3","Read_2894",0.978108703479614,"Haplotype_B_Meth"
"NGS_H19_Hetero_Phased_Rep3","Read_2895",0.98485559487199,"Haplotype_B_Meth"
"NGS_H19_Hetero_Phased_Rep3","Read_2896",0.0223258494742777,"Haplotype_A_Unmeth"
"NGS_H19_Hetero_Phased_Rep3","Read_2897",0.985602184992545,"Haplotype_B_Meth"
"NGS_H19_Hetero_Phased_Rep3","Read_2898",0.0189224237535846,"Haplotype_A_Unmeth"
"NGS_H19_Hetero_Phased_Rep3","Read_2899",0.0167578501875449,"Haplotype_A_Unmeth"
"NGS_H19_Hetero_Phased_Rep3","Read_2900",0.0186372723313907,"Haplotype_A_Unmeth"
"NGS_H19_Hetero_Phased_Rep3","Read_2901",0.0199646733606529,"Haplotype_A_Unmeth"
"NGS_H19_Hetero_Phased_Rep3","Read_2902",0.982376998460579,"Haplotype_B_Meth"
"NGS_H19_Hetero_Phased_Rep3","Read_2903",0.985044309283231,"Haplotype_B_Meth"
"NGS_H19_Hetero_Phased_Rep3","Read_2904",0.024294399520255,"Haplotype_A_Unmeth"
"NGS_H19_Hetero_Phased_Rep3","Read_2905",0.0233997834794174,"Haplotype_A_Unmeth"
"NGS_H19_Hetero_Phased_Rep3","Read_2906",0.0263858485411031,"Haplotype_A_Unmeth"
"NGS_H19_Hetero_Phased_Rep3","Read_2907",0.0280332316229859,"Haplotype_A_Unmeth"
"NGS_H19_Hetero_Phased_Rep3","Read_2908",0.0146080127187742,"Haplotype_A_Unmeth"
"NGS_H19_Hetero_Phased_Rep3","Read_2909",0.970315376651365,"Haplotype_B_Meth"
"NGS_H19_Hetero_Phased_Rep3","Read_2910",0.0199442221387787,"Haplotype_A_Unmeth"
"NGS_H19_Hetero_Phased_Rep3","Read_2911",0.0203228460217997,"Haplotype_A_Unmeth"
"NGS_H19_Hetero_Phased_Rep3","Read_2912",0.025400770920033,"Haplotype_A_Unmeth"
"NGS_H19_Hetero_Phased_Rep3","Read_2913",0.0206268831623695,"Haplotype_A_Unmeth"
"NGS_H19_Hetero_Phased_Rep3","Read_2914",0.0182700376697745,"Haplotype_A_Unmeth"
"NGS_H19_Hetero_Phased_Rep3","Read_2915",0.984078083788538,"Haplotype_B_Meth"
"NGS_H19_Hetero_Phased_Rep3","Read_2916",0.974585347190369,"Haplotype_B_Meth"
"NGS_H19_Hetero_Phased_Rep3","Read_2917",0.988924343919804,"Haplotype_B_Meth"
"NGS_H19_Hetero_Phased_Rep3","Read_2918",0.0199850813683661,"Haplotype_A_Unmeth"
"NGS_H19_Hetero_Phased_Rep3","Read_2919",0.0183162563697862,"Haplotype_A_Unmeth"
"NGS_H19_Hetero_Phased_Rep3","Read_2920",0.977151920527271,"Haplotype_B_Meth"
"NGS_H19_Hetero_Phased_Rep3","Read_2921",0.0203898620963903,"Haplotype_A_Unmeth"
"NGS_H19_Hetero_Phased_Rep3","Read_2922",0.982133916307931,"Haplotype_B_Meth"
"NGS_H19_Hetero_Phased_Rep3","Read_2923",0.0128539942758971,"Haplotype_A_Unmeth"
"NGS_H19_Hetero_Phased_Rep3","Read_2924",0.0314444747952196,"Haplotype_A_Unmeth"
"NGS_H19_Hetero_Phased_Rep3","Read_2925",0.983981027907013,"Haplotype_B_Meth"
"NGS_H19_Hetero_Phased_Rep3","Read_2926",0.0177217556832512,"Haplotype_A_Unmeth"
"NGS_H19_Hetero_Phased_Rep3","Read_2927",0.026520016012182,"Haplotype_A_Unmeth"
"NGS_H19_Hetero_Phased_Rep3","Read_2928",0.975363829119603,"Haplotype_B_Meth"
"NGS_H19_Hetero_Phased_Rep3","Read_2929",0.0155293372358967,"Haplotype_A_Unmeth"
"NGS_H19_Hetero_Phased_Rep3","Read_2930",0.980373070270744,"Haplotype_B_Meth"
"NGS_H19_Hetero_Phased_Rep3","Read_2931",0.025000070319468,"Haplotype_A_Unmeth"
"NGS_H19_Hetero_Phased_Rep3","Read_2932",0.0187588590805728,"Haplotype_A_Unmeth"
"NGS_H19_Hetero_Phased_Rep3","Read_2933",0.0237925238894193,"Haplotype_A_Unmeth"
"NGS_H19_Hetero_Phased_Rep3","Read_2934",0.982180116647049,"Haplotype_B_Meth"
"NGS_H19_Hetero_Phased_Rep3","Read_2935",0.0174093782858942,"Haplotype_A_Unmeth"
"NGS_H19_Hetero_Phased_Rep3","Read_2936",0.977265473390619,"Haplotype_B_Meth"
"NGS_H19_Hetero_Phased_Rep3","Read_2937",0.982149487545104,"Haplotype_B_Meth"
"NGS_H19_Hetero_Phased_Rep3","Read_2938",0.968660142090516,"Haplotype_B_Meth"
"NGS_H19_Hetero_Phased_Rep3","Read_2939",0.984445447543671,"Haplotype_B_Meth"
"NGS_H19_Hetero_Phased_Rep3","Read_2940",0.0241202898000692,"Haplotype_A_Unmeth"
"NGS_H19_Hetero_Phased_Rep3","Read_2941",0.0183887143563038,"Haplotype_A_Unmeth"
"NGS_H19_Hetero_Phased_Rep3","Read_2942",0.975946873395815,"Haplotype_B_Meth"
"NGS_H19_Hetero_Phased_Rep3","Read_2943",0.982787544663726,"Haplotype_B_Meth"
"NGS_H19_Hetero_Phased_Rep3","Read_2944",0.983932283513052,"Haplotype_B_Meth"
"NGS_H19_Hetero_Phased_Rep3","Read_2945",0.982018611945834,"Haplotype_B_Meth"
"NGS_H19_Hetero_Phased_Rep3","Read_2946",0.0143322271806216,"Haplotype_A_Unmeth"
"NGS_H19_Hetero_Phased_Rep3","Read_2947",0.0192898865547939,"Haplotype_A_Unmeth"
"NGS_H19_Hetero_Phased_Rep3","Read_2948",0.0149102690555085,"Haplotype_A_Unmeth"
"NGS_H19_Hetero_Phased_Rep3","Read_2949",0.981490215863891,"Haplotype_B_Meth"
"NGS_H19_Hetero_Phased_Rep3","Read_2950",0.0175254226540925,"Haplotype_A_Unmeth"
"NGS_H19_Hetero_Phased_Rep3","Read_2951",0.0174298469962193,"Haplotype_A_Unmeth"
"NGS_H19_Hetero_Phased_Rep3","Read_2952",0.981532964317391,"Haplotype_B_Meth"
"NGS_H19_Hetero_Phased_Rep3","Read_2953",0.0202741717533003,"Haplotype_A_Unmeth"
"NGS_H19_Hetero_Phased_Rep3","Read_2954",0.987033071392873,"Haplotype_B_Meth"
"NGS_H19_Hetero_Phased_Rep3","Read_2955",0.983606023089704,"Haplotype_B_Meth"
"NGS_H19_Hetero_Phased_Rep3","Read_2956",0.0173779686482036,"Haplotype_A_Unmeth"
"NGS_H19_Hetero_Phased_Rep3","Read_2957",0.017551569957109,"Haplotype_A_Unmeth"
"NGS_H19_Hetero_Phased_Rep3","Read_2958",0.987907873301333,"Haplotype_B_Meth"
"NGS_H19_Hetero_Phased_Rep3","Read_2959",0.0248862003704544,"Haplotype_A_Unmeth"
"NGS_H19_Hetero_Phased_Rep3","Read_2960",0.98123852881532,"Haplotype_B_Meth"
"NGS_H19_Hetero_Phased_Rep3","Read_2961",0.978470554996454,"Haplotype_B_Meth"
"NGS_H19_Hetero_Phased_Rep3","Read_2962",0.976293235732341,"Haplotype_B_Meth"
"NGS_H19_Hetero_Phased_Rep3","Read_2963",0.0212946734271463,"Haplotype_A_Unmeth"
"NGS_H19_Hetero_Phased_Rep3","Read_2964",0.0175159943248646,"Haplotype_A_Unmeth"
"NGS_H19_Hetero_Phased_Rep3","Read_2965",0.980570127597726,"Haplotype_B_Meth"
"NGS_H19_Hetero_Phased_Rep3","Read_2966",0.0226454270722313,"Haplotype_A_Unmeth"
"NGS_H19_Hetero_Phased_Rep3","Read_2967",0.981829469627716,"Haplotype_B_Meth"
"NGS_H19_Hetero_Phased_Rep3","Read_2968",0.975136106811067,"Haplotype_B_Meth"
"NGS_H19_Hetero_Phased_Rep3","Read_2969",0.0250404003579291,"Haplotype_A_Unmeth"
"NGS_H19_Hetero_Phased_Rep3","Read_2970",0.0228226390048429,"Haplotype_A_Unmeth"
"NGS_H19_Hetero_Phased_Rep3","Read_2971",0.978048625903757,"Haplotype_B_Meth"
"NGS_H19_Hetero_Phased_Rep3","Read_2972",0.970988833140027,"Haplotype_B_Meth"
"NGS_H19_Hetero_Phased_Rep3","Read_2973",0.0168012085292811,"Haplotype_A_Unmeth"
"NGS_H19_Hetero_Phased_Rep3","Read_2974",0.0151121932987767,"Haplotype_A_Unmeth"
"NGS_H19_Hetero_Phased_Rep3","Read_2975",0.976527079935402,"Haplotype_B_Meth"
"NGS_H19_Hetero_Phased_Rep3","Read_2976",0.0212998252488639,"Haplotype_A_Unmeth"
"NGS_H19_Hetero_Phased_Rep3","Read_2977",0.982120388646942,"Haplotype_B_Meth"
"NGS_H19_Hetero_Phased_Rep3","Read_2978",0.977032337457863,"Haplotype_B_Meth"
"NGS_H19_Hetero_Phased_Rep3","Read_2979",0.0258296598980832,"Haplotype_A_Unmeth"
"NGS_H19_Hetero_Phased_Rep3","Read_2980",0.0236963933835079,"Haplotype_A_Unmeth"
"NGS_H19_Hetero_Phased_Rep3","Read_2981",0.982203823517032,"Haplotype_B_Meth"
"NGS_H19_Hetero_Phased_Rep3","Read_2982",0.0175689442237574,"Haplotype_A_Unmeth"
"NGS_H19_Hetero_Phased_Rep3","Read_2983",0.974737484091845,"Haplotype_B_Meth"
"NGS_H19_Hetero_Phased_Rep3","Read_2984",0.982097246246986,"Haplotype_B_Meth"
"NGS_H19_Hetero_Phased_Rep3","Read_2985",0.979130192857088,"Haplotype_B_Meth"
"NGS_H19_Hetero_Phased_Rep3","Read_2986",0.976893559153692,"Haplotype_B_Meth"
"NGS_H19_Hetero_Phased_Rep3","Read_2987",0.0205180193773514,"Haplotype_A_Unmeth"
"NGS_H19_Hetero_Phased_Rep3","Read_2988",0.0189851761298486,"Haplotype_A_Unmeth"
"NGS_H19_Hetero_Phased_Rep3","Read_2989",0.982278599468565,"Haplotype_B_Meth"
"NGS_H19_Hetero_Phased_Rep3","Read_2990",0.972457258788229,"Haplotype_B_Meth"
"NGS_H19_Hetero_Phased_Rep3","Read_2991",0.982708029916526,"Haplotype_B_Meth"
"NGS_H19_Hetero_Phased_Rep3","Read_2992",0.0166167580709417,"Haplotype_A_Unmeth"
"NGS_H19_Hetero_Phased_Rep3","Read_2993",0.0251848261693478,"Haplotype_A_Unmeth"
"NGS_H19_Hetero_Phased_Rep3","Read_2994",0.969229194547241,"Haplotype_B_Meth"
"NGS_H19_Hetero_Phased_Rep3","Read_2995",0.978323611016199,"Haplotype_B_Meth"
"NGS_H19_Hetero_Phased_Rep3","Read_2996",0.98971304394048,"Haplotype_B_Meth"
"NGS_H19_Hetero_Phased_Rep3","Read_2997",0.0162253509046897,"Haplotype_A_Unmeth"
"NGS_H19_Hetero_Phased_Rep3","Read_2998",0.0200735925155479,"Haplotype_A_Unmeth"
"NGS_H19_Hetero_Phased_Rep3","Read_2999",0.974114445252431,"Haplotype_B_Meth"
"NGS_H19_Hetero_Phased_Rep3","Read_3000",0.0199626372722533,"Haplotype_A_Unmeth"
