"Sample","ReadID","sampled_methylation","allele"
"NGS_H19_LOI_Rep3","Read_1",0.978943741104662,"Subpopulation_1"
"NGS_H19_LOI_Rep3","Read_2",0.984928174687261,"Subpopulation_1"
"NGS_H19_LOI_Rep3","Read_3",0.97448224427589,"Subpopulation_1"
"NGS_H19_LOI_Rep3","Read_4",0.982295159908116,"Subpopulation_1"
"NGS_H19_LOI_Rep3","Read_5",0.979228943731881,"Subpopulation_1"
"NGS_H19_LOI_Rep3","Read_6",0.981096501570774,"Subpopulation_1"
"NGS_H19_LOI_Rep3","Read_7",0.980629114130846,"Subpopulation_1"
"NGS_H19_LOI_Rep3","Read_8",0.974937038175103,"Subpopulation_1"
"NGS_H19_LOI_Rep3","Read_9",0.980510623397494,"Subpopulation_1"
"NGS_H19_LOI_Rep3","Read_10",0.983531547172962,"Subpopulation_1"
"NGS_H19_LOI_Rep3","Read_11",0.98362444992192,"Subpopulation_1"
"NGS_H19_LOI_Rep3","Read_12",0.979606468271431,"Subpopulation_1"
"NGS_H19_LOI_Rep3","Read_13",0.969352347142184,"Subpopulation_1"
"NGS_H19_LOI_Rep3","Read_14",0.974645483155709,"Subpopulation_1"
"NGS_H19_LOI_Rep3","Read_15",0.976036265650737,"Subpopulation_1"
"NGS_H19_LOI_Rep3","Read_16",0.9784829092686,"Subpopulation_1"
"NGS_H19_LOI_Rep3","Read_17",0.983757262195167,"Subpopulation_1"
"NGS_H19_LOI_Rep3","Read_18",0.982956015406356,"Subpopulation_1"
"NGS_H19_LOI_Rep3","Read_19",0.981754468127102,"Subpopulation_1"
"NGS_H19_LOI_Rep3","Read_20",0.987055584341286,"Subpopulation_1"
"NGS_H19_LOI_Rep3","Read_21",0.979951089031764,"Subpopulation_1"
"NGS_H19_LOI_Rep3","Read_22",0.97664509170304,"Subpopulation_1"
"NGS_H19_LOI_Rep3","Read_23",0.98653907083769,"Subpopulation_1"
"NGS_H19_LOI_Rep3","Read_24",0.978973427666443,"Subpopulation_1"
"NGS_H19_LOI_Rep3","Read_25",0.985535367005376,"Subpopulation_1"
"NGS_H19_LOI_Rep3","Read_26",0.984849472323842,"Subpopulation_1"
"NGS_H19_LOI_Rep3","Read_27",0.985024277945654,"Subpopulation_1"
"NGS_H19_LOI_Rep3","Read_28",0.980605049118673,"Subpopulation_1"
"NGS_H19_LOI_Rep3","Read_29",0.982794055935921,"Subpopulation_1"
"NGS_H19_LOI_Rep3","Read_30",0.978664214473218,"Subpopulation_1"
"NGS_H19_LOI_Rep3","Read_31",0.981281057404981,"Subpopulation_1"
"NGS_H19_LOI_Rep3","Read_32",0.982169026329206,"Subpopulation_1"
"NGS_H19_LOI_Rep3","Read_33",0.983421050185971,"Subpopulation_1"
"NGS_H19_LOI_Rep3","Read_34",0.985394823261983,"Subpopulation_1"
"NGS_H19_LOI_Rep3","Read_35",0.968773800534213,"Subpopulation_1"
"NGS_H19_LOI_Rep3","Read_36",0.97720852303977,"Subpopulation_1"
"NGS_H19_LOI_Rep3","Read_37",0.988683870668209,"Subpopulation_1"
"NGS_H19_LOI_Rep3","Read_38",0.988590646982772,"Subpopulation_1"
"NGS_H19_LOI_Rep3","Read_39",0.975942463224354,"Subpopulation_1"
"NGS_H19_LOI_Rep3","Read_40",0.98020003265098,"Subpopulation_1"
"NGS_H19_LOI_Rep3","Read_41",0.981499631160248,"Subpopulation_1"
"NGS_H19_LOI_Rep3","Read_42",0.973835790200657,"Subpopulation_1"
"NGS_H19_LOI_Rep3","Read_43",0.978069835313599,"Subpopulation_1"
"NGS_H19_LOI_Rep3","Read_44",0.981667747137878,"Subpopulation_1"
"NGS_H19_LOI_Rep3","Read_45",0.976603985691862,"Subpopulation_1"
"NGS_H19_LOI_Rep3","Read_46",0.971474900730921,"Subpopulation_1"
"NGS_H19_LOI_Rep3","Read_47",0.984418728266537,"Subpopulation_1"
"NGS_H19_LOI_Rep3","Read_48",0.976972884710816,"Subpopulation_1"
"NGS_H19_LOI_Rep3","Read_49",0.983546117312617,"Subpopulation_1"
"NGS_H19_LOI_Rep3","Read_50",0.981919893091741,"Subpopulation_1"
"NGS_H19_LOI_Rep3","Read_51",0.979103898923334,"Subpopulation_1"
"NGS_H19_LOI_Rep3","Read_52",0.982017851170787,"Subpopulation_1"
"NGS_H19_LOI_Rep3","Read_53",0.971310646092165,"Subpopulation_1"
"NGS_H19_LOI_Rep3","Read_54",0.983772620704622,"Subpopulation_1"
"NGS_H19_LOI_Rep3","Read_55",0.976627986732838,"Subpopulation_1"
"NGS_H19_LOI_Rep3","Read_56",0.983405302324773,"Subpopulation_1"
"NGS_H19_LOI_Rep3","Read_57",0.981862726434006,"Subpopulation_1"
"NGS_H19_LOI_Rep3","Read_58",0.98571936553007,"Subpopulation_1"
"NGS_H19_LOI_Rep3","Read_59",0.980943674729397,"Subpopulation_1"
"NGS_H19_LOI_Rep3","Read_60",0.978575857893555,"Subpopulation_1"
"NGS_H19_LOI_Rep3","Read_61",0.983994856185657,"Subpopulation_1"
"NGS_H19_LOI_Rep3","Read_62",0.989060089889442,"Subpopulation_1"
"NGS_H19_LOI_Rep3","Read_63",0.980557691309474,"Subpopulation_1"
"NGS_H19_LOI_Rep3","Read_64",0.979396459993518,"Subpopulation_1"
"NGS_H19_LOI_Rep3","Read_65",0.9880644549223,"Subpopulation_1"
"NGS_H19_LOI_Rep3","Read_66",0.977884867538145,"Subpopulation_1"
"NGS_H19_LOI_Rep3","Read_67",0.985160766881084,"Subpopulation_1"
"NGS_H19_LOI_Rep3","Read_68",0.9759844402932,"Subpopulation_1"
"NGS_H19_LOI_Rep3","Read_69",0.982342735077784,"Subpopulation_1"
"NGS_H19_LOI_Rep3","Read_70",0.980556523303813,"Subpopulation_1"
"NGS_H19_LOI_Rep3","Read_71",0.975667607816682,"Subpopulation_1"
"NGS_H19_LOI_Rep3","Read_72",0.975259794102378,"Subpopulation_1"
"NGS_H19_LOI_Rep3","Read_73",0.983374325863405,"Subpopulation_1"
"NGS_H19_LOI_Rep3","Read_74",0.983231293840484,"Subpopulation_1"
"NGS_H19_LOI_Rep3","Read_75",0.981434458687986,"Subpopulation_1"
"NGS_H19_LOI_Rep3","Read_76",0.983346879555552,"Subpopulation_1"
"NGS_H19_LOI_Rep3","Read_77",0.98039959108472,"Subpopulation_1"
"NGS_H19_LOI_Rep3","Read_78",0.976046730292444,"Subpopulation_1"
"NGS_H19_LOI_Rep3","Read_79",0.98821501727618,"Subpopulation_1"
"NGS_H19_LOI_Rep3","Read_80",0.986915107164773,"Subpopulation_1"
"NGS_H19_LOI_Rep3","Read_81",0.978315411737701,"Subpopulation_1"
"NGS_H19_LOI_Rep3","Read_82",0.982238536307884,"Subpopulation_1"
"NGS_H19_LOI_Rep3","Read_83",0.975548729540054,"Subpopulation_1"
"NGS_H19_LOI_Rep3","Read_84",0.9838189811489,"Subpopulation_1"
"NGS_H19_LOI_Rep3","Read_85",0.986266186391764,"Subpopulation_1"
"NGS_H19_LOI_Rep3","Read_86",0.96986190312234,"Subpopulation_1"
"NGS_H19_LOI_Rep3","Read_87",0.974826103708589,"Subpopulation_1"
"NGS_H19_LOI_Rep3","Read_88",0.981303194241162,"Subpopulation_1"
"NGS_H19_LOI_Rep3","Read_89",0.979965838861187,"Subpopulation_1"
"NGS_H19_LOI_Rep3","Read_90",0.978231805097784,"Subpopulation_1"
"NGS_H19_LOI_Rep3","Read_91",0.983588982720307,"Subpopulation_1"
"NGS_H19_LOI_Rep3","Read_92",0.98991730506539,"Subpopulation_1"
"NGS_H19_LOI_Rep3","Read_93",0.978078764105507,"Subpopulation_1"
"NGS_H19_LOI_Rep3","Read_94",0.983699412672056,"Subpopulation_1"
"NGS_H19_LOI_Rep3","Read_95",0.977089663733979,"Subpopulation_1"
"NGS_H19_LOI_Rep3","Read_96",0.974342116438581,"Subpopulation_1"
"NGS_H19_LOI_Rep3","Read_97",0.981517218795634,"Subpopulation_1"
"NGS_H19_LOI_Rep3","Read_98",0.981080954429684,"Subpopulation_1"
"NGS_H19_LOI_Rep3","Read_99",0.975443551100081,"Subpopulation_1"
"NGS_H19_LOI_Rep3","Read_100",0.981695298225139,"Subpopulation_1"
"NGS_H19_LOI_Rep3","Read_101",0.977582014385525,"Subpopulation_1"
"NGS_H19_LOI_Rep3","Read_102",0.982455152833552,"Subpopulation_1"
"NGS_H19_LOI_Rep3","Read_103",0.974365713342298,"Subpopulation_1"
"NGS_H19_LOI_Rep3","Read_104",0.982802368156343,"Subpopulation_1"
"NGS_H19_LOI_Rep3","Read_105",0.987232756229897,"Subpopulation_1"
"NGS_H19_LOI_Rep3","Read_106",0.982442240978775,"Subpopulation_1"
"NGS_H19_LOI_Rep3","Read_107",0.97789435814936,"Subpopulation_1"
"NGS_H19_LOI_Rep3","Read_108",0.971922473274296,"Subpopulation_1"
"NGS_H19_LOI_Rep3","Read_109",0.981575156334335,"Subpopulation_1"
"NGS_H19_LOI_Rep3","Read_110",0.976027985203542,"Subpopulation_1"
"NGS_H19_LOI_Rep3","Read_111",0.987037486919702,"Subpopulation_1"
"NGS_H19_LOI_Rep3","Read_112",0.983374170948633,"Subpopulation_1"
"NGS_H19_LOI_Rep3","Read_113",0.982320146586295,"Subpopulation_1"
"NGS_H19_LOI_Rep3","Read_114",0.975829020812365,"Subpopulation_1"
"NGS_H19_LOI_Rep3","Read_115",0.981296793772444,"Subpopulation_1"
"NGS_H19_LOI_Rep3","Read_116",0.982458127502823,"Subpopulation_1"
"NGS_H19_LOI_Rep3","Read_117",0.976906971868796,"Subpopulation_1"
"NGS_H19_LOI_Rep3","Read_118",0.984365591084895,"Subpopulation_1"
"NGS_H19_LOI_Rep3","Read_119",0.968415555776892,"Subpopulation_1"
"NGS_H19_LOI_Rep3","Read_120",0.979047254398461,"Subpopulation_1"
"NGS_H19_LOI_Rep3","Read_121",0.98006059558207,"Subpopulation_1"
"NGS_H19_LOI_Rep3","Read_122",0.988655773822698,"Subpopulation_1"
"NGS_H19_LOI_Rep3","Read_123",0.979421382886152,"Subpopulation_1"
"NGS_H19_LOI_Rep3","Read_124",0.981823210585686,"Subpopulation_1"
"NGS_H19_LOI_Rep3","Read_125",0.9748052973392,"Subpopulation_1"
"NGS_H19_LOI_Rep3","Read_126",0.975428242273633,"Subpopulation_1"
"NGS_H19_LOI_Rep3","Read_127",0.967613298016756,"Subpopulation_1"
"NGS_H19_LOI_Rep3","Read_128",0.978280464735739,"Subpopulation_1"
"NGS_H19_LOI_Rep3","Read_129",0.976618478250279,"Subpopulation_1"
"NGS_H19_LOI_Rep3","Read_130",0.970099424672049,"Subpopulation_1"
"NGS_H19_LOI_Rep3","Read_131",0.982520423815834,"Subpopulation_1"
"NGS_H19_LOI_Rep3","Read_132",0.973190406302984,"Subpopulation_1"
"NGS_H19_LOI_Rep3","Read_133",0.980214005217834,"Subpopulation_1"
"NGS_H19_LOI_Rep3","Read_134",0.989340520295376,"Subpopulation_1"
"NGS_H19_LOI_Rep3","Read_135",0.985277144446558,"Subpopulation_1"
"NGS_H19_LOI_Rep3","Read_136",0.983187695991409,"Subpopulation_1"
"NGS_H19_LOI_Rep3","Read_137",0.984063569899097,"Subpopulation_1"
"NGS_H19_LOI_Rep3","Read_138",0.98417855243442,"Subpopulation_1"
"NGS_H19_LOI_Rep3","Read_139",0.984777338044448,"Subpopulation_1"
"NGS_H19_LOI_Rep3","Read_140",0.981198549573551,"Subpopulation_1"
"NGS_H19_LOI_Rep3","Read_141",0.972585549536838,"Subpopulation_1"
"NGS_H19_LOI_Rep3","Read_142",0.982696447669084,"Subpopulation_1"
"NGS_H19_LOI_Rep3","Read_143",0.974896183131156,"Subpopulation_1"
"NGS_H19_LOI_Rep3","Read_144",0.984657196967385,"Subpopulation_1"
"NGS_H19_LOI_Rep3","Read_145",0.97805277440808,"Subpopulation_1"
"NGS_H19_LOI_Rep3","Read_146",0.979054009414484,"Subpopulation_1"
"NGS_H19_LOI_Rep3","Read_147",0.986460034665882,"Subpopulation_1"
"NGS_H19_LOI_Rep3","Read_148",0.982164645393601,"Subpopulation_1"
"NGS_H19_LOI_Rep3","Read_149",0.979534030590347,"Subpopulation_1"
"NGS_H19_LOI_Rep3","Read_150",0.98298878294387,"Subpopulation_1"
"NGS_H19_LOI_Rep3","Read_151",0.975766909133766,"Subpopulation_1"
"NGS_H19_LOI_Rep3","Read_152",0.979654086801655,"Subpopulation_1"
"NGS_H19_LOI_Rep3","Read_153",0.974040806712033,"Subpopulation_1"
"NGS_H19_LOI_Rep3","Read_154",0.982979951966718,"Subpopulation_1"
"NGS_H19_LOI_Rep3","Read_155",0.984625331143553,"Subpopulation_1"
"NGS_H19_LOI_Rep3","Read_156",0.982609637050593,"Subpopulation_1"
"NGS_H19_LOI_Rep3","Read_157",0.988129279635175,"Subpopulation_1"
"NGS_H19_LOI_Rep3","Read_158",0.978660815513177,"Subpopulation_1"
"NGS_H19_LOI_Rep3","Read_159",0.968653150618855,"Subpopulation_1"
"NGS_H19_LOI_Rep3","Read_160",0.978956267258415,"Subpopulation_1"
"NGS_H19_LOI_Rep3","Read_161",0.978084736522409,"Subpopulation_1"
"NGS_H19_LOI_Rep3","Read_162",0.973338433780636,"Subpopulation_1"
"NGS_H19_LOI_Rep3","Read_163",0.971793202202426,"Subpopulation_1"
"NGS_H19_LOI_Rep3","Read_164",0.985254221805988,"Subpopulation_1"
"NGS_H19_LOI_Rep3","Read_165",0.986172497697038,"Subpopulation_1"
"NGS_H19_LOI_Rep3","Read_166",0.984075891646478,"Subpopulation_1"
"NGS_H19_LOI_Rep3","Read_167",0.973453708966344,"Subpopulation_1"
"NGS_H19_LOI_Rep3","Read_168",0.974798254504475,"Subpopulation_1"
"NGS_H19_LOI_Rep3","Read_169",0.979384065688149,"Subpopulation_1"
"NGS_H19_LOI_Rep3","Read_170",0.976746262225591,"Subpopulation_1"
"NGS_H19_LOI_Rep3","Read_171",0.980020997003115,"Subpopulation_1"
"NGS_H19_LOI_Rep3","Read_172",0.983702709628308,"Subpopulation_1"
"NGS_H19_LOI_Rep3","Read_173",0.979721204116728,"Subpopulation_1"
"NGS_H19_LOI_Rep3","Read_174",0.979738375025389,"Subpopulation_1"
"NGS_H19_LOI_Rep3","Read_175",0.98440358425311,"Subpopulation_1"
"NGS_H19_LOI_Rep3","Read_176",0.980125358633243,"Subpopulation_1"
"NGS_H19_LOI_Rep3","Read_177",0.98133198699652,"Subpopulation_1"
"NGS_H19_LOI_Rep3","Read_178",0.983532977230146,"Subpopulation_1"
"NGS_H19_LOI_Rep3","Read_179",0.983375644665408,"Subpopulation_1"
"NGS_H19_LOI_Rep3","Read_180",0.979991055730693,"Subpopulation_1"
"NGS_H19_LOI_Rep3","Read_181",0.980224607768403,"Subpopulation_1"
"NGS_H19_LOI_Rep3","Read_182",0.984455250160358,"Subpopulation_1"
"NGS_H19_LOI_Rep3","Read_183",0.974816648488899,"Subpopulation_1"
"NGS_H19_LOI_Rep3","Read_184",0.979190989651209,"Subpopulation_1"
"NGS_H19_LOI_Rep3","Read_185",0.976370989898857,"Subpopulation_1"
"NGS_H19_LOI_Rep3","Read_186",0.969900363389029,"Subpopulation_1"
"NGS_H19_LOI_Rep3","Read_187",0.972570564178254,"Subpopulation_1"
"NGS_H19_LOI_Rep3","Read_188",0.983517901919318,"Subpopulation_1"
"NGS_H19_LOI_Rep3","Read_189",0.967174842467862,"Subpopulation_1"
"NGS_H19_LOI_Rep3","Read_190",0.98011549113552,"Subpopulation_1"
"NGS_H19_LOI_Rep3","Read_191",0.979710273061669,"Subpopulation_1"
"NGS_H19_LOI_Rep3","Read_192",0.984197335377942,"Subpopulation_1"
"NGS_H19_LOI_Rep3","Read_193",0.984006727810356,"Subpopulation_1"
"NGS_H19_LOI_Rep3","Read_194",0.984052120087594,"Subpopulation_1"
"NGS_H19_LOI_Rep3","Read_195",0.982906238560647,"Subpopulation_1"
"NGS_H19_LOI_Rep3","Read_196",0.984557755030699,"Subpopulation_1"
"NGS_H19_LOI_Rep3","Read_197",0.982122778063686,"Subpopulation_1"
"NGS_H19_LOI_Rep3","Read_198",0.981271761127266,"Subpopulation_1"
"NGS_H19_LOI_Rep3","Read_199",0.976463020833371,"Subpopulation_1"
"NGS_H19_LOI_Rep3","Read_200",0.977007482307585,"Subpopulation_1"
"NGS_H19_LOI_Rep3","Read_201",0.980502051770523,"Subpopulation_1"
"NGS_H19_LOI_Rep3","Read_202",0.976309047347579,"Subpopulation_1"
"NGS_H19_LOI_Rep3","Read_203",0.982455016594046,"Subpopulation_1"
"NGS_H19_LOI_Rep3","Read_204",0.978223772960758,"Subpopulation_1"
"NGS_H19_LOI_Rep3","Read_205",0.973344471699539,"Subpopulation_1"
"NGS_H19_LOI_Rep3","Read_206",0.981677921759002,"Subpopulation_1"
"NGS_H19_LOI_Rep3","Read_207",0.97633189191632,"Subpopulation_1"
"NGS_H19_LOI_Rep3","Read_208",0.976998743836678,"Subpopulation_1"
"NGS_H19_LOI_Rep3","Read_209",0.985611228333113,"Subpopulation_1"
"NGS_H19_LOI_Rep3","Read_210",0.967450946697021,"Subpopulation_1"
"NGS_H19_LOI_Rep3","Read_211",0.986732028039294,"Subpopulation_1"
"NGS_H19_LOI_Rep3","Read_212",0.979917823413946,"Subpopulation_1"
"NGS_H19_LOI_Rep3","Read_213",0.981441975269252,"Subpopulation_1"
"NGS_H19_LOI_Rep3","Read_214",0.978525108663902,"Subpopulation_1"
"NGS_H19_LOI_Rep3","Read_215",0.982598134198563,"Subpopulation_1"
"NGS_H19_LOI_Rep3","Read_216",0.982031610396778,"Subpopulation_1"
"NGS_H19_LOI_Rep3","Read_217",0.979558812549108,"Subpopulation_1"
"NGS_H19_LOI_Rep3","Read_218",0.983409974526425,"Subpopulation_1"
"NGS_H19_LOI_Rep3","Read_219",0.982870150535643,"Subpopulation_1"
"NGS_H19_LOI_Rep3","Read_220",0.984467434523971,"Subpopulation_1"
"NGS_H19_LOI_Rep3","Read_221",0.985302964860204,"Subpopulation_1"
"NGS_H19_LOI_Rep3","Read_222",0.973224729250844,"Subpopulation_1"
"NGS_H19_LOI_Rep3","Read_223",0.983390248399181,"Subpopulation_1"
"NGS_H19_LOI_Rep3","Read_224",0.972065533755484,"Subpopulation_1"
"NGS_H19_LOI_Rep3","Read_225",0.982459007982398,"Subpopulation_1"
"NGS_H19_LOI_Rep3","Read_226",0.97984861224032,"Subpopulation_1"
"NGS_H19_LOI_Rep3","Read_227",0.977322938421922,"Subpopulation_1"
"NGS_H19_LOI_Rep3","Read_228",0.988367950742211,"Subpopulation_1"
"NGS_H19_LOI_Rep3","Read_229",0.979472205757726,"Subpopulation_1"
"NGS_H19_LOI_Rep3","Read_230",0.981250355227735,"Subpopulation_1"
"NGS_H19_LOI_Rep3","Read_231",0.977043908320386,"Subpopulation_1"
"NGS_H19_LOI_Rep3","Read_232",0.976843340342464,"Subpopulation_1"
"NGS_H19_LOI_Rep3","Read_233",0.984220629905668,"Subpopulation_1"
"NGS_H19_LOI_Rep3","Read_234",0.974019127381971,"Subpopulation_1"
"NGS_H19_LOI_Rep3","Read_235",0.98913332303962,"Subpopulation_1"
"NGS_H19_LOI_Rep3","Read_236",0.97453643049354,"Subpopulation_1"
"NGS_H19_LOI_Rep3","Read_237",0.979841135651441,"Subpopulation_1"
"NGS_H19_LOI_Rep3","Read_238",0.981503656173692,"Subpopulation_1"
"NGS_H19_LOI_Rep3","Read_239",0.972100770443803,"Subpopulation_1"
"NGS_H19_LOI_Rep3","Read_240",0.978176089136666,"Subpopulation_1"
"NGS_H19_LOI_Rep3","Read_241",0.983913186172751,"Subpopulation_1"
"NGS_H19_LOI_Rep3","Read_242",0.984368378895123,"Subpopulation_1"
"NGS_H19_LOI_Rep3","Read_243",0.984719192293461,"Subpopulation_1"
"NGS_H19_LOI_Rep3","Read_244",0.979965642604398,"Subpopulation_1"
"NGS_H19_LOI_Rep3","Read_245",0.978679821263301,"Subpopulation_1"
"NGS_H19_LOI_Rep3","Read_246",0.982302297070845,"Subpopulation_1"
"NGS_H19_LOI_Rep3","Read_247",0.983905900044036,"Subpopulation_1"
"NGS_H19_LOI_Rep3","Read_248",0.982672006628091,"Subpopulation_1"
"NGS_H19_LOI_Rep3","Read_249",0.98186329348679,"Subpopulation_1"
"NGS_H19_LOI_Rep3","Read_250",0.981967349229408,"Subpopulation_1"
"NGS_H19_LOI_Rep3","Read_251",0.972059780348381,"Subpopulation_1"
"NGS_H19_LOI_Rep3","Read_252",0.979870917261544,"Subpopulation_1"
"NGS_H19_LOI_Rep3","Read_253",0.97416027754785,"Subpopulation_1"
"NGS_H19_LOI_Rep3","Read_254",0.980417786800962,"Subpopulation_1"
"NGS_H19_LOI_Rep3","Read_255",0.971873821224622,"Subpopulation_1"
"NGS_H19_LOI_Rep3","Read_256",0.977899024828823,"Subpopulation_1"
"NGS_H19_LOI_Rep3","Read_257",0.975846871365318,"Subpopulation_1"
"NGS_H19_LOI_Rep3","Read_258",0.965147295388595,"Subpopulation_1"
"NGS_H19_LOI_Rep3","Read_259",0.98600536725924,"Subpopulation_1"
"NGS_H19_LOI_Rep3","Read_260",0.984320189973177,"Subpopulation_1"
"NGS_H19_LOI_Rep3","Read_261",0.970418058054223,"Subpopulation_1"
"NGS_H19_LOI_Rep3","Read_262",0.982914016508007,"Subpopulation_1"
"NGS_H19_LOI_Rep3","Read_263",0.982514060791301,"Subpopulation_1"
"NGS_H19_LOI_Rep3","Read_264",0.979885293321096,"Subpopulation_1"
"NGS_H19_LOI_Rep3","Read_265",0.979283128708486,"Subpopulation_1"
"NGS_H19_LOI_Rep3","Read_266",0.973502177742562,"Subpopulation_1"
"NGS_H19_LOI_Rep3","Read_267",0.983759923327944,"Subpopulation_1"
"NGS_H19_LOI_Rep3","Read_268",0.983082760823052,"Subpopulation_1"
"NGS_H19_LOI_Rep3","Read_269",0.975511785395178,"Subpopulation_1"
"NGS_H19_LOI_Rep3","Read_270",0.984635253683078,"Subpopulation_1"
"NGS_H19_LOI_Rep3","Read_271",0.978162686772761,"Subpopulation_1"
"NGS_H19_LOI_Rep3","Read_272",0.98115193020968,"Subpopulation_1"
"NGS_H19_LOI_Rep3","Read_273",0.97471351584993,"Subpopulation_1"
"NGS_H19_LOI_Rep3","Read_274",0.982281587071424,"Subpopulation_1"
"NGS_H19_LOI_Rep3","Read_275",0.98388360622904,"Subpopulation_1"
"NGS_H19_LOI_Rep3","Read_276",0.980592567687113,"Subpopulation_1"
"NGS_H19_LOI_Rep3","Read_277",0.974945488044054,"Subpopulation_1"
"NGS_H19_LOI_Rep3","Read_278",0.974179162603161,"Subpopulation_1"
"NGS_H19_LOI_Rep3","Read_279",0.987175391984139,"Subpopulation_1"
"NGS_H19_LOI_Rep3","Read_280",0.967743753208843,"Subpopulation_1"
"NGS_H19_LOI_Rep3","Read_281",0.979161265467576,"Subpopulation_1"
"NGS_H19_LOI_Rep3","Read_282",0.980203058801154,"Subpopulation_1"
"NGS_H19_LOI_Rep3","Read_283",0.979357925002101,"Subpopulation_1"
"NGS_H19_LOI_Rep3","Read_284",0.977276664576924,"Subpopulation_1"
"NGS_H19_LOI_Rep3","Read_285",0.981399143298353,"Subpopulation_1"
"NGS_H19_LOI_Rep3","Read_286",0.976090988123613,"Subpopulation_1"
"NGS_H19_LOI_Rep3","Read_287",0.984885702179012,"Subpopulation_1"
"NGS_H19_LOI_Rep3","Read_288",0.982945428945605,"Subpopulation_1"
"NGS_H19_LOI_Rep3","Read_289",0.987677268321035,"Subpopulation_1"
"NGS_H19_LOI_Rep3","Read_290",0.984191805166717,"Subpopulation_1"
"NGS_H19_LOI_Rep3","Read_291",0.982891231287602,"Subpopulation_1"
"NGS_H19_LOI_Rep3","Read_292",0.978636968009638,"Subpopulation_1"
"NGS_H19_LOI_Rep3","Read_293",0.987878584054953,"Subpopulation_1"
"NGS_H19_LOI_Rep3","Read_294",0.984904948262504,"Subpopulation_1"
"NGS_H19_LOI_Rep3","Read_295",0.981919888955347,"Subpopulation_1"
"NGS_H19_LOI_Rep3","Read_296",0.983103310184691,"Subpopulation_1"
"NGS_H19_LOI_Rep3","Read_297",0.978002558011902,"Subpopulation_1"
"NGS_H19_LOI_Rep3","Read_298",0.988119054003917,"Subpopulation_1"
"NGS_H19_LOI_Rep3","Read_299",0.976694909006229,"Subpopulation_1"
"NGS_H19_LOI_Rep3","Read_300",0.988984344956151,"Subpopulation_1"
"NGS_H19_LOI_Rep3","Read_301",0.985508442457947,"Subpopulation_1"
"NGS_H19_LOI_Rep3","Read_302",0.978736909579728,"Subpopulation_1"
"NGS_H19_LOI_Rep3","Read_303",0.983097625147233,"Subpopulation_1"
"NGS_H19_LOI_Rep3","Read_304",0.986384487700881,"Subpopulation_1"
"NGS_H19_LOI_Rep3","Read_305",0.988403935726619,"Subpopulation_1"
"NGS_H19_LOI_Rep3","Read_306",0.984243112929459,"Subpopulation_1"
"NGS_H19_LOI_Rep3","Read_307",0.986331156216633,"Subpopulation_1"
"NGS_H19_LOI_Rep3","Read_308",0.977271360617784,"Subpopulation_1"
"NGS_H19_LOI_Rep3","Read_309",0.98776776733493,"Subpopulation_1"
"NGS_H19_LOI_Rep3","Read_310",0.980299055039003,"Subpopulation_1"
"NGS_H19_LOI_Rep3","Read_311",0.982295519870677,"Subpopulation_1"
"NGS_H19_LOI_Rep3","Read_312",0.973542447183659,"Subpopulation_1"
"NGS_H19_LOI_Rep3","Read_313",0.982696958022927,"Subpopulation_1"
"NGS_H19_LOI_Rep3","Read_314",0.969440967639252,"Subpopulation_1"
"NGS_H19_LOI_Rep3","Read_315",0.979200181175082,"Subpopulation_1"
"NGS_H19_LOI_Rep3","Read_316",0.984169224474245,"Subpopulation_1"
"NGS_H19_LOI_Rep3","Read_317",0.979107323982573,"Subpopulation_1"
"NGS_H19_LOI_Rep3","Read_318",0.966015009764266,"Subpopulation_1"
"NGS_H19_LOI_Rep3","Read_319",0.982347271026679,"Subpopulation_1"
"NGS_H19_LOI_Rep3","Read_320",0.97358773104778,"Subpopulation_1"
"NGS_H19_LOI_Rep3","Read_321",0.976558708439876,"Subpopulation_1"
"NGS_H19_LOI_Rep3","Read_322",0.980873724838309,"Subpopulation_1"
"NGS_H19_LOI_Rep3","Read_323",0.980804728576515,"Subpopulation_1"
"NGS_H19_LOI_Rep3","Read_324",0.972452768549059,"Subpopulation_1"
"NGS_H19_LOI_Rep3","Read_325",0.975198958366897,"Subpopulation_1"
"NGS_H19_LOI_Rep3","Read_326",0.976572260618242,"Subpopulation_1"
"NGS_H19_LOI_Rep3","Read_327",0.983354327754372,"Subpopulation_1"
"NGS_H19_LOI_Rep3","Read_328",0.975448334905473,"Subpopulation_1"
"NGS_H19_LOI_Rep3","Read_329",0.974038703533469,"Subpopulation_1"
"NGS_H19_LOI_Rep3","Read_330",0.981223787097183,"Subpopulation_1"
"NGS_H19_LOI_Rep3","Read_331",0.984634737477314,"Subpopulation_1"
"NGS_H19_LOI_Rep3","Read_332",0.978472006921545,"Subpopulation_1"
"NGS_H19_LOI_Rep3","Read_333",0.981899560491761,"Subpopulation_1"
"NGS_H19_LOI_Rep3","Read_334",0.970959469533895,"Subpopulation_1"
"NGS_H19_LOI_Rep3","Read_335",0.979662652654709,"Subpopulation_1"
"NGS_H19_LOI_Rep3","Read_336",0.979916977324207,"Subpopulation_1"
"NGS_H19_LOI_Rep3","Read_337",0.98070915573265,"Subpopulation_1"
"NGS_H19_LOI_Rep3","Read_338",0.976343317180866,"Subpopulation_1"
"NGS_H19_LOI_Rep3","Read_339",0.977089036453283,"Subpopulation_1"
"NGS_H19_LOI_Rep3","Read_340",0.980829131874014,"Subpopulation_1"
"NGS_H19_LOI_Rep3","Read_341",0.983923961631935,"Subpopulation_1"
"NGS_H19_LOI_Rep3","Read_342",0.978146984058509,"Subpopulation_1"
"NGS_H19_LOI_Rep3","Read_343",0.975248232026783,"Subpopulation_1"
"NGS_H19_LOI_Rep3","Read_344",0.982544538522188,"Subpopulation_1"
"NGS_H19_LOI_Rep3","Read_345",0.985093350149493,"Subpopulation_1"
"NGS_H19_LOI_Rep3","Read_346",0.973839433633695,"Subpopulation_1"
"NGS_H19_LOI_Rep3","Read_347",0.98090938520073,"Subpopulation_1"
"NGS_H19_LOI_Rep3","Read_348",0.974404365048025,"Subpopulation_1"
"NGS_H19_LOI_Rep3","Read_349",0.979007765421815,"Subpopulation_1"
"NGS_H19_LOI_Rep3","Read_350",0.979400450036574,"Subpopulation_1"
"NGS_H19_LOI_Rep3","Read_351",0.985981699226256,"Subpopulation_1"
"NGS_H19_LOI_Rep3","Read_352",0.978401637993912,"Subpopulation_1"
"NGS_H19_LOI_Rep3","Read_353",0.984112991697591,"Subpopulation_1"
"NGS_H19_LOI_Rep3","Read_354",0.977554255127834,"Subpopulation_1"
"NGS_H19_LOI_Rep3","Read_355",0.980507811875332,"Subpopulation_1"
"NGS_H19_LOI_Rep3","Read_356",0.98047371213477,"Subpopulation_1"
"NGS_H19_LOI_Rep3","Read_357",0.973506418519601,"Subpopulation_1"
"NGS_H19_LOI_Rep3","Read_358",0.977710885627356,"Subpopulation_1"
"NGS_H19_LOI_Rep3","Read_359",0.984358998431806,"Subpopulation_1"
"NGS_H19_LOI_Rep3","Read_360",0.975447273749683,"Subpopulation_1"
"NGS_H19_LOI_Rep3","Read_361",0.973623597371375,"Subpopulation_1"
"NGS_H19_LOI_Rep3","Read_362",0.989908296781368,"Subpopulation_1"
"NGS_H19_LOI_Rep3","Read_363",0.983061372637956,"Subpopulation_1"
"NGS_H19_LOI_Rep3","Read_364",0.98368033135234,"Subpopulation_1"
"NGS_H19_LOI_Rep3","Read_365",0.980154123407768,"Subpopulation_1"
"NGS_H19_LOI_Rep3","Read_366",0.978816577339341,"Subpopulation_1"
"NGS_H19_LOI_Rep3","Read_367",0.980696178663366,"Subpopulation_1"
"NGS_H19_LOI_Rep3","Read_368",0.990565354763623,"Subpopulation_1"
"NGS_H19_LOI_Rep3","Read_369",0.985530487438782,"Subpopulation_1"
"NGS_H19_LOI_Rep3","Read_370",0.983036682776206,"Subpopulation_1"
"NGS_H19_LOI_Rep3","Read_371",0.976764767440957,"Subpopulation_1"
"NGS_H19_LOI_Rep3","Read_372",0.975990631975522,"Subpopulation_1"
"NGS_H19_LOI_Rep3","Read_373",0.980270690438908,"Subpopulation_1"
"NGS_H19_LOI_Rep3","Read_374",0.977426658402442,"Subpopulation_1"
"NGS_H19_LOI_Rep3","Read_375",0.977901069519533,"Subpopulation_1"
"NGS_H19_LOI_Rep3","Read_376",0.989259931945953,"Subpopulation_1"
"NGS_H19_LOI_Rep3","Read_377",0.974418205096043,"Subpopulation_1"
"NGS_H19_LOI_Rep3","Read_378",0.984030157698426,"Subpopulation_1"
"NGS_H19_LOI_Rep3","Read_379",0.977457096017366,"Subpopulation_1"
"NGS_H19_LOI_Rep3","Read_380",0.981296262875406,"Subpopulation_1"
"NGS_H19_LOI_Rep3","Read_381",0.975727467318847,"Subpopulation_1"
"NGS_H19_LOI_Rep3","Read_382",0.977297201929997,"Subpopulation_1"
"NGS_H19_LOI_Rep3","Read_383",0.980847882414608,"Subpopulation_1"
"NGS_H19_LOI_Rep3","Read_384",0.979067058352566,"Subpopulation_1"
"NGS_H19_LOI_Rep3","Read_385",0.977556329196459,"Subpopulation_1"
"NGS_H19_LOI_Rep3","Read_386",0.981282911500415,"Subpopulation_1"
"NGS_H19_LOI_Rep3","Read_387",0.978610951109058,"Subpopulation_1"
"NGS_H19_LOI_Rep3","Read_388",0.981832160540249,"Subpopulation_1"
"NGS_H19_LOI_Rep3","Read_389",0.975634172603262,"Subpopulation_1"
"NGS_H19_LOI_Rep3","Read_390",0.982168023175033,"Subpopulation_1"
"NGS_H19_LOI_Rep3","Read_391",0.979420954718223,"Subpopulation_1"
"NGS_H19_LOI_Rep3","Read_392",0.980420937074437,"Subpopulation_1"
"NGS_H19_LOI_Rep3","Read_393",0.982005250552981,"Subpopulation_1"
"NGS_H19_LOI_Rep3","Read_394",0.982395667899309,"Subpopulation_1"
"NGS_H19_LOI_Rep3","Read_395",0.978330953125757,"Subpopulation_1"
"NGS_H19_LOI_Rep3","Read_396",0.976650952660249,"Subpopulation_1"
"NGS_H19_LOI_Rep3","Read_397",0.980794514424141,"Subpopulation_1"
"NGS_H19_LOI_Rep3","Read_398",0.983543946076566,"Subpopulation_1"
"NGS_H19_LOI_Rep3","Read_399",0.974652138821604,"Subpopulation_1"
"NGS_H19_LOI_Rep3","Read_400",0.975139230654824,"Subpopulation_1"
"NGS_H19_LOI_Rep3","Read_401",0.971683552984535,"Subpopulation_1"
"NGS_H19_LOI_Rep3","Read_402",0.980208109794292,"Subpopulation_1"
"NGS_H19_LOI_Rep3","Read_403",0.984263058808936,"Subpopulation_1"
"NGS_H19_LOI_Rep3","Read_404",0.983660960891222,"Subpopulation_1"
"NGS_H19_LOI_Rep3","Read_405",0.979995120760555,"Subpopulation_1"
"NGS_H19_LOI_Rep3","Read_406",0.985153033573247,"Subpopulation_1"
"NGS_H19_LOI_Rep3","Read_407",0.98064812468783,"Subpopulation_1"
"NGS_H19_LOI_Rep3","Read_408",0.980454701464362,"Subpopulation_1"
"NGS_H19_LOI_Rep3","Read_409",0.982817364664857,"Subpopulation_1"
"NGS_H19_LOI_Rep3","Read_410",0.973685928763421,"Subpopulation_1"
"NGS_H19_LOI_Rep3","Read_411",0.990780949784684,"Subpopulation_1"
"NGS_H19_LOI_Rep3","Read_412",0.978949411909939,"Subpopulation_1"
"NGS_H19_LOI_Rep3","Read_413",0.97812706437487,"Subpopulation_1"
"NGS_H19_LOI_Rep3","Read_414",0.987480288858789,"Subpopulation_1"
"NGS_H19_LOI_Rep3","Read_415",0.979936997245658,"Subpopulation_1"
"NGS_H19_LOI_Rep3","Read_416",0.987628642367159,"Subpopulation_1"
"NGS_H19_LOI_Rep3","Read_417",0.976304024160276,"Subpopulation_1"
"NGS_H19_LOI_Rep3","Read_418",0.984430717923365,"Subpopulation_1"
"NGS_H19_LOI_Rep3","Read_419",0.982504225139351,"Subpopulation_1"
"NGS_H19_LOI_Rep3","Read_420",0.970572508748274,"Subpopulation_1"
"NGS_H19_LOI_Rep3","Read_421",0.987845204827669,"Subpopulation_1"
"NGS_H19_LOI_Rep3","Read_422",0.974715148622733,"Subpopulation_1"
"NGS_H19_LOI_Rep3","Read_423",0.97949180022193,"Subpopulation_1"
"NGS_H19_LOI_Rep3","Read_424",0.980598259984281,"Subpopulation_1"
"NGS_H19_LOI_Rep3","Read_425",0.97742652658831,"Subpopulation_1"
"NGS_H19_LOI_Rep3","Read_426",0.969723746264557,"Subpopulation_1"
"NGS_H19_LOI_Rep3","Read_427",0.978824539867217,"Subpopulation_1"
"NGS_H19_LOI_Rep3","Read_428",0.984231232328158,"Subpopulation_1"
"NGS_H19_LOI_Rep3","Read_429",0.979144387129823,"Subpopulation_1"
"NGS_H19_LOI_Rep3","Read_430",0.987411092086139,"Subpopulation_1"
"NGS_H19_LOI_Rep3","Read_431",0.986248967344927,"Subpopulation_1"
"NGS_H19_LOI_Rep3","Read_432",0.977790879456315,"Subpopulation_1"
"NGS_H19_LOI_Rep3","Read_433",0.986247101008043,"Subpopulation_1"
"NGS_H19_LOI_Rep3","Read_434",0.983984990058114,"Subpopulation_1"
"NGS_H19_LOI_Rep3","Read_435",0.982057938064582,"Subpopulation_1"
"NGS_H19_LOI_Rep3","Read_436",0.977642932730454,"Subpopulation_1"
"NGS_H19_LOI_Rep3","Read_437",0.981361147201422,"Subpopulation_1"
"NGS_H19_LOI_Rep3","Read_438",0.981257525024584,"Subpopulation_1"
"NGS_H19_LOI_Rep3","Read_439",0.981185260445817,"Subpopulation_1"
"NGS_H19_LOI_Rep3","Read_440",0.979058456392509,"Subpopulation_1"
"NGS_H19_LOI_Rep3","Read_441",0.977696213408467,"Subpopulation_1"
"NGS_H19_LOI_Rep3","Read_442",0.982259911003361,"Subpopulation_1"
"NGS_H19_LOI_Rep3","Read_443",0.978651139766008,"Subpopulation_1"
"NGS_H19_LOI_Rep3","Read_444",0.979079894008126,"Subpopulation_1"
"NGS_H19_LOI_Rep3","Read_445",0.974548562640013,"Subpopulation_1"
"NGS_H19_LOI_Rep3","Read_446",0.973253410765846,"Subpopulation_1"
"NGS_H19_LOI_Rep3","Read_447",0.985892190915273,"Subpopulation_1"
"NGS_H19_LOI_Rep3","Read_448",0.984071609027189,"Subpopulation_1"
"NGS_H19_LOI_Rep3","Read_449",0.985059774587828,"Subpopulation_1"
"NGS_H19_LOI_Rep3","Read_450",0.975310382089316,"Subpopulation_1"
"NGS_H19_LOI_Rep3","Read_451",0.982444534333671,"Subpopulation_1"
"NGS_H19_LOI_Rep3","Read_452",0.977793175156375,"Subpopulation_1"
"NGS_H19_LOI_Rep3","Read_453",0.975488844022124,"Subpopulation_1"
"NGS_H19_LOI_Rep3","Read_454",0.977958052769026,"Subpopulation_1"
"NGS_H19_LOI_Rep3","Read_455",0.967196880580229,"Subpopulation_1"
"NGS_H19_LOI_Rep3","Read_456",0.974019432065104,"Subpopulation_1"
"NGS_H19_LOI_Rep3","Read_457",0.981029311617341,"Subpopulation_1"
"NGS_H19_LOI_Rep3","Read_458",0.974661264481742,"Subpopulation_1"
"NGS_H19_LOI_Rep3","Read_459",0.983290877558551,"Subpopulation_1"
"NGS_H19_LOI_Rep3","Read_460",0.979953376086067,"Subpopulation_1"
"NGS_H19_LOI_Rep3","Read_461",0.985365866739157,"Subpopulation_1"
"NGS_H19_LOI_Rep3","Read_462",0.98065211513208,"Subpopulation_1"
"NGS_H19_LOI_Rep3","Read_463",0.980580069610041,"Subpopulation_1"
"NGS_H19_LOI_Rep3","Read_464",0.977998816050115,"Subpopulation_1"
"NGS_H19_LOI_Rep3","Read_465",0.979282537809023,"Subpopulation_1"
"NGS_H19_LOI_Rep3","Read_466",0.974821576598117,"Subpopulation_1"
"NGS_H19_LOI_Rep3","Read_467",0.985156950128274,"Subpopulation_1"
"NGS_H19_LOI_Rep3","Read_468",0.985591439268213,"Subpopulation_1"
"NGS_H19_LOI_Rep3","Read_469",0.978811355271457,"Subpopulation_1"
"NGS_H19_LOI_Rep3","Read_470",0.985473878901758,"Subpopulation_1"
"NGS_H19_LOI_Rep3","Read_471",0.976726578411207,"Subpopulation_1"
"NGS_H19_LOI_Rep3","Read_472",0.98268038248098,"Subpopulation_1"
"NGS_H19_LOI_Rep3","Read_473",0.988519997266331,"Subpopulation_1"
"NGS_H19_LOI_Rep3","Read_474",0.974020857638912,"Subpopulation_1"
"NGS_H19_LOI_Rep3","Read_475",0.97289055348821,"Subpopulation_1"
"NGS_H19_LOI_Rep3","Read_476",0.98550024587181,"Subpopulation_1"
"NGS_H19_LOI_Rep3","Read_477",0.970678622696684,"Subpopulation_1"
"NGS_H19_LOI_Rep3","Read_478",0.988271283053013,"Subpopulation_1"
"NGS_H19_LOI_Rep3","Read_479",0.985302404176456,"Subpopulation_1"
"NGS_H19_LOI_Rep3","Read_480",0.97627507264652,"Subpopulation_1"
"NGS_H19_LOI_Rep3","Read_481",0.985681726145998,"Subpopulation_1"
"NGS_H19_LOI_Rep3","Read_482",0.979230209728838,"Subpopulation_1"
"NGS_H19_LOI_Rep3","Read_483",0.983264521150415,"Subpopulation_1"
"NGS_H19_LOI_Rep3","Read_484",0.975061935039407,"Subpopulation_1"
"NGS_H19_LOI_Rep3","Read_485",0.98835269630756,"Subpopulation_1"
"NGS_H19_LOI_Rep3","Read_486",0.985777405958795,"Subpopulation_1"
"NGS_H19_LOI_Rep3","Read_487",0.98072912015707,"Subpopulation_1"
"NGS_H19_LOI_Rep3","Read_488",0.981841638081498,"Subpopulation_1"
"NGS_H19_LOI_Rep3","Read_489",0.983255199664519,"Subpopulation_1"
"NGS_H19_LOI_Rep3","Read_490",0.985063854605379,"Subpopulation_1"
"NGS_H19_LOI_Rep3","Read_491",0.981131232294482,"Subpopulation_1"
"NGS_H19_LOI_Rep3","Read_492",0.979711174254641,"Subpopulation_1"
"NGS_H19_LOI_Rep3","Read_493",0.981926492591648,"Subpopulation_1"
"NGS_H19_LOI_Rep3","Read_494",0.976554173862117,"Subpopulation_1"
"NGS_H19_LOI_Rep3","Read_495",0.979006760282007,"Subpopulation_1"
"NGS_H19_LOI_Rep3","Read_496",0.986219041395325,"Subpopulation_1"
"NGS_H19_LOI_Rep3","Read_497",0.983010676594124,"Subpopulation_1"
"NGS_H19_LOI_Rep3","Read_498",0.985712526162871,"Subpopulation_1"
"NGS_H19_LOI_Rep3","Read_499",0.975758569651783,"Subpopulation_1"
"NGS_H19_LOI_Rep3","Read_500",0.984813483409802,"Subpopulation_1"
"NGS_H19_LOI_Rep3","Read_501",0.985081541557657,"Subpopulation_1"
"NGS_H19_LOI_Rep3","Read_502",0.979422075603944,"Subpopulation_1"
"NGS_H19_LOI_Rep3","Read_503",0.980059212225439,"Subpopulation_1"
"NGS_H19_LOI_Rep3","Read_504",0.981995758489069,"Subpopulation_1"
"NGS_H19_LOI_Rep3","Read_505",0.981142718684595,"Subpopulation_1"
"NGS_H19_LOI_Rep3","Read_506",0.978626897589716,"Subpopulation_1"
"NGS_H19_LOI_Rep3","Read_507",0.98073444711446,"Subpopulation_1"
"NGS_H19_LOI_Rep3","Read_508",0.984499951836939,"Subpopulation_1"
"NGS_H19_LOI_Rep3","Read_509",0.984998752191255,"Subpopulation_1"
"NGS_H19_LOI_Rep3","Read_510",0.979574038868112,"Subpopulation_1"
"NGS_H19_LOI_Rep3","Read_511",0.984457449087752,"Subpopulation_1"
"NGS_H19_LOI_Rep3","Read_512",0.976653011273897,"Subpopulation_1"
"NGS_H19_LOI_Rep3","Read_513",0.983292453295827,"Subpopulation_1"
"NGS_H19_LOI_Rep3","Read_514",0.979371851451511,"Subpopulation_1"
"NGS_H19_LOI_Rep3","Read_515",0.984029379246713,"Subpopulation_1"
"NGS_H19_LOI_Rep3","Read_516",0.97682641801808,"Subpopulation_1"
"NGS_H19_LOI_Rep3","Read_517",0.97454155163854,"Subpopulation_1"
"NGS_H19_LOI_Rep3","Read_518",0.981542522018663,"Subpopulation_1"
"NGS_H19_LOI_Rep3","Read_519",0.983840604717097,"Subpopulation_1"
"NGS_H19_LOI_Rep3","Read_520",0.978349201615969,"Subpopulation_1"
"NGS_H19_LOI_Rep3","Read_521",0.983675620265938,"Subpopulation_1"
"NGS_H19_LOI_Rep3","Read_522",0.983953673741655,"Subpopulation_1"
"NGS_H19_LOI_Rep3","Read_523",0.976427006494459,"Subpopulation_1"
"NGS_H19_LOI_Rep3","Read_524",0.970951853080262,"Subpopulation_1"
"NGS_H19_LOI_Rep3","Read_525",0.979202540787892,"Subpopulation_1"
"NGS_H19_LOI_Rep3","Read_526",0.980758190493054,"Subpopulation_1"
"NGS_H19_LOI_Rep3","Read_527",0.981430675430986,"Subpopulation_1"
"NGS_H19_LOI_Rep3","Read_528",0.97882396166336,"Subpopulation_1"
"NGS_H19_LOI_Rep3","Read_529",0.979538995650624,"Subpopulation_1"
"NGS_H19_LOI_Rep3","Read_530",0.982758015005133,"Subpopulation_1"
"NGS_H19_LOI_Rep3","Read_531",0.983082294728396,"Subpopulation_1"
"NGS_H19_LOI_Rep3","Read_532",0.983110076579248,"Subpopulation_1"
"NGS_H19_LOI_Rep3","Read_533",0.984312259990175,"Subpopulation_1"
"NGS_H19_LOI_Rep3","Read_534",0.973877846438707,"Subpopulation_1"
"NGS_H19_LOI_Rep3","Read_535",0.977256487200396,"Subpopulation_1"
"NGS_H19_LOI_Rep3","Read_536",0.985982409585076,"Subpopulation_1"
"NGS_H19_LOI_Rep3","Read_537",0.981903817813137,"Subpopulation_1"
"NGS_H19_LOI_Rep3","Read_538",0.975635661192974,"Subpopulation_1"
"NGS_H19_LOI_Rep3","Read_539",0.986394065969532,"Subpopulation_1"
"NGS_H19_LOI_Rep3","Read_540",0.982419249793107,"Subpopulation_1"
"NGS_H19_LOI_Rep3","Read_541",0.975781369657989,"Subpopulation_1"
"NGS_H19_LOI_Rep3","Read_542",0.969943621106183,"Subpopulation_1"
"NGS_H19_LOI_Rep3","Read_543",0.982654819771373,"Subpopulation_1"
"NGS_H19_LOI_Rep3","Read_544",0.975356283248722,"Subpopulation_1"
"NGS_H19_LOI_Rep3","Read_545",0.982404175369077,"Subpopulation_1"
"NGS_H19_LOI_Rep3","Read_546",0.977027627934925,"Subpopulation_1"
"NGS_H19_LOI_Rep3","Read_547",0.972801869989208,"Subpopulation_1"
"NGS_H19_LOI_Rep3","Read_548",0.976736154754437,"Subpopulation_1"
"NGS_H19_LOI_Rep3","Read_549",0.984091804457511,"Subpopulation_1"
"NGS_H19_LOI_Rep3","Read_550",0.975806584300845,"Subpopulation_1"
"NGS_H19_LOI_Rep3","Read_551",0.974593474503736,"Subpopulation_1"
"NGS_H19_LOI_Rep3","Read_552",0.978585142953587,"Subpopulation_1"
"NGS_H19_LOI_Rep3","Read_553",0.982326109129696,"Subpopulation_1"
"NGS_H19_LOI_Rep3","Read_554",0.984803641437062,"Subpopulation_1"
"NGS_H19_LOI_Rep3","Read_555",0.989812367238032,"Subpopulation_1"
"NGS_H19_LOI_Rep3","Read_556",0.985362195321976,"Subpopulation_1"
"NGS_H19_LOI_Rep3","Read_557",0.980605900518128,"Subpopulation_1"
"NGS_H19_LOI_Rep3","Read_558",0.977622251422136,"Subpopulation_1"
"NGS_H19_LOI_Rep3","Read_559",0.981689909080648,"Subpopulation_1"
"NGS_H19_LOI_Rep3","Read_560",0.974794786981611,"Subpopulation_1"
"NGS_H19_LOI_Rep3","Read_561",0.986111660275697,"Subpopulation_1"
"NGS_H19_LOI_Rep3","Read_562",0.975946555395452,"Subpopulation_1"
"NGS_H19_LOI_Rep3","Read_563",0.988237415163528,"Subpopulation_1"
"NGS_H19_LOI_Rep3","Read_564",0.979677193917331,"Subpopulation_1"
"NGS_H19_LOI_Rep3","Read_565",0.986535448147504,"Subpopulation_1"
"NGS_H19_LOI_Rep3","Read_566",0.976988810159753,"Subpopulation_1"
"NGS_H19_LOI_Rep3","Read_567",0.975337062162282,"Subpopulation_1"
"NGS_H19_LOI_Rep3","Read_568",0.972192376117812,"Subpopulation_1"
"NGS_H19_LOI_Rep3","Read_569",0.975086106541894,"Subpopulation_1"
"NGS_H19_LOI_Rep3","Read_570",0.979883936375326,"Subpopulation_1"
"NGS_H19_LOI_Rep3","Read_571",0.98807802944529,"Subpopulation_1"
"NGS_H19_LOI_Rep3","Read_572",0.983244902498456,"Subpopulation_1"
"NGS_H19_LOI_Rep3","Read_573",0.975058580009059,"Subpopulation_1"
"NGS_H19_LOI_Rep3","Read_574",0.980507531584773,"Subpopulation_1"
"NGS_H19_LOI_Rep3","Read_575",0.983592489041036,"Subpopulation_1"
"NGS_H19_LOI_Rep3","Read_576",0.972163100626607,"Subpopulation_1"
"NGS_H19_LOI_Rep3","Read_577",0.978493976713343,"Subpopulation_1"
"NGS_H19_LOI_Rep3","Read_578",0.978845220506019,"Subpopulation_1"
"NGS_H19_LOI_Rep3","Read_579",0.982463937213636,"Subpopulation_1"
"NGS_H19_LOI_Rep3","Read_580",0.977116016048121,"Subpopulation_1"
"NGS_H19_LOI_Rep3","Read_581",0.982938609732218,"Subpopulation_1"
"NGS_H19_LOI_Rep3","Read_582",0.982098580151659,"Subpopulation_1"
"NGS_H19_LOI_Rep3","Read_583",0.973183649068306,"Subpopulation_1"
"NGS_H19_LOI_Rep3","Read_584",0.981738220636089,"Subpopulation_1"
"NGS_H19_LOI_Rep3","Read_585",0.977691093106287,"Subpopulation_1"
"NGS_H19_LOI_Rep3","Read_586",0.978542494926171,"Subpopulation_1"
"NGS_H19_LOI_Rep3","Read_587",0.982429653208914,"Subpopulation_1"
"NGS_H19_LOI_Rep3","Read_588",0.987019997702886,"Subpopulation_1"
"NGS_H19_LOI_Rep3","Read_589",0.982554874700877,"Subpopulation_1"
"NGS_H19_LOI_Rep3","Read_590",0.977989763717619,"Subpopulation_1"
"NGS_H19_LOI_Rep3","Read_591",0.98527996843964,"Subpopulation_1"
"NGS_H19_LOI_Rep3","Read_592",0.98127087386418,"Subpopulation_1"
"NGS_H19_LOI_Rep3","Read_593",0.983006732122745,"Subpopulation_1"
"NGS_H19_LOI_Rep3","Read_594",0.973280722143824,"Subpopulation_1"
"NGS_H19_LOI_Rep3","Read_595",0.974547134340446,"Subpopulation_1"
"NGS_H19_LOI_Rep3","Read_596",0.990242689947426,"Subpopulation_1"
"NGS_H19_LOI_Rep3","Read_597",0.979304956747334,"Subpopulation_1"
"NGS_H19_LOI_Rep3","Read_598",0.976821625467156,"Subpopulation_1"
"NGS_H19_LOI_Rep3","Read_599",0.978804280709273,"Subpopulation_1"
"NGS_H19_LOI_Rep3","Read_600",0.985322043890053,"Subpopulation_1"
"NGS_H19_LOI_Rep3","Read_601",0.978844234238061,"Subpopulation_1"
"NGS_H19_LOI_Rep3","Read_602",0.984270562922285,"Subpopulation_1"
"NGS_H19_LOI_Rep3","Read_603",0.977939124669372,"Subpopulation_1"
"NGS_H19_LOI_Rep3","Read_604",0.982033227348842,"Subpopulation_1"
"NGS_H19_LOI_Rep3","Read_605",0.983978550670298,"Subpopulation_1"
"NGS_H19_LOI_Rep3","Read_606",0.977631306813878,"Subpopulation_1"
"NGS_H19_LOI_Rep3","Read_607",0.969181771233352,"Subpopulation_1"
"NGS_H19_LOI_Rep3","Read_608",0.976583020353457,"Subpopulation_1"
"NGS_H19_LOI_Rep3","Read_609",0.978115463087886,"Subpopulation_1"
"NGS_H19_LOI_Rep3","Read_610",0.979302292190507,"Subpopulation_1"
"NGS_H19_LOI_Rep3","Read_611",0.975700253306681,"Subpopulation_1"
"NGS_H19_LOI_Rep3","Read_612",0.974102699869831,"Subpopulation_1"
"NGS_H19_LOI_Rep3","Read_613",0.984694820304893,"Subpopulation_1"
"NGS_H19_LOI_Rep3","Read_614",0.980773405537237,"Subpopulation_1"
"NGS_H19_LOI_Rep3","Read_615",0.970807191449147,"Subpopulation_1"
"NGS_H19_LOI_Rep3","Read_616",0.979059874619039,"Subpopulation_1"
"NGS_H19_LOI_Rep3","Read_617",0.978158431986396,"Subpopulation_1"
"NGS_H19_LOI_Rep3","Read_618",0.976959822055305,"Subpopulation_1"
"NGS_H19_LOI_Rep3","Read_619",0.983472629605037,"Subpopulation_1"
"NGS_H19_LOI_Rep3","Read_620",0.982990892894692,"Subpopulation_1"
"NGS_H19_LOI_Rep3","Read_621",0.974700175965043,"Subpopulation_1"
"NGS_H19_LOI_Rep3","Read_622",0.980074997050092,"Subpopulation_1"
"NGS_H19_LOI_Rep3","Read_623",0.970821488454731,"Subpopulation_1"
"NGS_H19_LOI_Rep3","Read_624",0.986428282003862,"Subpopulation_1"
"NGS_H19_LOI_Rep3","Read_625",0.981530366271864,"Subpopulation_1"
"NGS_H19_LOI_Rep3","Read_626",0.983705737145652,"Subpopulation_1"
"NGS_H19_LOI_Rep3","Read_627",0.981635183167172,"Subpopulation_1"
"NGS_H19_LOI_Rep3","Read_628",0.986720628948988,"Subpopulation_1"
"NGS_H19_LOI_Rep3","Read_629",0.977289564969266,"Subpopulation_1"
"NGS_H19_LOI_Rep3","Read_630",0.977100829578212,"Subpopulation_1"
"NGS_H19_LOI_Rep3","Read_631",0.98687338449871,"Subpopulation_1"
"NGS_H19_LOI_Rep3","Read_632",0.969620871156975,"Subpopulation_1"
"NGS_H19_LOI_Rep3","Read_633",0.985129914159304,"Subpopulation_1"
"NGS_H19_LOI_Rep3","Read_634",0.982416111971763,"Subpopulation_1"
"NGS_H19_LOI_Rep3","Read_635",0.98086112373907,"Subpopulation_1"
"NGS_H19_LOI_Rep3","Read_636",0.977479124611728,"Subpopulation_1"
"NGS_H19_LOI_Rep3","Read_637",0.985111361875199,"Subpopulation_1"
"NGS_H19_LOI_Rep3","Read_638",0.989529460499238,"Subpopulation_1"
"NGS_H19_LOI_Rep3","Read_639",0.985963241411473,"Subpopulation_1"
"NGS_H19_LOI_Rep3","Read_640",0.971910420228055,"Subpopulation_1"
"NGS_H19_LOI_Rep3","Read_641",0.984163325218767,"Subpopulation_1"
"NGS_H19_LOI_Rep3","Read_642",0.984981777782133,"Subpopulation_1"
"NGS_H19_LOI_Rep3","Read_643",0.981484224683629,"Subpopulation_1"
"NGS_H19_LOI_Rep3","Read_644",0.983364985028104,"Subpopulation_1"
"NGS_H19_LOI_Rep3","Read_645",0.979519582373787,"Subpopulation_1"
"NGS_H19_LOI_Rep3","Read_646",0.976683176839658,"Subpopulation_1"
"NGS_H19_LOI_Rep3","Read_647",0.978504564668147,"Subpopulation_1"
"NGS_H19_LOI_Rep3","Read_648",0.974226449526576,"Subpopulation_1"
"NGS_H19_LOI_Rep3","Read_649",0.981966917550764,"Subpopulation_1"
"NGS_H19_LOI_Rep3","Read_650",0.973801987632517,"Subpopulation_1"
"NGS_H19_LOI_Rep3","Read_651",0.97478906842199,"Subpopulation_1"
"NGS_H19_LOI_Rep3","Read_652",0.974780802900572,"Subpopulation_1"
"NGS_H19_LOI_Rep3","Read_653",0.972886465695699,"Subpopulation_1"
"NGS_H19_LOI_Rep3","Read_654",0.97685465644456,"Subpopulation_1"
"NGS_H19_LOI_Rep3","Read_655",0.985112557988437,"Subpopulation_1"
"NGS_H19_LOI_Rep3","Read_656",0.979781118827117,"Subpopulation_1"
"NGS_H19_LOI_Rep3","Read_657",0.967748419568333,"Subpopulation_1"
"NGS_H19_LOI_Rep3","Read_658",0.979087548767882,"Subpopulation_1"
"NGS_H19_LOI_Rep3","Read_659",0.981316733183949,"Subpopulation_1"
"NGS_H19_LOI_Rep3","Read_660",0.988556587251275,"Subpopulation_1"
"NGS_H19_LOI_Rep3","Read_661",0.972443662517885,"Subpopulation_1"
"NGS_H19_LOI_Rep3","Read_662",0.982384157972485,"Subpopulation_1"
"NGS_H19_LOI_Rep3","Read_663",0.981653031244158,"Subpopulation_1"
"NGS_H19_LOI_Rep3","Read_664",0.973970815320031,"Subpopulation_1"
"NGS_H19_LOI_Rep3","Read_665",0.97240084506777,"Subpopulation_1"
"NGS_H19_LOI_Rep3","Read_666",0.97903526387155,"Subpopulation_1"
"NGS_H19_LOI_Rep3","Read_667",0.980257113532391,"Subpopulation_1"
"NGS_H19_LOI_Rep3","Read_668",0.98010799614027,"Subpopulation_1"
"NGS_H19_LOI_Rep3","Read_669",0.97960034006041,"Subpopulation_1"
"NGS_H19_LOI_Rep3","Read_670",0.977342518391585,"Subpopulation_1"
"NGS_H19_LOI_Rep3","Read_671",0.973666910764586,"Subpopulation_1"
"NGS_H19_LOI_Rep3","Read_672",0.984161813055991,"Subpopulation_1"
"NGS_H19_LOI_Rep3","Read_673",0.977991397817713,"Subpopulation_1"
"NGS_H19_LOI_Rep3","Read_674",0.985438825635859,"Subpopulation_1"
"NGS_H19_LOI_Rep3","Read_675",0.983217326028333,"Subpopulation_1"
"NGS_H19_LOI_Rep3","Read_676",0.977068303228624,"Subpopulation_1"
"NGS_H19_LOI_Rep3","Read_677",0.981617244037025,"Subpopulation_1"
"NGS_H19_LOI_Rep3","Read_678",0.98418108346222,"Subpopulation_1"
"NGS_H19_LOI_Rep3","Read_679",0.976658867217227,"Subpopulation_1"
"NGS_H19_LOI_Rep3","Read_680",0.978301721058445,"Subpopulation_1"
"NGS_H19_LOI_Rep3","Read_681",0.985425132387532,"Subpopulation_1"
"NGS_H19_LOI_Rep3","Read_682",0.978236319057318,"Subpopulation_1"
"NGS_H19_LOI_Rep3","Read_683",0.980649141735755,"Subpopulation_1"
"NGS_H19_LOI_Rep3","Read_684",0.979736948964516,"Subpopulation_1"
"NGS_H19_LOI_Rep3","Read_685",0.982269711886362,"Subpopulation_1"
"NGS_H19_LOI_Rep3","Read_686",0.974735766499301,"Subpopulation_1"
"NGS_H19_LOI_Rep3","Read_687",0.978740157340238,"Subpopulation_1"
"NGS_H19_LOI_Rep3","Read_688",0.981687923698351,"Subpopulation_1"
"NGS_H19_LOI_Rep3","Read_689",0.980321924241999,"Subpopulation_1"
"NGS_H19_LOI_Rep3","Read_690",0.983957885193519,"Subpopulation_1"
"NGS_H19_LOI_Rep3","Read_691",0.987455090883866,"Subpopulation_1"
"NGS_H19_LOI_Rep3","Read_692",0.983260141325174,"Subpopulation_1"
"NGS_H19_LOI_Rep3","Read_693",0.96885461739032,"Subpopulation_1"
"NGS_H19_LOI_Rep3","Read_694",0.979938235828665,"Subpopulation_1"
"NGS_H19_LOI_Rep3","Read_695",0.979626224486659,"Subpopulation_1"
"NGS_H19_LOI_Rep3","Read_696",0.986656348312797,"Subpopulation_1"
"NGS_H19_LOI_Rep3","Read_697",0.973363253509032,"Subpopulation_1"
"NGS_H19_LOI_Rep3","Read_698",0.982695894720764,"Subpopulation_1"
"NGS_H19_LOI_Rep3","Read_699",0.975455837549469,"Subpopulation_1"
"NGS_H19_LOI_Rep3","Read_700",0.981623445352815,"Subpopulation_1"
"NGS_H19_LOI_Rep3","Read_701",0.979180576995257,"Subpopulation_1"
"NGS_H19_LOI_Rep3","Read_702",0.984874859939547,"Subpopulation_1"
"NGS_H19_LOI_Rep3","Read_703",0.983336729063697,"Subpopulation_1"
"NGS_H19_LOI_Rep3","Read_704",0.985131929323036,"Subpopulation_1"
"NGS_H19_LOI_Rep3","Read_705",0.975896697994852,"Subpopulation_1"
"NGS_H19_LOI_Rep3","Read_706",0.98473673757239,"Subpopulation_1"
"NGS_H19_LOI_Rep3","Read_707",0.982202546525378,"Subpopulation_1"
"NGS_H19_LOI_Rep3","Read_708",0.976895054095854,"Subpopulation_1"
"NGS_H19_LOI_Rep3","Read_709",0.976270600926257,"Subpopulation_1"
"NGS_H19_LOI_Rep3","Read_710",0.977826119337474,"Subpopulation_1"
"NGS_H19_LOI_Rep3","Read_711",0.981671057513487,"Subpopulation_1"
"NGS_H19_LOI_Rep3","Read_712",0.982875088427342,"Subpopulation_1"
"NGS_H19_LOI_Rep3","Read_713",0.978226950074353,"Subpopulation_1"
"NGS_H19_LOI_Rep3","Read_714",0.985802419946294,"Subpopulation_1"
"NGS_H19_LOI_Rep3","Read_715",0.986141886507411,"Subpopulation_1"
"NGS_H19_LOI_Rep3","Read_716",0.976156872844267,"Subpopulation_1"
"NGS_H19_LOI_Rep3","Read_717",0.981238525056,"Subpopulation_1"
"NGS_H19_LOI_Rep3","Read_718",0.975005747712179,"Subpopulation_1"
"NGS_H19_LOI_Rep3","Read_719",0.988175907164827,"Subpopulation_1"
"NGS_H19_LOI_Rep3","Read_720",0.988189695725384,"Subpopulation_1"
"NGS_H19_LOI_Rep3","Read_721",0.990332705898069,"Subpopulation_1"
"NGS_H19_LOI_Rep3","Read_722",0.982811793414092,"Subpopulation_1"
"NGS_H19_LOI_Rep3","Read_723",0.983996440058244,"Subpopulation_1"
"NGS_H19_LOI_Rep3","Read_724",0.980418140535734,"Subpopulation_1"
"NGS_H19_LOI_Rep3","Read_725",0.976784317253698,"Subpopulation_1"
"NGS_H19_LOI_Rep3","Read_726",0.979016362765903,"Subpopulation_1"
"NGS_H19_LOI_Rep3","Read_727",0.983763700261411,"Subpopulation_1"
"NGS_H19_LOI_Rep3","Read_728",0.980245523509278,"Subpopulation_1"
"NGS_H19_LOI_Rep3","Read_729",0.983526023023527,"Subpopulation_1"
"NGS_H19_LOI_Rep3","Read_730",0.974063202730332,"Subpopulation_1"
"NGS_H19_LOI_Rep3","Read_731",0.975091647597256,"Subpopulation_1"
"NGS_H19_LOI_Rep3","Read_732",0.980055460010888,"Subpopulation_1"
"NGS_H19_LOI_Rep3","Read_733",0.984344082013347,"Subpopulation_1"
"NGS_H19_LOI_Rep3","Read_734",0.975730389565353,"Subpopulation_1"
"NGS_H19_LOI_Rep3","Read_735",0.97140975542543,"Subpopulation_1"
"NGS_H19_LOI_Rep3","Read_736",0.979865145357857,"Subpopulation_1"
"NGS_H19_LOI_Rep3","Read_737",0.986687879576724,"Subpopulation_1"
"NGS_H19_LOI_Rep3","Read_738",0.979212853349244,"Subpopulation_1"
"NGS_H19_LOI_Rep3","Read_739",0.980852510338784,"Subpopulation_1"
"NGS_H19_LOI_Rep3","Read_740",0.974332714271765,"Subpopulation_1"
"NGS_H19_LOI_Rep3","Read_741",0.986477833591885,"Subpopulation_1"
"NGS_H19_LOI_Rep3","Read_742",0.978772081549111,"Subpopulation_1"
"NGS_H19_LOI_Rep3","Read_743",0.981042745617175,"Subpopulation_1"
"NGS_H19_LOI_Rep3","Read_744",0.979992984770125,"Subpopulation_1"
"NGS_H19_LOI_Rep3","Read_745",0.974772116080403,"Subpopulation_1"
"NGS_H19_LOI_Rep3","Read_746",0.974208395673204,"Subpopulation_1"
"NGS_H19_LOI_Rep3","Read_747",0.972845426152428,"Subpopulation_1"
"NGS_H19_LOI_Rep3","Read_748",0.984307892570422,"Subpopulation_1"
"NGS_H19_LOI_Rep3","Read_749",0.983608579129303,"Subpopulation_1"
"NGS_H19_LOI_Rep3","Read_750",0.976196448055885,"Subpopulation_1"
"NGS_H19_LOI_Rep3","Read_751",0.971915911120026,"Subpopulation_1"
"NGS_H19_LOI_Rep3","Read_752",0.977357715231451,"Subpopulation_1"
"NGS_H19_LOI_Rep3","Read_753",0.971910209897429,"Subpopulation_1"
"NGS_H19_LOI_Rep3","Read_754",0.983536402532463,"Subpopulation_1"
"NGS_H19_LOI_Rep3","Read_755",0.985766714042842,"Subpopulation_1"
"NGS_H19_LOI_Rep3","Read_756",0.986178481618625,"Subpopulation_1"
"NGS_H19_LOI_Rep3","Read_757",0.985298264231467,"Subpopulation_1"
"NGS_H19_LOI_Rep3","Read_758",0.973386854012731,"Subpopulation_1"
"NGS_H19_LOI_Rep3","Read_759",0.969705179540254,"Subpopulation_1"
"NGS_H19_LOI_Rep3","Read_760",0.978988310033043,"Subpopulation_1"
"NGS_H19_LOI_Rep3","Read_761",0.979666170747447,"Subpopulation_1"
"NGS_H19_LOI_Rep3","Read_762",0.977504303623761,"Subpopulation_1"
"NGS_H19_LOI_Rep3","Read_763",0.985375584292548,"Subpopulation_1"
"NGS_H19_LOI_Rep3","Read_764",0.96948089396823,"Subpopulation_1"
"NGS_H19_LOI_Rep3","Read_765",0.971910300534108,"Subpopulation_1"
"NGS_H19_LOI_Rep3","Read_766",0.982879751054523,"Subpopulation_1"
"NGS_H19_LOI_Rep3","Read_767",0.976638808904655,"Subpopulation_1"
"NGS_H19_LOI_Rep3","Read_768",0.979134841860369,"Subpopulation_1"
"NGS_H19_LOI_Rep3","Read_769",0.979431879440282,"Subpopulation_1"
"NGS_H19_LOI_Rep3","Read_770",0.979836065016783,"Subpopulation_1"
"NGS_H19_LOI_Rep3","Read_771",0.985370494076544,"Subpopulation_1"
"NGS_H19_LOI_Rep3","Read_772",0.979246465708738,"Subpopulation_1"
"NGS_H19_LOI_Rep3","Read_773",0.985218180677701,"Subpopulation_1"
"NGS_H19_LOI_Rep3","Read_774",0.981018193618982,"Subpopulation_1"
"NGS_H19_LOI_Rep3","Read_775",0.97675173435419,"Subpopulation_1"
"NGS_H19_LOI_Rep3","Read_776",0.98174256584781,"Subpopulation_1"
"NGS_H19_LOI_Rep3","Read_777",0.986113579719042,"Subpopulation_1"
"NGS_H19_LOI_Rep3","Read_778",0.979126958903485,"Subpopulation_1"
"NGS_H19_LOI_Rep3","Read_779",0.981618603039967,"Subpopulation_1"
"NGS_H19_LOI_Rep3","Read_780",0.983556117406221,"Subpopulation_1"
"NGS_H19_LOI_Rep3","Read_781",0.983546145802967,"Subpopulation_1"
"NGS_H19_LOI_Rep3","Read_782",0.981862899946442,"Subpopulation_1"
"NGS_H19_LOI_Rep3","Read_783",0.977617903382187,"Subpopulation_1"
"NGS_H19_LOI_Rep3","Read_784",0.97310840030702,"Subpopulation_1"
"NGS_H19_LOI_Rep3","Read_785",0.98736046636442,"Subpopulation_1"
"NGS_H19_LOI_Rep3","Read_786",0.987738819513264,"Subpopulation_1"
"NGS_H19_LOI_Rep3","Read_787",0.97827083221948,"Subpopulation_1"
"NGS_H19_LOI_Rep3","Read_788",0.981088964135204,"Subpopulation_1"
"NGS_H19_LOI_Rep3","Read_789",0.982155560644311,"Subpopulation_1"
"NGS_H19_LOI_Rep3","Read_790",0.979432345983814,"Subpopulation_1"
"NGS_H19_LOI_Rep3","Read_791",0.981239718717082,"Subpopulation_1"
"NGS_H19_LOI_Rep3","Read_792",0.973571386062264,"Subpopulation_1"
"NGS_H19_LOI_Rep3","Read_793",0.972923180733861,"Subpopulation_1"
"NGS_H19_LOI_Rep3","Read_794",0.986099928395837,"Subpopulation_1"
"NGS_H19_LOI_Rep3","Read_795",0.972873713595481,"Subpopulation_1"
"NGS_H19_LOI_Rep3","Read_796",0.981924371546387,"Subpopulation_1"
"NGS_H19_LOI_Rep3","Read_797",0.987474889536138,"Subpopulation_1"
"NGS_H19_LOI_Rep3","Read_798",0.971675394699294,"Subpopulation_1"
"NGS_H19_LOI_Rep3","Read_799",0.980283952468739,"Subpopulation_1"
"NGS_H19_LOI_Rep3","Read_800",0.980083094680841,"Subpopulation_1"
"NGS_H19_LOI_Rep3","Read_801",0.981614078487954,"Subpopulation_1"
"NGS_H19_LOI_Rep3","Read_802",0.978128199036071,"Subpopulation_1"
"NGS_H19_LOI_Rep3","Read_803",0.981039313925865,"Subpopulation_1"
"NGS_H19_LOI_Rep3","Read_804",0.975731998924745,"Subpopulation_1"
"NGS_H19_LOI_Rep3","Read_805",0.975803982456441,"Subpopulation_1"
"NGS_H19_LOI_Rep3","Read_806",0.975847948115989,"Subpopulation_1"
"NGS_H19_LOI_Rep3","Read_807",0.984761901169971,"Subpopulation_1"
"NGS_H19_LOI_Rep3","Read_808",0.979405313081805,"Subpopulation_1"
"NGS_H19_LOI_Rep3","Read_809",0.974267927352485,"Subpopulation_1"
"NGS_H19_LOI_Rep3","Read_810",0.986338902746612,"Subpopulation_1"
"NGS_H19_LOI_Rep3","Read_811",0.977906484754308,"Subpopulation_1"
"NGS_H19_LOI_Rep3","Read_812",0.980749604905979,"Subpopulation_1"
"NGS_H19_LOI_Rep3","Read_813",0.979124375333331,"Subpopulation_1"
"NGS_H19_LOI_Rep3","Read_814",0.977063365874931,"Subpopulation_1"
"NGS_H19_LOI_Rep3","Read_815",0.974653853393093,"Subpopulation_1"
"NGS_H19_LOI_Rep3","Read_816",0.97254093278614,"Subpopulation_1"
"NGS_H19_LOI_Rep3","Read_817",0.979916255498338,"Subpopulation_1"
"NGS_H19_LOI_Rep3","Read_818",0.978807082970439,"Subpopulation_1"
"NGS_H19_LOI_Rep3","Read_819",0.986691088367589,"Subpopulation_1"
"NGS_H19_LOI_Rep3","Read_820",0.97843132591495,"Subpopulation_1"
"NGS_H19_LOI_Rep3","Read_821",0.983078743190841,"Subpopulation_1"
"NGS_H19_LOI_Rep3","Read_822",0.980328218234056,"Subpopulation_1"
"NGS_H19_LOI_Rep3","Read_823",0.979132010541143,"Subpopulation_1"
"NGS_H19_LOI_Rep3","Read_824",0.985397769760568,"Subpopulation_1"
"NGS_H19_LOI_Rep3","Read_825",0.978109137772727,"Subpopulation_1"
"NGS_H19_LOI_Rep3","Read_826",0.972058449896305,"Subpopulation_1"
"NGS_H19_LOI_Rep3","Read_827",0.979952450331284,"Subpopulation_1"
"NGS_H19_LOI_Rep3","Read_828",0.97651019195703,"Subpopulation_1"
"NGS_H19_LOI_Rep3","Read_829",0.976696607778322,"Subpopulation_1"
"NGS_H19_LOI_Rep3","Read_830",0.98377241975176,"Subpopulation_1"
"NGS_H19_LOI_Rep3","Read_831",0.985734472485791,"Subpopulation_1"
"NGS_H19_LOI_Rep3","Read_832",0.977187458618516,"Subpopulation_1"
"NGS_H19_LOI_Rep3","Read_833",0.973414767668183,"Subpopulation_1"
"NGS_H19_LOI_Rep3","Read_834",0.985637881498646,"Subpopulation_1"
"NGS_H19_LOI_Rep3","Read_835",0.974844899002475,"Subpopulation_1"
"NGS_H19_LOI_Rep3","Read_836",0.981537324767291,"Subpopulation_1"
"NGS_H19_LOI_Rep3","Read_837",0.984217097643505,"Subpopulation_1"
"NGS_H19_LOI_Rep3","Read_838",0.982484199694643,"Subpopulation_1"
"NGS_H19_LOI_Rep3","Read_839",0.985226654904425,"Subpopulation_1"
"NGS_H19_LOI_Rep3","Read_840",0.975102984755534,"Subpopulation_1"
"NGS_H19_LOI_Rep3","Read_841",0.982952727753422,"Subpopulation_1"
"NGS_H19_LOI_Rep3","Read_842",0.97977791476231,"Subpopulation_1"
"NGS_H19_LOI_Rep3","Read_843",0.972823035018746,"Subpopulation_1"
"NGS_H19_LOI_Rep3","Read_844",0.975422879553552,"Subpopulation_1"
"NGS_H19_LOI_Rep3","Read_845",0.978687612796315,"Subpopulation_1"
"NGS_H19_LOI_Rep3","Read_846",0.978280344514693,"Subpopulation_1"
"NGS_H19_LOI_Rep3","Read_847",0.9810485002067,"Subpopulation_1"
"NGS_H19_LOI_Rep3","Read_848",0.982914820026204,"Subpopulation_1"
"NGS_H19_LOI_Rep3","Read_849",0.982488519919553,"Subpopulation_1"
"NGS_H19_LOI_Rep3","Read_850",0.975024166443899,"Subpopulation_1"
"NGS_H19_LOI_Rep3","Read_851",0.983253191840301,"Subpopulation_1"
"NGS_H19_LOI_Rep3","Read_852",0.978234077308403,"Subpopulation_1"
"NGS_H19_LOI_Rep3","Read_853",0.984048202224227,"Subpopulation_1"
"NGS_H19_LOI_Rep3","Read_854",0.983096133804043,"Subpopulation_1"
"NGS_H19_LOI_Rep3","Read_855",0.984274673965221,"Subpopulation_1"
"NGS_H19_LOI_Rep3","Read_856",0.976043973265249,"Subpopulation_1"
"NGS_H19_LOI_Rep3","Read_857",0.978324757270262,"Subpopulation_1"
"NGS_H19_LOI_Rep3","Read_858",0.978349418253325,"Subpopulation_1"
"NGS_H19_LOI_Rep3","Read_859",0.976735859165929,"Subpopulation_1"
"NGS_H19_LOI_Rep3","Read_860",0.988124593314838,"Subpopulation_1"
"NGS_H19_LOI_Rep3","Read_861",0.972569423842935,"Subpopulation_1"
"NGS_H19_LOI_Rep3","Read_862",0.985864895586593,"Subpopulation_1"
"NGS_H19_LOI_Rep3","Read_863",0.973430055609806,"Subpopulation_1"
"NGS_H19_LOI_Rep3","Read_864",0.978629609577823,"Subpopulation_1"
"NGS_H19_LOI_Rep3","Read_865",0.984195107257425,"Subpopulation_1"
"NGS_H19_LOI_Rep3","Read_866",0.979722858988012,"Subpopulation_1"
"NGS_H19_LOI_Rep3","Read_867",0.975566517084522,"Subpopulation_1"
"NGS_H19_LOI_Rep3","Read_868",0.985815839885465,"Subpopulation_1"
"NGS_H19_LOI_Rep3","Read_869",0.983272829253938,"Subpopulation_1"
"NGS_H19_LOI_Rep3","Read_870",0.985197499282018,"Subpopulation_1"
"NGS_H19_LOI_Rep3","Read_871",0.972996789603513,"Subpopulation_1"
"NGS_H19_LOI_Rep3","Read_872",0.977672752600508,"Subpopulation_1"
"NGS_H19_LOI_Rep3","Read_873",0.984367300679996,"Subpopulation_1"
"NGS_H19_LOI_Rep3","Read_874",0.979278722287866,"Subpopulation_1"
"NGS_H19_LOI_Rep3","Read_875",0.979421105562424,"Subpopulation_1"
"NGS_H19_LOI_Rep3","Read_876",0.977806872605677,"Subpopulation_1"
"NGS_H19_LOI_Rep3","Read_877",0.975582031968374,"Subpopulation_1"
"NGS_H19_LOI_Rep3","Read_878",0.96913190655151,"Subpopulation_1"
"NGS_H19_LOI_Rep3","Read_879",0.98317258702865,"Subpopulation_1"
"NGS_H19_LOI_Rep3","Read_880",0.975565248813332,"Subpopulation_1"
"NGS_H19_LOI_Rep3","Read_881",0.987774327088583,"Subpopulation_1"
"NGS_H19_LOI_Rep3","Read_882",0.977217406059804,"Subpopulation_1"
"NGS_H19_LOI_Rep3","Read_883",0.975842930613695,"Subpopulation_1"
"NGS_H19_LOI_Rep3","Read_884",0.980382100369732,"Subpopulation_1"
"NGS_H19_LOI_Rep3","Read_885",0.979811665022953,"Subpopulation_1"
"NGS_H19_LOI_Rep3","Read_886",0.98437669668559,"Subpopulation_1"
"NGS_H19_LOI_Rep3","Read_887",0.978532745561222,"Subpopulation_1"
"NGS_H19_LOI_Rep3","Read_888",0.98079929432279,"Subpopulation_1"
"NGS_H19_LOI_Rep3","Read_889",0.980393448659247,"Subpopulation_1"
"NGS_H19_LOI_Rep3","Read_890",0.983515117479128,"Subpopulation_1"
"NGS_H19_LOI_Rep3","Read_891",0.981094212794025,"Subpopulation_1"
"NGS_H19_LOI_Rep3","Read_892",0.979944506049018,"Subpopulation_1"
"NGS_H19_LOI_Rep3","Read_893",0.979549672483509,"Subpopulation_1"
"NGS_H19_LOI_Rep3","Read_894",0.971421865147656,"Subpopulation_1"
"NGS_H19_LOI_Rep3","Read_895",0.97837068224552,"Subpopulation_1"
"NGS_H19_LOI_Rep3","Read_896",0.980529770169428,"Subpopulation_1"
"NGS_H19_LOI_Rep3","Read_897",0.980209172386236,"Subpopulation_1"
"NGS_H19_LOI_Rep3","Read_898",0.979838012939218,"Subpopulation_1"
"NGS_H19_LOI_Rep3","Read_899",0.988765827714984,"Subpopulation_1"
"NGS_H19_LOI_Rep3","Read_900",0.980824825897267,"Subpopulation_1"
"NGS_H19_LOI_Rep3","Read_901",0.975063844497779,"Subpopulation_1"
"NGS_H19_LOI_Rep3","Read_902",0.977208403656448,"Subpopulation_1"
"NGS_H19_LOI_Rep3","Read_903",0.9735814211312,"Subpopulation_1"
"NGS_H19_LOI_Rep3","Read_904",0.985386952795388,"Subpopulation_1"
"NGS_H19_LOI_Rep3","Read_905",0.988598469264342,"Subpopulation_1"
"NGS_H19_LOI_Rep3","Read_906",0.973575439316942,"Subpopulation_1"
"NGS_H19_LOI_Rep3","Read_907",0.984401997326641,"Subpopulation_1"
"NGS_H19_LOI_Rep3","Read_908",0.970445700941833,"Subpopulation_1"
"NGS_H19_LOI_Rep3","Read_909",0.981653690752364,"Subpopulation_1"
"NGS_H19_LOI_Rep3","Read_910",0.972861693912897,"Subpopulation_1"
"NGS_H19_LOI_Rep3","Read_911",0.971945836665447,"Subpopulation_1"
"NGS_H19_LOI_Rep3","Read_912",0.979765946358935,"Subpopulation_1"
"NGS_H19_LOI_Rep3","Read_913",0.987772657258909,"Subpopulation_1"
"NGS_H19_LOI_Rep3","Read_914",0.97206305084388,"Subpopulation_1"
"NGS_H19_LOI_Rep3","Read_915",0.980367142950636,"Subpopulation_1"
"NGS_H19_LOI_Rep3","Read_916",0.986721017551012,"Subpopulation_1"
"NGS_H19_LOI_Rep3","Read_917",0.98713207784843,"Subpopulation_1"
"NGS_H19_LOI_Rep3","Read_918",0.986605025983971,"Subpopulation_1"
"NGS_H19_LOI_Rep3","Read_919",0.980597940884065,"Subpopulation_1"
"NGS_H19_LOI_Rep3","Read_920",0.980860007489534,"Subpopulation_1"
"NGS_H19_LOI_Rep3","Read_921",0.980258557840937,"Subpopulation_1"
"NGS_H19_LOI_Rep3","Read_922",0.981641183606836,"Subpopulation_1"
"NGS_H19_LOI_Rep3","Read_923",0.980043720044414,"Subpopulation_1"
"NGS_H19_LOI_Rep3","Read_924",0.981469120716408,"Subpopulation_1"
"NGS_H19_LOI_Rep3","Read_925",0.981771318122019,"Subpopulation_1"
"NGS_H19_LOI_Rep3","Read_926",0.979195173583329,"Subpopulation_1"
"NGS_H19_LOI_Rep3","Read_927",0.983471236804027,"Subpopulation_1"
"NGS_H19_LOI_Rep3","Read_928",0.984695904463845,"Subpopulation_1"
"NGS_H19_LOI_Rep3","Read_929",0.974636189249622,"Subpopulation_1"
"NGS_H19_LOI_Rep3","Read_930",0.984641821657503,"Subpopulation_1"
"NGS_H19_LOI_Rep3","Read_931",0.985356822661426,"Subpopulation_1"
"NGS_H19_LOI_Rep3","Read_932",0.97989683808964,"Subpopulation_1"
"NGS_H19_LOI_Rep3","Read_933",0.984044372357145,"Subpopulation_1"
"NGS_H19_LOI_Rep3","Read_934",0.981358867232677,"Subpopulation_1"
"NGS_H19_LOI_Rep3","Read_935",0.977470949472829,"Subpopulation_1"
"NGS_H19_LOI_Rep3","Read_936",0.978380023117644,"Subpopulation_1"
"NGS_H19_LOI_Rep3","Read_937",0.973712837640295,"Subpopulation_1"
"NGS_H19_LOI_Rep3","Read_938",0.981910587689727,"Subpopulation_1"
"NGS_H19_LOI_Rep3","Read_939",0.976183173516077,"Subpopulation_1"
"NGS_H19_LOI_Rep3","Read_940",0.983037423967061,"Subpopulation_1"
"NGS_H19_LOI_Rep3","Read_941",0.9825533780119,"Subpopulation_1"
"NGS_H19_LOI_Rep3","Read_942",0.97180195058076,"Subpopulation_1"
"NGS_H19_LOI_Rep3","Read_943",0.982197763472826,"Subpopulation_1"
"NGS_H19_LOI_Rep3","Read_944",0.983917032587211,"Subpopulation_1"
"NGS_H19_LOI_Rep3","Read_945",0.974737086441448,"Subpopulation_1"
"NGS_H19_LOI_Rep3","Read_946",0.980512132755019,"Subpopulation_1"
"NGS_H19_LOI_Rep3","Read_947",0.982735450198896,"Subpopulation_1"
"NGS_H19_LOI_Rep3","Read_948",0.973671520219649,"Subpopulation_1"
"NGS_H19_LOI_Rep3","Read_949",0.977530323459829,"Subpopulation_1"
"NGS_H19_LOI_Rep3","Read_950",0.982693878962868,"Subpopulation_1"
"NGS_H19_LOI_Rep3","Read_951",0.984696740555783,"Subpopulation_1"
"NGS_H19_LOI_Rep3","Read_952",0.988159940516007,"Subpopulation_1"
"NGS_H19_LOI_Rep3","Read_953",0.974655203756975,"Subpopulation_1"
"NGS_H19_LOI_Rep3","Read_954",0.975743089625724,"Subpopulation_1"
"NGS_H19_LOI_Rep3","Read_955",0.982843272857456,"Subpopulation_1"
"NGS_H19_LOI_Rep3","Read_956",0.971160524676787,"Subpopulation_1"
"NGS_H19_LOI_Rep3","Read_957",0.986598783910623,"Subpopulation_1"
"NGS_H19_LOI_Rep3","Read_958",0.970815282577911,"Subpopulation_1"
"NGS_H19_LOI_Rep3","Read_959",0.986478707627593,"Subpopulation_1"
"NGS_H19_LOI_Rep3","Read_960",0.97775063520876,"Subpopulation_1"
"NGS_H19_LOI_Rep3","Read_961",0.976652427657424,"Subpopulation_1"
"NGS_H19_LOI_Rep3","Read_962",0.985275451284937,"Subpopulation_1"
"NGS_H19_LOI_Rep3","Read_963",0.977712082391164,"Subpopulation_1"
"NGS_H19_LOI_Rep3","Read_964",0.969619501620712,"Subpopulation_1"
"NGS_H19_LOI_Rep3","Read_965",0.983498271465566,"Subpopulation_1"
"NGS_H19_LOI_Rep3","Read_966",0.976836443132657,"Subpopulation_1"
"NGS_H19_LOI_Rep3","Read_967",0.971004304468573,"Subpopulation_1"
"NGS_H19_LOI_Rep3","Read_968",0.977967234912785,"Subpopulation_1"
"NGS_H19_LOI_Rep3","Read_969",0.979022110832922,"Subpopulation_1"
"NGS_H19_LOI_Rep3","Read_970",0.977358631112696,"Subpopulation_1"
"NGS_H19_LOI_Rep3","Read_971",0.981241667401102,"Subpopulation_1"
"NGS_H19_LOI_Rep3","Read_972",0.980908804542921,"Subpopulation_1"
"NGS_H19_LOI_Rep3","Read_973",0.989754232598002,"Subpopulation_1"
"NGS_H19_LOI_Rep3","Read_974",0.972122751075796,"Subpopulation_1"
"NGS_H19_LOI_Rep3","Read_975",0.982620823428223,"Subpopulation_1"
"NGS_H19_LOI_Rep3","Read_976",0.982428274420558,"Subpopulation_1"
"NGS_H19_LOI_Rep3","Read_977",0.979569567662582,"Subpopulation_1"
"NGS_H19_LOI_Rep3","Read_978",0.979541440319552,"Subpopulation_1"
"NGS_H19_LOI_Rep3","Read_979",0.979698419480568,"Subpopulation_1"
"NGS_H19_LOI_Rep3","Read_980",0.99008463988216,"Subpopulation_1"
"NGS_H19_LOI_Rep3","Read_981",0.984355049149276,"Subpopulation_1"
"NGS_H19_LOI_Rep3","Read_982",0.982961089348804,"Subpopulation_1"
"NGS_H19_LOI_Rep3","Read_983",0.977393689364297,"Subpopulation_1"
"NGS_H19_LOI_Rep3","Read_984",0.986436069539991,"Subpopulation_1"
"NGS_H19_LOI_Rep3","Read_985",0.984786198654906,"Subpopulation_1"
"NGS_H19_LOI_Rep3","Read_986",0.976140161893423,"Subpopulation_1"
"NGS_H19_LOI_Rep3","Read_987",0.980577587073541,"Subpopulation_1"
"NGS_H19_LOI_Rep3","Read_988",0.986224756850374,"Subpopulation_1"
"NGS_H19_LOI_Rep3","Read_989",0.986547590725029,"Subpopulation_1"
"NGS_H19_LOI_Rep3","Read_990",0.982440740212657,"Subpopulation_1"
"NGS_H19_LOI_Rep3","Read_991",0.974440677547305,"Subpopulation_1"
"NGS_H19_LOI_Rep3","Read_992",0.982405723895969,"Subpopulation_1"
"NGS_H19_LOI_Rep3","Read_993",0.979208151900663,"Subpopulation_1"
"NGS_H19_LOI_Rep3","Read_994",0.979248378232385,"Subpopulation_1"
"NGS_H19_LOI_Rep3","Read_995",0.980761271950497,"Subpopulation_1"
"NGS_H19_LOI_Rep3","Read_996",0.978936654007771,"Subpopulation_1"
"NGS_H19_LOI_Rep3","Read_997",0.964424891849027,"Subpopulation_1"
"NGS_H19_LOI_Rep3","Read_998",0.979008292683162,"Subpopulation_1"
"NGS_H19_LOI_Rep3","Read_999",0.975957486025875,"Subpopulation_1"
"NGS_H19_LOI_Rep3","Read_1000",0.971853428172793,"Subpopulation_1"
"NGS_H19_LOI_Rep3","Read_1001",0.983508705378201,"Subpopulation_1"
"NGS_H19_LOI_Rep3","Read_1002",0.980936824010453,"Subpopulation_1"
"NGS_H19_LOI_Rep3","Read_1003",0.973848119177331,"Subpopulation_1"
"NGS_H19_LOI_Rep3","Read_1004",0.974726765098026,"Subpopulation_1"
"NGS_H19_LOI_Rep3","Read_1005",0.981927425651669,"Subpopulation_1"
"NGS_H19_LOI_Rep3","Read_1006",0.977404110487755,"Subpopulation_1"
"NGS_H19_LOI_Rep3","Read_1007",0.98293594947728,"Subpopulation_1"
"NGS_H19_LOI_Rep3","Read_1008",0.977788099749003,"Subpopulation_1"
"NGS_H19_LOI_Rep3","Read_1009",0.984387589251709,"Subpopulation_1"
"NGS_H19_LOI_Rep3","Read_1010",0.972322846314375,"Subpopulation_1"
"NGS_H19_LOI_Rep3","Read_1011",0.978599677422563,"Subpopulation_1"
"NGS_H19_LOI_Rep3","Read_1012",0.977604337594336,"Subpopulation_1"
"NGS_H19_LOI_Rep3","Read_1013",0.982582835985889,"Subpopulation_1"
"NGS_H19_LOI_Rep3","Read_1014",0.969107207444941,"Subpopulation_1"
"NGS_H19_LOI_Rep3","Read_1015",0.978309680121996,"Subpopulation_1"
"NGS_H19_LOI_Rep3","Read_1016",0.97775038315387,"Subpopulation_1"
"NGS_H19_LOI_Rep3","Read_1017",0.98141645053457,"Subpopulation_1"
"NGS_H19_LOI_Rep3","Read_1018",0.975978012644867,"Subpopulation_1"
"NGS_H19_LOI_Rep3","Read_1019",0.974917704795221,"Subpopulation_1"
"NGS_H19_LOI_Rep3","Read_1020",0.984300824508391,"Subpopulation_1"
"NGS_H19_LOI_Rep3","Read_1021",0.984448721037035,"Subpopulation_1"
"NGS_H19_LOI_Rep3","Read_1022",0.977560278264742,"Subpopulation_1"
"NGS_H19_LOI_Rep3","Read_1023",0.979810595215485,"Subpopulation_1"
"NGS_H19_LOI_Rep3","Read_1024",0.982045497361804,"Subpopulation_1"
"NGS_H19_LOI_Rep3","Read_1025",0.976447715641905,"Subpopulation_1"
"NGS_H19_LOI_Rep3","Read_1026",0.98425970297858,"Subpopulation_1"
"NGS_H19_LOI_Rep3","Read_1027",0.973544236433391,"Subpopulation_1"
"NGS_H19_LOI_Rep3","Read_1028",0.987280301833459,"Subpopulation_1"
"NGS_H19_LOI_Rep3","Read_1029",0.978403479529838,"Subpopulation_1"
"NGS_H19_LOI_Rep3","Read_1030",0.98480283761243,"Subpopulation_1"
"NGS_H19_LOI_Rep3","Read_1031",0.975958955081047,"Subpopulation_1"
"NGS_H19_LOI_Rep3","Read_1032",0.979269461692565,"Subpopulation_1"
"NGS_H19_LOI_Rep3","Read_1033",0.977174658268611,"Subpopulation_1"
"NGS_H19_LOI_Rep3","Read_1034",0.976215170041299,"Subpopulation_1"
"NGS_H19_LOI_Rep3","Read_1035",0.983630317932754,"Subpopulation_1"
"NGS_H19_LOI_Rep3","Read_1036",0.976968265657303,"Subpopulation_1"
"NGS_H19_LOI_Rep3","Read_1037",0.9784205325293,"Subpopulation_1"
"NGS_H19_LOI_Rep3","Read_1038",0.985594571938138,"Subpopulation_1"
"NGS_H19_LOI_Rep3","Read_1039",0.98336904426027,"Subpopulation_1"
"NGS_H19_LOI_Rep3","Read_1040",0.986163185253557,"Subpopulation_1"
"NGS_H19_LOI_Rep3","Read_1041",0.982641593095223,"Subpopulation_1"
"NGS_H19_LOI_Rep3","Read_1042",0.979745009604998,"Subpopulation_1"
"NGS_H19_LOI_Rep3","Read_1043",0.983967495024677,"Subpopulation_1"
"NGS_H19_LOI_Rep3","Read_1044",0.970177156940022,"Subpopulation_1"
"NGS_H19_LOI_Rep3","Read_1045",0.98235323086947,"Subpopulation_1"
"NGS_H19_LOI_Rep3","Read_1046",0.976900837406117,"Subpopulation_1"
"NGS_H19_LOI_Rep3","Read_1047",0.982682832406032,"Subpopulation_1"
"NGS_H19_LOI_Rep3","Read_1048",0.982345704602385,"Subpopulation_1"
"NGS_H19_LOI_Rep3","Read_1049",0.9737232407533,"Subpopulation_1"
"NGS_H19_LOI_Rep3","Read_1050",0.983904622309482,"Subpopulation_1"
"NGS_H19_LOI_Rep3","Read_1051",0.978715782512486,"Subpopulation_1"
"NGS_H19_LOI_Rep3","Read_1052",0.98109943753738,"Subpopulation_1"
"NGS_H19_LOI_Rep3","Read_1053",0.980496538667438,"Subpopulation_1"
"NGS_H19_LOI_Rep3","Read_1054",0.969678318520355,"Subpopulation_1"
"NGS_H19_LOI_Rep3","Read_1055",0.978671209205637,"Subpopulation_1"
"NGS_H19_LOI_Rep3","Read_1056",0.980333927629073,"Subpopulation_1"
"NGS_H19_LOI_Rep3","Read_1057",0.981261485041477,"Subpopulation_1"
"NGS_H19_LOI_Rep3","Read_1058",0.975292119737652,"Subpopulation_1"
"NGS_H19_LOI_Rep3","Read_1059",0.978162852999821,"Subpopulation_1"
"NGS_H19_LOI_Rep3","Read_1060",0.985018546984865,"Subpopulation_1"
"NGS_H19_LOI_Rep3","Read_1061",0.976198509344088,"Subpopulation_1"
"NGS_H19_LOI_Rep3","Read_1062",0.982001100318438,"Subpopulation_1"
"NGS_H19_LOI_Rep3","Read_1063",0.980583945481703,"Subpopulation_1"
"NGS_H19_LOI_Rep3","Read_1064",0.982701401985384,"Subpopulation_1"
"NGS_H19_LOI_Rep3","Read_1065",0.982858114798629,"Subpopulation_1"
"NGS_H19_LOI_Rep3","Read_1066",0.973792470924842,"Subpopulation_1"
"NGS_H19_LOI_Rep3","Read_1067",0.981091628912112,"Subpopulation_1"
"NGS_H19_LOI_Rep3","Read_1068",0.97956902042704,"Subpopulation_1"
"NGS_H19_LOI_Rep3","Read_1069",0.982041653352686,"Subpopulation_1"
"NGS_H19_LOI_Rep3","Read_1070",0.969356448932494,"Subpopulation_1"
"NGS_H19_LOI_Rep3","Read_1071",0.981810613376149,"Subpopulation_1"
"NGS_H19_LOI_Rep3","Read_1072",0.981765751188925,"Subpopulation_1"
"NGS_H19_LOI_Rep3","Read_1073",0.978474799477786,"Subpopulation_1"
"NGS_H19_LOI_Rep3","Read_1074",0.980189768730342,"Subpopulation_1"
"NGS_H19_LOI_Rep3","Read_1075",0.98848809661121,"Subpopulation_1"
"NGS_H19_LOI_Rep3","Read_1076",0.972633947585502,"Subpopulation_1"
"NGS_H19_LOI_Rep3","Read_1077",0.973385085644031,"Subpopulation_1"
"NGS_H19_LOI_Rep3","Read_1078",0.979975318244574,"Subpopulation_1"
"NGS_H19_LOI_Rep3","Read_1079",0.970262274957265,"Subpopulation_1"
"NGS_H19_LOI_Rep3","Read_1080",0.980934699046765,"Subpopulation_1"
"NGS_H19_LOI_Rep3","Read_1081",0.982560951464392,"Subpopulation_1"
"NGS_H19_LOI_Rep3","Read_1082",0.987027598035181,"Subpopulation_1"
"NGS_H19_LOI_Rep3","Read_1083",0.989300633808868,"Subpopulation_1"
"NGS_H19_LOI_Rep3","Read_1084",0.986577872388622,"Subpopulation_1"
"NGS_H19_LOI_Rep3","Read_1085",0.979969300646235,"Subpopulation_1"
"NGS_H19_LOI_Rep3","Read_1086",0.979253077582677,"Subpopulation_1"
"NGS_H19_LOI_Rep3","Read_1087",0.983994610661552,"Subpopulation_1"
"NGS_H19_LOI_Rep3","Read_1088",0.98561876836236,"Subpopulation_1"
"NGS_H19_LOI_Rep3","Read_1089",0.982549297401014,"Subpopulation_1"
"NGS_H19_LOI_Rep3","Read_1090",0.982491032226498,"Subpopulation_1"
"NGS_H19_LOI_Rep3","Read_1091",0.973636453380458,"Subpopulation_1"
"NGS_H19_LOI_Rep3","Read_1092",0.987719883333707,"Subpopulation_1"
"NGS_H19_LOI_Rep3","Read_1093",0.978551293645285,"Subpopulation_1"
"NGS_H19_LOI_Rep3","Read_1094",0.979869732607625,"Subpopulation_1"
"NGS_H19_LOI_Rep3","Read_1095",0.972869954941938,"Subpopulation_1"
"NGS_H19_LOI_Rep3","Read_1096",0.971407577762018,"Subpopulation_1"
"NGS_H19_LOI_Rep3","Read_1097",0.977273662281581,"Subpopulation_1"
"NGS_H19_LOI_Rep3","Read_1098",0.978494656572973,"Subpopulation_1"
"NGS_H19_LOI_Rep3","Read_1099",0.976706457874262,"Subpopulation_1"
"NGS_H19_LOI_Rep3","Read_1100",0.986379437448441,"Subpopulation_1"
"NGS_H19_LOI_Rep3","Read_1101",0.98624446557489,"Subpopulation_1"
"NGS_H19_LOI_Rep3","Read_1102",0.978797668976264,"Subpopulation_1"
"NGS_H19_LOI_Rep3","Read_1103",0.983323501808909,"Subpopulation_1"
"NGS_H19_LOI_Rep3","Read_1104",0.978146841281078,"Subpopulation_1"
"NGS_H19_LOI_Rep3","Read_1105",0.984230285612259,"Subpopulation_1"
"NGS_H19_LOI_Rep3","Read_1106",0.980792171325265,"Subpopulation_1"
"NGS_H19_LOI_Rep3","Read_1107",0.981702078919357,"Subpopulation_1"
"NGS_H19_LOI_Rep3","Read_1108",0.985522493984622,"Subpopulation_1"
"NGS_H19_LOI_Rep3","Read_1109",0.977108453790852,"Subpopulation_1"
"NGS_H19_LOI_Rep3","Read_1110",0.98285193083307,"Subpopulation_1"
"NGS_H19_LOI_Rep3","Read_1111",0.973075443135983,"Subpopulation_1"
"NGS_H19_LOI_Rep3","Read_1112",0.980412840645913,"Subpopulation_1"
"NGS_H19_LOI_Rep3","Read_1113",0.977693456516879,"Subpopulation_1"
"NGS_H19_LOI_Rep3","Read_1114",0.98058246260383,"Subpopulation_1"
"NGS_H19_LOI_Rep3","Read_1115",0.985300889041293,"Subpopulation_1"
"NGS_H19_LOI_Rep3","Read_1116",0.981917878058051,"Subpopulation_1"
"NGS_H19_LOI_Rep3","Read_1117",0.982108981327027,"Subpopulation_1"
"NGS_H19_LOI_Rep3","Read_1118",0.975271103150594,"Subpopulation_1"
"NGS_H19_LOI_Rep3","Read_1119",0.974652987691103,"Subpopulation_1"
"NGS_H19_LOI_Rep3","Read_1120",0.976195187801784,"Subpopulation_1"
"NGS_H19_LOI_Rep3","Read_1121",0.97276848811499,"Subpopulation_1"
"NGS_H19_LOI_Rep3","Read_1122",0.982610793960509,"Subpopulation_1"
"NGS_H19_LOI_Rep3","Read_1123",0.980286888671075,"Subpopulation_1"
"NGS_H19_LOI_Rep3","Read_1124",0.978373822016707,"Subpopulation_1"
"NGS_H19_LOI_Rep3","Read_1125",0.978365729297846,"Subpopulation_1"
"NGS_H19_LOI_Rep3","Read_1126",0.98227035246069,"Subpopulation_1"
"NGS_H19_LOI_Rep3","Read_1127",0.979733341476083,"Subpopulation_1"
"NGS_H19_LOI_Rep3","Read_1128",0.984826862116737,"Subpopulation_1"
"NGS_H19_LOI_Rep3","Read_1129",0.976659882271081,"Subpopulation_1"
"NGS_H19_LOI_Rep3","Read_1130",0.970252622333635,"Subpopulation_1"
"NGS_H19_LOI_Rep3","Read_1131",0.982265436242828,"Subpopulation_1"
"NGS_H19_LOI_Rep3","Read_1132",0.981224264540658,"Subpopulation_1"
"NGS_H19_LOI_Rep3","Read_1133",0.981318516118513,"Subpopulation_1"
"NGS_H19_LOI_Rep3","Read_1134",0.978386745799251,"Subpopulation_1"
"NGS_H19_LOI_Rep3","Read_1135",0.982222151129406,"Subpopulation_1"
"NGS_H19_LOI_Rep3","Read_1136",0.980965876308762,"Subpopulation_1"
"NGS_H19_LOI_Rep3","Read_1137",0.981946757882962,"Subpopulation_1"
"NGS_H19_LOI_Rep3","Read_1138",0.983100255250738,"Subpopulation_1"
"NGS_H19_LOI_Rep3","Read_1139",0.992448320151441,"Subpopulation_1"
"NGS_H19_LOI_Rep3","Read_1140",0.981432317045368,"Subpopulation_1"
"NGS_H19_LOI_Rep3","Read_1141",0.979910792192141,"Subpopulation_1"
"NGS_H19_LOI_Rep3","Read_1142",0.982179211657897,"Subpopulation_1"
"NGS_H19_LOI_Rep3","Read_1143",0.97316701301102,"Subpopulation_1"
"NGS_H19_LOI_Rep3","Read_1144",0.979235786685472,"Subpopulation_1"
"NGS_H19_LOI_Rep3","Read_1145",0.977597893331274,"Subpopulation_1"
"NGS_H19_LOI_Rep3","Read_1146",0.975673066087561,"Subpopulation_1"
"NGS_H19_LOI_Rep3","Read_1147",0.984493799010653,"Subpopulation_1"
"NGS_H19_LOI_Rep3","Read_1148",0.97492701316758,"Subpopulation_1"
"NGS_H19_LOI_Rep3","Read_1149",0.984124429309667,"Subpopulation_1"
"NGS_H19_LOI_Rep3","Read_1150",0.984108881234961,"Subpopulation_1"
"NGS_H19_LOI_Rep3","Read_1151",0.98916030522188,"Subpopulation_1"
"NGS_H19_LOI_Rep3","Read_1152",0.974005507367684,"Subpopulation_1"
"NGS_H19_LOI_Rep3","Read_1153",0.986869518902009,"Subpopulation_1"
"NGS_H19_LOI_Rep3","Read_1154",0.975995073979705,"Subpopulation_1"
"NGS_H19_LOI_Rep3","Read_1155",0.978451170159346,"Subpopulation_1"
"NGS_H19_LOI_Rep3","Read_1156",0.985951185595742,"Subpopulation_1"
"NGS_H19_LOI_Rep3","Read_1157",0.980221753392755,"Subpopulation_1"
"NGS_H19_LOI_Rep3","Read_1158",0.984296258209999,"Subpopulation_1"
"NGS_H19_LOI_Rep3","Read_1159",0.972398304821456,"Subpopulation_1"
"NGS_H19_LOI_Rep3","Read_1160",0.985872565423348,"Subpopulation_1"
"NGS_H19_LOI_Rep3","Read_1161",0.984468781406136,"Subpopulation_1"
"NGS_H19_LOI_Rep3","Read_1162",0.979693229304899,"Subpopulation_1"
"NGS_H19_LOI_Rep3","Read_1163",0.97642550152326,"Subpopulation_1"
"NGS_H19_LOI_Rep3","Read_1164",0.981233039575154,"Subpopulation_1"
"NGS_H19_LOI_Rep3","Read_1165",0.981329942352114,"Subpopulation_1"
"NGS_H19_LOI_Rep3","Read_1166",0.98205425879284,"Subpopulation_1"
"NGS_H19_LOI_Rep3","Read_1167",0.985503188136535,"Subpopulation_1"
"NGS_H19_LOI_Rep3","Read_1168",0.984034592188291,"Subpopulation_1"
"NGS_H19_LOI_Rep3","Read_1169",0.979942538719323,"Subpopulation_1"
"NGS_H19_LOI_Rep3","Read_1170",0.979034864427316,"Subpopulation_1"
"NGS_H19_LOI_Rep3","Read_1171",0.981034281689086,"Subpopulation_1"
"NGS_H19_LOI_Rep3","Read_1172",0.974969561629726,"Subpopulation_1"
"NGS_H19_LOI_Rep3","Read_1173",0.976129947485205,"Subpopulation_1"
"NGS_H19_LOI_Rep3","Read_1174",0.978484252088555,"Subpopulation_1"
"NGS_H19_LOI_Rep3","Read_1175",0.976343581298389,"Subpopulation_1"
"NGS_H19_LOI_Rep3","Read_1176",0.99346250747672,"Subpopulation_1"
"NGS_H19_LOI_Rep3","Read_1177",0.97644780128227,"Subpopulation_1"
"NGS_H19_LOI_Rep3","Read_1178",0.983931802159708,"Subpopulation_1"
"NGS_H19_LOI_Rep3","Read_1179",0.984287737786753,"Subpopulation_1"
"NGS_H19_LOI_Rep3","Read_1180",0.980145495843409,"Subpopulation_1"
"NGS_H19_LOI_Rep3","Read_1181",0.975074965657942,"Subpopulation_1"
"NGS_H19_LOI_Rep3","Read_1182",0.984544689185087,"Subpopulation_1"
"NGS_H19_LOI_Rep3","Read_1183",0.98076916855679,"Subpopulation_1"
"NGS_H19_LOI_Rep3","Read_1184",0.974194811419498,"Subpopulation_1"
"NGS_H19_LOI_Rep3","Read_1185",0.986219124540575,"Subpopulation_1"
"NGS_H19_LOI_Rep3","Read_1186",0.983219813523319,"Subpopulation_1"
"NGS_H19_LOI_Rep3","Read_1187",0.97463918231777,"Subpopulation_1"
"NGS_H19_LOI_Rep3","Read_1188",0.975326983852382,"Subpopulation_1"
"NGS_H19_LOI_Rep3","Read_1189",0.984896748980338,"Subpopulation_1"
"NGS_H19_LOI_Rep3","Read_1190",0.978864518717265,"Subpopulation_1"
"NGS_H19_LOI_Rep3","Read_1191",0.975424896268559,"Subpopulation_1"
"NGS_H19_LOI_Rep3","Read_1192",0.980730347256736,"Subpopulation_1"
"NGS_H19_LOI_Rep3","Read_1193",0.979130530044295,"Subpopulation_1"
"NGS_H19_LOI_Rep3","Read_1194",0.979523613266591,"Subpopulation_1"
"NGS_H19_LOI_Rep3","Read_1195",0.980604332900604,"Subpopulation_1"
"NGS_H19_LOI_Rep3","Read_1196",0.980828823020168,"Subpopulation_1"
"NGS_H19_LOI_Rep3","Read_1197",0.98096235016145,"Subpopulation_1"
"NGS_H19_LOI_Rep3","Read_1198",0.982006205414634,"Subpopulation_1"
"NGS_H19_LOI_Rep3","Read_1199",0.980008841992071,"Subpopulation_1"
"NGS_H19_LOI_Rep3","Read_1200",0.982331922638788,"Subpopulation_1"
"NGS_H19_LOI_Rep3","Read_1201",0.987015236320133,"Subpopulation_1"
"NGS_H19_LOI_Rep3","Read_1202",0.978356666173079,"Subpopulation_1"
"NGS_H19_LOI_Rep3","Read_1203",0.978274219778859,"Subpopulation_1"
"NGS_H19_LOI_Rep3","Read_1204",0.981866623628003,"Subpopulation_1"
"NGS_H19_LOI_Rep3","Read_1205",0.983154698034788,"Subpopulation_1"
"NGS_H19_LOI_Rep3","Read_1206",0.981446020822844,"Subpopulation_1"
"NGS_H19_LOI_Rep3","Read_1207",0.977859365454115,"Subpopulation_1"
"NGS_H19_LOI_Rep3","Read_1208",0.9801263294112,"Subpopulation_1"
"NGS_H19_LOI_Rep3","Read_1209",0.977319312546534,"Subpopulation_1"
"NGS_H19_LOI_Rep3","Read_1210",0.982163789058134,"Subpopulation_1"
"NGS_H19_LOI_Rep3","Read_1211",0.982431796292215,"Subpopulation_1"
"NGS_H19_LOI_Rep3","Read_1212",0.982960166508099,"Subpopulation_1"
"NGS_H19_LOI_Rep3","Read_1213",0.985091779122753,"Subpopulation_1"
"NGS_H19_LOI_Rep3","Read_1214",0.973923111214859,"Subpopulation_1"
"NGS_H19_LOI_Rep3","Read_1215",0.983764233185515,"Subpopulation_1"
"NGS_H19_LOI_Rep3","Read_1216",0.979792212714072,"Subpopulation_1"
"NGS_H19_LOI_Rep3","Read_1217",0.97753581865097,"Subpopulation_1"
"NGS_H19_LOI_Rep3","Read_1218",0.977282081112036,"Subpopulation_1"
"NGS_H19_LOI_Rep3","Read_1219",0.983604890510803,"Subpopulation_1"
"NGS_H19_LOI_Rep3","Read_1220",0.982140268156273,"Subpopulation_1"
"NGS_H19_LOI_Rep3","Read_1221",0.970976271102481,"Subpopulation_1"
"NGS_H19_LOI_Rep3","Read_1222",0.985077105349864,"Subpopulation_1"
"NGS_H19_LOI_Rep3","Read_1223",0.982670249684808,"Subpopulation_1"
"NGS_H19_LOI_Rep3","Read_1224",0.967779208651077,"Subpopulation_1"
"NGS_H19_LOI_Rep3","Read_1225",0.98425220445665,"Subpopulation_1"
"NGS_H19_LOI_Rep3","Read_1226",0.976333608464835,"Subpopulation_1"
"NGS_H19_LOI_Rep3","Read_1227",0.969684987283036,"Subpopulation_1"
"NGS_H19_LOI_Rep3","Read_1228",0.979913076196141,"Subpopulation_1"
"NGS_H19_LOI_Rep3","Read_1229",0.986169924275347,"Subpopulation_1"
"NGS_H19_LOI_Rep3","Read_1230",0.979890095685088,"Subpopulation_1"
"NGS_H19_LOI_Rep3","Read_1231",0.968249118453533,"Subpopulation_1"
"NGS_H19_LOI_Rep3","Read_1232",0.98093932311244,"Subpopulation_1"
"NGS_H19_LOI_Rep3","Read_1233",0.986172206262167,"Subpopulation_1"
"NGS_H19_LOI_Rep3","Read_1234",0.986055789042203,"Subpopulation_1"
"NGS_H19_LOI_Rep3","Read_1235",0.97940044501235,"Subpopulation_1"
"NGS_H19_LOI_Rep3","Read_1236",0.973997405548961,"Subpopulation_1"
"NGS_H19_LOI_Rep3","Read_1237",0.983206761830026,"Subpopulation_1"
"NGS_H19_LOI_Rep3","Read_1238",0.982022984340599,"Subpopulation_1"
"NGS_H19_LOI_Rep3","Read_1239",0.983572350892974,"Subpopulation_1"
"NGS_H19_LOI_Rep3","Read_1240",0.979703998737716,"Subpopulation_1"
"NGS_H19_LOI_Rep3","Read_1241",0.983160158997888,"Subpopulation_1"
"NGS_H19_LOI_Rep3","Read_1242",0.978149637705741,"Subpopulation_1"
"NGS_H19_LOI_Rep3","Read_1243",0.987029295310932,"Subpopulation_1"
"NGS_H19_LOI_Rep3","Read_1244",0.979315793506786,"Subpopulation_1"
"NGS_H19_LOI_Rep3","Read_1245",0.981338259058317,"Subpopulation_1"
"NGS_H19_LOI_Rep3","Read_1246",0.979718707094684,"Subpopulation_1"
"NGS_H19_LOI_Rep3","Read_1247",0.980764213222547,"Subpopulation_1"
"NGS_H19_LOI_Rep3","Read_1248",0.976287856299586,"Subpopulation_1"
"NGS_H19_LOI_Rep3","Read_1249",0.963886258384082,"Subpopulation_1"
"NGS_H19_LOI_Rep3","Read_1250",0.989633566461927,"Subpopulation_1"
"NGS_H19_LOI_Rep3","Read_1251",0.982298121082337,"Subpopulation_1"
"NGS_H19_LOI_Rep3","Read_1252",0.985683400300524,"Subpopulation_1"
"NGS_H19_LOI_Rep3","Read_1253",0.983422634181254,"Subpopulation_1"
"NGS_H19_LOI_Rep3","Read_1254",0.982050980253327,"Subpopulation_1"
"NGS_H19_LOI_Rep3","Read_1255",0.981388285903234,"Subpopulation_1"
"NGS_H19_LOI_Rep3","Read_1256",0.975759021778507,"Subpopulation_1"
"NGS_H19_LOI_Rep3","Read_1257",0.982919476918046,"Subpopulation_1"
"NGS_H19_LOI_Rep3","Read_1258",0.986639244191254,"Subpopulation_1"
"NGS_H19_LOI_Rep3","Read_1259",0.979304916685958,"Subpopulation_1"
"NGS_H19_LOI_Rep3","Read_1260",0.980047475919273,"Subpopulation_1"
"NGS_H19_LOI_Rep3","Read_1261",0.977719577244434,"Subpopulation_1"
"NGS_H19_LOI_Rep3","Read_1262",0.974853011423251,"Subpopulation_1"
"NGS_H19_LOI_Rep3","Read_1263",0.971566235451742,"Subpopulation_1"
"NGS_H19_LOI_Rep3","Read_1264",0.975788695137785,"Subpopulation_1"
"NGS_H19_LOI_Rep3","Read_1265",0.978574887109317,"Subpopulation_1"
"NGS_H19_LOI_Rep3","Read_1266",0.981021273997082,"Subpopulation_1"
"NGS_H19_LOI_Rep3","Read_1267",0.985080867644197,"Subpopulation_1"
"NGS_H19_LOI_Rep3","Read_1268",0.976226783908748,"Subpopulation_1"
"NGS_H19_LOI_Rep3","Read_1269",0.979583689691705,"Subpopulation_1"
"NGS_H19_LOI_Rep3","Read_1270",0.985904474041919,"Subpopulation_1"
"NGS_H19_LOI_Rep3","Read_1271",0.979620516216027,"Subpopulation_1"
"NGS_H19_LOI_Rep3","Read_1272",0.983122361137375,"Subpopulation_1"
"NGS_H19_LOI_Rep3","Read_1273",0.977636087279853,"Subpopulation_1"
"NGS_H19_LOI_Rep3","Read_1274",0.97921977356675,"Subpopulation_1"
"NGS_H19_LOI_Rep3","Read_1275",0.976183229523635,"Subpopulation_1"
"NGS_H19_LOI_Rep3","Read_1276",0.985748601163315,"Subpopulation_1"
"NGS_H19_LOI_Rep3","Read_1277",0.983707323503684,"Subpopulation_1"
"NGS_H19_LOI_Rep3","Read_1278",0.984822699376732,"Subpopulation_1"
"NGS_H19_LOI_Rep3","Read_1279",0.981041483105143,"Subpopulation_1"
"NGS_H19_LOI_Rep3","Read_1280",0.98066816293032,"Subpopulation_1"
"NGS_H19_LOI_Rep3","Read_1281",0.976067248595508,"Subpopulation_1"
"NGS_H19_LOI_Rep3","Read_1282",0.979778597996062,"Subpopulation_1"
"NGS_H19_LOI_Rep3","Read_1283",0.979159447276685,"Subpopulation_1"
"NGS_H19_LOI_Rep3","Read_1284",0.9747985094188,"Subpopulation_1"
"NGS_H19_LOI_Rep3","Read_1285",0.984047177463126,"Subpopulation_1"
"NGS_H19_LOI_Rep3","Read_1286",0.98557141991024,"Subpopulation_1"
"NGS_H19_LOI_Rep3","Read_1287",0.980170928124379,"Subpopulation_1"
"NGS_H19_LOI_Rep3","Read_1288",0.988896685473874,"Subpopulation_1"
"NGS_H19_LOI_Rep3","Read_1289",0.972360772321458,"Subpopulation_1"
"NGS_H19_LOI_Rep3","Read_1290",0.979178247247418,"Subpopulation_1"
"NGS_H19_LOI_Rep3","Read_1291",0.985051739800514,"Subpopulation_1"
"NGS_H19_LOI_Rep3","Read_1292",0.973019264598125,"Subpopulation_1"
"NGS_H19_LOI_Rep3","Read_1293",0.976000891489827,"Subpopulation_1"
"NGS_H19_LOI_Rep3","Read_1294",0.982958317783654,"Subpopulation_1"
"NGS_H19_LOI_Rep3","Read_1295",0.981455165926846,"Subpopulation_1"
"NGS_H19_LOI_Rep3","Read_1296",0.980637666676936,"Subpopulation_1"
"NGS_H19_LOI_Rep3","Read_1297",0.983334418590583,"Subpopulation_1"
"NGS_H19_LOI_Rep3","Read_1298",0.981461776710209,"Subpopulation_1"
"NGS_H19_LOI_Rep3","Read_1299",0.978363114709592,"Subpopulation_1"
"NGS_H19_LOI_Rep3","Read_1300",0.978100783090865,"Subpopulation_1"
"NGS_H19_LOI_Rep3","Read_1301",0.984308120873405,"Subpopulation_1"
"NGS_H19_LOI_Rep3","Read_1302",0.978713334411274,"Subpopulation_1"
"NGS_H19_LOI_Rep3","Read_1303",0.984742083651807,"Subpopulation_1"
"NGS_H19_LOI_Rep3","Read_1304",0.977141420947903,"Subpopulation_1"
"NGS_H19_LOI_Rep3","Read_1305",0.978067311100305,"Subpopulation_1"
"NGS_H19_LOI_Rep3","Read_1306",0.984923960638101,"Subpopulation_1"
"NGS_H19_LOI_Rep3","Read_1307",0.981917863025068,"Subpopulation_1"
"NGS_H19_LOI_Rep3","Read_1308",0.979056673468507,"Subpopulation_1"
"NGS_H19_LOI_Rep3","Read_1309",0.978310505451953,"Subpopulation_1"
"NGS_H19_LOI_Rep3","Read_1310",0.981408779565838,"Subpopulation_1"
"NGS_H19_LOI_Rep3","Read_1311",0.986179720554189,"Subpopulation_1"
"NGS_H19_LOI_Rep3","Read_1312",0.970527876491176,"Subpopulation_1"
"NGS_H19_LOI_Rep3","Read_1313",0.978225183943474,"Subpopulation_1"
"NGS_H19_LOI_Rep3","Read_1314",0.980181784902669,"Subpopulation_1"
"NGS_H19_LOI_Rep3","Read_1315",0.985752651036199,"Subpopulation_1"
"NGS_H19_LOI_Rep3","Read_1316",0.983643291839565,"Subpopulation_1"
"NGS_H19_LOI_Rep3","Read_1317",0.986179124848895,"Subpopulation_1"
"NGS_H19_LOI_Rep3","Read_1318",0.976267808464143,"Subpopulation_1"
"NGS_H19_LOI_Rep3","Read_1319",0.980516856552486,"Subpopulation_1"
"NGS_H19_LOI_Rep3","Read_1320",0.975553516487734,"Subpopulation_1"
"NGS_H19_LOI_Rep3","Read_1321",0.981893511123047,"Subpopulation_1"
"NGS_H19_LOI_Rep3","Read_1322",0.975699343463966,"Subpopulation_1"
"NGS_H19_LOI_Rep3","Read_1323",0.983555630873106,"Subpopulation_1"
"NGS_H19_LOI_Rep3","Read_1324",0.964939367513473,"Subpopulation_1"
"NGS_H19_LOI_Rep3","Read_1325",0.974969247408824,"Subpopulation_1"
"NGS_H19_LOI_Rep3","Read_1326",0.984146749484041,"Subpopulation_1"
"NGS_H19_LOI_Rep3","Read_1327",0.979625185698282,"Subpopulation_1"
"NGS_H19_LOI_Rep3","Read_1328",0.977344744262293,"Subpopulation_1"
"NGS_H19_LOI_Rep3","Read_1329",0.985158634930727,"Subpopulation_1"
"NGS_H19_LOI_Rep3","Read_1330",0.983060461255746,"Subpopulation_1"
"NGS_H19_LOI_Rep3","Read_1331",0.977073538433103,"Subpopulation_1"
"NGS_H19_LOI_Rep3","Read_1332",0.981757944745271,"Subpopulation_1"
"NGS_H19_LOI_Rep3","Read_1333",0.984047160295632,"Subpopulation_1"
"NGS_H19_LOI_Rep3","Read_1334",0.987268489236364,"Subpopulation_1"
"NGS_H19_LOI_Rep3","Read_1335",0.975605732071083,"Subpopulation_1"
"NGS_H19_LOI_Rep3","Read_1336",0.980752527385872,"Subpopulation_1"
"NGS_H19_LOI_Rep3","Read_1337",0.98462761085054,"Subpopulation_1"
"NGS_H19_LOI_Rep3","Read_1338",0.978323446123495,"Subpopulation_1"
"NGS_H19_LOI_Rep3","Read_1339",0.981310924889406,"Subpopulation_1"
"NGS_H19_LOI_Rep3","Read_1340",0.985946192977625,"Subpopulation_1"
"NGS_H19_LOI_Rep3","Read_1341",0.984408774890349,"Subpopulation_1"
"NGS_H19_LOI_Rep3","Read_1342",0.983837720740022,"Subpopulation_1"
"NGS_H19_LOI_Rep3","Read_1343",0.968378107549265,"Subpopulation_1"
"NGS_H19_LOI_Rep3","Read_1344",0.979863953661595,"Subpopulation_1"
"NGS_H19_LOI_Rep3","Read_1345",0.974068605496338,"Subpopulation_1"
"NGS_H19_LOI_Rep3","Read_1346",0.982009684295267,"Subpopulation_1"
"NGS_H19_LOI_Rep3","Read_1347",0.978849797500947,"Subpopulation_1"
"NGS_H19_LOI_Rep3","Read_1348",0.984877279644816,"Subpopulation_1"
"NGS_H19_LOI_Rep3","Read_1349",0.976879927149868,"Subpopulation_1"
"NGS_H19_LOI_Rep3","Read_1350",0.98262356372954,"Subpopulation_1"
"NGS_H19_LOI_Rep3","Read_1351",0.97918637742313,"Subpopulation_1"
"NGS_H19_LOI_Rep3","Read_1352",0.980424358830784,"Subpopulation_1"
"NGS_H19_LOI_Rep3","Read_1353",0.97561761511596,"Subpopulation_1"
"NGS_H19_LOI_Rep3","Read_1354",0.982904181097055,"Subpopulation_1"
"NGS_H19_LOI_Rep3","Read_1355",0.983012399084695,"Subpopulation_1"
"NGS_H19_LOI_Rep3","Read_1356",0.985102843156961,"Subpopulation_1"
"NGS_H19_LOI_Rep3","Read_1357",0.980362958631665,"Subpopulation_1"
"NGS_H19_LOI_Rep3","Read_1358",0.981480811409615,"Subpopulation_1"
"NGS_H19_LOI_Rep3","Read_1359",0.98293835300352,"Subpopulation_1"
"NGS_H19_LOI_Rep3","Read_1360",0.970104749529584,"Subpopulation_1"
"NGS_H19_LOI_Rep3","Read_1361",0.98330544028084,"Subpopulation_1"
"NGS_H19_LOI_Rep3","Read_1362",0.982641931427626,"Subpopulation_1"
"NGS_H19_LOI_Rep3","Read_1363",0.978774512746666,"Subpopulation_1"
"NGS_H19_LOI_Rep3","Read_1364",0.981937507662819,"Subpopulation_1"
"NGS_H19_LOI_Rep3","Read_1365",0.978489515418611,"Subpopulation_1"
"NGS_H19_LOI_Rep3","Read_1366",0.975502927594113,"Subpopulation_1"
"NGS_H19_LOI_Rep3","Read_1367",0.977509182638879,"Subpopulation_1"
"NGS_H19_LOI_Rep3","Read_1368",0.986449743652978,"Subpopulation_1"
"NGS_H19_LOI_Rep3","Read_1369",0.981734594450842,"Subpopulation_1"
"NGS_H19_LOI_Rep3","Read_1370",0.978631239656379,"Subpopulation_1"
"NGS_H19_LOI_Rep3","Read_1371",0.981309639435462,"Subpopulation_1"
"NGS_H19_LOI_Rep3","Read_1372",0.981871028111744,"Subpopulation_1"
"NGS_H19_LOI_Rep3","Read_1373",0.985762688786715,"Subpopulation_1"
"NGS_H19_LOI_Rep3","Read_1374",0.977376188625674,"Subpopulation_1"
"NGS_H19_LOI_Rep3","Read_1375",0.985415730687729,"Subpopulation_1"
"NGS_H19_LOI_Rep3","Read_1376",0.982842701463915,"Subpopulation_1"
"NGS_H19_LOI_Rep3","Read_1377",0.987069904656686,"Subpopulation_1"
"NGS_H19_LOI_Rep3","Read_1378",0.981147315479043,"Subpopulation_1"
"NGS_H19_LOI_Rep3","Read_1379",0.977335758473029,"Subpopulation_1"
"NGS_H19_LOI_Rep3","Read_1380",0.981222691494273,"Subpopulation_1"
"NGS_H19_LOI_Rep3","Read_1381",0.977092964698638,"Subpopulation_1"
"NGS_H19_LOI_Rep3","Read_1382",0.988070448819024,"Subpopulation_1"
"NGS_H19_LOI_Rep3","Read_1383",0.982373817726707,"Subpopulation_1"
"NGS_H19_LOI_Rep3","Read_1384",0.974626131065432,"Subpopulation_1"
"NGS_H19_LOI_Rep3","Read_1385",0.986851093985693,"Subpopulation_1"
"NGS_H19_LOI_Rep3","Read_1386",0.975998787808135,"Subpopulation_1"
"NGS_H19_LOI_Rep3","Read_1387",0.980483894280523,"Subpopulation_1"
"NGS_H19_LOI_Rep3","Read_1388",0.971542486704281,"Subpopulation_1"
"NGS_H19_LOI_Rep3","Read_1389",0.984010856388389,"Subpopulation_1"
"NGS_H19_LOI_Rep3","Read_1390",0.976665079537054,"Subpopulation_1"
"NGS_H19_LOI_Rep3","Read_1391",0.984801752279448,"Subpopulation_1"
"NGS_H19_LOI_Rep3","Read_1392",0.979503492135727,"Subpopulation_1"
"NGS_H19_LOI_Rep3","Read_1393",0.987203981632431,"Subpopulation_1"
"NGS_H19_LOI_Rep3","Read_1394",0.97874089053153,"Subpopulation_1"
"NGS_H19_LOI_Rep3","Read_1395",0.982372150658054,"Subpopulation_1"
"NGS_H19_LOI_Rep3","Read_1396",0.979642518337419,"Subpopulation_1"
"NGS_H19_LOI_Rep3","Read_1397",0.975449917617816,"Subpopulation_1"
"NGS_H19_LOI_Rep3","Read_1398",0.985091485029634,"Subpopulation_1"
"NGS_H19_LOI_Rep3","Read_1399",0.979243577267493,"Subpopulation_1"
"NGS_H19_LOI_Rep3","Read_1400",0.981590118220069,"Subpopulation_1"
"NGS_H19_LOI_Rep3","Read_1401",0.974242761245017,"Subpopulation_1"
"NGS_H19_LOI_Rep3","Read_1402",0.971624045665571,"Subpopulation_1"
"NGS_H19_LOI_Rep3","Read_1403",0.970746201971136,"Subpopulation_1"
"NGS_H19_LOI_Rep3","Read_1404",0.977423564450158,"Subpopulation_1"
"NGS_H19_LOI_Rep3","Read_1405",0.986999937151199,"Subpopulation_1"
"NGS_H19_LOI_Rep3","Read_1406",0.985862986731716,"Subpopulation_1"
"NGS_H19_LOI_Rep3","Read_1407",0.973890122660685,"Subpopulation_1"
"NGS_H19_LOI_Rep3","Read_1408",0.981343606986889,"Subpopulation_1"
"NGS_H19_LOI_Rep3","Read_1409",0.982030572790072,"Subpopulation_1"
"NGS_H19_LOI_Rep3","Read_1410",0.977545825983135,"Subpopulation_1"
"NGS_H19_LOI_Rep3","Read_1411",0.977144546026381,"Subpopulation_1"
"NGS_H19_LOI_Rep3","Read_1412",0.980508389351435,"Subpopulation_1"
"NGS_H19_LOI_Rep3","Read_1413",0.979309484636695,"Subpopulation_1"
"NGS_H19_LOI_Rep3","Read_1414",0.978967733984251,"Subpopulation_1"
"NGS_H19_LOI_Rep3","Read_1415",0.980742493532628,"Subpopulation_1"
"NGS_H19_LOI_Rep3","Read_1416",0.982720211359366,"Subpopulation_1"
"NGS_H19_LOI_Rep3","Read_1417",0.981822368252243,"Subpopulation_1"
"NGS_H19_LOI_Rep3","Read_1418",0.98037047979812,"Subpopulation_1"
"NGS_H19_LOI_Rep3","Read_1419",0.985238541753105,"Subpopulation_1"
"NGS_H19_LOI_Rep3","Read_1420",0.984690357996426,"Subpopulation_1"
"NGS_H19_LOI_Rep3","Read_1421",0.986718866421923,"Subpopulation_1"
"NGS_H19_LOI_Rep3","Read_1422",0.97230424771536,"Subpopulation_1"
"NGS_H19_LOI_Rep3","Read_1423",0.975761575226493,"Subpopulation_1"
"NGS_H19_LOI_Rep3","Read_1424",0.985815486524789,"Subpopulation_1"
"NGS_H19_LOI_Rep3","Read_1425",0.981585374580026,"Subpopulation_1"
"NGS_H19_LOI_Rep3","Read_1426",0.982342195838178,"Subpopulation_1"
"NGS_H19_LOI_Rep3","Read_1427",0.973867519190482,"Subpopulation_1"
"NGS_H19_LOI_Rep3","Read_1428",0.981636119017876,"Subpopulation_1"
"NGS_H19_LOI_Rep3","Read_1429",0.975656967347605,"Subpopulation_1"
"NGS_H19_LOI_Rep3","Read_1430",0.978290249434374,"Subpopulation_1"
"NGS_H19_LOI_Rep3","Read_1431",0.975649758119794,"Subpopulation_1"
"NGS_H19_LOI_Rep3","Read_1432",0.980818637387601,"Subpopulation_1"
"NGS_H19_LOI_Rep3","Read_1433",0.975873143724581,"Subpopulation_1"
"NGS_H19_LOI_Rep3","Read_1434",0.981933691328848,"Subpopulation_1"
"NGS_H19_LOI_Rep3","Read_1435",0.975528642648637,"Subpopulation_1"
"NGS_H19_LOI_Rep3","Read_1436",0.983313826854315,"Subpopulation_1"
"NGS_H19_LOI_Rep3","Read_1437",0.97989969201953,"Subpopulation_1"
"NGS_H19_LOI_Rep3","Read_1438",0.970283355006073,"Subpopulation_1"
"NGS_H19_LOI_Rep3","Read_1439",0.976908375394286,"Subpopulation_1"
"NGS_H19_LOI_Rep3","Read_1440",0.977260161979489,"Subpopulation_1"
"NGS_H19_LOI_Rep3","Read_1441",0.982749474921708,"Subpopulation_1"
"NGS_H19_LOI_Rep3","Read_1442",0.972828938774795,"Subpopulation_1"
"NGS_H19_LOI_Rep3","Read_1443",0.97675936026155,"Subpopulation_1"
"NGS_H19_LOI_Rep3","Read_1444",0.981608724046052,"Subpopulation_1"
"NGS_H19_LOI_Rep3","Read_1445",0.981545655872526,"Subpopulation_1"
"NGS_H19_LOI_Rep3","Read_1446",0.984635340356544,"Subpopulation_1"
"NGS_H19_LOI_Rep3","Read_1447",0.977218312903453,"Subpopulation_1"
"NGS_H19_LOI_Rep3","Read_1448",0.976180056273655,"Subpopulation_1"
"NGS_H19_LOI_Rep3","Read_1449",0.98166511440414,"Subpopulation_1"
"NGS_H19_LOI_Rep3","Read_1450",0.982943974068108,"Subpopulation_1"
"NGS_H19_LOI_Rep3","Read_1451",0.979997965564377,"Subpopulation_1"
"NGS_H19_LOI_Rep3","Read_1452",0.986650155125169,"Subpopulation_1"
"NGS_H19_LOI_Rep3","Read_1453",0.976599559142434,"Subpopulation_1"
"NGS_H19_LOI_Rep3","Read_1454",0.971682059142509,"Subpopulation_1"
"NGS_H19_LOI_Rep3","Read_1455",0.983705937416203,"Subpopulation_1"
"NGS_H19_LOI_Rep3","Read_1456",0.984450671404174,"Subpopulation_1"
"NGS_H19_LOI_Rep3","Read_1457",0.978421232454473,"Subpopulation_1"
"NGS_H19_LOI_Rep3","Read_1458",0.974341283982093,"Subpopulation_1"
"NGS_H19_LOI_Rep3","Read_1459",0.984443398010338,"Subpopulation_1"
"NGS_H19_LOI_Rep3","Read_1460",0.976690592611579,"Subpopulation_1"
"NGS_H19_LOI_Rep3","Read_1461",0.97950222571152,"Subpopulation_1"
"NGS_H19_LOI_Rep3","Read_1462",0.978976946177927,"Subpopulation_1"
"NGS_H19_LOI_Rep3","Read_1463",0.985474137688376,"Subpopulation_1"
"NGS_H19_LOI_Rep3","Read_1464",0.97446845147381,"Subpopulation_1"
"NGS_H19_LOI_Rep3","Read_1465",0.964352145910802,"Subpopulation_1"
"NGS_H19_LOI_Rep3","Read_1466",0.97523654725419,"Subpopulation_1"
"NGS_H19_LOI_Rep3","Read_1467",0.986173877114117,"Subpopulation_1"
"NGS_H19_LOI_Rep3","Read_1468",0.981536187086392,"Subpopulation_1"
"NGS_H19_LOI_Rep3","Read_1469",0.983141903487917,"Subpopulation_1"
"NGS_H19_LOI_Rep3","Read_1470",0.972011947430574,"Subpopulation_1"
"NGS_H19_LOI_Rep3","Read_1471",0.987211947156052,"Subpopulation_1"
"NGS_H19_LOI_Rep3","Read_1472",0.973569684169365,"Subpopulation_1"
"NGS_H19_LOI_Rep3","Read_1473",0.983697412508835,"Subpopulation_1"
"NGS_H19_LOI_Rep3","Read_1474",0.984513486325353,"Subpopulation_1"
"NGS_H19_LOI_Rep3","Read_1475",0.983722334188667,"Subpopulation_1"
"NGS_H19_LOI_Rep3","Read_1476",0.970894406014449,"Subpopulation_1"
"NGS_H19_LOI_Rep3","Read_1477",0.972007028842511,"Subpopulation_1"
"NGS_H19_LOI_Rep3","Read_1478",0.9855887747972,"Subpopulation_1"
"NGS_H19_LOI_Rep3","Read_1479",0.98004964463783,"Subpopulation_1"
"NGS_H19_LOI_Rep3","Read_1480",0.982552116304415,"Subpopulation_1"
"NGS_H19_LOI_Rep3","Read_1481",0.982902079106061,"Subpopulation_1"
"NGS_H19_LOI_Rep3","Read_1482",0.985474497774506,"Subpopulation_1"
"NGS_H19_LOI_Rep3","Read_1483",0.978561145939764,"Subpopulation_1"
"NGS_H19_LOI_Rep3","Read_1484",0.971832373358004,"Subpopulation_1"
"NGS_H19_LOI_Rep3","Read_1485",0.975023574188329,"Subpopulation_1"
"NGS_H19_LOI_Rep3","Read_1486",0.986485610243083,"Subpopulation_1"
"NGS_H19_LOI_Rep3","Read_1487",0.974029219301956,"Subpopulation_1"
"NGS_H19_LOI_Rep3","Read_1488",0.972614584906455,"Subpopulation_1"
"NGS_H19_LOI_Rep3","Read_1489",0.985431769691842,"Subpopulation_1"
"NGS_H19_LOI_Rep3","Read_1490",0.981849687047409,"Subpopulation_1"
"NGS_H19_LOI_Rep3","Read_1491",0.983028594311194,"Subpopulation_1"
"NGS_H19_LOI_Rep3","Read_1492",0.98499340466926,"Subpopulation_1"
"NGS_H19_LOI_Rep3","Read_1493",0.984384136262896,"Subpopulation_1"
"NGS_H19_LOI_Rep3","Read_1494",0.984235825565213,"Subpopulation_1"
"NGS_H19_LOI_Rep3","Read_1495",0.979854670656889,"Subpopulation_1"
"NGS_H19_LOI_Rep3","Read_1496",0.974884811258684,"Subpopulation_1"
"NGS_H19_LOI_Rep3","Read_1497",0.981515095606352,"Subpopulation_1"
"NGS_H19_LOI_Rep3","Read_1498",0.986813420673785,"Subpopulation_1"
"NGS_H19_LOI_Rep3","Read_1499",0.98423401519175,"Subpopulation_1"
"NGS_H19_LOI_Rep3","Read_1500",0.983121077504006,"Subpopulation_1"
"NGS_H19_LOI_Rep3","Read_1501",0.983816474783196,"Subpopulation_1"
"NGS_H19_LOI_Rep3","Read_1502",0.981026985997137,"Subpopulation_1"
"NGS_H19_LOI_Rep3","Read_1503",0.984520812872808,"Subpopulation_1"
"NGS_H19_LOI_Rep3","Read_1504",0.976883257296025,"Subpopulation_1"
"NGS_H19_LOI_Rep3","Read_1505",0.977392640642732,"Subpopulation_1"
"NGS_H19_LOI_Rep3","Read_1506",0.983453251058813,"Subpopulation_1"
"NGS_H19_LOI_Rep3","Read_1507",0.974689773369748,"Subpopulation_1"
"NGS_H19_LOI_Rep3","Read_1508",0.973588214742337,"Subpopulation_1"
"NGS_H19_LOI_Rep3","Read_1509",0.978680529452387,"Subpopulation_1"
"NGS_H19_LOI_Rep3","Read_1510",0.974881814352283,"Subpopulation_1"
"NGS_H19_LOI_Rep3","Read_1511",0.981393380826467,"Subpopulation_1"
"NGS_H19_LOI_Rep3","Read_1512",0.981696461403969,"Subpopulation_1"
"NGS_H19_LOI_Rep3","Read_1513",0.983081630420554,"Subpopulation_1"
"NGS_H19_LOI_Rep3","Read_1514",0.984816617518293,"Subpopulation_1"
"NGS_H19_LOI_Rep3","Read_1515",0.985225723703057,"Subpopulation_1"
"NGS_H19_LOI_Rep3","Read_1516",0.986779006791312,"Subpopulation_1"
"NGS_H19_LOI_Rep3","Read_1517",0.982775281154505,"Subpopulation_1"
"NGS_H19_LOI_Rep3","Read_1518",0.978330248036887,"Subpopulation_1"
"NGS_H19_LOI_Rep3","Read_1519",0.977040091484888,"Subpopulation_1"
"NGS_H19_LOI_Rep3","Read_1520",0.982442036817861,"Subpopulation_1"
"NGS_H19_LOI_Rep3","Read_1521",0.974382988667081,"Subpopulation_1"
"NGS_H19_LOI_Rep3","Read_1522",0.985744506796265,"Subpopulation_1"
"NGS_H19_LOI_Rep3","Read_1523",0.976785738417228,"Subpopulation_1"
"NGS_H19_LOI_Rep3","Read_1524",0.975424299011012,"Subpopulation_1"
"NGS_H19_LOI_Rep3","Read_1525",0.976706178859408,"Subpopulation_1"
"NGS_H19_LOI_Rep3","Read_1526",0.98171145778502,"Subpopulation_1"
"NGS_H19_LOI_Rep3","Read_1527",0.982570645632131,"Subpopulation_1"
"NGS_H19_LOI_Rep3","Read_1528",0.986440085152987,"Subpopulation_1"
"NGS_H19_LOI_Rep3","Read_1529",0.977345450377644,"Subpopulation_1"
"NGS_H19_LOI_Rep3","Read_1530",0.984254022802982,"Subpopulation_1"
"NGS_H19_LOI_Rep3","Read_1531",0.978846737985071,"Subpopulation_1"
"NGS_H19_LOI_Rep3","Read_1532",0.986821187073816,"Subpopulation_1"
"NGS_H19_LOI_Rep3","Read_1533",0.979795959073144,"Subpopulation_1"
"NGS_H19_LOI_Rep3","Read_1534",0.981948764061508,"Subpopulation_1"
"NGS_H19_LOI_Rep3","Read_1535",0.981451399993682,"Subpopulation_1"
"NGS_H19_LOI_Rep3","Read_1536",0.982026810921343,"Subpopulation_1"
"NGS_H19_LOI_Rep3","Read_1537",0.968872133273397,"Subpopulation_1"
"NGS_H19_LOI_Rep3","Read_1538",0.979557876312411,"Subpopulation_1"
"NGS_H19_LOI_Rep3","Read_1539",0.983782826264223,"Subpopulation_1"
"NGS_H19_LOI_Rep3","Read_1540",0.9751628609906,"Subpopulation_1"
"NGS_H19_LOI_Rep3","Read_1541",0.985868782758059,"Subpopulation_1"
"NGS_H19_LOI_Rep3","Read_1542",0.985849797081154,"Subpopulation_1"
"NGS_H19_LOI_Rep3","Read_1543",0.983654080290977,"Subpopulation_1"
"NGS_H19_LOI_Rep3","Read_1544",0.974027810479848,"Subpopulation_1"
"NGS_H19_LOI_Rep3","Read_1545",0.982866631102807,"Subpopulation_1"
"NGS_H19_LOI_Rep3","Read_1546",0.982578077676736,"Subpopulation_1"
"NGS_H19_LOI_Rep3","Read_1547",0.982303409789364,"Subpopulation_1"
"NGS_H19_LOI_Rep3","Read_1548",0.984200606130929,"Subpopulation_1"
"NGS_H19_LOI_Rep3","Read_1549",0.97826812165864,"Subpopulation_1"
"NGS_H19_LOI_Rep3","Read_1550",0.984055997915431,"Subpopulation_1"
"NGS_H19_LOI_Rep3","Read_1551",0.976099321192714,"Subpopulation_1"
"NGS_H19_LOI_Rep3","Read_1552",0.975703638515537,"Subpopulation_1"
"NGS_H19_LOI_Rep3","Read_1553",0.982043392661691,"Subpopulation_1"
"NGS_H19_LOI_Rep3","Read_1554",0.971940565520513,"Subpopulation_1"
"NGS_H19_LOI_Rep3","Read_1555",0.976377376773768,"Subpopulation_1"
"NGS_H19_LOI_Rep3","Read_1556",0.982757345041237,"Subpopulation_1"
"NGS_H19_LOI_Rep3","Read_1557",0.977786698747016,"Subpopulation_1"
"NGS_H19_LOI_Rep3","Read_1558",0.981620971927439,"Subpopulation_1"
"NGS_H19_LOI_Rep3","Read_1559",0.981583416481392,"Subpopulation_1"
"NGS_H19_LOI_Rep3","Read_1560",0.976646110701228,"Subpopulation_1"
"NGS_H19_LOI_Rep3","Read_1561",0.979772903304149,"Subpopulation_1"
"NGS_H19_LOI_Rep3","Read_1562",0.976658814937889,"Subpopulation_1"
"NGS_H19_LOI_Rep3","Read_1563",0.982145694048309,"Subpopulation_1"
"NGS_H19_LOI_Rep3","Read_1564",0.977318660219264,"Subpopulation_1"
"NGS_H19_LOI_Rep3","Read_1565",0.979969868656436,"Subpopulation_1"
"NGS_H19_LOI_Rep3","Read_1566",0.979093759253146,"Subpopulation_1"
"NGS_H19_LOI_Rep3","Read_1567",0.980726726399119,"Subpopulation_1"
"NGS_H19_LOI_Rep3","Read_1568",0.964321326263423,"Subpopulation_1"
"NGS_H19_LOI_Rep3","Read_1569",0.983864961881632,"Subpopulation_1"
"NGS_H19_LOI_Rep3","Read_1570",0.979880345124218,"Subpopulation_1"
"NGS_H19_LOI_Rep3","Read_1571",0.984335112214931,"Subpopulation_1"
"NGS_H19_LOI_Rep3","Read_1572",0.984435490973072,"Subpopulation_1"
"NGS_H19_LOI_Rep3","Read_1573",0.978022790541468,"Subpopulation_1"
"NGS_H19_LOI_Rep3","Read_1574",0.980664984234474,"Subpopulation_1"
"NGS_H19_LOI_Rep3","Read_1575",0.975680421901,"Subpopulation_1"
"NGS_H19_LOI_Rep3","Read_1576",0.98370673917913,"Subpopulation_1"
"NGS_H19_LOI_Rep3","Read_1577",0.972139039511933,"Subpopulation_1"
"NGS_H19_LOI_Rep3","Read_1578",0.98661208980272,"Subpopulation_1"
"NGS_H19_LOI_Rep3","Read_1579",0.976838862370586,"Subpopulation_1"
"NGS_H19_LOI_Rep3","Read_1580",0.985479299866574,"Subpopulation_1"
"NGS_H19_LOI_Rep3","Read_1581",0.977664705202482,"Subpopulation_1"
"NGS_H19_LOI_Rep3","Read_1582",0.97831163469781,"Subpopulation_1"
"NGS_H19_LOI_Rep3","Read_1583",0.970428957457264,"Subpopulation_1"
"NGS_H19_LOI_Rep3","Read_1584",0.983473169125428,"Subpopulation_1"
"NGS_H19_LOI_Rep3","Read_1585",0.982427901586183,"Subpopulation_1"
"NGS_H19_LOI_Rep3","Read_1586",0.976179483109636,"Subpopulation_1"
"NGS_H19_LOI_Rep3","Read_1587",0.982196151077021,"Subpopulation_1"
"NGS_H19_LOI_Rep3","Read_1588",0.978373698967268,"Subpopulation_1"
"NGS_H19_LOI_Rep3","Read_1589",0.977081623647944,"Subpopulation_1"
"NGS_H19_LOI_Rep3","Read_1590",0.98356184252094,"Subpopulation_1"
"NGS_H19_LOI_Rep3","Read_1591",0.981570728794607,"Subpopulation_1"
"NGS_H19_LOI_Rep3","Read_1592",0.98051563902837,"Subpopulation_1"
"NGS_H19_LOI_Rep3","Read_1593",0.981967934698261,"Subpopulation_1"
"NGS_H19_LOI_Rep3","Read_1594",0.980636241610993,"Subpopulation_1"
"NGS_H19_LOI_Rep3","Read_1595",0.979779887728337,"Subpopulation_1"
"NGS_H19_LOI_Rep3","Read_1596",0.977273640075536,"Subpopulation_1"
"NGS_H19_LOI_Rep3","Read_1597",0.983940671157323,"Subpopulation_1"
"NGS_H19_LOI_Rep3","Read_1598",0.982511813195609,"Subpopulation_1"
"NGS_H19_LOI_Rep3","Read_1599",0.977208458286262,"Subpopulation_1"
"NGS_H19_LOI_Rep3","Read_1600",0.980808194585202,"Subpopulation_1"
"NGS_H19_LOI_Rep3","Read_1601",0.977935895508192,"Subpopulation_1"
"NGS_H19_LOI_Rep3","Read_1602",0.979335235847222,"Subpopulation_1"
"NGS_H19_LOI_Rep3","Read_1603",0.97497478451771,"Subpopulation_1"
"NGS_H19_LOI_Rep3","Read_1604",0.978137605316187,"Subpopulation_1"
"NGS_H19_LOI_Rep3","Read_1605",0.984996957709244,"Subpopulation_1"
"NGS_H19_LOI_Rep3","Read_1606",0.981431555395347,"Subpopulation_1"
"NGS_H19_LOI_Rep3","Read_1607",0.980245877233666,"Subpopulation_1"
"NGS_H19_LOI_Rep3","Read_1608",0.986299561751449,"Subpopulation_1"
"NGS_H19_LOI_Rep3","Read_1609",0.972493126573051,"Subpopulation_1"
"NGS_H19_LOI_Rep3","Read_1610",0.986039846974298,"Subpopulation_1"
"NGS_H19_LOI_Rep3","Read_1611",0.980030269918737,"Subpopulation_1"
"NGS_H19_LOI_Rep3","Read_1612",0.98929121150265,"Subpopulation_1"
"NGS_H19_LOI_Rep3","Read_1613",0.982317047469332,"Subpopulation_1"
"NGS_H19_LOI_Rep3","Read_1614",0.972922943767145,"Subpopulation_1"
"NGS_H19_LOI_Rep3","Read_1615",0.974059132283479,"Subpopulation_1"
"NGS_H19_LOI_Rep3","Read_1616",0.979256142988454,"Subpopulation_1"
"NGS_H19_LOI_Rep3","Read_1617",0.980083180119212,"Subpopulation_1"
"NGS_H19_LOI_Rep3","Read_1618",0.97721104454014,"Subpopulation_1"
"NGS_H19_LOI_Rep3","Read_1619",0.978579259701494,"Subpopulation_1"
"NGS_H19_LOI_Rep3","Read_1620",0.979012429038849,"Subpopulation_1"
"NGS_H19_LOI_Rep3","Read_1621",0.989083073190604,"Subpopulation_1"
"NGS_H19_LOI_Rep3","Read_1622",0.974878133700687,"Subpopulation_1"
"NGS_H19_LOI_Rep3","Read_1623",0.975890272172537,"Subpopulation_1"
"NGS_H19_LOI_Rep3","Read_1624",0.981298076062446,"Subpopulation_1"
"NGS_H19_LOI_Rep3","Read_1625",0.979641494488205,"Subpopulation_1"
"NGS_H19_LOI_Rep3","Read_1626",0.979139975435257,"Subpopulation_1"
"NGS_H19_LOI_Rep3","Read_1627",0.980198709328267,"Subpopulation_1"
"NGS_H19_LOI_Rep3","Read_1628",0.982774572530367,"Subpopulation_1"
"NGS_H19_LOI_Rep3","Read_1629",0.981252521826019,"Subpopulation_1"
"NGS_H19_LOI_Rep3","Read_1630",0.981539023905707,"Subpopulation_1"
"NGS_H19_LOI_Rep3","Read_1631",0.9794166468895,"Subpopulation_1"
"NGS_H19_LOI_Rep3","Read_1632",0.978516211179806,"Subpopulation_1"
"NGS_H19_LOI_Rep3","Read_1633",0.981378660483164,"Subpopulation_1"
"NGS_H19_LOI_Rep3","Read_1634",0.964539983833396,"Subpopulation_1"
"NGS_H19_LOI_Rep3","Read_1635",0.976730178562023,"Subpopulation_1"
"NGS_H19_LOI_Rep3","Read_1636",0.976978180651306,"Subpopulation_1"
"NGS_H19_LOI_Rep3","Read_1637",0.977393141455262,"Subpopulation_1"
"NGS_H19_LOI_Rep3","Read_1638",0.969064076997569,"Subpopulation_1"
"NGS_H19_LOI_Rep3","Read_1639",0.981528164816752,"Subpopulation_1"
"NGS_H19_LOI_Rep3","Read_1640",0.966835807722055,"Subpopulation_1"
"NGS_H19_LOI_Rep3","Read_1641",0.976461484328407,"Subpopulation_1"
"NGS_H19_LOI_Rep3","Read_1642",0.980752891298777,"Subpopulation_1"
"NGS_H19_LOI_Rep3","Read_1643",0.98404455889542,"Subpopulation_1"
"NGS_H19_LOI_Rep3","Read_1644",0.978291569416228,"Subpopulation_1"
"NGS_H19_LOI_Rep3","Read_1645",0.97201707081685,"Subpopulation_1"
"NGS_H19_LOI_Rep3","Read_1646",0.97497403788302,"Subpopulation_1"
"NGS_H19_LOI_Rep3","Read_1647",0.984378786268066,"Subpopulation_1"
"NGS_H19_LOI_Rep3","Read_1648",0.981797564483721,"Subpopulation_1"
"NGS_H19_LOI_Rep3","Read_1649",0.980714623346658,"Subpopulation_1"
"NGS_H19_LOI_Rep3","Read_1650",0.97605859416106,"Subpopulation_1"
"NGS_H19_LOI_Rep3","Read_1651",0.978621393272752,"Subpopulation_1"
"NGS_H19_LOI_Rep3","Read_1652",0.974569497032025,"Subpopulation_1"
"NGS_H19_LOI_Rep3","Read_1653",0.976845864815704,"Subpopulation_1"
"NGS_H19_LOI_Rep3","Read_1654",0.977700738101298,"Subpopulation_1"
"NGS_H19_LOI_Rep3","Read_1655",0.983391073447872,"Subpopulation_1"
"NGS_H19_LOI_Rep3","Read_1656",0.97848241280082,"Subpopulation_1"
"NGS_H19_LOI_Rep3","Read_1657",0.976700972109335,"Subpopulation_1"
"NGS_H19_LOI_Rep3","Read_1658",0.974429379939416,"Subpopulation_1"
"NGS_H19_LOI_Rep3","Read_1659",0.981894072944547,"Subpopulation_1"
"NGS_H19_LOI_Rep3","Read_1660",0.972982953833695,"Subpopulation_1"
"NGS_H19_LOI_Rep3","Read_1661",0.980664525470449,"Subpopulation_1"
"NGS_H19_LOI_Rep3","Read_1662",0.97319389636094,"Subpopulation_1"
"NGS_H19_LOI_Rep3","Read_1663",0.982412566124965,"Subpopulation_1"
"NGS_H19_LOI_Rep3","Read_1664",0.979490882982148,"Subpopulation_1"
"NGS_H19_LOI_Rep3","Read_1665",0.980770308128058,"Subpopulation_1"
"NGS_H19_LOI_Rep3","Read_1666",0.979766154224046,"Subpopulation_1"
"NGS_H19_LOI_Rep3","Read_1667",0.985261270796259,"Subpopulation_1"
"NGS_H19_LOI_Rep3","Read_1668",0.972540023067333,"Subpopulation_1"
"NGS_H19_LOI_Rep3","Read_1669",0.982514050772073,"Subpopulation_1"
"NGS_H19_LOI_Rep3","Read_1670",0.978578780368487,"Subpopulation_1"
"NGS_H19_LOI_Rep3","Read_1671",0.969180880567705,"Subpopulation_1"
"NGS_H19_LOI_Rep3","Read_1672",0.974919030617962,"Subpopulation_1"
"NGS_H19_LOI_Rep3","Read_1673",0.986935059504679,"Subpopulation_1"
"NGS_H19_LOI_Rep3","Read_1674",0.973600876741401,"Subpopulation_1"
"NGS_H19_LOI_Rep3","Read_1675",0.981111916834513,"Subpopulation_1"
"NGS_H19_LOI_Rep3","Read_1676",0.983924445204714,"Subpopulation_1"
"NGS_H19_LOI_Rep3","Read_1677",0.977814653497728,"Subpopulation_1"
"NGS_H19_LOI_Rep3","Read_1678",0.987506974004967,"Subpopulation_1"
"NGS_H19_LOI_Rep3","Read_1679",0.985483452797243,"Subpopulation_1"
"NGS_H19_LOI_Rep3","Read_1680",0.98630117849563,"Subpopulation_1"
"NGS_H19_LOI_Rep3","Read_1681",0.976419950276148,"Subpopulation_1"
"NGS_H19_LOI_Rep3","Read_1682",0.9796127774568,"Subpopulation_1"
"NGS_H19_LOI_Rep3","Read_1683",0.975385512532742,"Subpopulation_1"
"NGS_H19_LOI_Rep3","Read_1684",0.982344634595149,"Subpopulation_1"
"NGS_H19_LOI_Rep3","Read_1685",0.971462140010182,"Subpopulation_1"
"NGS_H19_LOI_Rep3","Read_1686",0.983698183168995,"Subpopulation_1"
"NGS_H19_LOI_Rep3","Read_1687",0.986311938109634,"Subpopulation_1"
"NGS_H19_LOI_Rep3","Read_1688",0.980870814147575,"Subpopulation_1"
"NGS_H19_LOI_Rep3","Read_1689",0.981077527458067,"Subpopulation_1"
"NGS_H19_LOI_Rep3","Read_1690",0.978129663078576,"Subpopulation_1"
"NGS_H19_LOI_Rep3","Read_1691",0.972865070641825,"Subpopulation_1"
"NGS_H19_LOI_Rep3","Read_1692",0.979046896405624,"Subpopulation_1"
"NGS_H19_LOI_Rep3","Read_1693",0.984788407039417,"Subpopulation_1"
"NGS_H19_LOI_Rep3","Read_1694",0.979764200968648,"Subpopulation_1"
"NGS_H19_LOI_Rep3","Read_1695",0.974379207228511,"Subpopulation_1"
"NGS_H19_LOI_Rep3","Read_1696",0.978550482778947,"Subpopulation_1"
"NGS_H19_LOI_Rep3","Read_1697",0.98384028686751,"Subpopulation_1"
"NGS_H19_LOI_Rep3","Read_1698",0.964160274204505,"Subpopulation_1"
"NGS_H19_LOI_Rep3","Read_1699",0.975957508429267,"Subpopulation_1"
"NGS_H19_LOI_Rep3","Read_1700",0.981083611628989,"Subpopulation_1"
"NGS_H19_LOI_Rep3","Read_1701",0.980075810750583,"Subpopulation_1"
"NGS_H19_LOI_Rep3","Read_1702",0.987237312629183,"Subpopulation_1"
"NGS_H19_LOI_Rep3","Read_1703",0.977048651535937,"Subpopulation_1"
"NGS_H19_LOI_Rep3","Read_1704",0.98828465383949,"Subpopulation_1"
"NGS_H19_LOI_Rep3","Read_1705",0.985143866371204,"Subpopulation_1"
"NGS_H19_LOI_Rep3","Read_1706",0.980076125899967,"Subpopulation_1"
"NGS_H19_LOI_Rep3","Read_1707",0.984049238443423,"Subpopulation_1"
"NGS_H19_LOI_Rep3","Read_1708",0.983724902839663,"Subpopulation_1"
"NGS_H19_LOI_Rep3","Read_1709",0.985346139406924,"Subpopulation_1"
"NGS_H19_LOI_Rep3","Read_1710",0.981800875492766,"Subpopulation_1"
"NGS_H19_LOI_Rep3","Read_1711",0.976314273393936,"Subpopulation_1"
"NGS_H19_LOI_Rep3","Read_1712",0.984310358344484,"Subpopulation_1"
"NGS_H19_LOI_Rep3","Read_1713",0.966942866452202,"Subpopulation_1"
"NGS_H19_LOI_Rep3","Read_1714",0.977483097988958,"Subpopulation_1"
"NGS_H19_LOI_Rep3","Read_1715",0.98329450480019,"Subpopulation_1"
"NGS_H19_LOI_Rep3","Read_1716",0.986213820695023,"Subpopulation_1"
"NGS_H19_LOI_Rep3","Read_1717",0.984583063988702,"Subpopulation_1"
"NGS_H19_LOI_Rep3","Read_1718",0.981183201443656,"Subpopulation_1"
"NGS_H19_LOI_Rep3","Read_1719",0.980838645051788,"Subpopulation_1"
"NGS_H19_LOI_Rep3","Read_1720",0.977629903180106,"Subpopulation_1"
"NGS_H19_LOI_Rep3","Read_1721",0.973886836845895,"Subpopulation_1"
"NGS_H19_LOI_Rep3","Read_1722",0.985558977693294,"Subpopulation_1"
"NGS_H19_LOI_Rep3","Read_1723",0.971238437638777,"Subpopulation_1"
"NGS_H19_LOI_Rep3","Read_1724",0.974672893005977,"Subpopulation_1"
"NGS_H19_LOI_Rep3","Read_1725",0.980932114006041,"Subpopulation_1"
"NGS_H19_LOI_Rep3","Read_1726",0.982090513525429,"Subpopulation_1"
"NGS_H19_LOI_Rep3","Read_1727",0.979749213889804,"Subpopulation_1"
"NGS_H19_LOI_Rep3","Read_1728",0.982445647718774,"Subpopulation_1"
"NGS_H19_LOI_Rep3","Read_1729",0.97794745417627,"Subpopulation_1"
"NGS_H19_LOI_Rep3","Read_1730",0.978543956017317,"Subpopulation_1"
"NGS_H19_LOI_Rep3","Read_1731",0.975828272048009,"Subpopulation_1"
"NGS_H19_LOI_Rep3","Read_1732",0.974986592461802,"Subpopulation_1"
"NGS_H19_LOI_Rep3","Read_1733",0.979159765459061,"Subpopulation_1"
"NGS_H19_LOI_Rep3","Read_1734",0.987396042055182,"Subpopulation_1"
"NGS_H19_LOI_Rep3","Read_1735",0.981111535735056,"Subpopulation_1"
"NGS_H19_LOI_Rep3","Read_1736",0.973596235819362,"Subpopulation_1"
"NGS_H19_LOI_Rep3","Read_1737",0.983241646010623,"Subpopulation_1"
"NGS_H19_LOI_Rep3","Read_1738",0.98109818398037,"Subpopulation_1"
"NGS_H19_LOI_Rep3","Read_1739",0.979491335286058,"Subpopulation_1"
"NGS_H19_LOI_Rep3","Read_1740",0.984250884897246,"Subpopulation_1"
"NGS_H19_LOI_Rep3","Read_1741",0.98262308474637,"Subpopulation_1"
"NGS_H19_LOI_Rep3","Read_1742",0.979041569976037,"Subpopulation_1"
"NGS_H19_LOI_Rep3","Read_1743",0.97966266868826,"Subpopulation_1"
"NGS_H19_LOI_Rep3","Read_1744",0.9794340415413,"Subpopulation_1"
"NGS_H19_LOI_Rep3","Read_1745",0.977449149362987,"Subpopulation_1"
"NGS_H19_LOI_Rep3","Read_1746",0.982863041817831,"Subpopulation_1"
"NGS_H19_LOI_Rep3","Read_1747",0.981383215957541,"Subpopulation_1"
"NGS_H19_LOI_Rep3","Read_1748",0.980463841871941,"Subpopulation_1"
"NGS_H19_LOI_Rep3","Read_1749",0.987173461658488,"Subpopulation_1"
"NGS_H19_LOI_Rep3","Read_1750",0.981242613629952,"Subpopulation_1"
"NGS_H19_LOI_Rep3","Read_1751",0.978509873833772,"Subpopulation_1"
"NGS_H19_LOI_Rep3","Read_1752",0.979185360165074,"Subpopulation_1"
"NGS_H19_LOI_Rep3","Read_1753",0.987999856542156,"Subpopulation_1"
"NGS_H19_LOI_Rep3","Read_1754",0.976172133047111,"Subpopulation_1"
"NGS_H19_LOI_Rep3","Read_1755",0.982744449161523,"Subpopulation_1"
"NGS_H19_LOI_Rep3","Read_1756",0.981010447003884,"Subpopulation_1"
"NGS_H19_LOI_Rep3","Read_1757",0.981374271570377,"Subpopulation_1"
"NGS_H19_LOI_Rep3","Read_1758",0.980503506446107,"Subpopulation_1"
"NGS_H19_LOI_Rep3","Read_1759",0.985853997436465,"Subpopulation_1"
"NGS_H19_LOI_Rep3","Read_1760",0.973956597168373,"Subpopulation_1"
"NGS_H19_LOI_Rep3","Read_1761",0.981376826553775,"Subpopulation_1"
"NGS_H19_LOI_Rep3","Read_1762",0.984711069160856,"Subpopulation_1"
"NGS_H19_LOI_Rep3","Read_1763",0.986143822091426,"Subpopulation_1"
"NGS_H19_LOI_Rep3","Read_1764",0.981615993764237,"Subpopulation_1"
"NGS_H19_LOI_Rep3","Read_1765",0.980938571828942,"Subpopulation_1"
"NGS_H19_LOI_Rep3","Read_1766",0.979885226971956,"Subpopulation_1"
"NGS_H19_LOI_Rep3","Read_1767",0.979110364321483,"Subpopulation_1"
"NGS_H19_LOI_Rep3","Read_1768",0.972161706989797,"Subpopulation_1"
"NGS_H19_LOI_Rep3","Read_1769",0.986134253255341,"Subpopulation_1"
"NGS_H19_LOI_Rep3","Read_1770",0.98119775187855,"Subpopulation_1"
"NGS_H19_LOI_Rep3","Read_1771",0.979203501846849,"Subpopulation_1"
"NGS_H19_LOI_Rep3","Read_1772",0.979203490452536,"Subpopulation_1"
"NGS_H19_LOI_Rep3","Read_1773",0.98288798688602,"Subpopulation_1"
"NGS_H19_LOI_Rep3","Read_1774",0.981476310088886,"Subpopulation_1"
"NGS_H19_LOI_Rep3","Read_1775",0.972700358743766,"Subpopulation_1"
"NGS_H19_LOI_Rep3","Read_1776",0.974569526120533,"Subpopulation_1"
"NGS_H19_LOI_Rep3","Read_1777",0.979698279992132,"Subpopulation_1"
"NGS_H19_LOI_Rep3","Read_1778",0.983261362400546,"Subpopulation_1"
"NGS_H19_LOI_Rep3","Read_1779",0.981236976687528,"Subpopulation_1"
"NGS_H19_LOI_Rep3","Read_1780",0.97960977172073,"Subpopulation_1"
"NGS_H19_LOI_Rep3","Read_1781",0.979597816285637,"Subpopulation_1"
"NGS_H19_LOI_Rep3","Read_1782",0.977066947119413,"Subpopulation_1"
"NGS_H19_LOI_Rep3","Read_1783",0.979718362064703,"Subpopulation_1"
"NGS_H19_LOI_Rep3","Read_1784",0.978295458917751,"Subpopulation_1"
"NGS_H19_LOI_Rep3","Read_1785",0.983349723336466,"Subpopulation_1"
"NGS_H19_LOI_Rep3","Read_1786",0.973947440426076,"Subpopulation_1"
"NGS_H19_LOI_Rep3","Read_1787",0.983758114745024,"Subpopulation_1"
"NGS_H19_LOI_Rep3","Read_1788",0.983693707211355,"Subpopulation_1"
"NGS_H19_LOI_Rep3","Read_1789",0.976080713155731,"Subpopulation_1"
"NGS_H19_LOI_Rep3","Read_1790",0.976317396703831,"Subpopulation_1"
"NGS_H19_LOI_Rep3","Read_1791",0.974633457427372,"Subpopulation_1"
"NGS_H19_LOI_Rep3","Read_1792",0.984153205415743,"Subpopulation_1"
"NGS_H19_LOI_Rep3","Read_1793",0.985646073266565,"Subpopulation_1"
"NGS_H19_LOI_Rep3","Read_1794",0.972301291705657,"Subpopulation_1"
"NGS_H19_LOI_Rep3","Read_1795",0.984510733458198,"Subpopulation_1"
"NGS_H19_LOI_Rep3","Read_1796",0.978646895476321,"Subpopulation_1"
"NGS_H19_LOI_Rep3","Read_1797",0.982470390251233,"Subpopulation_1"
"NGS_H19_LOI_Rep3","Read_1798",0.989153579683584,"Subpopulation_1"
"NGS_H19_LOI_Rep3","Read_1799",0.977329855969553,"Subpopulation_1"
"NGS_H19_LOI_Rep3","Read_1800",0.975430734689248,"Subpopulation_1"
"NGS_H19_LOI_Rep3","Read_1801",0.979662562272152,"Subpopulation_1"
"NGS_H19_LOI_Rep3","Read_1802",0.976573775077175,"Subpopulation_1"
"NGS_H19_LOI_Rep3","Read_1803",0.978737645818828,"Subpopulation_1"
"NGS_H19_LOI_Rep3","Read_1804",0.976805759043572,"Subpopulation_1"
"NGS_H19_LOI_Rep3","Read_1805",0.983432206518191,"Subpopulation_1"
"NGS_H19_LOI_Rep3","Read_1806",0.980507759934156,"Subpopulation_1"
"NGS_H19_LOI_Rep3","Read_1807",0.982602514860416,"Subpopulation_1"
"NGS_H19_LOI_Rep3","Read_1808",0.984066207198376,"Subpopulation_1"
"NGS_H19_LOI_Rep3","Read_1809",0.982674470591066,"Subpopulation_1"
"NGS_H19_LOI_Rep3","Read_1810",0.978016861460773,"Subpopulation_1"
"NGS_H19_LOI_Rep3","Read_1811",0.98587040566609,"Subpopulation_1"
"NGS_H19_LOI_Rep3","Read_1812",0.982379011678666,"Subpopulation_1"
"NGS_H19_LOI_Rep3","Read_1813",0.984137586455516,"Subpopulation_1"
"NGS_H19_LOI_Rep3","Read_1814",0.978658933511149,"Subpopulation_1"
"NGS_H19_LOI_Rep3","Read_1815",0.98049691964169,"Subpopulation_1"
"NGS_H19_LOI_Rep3","Read_1816",0.98094244366305,"Subpopulation_1"
"NGS_H19_LOI_Rep3","Read_1817",0.973572723337542,"Subpopulation_1"
"NGS_H19_LOI_Rep3","Read_1818",0.978736270279507,"Subpopulation_1"
"NGS_H19_LOI_Rep3","Read_1819",0.982611231634445,"Subpopulation_1"
"NGS_H19_LOI_Rep3","Read_1820",0.985457442364559,"Subpopulation_1"
"NGS_H19_LOI_Rep3","Read_1821",0.979215506184588,"Subpopulation_1"
"NGS_H19_LOI_Rep3","Read_1822",0.983088881365099,"Subpopulation_1"
"NGS_H19_LOI_Rep3","Read_1823",0.979034485514958,"Subpopulation_1"
"NGS_H19_LOI_Rep3","Read_1824",0.983409458798696,"Subpopulation_1"
"NGS_H19_LOI_Rep3","Read_1825",0.975706949935538,"Subpopulation_1"
"NGS_H19_LOI_Rep3","Read_1826",0.981807251706074,"Subpopulation_1"
"NGS_H19_LOI_Rep3","Read_1827",0.976841201895326,"Subpopulation_1"
"NGS_H19_LOI_Rep3","Read_1828",0.984391007180642,"Subpopulation_1"
"NGS_H19_LOI_Rep3","Read_1829",0.963799474245129,"Subpopulation_1"
"NGS_H19_LOI_Rep3","Read_1830",0.982475217171434,"Subpopulation_1"
"NGS_H19_LOI_Rep3","Read_1831",0.983246935262176,"Subpopulation_1"
"NGS_H19_LOI_Rep3","Read_1832",0.971764609610728,"Subpopulation_1"
"NGS_H19_LOI_Rep3","Read_1833",0.982311735264657,"Subpopulation_1"
"NGS_H19_LOI_Rep3","Read_1834",0.968348320684199,"Subpopulation_1"
"NGS_H19_LOI_Rep3","Read_1835",0.982725374296455,"Subpopulation_1"
"NGS_H19_LOI_Rep3","Read_1836",0.980973849846152,"Subpopulation_1"
"NGS_H19_LOI_Rep3","Read_1837",0.981426737249664,"Subpopulation_1"
"NGS_H19_LOI_Rep3","Read_1838",0.978213894801519,"Subpopulation_1"
"NGS_H19_LOI_Rep3","Read_1839",0.979639704657672,"Subpopulation_1"
"NGS_H19_LOI_Rep3","Read_1840",0.976073584869876,"Subpopulation_1"
"NGS_H19_LOI_Rep3","Read_1841",0.980805045977641,"Subpopulation_1"
"NGS_H19_LOI_Rep3","Read_1842",0.972272828810528,"Subpopulation_1"
"NGS_H19_LOI_Rep3","Read_1843",0.9719272233839,"Subpopulation_1"
"NGS_H19_LOI_Rep3","Read_1844",0.983439723460469,"Subpopulation_1"
"NGS_H19_LOI_Rep3","Read_1845",0.978477433588283,"Subpopulation_1"
"NGS_H19_LOI_Rep3","Read_1846",0.982076279287444,"Subpopulation_1"
"NGS_H19_LOI_Rep3","Read_1847",0.981251936207178,"Subpopulation_1"
"NGS_H19_LOI_Rep3","Read_1848",0.982121148995788,"Subpopulation_1"
"NGS_H19_LOI_Rep3","Read_1849",0.974499595194131,"Subpopulation_1"
"NGS_H19_LOI_Rep3","Read_1850",0.984345500990121,"Subpopulation_1"
"NGS_H19_LOI_Rep3","Read_1851",0.988972262242418,"Subpopulation_1"
"NGS_H19_LOI_Rep3","Read_1852",0.982791904254257,"Subpopulation_1"
"NGS_H19_LOI_Rep3","Read_1853",0.981679198722411,"Subpopulation_1"
"NGS_H19_LOI_Rep3","Read_1854",0.974683508738028,"Subpopulation_1"
"NGS_H19_LOI_Rep3","Read_1855",0.98029629753364,"Subpopulation_1"
"NGS_H19_LOI_Rep3","Read_1856",0.98053378027033,"Subpopulation_1"
"NGS_H19_LOI_Rep3","Read_1857",0.981927117398569,"Subpopulation_1"
"NGS_H19_LOI_Rep3","Read_1858",0.975285213189696,"Subpopulation_1"
"NGS_H19_LOI_Rep3","Read_1859",0.979039865725345,"Subpopulation_1"
"NGS_H19_LOI_Rep3","Read_1860",0.978603994440266,"Subpopulation_1"
"NGS_H19_LOI_Rep3","Read_1861",0.980423680049827,"Subpopulation_1"
"NGS_H19_LOI_Rep3","Read_1862",0.978695368833897,"Subpopulation_1"
"NGS_H19_LOI_Rep3","Read_1863",0.984042486638091,"Subpopulation_1"
"NGS_H19_LOI_Rep3","Read_1864",0.978885190593522,"Subpopulation_1"
"NGS_H19_LOI_Rep3","Read_1865",0.976284916673105,"Subpopulation_1"
"NGS_H19_LOI_Rep3","Read_1866",0.97469209856661,"Subpopulation_1"
"NGS_H19_LOI_Rep3","Read_1867",0.976773329758303,"Subpopulation_1"
"NGS_H19_LOI_Rep3","Read_1868",0.983333971177171,"Subpopulation_1"
"NGS_H19_LOI_Rep3","Read_1869",0.987130913460063,"Subpopulation_1"
"NGS_H19_LOI_Rep3","Read_1870",0.988594254271666,"Subpopulation_1"
"NGS_H19_LOI_Rep3","Read_1871",0.98201252370159,"Subpopulation_1"
"NGS_H19_LOI_Rep3","Read_1872",0.975892909740377,"Subpopulation_1"
"NGS_H19_LOI_Rep3","Read_1873",0.972283879148362,"Subpopulation_1"
"NGS_H19_LOI_Rep3","Read_1874",0.973171904726355,"Subpopulation_1"
"NGS_H19_LOI_Rep3","Read_1875",0.982686222189407,"Subpopulation_1"
"NGS_H19_LOI_Rep3","Read_1876",0.981583427916696,"Subpopulation_1"
"NGS_H19_LOI_Rep3","Read_1877",0.960715756849117,"Subpopulation_1"
"NGS_H19_LOI_Rep3","Read_1878",0.981719360502064,"Subpopulation_1"
"NGS_H19_LOI_Rep3","Read_1879",0.986615519761181,"Subpopulation_1"
"NGS_H19_LOI_Rep3","Read_1880",0.9775949773627,"Subpopulation_1"
"NGS_H19_LOI_Rep3","Read_1881",0.987256360309139,"Subpopulation_1"
"NGS_H19_LOI_Rep3","Read_1882",0.980938906161145,"Subpopulation_1"
"NGS_H19_LOI_Rep3","Read_1883",0.983128224836605,"Subpopulation_1"
"NGS_H19_LOI_Rep3","Read_1884",0.979886302820201,"Subpopulation_1"
"NGS_H19_LOI_Rep3","Read_1885",0.978794844911672,"Subpopulation_1"
"NGS_H19_LOI_Rep3","Read_1886",0.978025152831058,"Subpopulation_1"
"NGS_H19_LOI_Rep3","Read_1887",0.975433976392115,"Subpopulation_1"
"NGS_H19_LOI_Rep3","Read_1888",0.980996706907772,"Subpopulation_1"
"NGS_H19_LOI_Rep3","Read_1889",0.978633427704984,"Subpopulation_1"
"NGS_H19_LOI_Rep3","Read_1890",0.981078706389326,"Subpopulation_1"
"NGS_H19_LOI_Rep3","Read_1891",0.979924724640694,"Subpopulation_1"
"NGS_H19_LOI_Rep3","Read_1892",0.976743830600138,"Subpopulation_1"
"NGS_H19_LOI_Rep3","Read_1893",0.982386739400035,"Subpopulation_1"
"NGS_H19_LOI_Rep3","Read_1894",0.977467496500468,"Subpopulation_1"
"NGS_H19_LOI_Rep3","Read_1895",0.980765371780514,"Subpopulation_1"
"NGS_H19_LOI_Rep3","Read_1896",0.981102707802074,"Subpopulation_1"
"NGS_H19_LOI_Rep3","Read_1897",0.976262355464551,"Subpopulation_1"
"NGS_H19_LOI_Rep3","Read_1898",0.974959361087993,"Subpopulation_1"
"NGS_H19_LOI_Rep3","Read_1899",0.972817279045267,"Subpopulation_1"
"NGS_H19_LOI_Rep3","Read_1900",0.986011703369012,"Subpopulation_1"
"NGS_H19_LOI_Rep3","Read_1901",0.985357370613303,"Subpopulation_1"
"NGS_H19_LOI_Rep3","Read_1902",0.978595501077381,"Subpopulation_1"
"NGS_H19_LOI_Rep3","Read_1903",0.988581605444274,"Subpopulation_1"
"NGS_H19_LOI_Rep3","Read_1904",0.977628789970545,"Subpopulation_1"
"NGS_H19_LOI_Rep3","Read_1905",0.976970600082736,"Subpopulation_1"
"NGS_H19_LOI_Rep3","Read_1906",0.987094630986848,"Subpopulation_1"
"NGS_H19_LOI_Rep3","Read_1907",0.979568401110397,"Subpopulation_1"
"NGS_H19_LOI_Rep3","Read_1908",0.979838668385809,"Subpopulation_1"
"NGS_H19_LOI_Rep3","Read_1909",0.987662961647177,"Subpopulation_1"
"NGS_H19_LOI_Rep3","Read_1910",0.981013575823081,"Subpopulation_1"
"NGS_H19_LOI_Rep3","Read_1911",0.982100538061855,"Subpopulation_1"
"NGS_H19_LOI_Rep3","Read_1912",0.980054786427713,"Subpopulation_1"
"NGS_H19_LOI_Rep3","Read_1913",0.982368924645292,"Subpopulation_1"
"NGS_H19_LOI_Rep3","Read_1914",0.984126151194958,"Subpopulation_1"
"NGS_H19_LOI_Rep3","Read_1915",0.978080031778697,"Subpopulation_1"
"NGS_H19_LOI_Rep3","Read_1916",0.972192585250521,"Subpopulation_1"
"NGS_H19_LOI_Rep3","Read_1917",0.981733234732664,"Subpopulation_1"
"NGS_H19_LOI_Rep3","Read_1918",0.978381968323512,"Subpopulation_1"
"NGS_H19_LOI_Rep3","Read_1919",0.974639815845587,"Subpopulation_1"
"NGS_H19_LOI_Rep3","Read_1920",0.984567209469058,"Subpopulation_1"
"NGS_H19_LOI_Rep3","Read_1921",0.978446441615897,"Subpopulation_1"
"NGS_H19_LOI_Rep3","Read_1922",0.979711150338008,"Subpopulation_1"
"NGS_H19_LOI_Rep3","Read_1923",0.98250131170637,"Subpopulation_1"
"NGS_H19_LOI_Rep3","Read_1924",0.976763692243547,"Subpopulation_1"
"NGS_H19_LOI_Rep3","Read_1925",0.982242338388597,"Subpopulation_1"
"NGS_H19_LOI_Rep3","Read_1926",0.984000272126222,"Subpopulation_1"
"NGS_H19_LOI_Rep3","Read_1927",0.979449057160592,"Subpopulation_1"
"NGS_H19_LOI_Rep3","Read_1928",0.978644245325978,"Subpopulation_1"
"NGS_H19_LOI_Rep3","Read_1929",0.985268015391898,"Subpopulation_1"
"NGS_H19_LOI_Rep3","Read_1930",0.983471421024222,"Subpopulation_1"
"NGS_H19_LOI_Rep3","Read_1931",0.9895813351711,"Subpopulation_1"
"NGS_H19_LOI_Rep3","Read_1932",0.971424063018224,"Subpopulation_1"
"NGS_H19_LOI_Rep3","Read_1933",0.982120865613174,"Subpopulation_1"
"NGS_H19_LOI_Rep3","Read_1934",0.980803658132088,"Subpopulation_1"
"NGS_H19_LOI_Rep3","Read_1935",0.984273652552924,"Subpopulation_1"
"NGS_H19_LOI_Rep3","Read_1936",0.987043703281486,"Subpopulation_1"
"NGS_H19_LOI_Rep3","Read_1937",0.983466795723653,"Subpopulation_1"
"NGS_H19_LOI_Rep3","Read_1938",0.980324231647271,"Subpopulation_1"
"NGS_H19_LOI_Rep3","Read_1939",0.979699461458635,"Subpopulation_1"
"NGS_H19_LOI_Rep3","Read_1940",0.983234446846984,"Subpopulation_1"
"NGS_H19_LOI_Rep3","Read_1941",0.980878773649978,"Subpopulation_1"
"NGS_H19_LOI_Rep3","Read_1942",0.976660664127529,"Subpopulation_1"
"NGS_H19_LOI_Rep3","Read_1943",0.978707081940749,"Subpopulation_1"
"NGS_H19_LOI_Rep3","Read_1944",0.982291275457591,"Subpopulation_1"
"NGS_H19_LOI_Rep3","Read_1945",0.975274861309929,"Subpopulation_1"
"NGS_H19_LOI_Rep3","Read_1946",0.977450356167754,"Subpopulation_1"
"NGS_H19_LOI_Rep3","Read_1947",0.981792551699919,"Subpopulation_1"
"NGS_H19_LOI_Rep3","Read_1948",0.982458586119806,"Subpopulation_1"
"NGS_H19_LOI_Rep3","Read_1949",0.977244780045614,"Subpopulation_1"
"NGS_H19_LOI_Rep3","Read_1950",0.975970901372369,"Subpopulation_1"
"NGS_H19_LOI_Rep3","Read_1951",0.983517314248537,"Subpopulation_1"
"NGS_H19_LOI_Rep3","Read_1952",0.976487942690192,"Subpopulation_1"
"NGS_H19_LOI_Rep3","Read_1953",0.976574933406297,"Subpopulation_1"
"NGS_H19_LOI_Rep3","Read_1954",0.978662401050894,"Subpopulation_1"
"NGS_H19_LOI_Rep3","Read_1955",0.987313619471101,"Subpopulation_1"
"NGS_H19_LOI_Rep3","Read_1956",0.980433293327732,"Subpopulation_1"
"NGS_H19_LOI_Rep3","Read_1957",0.979258803768318,"Subpopulation_1"
"NGS_H19_LOI_Rep3","Read_1958",0.982150851796781,"Subpopulation_1"
"NGS_H19_LOI_Rep3","Read_1959",0.982280246811842,"Subpopulation_1"
"NGS_H19_LOI_Rep3","Read_1960",0.977173629075201,"Subpopulation_1"
"NGS_H19_LOI_Rep3","Read_1961",0.986630471696904,"Subpopulation_1"
"NGS_H19_LOI_Rep3","Read_1962",0.975891437848918,"Subpopulation_1"
"NGS_H19_LOI_Rep3","Read_1963",0.982234817565397,"Subpopulation_1"
"NGS_H19_LOI_Rep3","Read_1964",0.977767896024837,"Subpopulation_1"
"NGS_H19_LOI_Rep3","Read_1965",0.977132318717529,"Subpopulation_1"
"NGS_H19_LOI_Rep3","Read_1966",0.976160225624804,"Subpopulation_1"
"NGS_H19_LOI_Rep3","Read_1967",0.984291637620237,"Subpopulation_1"
"NGS_H19_LOI_Rep3","Read_1968",0.979794445563315,"Subpopulation_1"
"NGS_H19_LOI_Rep3","Read_1969",0.975847401625976,"Subpopulation_1"
"NGS_H19_LOI_Rep3","Read_1970",0.981084108660673,"Subpopulation_1"
"NGS_H19_LOI_Rep3","Read_1971",0.978622908106035,"Subpopulation_1"
"NGS_H19_LOI_Rep3","Read_1972",0.982773291031547,"Subpopulation_1"
"NGS_H19_LOI_Rep3","Read_1973",0.979006278715502,"Subpopulation_1"
"NGS_H19_LOI_Rep3","Read_1974",0.976321221203222,"Subpopulation_1"
"NGS_H19_LOI_Rep3","Read_1975",0.975205807967404,"Subpopulation_1"
"NGS_H19_LOI_Rep3","Read_1976",0.953753494826149,"Subpopulation_1"
"NGS_H19_LOI_Rep3","Read_1977",0.981594264730243,"Subpopulation_1"
"NGS_H19_LOI_Rep3","Read_1978",0.976230263195929,"Subpopulation_1"
"NGS_H19_LOI_Rep3","Read_1979",0.980332419290718,"Subpopulation_1"
"NGS_H19_LOI_Rep3","Read_1980",0.977278151231825,"Subpopulation_1"
"NGS_H19_LOI_Rep3","Read_1981",0.985561976547501,"Subpopulation_1"
"NGS_H19_LOI_Rep3","Read_1982",0.975120463105163,"Subpopulation_1"
"NGS_H19_LOI_Rep3","Read_1983",0.985175214483725,"Subpopulation_1"
"NGS_H19_LOI_Rep3","Read_1984",0.972359737419598,"Subpopulation_1"
"NGS_H19_LOI_Rep3","Read_1985",0.981925902705583,"Subpopulation_1"
"NGS_H19_LOI_Rep3","Read_1986",0.981092492298232,"Subpopulation_1"
"NGS_H19_LOI_Rep3","Read_1987",0.982662178416663,"Subpopulation_1"
"NGS_H19_LOI_Rep3","Read_1988",0.980044139053688,"Subpopulation_1"
"NGS_H19_LOI_Rep3","Read_1989",0.972766788535499,"Subpopulation_1"
"NGS_H19_LOI_Rep3","Read_1990",0.984343671868976,"Subpopulation_1"
"NGS_H19_LOI_Rep3","Read_1991",0.987584817283447,"Subpopulation_1"
"NGS_H19_LOI_Rep3","Read_1992",0.981846421144785,"Subpopulation_1"
"NGS_H19_LOI_Rep3","Read_1993",0.976238069183056,"Subpopulation_1"
"NGS_H19_LOI_Rep3","Read_1994",0.980750782061718,"Subpopulation_1"
"NGS_H19_LOI_Rep3","Read_1995",0.98669216308802,"Subpopulation_1"
"NGS_H19_LOI_Rep3","Read_1996",0.978856457242674,"Subpopulation_1"
"NGS_H19_LOI_Rep3","Read_1997",0.979034175116426,"Subpopulation_1"
"NGS_H19_LOI_Rep3","Read_1998",0.976795597088429,"Subpopulation_1"
"NGS_H19_LOI_Rep3","Read_1999",0.984282226796732,"Subpopulation_1"
"NGS_H19_LOI_Rep3","Read_2000",0.975268275432078,"Subpopulation_1"
"NGS_H19_LOI_Rep3","Read_2001",0.990882862666046,"Subpopulation_1"
"NGS_H19_LOI_Rep3","Read_2002",0.982669263031052,"Subpopulation_1"
"NGS_H19_LOI_Rep3","Read_2003",0.975538377828239,"Subpopulation_1"
"NGS_H19_LOI_Rep3","Read_2004",0.973453529869156,"Subpopulation_1"
"NGS_H19_LOI_Rep3","Read_2005",0.974047240154597,"Subpopulation_1"
"NGS_H19_LOI_Rep3","Read_2006",0.985973365179955,"Subpopulation_1"
"NGS_H19_LOI_Rep3","Read_2007",0.980020048465772,"Subpopulation_1"
"NGS_H19_LOI_Rep3","Read_2008",0.980831172902146,"Subpopulation_1"
"NGS_H19_LOI_Rep3","Read_2009",0.983027694604888,"Subpopulation_1"
"NGS_H19_LOI_Rep3","Read_2010",0.983633179165838,"Subpopulation_1"
"NGS_H19_LOI_Rep3","Read_2011",0.989507834551542,"Subpopulation_1"
"NGS_H19_LOI_Rep3","Read_2012",0.975942442116652,"Subpopulation_1"
"NGS_H19_LOI_Rep3","Read_2013",0.982615154300545,"Subpopulation_1"
"NGS_H19_LOI_Rep3","Read_2014",0.98209732084396,"Subpopulation_1"
"NGS_H19_LOI_Rep3","Read_2015",0.98315564171106,"Subpopulation_1"
"NGS_H19_LOI_Rep3","Read_2016",0.974771602489157,"Subpopulation_1"
"NGS_H19_LOI_Rep3","Read_2017",0.985341308540141,"Subpopulation_1"
"NGS_H19_LOI_Rep3","Read_2018",0.97501363754187,"Subpopulation_1"
"NGS_H19_LOI_Rep3","Read_2019",0.978795037929465,"Subpopulation_1"
"NGS_H19_LOI_Rep3","Read_2020",0.982825637395449,"Subpopulation_1"
"NGS_H19_LOI_Rep3","Read_2021",0.975300341805725,"Subpopulation_1"
"NGS_H19_LOI_Rep3","Read_2022",0.979563145148578,"Subpopulation_1"
"NGS_H19_LOI_Rep3","Read_2023",0.976551757599356,"Subpopulation_1"
"NGS_H19_LOI_Rep3","Read_2024",0.983135298154254,"Subpopulation_1"
"NGS_H19_LOI_Rep3","Read_2025",0.983141590322705,"Subpopulation_1"
"NGS_H19_LOI_Rep3","Read_2026",0.976898276536776,"Subpopulation_1"
"NGS_H19_LOI_Rep3","Read_2027",0.979160510927159,"Subpopulation_1"
"NGS_H19_LOI_Rep3","Read_2028",0.982880142847479,"Subpopulation_1"
"NGS_H19_LOI_Rep3","Read_2029",0.978101909236445,"Subpopulation_1"
"NGS_H19_LOI_Rep3","Read_2030",0.974795969245948,"Subpopulation_1"
"NGS_H19_LOI_Rep3","Read_2031",0.977925512328801,"Subpopulation_1"
"NGS_H19_LOI_Rep3","Read_2032",0.978952340317507,"Subpopulation_1"
"NGS_H19_LOI_Rep3","Read_2033",0.983032173867383,"Subpopulation_1"
"NGS_H19_LOI_Rep3","Read_2034",0.9830146084909,"Subpopulation_1"
"NGS_H19_LOI_Rep3","Read_2035",0.981398752512017,"Subpopulation_1"
"NGS_H19_LOI_Rep3","Read_2036",0.986325778852369,"Subpopulation_1"
"NGS_H19_LOI_Rep3","Read_2037",0.986602679352039,"Subpopulation_1"
"NGS_H19_LOI_Rep3","Read_2038",0.984783024913117,"Subpopulation_1"
"NGS_H19_LOI_Rep3","Read_2039",0.978612936798341,"Subpopulation_1"
"NGS_H19_LOI_Rep3","Read_2040",0.975175022593845,"Subpopulation_1"
"NGS_H19_LOI_Rep3","Read_2041",0.965533790412821,"Subpopulation_1"
"NGS_H19_LOI_Rep3","Read_2042",0.980755931379947,"Subpopulation_1"
"NGS_H19_LOI_Rep3","Read_2043",0.979910617746155,"Subpopulation_1"
"NGS_H19_LOI_Rep3","Read_2044",0.986974904022132,"Subpopulation_1"
"NGS_H19_LOI_Rep3","Read_2045",0.98118051303596,"Subpopulation_1"
"NGS_H19_LOI_Rep3","Read_2046",0.973342660999704,"Subpopulation_1"
"NGS_H19_LOI_Rep3","Read_2047",0.977861654683056,"Subpopulation_1"
"NGS_H19_LOI_Rep3","Read_2048",0.980772274155823,"Subpopulation_1"
"NGS_H19_LOI_Rep3","Read_2049",0.98244957146545,"Subpopulation_1"
"NGS_H19_LOI_Rep3","Read_2050",0.981439151881195,"Subpopulation_1"
"NGS_H19_LOI_Rep3","Read_2051",0.98008596489484,"Subpopulation_1"
"NGS_H19_LOI_Rep3","Read_2052",0.977405078198463,"Subpopulation_1"
"NGS_H19_LOI_Rep3","Read_2053",0.979365259335605,"Subpopulation_1"
"NGS_H19_LOI_Rep3","Read_2054",0.980464198070035,"Subpopulation_1"
"NGS_H19_LOI_Rep3","Read_2055",0.980866152429612,"Subpopulation_1"
"NGS_H19_LOI_Rep3","Read_2056",0.980997798998288,"Subpopulation_1"
"NGS_H19_LOI_Rep3","Read_2057",0.982544608879223,"Subpopulation_1"
"NGS_H19_LOI_Rep3","Read_2058",0.985058964967989,"Subpopulation_1"
"NGS_H19_LOI_Rep3","Read_2059",0.976064751343016,"Subpopulation_1"
"NGS_H19_LOI_Rep3","Read_2060",0.981074147279581,"Subpopulation_1"
"NGS_H19_LOI_Rep3","Read_2061",0.97882170352507,"Subpopulation_1"
"NGS_H19_LOI_Rep3","Read_2062",0.975276141455612,"Subpopulation_1"
"NGS_H19_LOI_Rep3","Read_2063",0.985121917168598,"Subpopulation_1"
"NGS_H19_LOI_Rep3","Read_2064",0.981579271088173,"Subpopulation_1"
"NGS_H19_LOI_Rep3","Read_2065",0.978317873264617,"Subpopulation_1"
"NGS_H19_LOI_Rep3","Read_2066",0.983125011661114,"Subpopulation_1"
"NGS_H19_LOI_Rep3","Read_2067",0.978069516195479,"Subpopulation_1"
"NGS_H19_LOI_Rep3","Read_2068",0.991586907732844,"Subpopulation_1"
"NGS_H19_LOI_Rep3","Read_2069",0.982614554387317,"Subpopulation_1"
"NGS_H19_LOI_Rep3","Read_2070",0.983291154179294,"Subpopulation_1"
"NGS_H19_LOI_Rep3","Read_2071",0.986215954199997,"Subpopulation_1"
"NGS_H19_LOI_Rep3","Read_2072",0.983834013337526,"Subpopulation_1"
"NGS_H19_LOI_Rep3","Read_2073",0.977298521215697,"Subpopulation_1"
"NGS_H19_LOI_Rep3","Read_2074",0.986275435237845,"Subpopulation_1"
"NGS_H19_LOI_Rep3","Read_2075",0.972895656233121,"Subpopulation_1"
"NGS_H19_LOI_Rep3","Read_2076",0.982741021390882,"Subpopulation_1"
"NGS_H19_LOI_Rep3","Read_2077",0.987340114112113,"Subpopulation_1"
"NGS_H19_LOI_Rep3","Read_2078",0.984248506199694,"Subpopulation_1"
"NGS_H19_LOI_Rep3","Read_2079",0.980829982725104,"Subpopulation_1"
"NGS_H19_LOI_Rep3","Read_2080",0.983702819468639,"Subpopulation_1"
"NGS_H19_LOI_Rep3","Read_2081",0.985034663525185,"Subpopulation_1"
"NGS_H19_LOI_Rep3","Read_2082",0.984780464721282,"Subpopulation_1"
"NGS_H19_LOI_Rep3","Read_2083",0.984083098359078,"Subpopulation_1"
"NGS_H19_LOI_Rep3","Read_2084",0.977684527171183,"Subpopulation_1"
"NGS_H19_LOI_Rep3","Read_2085",0.979060344271157,"Subpopulation_1"
"NGS_H19_LOI_Rep3","Read_2086",0.978346264813757,"Subpopulation_1"
"NGS_H19_LOI_Rep3","Read_2087",0.976434937735762,"Subpopulation_1"
"NGS_H19_LOI_Rep3","Read_2088",0.982586816292716,"Subpopulation_1"
"NGS_H19_LOI_Rep3","Read_2089",0.979932331853916,"Subpopulation_1"
"NGS_H19_LOI_Rep3","Read_2090",0.983492960616172,"Subpopulation_1"
"NGS_H19_LOI_Rep3","Read_2091",0.97913454767951,"Subpopulation_1"
"NGS_H19_LOI_Rep3","Read_2092",0.984721155230602,"Subpopulation_1"
"NGS_H19_LOI_Rep3","Read_2093",0.975077060104284,"Subpopulation_1"
"NGS_H19_LOI_Rep3","Read_2094",0.974285478143596,"Subpopulation_1"
"NGS_H19_LOI_Rep3","Read_2095",0.97558624619806,"Subpopulation_1"
"NGS_H19_LOI_Rep3","Read_2096",0.980320441689672,"Subpopulation_1"
"NGS_H19_LOI_Rep3","Read_2097",0.976931611317335,"Subpopulation_1"
"NGS_H19_LOI_Rep3","Read_2098",0.971313984057314,"Subpopulation_1"
"NGS_H19_LOI_Rep3","Read_2099",0.975625617212259,"Subpopulation_1"
"NGS_H19_LOI_Rep3","Read_2100",0.987533562638685,"Subpopulation_1"
"NGS_H19_LOI_Rep3","Read_2101",0.978815293812943,"Subpopulation_1"
"NGS_H19_LOI_Rep3","Read_2102",0.978694680136287,"Subpopulation_1"
"NGS_H19_LOI_Rep3","Read_2103",0.986230879790883,"Subpopulation_1"
"NGS_H19_LOI_Rep3","Read_2104",0.975646842878197,"Subpopulation_1"
"NGS_H19_LOI_Rep3","Read_2105",0.983780676435253,"Subpopulation_1"
"NGS_H19_LOI_Rep3","Read_2106",0.986813173627788,"Subpopulation_1"
"NGS_H19_LOI_Rep3","Read_2107",0.970427531923523,"Subpopulation_1"
"NGS_H19_LOI_Rep3","Read_2108",0.975645117606785,"Subpopulation_1"
"NGS_H19_LOI_Rep3","Read_2109",0.987607883954783,"Subpopulation_1"
"NGS_H19_LOI_Rep3","Read_2110",0.979277934709076,"Subpopulation_1"
"NGS_H19_LOI_Rep3","Read_2111",0.982590457214991,"Subpopulation_1"
"NGS_H19_LOI_Rep3","Read_2112",0.978025641842008,"Subpopulation_1"
"NGS_H19_LOI_Rep3","Read_2113",0.982272489210742,"Subpopulation_1"
"NGS_H19_LOI_Rep3","Read_2114",0.981496318672551,"Subpopulation_1"
"NGS_H19_LOI_Rep3","Read_2115",0.975096101841414,"Subpopulation_1"
"NGS_H19_LOI_Rep3","Read_2116",0.980826953640715,"Subpopulation_1"
"NGS_H19_LOI_Rep3","Read_2117",0.984175186932155,"Subpopulation_1"
"NGS_H19_LOI_Rep3","Read_2118",0.988103197690621,"Subpopulation_1"
"NGS_H19_LOI_Rep3","Read_2119",0.980100071838634,"Subpopulation_1"
"NGS_H19_LOI_Rep3","Read_2120",0.985074676594086,"Subpopulation_1"
"NGS_H19_LOI_Rep3","Read_2121",0.983678034782757,"Subpopulation_1"
"NGS_H19_LOI_Rep3","Read_2122",0.982978223605426,"Subpopulation_1"
"NGS_H19_LOI_Rep3","Read_2123",0.984295633489545,"Subpopulation_1"
"NGS_H19_LOI_Rep3","Read_2124",0.984185832596701,"Subpopulation_1"
"NGS_H19_LOI_Rep3","Read_2125",0.977028683736283,"Subpopulation_1"
"NGS_H19_LOI_Rep3","Read_2126",0.98253105392227,"Subpopulation_1"
"NGS_H19_LOI_Rep3","Read_2127",0.984245970162296,"Subpopulation_1"
"NGS_H19_LOI_Rep3","Read_2128",0.984506118130053,"Subpopulation_1"
"NGS_H19_LOI_Rep3","Read_2129",0.9868816497498,"Subpopulation_1"
"NGS_H19_LOI_Rep3","Read_2130",0.97685455376141,"Subpopulation_1"
"NGS_H19_LOI_Rep3","Read_2131",0.978424319231407,"Subpopulation_1"
"NGS_H19_LOI_Rep3","Read_2132",0.981381649260682,"Subpopulation_1"
"NGS_H19_LOI_Rep3","Read_2133",0.976851313748339,"Subpopulation_1"
"NGS_H19_LOI_Rep3","Read_2134",0.979077576467969,"Subpopulation_1"
"NGS_H19_LOI_Rep3","Read_2135",0.980533587944988,"Subpopulation_1"
"NGS_H19_LOI_Rep3","Read_2136",0.977585452449545,"Subpopulation_1"
"NGS_H19_LOI_Rep3","Read_2137",0.986901036909619,"Subpopulation_1"
"NGS_H19_LOI_Rep3","Read_2138",0.979223262377145,"Subpopulation_1"
"NGS_H19_LOI_Rep3","Read_2139",0.980297613004367,"Subpopulation_1"
"NGS_H19_LOI_Rep3","Read_2140",0.985541025988223,"Subpopulation_1"
"NGS_H19_LOI_Rep3","Read_2141",0.987694317000276,"Subpopulation_1"
"NGS_H19_LOI_Rep3","Read_2142",0.974846061769788,"Subpopulation_1"
"NGS_H19_LOI_Rep3","Read_2143",0.977318250356172,"Subpopulation_1"
"NGS_H19_LOI_Rep3","Read_2144",0.974035005915532,"Subpopulation_1"
"NGS_H19_LOI_Rep3","Read_2145",0.973425518363247,"Subpopulation_1"
"NGS_H19_LOI_Rep3","Read_2146",0.982414565431795,"Subpopulation_1"
"NGS_H19_LOI_Rep3","Read_2147",0.981161710502067,"Subpopulation_1"
"NGS_H19_LOI_Rep3","Read_2148",0.983239654420893,"Subpopulation_1"
"NGS_H19_LOI_Rep3","Read_2149",0.976832322773516,"Subpopulation_1"
"NGS_H19_LOI_Rep3","Read_2150",0.972616769012202,"Subpopulation_1"
"NGS_H19_LOI_Rep3","Read_2151",0.975437342717682,"Subpopulation_1"
"NGS_H19_LOI_Rep3","Read_2152",0.976563567622434,"Subpopulation_1"
"NGS_H19_LOI_Rep3","Read_2153",0.982973863956733,"Subpopulation_1"
"NGS_H19_LOI_Rep3","Read_2154",0.986508673731337,"Subpopulation_1"
"NGS_H19_LOI_Rep3","Read_2155",0.986664950919082,"Subpopulation_1"
"NGS_H19_LOI_Rep3","Read_2156",0.977126412194585,"Subpopulation_1"
"NGS_H19_LOI_Rep3","Read_2157",0.98476921457798,"Subpopulation_1"
"NGS_H19_LOI_Rep3","Read_2158",0.979445696864031,"Subpopulation_1"
"NGS_H19_LOI_Rep3","Read_2159",0.974199678582423,"Subpopulation_1"
"NGS_H19_LOI_Rep3","Read_2160",0.986601387275774,"Subpopulation_1"
"NGS_H19_LOI_Rep3","Read_2161",0.972948313314259,"Subpopulation_1"
"NGS_H19_LOI_Rep3","Read_2162",0.983219248100296,"Subpopulation_1"
"NGS_H19_LOI_Rep3","Read_2163",0.980013568460362,"Subpopulation_1"
"NGS_H19_LOI_Rep3","Read_2164",0.98053153691958,"Subpopulation_1"
"NGS_H19_LOI_Rep3","Read_2165",0.982946296839883,"Subpopulation_1"
"NGS_H19_LOI_Rep3","Read_2166",0.981226979063038,"Subpopulation_1"
"NGS_H19_LOI_Rep3","Read_2167",0.983292981853018,"Subpopulation_1"
"NGS_H19_LOI_Rep3","Read_2168",0.972594388950688,"Subpopulation_1"
"NGS_H19_LOI_Rep3","Read_2169",0.982458392204833,"Subpopulation_1"
"NGS_H19_LOI_Rep3","Read_2170",0.982175468220943,"Subpopulation_1"
"NGS_H19_LOI_Rep3","Read_2171",0.976171458616217,"Subpopulation_1"
"NGS_H19_LOI_Rep3","Read_2172",0.974686479134876,"Subpopulation_1"
"NGS_H19_LOI_Rep3","Read_2173",0.98224633569992,"Subpopulation_1"
"NGS_H19_LOI_Rep3","Read_2174",0.979401173141419,"Subpopulation_1"
"NGS_H19_LOI_Rep3","Read_2175",0.980180867114119,"Subpopulation_1"
"NGS_H19_LOI_Rep3","Read_2176",0.979268684769523,"Subpopulation_1"
"NGS_H19_LOI_Rep3","Read_2177",0.980598299410592,"Subpopulation_1"
"NGS_H19_LOI_Rep3","Read_2178",0.986082450638819,"Subpopulation_1"
"NGS_H19_LOI_Rep3","Read_2179",0.977185482569215,"Subpopulation_1"
"NGS_H19_LOI_Rep3","Read_2180",0.987313107995468,"Subpopulation_1"
"NGS_H19_LOI_Rep3","Read_2181",0.973284172845027,"Subpopulation_1"
"NGS_H19_LOI_Rep3","Read_2182",0.98196968054505,"Subpopulation_1"
"NGS_H19_LOI_Rep3","Read_2183",0.982570162266825,"Subpopulation_1"
"NGS_H19_LOI_Rep3","Read_2184",0.983242964340701,"Subpopulation_1"
"NGS_H19_LOI_Rep3","Read_2185",0.981873240774676,"Subpopulation_1"
"NGS_H19_LOI_Rep3","Read_2186",0.984939790581067,"Subpopulation_1"
"NGS_H19_LOI_Rep3","Read_2187",0.979718350240685,"Subpopulation_1"
"NGS_H19_LOI_Rep3","Read_2188",0.972231770440545,"Subpopulation_1"
"NGS_H19_LOI_Rep3","Read_2189",0.982553557634844,"Subpopulation_1"
"NGS_H19_LOI_Rep3","Read_2190",0.982155927820286,"Subpopulation_1"
"NGS_H19_LOI_Rep3","Read_2191",0.976735971440406,"Subpopulation_1"
"NGS_H19_LOI_Rep3","Read_2192",0.979705200757199,"Subpopulation_1"
"NGS_H19_LOI_Rep3","Read_2193",0.97442116900606,"Subpopulation_1"
"NGS_H19_LOI_Rep3","Read_2194",0.978858265385314,"Subpopulation_1"
"NGS_H19_LOI_Rep3","Read_2195",0.988465076819137,"Subpopulation_1"
"NGS_H19_LOI_Rep3","Read_2196",0.979152375577205,"Subpopulation_1"
"NGS_H19_LOI_Rep3","Read_2197",0.981453397221659,"Subpopulation_1"
"NGS_H19_LOI_Rep3","Read_2198",0.980298527900614,"Subpopulation_1"
"NGS_H19_LOI_Rep3","Read_2199",0.973619157534773,"Subpopulation_1"
"NGS_H19_LOI_Rep3","Read_2200",0.977848364646327,"Subpopulation_1"
"NGS_H19_LOI_Rep3","Read_2201",0.982683695075668,"Subpopulation_1"
"NGS_H19_LOI_Rep3","Read_2202",0.976375381087519,"Subpopulation_1"
"NGS_H19_LOI_Rep3","Read_2203",0.981774608274696,"Subpopulation_1"
"NGS_H19_LOI_Rep3","Read_2204",0.981939829288851,"Subpopulation_1"
"NGS_H19_LOI_Rep3","Read_2205",0.982291947454192,"Subpopulation_1"
"NGS_H19_LOI_Rep3","Read_2206",0.975730289791296,"Subpopulation_1"
"NGS_H19_LOI_Rep3","Read_2207",0.978969781637366,"Subpopulation_1"
"NGS_H19_LOI_Rep3","Read_2208",0.977239845797535,"Subpopulation_1"
"NGS_H19_LOI_Rep3","Read_2209",0.985027693869932,"Subpopulation_1"
"NGS_H19_LOI_Rep3","Read_2210",0.97896740725766,"Subpopulation_1"
"NGS_H19_LOI_Rep3","Read_2211",0.979490451614809,"Subpopulation_1"
"NGS_H19_LOI_Rep3","Read_2212",0.987903885687328,"Subpopulation_1"
"NGS_H19_LOI_Rep3","Read_2213",0.967742875184034,"Subpopulation_1"
"NGS_H19_LOI_Rep3","Read_2214",0.985490533378175,"Subpopulation_1"
"NGS_H19_LOI_Rep3","Read_2215",0.982784478616948,"Subpopulation_1"
"NGS_H19_LOI_Rep3","Read_2216",0.973891437469733,"Subpopulation_1"
"NGS_H19_LOI_Rep3","Read_2217",0.980281431189949,"Subpopulation_1"
"NGS_H19_LOI_Rep3","Read_2218",0.983711416213957,"Subpopulation_1"
"NGS_H19_LOI_Rep3","Read_2219",0.971326757758391,"Subpopulation_1"
"NGS_H19_LOI_Rep3","Read_2220",0.979465761289872,"Subpopulation_1"
"NGS_H19_LOI_Rep3","Read_2221",0.981711737135321,"Subpopulation_1"
"NGS_H19_LOI_Rep3","Read_2222",0.975051954331638,"Subpopulation_1"
"NGS_H19_LOI_Rep3","Read_2223",0.976753109214887,"Subpopulation_1"
"NGS_H19_LOI_Rep3","Read_2224",0.97395861941084,"Subpopulation_1"
"NGS_H19_LOI_Rep3","Read_2225",0.980102584138068,"Subpopulation_1"
"NGS_H19_LOI_Rep3","Read_2226",0.982867193676974,"Subpopulation_1"
"NGS_H19_LOI_Rep3","Read_2227",0.9837436193369,"Subpopulation_1"
"NGS_H19_LOI_Rep3","Read_2228",0.977733361351079,"Subpopulation_1"
"NGS_H19_LOI_Rep3","Read_2229",0.982799331319372,"Subpopulation_1"
"NGS_H19_LOI_Rep3","Read_2230",0.984898772118296,"Subpopulation_1"
"NGS_H19_LOI_Rep3","Read_2231",0.974838357537486,"Subpopulation_1"
"NGS_H19_LOI_Rep3","Read_2232",0.982671249587879,"Subpopulation_1"
"NGS_H19_LOI_Rep3","Read_2233",0.977477589266655,"Subpopulation_1"
"NGS_H19_LOI_Rep3","Read_2234",0.979969659825274,"Subpopulation_1"
"NGS_H19_LOI_Rep3","Read_2235",0.980932489050377,"Subpopulation_1"
"NGS_H19_LOI_Rep3","Read_2236",0.983719416640809,"Subpopulation_1"
"NGS_H19_LOI_Rep3","Read_2237",0.976238883210387,"Subpopulation_1"
"NGS_H19_LOI_Rep3","Read_2238",0.973547186701648,"Subpopulation_1"
"NGS_H19_LOI_Rep3","Read_2239",0.978988622065887,"Subpopulation_1"
"NGS_H19_LOI_Rep3","Read_2240",0.982615102562237,"Subpopulation_1"
"NGS_H19_LOI_Rep3","Read_2241",0.980990978544853,"Subpopulation_1"
"NGS_H19_LOI_Rep3","Read_2242",0.984407365493221,"Subpopulation_1"
"NGS_H19_LOI_Rep3","Read_2243",0.989183969766776,"Subpopulation_1"
"NGS_H19_LOI_Rep3","Read_2244",0.977214374585547,"Subpopulation_1"
"NGS_H19_LOI_Rep3","Read_2245",0.983661225197668,"Subpopulation_1"
"NGS_H19_LOI_Rep3","Read_2246",0.978400474708797,"Subpopulation_1"
"NGS_H19_LOI_Rep3","Read_2247",0.98194363269836,"Subpopulation_1"
"NGS_H19_LOI_Rep3","Read_2248",0.980512920888476,"Subpopulation_1"
"NGS_H19_LOI_Rep3","Read_2249",0.976249017132483,"Subpopulation_1"
"NGS_H19_LOI_Rep3","Read_2250",0.979681756467132,"Subpopulation_1"
"NGS_H19_LOI_Rep3","Read_2251",0.973850717236765,"Subpopulation_1"
"NGS_H19_LOI_Rep3","Read_2252",0.984812919253785,"Subpopulation_1"
"NGS_H19_LOI_Rep3","Read_2253",0.987984638819542,"Subpopulation_1"
"NGS_H19_LOI_Rep3","Read_2254",0.979153545926328,"Subpopulation_1"
"NGS_H19_LOI_Rep3","Read_2255",0.977377704543257,"Subpopulation_1"
"NGS_H19_LOI_Rep3","Read_2256",0.965706209068864,"Subpopulation_1"
"NGS_H19_LOI_Rep3","Read_2257",0.98148206139309,"Subpopulation_1"
"NGS_H19_LOI_Rep3","Read_2258",0.983024077570466,"Subpopulation_1"
"NGS_H19_LOI_Rep3","Read_2259",0.983374273860992,"Subpopulation_1"
"NGS_H19_LOI_Rep3","Read_2260",0.98151357764435,"Subpopulation_1"
"NGS_H19_LOI_Rep3","Read_2261",0.974650441263131,"Subpopulation_1"
"NGS_H19_LOI_Rep3","Read_2262",0.984684814221149,"Subpopulation_1"
"NGS_H19_LOI_Rep3","Read_2263",0.976251236345329,"Subpopulation_1"
"NGS_H19_LOI_Rep3","Read_2264",0.983007075964736,"Subpopulation_1"
"NGS_H19_LOI_Rep3","Read_2265",0.972718154765582,"Subpopulation_1"
"NGS_H19_LOI_Rep3","Read_2266",0.988156930833935,"Subpopulation_1"
"NGS_H19_LOI_Rep3","Read_2267",0.981320602765656,"Subpopulation_1"
"NGS_H19_LOI_Rep3","Read_2268",0.978916425608392,"Subpopulation_1"
"NGS_H19_LOI_Rep3","Read_2269",0.975507948515761,"Subpopulation_1"
"NGS_H19_LOI_Rep3","Read_2270",0.97308639525782,"Subpopulation_1"
"NGS_H19_LOI_Rep3","Read_2271",0.975997631523567,"Subpopulation_1"
"NGS_H19_LOI_Rep3","Read_2272",0.975266149192505,"Subpopulation_1"
"NGS_H19_LOI_Rep3","Read_2273",0.978366112528395,"Subpopulation_1"
"NGS_H19_LOI_Rep3","Read_2274",0.979077662121564,"Subpopulation_1"
"NGS_H19_LOI_Rep3","Read_2275",0.983777974689943,"Subpopulation_1"
"NGS_H19_LOI_Rep3","Read_2276",0.978574573093998,"Subpopulation_1"
"NGS_H19_LOI_Rep3","Read_2277",0.978236405280068,"Subpopulation_1"
"NGS_H19_LOI_Rep3","Read_2278",0.983077034403967,"Subpopulation_1"
"NGS_H19_LOI_Rep3","Read_2279",0.984286723120262,"Subpopulation_1"
"NGS_H19_LOI_Rep3","Read_2280",0.97836618678737,"Subpopulation_1"
"NGS_H19_LOI_Rep3","Read_2281",0.974385310761779,"Subpopulation_1"
"NGS_H19_LOI_Rep3","Read_2282",0.975937869048716,"Subpopulation_1"
"NGS_H19_LOI_Rep3","Read_2283",0.98182705807012,"Subpopulation_1"
"NGS_H19_LOI_Rep3","Read_2284",0.975425396152395,"Subpopulation_1"
"NGS_H19_LOI_Rep3","Read_2285",0.974722225835258,"Subpopulation_1"
"NGS_H19_LOI_Rep3","Read_2286",0.976617448690776,"Subpopulation_1"
"NGS_H19_LOI_Rep3","Read_2287",0.986895616609828,"Subpopulation_1"
"NGS_H19_LOI_Rep3","Read_2288",0.979608482568916,"Subpopulation_1"
"NGS_H19_LOI_Rep3","Read_2289",0.978738108301409,"Subpopulation_1"
"NGS_H19_LOI_Rep3","Read_2290",0.979335686746185,"Subpopulation_1"
"NGS_H19_LOI_Rep3","Read_2291",0.987033812348541,"Subpopulation_1"
"NGS_H19_LOI_Rep3","Read_2292",0.976640508444889,"Subpopulation_1"
"NGS_H19_LOI_Rep3","Read_2293",0.977717177963706,"Subpopulation_1"
"NGS_H19_LOI_Rep3","Read_2294",0.976392353162718,"Subpopulation_1"
"NGS_H19_LOI_Rep3","Read_2295",0.976184452089398,"Subpopulation_1"
"NGS_H19_LOI_Rep3","Read_2296",0.970125533718387,"Subpopulation_1"
"NGS_H19_LOI_Rep3","Read_2297",0.987225110702246,"Subpopulation_1"
"NGS_H19_LOI_Rep3","Read_2298",0.983116382862542,"Subpopulation_1"
"NGS_H19_LOI_Rep3","Read_2299",0.975160360768695,"Subpopulation_1"
"NGS_H19_LOI_Rep3","Read_2300",0.978985483331264,"Subpopulation_1"
"NGS_H19_LOI_Rep3","Read_2301",0.985995548066716,"Subpopulation_1"
"NGS_H19_LOI_Rep3","Read_2302",0.97340536098038,"Subpopulation_1"
"NGS_H19_LOI_Rep3","Read_2303",0.972506465921039,"Subpopulation_1"
"NGS_H19_LOI_Rep3","Read_2304",0.972533837615437,"Subpopulation_1"
"NGS_H19_LOI_Rep3","Read_2305",0.975398358092692,"Subpopulation_1"
"NGS_H19_LOI_Rep3","Read_2306",0.985166508457502,"Subpopulation_1"
"NGS_H19_LOI_Rep3","Read_2307",0.980388692794805,"Subpopulation_1"
"NGS_H19_LOI_Rep3","Read_2308",0.983669066503531,"Subpopulation_1"
"NGS_H19_LOI_Rep3","Read_2309",0.98540745128716,"Subpopulation_1"
"NGS_H19_LOI_Rep3","Read_2310",0.975180843838336,"Subpopulation_1"
"NGS_H19_LOI_Rep3","Read_2311",0.978663410364245,"Subpopulation_1"
"NGS_H19_LOI_Rep3","Read_2312",0.983323898519506,"Subpopulation_1"
"NGS_H19_LOI_Rep3","Read_2313",0.983435168946343,"Subpopulation_1"
"NGS_H19_LOI_Rep3","Read_2314",0.984430307525859,"Subpopulation_1"
"NGS_H19_LOI_Rep3","Read_2315",0.980782523685944,"Subpopulation_1"
"NGS_H19_LOI_Rep3","Read_2316",0.986093909389045,"Subpopulation_1"
"NGS_H19_LOI_Rep3","Read_2317",0.972822610346999,"Subpopulation_1"
"NGS_H19_LOI_Rep3","Read_2318",0.979667525748941,"Subpopulation_1"
"NGS_H19_LOI_Rep3","Read_2319",0.986094615326413,"Subpopulation_1"
"NGS_H19_LOI_Rep3","Read_2320",0.977347017426838,"Subpopulation_1"
"NGS_H19_LOI_Rep3","Read_2321",0.975624206095522,"Subpopulation_1"
"NGS_H19_LOI_Rep3","Read_2322",0.985759875801559,"Subpopulation_1"
"NGS_H19_LOI_Rep3","Read_2323",0.967284906846607,"Subpopulation_1"
"NGS_H19_LOI_Rep3","Read_2324",0.983902191136072,"Subpopulation_1"
"NGS_H19_LOI_Rep3","Read_2325",0.977774426350029,"Subpopulation_1"
"NGS_H19_LOI_Rep3","Read_2326",0.989763749043648,"Subpopulation_1"
"NGS_H19_LOI_Rep3","Read_2327",0.987033734838142,"Subpopulation_1"
"NGS_H19_LOI_Rep3","Read_2328",0.985377855843258,"Subpopulation_1"
"NGS_H19_LOI_Rep3","Read_2329",0.971779423072491,"Subpopulation_1"
"NGS_H19_LOI_Rep3","Read_2330",0.970990297366131,"Subpopulation_1"
"NGS_H19_LOI_Rep3","Read_2331",0.98366439729499,"Subpopulation_1"
"NGS_H19_LOI_Rep3","Read_2332",0.981414361823399,"Subpopulation_1"
"NGS_H19_LOI_Rep3","Read_2333",0.98278056455931,"Subpopulation_1"
"NGS_H19_LOI_Rep3","Read_2334",0.981629364952056,"Subpopulation_1"
"NGS_H19_LOI_Rep3","Read_2335",0.985241970251656,"Subpopulation_1"
"NGS_H19_LOI_Rep3","Read_2336",0.985674120309829,"Subpopulation_1"
"NGS_H19_LOI_Rep3","Read_2337",0.976871128645666,"Subpopulation_1"
"NGS_H19_LOI_Rep3","Read_2338",0.982372417971566,"Subpopulation_1"
"NGS_H19_LOI_Rep3","Read_2339",0.980837192534481,"Subpopulation_1"
"NGS_H19_LOI_Rep3","Read_2340",0.977246049168945,"Subpopulation_1"
"NGS_H19_LOI_Rep3","Read_2341",0.972437470676311,"Subpopulation_1"
"NGS_H19_LOI_Rep3","Read_2342",0.973139669190274,"Subpopulation_1"
"NGS_H19_LOI_Rep3","Read_2343",0.980522488995304,"Subpopulation_1"
"NGS_H19_LOI_Rep3","Read_2344",0.978103812450491,"Subpopulation_1"
"NGS_H19_LOI_Rep3","Read_2345",0.975421390770037,"Subpopulation_1"
"NGS_H19_LOI_Rep3","Read_2346",0.982872386293083,"Subpopulation_1"
"NGS_H19_LOI_Rep3","Read_2347",0.987451876464567,"Subpopulation_1"
"NGS_H19_LOI_Rep3","Read_2348",0.971489129995919,"Subpopulation_1"
"NGS_H19_LOI_Rep3","Read_2349",0.971400351678334,"Subpopulation_1"
"NGS_H19_LOI_Rep3","Read_2350",0.985266461597506,"Subpopulation_1"
"NGS_H19_LOI_Rep3","Read_2351",0.971966554223489,"Subpopulation_1"
"NGS_H19_LOI_Rep3","Read_2352",0.981011351086761,"Subpopulation_1"
"NGS_H19_LOI_Rep3","Read_2353",0.980788938569152,"Subpopulation_1"
"NGS_H19_LOI_Rep3","Read_2354",0.979446127127758,"Subpopulation_1"
"NGS_H19_LOI_Rep3","Read_2355",0.985629817677721,"Subpopulation_1"
"NGS_H19_LOI_Rep3","Read_2356",0.98396982882957,"Subpopulation_1"
"NGS_H19_LOI_Rep3","Read_2357",0.9811059693049,"Subpopulation_1"
"NGS_H19_LOI_Rep3","Read_2358",0.985146901676196,"Subpopulation_1"
"NGS_H19_LOI_Rep3","Read_2359",0.98088772230914,"Subpopulation_1"
"NGS_H19_LOI_Rep3","Read_2360",0.974848757901344,"Subpopulation_1"
"NGS_H19_LOI_Rep3","Read_2361",0.982475992994233,"Subpopulation_1"
"NGS_H19_LOI_Rep3","Read_2362",0.981648562607349,"Subpopulation_1"
"NGS_H19_LOI_Rep3","Read_2363",0.98857493434058,"Subpopulation_1"
"NGS_H19_LOI_Rep3","Read_2364",0.979384234772278,"Subpopulation_1"
"NGS_H19_LOI_Rep3","Read_2365",0.979442864600595,"Subpopulation_1"
"NGS_H19_LOI_Rep3","Read_2366",0.983476722804859,"Subpopulation_1"
"NGS_H19_LOI_Rep3","Read_2367",0.982514597202424,"Subpopulation_1"
"NGS_H19_LOI_Rep3","Read_2368",0.98447841682248,"Subpopulation_1"
"NGS_H19_LOI_Rep3","Read_2369",0.981109314726227,"Subpopulation_1"
"NGS_H19_LOI_Rep3","Read_2370",0.986549323630949,"Subpopulation_1"
"NGS_H19_LOI_Rep3","Read_2371",0.978949961844715,"Subpopulation_1"
"NGS_H19_LOI_Rep3","Read_2372",0.982065503307595,"Subpopulation_1"
"NGS_H19_LOI_Rep3","Read_2373",0.979254654572291,"Subpopulation_1"
"NGS_H19_LOI_Rep3","Read_2374",0.980952599084084,"Subpopulation_1"
"NGS_H19_LOI_Rep3","Read_2375",0.976161271935915,"Subpopulation_1"
"NGS_H19_LOI_Rep3","Read_2376",0.98099386708905,"Subpopulation_1"
"NGS_H19_LOI_Rep3","Read_2377",0.981615207128722,"Subpopulation_1"
"NGS_H19_LOI_Rep3","Read_2378",0.982717812263762,"Subpopulation_1"
"NGS_H19_LOI_Rep3","Read_2379",0.982195133792394,"Subpopulation_1"
"NGS_H19_LOI_Rep3","Read_2380",0.981041352662864,"Subpopulation_1"
"NGS_H19_LOI_Rep3","Read_2381",0.977594159303135,"Subpopulation_1"
"NGS_H19_LOI_Rep3","Read_2382",0.978518958015847,"Subpopulation_1"
"NGS_H19_LOI_Rep3","Read_2383",0.979112141496879,"Subpopulation_1"
"NGS_H19_LOI_Rep3","Read_2384",0.971518482901675,"Subpopulation_1"
"NGS_H19_LOI_Rep3","Read_2385",0.977151675048222,"Subpopulation_1"
"NGS_H19_LOI_Rep3","Read_2386",0.983052496970884,"Subpopulation_1"
"NGS_H19_LOI_Rep3","Read_2387",0.975341733942169,"Subpopulation_1"
"NGS_H19_LOI_Rep3","Read_2388",0.981209108686551,"Subpopulation_1"
"NGS_H19_LOI_Rep3","Read_2389",0.974527139628255,"Subpopulation_1"
"NGS_H19_LOI_Rep3","Read_2390",0.972880475617845,"Subpopulation_1"
"NGS_H19_LOI_Rep3","Read_2391",0.985297659408627,"Subpopulation_1"
"NGS_H19_LOI_Rep3","Read_2392",0.980371885884885,"Subpopulation_1"
"NGS_H19_LOI_Rep3","Read_2393",0.980321584397545,"Subpopulation_1"
"NGS_H19_LOI_Rep3","Read_2394",0.972437375614014,"Subpopulation_1"
"NGS_H19_LOI_Rep3","Read_2395",0.97527961743594,"Subpopulation_1"
"NGS_H19_LOI_Rep3","Read_2396",0.980585552540438,"Subpopulation_1"
"NGS_H19_LOI_Rep3","Read_2397",0.983951050051284,"Subpopulation_1"
"NGS_H19_LOI_Rep3","Read_2398",0.980705065892178,"Subpopulation_1"
"NGS_H19_LOI_Rep3","Read_2399",0.977908742404188,"Subpopulation_1"
"NGS_H19_LOI_Rep3","Read_2400",0.977783727639076,"Subpopulation_1"
"NGS_H19_LOI_Rep3","Read_2401",0.986113068659365,"Subpopulation_1"
"NGS_H19_LOI_Rep3","Read_2402",0.976604228349545,"Subpopulation_1"
"NGS_H19_LOI_Rep3","Read_2403",0.989120953253349,"Subpopulation_1"
"NGS_H19_LOI_Rep3","Read_2404",0.964327633234643,"Subpopulation_1"
"NGS_H19_LOI_Rep3","Read_2405",0.983249228835937,"Subpopulation_1"
"NGS_H19_LOI_Rep3","Read_2406",0.981821353551503,"Subpopulation_1"
"NGS_H19_LOI_Rep3","Read_2407",0.983367619963831,"Subpopulation_1"
"NGS_H19_LOI_Rep3","Read_2408",0.981184354932988,"Subpopulation_1"
"NGS_H19_LOI_Rep3","Read_2409",0.981804797293612,"Subpopulation_1"
"NGS_H19_LOI_Rep3","Read_2410",0.977868858108881,"Subpopulation_1"
"NGS_H19_LOI_Rep3","Read_2411",0.985998759646846,"Subpopulation_1"
"NGS_H19_LOI_Rep3","Read_2412",0.971256488674852,"Subpopulation_1"
"NGS_H19_LOI_Rep3","Read_2413",0.974910649519307,"Subpopulation_1"
"NGS_H19_LOI_Rep3","Read_2414",0.976947457674937,"Subpopulation_1"
"NGS_H19_LOI_Rep3","Read_2415",0.97745546173514,"Subpopulation_1"
"NGS_H19_LOI_Rep3","Read_2416",0.978567564346332,"Subpopulation_1"
"NGS_H19_LOI_Rep3","Read_2417",0.984421316061844,"Subpopulation_1"
"NGS_H19_LOI_Rep3","Read_2418",0.975855035030965,"Subpopulation_1"
"NGS_H19_LOI_Rep3","Read_2419",0.976971392343771,"Subpopulation_1"
"NGS_H19_LOI_Rep3","Read_2420",0.984265256492758,"Subpopulation_1"
"NGS_H19_LOI_Rep3","Read_2421",0.98093549132356,"Subpopulation_1"
"NGS_H19_LOI_Rep3","Read_2422",0.981409857453898,"Subpopulation_1"
"NGS_H19_LOI_Rep3","Read_2423",0.984750231535375,"Subpopulation_1"
"NGS_H19_LOI_Rep3","Read_2424",0.983587477632934,"Subpopulation_1"
"NGS_H19_LOI_Rep3","Read_2425",0.98588212024347,"Subpopulation_1"
"NGS_H19_LOI_Rep3","Read_2426",0.981845346684968,"Subpopulation_1"
"NGS_H19_LOI_Rep3","Read_2427",0.98310982855526,"Subpopulation_1"
"NGS_H19_LOI_Rep3","Read_2428",0.979319907857434,"Subpopulation_1"
"NGS_H19_LOI_Rep3","Read_2429",0.975480894140189,"Subpopulation_1"
"NGS_H19_LOI_Rep3","Read_2430",0.974712258371853,"Subpopulation_1"
"NGS_H19_LOI_Rep3","Read_2431",0.978174215711257,"Subpopulation_1"
"NGS_H19_LOI_Rep3","Read_2432",0.974877049908033,"Subpopulation_1"
"NGS_H19_LOI_Rep3","Read_2433",0.970511477226102,"Subpopulation_1"
"NGS_H19_LOI_Rep3","Read_2434",0.980534926242967,"Subpopulation_1"
"NGS_H19_LOI_Rep3","Read_2435",0.980265372791681,"Subpopulation_1"
"NGS_H19_LOI_Rep3","Read_2436",0.985099288905614,"Subpopulation_1"
"NGS_H19_LOI_Rep3","Read_2437",0.978628342842428,"Subpopulation_1"
"NGS_H19_LOI_Rep3","Read_2438",0.981743309700229,"Subpopulation_1"
"NGS_H19_LOI_Rep3","Read_2439",0.978789126732217,"Subpopulation_1"
"NGS_H19_LOI_Rep3","Read_2440",0.977064072914135,"Subpopulation_1"
"NGS_H19_LOI_Rep3","Read_2441",0.983589793084618,"Subpopulation_1"
"NGS_H19_LOI_Rep3","Read_2442",0.984519664758894,"Subpopulation_1"
"NGS_H19_LOI_Rep3","Read_2443",0.987984664565605,"Subpopulation_1"
"NGS_H19_LOI_Rep3","Read_2444",0.988809978855987,"Subpopulation_1"
"NGS_H19_LOI_Rep3","Read_2445",0.980354530241388,"Subpopulation_1"
"NGS_H19_LOI_Rep3","Read_2446",0.983343599173252,"Subpopulation_1"
"NGS_H19_LOI_Rep3","Read_2447",0.976843007931333,"Subpopulation_1"
"NGS_H19_LOI_Rep3","Read_2448",0.973915486199106,"Subpopulation_1"
"NGS_H19_LOI_Rep3","Read_2449",0.98182957316049,"Subpopulation_1"
"NGS_H19_LOI_Rep3","Read_2450",0.979782888253834,"Subpopulation_1"
"NGS_H19_LOI_Rep3","Read_2451",0.97455113157744,"Subpopulation_1"
"NGS_H19_LOI_Rep3","Read_2452",0.976134905272802,"Subpopulation_1"
"NGS_H19_LOI_Rep3","Read_2453",0.97812557920965,"Subpopulation_1"
"NGS_H19_LOI_Rep3","Read_2454",0.979630506930198,"Subpopulation_1"
"NGS_H19_LOI_Rep3","Read_2455",0.979569954792274,"Subpopulation_1"
"NGS_H19_LOI_Rep3","Read_2456",0.987422868878611,"Subpopulation_1"
"NGS_H19_LOI_Rep3","Read_2457",0.982631301666798,"Subpopulation_1"
"NGS_H19_LOI_Rep3","Read_2458",0.975341485803087,"Subpopulation_1"
"NGS_H19_LOI_Rep3","Read_2459",0.979449056053133,"Subpopulation_1"
"NGS_H19_LOI_Rep3","Read_2460",0.98355231281778,"Subpopulation_1"
"NGS_H19_LOI_Rep3","Read_2461",0.982304811730402,"Subpopulation_1"
"NGS_H19_LOI_Rep3","Read_2462",0.972699536152522,"Subpopulation_1"
"NGS_H19_LOI_Rep3","Read_2463",0.977951215156987,"Subpopulation_1"
"NGS_H19_LOI_Rep3","Read_2464",0.981579731014019,"Subpopulation_1"
"NGS_H19_LOI_Rep3","Read_2465",0.979829555619454,"Subpopulation_1"
"NGS_H19_LOI_Rep3","Read_2466",0.984656856340333,"Subpopulation_1"
"NGS_H19_LOI_Rep3","Read_2467",0.978566702630208,"Subpopulation_1"
"NGS_H19_LOI_Rep3","Read_2468",0.982079473721483,"Subpopulation_1"
"NGS_H19_LOI_Rep3","Read_2469",0.977587236392724,"Subpopulation_1"
"NGS_H19_LOI_Rep3","Read_2470",0.985310364457393,"Subpopulation_1"
"NGS_H19_LOI_Rep3","Read_2471",0.971413255503496,"Subpopulation_1"
"NGS_H19_LOI_Rep3","Read_2472",0.967776358477887,"Subpopulation_1"
"NGS_H19_LOI_Rep3","Read_2473",0.974773812277228,"Subpopulation_1"
"NGS_H19_LOI_Rep3","Read_2474",0.983221716789964,"Subpopulation_1"
"NGS_H19_LOI_Rep3","Read_2475",0.984984221418131,"Subpopulation_1"
"NGS_H19_LOI_Rep3","Read_2476",0.980052932852571,"Subpopulation_1"
"NGS_H19_LOI_Rep3","Read_2477",0.984520960664844,"Subpopulation_1"
"NGS_H19_LOI_Rep3","Read_2478",0.979408551860181,"Subpopulation_1"
"NGS_H19_LOI_Rep3","Read_2479",0.978469688381747,"Subpopulation_1"
"NGS_H19_LOI_Rep3","Read_2480",0.982757773830599,"Subpopulation_1"
"NGS_H19_LOI_Rep3","Read_2481",0.976665066711942,"Subpopulation_1"
"NGS_H19_LOI_Rep3","Read_2482",0.984092659052953,"Subpopulation_1"
"NGS_H19_LOI_Rep3","Read_2483",0.984331455075868,"Subpopulation_1"
"NGS_H19_LOI_Rep3","Read_2484",0.982047167416298,"Subpopulation_1"
"NGS_H19_LOI_Rep3","Read_2485",0.984453427479989,"Subpopulation_1"
"NGS_H19_LOI_Rep3","Read_2486",0.976407731646066,"Subpopulation_1"
"NGS_H19_LOI_Rep3","Read_2487",0.976502421680828,"Subpopulation_1"
"NGS_H19_LOI_Rep3","Read_2488",0.978914192449308,"Subpopulation_1"
"NGS_H19_LOI_Rep3","Read_2489",0.978082747100229,"Subpopulation_1"
"NGS_H19_LOI_Rep3","Read_2490",0.981476492926166,"Subpopulation_1"
"NGS_H19_LOI_Rep3","Read_2491",0.9857982040878,"Subpopulation_1"
"NGS_H19_LOI_Rep3","Read_2492",0.974408389217919,"Subpopulation_1"
"NGS_H19_LOI_Rep3","Read_2493",0.975201086855845,"Subpopulation_1"
"NGS_H19_LOI_Rep3","Read_2494",0.979517087495274,"Subpopulation_1"
"NGS_H19_LOI_Rep3","Read_2495",0.98673280327115,"Subpopulation_1"
"NGS_H19_LOI_Rep3","Read_2496",0.97269391727181,"Subpopulation_1"
"NGS_H19_LOI_Rep3","Read_2497",0.977510838197189,"Subpopulation_1"
"NGS_H19_LOI_Rep3","Read_2498",0.983534549473029,"Subpopulation_1"
"NGS_H19_LOI_Rep3","Read_2499",0.981053845528012,"Subpopulation_1"
"NGS_H19_LOI_Rep3","Read_2500",0.983219369556786,"Subpopulation_1"
"NGS_H19_LOI_Rep3","Read_2501",0.983845709536031,"Subpopulation_1"
"NGS_H19_LOI_Rep3","Read_2502",0.98102626318284,"Subpopulation_1"
"NGS_H19_LOI_Rep3","Read_2503",0.981153552254072,"Subpopulation_1"
"NGS_H19_LOI_Rep3","Read_2504",0.984054535560668,"Subpopulation_1"
"NGS_H19_LOI_Rep3","Read_2505",0.988052136982185,"Subpopulation_1"
"NGS_H19_LOI_Rep3","Read_2506",0.982730602662987,"Subpopulation_1"
"NGS_H19_LOI_Rep3","Read_2507",0.985447412729928,"Subpopulation_1"
"NGS_H19_LOI_Rep3","Read_2508",0.98626178558814,"Subpopulation_1"
"NGS_H19_LOI_Rep3","Read_2509",0.977313193309695,"Subpopulation_1"
"NGS_H19_LOI_Rep3","Read_2510",0.982145581739095,"Subpopulation_1"
"NGS_H19_LOI_Rep3","Read_2511",0.976018411856054,"Subpopulation_1"
"NGS_H19_LOI_Rep3","Read_2512",0.98453493102554,"Subpopulation_1"
"NGS_H19_LOI_Rep3","Read_2513",0.980931041676134,"Subpopulation_1"
"NGS_H19_LOI_Rep3","Read_2514",0.98024268468684,"Subpopulation_1"
"NGS_H19_LOI_Rep3","Read_2515",0.978597047783167,"Subpopulation_1"
"NGS_H19_LOI_Rep3","Read_2516",0.972840047735496,"Subpopulation_1"
"NGS_H19_LOI_Rep3","Read_2517",0.981012661374816,"Subpopulation_1"
"NGS_H19_LOI_Rep3","Read_2518",0.985892868193541,"Subpopulation_1"
"NGS_H19_LOI_Rep3","Read_2519",0.985197333416243,"Subpopulation_1"
"NGS_H19_LOI_Rep3","Read_2520",0.974553914855474,"Subpopulation_1"
"NGS_H19_LOI_Rep3","Read_2521",0.972698646232397,"Subpopulation_1"
"NGS_H19_LOI_Rep3","Read_2522",0.986737224371668,"Subpopulation_1"
"NGS_H19_LOI_Rep3","Read_2523",0.980110779444901,"Subpopulation_1"
"NGS_H19_LOI_Rep3","Read_2524",0.983899065289789,"Subpopulation_1"
"NGS_H19_LOI_Rep3","Read_2525",0.974192003614238,"Subpopulation_1"
"NGS_H19_LOI_Rep3","Read_2526",0.9834123409577,"Subpopulation_1"
"NGS_H19_LOI_Rep3","Read_2527",0.976738725247145,"Subpopulation_1"
"NGS_H19_LOI_Rep3","Read_2528",0.978439500546628,"Subpopulation_1"
"NGS_H19_LOI_Rep3","Read_2529",0.979487594289497,"Subpopulation_1"
"NGS_H19_LOI_Rep3","Read_2530",0.970069444938994,"Subpopulation_1"
"NGS_H19_LOI_Rep3","Read_2531",0.98205567721422,"Subpopulation_1"
"NGS_H19_LOI_Rep3","Read_2532",0.984608976290144,"Subpopulation_1"
"NGS_H19_LOI_Rep3","Read_2533",0.976118400565745,"Subpopulation_1"
"NGS_H19_LOI_Rep3","Read_2534",0.984748288046653,"Subpopulation_1"
"NGS_H19_LOI_Rep3","Read_2535",0.982221820939508,"Subpopulation_1"
"NGS_H19_LOI_Rep3","Read_2536",0.976770419587604,"Subpopulation_1"
"NGS_H19_LOI_Rep3","Read_2537",0.973928292087042,"Subpopulation_1"
"NGS_H19_LOI_Rep3","Read_2538",0.979853800875622,"Subpopulation_1"
"NGS_H19_LOI_Rep3","Read_2539",0.983243536633738,"Subpopulation_1"
"NGS_H19_LOI_Rep3","Read_2540",0.986542185994772,"Subpopulation_1"
"NGS_H19_LOI_Rep3","Read_2541",0.984316883318515,"Subpopulation_1"
"NGS_H19_LOI_Rep3","Read_2542",0.985427257693151,"Subpopulation_1"
"NGS_H19_LOI_Rep3","Read_2543",0.979366997327742,"Subpopulation_1"
"NGS_H19_LOI_Rep3","Read_2544",0.977173292624751,"Subpopulation_1"
"NGS_H19_LOI_Rep3","Read_2545",0.976990529277762,"Subpopulation_1"
"NGS_H19_LOI_Rep3","Read_2546",0.97880919294433,"Subpopulation_1"
"NGS_H19_LOI_Rep3","Read_2547",0.982628194177024,"Subpopulation_1"
"NGS_H19_LOI_Rep3","Read_2548",0.984776927534907,"Subpopulation_1"
"NGS_H19_LOI_Rep3","Read_2549",0.979628518207205,"Subpopulation_1"
"NGS_H19_LOI_Rep3","Read_2550",0.985999838685317,"Subpopulation_1"
"NGS_H19_LOI_Rep3","Read_2551",0.982240058720479,"Subpopulation_1"
"NGS_H19_LOI_Rep3","Read_2552",0.989425414122756,"Subpopulation_1"
"NGS_H19_LOI_Rep3","Read_2553",0.976853829462985,"Subpopulation_1"
"NGS_H19_LOI_Rep3","Read_2554",0.985001432339491,"Subpopulation_1"
"NGS_H19_LOI_Rep3","Read_2555",0.974469700763145,"Subpopulation_1"
"NGS_H19_LOI_Rep3","Read_2556",0.987146679882464,"Subpopulation_1"
"NGS_H19_LOI_Rep3","Read_2557",0.98226650367434,"Subpopulation_1"
"NGS_H19_LOI_Rep3","Read_2558",0.988730387764663,"Subpopulation_1"
"NGS_H19_LOI_Rep3","Read_2559",0.983971346338639,"Subpopulation_1"
"NGS_H19_LOI_Rep3","Read_2560",0.979421374570338,"Subpopulation_1"
"NGS_H19_LOI_Rep3","Read_2561",0.9824822516479,"Subpopulation_1"
"NGS_H19_LOI_Rep3","Read_2562",0.984841117113186,"Subpopulation_1"
"NGS_H19_LOI_Rep3","Read_2563",0.97772445770824,"Subpopulation_1"
"NGS_H19_LOI_Rep3","Read_2564",0.979338604064247,"Subpopulation_1"
"NGS_H19_LOI_Rep3","Read_2565",0.976280846919878,"Subpopulation_1"
"NGS_H19_LOI_Rep3","Read_2566",0.980472965728562,"Subpopulation_1"
"NGS_H19_LOI_Rep3","Read_2567",0.984433372374533,"Subpopulation_1"
"NGS_H19_LOI_Rep3","Read_2568",0.98173140701969,"Subpopulation_1"
"NGS_H19_LOI_Rep3","Read_2569",0.984199369016584,"Subpopulation_1"
"NGS_H19_LOI_Rep3","Read_2570",0.977178090358878,"Subpopulation_1"
"NGS_H19_LOI_Rep3","Read_2571",0.972104136412875,"Subpopulation_1"
"NGS_H19_LOI_Rep3","Read_2572",0.984989275569811,"Subpopulation_1"
"NGS_H19_LOI_Rep3","Read_2573",0.984302149944165,"Subpopulation_1"
"NGS_H19_LOI_Rep3","Read_2574",0.97628373477787,"Subpopulation_1"
"NGS_H19_LOI_Rep3","Read_2575",0.977731835924452,"Subpopulation_1"
"NGS_H19_LOI_Rep3","Read_2576",0.976771496646727,"Subpopulation_1"
"NGS_H19_LOI_Rep3","Read_2577",0.985991987016234,"Subpopulation_1"
"NGS_H19_LOI_Rep3","Read_2578",0.982229036190782,"Subpopulation_1"
"NGS_H19_LOI_Rep3","Read_2579",0.982716121955957,"Subpopulation_1"
"NGS_H19_LOI_Rep3","Read_2580",0.981546156370469,"Subpopulation_1"
"NGS_H19_LOI_Rep3","Read_2581",0.983559925772255,"Subpopulation_1"
"NGS_H19_LOI_Rep3","Read_2582",0.979904356386455,"Subpopulation_1"
"NGS_H19_LOI_Rep3","Read_2583",0.978602024304246,"Subpopulation_1"
"NGS_H19_LOI_Rep3","Read_2584",0.976371104115312,"Subpopulation_1"
"NGS_H19_LOI_Rep3","Read_2585",0.977498841277013,"Subpopulation_1"
"NGS_H19_LOI_Rep3","Read_2586",0.977162076885934,"Subpopulation_1"
"NGS_H19_LOI_Rep3","Read_2587",0.982621209726837,"Subpopulation_1"
"NGS_H19_LOI_Rep3","Read_2588",0.977305440371329,"Subpopulation_1"
"NGS_H19_LOI_Rep3","Read_2589",0.981421448410787,"Subpopulation_1"
"NGS_H19_LOI_Rep3","Read_2590",0.981191380053977,"Subpopulation_1"
"NGS_H19_LOI_Rep3","Read_2591",0.974111369603466,"Subpopulation_1"
"NGS_H19_LOI_Rep3","Read_2592",0.980493574636275,"Subpopulation_1"
"NGS_H19_LOI_Rep3","Read_2593",0.977715396304629,"Subpopulation_1"
"NGS_H19_LOI_Rep3","Read_2594",0.970126608631819,"Subpopulation_1"
"NGS_H19_LOI_Rep3","Read_2595",0.982278632269298,"Subpopulation_1"
"NGS_H19_LOI_Rep3","Read_2596",0.96674763306211,"Subpopulation_1"
"NGS_H19_LOI_Rep3","Read_2597",0.984923317297827,"Subpopulation_1"
"NGS_H19_LOI_Rep3","Read_2598",0.982162476641249,"Subpopulation_1"
"NGS_H19_LOI_Rep3","Read_2599",0.982515689742639,"Subpopulation_1"
"NGS_H19_LOI_Rep3","Read_2600",0.985300015488116,"Subpopulation_1"
"NGS_H19_LOI_Rep3","Read_2601",0.980799707050881,"Subpopulation_1"
"NGS_H19_LOI_Rep3","Read_2602",0.976121297024334,"Subpopulation_1"
"NGS_H19_LOI_Rep3","Read_2603",0.98208759589692,"Subpopulation_1"
"NGS_H19_LOI_Rep3","Read_2604",0.979269925090002,"Subpopulation_1"
"NGS_H19_LOI_Rep3","Read_2605",0.976214679094587,"Subpopulation_1"
"NGS_H19_LOI_Rep3","Read_2606",0.976602830300692,"Subpopulation_1"
"NGS_H19_LOI_Rep3","Read_2607",0.975103120156698,"Subpopulation_1"
"NGS_H19_LOI_Rep3","Read_2608",0.983137861563146,"Subpopulation_1"
"NGS_H19_LOI_Rep3","Read_2609",0.988799620057345,"Subpopulation_1"
"NGS_H19_LOI_Rep3","Read_2610",0.982377767877948,"Subpopulation_1"
"NGS_H19_LOI_Rep3","Read_2611",0.978115752629773,"Subpopulation_1"
"NGS_H19_LOI_Rep3","Read_2612",0.978529342639326,"Subpopulation_1"
"NGS_H19_LOI_Rep3","Read_2613",0.979073908055764,"Subpopulation_1"
"NGS_H19_LOI_Rep3","Read_2614",0.984972204375145,"Subpopulation_1"
"NGS_H19_LOI_Rep3","Read_2615",0.984075578121501,"Subpopulation_1"
"NGS_H19_LOI_Rep3","Read_2616",0.979277860657049,"Subpopulation_1"
"NGS_H19_LOI_Rep3","Read_2617",0.977654753710897,"Subpopulation_1"
"NGS_H19_LOI_Rep3","Read_2618",0.98281259557362,"Subpopulation_1"
"NGS_H19_LOI_Rep3","Read_2619",0.971071968317948,"Subpopulation_1"
"NGS_H19_LOI_Rep3","Read_2620",0.984747544105497,"Subpopulation_1"
"NGS_H19_LOI_Rep3","Read_2621",0.981905761211226,"Subpopulation_1"
"NGS_H19_LOI_Rep3","Read_2622",0.972356362913932,"Subpopulation_1"
"NGS_H19_LOI_Rep3","Read_2623",0.982660499591964,"Subpopulation_1"
"NGS_H19_LOI_Rep3","Read_2624",0.980625418769179,"Subpopulation_1"
"NGS_H19_LOI_Rep3","Read_2625",0.986805241019028,"Subpopulation_1"
"NGS_H19_LOI_Rep3","Read_2626",0.978773747471824,"Subpopulation_1"
"NGS_H19_LOI_Rep3","Read_2627",0.983262071779997,"Subpopulation_1"
"NGS_H19_LOI_Rep3","Read_2628",0.989483913016197,"Subpopulation_1"
"NGS_H19_LOI_Rep3","Read_2629",0.982174532087588,"Subpopulation_1"
"NGS_H19_LOI_Rep3","Read_2630",0.980477065880015,"Subpopulation_1"
"NGS_H19_LOI_Rep3","Read_2631",0.973442080750204,"Subpopulation_1"
"NGS_H19_LOI_Rep3","Read_2632",0.980580713645264,"Subpopulation_1"
"NGS_H19_LOI_Rep3","Read_2633",0.981134413131137,"Subpopulation_1"
"NGS_H19_LOI_Rep3","Read_2634",0.984552243983751,"Subpopulation_1"
"NGS_H19_LOI_Rep3","Read_2635",0.974681613389282,"Subpopulation_1"
"NGS_H19_LOI_Rep3","Read_2636",0.988906171828419,"Subpopulation_1"
"NGS_H19_LOI_Rep3","Read_2637",0.969992805734701,"Subpopulation_1"
"NGS_H19_LOI_Rep3","Read_2638",0.97654782086479,"Subpopulation_1"
"NGS_H19_LOI_Rep3","Read_2639",0.979826116061937,"Subpopulation_1"
"NGS_H19_LOI_Rep3","Read_2640",0.978938207532789,"Subpopulation_1"
"NGS_H19_LOI_Rep3","Read_2641",0.981618790119014,"Subpopulation_1"
"NGS_H19_LOI_Rep3","Read_2642",0.981514922909227,"Subpopulation_1"
"NGS_H19_LOI_Rep3","Read_2643",0.975871252141438,"Subpopulation_1"
"NGS_H19_LOI_Rep3","Read_2644",0.982756841565293,"Subpopulation_1"
"NGS_H19_LOI_Rep3","Read_2645",0.980694193856917,"Subpopulation_1"
"NGS_H19_LOI_Rep3","Read_2646",0.978481682370912,"Subpopulation_1"
"NGS_H19_LOI_Rep3","Read_2647",0.981558528360074,"Subpopulation_1"
"NGS_H19_LOI_Rep3","Read_2648",0.983847596279705,"Subpopulation_1"
"NGS_H19_LOI_Rep3","Read_2649",0.980688399428502,"Subpopulation_1"
"NGS_H19_LOI_Rep3","Read_2650",0.982373248358027,"Subpopulation_1"
"NGS_H19_LOI_Rep3","Read_2651",0.970463828611332,"Subpopulation_1"
"NGS_H19_LOI_Rep3","Read_2652",0.972361434617935,"Subpopulation_1"
"NGS_H19_LOI_Rep3","Read_2653",0.97939372834381,"Subpopulation_1"
"NGS_H19_LOI_Rep3","Read_2654",0.972136338110832,"Subpopulation_1"
"NGS_H19_LOI_Rep3","Read_2655",0.977147862490458,"Subpopulation_1"
"NGS_H19_LOI_Rep3","Read_2656",0.980971376762564,"Subpopulation_1"
"NGS_H19_LOI_Rep3","Read_2657",0.98269717364985,"Subpopulation_1"
"NGS_H19_LOI_Rep3","Read_2658",0.974637570847478,"Subpopulation_1"
"NGS_H19_LOI_Rep3","Read_2659",0.980251170512026,"Subpopulation_1"
"NGS_H19_LOI_Rep3","Read_2660",0.978923424817054,"Subpopulation_1"
"NGS_H19_LOI_Rep3","Read_2661",0.978105366658485,"Subpopulation_1"
"NGS_H19_LOI_Rep3","Read_2662",0.98360646557291,"Subpopulation_1"
"NGS_H19_LOI_Rep3","Read_2663",0.982913167465061,"Subpopulation_1"
"NGS_H19_LOI_Rep3","Read_2664",0.979713693865101,"Subpopulation_1"
"NGS_H19_LOI_Rep3","Read_2665",0.985836538079058,"Subpopulation_1"
"NGS_H19_LOI_Rep3","Read_2666",0.978890160896075,"Subpopulation_1"
"NGS_H19_LOI_Rep3","Read_2667",0.979492266424158,"Subpopulation_1"
"NGS_H19_LOI_Rep3","Read_2668",0.981808153928721,"Subpopulation_1"
"NGS_H19_LOI_Rep3","Read_2669",0.982026374128538,"Subpopulation_1"
"NGS_H19_LOI_Rep3","Read_2670",0.979398607594331,"Subpopulation_1"
"NGS_H19_LOI_Rep3","Read_2671",0.982989668003022,"Subpopulation_1"
"NGS_H19_LOI_Rep3","Read_2672",0.980401352575647,"Subpopulation_1"
"NGS_H19_LOI_Rep3","Read_2673",0.984285392401615,"Subpopulation_1"
"NGS_H19_LOI_Rep3","Read_2674",0.984196993005692,"Subpopulation_1"
"NGS_H19_LOI_Rep3","Read_2675",0.980619519548195,"Subpopulation_1"
"NGS_H19_LOI_Rep3","Read_2676",0.983469276423717,"Subpopulation_1"
"NGS_H19_LOI_Rep3","Read_2677",0.985519790882445,"Subpopulation_1"
"NGS_H19_LOI_Rep3","Read_2678",0.982865720306773,"Subpopulation_1"
"NGS_H19_LOI_Rep3","Read_2679",0.981334735560433,"Subpopulation_1"
"NGS_H19_LOI_Rep3","Read_2680",0.978195729465282,"Subpopulation_1"
"NGS_H19_LOI_Rep3","Read_2681",0.981706536219469,"Subpopulation_1"
"NGS_H19_LOI_Rep3","Read_2682",0.970713467729896,"Subpopulation_1"
"NGS_H19_LOI_Rep3","Read_2683",0.978633374231185,"Subpopulation_1"
"NGS_H19_LOI_Rep3","Read_2684",0.980786591709302,"Subpopulation_1"
"NGS_H19_LOI_Rep3","Read_2685",0.980912893992906,"Subpopulation_1"
"NGS_H19_LOI_Rep3","Read_2686",0.974891926077467,"Subpopulation_1"
"NGS_H19_LOI_Rep3","Read_2687",0.982974360488006,"Subpopulation_1"
"NGS_H19_LOI_Rep3","Read_2688",0.971970326487143,"Subpopulation_1"
"NGS_H19_LOI_Rep3","Read_2689",0.981770847406636,"Subpopulation_1"
"NGS_H19_LOI_Rep3","Read_2690",0.979629768100043,"Subpopulation_1"
"NGS_H19_LOI_Rep3","Read_2691",0.978352910976809,"Subpopulation_1"
"NGS_H19_LOI_Rep3","Read_2692",0.978278151581031,"Subpopulation_1"
"NGS_H19_LOI_Rep3","Read_2693",0.980192591250532,"Subpopulation_1"
"NGS_H19_LOI_Rep3","Read_2694",0.990154133026776,"Subpopulation_1"
"NGS_H19_LOI_Rep3","Read_2695",0.98563458456088,"Subpopulation_1"
"NGS_H19_LOI_Rep3","Read_2696",0.980760769705286,"Subpopulation_1"
"NGS_H19_LOI_Rep3","Read_2697",0.963258619151645,"Subpopulation_1"
"NGS_H19_LOI_Rep3","Read_2698",0.98327491845963,"Subpopulation_1"
"NGS_H19_LOI_Rep3","Read_2699",0.977376156376328,"Subpopulation_1"
"NGS_H19_LOI_Rep3","Read_2700",0.981513094699485,"Subpopulation_1"
"NGS_H19_LOI_Rep3","Read_2701",0.982454244994254,"Subpopulation_1"
"NGS_H19_LOI_Rep3","Read_2702",0.980300625072299,"Subpopulation_1"
"NGS_H19_LOI_Rep3","Read_2703",0.984193105413566,"Subpopulation_1"
"NGS_H19_LOI_Rep3","Read_2704",0.981075625103505,"Subpopulation_1"
"NGS_H19_LOI_Rep3","Read_2705",0.979122166946648,"Subpopulation_1"
"NGS_H19_LOI_Rep3","Read_2706",0.978019920593961,"Subpopulation_1"
"NGS_H19_LOI_Rep3","Read_2707",0.988599862787086,"Subpopulation_1"
"NGS_H19_LOI_Rep3","Read_2708",0.968286015401321,"Subpopulation_1"
"NGS_H19_LOI_Rep3","Read_2709",0.977286035712473,"Subpopulation_1"
"NGS_H19_LOI_Rep3","Read_2710",0.979242057261499,"Subpopulation_1"
"NGS_H19_LOI_Rep3","Read_2711",0.982855356463257,"Subpopulation_1"
"NGS_H19_LOI_Rep3","Read_2712",0.981298473385013,"Subpopulation_1"
"NGS_H19_LOI_Rep3","Read_2713",0.983307667786569,"Subpopulation_1"
"NGS_H19_LOI_Rep3","Read_2714",0.978217664912696,"Subpopulation_1"
"NGS_H19_LOI_Rep3","Read_2715",0.983051851481296,"Subpopulation_1"
"NGS_H19_LOI_Rep3","Read_2716",0.974677820396924,"Subpopulation_1"
"NGS_H19_LOI_Rep3","Read_2717",0.980266377451452,"Subpopulation_1"
"NGS_H19_LOI_Rep3","Read_2718",0.975827658767584,"Subpopulation_1"
"NGS_H19_LOI_Rep3","Read_2719",0.975316883787781,"Subpopulation_1"
"NGS_H19_LOI_Rep3","Read_2720",0.972542383020343,"Subpopulation_1"
"NGS_H19_LOI_Rep3","Read_2721",0.972351772414096,"Subpopulation_1"
"NGS_H19_LOI_Rep3","Read_2722",0.97898813465959,"Subpopulation_1"
"NGS_H19_LOI_Rep3","Read_2723",0.979013479058082,"Subpopulation_1"
"NGS_H19_LOI_Rep3","Read_2724",0.984504031636775,"Subpopulation_1"
"NGS_H19_LOI_Rep3","Read_2725",0.979174570688493,"Subpopulation_1"
"NGS_H19_LOI_Rep3","Read_2726",0.981510144192333,"Subpopulation_1"
"NGS_H19_LOI_Rep3","Read_2727",0.980018637070739,"Subpopulation_1"
"NGS_H19_LOI_Rep3","Read_2728",0.97967968597675,"Subpopulation_1"
"NGS_H19_LOI_Rep3","Read_2729",0.980666522736657,"Subpopulation_1"
"NGS_H19_LOI_Rep3","Read_2730",0.975438110916521,"Subpopulation_1"
"NGS_H19_LOI_Rep3","Read_2731",0.975482841093224,"Subpopulation_1"
"NGS_H19_LOI_Rep3","Read_2732",0.98132525960156,"Subpopulation_1"
"NGS_H19_LOI_Rep3","Read_2733",0.977541551309204,"Subpopulation_1"
"NGS_H19_LOI_Rep3","Read_2734",0.978568243256486,"Subpopulation_1"
"NGS_H19_LOI_Rep3","Read_2735",0.978757678050555,"Subpopulation_1"
"NGS_H19_LOI_Rep3","Read_2736",0.978453682176259,"Subpopulation_1"
"NGS_H19_LOI_Rep3","Read_2737",0.984905406124051,"Subpopulation_1"
"NGS_H19_LOI_Rep3","Read_2738",0.973402972104074,"Subpopulation_1"
"NGS_H19_LOI_Rep3","Read_2739",0.977993946764892,"Subpopulation_1"
"NGS_H19_LOI_Rep3","Read_2740",0.98577575047925,"Subpopulation_1"
"NGS_H19_LOI_Rep3","Read_2741",0.983742693192354,"Subpopulation_1"
"NGS_H19_LOI_Rep3","Read_2742",0.978595876728291,"Subpopulation_1"
"NGS_H19_LOI_Rep3","Read_2743",0.983445631013426,"Subpopulation_1"
"NGS_H19_LOI_Rep3","Read_2744",0.98149007629763,"Subpopulation_1"
"NGS_H19_LOI_Rep3","Read_2745",0.980573606666747,"Subpopulation_1"
"NGS_H19_LOI_Rep3","Read_2746",0.981003280787177,"Subpopulation_1"
"NGS_H19_LOI_Rep3","Read_2747",0.980217471441837,"Subpopulation_1"
"NGS_H19_LOI_Rep3","Read_2748",0.977890718971072,"Subpopulation_1"
"NGS_H19_LOI_Rep3","Read_2749",0.980566516773631,"Subpopulation_1"
"NGS_H19_LOI_Rep3","Read_2750",0.978769590844558,"Subpopulation_1"
"NGS_H19_LOI_Rep3","Read_2751",0.982116121631251,"Subpopulation_1"
"NGS_H19_LOI_Rep3","Read_2752",0.983948868604035,"Subpopulation_1"
"NGS_H19_LOI_Rep3","Read_2753",0.980922027858367,"Subpopulation_1"
"NGS_H19_LOI_Rep3","Read_2754",0.972891533496154,"Subpopulation_1"
"NGS_H19_LOI_Rep3","Read_2755",0.983120761679409,"Subpopulation_1"
"NGS_H19_LOI_Rep3","Read_2756",0.981746773401214,"Subpopulation_1"
"NGS_H19_LOI_Rep3","Read_2757",0.981191785365358,"Subpopulation_1"
"NGS_H19_LOI_Rep3","Read_2758",0.978650375297953,"Subpopulation_1"
"NGS_H19_LOI_Rep3","Read_2759",0.981387536674013,"Subpopulation_1"
"NGS_H19_LOI_Rep3","Read_2760",0.989254966195377,"Subpopulation_1"
"NGS_H19_LOI_Rep3","Read_2761",0.980473755418051,"Subpopulation_1"
"NGS_H19_LOI_Rep3","Read_2762",0.981540646969967,"Subpopulation_1"
"NGS_H19_LOI_Rep3","Read_2763",0.975835470520244,"Subpopulation_1"
"NGS_H19_LOI_Rep3","Read_2764",0.981911214497089,"Subpopulation_1"
"NGS_H19_LOI_Rep3","Read_2765",0.985013503692922,"Subpopulation_1"
"NGS_H19_LOI_Rep3","Read_2766",0.986473580810649,"Subpopulation_1"
"NGS_H19_LOI_Rep3","Read_2767",0.981437400636556,"Subpopulation_1"
"NGS_H19_LOI_Rep3","Read_2768",0.986345387818369,"Subpopulation_1"
"NGS_H19_LOI_Rep3","Read_2769",0.98487633190373,"Subpopulation_1"
"NGS_H19_LOI_Rep3","Read_2770",0.973881260866417,"Subpopulation_1"
"NGS_H19_LOI_Rep3","Read_2771",0.984748001452357,"Subpopulation_1"
"NGS_H19_LOI_Rep3","Read_2772",0.989075900911259,"Subpopulation_1"
"NGS_H19_LOI_Rep3","Read_2773",0.977377572408687,"Subpopulation_1"
"NGS_H19_LOI_Rep3","Read_2774",0.98185499445239,"Subpopulation_1"
"NGS_H19_LOI_Rep3","Read_2775",0.975821398664056,"Subpopulation_1"
"NGS_H19_LOI_Rep3","Read_2776",0.975139432990717,"Subpopulation_1"
"NGS_H19_LOI_Rep3","Read_2777",0.976362797670664,"Subpopulation_1"
"NGS_H19_LOI_Rep3","Read_2778",0.987859620774527,"Subpopulation_1"
"NGS_H19_LOI_Rep3","Read_2779",0.978066349619604,"Subpopulation_1"
"NGS_H19_LOI_Rep3","Read_2780",0.987145171163254,"Subpopulation_1"
"NGS_H19_LOI_Rep3","Read_2781",0.987687372382313,"Subpopulation_1"
"NGS_H19_LOI_Rep3","Read_2782",0.983746194804712,"Subpopulation_1"
"NGS_H19_LOI_Rep3","Read_2783",0.984160372192848,"Subpopulation_1"
"NGS_H19_LOI_Rep3","Read_2784",0.986687800796571,"Subpopulation_1"
"NGS_H19_LOI_Rep3","Read_2785",0.979840326071958,"Subpopulation_1"
"NGS_H19_LOI_Rep3","Read_2786",0.975416463906102,"Subpopulation_1"
"NGS_H19_LOI_Rep3","Read_2787",0.976022936736224,"Subpopulation_1"
"NGS_H19_LOI_Rep3","Read_2788",0.98137607953435,"Subpopulation_1"
"NGS_H19_LOI_Rep3","Read_2789",0.975001271070801,"Subpopulation_1"
"NGS_H19_LOI_Rep3","Read_2790",0.972289549209582,"Subpopulation_1"
"NGS_H19_LOI_Rep3","Read_2791",0.986283295014959,"Subpopulation_1"
"NGS_H19_LOI_Rep3","Read_2792",0.980123135011102,"Subpopulation_1"
"NGS_H19_LOI_Rep3","Read_2793",0.985803763562478,"Subpopulation_1"
"NGS_H19_LOI_Rep3","Read_2794",0.985716603264518,"Subpopulation_1"
"NGS_H19_LOI_Rep3","Read_2795",0.978427063997576,"Subpopulation_1"
"NGS_H19_LOI_Rep3","Read_2796",0.982840545722142,"Subpopulation_1"
"NGS_H19_LOI_Rep3","Read_2797",0.979686927548485,"Subpopulation_1"
"NGS_H19_LOI_Rep3","Read_2798",0.970896466075756,"Subpopulation_1"
"NGS_H19_LOI_Rep3","Read_2799",0.979491855180381,"Subpopulation_1"
"NGS_H19_LOI_Rep3","Read_2800",0.968240104292059,"Subpopulation_1"
"NGS_H19_LOI_Rep3","Read_2801",0.979368497543337,"Subpopulation_1"
"NGS_H19_LOI_Rep3","Read_2802",0.976874074820906,"Subpopulation_1"
"NGS_H19_LOI_Rep3","Read_2803",0.986285806580013,"Subpopulation_1"
"NGS_H19_LOI_Rep3","Read_2804",0.983686785809293,"Subpopulation_1"
"NGS_H19_LOI_Rep3","Read_2805",0.978838452896481,"Subpopulation_1"
"NGS_H19_LOI_Rep3","Read_2806",0.97712208493066,"Subpopulation_1"
"NGS_H19_LOI_Rep3","Read_2807",0.985837649438738,"Subpopulation_1"
"NGS_H19_LOI_Rep3","Read_2808",0.985135988710222,"Subpopulation_1"
"NGS_H19_LOI_Rep3","Read_2809",0.985715194830562,"Subpopulation_1"
"NGS_H19_LOI_Rep3","Read_2810",0.974269586913642,"Subpopulation_1"
"NGS_H19_LOI_Rep3","Read_2811",0.976930210505764,"Subpopulation_1"
"NGS_H19_LOI_Rep3","Read_2812",0.977580658267608,"Subpopulation_1"
"NGS_H19_LOI_Rep3","Read_2813",0.988940016817089,"Subpopulation_1"
"NGS_H19_LOI_Rep3","Read_2814",0.980074758339944,"Subpopulation_1"
"NGS_H19_LOI_Rep3","Read_2815",0.972422516265694,"Subpopulation_1"
"NGS_H19_LOI_Rep3","Read_2816",0.984993181143422,"Subpopulation_1"
"NGS_H19_LOI_Rep3","Read_2817",0.980472703730877,"Subpopulation_1"
"NGS_H19_LOI_Rep3","Read_2818",0.975140617728136,"Subpopulation_1"
"NGS_H19_LOI_Rep3","Read_2819",0.978868661529411,"Subpopulation_1"
"NGS_H19_LOI_Rep3","Read_2820",0.983184329006396,"Subpopulation_1"
"NGS_H19_LOI_Rep3","Read_2821",0.971571519698631,"Subpopulation_1"
"NGS_H19_LOI_Rep3","Read_2822",0.980013417418841,"Subpopulation_1"
"NGS_H19_LOI_Rep3","Read_2823",0.982899482074473,"Subpopulation_1"
"NGS_H19_LOI_Rep3","Read_2824",0.978981020867248,"Subpopulation_1"
"NGS_H19_LOI_Rep3","Read_2825",0.984677461374107,"Subpopulation_1"
"NGS_H19_LOI_Rep3","Read_2826",0.977933343786812,"Subpopulation_1"
"NGS_H19_LOI_Rep3","Read_2827",0.970814402807294,"Subpopulation_1"
"NGS_H19_LOI_Rep3","Read_2828",0.974936225802071,"Subpopulation_1"
"NGS_H19_LOI_Rep3","Read_2829",0.971655264271858,"Subpopulation_1"
"NGS_H19_LOI_Rep3","Read_2830",0.980420239768655,"Subpopulation_1"
"NGS_H19_LOI_Rep3","Read_2831",0.973268618938097,"Subpopulation_1"
"NGS_H19_LOI_Rep3","Read_2832",0.977532036542655,"Subpopulation_1"
"NGS_H19_LOI_Rep3","Read_2833",0.98378352615463,"Subpopulation_1"
"NGS_H19_LOI_Rep3","Read_2834",0.980883140709487,"Subpopulation_1"
"NGS_H19_LOI_Rep3","Read_2835",0.982176440798984,"Subpopulation_1"
"NGS_H19_LOI_Rep3","Read_2836",0.98137391033064,"Subpopulation_1"
"NGS_H19_LOI_Rep3","Read_2837",0.981176528697694,"Subpopulation_1"
"NGS_H19_LOI_Rep3","Read_2838",0.982928956125041,"Subpopulation_1"
"NGS_H19_LOI_Rep3","Read_2839",0.983799546518333,"Subpopulation_1"
"NGS_H19_LOI_Rep3","Read_2840",0.981387710643397,"Subpopulation_1"
"NGS_H19_LOI_Rep3","Read_2841",0.985698314585834,"Subpopulation_1"
"NGS_H19_LOI_Rep3","Read_2842",0.982854042371897,"Subpopulation_1"
"NGS_H19_LOI_Rep3","Read_2843",0.977073288413091,"Subpopulation_1"
"NGS_H19_LOI_Rep3","Read_2844",0.980071237132646,"Subpopulation_1"
"NGS_H19_LOI_Rep3","Read_2845",0.980203508732312,"Subpopulation_1"
"NGS_H19_LOI_Rep3","Read_2846",0.984858444833254,"Subpopulation_1"
"NGS_H19_LOI_Rep3","Read_2847",0.97494837109774,"Subpopulation_1"
"NGS_H19_LOI_Rep3","Read_2848",0.973169099404378,"Subpopulation_1"
"NGS_H19_LOI_Rep3","Read_2849",0.974904317165247,"Subpopulation_1"
"NGS_H19_LOI_Rep3","Read_2850",0.976778122566706,"Subpopulation_1"
"NGS_H19_LOI_Rep3","Read_2851",0.980001629482439,"Subpopulation_1"
"NGS_H19_LOI_Rep3","Read_2852",0.984994962405535,"Subpopulation_1"
"NGS_H19_LOI_Rep3","Read_2853",0.974978603425599,"Subpopulation_1"
"NGS_H19_LOI_Rep3","Read_2854",0.981935627720751,"Subpopulation_1"
"NGS_H19_LOI_Rep3","Read_2855",0.977023301147855,"Subpopulation_1"
"NGS_H19_LOI_Rep3","Read_2856",0.984314514551473,"Subpopulation_1"
"NGS_H19_LOI_Rep3","Read_2857",0.981043381581039,"Subpopulation_1"
"NGS_H19_LOI_Rep3","Read_2858",0.978282809078352,"Subpopulation_1"
"NGS_H19_LOI_Rep3","Read_2859",0.977670609404657,"Subpopulation_1"
"NGS_H19_LOI_Rep3","Read_2860",0.989036753598611,"Subpopulation_1"
"NGS_H19_LOI_Rep3","Read_2861",0.98249689894954,"Subpopulation_1"
"NGS_H19_LOI_Rep3","Read_2862",0.983331328406328,"Subpopulation_1"
"NGS_H19_LOI_Rep3","Read_2863",0.979020111486105,"Subpopulation_1"
"NGS_H19_LOI_Rep3","Read_2864",0.981227368021455,"Subpopulation_1"
"NGS_H19_LOI_Rep3","Read_2865",0.985362420742856,"Subpopulation_1"
"NGS_H19_LOI_Rep3","Read_2866",0.978789088804448,"Subpopulation_1"
"NGS_H19_LOI_Rep3","Read_2867",0.97714030905466,"Subpopulation_1"
"NGS_H19_LOI_Rep3","Read_2868",0.975653656152478,"Subpopulation_1"
"NGS_H19_LOI_Rep3","Read_2869",0.975095826248574,"Subpopulation_1"
"NGS_H19_LOI_Rep3","Read_2870",0.977767042084172,"Subpopulation_1"
"NGS_H19_LOI_Rep3","Read_2871",0.973978832497096,"Subpopulation_1"
"NGS_H19_LOI_Rep3","Read_2872",0.985797373849279,"Subpopulation_1"
"NGS_H19_LOI_Rep3","Read_2873",0.975816913120979,"Subpopulation_1"
"NGS_H19_LOI_Rep3","Read_2874",0.977419810580681,"Subpopulation_1"
"NGS_H19_LOI_Rep3","Read_2875",0.972968441738115,"Subpopulation_1"
"NGS_H19_LOI_Rep3","Read_2876",0.984165325205507,"Subpopulation_1"
"NGS_H19_LOI_Rep3","Read_2877",0.978423404666037,"Subpopulation_1"
"NGS_H19_LOI_Rep3","Read_2878",0.978825378309967,"Subpopulation_1"
"NGS_H19_LOI_Rep3","Read_2879",0.972494363139138,"Subpopulation_1"
"NGS_H19_LOI_Rep3","Read_2880",0.979180365325491,"Subpopulation_1"
"NGS_H19_LOI_Rep3","Read_2881",0.975223150597366,"Subpopulation_1"
"NGS_H19_LOI_Rep3","Read_2882",0.978956665745361,"Subpopulation_1"
"NGS_H19_LOI_Rep3","Read_2883",0.975323600134947,"Subpopulation_1"
"NGS_H19_LOI_Rep3","Read_2884",0.972653478415419,"Subpopulation_1"
"NGS_H19_LOI_Rep3","Read_2885",0.983813500102246,"Subpopulation_1"
"NGS_H19_LOI_Rep3","Read_2886",0.983415632756412,"Subpopulation_1"
"NGS_H19_LOI_Rep3","Read_2887",0.976815488719071,"Subpopulation_1"
"NGS_H19_LOI_Rep3","Read_2888",0.975507144232197,"Subpopulation_1"
"NGS_H19_LOI_Rep3","Read_2889",0.978208532150147,"Subpopulation_1"
"NGS_H19_LOI_Rep3","Read_2890",0.975511277069758,"Subpopulation_1"
"NGS_H19_LOI_Rep3","Read_2891",0.982482792738725,"Subpopulation_1"
"NGS_H19_LOI_Rep3","Read_2892",0.972360540315993,"Subpopulation_1"
"NGS_H19_LOI_Rep3","Read_2893",0.988579348130385,"Subpopulation_1"
"NGS_H19_LOI_Rep3","Read_2894",0.971800280810584,"Subpopulation_1"
"NGS_H19_LOI_Rep3","Read_2895",0.983054459954129,"Subpopulation_1"
"NGS_H19_LOI_Rep3","Read_2896",0.985233609351491,"Subpopulation_1"
"NGS_H19_LOI_Rep3","Read_2897",0.980627234846973,"Subpopulation_1"
"NGS_H19_LOI_Rep3","Read_2898",0.980344023667798,"Subpopulation_1"
"NGS_H19_LOI_Rep3","Read_2899",0.983287360652959,"Subpopulation_1"
"NGS_H19_LOI_Rep3","Read_2900",0.985186125990364,"Subpopulation_1"
"NGS_H19_LOI_Rep3","Read_2901",0.980153565354692,"Subpopulation_1"
"NGS_H19_LOI_Rep3","Read_2902",0.974531017729736,"Subpopulation_1"
"NGS_H19_LOI_Rep3","Read_2903",0.981144852039149,"Subpopulation_1"
"NGS_H19_LOI_Rep3","Read_2904",0.982582435818776,"Subpopulation_1"
"NGS_H19_LOI_Rep3","Read_2905",0.979819751572437,"Subpopulation_1"
"NGS_H19_LOI_Rep3","Read_2906",0.978525021262481,"Subpopulation_1"
"NGS_H19_LOI_Rep3","Read_2907",0.981736596630664,"Subpopulation_1"
"NGS_H19_LOI_Rep3","Read_2908",0.978394477048666,"Subpopulation_1"
"NGS_H19_LOI_Rep3","Read_2909",0.976578808043041,"Subpopulation_1"
"NGS_H19_LOI_Rep3","Read_2910",0.980940528041429,"Subpopulation_1"
"NGS_H19_LOI_Rep3","Read_2911",0.980139002821713,"Subpopulation_1"
"NGS_H19_LOI_Rep3","Read_2912",0.984884794830043,"Subpopulation_1"
"NGS_H19_LOI_Rep3","Read_2913",0.971488748708906,"Subpopulation_1"
"NGS_H19_LOI_Rep3","Read_2914",0.976431299858138,"Subpopulation_1"
"NGS_H19_LOI_Rep3","Read_2915",0.981645481472089,"Subpopulation_1"
"NGS_H19_LOI_Rep3","Read_2916",0.978273118824119,"Subpopulation_1"
"NGS_H19_LOI_Rep3","Read_2917",0.984935851264918,"Subpopulation_1"
"NGS_H19_LOI_Rep3","Read_2918",0.98255968652719,"Subpopulation_1"
"NGS_H19_LOI_Rep3","Read_2919",0.977486692642478,"Subpopulation_1"
"NGS_H19_LOI_Rep3","Read_2920",0.979452312130982,"Subpopulation_1"
"NGS_H19_LOI_Rep3","Read_2921",0.986517144506509,"Subpopulation_1"
"NGS_H19_LOI_Rep3","Read_2922",0.98435514546303,"Subpopulation_1"
"NGS_H19_LOI_Rep3","Read_2923",0.982822972917264,"Subpopulation_1"
"NGS_H19_LOI_Rep3","Read_2924",0.976659544845999,"Subpopulation_1"
"NGS_H19_LOI_Rep3","Read_2925",0.978779198145641,"Subpopulation_1"
"NGS_H19_LOI_Rep3","Read_2926",0.974474452552593,"Subpopulation_1"
"NGS_H19_LOI_Rep3","Read_2927",0.982422208171714,"Subpopulation_1"
"NGS_H19_LOI_Rep3","Read_2928",0.991733586597632,"Subpopulation_1"
"NGS_H19_LOI_Rep3","Read_2929",0.981272997441648,"Subpopulation_1"
"NGS_H19_LOI_Rep3","Read_2930",0.978426631560304,"Subpopulation_1"
"NGS_H19_LOI_Rep3","Read_2931",0.976853318254144,"Subpopulation_1"
"NGS_H19_LOI_Rep3","Read_2932",0.98582052164044,"Subpopulation_1"
"NGS_H19_LOI_Rep3","Read_2933",0.979600184249752,"Subpopulation_1"
"NGS_H19_LOI_Rep3","Read_2934",0.982787765429508,"Subpopulation_1"
"NGS_H19_LOI_Rep3","Read_2935",0.984172362718437,"Subpopulation_1"
"NGS_H19_LOI_Rep3","Read_2936",0.976044008525405,"Subpopulation_1"
"NGS_H19_LOI_Rep3","Read_2937",0.984019696794461,"Subpopulation_1"
"NGS_H19_LOI_Rep3","Read_2938",0.981161615379556,"Subpopulation_1"
"NGS_H19_LOI_Rep3","Read_2939",0.98679769527017,"Subpopulation_1"
"NGS_H19_LOI_Rep3","Read_2940",0.978215351870499,"Subpopulation_1"
"NGS_H19_LOI_Rep3","Read_2941",0.984277601573665,"Subpopulation_1"
"NGS_H19_LOI_Rep3","Read_2942",0.979181603280942,"Subpopulation_1"
"NGS_H19_LOI_Rep3","Read_2943",0.981591972388194,"Subpopulation_1"
"NGS_H19_LOI_Rep3","Read_2944",0.974299605217945,"Subpopulation_1"
"NGS_H19_LOI_Rep3","Read_2945",0.980924033738099,"Subpopulation_1"
"NGS_H19_LOI_Rep3","Read_2946",0.985606843621823,"Subpopulation_1"
"NGS_H19_LOI_Rep3","Read_2947",0.980945322867339,"Subpopulation_1"
"NGS_H19_LOI_Rep3","Read_2948",0.98882068464392,"Subpopulation_1"
"NGS_H19_LOI_Rep3","Read_2949",0.974945008019042,"Subpopulation_1"
"NGS_H19_LOI_Rep3","Read_2950",0.981943098110362,"Subpopulation_1"
"NGS_H19_LOI_Rep3","Read_2951",0.974157132799217,"Subpopulation_1"
"NGS_H19_LOI_Rep3","Read_2952",0.974353015479404,"Subpopulation_1"
"NGS_H19_LOI_Rep3","Read_2953",0.980742603798195,"Subpopulation_1"
"NGS_H19_LOI_Rep3","Read_2954",0.981424580652992,"Subpopulation_1"
"NGS_H19_LOI_Rep3","Read_2955",0.974010127344199,"Subpopulation_1"
"NGS_H19_LOI_Rep3","Read_2956",0.979809098090425,"Subpopulation_1"
"NGS_H19_LOI_Rep3","Read_2957",0.975771215078024,"Subpopulation_1"
"NGS_H19_LOI_Rep3","Read_2958",0.982633116935003,"Subpopulation_1"
"NGS_H19_LOI_Rep3","Read_2959",0.984245194902824,"Subpopulation_1"
"NGS_H19_LOI_Rep3","Read_2960",0.98082833034219,"Subpopulation_1"
"NGS_H19_LOI_Rep3","Read_2961",0.979108678180483,"Subpopulation_1"
"NGS_H19_LOI_Rep3","Read_2962",0.980198479961831,"Subpopulation_1"
"NGS_H19_LOI_Rep3","Read_2963",0.968988393067912,"Subpopulation_1"
"NGS_H19_LOI_Rep3","Read_2964",0.981332203208311,"Subpopulation_1"
"NGS_H19_LOI_Rep3","Read_2965",0.979671327537904,"Subpopulation_1"
"NGS_H19_LOI_Rep3","Read_2966",0.976048201976114,"Subpopulation_1"
"NGS_H19_LOI_Rep3","Read_2967",0.978750655483717,"Subpopulation_1"
"NGS_H19_LOI_Rep3","Read_2968",0.988475863367749,"Subpopulation_1"
"NGS_H19_LOI_Rep3","Read_2969",0.98135511974037,"Subpopulation_1"
"NGS_H19_LOI_Rep3","Read_2970",0.977121149343819,"Subpopulation_1"
"NGS_H19_LOI_Rep3","Read_2971",0.980856137239503,"Subpopulation_1"
"NGS_H19_LOI_Rep3","Read_2972",0.981384258698369,"Subpopulation_1"
"NGS_H19_LOI_Rep3","Read_2973",0.981522477899866,"Subpopulation_1"
"NGS_H19_LOI_Rep3","Read_2974",0.983322334661853,"Subpopulation_1"
"NGS_H19_LOI_Rep3","Read_2975",0.98337833344495,"Subpopulation_1"
"NGS_H19_LOI_Rep3","Read_2976",0.982605472824496,"Subpopulation_1"
"NGS_H19_LOI_Rep3","Read_2977",0.977371252936282,"Subpopulation_1"
"NGS_H19_LOI_Rep3","Read_2978",0.979780116338405,"Subpopulation_1"
"NGS_H19_LOI_Rep3","Read_2979",0.986380421988544,"Subpopulation_1"
"NGS_H19_LOI_Rep3","Read_2980",0.980311236791594,"Subpopulation_1"
"NGS_H19_LOI_Rep3","Read_2981",0.980023935419287,"Subpopulation_1"
"NGS_H19_LOI_Rep3","Read_2982",0.980686963626151,"Subpopulation_1"
"NGS_H19_LOI_Rep3","Read_2983",0.974883201650629,"Subpopulation_1"
"NGS_H19_LOI_Rep3","Read_2984",0.979580069397336,"Subpopulation_1"
"NGS_H19_LOI_Rep3","Read_2985",0.981016026109706,"Subpopulation_1"
"NGS_H19_LOI_Rep3","Read_2986",0.984182275529049,"Subpopulation_1"
"NGS_H19_LOI_Rep3","Read_2987",0.981347972032033,"Subpopulation_1"
"NGS_H19_LOI_Rep3","Read_2988",0.978471200765487,"Subpopulation_1"
"NGS_H19_LOI_Rep3","Read_2989",0.98721279760063,"Subpopulation_1"
"NGS_H19_LOI_Rep3","Read_2990",0.987343746577859,"Subpopulation_1"
"NGS_H19_LOI_Rep3","Read_2991",0.976600900270975,"Subpopulation_1"
"NGS_H19_LOI_Rep3","Read_2992",0.982931268641432,"Subpopulation_1"
"NGS_H19_LOI_Rep3","Read_2993",0.98296791310598,"Subpopulation_1"
"NGS_H19_LOI_Rep3","Read_2994",0.988260269738884,"Subpopulation_1"
"NGS_H19_LOI_Rep3","Read_2995",0.979998430382377,"Subpopulation_1"
"NGS_H19_LOI_Rep3","Read_2996",0.974551330778462,"Subpopulation_1"
"NGS_H19_LOI_Rep3","Read_2997",0.980235255713139,"Subpopulation_1"
"NGS_H19_LOI_Rep3","Read_2998",0.979361937372725,"Subpopulation_1"
"NGS_H19_LOI_Rep3","Read_2999",0.981935679283357,"Subpopulation_1"
"NGS_H19_LOI_Rep3","Read_3000",0.97668609059895,"Subpopulation_1"
