"Sample","ReadID","sampled_methylation","allele"
"NGS_H19_Normal_Rep2","Read_1",0.985161551662048,"Subpopulation_2"
"NGS_H19_Normal_Rep2","Read_2",0.0176838839313599,"Subpopulation_1"
"NGS_H19_Normal_Rep2","Read_3",0.0195632172629718,"Subpopulation_1"
"NGS_H19_Normal_Rep2","Read_4",0.97484473546489,"Subpopulation_2"
"NGS_H19_Normal_Rep2","Read_5",0.0283230642051373,"Subpopulation_1"
"NGS_H19_Normal_Rep2","Read_6",0.0197961805274022,"Subpopulation_1"
"NGS_H19_Normal_Rep2","Read_7",0.970034533630841,"Subpopulation_2"
"NGS_H19_Normal_Rep2","Read_8",0.977477017041897,"Subpopulation_2"
"NGS_H19_Normal_Rep2","Read_9",0.0136784223979374,"Subpopulation_1"
"NGS_H19_Normal_Rep2","Read_10",0.979964954375987,"Subpopulation_2"
"NGS_H19_Normal_Rep2","Read_11",0.0204234649416234,"Subpopulation_1"
"NGS_H19_Normal_Rep2","Read_12",0.978841592179702,"Subpopulation_2"
"NGS_H19_Normal_Rep2","Read_13",0.0118155989793553,"Subpopulation_1"
"NGS_H19_Normal_Rep2","Read_14",0.984202803818657,"Subpopulation_2"
"NGS_H19_Normal_Rep2","Read_15",0.0124569241154731,"Subpopulation_1"
"NGS_H19_Normal_Rep2","Read_16",0.0172115753023148,"Subpopulation_1"
"NGS_H19_Normal_Rep2","Read_17",0.97830026004827,"Subpopulation_2"
"NGS_H19_Normal_Rep2","Read_18",0.979947517564132,"Subpopulation_2"
"NGS_H19_Normal_Rep2","Read_19",0.0177010783531407,"Subpopulation_1"
"NGS_H19_Normal_Rep2","Read_20",0.983714382587381,"Subpopulation_2"
"NGS_H19_Normal_Rep2","Read_21",0.0208148656464941,"Subpopulation_1"
"NGS_H19_Normal_Rep2","Read_22",0.979971125789698,"Subpopulation_2"
"NGS_H19_Normal_Rep2","Read_23",0.0145630016457638,"Subpopulation_1"
"NGS_H19_Normal_Rep2","Read_24",0.985665338742285,"Subpopulation_2"
"NGS_H19_Normal_Rep2","Read_25",0.983216233090495,"Subpopulation_2"
"NGS_H19_Normal_Rep2","Read_26",0.979825281219223,"Subpopulation_2"
"NGS_H19_Normal_Rep2","Read_27",0.0193393849417964,"Subpopulation_1"
"NGS_H19_Normal_Rep2","Read_28",0.0160515810010945,"Subpopulation_1"
"NGS_H19_Normal_Rep2","Read_29",0.986603283186024,"Subpopulation_2"
"NGS_H19_Normal_Rep2","Read_30",0.98247334085192,"Subpopulation_2"
"NGS_H19_Normal_Rep2","Read_31",0.975671276952797,"Subpopulation_2"
"NGS_H19_Normal_Rep2","Read_32",0.0172323159457685,"Subpopulation_1"
"NGS_H19_Normal_Rep2","Read_33",0.0270573341739957,"Subpopulation_1"
"NGS_H19_Normal_Rep2","Read_34",0.0216625963430239,"Subpopulation_1"
"NGS_H19_Normal_Rep2","Read_35",0.0146787442378914,"Subpopulation_1"
"NGS_H19_Normal_Rep2","Read_36",0.0143493868222127,"Subpopulation_1"
"NGS_H19_Normal_Rep2","Read_37",0.983869354757039,"Subpopulation_2"
"NGS_H19_Normal_Rep2","Read_38",0.971653040569924,"Subpopulation_2"
"NGS_H19_Normal_Rep2","Read_39",0.0201699407666245,"Subpopulation_1"
"NGS_H19_Normal_Rep2","Read_40",0.970677958292263,"Subpopulation_2"
"NGS_H19_Normal_Rep2","Read_41",0.978438332103153,"Subpopulation_2"
"NGS_H19_Normal_Rep2","Read_42",0.0191252458917332,"Subpopulation_1"
"NGS_H19_Normal_Rep2","Read_43",0.0168235407933954,"Subpopulation_1"
"NGS_H19_Normal_Rep2","Read_44",0.0171765214132978,"Subpopulation_1"
"NGS_H19_Normal_Rep2","Read_45",0.980827080760947,"Subpopulation_2"
"NGS_H19_Normal_Rep2","Read_46",0.975126734968586,"Subpopulation_2"
"NGS_H19_Normal_Rep2","Read_47",0.0185371921372308,"Subpopulation_1"
"NGS_H19_Normal_Rep2","Read_48",0.98730190948778,"Subpopulation_2"
"NGS_H19_Normal_Rep2","Read_49",0.0206406166833452,"Subpopulation_1"
"NGS_H19_Normal_Rep2","Read_50",0.0182461939733583,"Subpopulation_1"
"NGS_H19_Normal_Rep2","Read_51",0.974592967588006,"Subpopulation_2"
"NGS_H19_Normal_Rep2","Read_52",0.982750911027992,"Subpopulation_2"
"NGS_H19_Normal_Rep2","Read_53",0.0146403847675787,"Subpopulation_1"
"NGS_H19_Normal_Rep2","Read_54",0.0281524584377208,"Subpopulation_1"
"NGS_H19_Normal_Rep2","Read_55",0.0149665003050776,"Subpopulation_1"
"NGS_H19_Normal_Rep2","Read_56",0.981549002912607,"Subpopulation_2"
"NGS_H19_Normal_Rep2","Read_57",0.0191213213995451,"Subpopulation_1"
"NGS_H19_Normal_Rep2","Read_58",0.0195376773791436,"Subpopulation_1"
"NGS_H19_Normal_Rep2","Read_59",0.963673425016901,"Subpopulation_2"
"NGS_H19_Normal_Rep2","Read_60",0.0189636942809864,"Subpopulation_1"
"NGS_H19_Normal_Rep2","Read_61",0.96954670561254,"Subpopulation_2"
"NGS_H19_Normal_Rep2","Read_62",0.0164306556001865,"Subpopulation_1"
"NGS_H19_Normal_Rep2","Read_63",0.984717568652704,"Subpopulation_2"
"NGS_H19_Normal_Rep2","Read_64",0.980286199798919,"Subpopulation_2"
"NGS_H19_Normal_Rep2","Read_65",0.979510578149066,"Subpopulation_2"
"NGS_H19_Normal_Rep2","Read_66",0.0136792808480709,"Subpopulation_1"
"NGS_H19_Normal_Rep2","Read_67",0.977240678600731,"Subpopulation_2"
"NGS_H19_Normal_Rep2","Read_68",0.988748439897646,"Subpopulation_2"
"NGS_H19_Normal_Rep2","Read_69",0.975587147600765,"Subpopulation_2"
"NGS_H19_Normal_Rep2","Read_70",0.977692305827907,"Subpopulation_2"
"NGS_H19_Normal_Rep2","Read_71",0.026002604502919,"Subpopulation_1"
"NGS_H19_Normal_Rep2","Read_72",0.983137538935924,"Subpopulation_2"
"NGS_H19_Normal_Rep2","Read_73",0.971832767624698,"Subpopulation_2"
"NGS_H19_Normal_Rep2","Read_74",0.983956162644415,"Subpopulation_2"
"NGS_H19_Normal_Rep2","Read_75",0.0135332360857165,"Subpopulation_1"
"NGS_H19_Normal_Rep2","Read_76",0.0223215866084262,"Subpopulation_1"
"NGS_H19_Normal_Rep2","Read_77",0.0248074179128442,"Subpopulation_1"
"NGS_H19_Normal_Rep2","Read_78",0.98028788627203,"Subpopulation_2"
"NGS_H19_Normal_Rep2","Read_79",0.980786270703975,"Subpopulation_2"
"NGS_H19_Normal_Rep2","Read_80",0.0151294217580475,"Subpopulation_1"
"NGS_H19_Normal_Rep2","Read_81",0.025053697751361,"Subpopulation_1"
"NGS_H19_Normal_Rep2","Read_82",0.977212887692025,"Subpopulation_2"
"NGS_H19_Normal_Rep2","Read_83",0.0192515661846515,"Subpopulation_1"
"NGS_H19_Normal_Rep2","Read_84",0.983066355472186,"Subpopulation_2"
"NGS_H19_Normal_Rep2","Read_85",0.980493138035137,"Subpopulation_2"
"NGS_H19_Normal_Rep2","Read_86",0.0181654467830073,"Subpopulation_1"
"NGS_H19_Normal_Rep2","Read_87",0.970737263631264,"Subpopulation_2"
"NGS_H19_Normal_Rep2","Read_88",0.989357822668926,"Subpopulation_2"
"NGS_H19_Normal_Rep2","Read_89",0.977637180710188,"Subpopulation_2"
"NGS_H19_Normal_Rep2","Read_90",0.0123995365627195,"Subpopulation_1"
"NGS_H19_Normal_Rep2","Read_91",0.983494948992559,"Subpopulation_2"
"NGS_H19_Normal_Rep2","Read_92",0.0174136804315764,"Subpopulation_1"
"NGS_H19_Normal_Rep2","Read_93",0.97999133349046,"Subpopulation_2"
"NGS_H19_Normal_Rep2","Read_94",0.978681064382952,"Subpopulation_2"
"NGS_H19_Normal_Rep2","Read_95",0.0228709637969949,"Subpopulation_1"
"NGS_H19_Normal_Rep2","Read_96",0.982874313283556,"Subpopulation_2"
"NGS_H19_Normal_Rep2","Read_97",0.983731234964934,"Subpopulation_2"
"NGS_H19_Normal_Rep2","Read_98",0.985794334145816,"Subpopulation_2"
"NGS_H19_Normal_Rep2","Read_99",0.0179312524397111,"Subpopulation_1"
"NGS_H19_Normal_Rep2","Read_100",0.0208565557067298,"Subpopulation_1"
"NGS_H19_Normal_Rep2","Read_101",0.981058250179667,"Subpopulation_2"
"NGS_H19_Normal_Rep2","Read_102",0.014919693943981,"Subpopulation_1"
"NGS_H19_Normal_Rep2","Read_103",0.973443609708181,"Subpopulation_2"
"NGS_H19_Normal_Rep2","Read_104",0.97652331181219,"Subpopulation_2"
"NGS_H19_Normal_Rep2","Read_105",0.02626630834285,"Subpopulation_1"
"NGS_H19_Normal_Rep2","Read_106",0.0268705426927151,"Subpopulation_1"
"NGS_H19_Normal_Rep2","Read_107",0.986953137488052,"Subpopulation_2"
"NGS_H19_Normal_Rep2","Read_108",0.0166210945164492,"Subpopulation_1"
"NGS_H19_Normal_Rep2","Read_109",0.981010727939744,"Subpopulation_2"
"NGS_H19_Normal_Rep2","Read_110",0.0225272264389482,"Subpopulation_1"
"NGS_H19_Normal_Rep2","Read_111",0.0138284317305309,"Subpopulation_1"
"NGS_H19_Normal_Rep2","Read_112",0.0218106632393471,"Subpopulation_1"
"NGS_H19_Normal_Rep2","Read_113",0.98127398381267,"Subpopulation_2"
"NGS_H19_Normal_Rep2","Read_114",0.98479994626376,"Subpopulation_2"
"NGS_H19_Normal_Rep2","Read_115",0.0180276268202964,"Subpopulation_1"
"NGS_H19_Normal_Rep2","Read_116",0.0173042789965522,"Subpopulation_1"
"NGS_H19_Normal_Rep2","Read_117",0.976650072935028,"Subpopulation_2"
"NGS_H19_Normal_Rep2","Read_118",0.974478332046972,"Subpopulation_2"
"NGS_H19_Normal_Rep2","Read_119",0.0191040866800123,"Subpopulation_1"
"NGS_H19_Normal_Rep2","Read_120",0.0221017247282353,"Subpopulation_1"
"NGS_H19_Normal_Rep2","Read_121",0.979451179208656,"Subpopulation_2"
"NGS_H19_Normal_Rep2","Read_122",0.0235183418984091,"Subpopulation_1"
"NGS_H19_Normal_Rep2","Read_123",0.96431276104095,"Subpopulation_2"
"NGS_H19_Normal_Rep2","Read_124",0.979634259280797,"Subpopulation_2"
"NGS_H19_Normal_Rep2","Read_125",0.970418591809859,"Subpopulation_2"
"NGS_H19_Normal_Rep2","Read_126",0.0172734772401155,"Subpopulation_1"
"NGS_H19_Normal_Rep2","Read_127",0.0199047565102159,"Subpopulation_1"
"NGS_H19_Normal_Rep2","Read_128",0.984395504192488,"Subpopulation_2"
"NGS_H19_Normal_Rep2","Read_129",0.0147989790608156,"Subpopulation_1"
"NGS_H19_Normal_Rep2","Read_130",0.972818366153448,"Subpopulation_2"
"NGS_H19_Normal_Rep2","Read_131",0.977777214801442,"Subpopulation_2"
"NGS_H19_Normal_Rep2","Read_132",0.0295772504980462,"Subpopulation_1"
"NGS_H19_Normal_Rep2","Read_133",0.983859890399019,"Subpopulation_2"
"NGS_H19_Normal_Rep2","Read_134",0.0191703593942378,"Subpopulation_1"
"NGS_H19_Normal_Rep2","Read_135",0.0214474006942584,"Subpopulation_1"
"NGS_H19_Normal_Rep2","Read_136",0.976243875244018,"Subpopulation_2"
"NGS_H19_Normal_Rep2","Read_137",0.0211851473626023,"Subpopulation_1"
"NGS_H19_Normal_Rep2","Read_138",0.014110927921568,"Subpopulation_1"
"NGS_H19_Normal_Rep2","Read_139",0.0182931841760178,"Subpopulation_1"
"NGS_H19_Normal_Rep2","Read_140",0.979057694105799,"Subpopulation_2"
"NGS_H19_Normal_Rep2","Read_141",0.985703813152948,"Subpopulation_2"
"NGS_H19_Normal_Rep2","Read_142",0.986587563314904,"Subpopulation_2"
"NGS_H19_Normal_Rep2","Read_143",0.0184113476934373,"Subpopulation_1"
"NGS_H19_Normal_Rep2","Read_144",0.97909218396323,"Subpopulation_2"
"NGS_H19_Normal_Rep2","Read_145",0.982447530217774,"Subpopulation_2"
"NGS_H19_Normal_Rep2","Read_146",0.97451598312,"Subpopulation_2"
"NGS_H19_Normal_Rep2","Read_147",0.986880574423143,"Subpopulation_2"
"NGS_H19_Normal_Rep2","Read_148",0.990348483166487,"Subpopulation_2"
"NGS_H19_Normal_Rep2","Read_149",0.984960729207859,"Subpopulation_2"
"NGS_H19_Normal_Rep2","Read_150",0.977362435614723,"Subpopulation_2"
"NGS_H19_Normal_Rep2","Read_151",0.967589873604358,"Subpopulation_2"
"NGS_H19_Normal_Rep2","Read_152",0.977865426124129,"Subpopulation_2"
"NGS_H19_Normal_Rep2","Read_153",0.982694359364859,"Subpopulation_2"
"NGS_H19_Normal_Rep2","Read_154",0.0235966398113211,"Subpopulation_1"
"NGS_H19_Normal_Rep2","Read_155",0.0172045298473655,"Subpopulation_1"
"NGS_H19_Normal_Rep2","Read_156",0.021561535638427,"Subpopulation_1"
"NGS_H19_Normal_Rep2","Read_157",0.0297333074995728,"Subpopulation_1"
"NGS_H19_Normal_Rep2","Read_158",0.0254305234241906,"Subpopulation_1"
"NGS_H19_Normal_Rep2","Read_159",0.0175967278261015,"Subpopulation_1"
"NGS_H19_Normal_Rep2","Read_160",0.980484939195593,"Subpopulation_2"
"NGS_H19_Normal_Rep2","Read_161",0.980628755245288,"Subpopulation_2"
"NGS_H19_Normal_Rep2","Read_162",0.973854381464339,"Subpopulation_2"
"NGS_H19_Normal_Rep2","Read_163",0.977902782791515,"Subpopulation_2"
"NGS_H19_Normal_Rep2","Read_164",0.0225393848030682,"Subpopulation_1"
"NGS_H19_Normal_Rep2","Read_165",0.983539671284752,"Subpopulation_2"
"NGS_H19_Normal_Rep2","Read_166",0.980354357277769,"Subpopulation_2"
"NGS_H19_Normal_Rep2","Read_167",0.977162501497503,"Subpopulation_2"
"NGS_H19_Normal_Rep2","Read_168",0.013237173988481,"Subpopulation_1"
"NGS_H19_Normal_Rep2","Read_169",0.982710349839484,"Subpopulation_2"
"NGS_H19_Normal_Rep2","Read_170",0.979614552396781,"Subpopulation_2"
"NGS_H19_Normal_Rep2","Read_171",0.981534243065006,"Subpopulation_2"
"NGS_H19_Normal_Rep2","Read_172",0.0240117798066829,"Subpopulation_1"
"NGS_H19_Normal_Rep2","Read_173",0.983423823011117,"Subpopulation_2"
"NGS_H19_Normal_Rep2","Read_174",0.0160210336339123,"Subpopulation_1"
"NGS_H19_Normal_Rep2","Read_175",0.0190095610827505,"Subpopulation_1"
"NGS_H19_Normal_Rep2","Read_176",0.0143071078204747,"Subpopulation_1"
"NGS_H19_Normal_Rep2","Read_177",0.981555579259318,"Subpopulation_2"
"NGS_H19_Normal_Rep2","Read_178",0.981431011846733,"Subpopulation_2"
"NGS_H19_Normal_Rep2","Read_179",0.982279519158039,"Subpopulation_2"
"NGS_H19_Normal_Rep2","Read_180",0.981904185711218,"Subpopulation_2"
"NGS_H19_Normal_Rep2","Read_181",0.0183184769917473,"Subpopulation_1"
"NGS_H19_Normal_Rep2","Read_182",0.981328429236748,"Subpopulation_2"
"NGS_H19_Normal_Rep2","Read_183",0.973081218365805,"Subpopulation_2"
"NGS_H19_Normal_Rep2","Read_184",0.985566406521603,"Subpopulation_2"
"NGS_H19_Normal_Rep2","Read_185",0.0168906282355018,"Subpopulation_1"
"NGS_H19_Normal_Rep2","Read_186",0.986665247345663,"Subpopulation_2"
"NGS_H19_Normal_Rep2","Read_187",0.983008253728454,"Subpopulation_2"
"NGS_H19_Normal_Rep2","Read_188",0.0181938748116706,"Subpopulation_1"
"NGS_H19_Normal_Rep2","Read_189",0.97913973057317,"Subpopulation_2"
"NGS_H19_Normal_Rep2","Read_190",0.978578215464586,"Subpopulation_2"
"NGS_H19_Normal_Rep2","Read_191",0.0151263248818019,"Subpopulation_1"
"NGS_H19_Normal_Rep2","Read_192",0.0205522300550431,"Subpopulation_1"
"NGS_H19_Normal_Rep2","Read_193",0.0238787207399181,"Subpopulation_1"
"NGS_H19_Normal_Rep2","Read_194",0.0217786718509896,"Subpopulation_1"
"NGS_H19_Normal_Rep2","Read_195",0.0217116741861426,"Subpopulation_1"
"NGS_H19_Normal_Rep2","Read_196",0.974429768632111,"Subpopulation_2"
"NGS_H19_Normal_Rep2","Read_197",0.982742056642494,"Subpopulation_2"
"NGS_H19_Normal_Rep2","Read_198",0.979068740522083,"Subpopulation_2"
"NGS_H19_Normal_Rep2","Read_199",0.982037184523232,"Subpopulation_2"
"NGS_H19_Normal_Rep2","Read_200",0.0260406581816816,"Subpopulation_1"
"NGS_H19_Normal_Rep2","Read_201",0.982170689994366,"Subpopulation_2"
"NGS_H19_Normal_Rep2","Read_202",0.979360634635013,"Subpopulation_2"
"NGS_H19_Normal_Rep2","Read_203",0.976547106902659,"Subpopulation_2"
"NGS_H19_Normal_Rep2","Read_204",0.0181771748428574,"Subpopulation_1"
"NGS_H19_Normal_Rep2","Read_205",0.0218176405917919,"Subpopulation_1"
"NGS_H19_Normal_Rep2","Read_206",0.984500569671978,"Subpopulation_2"
"NGS_H19_Normal_Rep2","Read_207",0.0183934694535817,"Subpopulation_1"
"NGS_H19_Normal_Rep2","Read_208",0.987977525697413,"Subpopulation_2"
"NGS_H19_Normal_Rep2","Read_209",0.982641943911388,"Subpopulation_2"
"NGS_H19_Normal_Rep2","Read_210",0.982955900800376,"Subpopulation_2"
"NGS_H19_Normal_Rep2","Read_211",0.972886853868728,"Subpopulation_2"
"NGS_H19_Normal_Rep2","Read_212",0.0270283068500093,"Subpopulation_1"
"NGS_H19_Normal_Rep2","Read_213",0.97516696891035,"Subpopulation_2"
"NGS_H19_Normal_Rep2","Read_214",0.975026863925665,"Subpopulation_2"
"NGS_H19_Normal_Rep2","Read_215",0.0119325586927802,"Subpopulation_1"
"NGS_H19_Normal_Rep2","Read_216",0.014377718371833,"Subpopulation_1"
"NGS_H19_Normal_Rep2","Read_217",0.0227056979012714,"Subpopulation_1"
"NGS_H19_Normal_Rep2","Read_218",0.016995285987858,"Subpopulation_1"
"NGS_H19_Normal_Rep2","Read_219",0.0236207020671891,"Subpopulation_1"
"NGS_H19_Normal_Rep2","Read_220",0.977798964484334,"Subpopulation_2"
"NGS_H19_Normal_Rep2","Read_221",0.0179785220400135,"Subpopulation_1"
"NGS_H19_Normal_Rep2","Read_222",0.0174858002864856,"Subpopulation_1"
"NGS_H19_Normal_Rep2","Read_223",0.020507466382671,"Subpopulation_1"
"NGS_H19_Normal_Rep2","Read_224",0.0137572621796835,"Subpopulation_1"
"NGS_H19_Normal_Rep2","Read_225",0.980659935056291,"Subpopulation_2"
"NGS_H19_Normal_Rep2","Read_226",0.984683327539418,"Subpopulation_2"
"NGS_H19_Normal_Rep2","Read_227",0.0206960121983112,"Subpopulation_1"
"NGS_H19_Normal_Rep2","Read_228",0.984516969342054,"Subpopulation_2"
"NGS_H19_Normal_Rep2","Read_229",0.97870001185549,"Subpopulation_2"
"NGS_H19_Normal_Rep2","Read_230",0.0196953059082219,"Subpopulation_1"
"NGS_H19_Normal_Rep2","Read_231",0.978815378447177,"Subpopulation_2"
"NGS_H19_Normal_Rep2","Read_232",0.984552309781958,"Subpopulation_2"
"NGS_H19_Normal_Rep2","Read_233",0.975412871740805,"Subpopulation_2"
"NGS_H19_Normal_Rep2","Read_234",0.0231683971690014,"Subpopulation_1"
"NGS_H19_Normal_Rep2","Read_235",0.0210323723135439,"Subpopulation_1"
"NGS_H19_Normal_Rep2","Read_236",0.0250669266541646,"Subpopulation_1"
"NGS_H19_Normal_Rep2","Read_237",0.976372457567993,"Subpopulation_2"
"NGS_H19_Normal_Rep2","Read_238",0.984270560531059,"Subpopulation_2"
"NGS_H19_Normal_Rep2","Read_239",0.0251341734600076,"Subpopulation_1"
"NGS_H19_Normal_Rep2","Read_240",0.0192324089881747,"Subpopulation_1"
"NGS_H19_Normal_Rep2","Read_241",0.982020226595424,"Subpopulation_2"
"NGS_H19_Normal_Rep2","Read_242",0.986316466363973,"Subpopulation_2"
"NGS_H19_Normal_Rep2","Read_243",0.979557069798597,"Subpopulation_2"
"NGS_H19_Normal_Rep2","Read_244",0.981323605764436,"Subpopulation_2"
"NGS_H19_Normal_Rep2","Read_245",0.0176271490325045,"Subpopulation_1"
"NGS_H19_Normal_Rep2","Read_246",0.984868334563873,"Subpopulation_2"
"NGS_H19_Normal_Rep2","Read_247",0.0270587635641207,"Subpopulation_1"
"NGS_H19_Normal_Rep2","Read_248",0.980936846993034,"Subpopulation_2"
"NGS_H19_Normal_Rep2","Read_249",0.977628456225508,"Subpopulation_2"
"NGS_H19_Normal_Rep2","Read_250",0.0261381678368448,"Subpopulation_1"
"NGS_H19_Normal_Rep2","Read_251",0.981340876352161,"Subpopulation_2"
"NGS_H19_Normal_Rep2","Read_252",0.0249012194249022,"Subpopulation_1"
"NGS_H19_Normal_Rep2","Read_253",0.0210624490980691,"Subpopulation_1"
"NGS_H19_Normal_Rep2","Read_254",0.978037996528885,"Subpopulation_2"
"NGS_H19_Normal_Rep2","Read_255",0.0223268311871424,"Subpopulation_1"
"NGS_H19_Normal_Rep2","Read_256",0.0232549064338914,"Subpopulation_1"
"NGS_H19_Normal_Rep2","Read_257",0.0185526315992257,"Subpopulation_1"
"NGS_H19_Normal_Rep2","Read_258",0.978893482414103,"Subpopulation_2"
"NGS_H19_Normal_Rep2","Read_259",0.023205494318789,"Subpopulation_1"
"NGS_H19_Normal_Rep2","Read_260",0.965894519399389,"Subpopulation_2"
"NGS_H19_Normal_Rep2","Read_261",0.0239686979821338,"Subpopulation_1"
"NGS_H19_Normal_Rep2","Read_262",0.02149597844271,"Subpopulation_1"
"NGS_H19_Normal_Rep2","Read_263",0.0185406387970672,"Subpopulation_1"
"NGS_H19_Normal_Rep2","Read_264",0.971211415802588,"Subpopulation_2"
"NGS_H19_Normal_Rep2","Read_265",0.986120639365575,"Subpopulation_2"
"NGS_H19_Normal_Rep2","Read_266",0.0171389456411777,"Subpopulation_1"
"NGS_H19_Normal_Rep2","Read_267",0.0272489521644159,"Subpopulation_1"
"NGS_H19_Normal_Rep2","Read_268",0.972581891099724,"Subpopulation_2"
"NGS_H19_Normal_Rep2","Read_269",0.0180444091915589,"Subpopulation_1"
"NGS_H19_Normal_Rep2","Read_270",0.0184501176391649,"Subpopulation_1"
"NGS_H19_Normal_Rep2","Read_271",0.0220740309356313,"Subpopulation_1"
"NGS_H19_Normal_Rep2","Read_272",0.981497805560022,"Subpopulation_2"
"NGS_H19_Normal_Rep2","Read_273",0.0228927311901744,"Subpopulation_1"
"NGS_H19_Normal_Rep2","Read_274",0.979716384835206,"Subpopulation_2"
"NGS_H19_Normal_Rep2","Read_275",0.0151976641609287,"Subpopulation_1"
"NGS_H19_Normal_Rep2","Read_276",0.984023967588011,"Subpopulation_2"
"NGS_H19_Normal_Rep2","Read_277",0.0171766868596484,"Subpopulation_1"
"NGS_H19_Normal_Rep2","Read_278",0.0162160719626355,"Subpopulation_1"
"NGS_H19_Normal_Rep2","Read_279",0.0192304584157407,"Subpopulation_1"
"NGS_H19_Normal_Rep2","Read_280",0.0174330167955894,"Subpopulation_1"
"NGS_H19_Normal_Rep2","Read_281",0.0167634979123426,"Subpopulation_1"
"NGS_H19_Normal_Rep2","Read_282",0.976365115443106,"Subpopulation_2"
"NGS_H19_Normal_Rep2","Read_283",0.980202258943699,"Subpopulation_2"
"NGS_H19_Normal_Rep2","Read_284",0.0214426697382089,"Subpopulation_1"
"NGS_H19_Normal_Rep2","Read_285",0.979547561372324,"Subpopulation_2"
"NGS_H19_Normal_Rep2","Read_286",0.982015631052777,"Subpopulation_2"
"NGS_H19_Normal_Rep2","Read_287",0.0138943684730159,"Subpopulation_1"
"NGS_H19_Normal_Rep2","Read_288",0.977501532427676,"Subpopulation_2"
"NGS_H19_Normal_Rep2","Read_289",0.976382588848055,"Subpopulation_2"
"NGS_H19_Normal_Rep2","Read_290",0.015737424060421,"Subpopulation_1"
"NGS_H19_Normal_Rep2","Read_291",0.0155947744510281,"Subpopulation_1"
"NGS_H19_Normal_Rep2","Read_292",0.0202305999693762,"Subpopulation_1"
"NGS_H19_Normal_Rep2","Read_293",0.0160584659884129,"Subpopulation_1"
"NGS_H19_Normal_Rep2","Read_294",0.980669224615335,"Subpopulation_2"
"NGS_H19_Normal_Rep2","Read_295",0.0200471729870298,"Subpopulation_1"
"NGS_H19_Normal_Rep2","Read_296",0.0110869198553465,"Subpopulation_1"
"NGS_H19_Normal_Rep2","Read_297",0.0165895814808705,"Subpopulation_1"
"NGS_H19_Normal_Rep2","Read_298",0.0162230665344145,"Subpopulation_1"
"NGS_H19_Normal_Rep2","Read_299",0.0169195528033576,"Subpopulation_1"
"NGS_H19_Normal_Rep2","Read_300",0.985486077316497,"Subpopulation_2"
"NGS_H19_Normal_Rep2","Read_301",0.984180134483823,"Subpopulation_2"
"NGS_H19_Normal_Rep2","Read_302",0.984088563125272,"Subpopulation_2"
"NGS_H19_Normal_Rep2","Read_303",0.982957771421159,"Subpopulation_2"
"NGS_H19_Normal_Rep2","Read_304",0.0240345233712136,"Subpopulation_1"
"NGS_H19_Normal_Rep2","Read_305",0.0204981402424719,"Subpopulation_1"
"NGS_H19_Normal_Rep2","Read_306",0.0193401695578536,"Subpopulation_1"
"NGS_H19_Normal_Rep2","Read_307",0.990812727690437,"Subpopulation_2"
"NGS_H19_Normal_Rep2","Read_308",0.0166161695053286,"Subpopulation_1"
"NGS_H19_Normal_Rep2","Read_309",0.0190307843950458,"Subpopulation_1"
"NGS_H19_Normal_Rep2","Read_310",0.0170856690539636,"Subpopulation_1"
"NGS_H19_Normal_Rep2","Read_311",0.0239520259589195,"Subpopulation_1"
"NGS_H19_Normal_Rep2","Read_312",0.0181716095440408,"Subpopulation_1"
"NGS_H19_Normal_Rep2","Read_313",0.977569710891101,"Subpopulation_2"
"NGS_H19_Normal_Rep2","Read_314",0.0233771123893761,"Subpopulation_1"
"NGS_H19_Normal_Rep2","Read_315",0.0139548578213726,"Subpopulation_1"
"NGS_H19_Normal_Rep2","Read_316",0.0158758479062587,"Subpopulation_1"
"NGS_H19_Normal_Rep2","Read_317",0.0178104934635381,"Subpopulation_1"
"NGS_H19_Normal_Rep2","Read_318",0.0165871549677358,"Subpopulation_1"
"NGS_H19_Normal_Rep2","Read_319",0.0224047481333561,"Subpopulation_1"
"NGS_H19_Normal_Rep2","Read_320",0.0104662425171724,"Subpopulation_1"
"NGS_H19_Normal_Rep2","Read_321",0.0252982317939313,"Subpopulation_1"
"NGS_H19_Normal_Rep2","Read_322",0.0152674811627703,"Subpopulation_1"
"NGS_H19_Normal_Rep2","Read_323",0.0133422295595442,"Subpopulation_1"
"NGS_H19_Normal_Rep2","Read_324",0.0138860508958787,"Subpopulation_1"
"NGS_H19_Normal_Rep2","Read_325",0.0247991380451535,"Subpopulation_1"
"NGS_H19_Normal_Rep2","Read_326",0.0167819994533332,"Subpopulation_1"
"NGS_H19_Normal_Rep2","Read_327",0.0185550419641293,"Subpopulation_1"
"NGS_H19_Normal_Rep2","Read_328",0.0288741735721475,"Subpopulation_1"
"NGS_H19_Normal_Rep2","Read_329",0.0202749647535191,"Subpopulation_1"
"NGS_H19_Normal_Rep2","Read_330",0.978571598572695,"Subpopulation_2"
"NGS_H19_Normal_Rep2","Read_331",0.974702203664196,"Subpopulation_2"
"NGS_H19_Normal_Rep2","Read_332",0.974392316222568,"Subpopulation_2"
"NGS_H19_Normal_Rep2","Read_333",0.0180001891137384,"Subpopulation_1"
"NGS_H19_Normal_Rep2","Read_334",0.982433345435554,"Subpopulation_2"
"NGS_H19_Normal_Rep2","Read_335",0.97797952243685,"Subpopulation_2"
"NGS_H19_Normal_Rep2","Read_336",0.977907091607718,"Subpopulation_2"
"NGS_H19_Normal_Rep2","Read_337",0.979893435428922,"Subpopulation_2"
"NGS_H19_Normal_Rep2","Read_338",0.98422785759327,"Subpopulation_2"
"NGS_H19_Normal_Rep2","Read_339",0.0162931847884427,"Subpopulation_1"
"NGS_H19_Normal_Rep2","Read_340",0.977584149724993,"Subpopulation_2"
"NGS_H19_Normal_Rep2","Read_341",0.0205124178917531,"Subpopulation_1"
"NGS_H19_Normal_Rep2","Read_342",0.987918272432222,"Subpopulation_2"
"NGS_H19_Normal_Rep2","Read_343",0.0217126009404901,"Subpopulation_1"
"NGS_H19_Normal_Rep2","Read_344",0.0158937359700656,"Subpopulation_1"
"NGS_H19_Normal_Rep2","Read_345",0.0166605914012753,"Subpopulation_1"
"NGS_H19_Normal_Rep2","Read_346",0.97383641703364,"Subpopulation_2"
"NGS_H19_Normal_Rep2","Read_347",0.979784122998959,"Subpopulation_2"
"NGS_H19_Normal_Rep2","Read_348",0.00928247385564098,"Subpopulation_1"
"NGS_H19_Normal_Rep2","Read_349",0.979221938840031,"Subpopulation_2"
"NGS_H19_Normal_Rep2","Read_350",0.0170387729019442,"Subpopulation_1"
"NGS_H19_Normal_Rep2","Read_351",0.978460993327583,"Subpopulation_2"
"NGS_H19_Normal_Rep2","Read_352",0.980922235842612,"Subpopulation_2"
"NGS_H19_Normal_Rep2","Read_353",0.980484731471255,"Subpopulation_2"
"NGS_H19_Normal_Rep2","Read_354",0.0180212532763122,"Subpopulation_1"
"NGS_H19_Normal_Rep2","Read_355",0.985965202206829,"Subpopulation_2"
"NGS_H19_Normal_Rep2","Read_356",0.0270204072616987,"Subpopulation_1"
"NGS_H19_Normal_Rep2","Read_357",0.97203671930082,"Subpopulation_2"
"NGS_H19_Normal_Rep2","Read_358",0.0188686508250155,"Subpopulation_1"
"NGS_H19_Normal_Rep2","Read_359",0.025635302672175,"Subpopulation_1"
"NGS_H19_Normal_Rep2","Read_360",0.0161357538428978,"Subpopulation_1"
"NGS_H19_Normal_Rep2","Read_361",0.0134737723322563,"Subpopulation_1"
"NGS_H19_Normal_Rep2","Read_362",0.979765623651596,"Subpopulation_2"
"NGS_H19_Normal_Rep2","Read_363",0.964792252288152,"Subpopulation_2"
"NGS_H19_Normal_Rep2","Read_364",0.0129025548793482,"Subpopulation_1"
"NGS_H19_Normal_Rep2","Read_365",0.979969552736767,"Subpopulation_2"
"NGS_H19_Normal_Rep2","Read_366",0.979727754938446,"Subpopulation_2"
"NGS_H19_Normal_Rep2","Read_367",0.982638959398836,"Subpopulation_2"
"NGS_H19_Normal_Rep2","Read_368",0.0238184449420893,"Subpopulation_1"
"NGS_H19_Normal_Rep2","Read_369",0.0148037329863556,"Subpopulation_1"
"NGS_H19_Normal_Rep2","Read_370",0.0220193166869551,"Subpopulation_1"
"NGS_H19_Normal_Rep2","Read_371",0.982757436107321,"Subpopulation_2"
"NGS_H19_Normal_Rep2","Read_372",0.986333642775559,"Subpopulation_2"
"NGS_H19_Normal_Rep2","Read_373",0.0227677803963598,"Subpopulation_1"
"NGS_H19_Normal_Rep2","Read_374",0.980753818096644,"Subpopulation_2"
"NGS_H19_Normal_Rep2","Read_375",0.982325011050258,"Subpopulation_2"
"NGS_H19_Normal_Rep2","Read_376",0.984517017033531,"Subpopulation_2"
"NGS_H19_Normal_Rep2","Read_377",0.0183522409933863,"Subpopulation_1"
"NGS_H19_Normal_Rep2","Read_378",0.970395459029074,"Subpopulation_2"
"NGS_H19_Normal_Rep2","Read_379",0.981629169977084,"Subpopulation_2"
"NGS_H19_Normal_Rep2","Read_380",0.0154894002859562,"Subpopulation_1"
"NGS_H19_Normal_Rep2","Read_381",0.983594627655158,"Subpopulation_2"
"NGS_H19_Normal_Rep2","Read_382",0.0274409591579735,"Subpopulation_1"
"NGS_H19_Normal_Rep2","Read_383",0.023625147175872,"Subpopulation_1"
"NGS_H19_Normal_Rep2","Read_384",0.0213429713657862,"Subpopulation_1"
"NGS_H19_Normal_Rep2","Read_385",0.972029199982893,"Subpopulation_2"
"NGS_H19_Normal_Rep2","Read_386",0.0174348696061352,"Subpopulation_1"
"NGS_H19_Normal_Rep2","Read_387",0.0286299667479935,"Subpopulation_1"
"NGS_H19_Normal_Rep2","Read_388",0.0163542344081236,"Subpopulation_1"
"NGS_H19_Normal_Rep2","Read_389",0.0174887105233751,"Subpopulation_1"
"NGS_H19_Normal_Rep2","Read_390",0.0178813033589706,"Subpopulation_1"
"NGS_H19_Normal_Rep2","Read_391",0.988012193555184,"Subpopulation_2"
"NGS_H19_Normal_Rep2","Read_392",0.0170690232965033,"Subpopulation_1"
"NGS_H19_Normal_Rep2","Read_393",0.989437088789139,"Subpopulation_2"
"NGS_H19_Normal_Rep2","Read_394",0.98455398292367,"Subpopulation_2"
"NGS_H19_Normal_Rep2","Read_395",0.0218660750782979,"Subpopulation_1"
"NGS_H19_Normal_Rep2","Read_396",0.983095154227149,"Subpopulation_2"
"NGS_H19_Normal_Rep2","Read_397",0.0163959647329108,"Subpopulation_1"
"NGS_H19_Normal_Rep2","Read_398",0.0213595064719848,"Subpopulation_1"
"NGS_H19_Normal_Rep2","Read_399",0.0154078441843555,"Subpopulation_1"
"NGS_H19_Normal_Rep2","Read_400",0.03082796346912,"Subpopulation_1"
"NGS_H19_Normal_Rep2","Read_401",0.0170854286567827,"Subpopulation_1"
"NGS_H19_Normal_Rep2","Read_402",0.0158475277123927,"Subpopulation_1"
"NGS_H19_Normal_Rep2","Read_403",0.985628987322631,"Subpopulation_2"
"NGS_H19_Normal_Rep2","Read_404",0.0219567348299206,"Subpopulation_1"
"NGS_H19_Normal_Rep2","Read_405",0.0273389572656877,"Subpopulation_1"
"NGS_H19_Normal_Rep2","Read_406",0.0164548084271583,"Subpopulation_1"
"NGS_H19_Normal_Rep2","Read_407",0.980921097901808,"Subpopulation_2"
"NGS_H19_Normal_Rep2","Read_408",0.97427155393889,"Subpopulation_2"
"NGS_H19_Normal_Rep2","Read_409",0.980013989060766,"Subpopulation_2"
"NGS_H19_Normal_Rep2","Read_410",0.980141152376024,"Subpopulation_2"
"NGS_H19_Normal_Rep2","Read_411",0.0279976765831265,"Subpopulation_1"
"NGS_H19_Normal_Rep2","Read_412",0.0207512459529642,"Subpopulation_1"
"NGS_H19_Normal_Rep2","Read_413",0.976214963153527,"Subpopulation_2"
"NGS_H19_Normal_Rep2","Read_414",0.984202620733511,"Subpopulation_2"
"NGS_H19_Normal_Rep2","Read_415",0.969200567501175,"Subpopulation_2"
"NGS_H19_Normal_Rep2","Read_416",0.0220583733296382,"Subpopulation_1"
"NGS_H19_Normal_Rep2","Read_417",0.0161137449407812,"Subpopulation_1"
"NGS_H19_Normal_Rep2","Read_418",0.022664792345379,"Subpopulation_1"
"NGS_H19_Normal_Rep2","Read_419",0.978470512564373,"Subpopulation_2"
"NGS_H19_Normal_Rep2","Read_420",0.0324587333092532,"Subpopulation_1"
"NGS_H19_Normal_Rep2","Read_421",0.977351179942273,"Subpopulation_2"
"NGS_H19_Normal_Rep2","Read_422",0.978999974651083,"Subpopulation_2"
"NGS_H19_Normal_Rep2","Read_423",0.981522591631281,"Subpopulation_2"
"NGS_H19_Normal_Rep2","Read_424",0.982543480656124,"Subpopulation_2"
"NGS_H19_Normal_Rep2","Read_425",0.980369805292272,"Subpopulation_2"
"NGS_H19_Normal_Rep2","Read_426",0.0199095900193673,"Subpopulation_1"
"NGS_H19_Normal_Rep2","Read_427",0.982082174126462,"Subpopulation_2"
"NGS_H19_Normal_Rep2","Read_428",0.981653458671959,"Subpopulation_2"
"NGS_H19_Normal_Rep2","Read_429",0.0236996059298211,"Subpopulation_1"
"NGS_H19_Normal_Rep2","Read_430",0.980453535171948,"Subpopulation_2"
"NGS_H19_Normal_Rep2","Read_431",0.97425008045836,"Subpopulation_2"
"NGS_H19_Normal_Rep2","Read_432",0.979574359493074,"Subpopulation_2"
"NGS_H19_Normal_Rep2","Read_433",0.0217184191250266,"Subpopulation_1"
"NGS_H19_Normal_Rep2","Read_434",0.0137158029743643,"Subpopulation_1"
"NGS_H19_Normal_Rep2","Read_435",0.0303908264949028,"Subpopulation_1"
"NGS_H19_Normal_Rep2","Read_436",0.978886486790102,"Subpopulation_2"
"NGS_H19_Normal_Rep2","Read_437",0.97826696771297,"Subpopulation_2"
"NGS_H19_Normal_Rep2","Read_438",0.0168961678041386,"Subpopulation_1"
"NGS_H19_Normal_Rep2","Read_439",0.980019076889015,"Subpopulation_2"
"NGS_H19_Normal_Rep2","Read_440",0.978082605546542,"Subpopulation_2"
"NGS_H19_Normal_Rep2","Read_441",0.9805683316697,"Subpopulation_2"
"NGS_H19_Normal_Rep2","Read_442",0.983339892373279,"Subpopulation_2"
"NGS_H19_Normal_Rep2","Read_443",0.0164476432031443,"Subpopulation_1"
"NGS_H19_Normal_Rep2","Read_444",0.979555880557412,"Subpopulation_2"
"NGS_H19_Normal_Rep2","Read_445",0.984466545688912,"Subpopulation_2"
"NGS_H19_Normal_Rep2","Read_446",0.0181515752391566,"Subpopulation_1"
"NGS_H19_Normal_Rep2","Read_447",0.0251522700859243,"Subpopulation_1"
"NGS_H19_Normal_Rep2","Read_448",0.0256459906942832,"Subpopulation_1"
"NGS_H19_Normal_Rep2","Read_449",0.0291479611028963,"Subpopulation_1"
"NGS_H19_Normal_Rep2","Read_450",0.0152252180596942,"Subpopulation_1"
"NGS_H19_Normal_Rep2","Read_451",0.0112494669245407,"Subpopulation_1"
"NGS_H19_Normal_Rep2","Read_452",0.0292055181111963,"Subpopulation_1"
"NGS_H19_Normal_Rep2","Read_453",0.0181566010653054,"Subpopulation_1"
"NGS_H19_Normal_Rep2","Read_454",0.980533048097,"Subpopulation_2"
"NGS_H19_Normal_Rep2","Read_455",0.974618030521612,"Subpopulation_2"
"NGS_H19_Normal_Rep2","Read_456",0.981265746046227,"Subpopulation_2"
"NGS_H19_Normal_Rep2","Read_457",0.975244273835452,"Subpopulation_2"
"NGS_H19_Normal_Rep2","Read_458",0.985108617097275,"Subpopulation_2"
"NGS_H19_Normal_Rep2","Read_459",0.020418664253425,"Subpopulation_1"
"NGS_H19_Normal_Rep2","Read_460",0.984825323400958,"Subpopulation_2"
"NGS_H19_Normal_Rep2","Read_461",0.0137201940281058,"Subpopulation_1"
"NGS_H19_Normal_Rep2","Read_462",0.0212255735929339,"Subpopulation_1"
"NGS_H19_Normal_Rep2","Read_463",0.0178624658867102,"Subpopulation_1"
"NGS_H19_Normal_Rep2","Read_464",0.976614888537244,"Subpopulation_2"
"NGS_H19_Normal_Rep2","Read_465",0.979537605705886,"Subpopulation_2"
"NGS_H19_Normal_Rep2","Read_466",0.0142645667775036,"Subpopulation_1"
"NGS_H19_Normal_Rep2","Read_467",0.976524040843399,"Subpopulation_2"
"NGS_H19_Normal_Rep2","Read_468",0.0137263828164661,"Subpopulation_1"
"NGS_H19_Normal_Rep2","Read_469",0.0173690635458018,"Subpopulation_1"
"NGS_H19_Normal_Rep2","Read_470",0.985953273911461,"Subpopulation_2"
"NGS_H19_Normal_Rep2","Read_471",0.98298773210556,"Subpopulation_2"
"NGS_H19_Normal_Rep2","Read_472",0.0240060133009805,"Subpopulation_1"
"NGS_H19_Normal_Rep2","Read_473",0.975222162399633,"Subpopulation_2"
"NGS_H19_Normal_Rep2","Read_474",0.0221504915816644,"Subpopulation_1"
"NGS_H19_Normal_Rep2","Read_475",0.0168843688781062,"Subpopulation_1"
"NGS_H19_Normal_Rep2","Read_476",0.984673026169497,"Subpopulation_2"
"NGS_H19_Normal_Rep2","Read_477",0.0159608238150405,"Subpopulation_1"
"NGS_H19_Normal_Rep2","Read_478",0.986463374399339,"Subpopulation_2"
"NGS_H19_Normal_Rep2","Read_479",0.974123554429878,"Subpopulation_2"
"NGS_H19_Normal_Rep2","Read_480",0.984086583640153,"Subpopulation_2"
"NGS_H19_Normal_Rep2","Read_481",0.978990748543081,"Subpopulation_2"
"NGS_H19_Normal_Rep2","Read_482",0.0204967391826369,"Subpopulation_1"
"NGS_H19_Normal_Rep2","Read_483",0.982359979240806,"Subpopulation_2"
"NGS_H19_Normal_Rep2","Read_484",0.984948626791379,"Subpopulation_2"
"NGS_H19_Normal_Rep2","Read_485",0.985169485629243,"Subpopulation_2"
"NGS_H19_Normal_Rep2","Read_486",0.0180176179824991,"Subpopulation_1"
"NGS_H19_Normal_Rep2","Read_487",0.0237480771720497,"Subpopulation_1"
"NGS_H19_Normal_Rep2","Read_488",0.0225283886284068,"Subpopulation_1"
"NGS_H19_Normal_Rep2","Read_489",0.981560959769505,"Subpopulation_2"
"NGS_H19_Normal_Rep2","Read_490",0.96723181571723,"Subpopulation_2"
"NGS_H19_Normal_Rep2","Read_491",0.027910942551569,"Subpopulation_1"
"NGS_H19_Normal_Rep2","Read_492",0.969498930793022,"Subpopulation_2"
"NGS_H19_Normal_Rep2","Read_493",0.0215877262141658,"Subpopulation_1"
"NGS_H19_Normal_Rep2","Read_494",0.0196229304692794,"Subpopulation_1"
"NGS_H19_Normal_Rep2","Read_495",0.987248338343834,"Subpopulation_2"
"NGS_H19_Normal_Rep2","Read_496",0.0298767457116422,"Subpopulation_1"
"NGS_H19_Normal_Rep2","Read_497",0.9873123566734,"Subpopulation_2"
"NGS_H19_Normal_Rep2","Read_498",0.974031975790026,"Subpopulation_2"
"NGS_H19_Normal_Rep2","Read_499",0.0229449479993064,"Subpopulation_1"
"NGS_H19_Normal_Rep2","Read_500",0.975065336377556,"Subpopulation_2"
"NGS_H19_Normal_Rep2","Read_501",0.986195861358053,"Subpopulation_2"
"NGS_H19_Normal_Rep2","Read_502",0.981472483009213,"Subpopulation_2"
"NGS_H19_Normal_Rep2","Read_503",0.979932136597757,"Subpopulation_2"
"NGS_H19_Normal_Rep2","Read_504",0.986115262663076,"Subpopulation_2"
"NGS_H19_Normal_Rep2","Read_505",0.0165680771894984,"Subpopulation_1"
"NGS_H19_Normal_Rep2","Read_506",0.0190989933402315,"Subpopulation_1"
"NGS_H19_Normal_Rep2","Read_507",0.979876852762963,"Subpopulation_2"
"NGS_H19_Normal_Rep2","Read_508",0.0127137772417434,"Subpopulation_1"
"NGS_H19_Normal_Rep2","Read_509",0.97737662711543,"Subpopulation_2"
"NGS_H19_Normal_Rep2","Read_510",0.016050518718571,"Subpopulation_1"
"NGS_H19_Normal_Rep2","Read_511",0.989074920537979,"Subpopulation_2"
"NGS_H19_Normal_Rep2","Read_512",0.0234020247285542,"Subpopulation_1"
"NGS_H19_Normal_Rep2","Read_513",0.0182291192419357,"Subpopulation_1"
"NGS_H19_Normal_Rep2","Read_514",0.982784913705516,"Subpopulation_2"
"NGS_H19_Normal_Rep2","Read_515",0.0252196024750038,"Subpopulation_1"
"NGS_H19_Normal_Rep2","Read_516",0.980350103795287,"Subpopulation_2"
"NGS_H19_Normal_Rep2","Read_517",0.978420559898425,"Subpopulation_2"
"NGS_H19_Normal_Rep2","Read_518",0.966222474469484,"Subpopulation_2"
"NGS_H19_Normal_Rep2","Read_519",0.975745336202303,"Subpopulation_2"
"NGS_H19_Normal_Rep2","Read_520",0.0203556727587229,"Subpopulation_1"
"NGS_H19_Normal_Rep2","Read_521",0.024643973127134,"Subpopulation_1"
"NGS_H19_Normal_Rep2","Read_522",0.0179094877537621,"Subpopulation_1"
"NGS_H19_Normal_Rep2","Read_523",0.976675743599113,"Subpopulation_2"
"NGS_H19_Normal_Rep2","Read_524",0.0179702066286172,"Subpopulation_1"
"NGS_H19_Normal_Rep2","Read_525",0.0263438846054982,"Subpopulation_1"
"NGS_H19_Normal_Rep2","Read_526",0.987017406465511,"Subpopulation_2"
"NGS_H19_Normal_Rep2","Read_527",0.0183963170878421,"Subpopulation_1"
"NGS_H19_Normal_Rep2","Read_528",0.0218155149625923,"Subpopulation_1"
"NGS_H19_Normal_Rep2","Read_529",0.981144812005377,"Subpopulation_2"
"NGS_H19_Normal_Rep2","Read_530",0.964378069173857,"Subpopulation_2"
"NGS_H19_Normal_Rep2","Read_531",0.977395467543959,"Subpopulation_2"
"NGS_H19_Normal_Rep2","Read_532",0.973055240811717,"Subpopulation_2"
"NGS_H19_Normal_Rep2","Read_533",0.0193478734623252,"Subpopulation_1"
"NGS_H19_Normal_Rep2","Read_534",0.0161790480697539,"Subpopulation_1"
"NGS_H19_Normal_Rep2","Read_535",0.98139110750058,"Subpopulation_2"
"NGS_H19_Normal_Rep2","Read_536",0.0188515446707923,"Subpopulation_1"
"NGS_H19_Normal_Rep2","Read_537",0.017212799659055,"Subpopulation_1"
"NGS_H19_Normal_Rep2","Read_538",0.0180989457989552,"Subpopulation_1"
"NGS_H19_Normal_Rep2","Read_539",0.976367438702106,"Subpopulation_2"
"NGS_H19_Normal_Rep2","Read_540",0.981041207757799,"Subpopulation_2"
"NGS_H19_Normal_Rep2","Read_541",0.0199898464884446,"Subpopulation_1"
"NGS_H19_Normal_Rep2","Read_542",0.0129506919375706,"Subpopulation_1"
"NGS_H19_Normal_Rep2","Read_543",0.0174849165952173,"Subpopulation_1"
"NGS_H19_Normal_Rep2","Read_544",0.982924084740585,"Subpopulation_2"
"NGS_H19_Normal_Rep2","Read_545",0.976228906040317,"Subpopulation_2"
"NGS_H19_Normal_Rep2","Read_546",0.0188403615559543,"Subpopulation_1"
"NGS_H19_Normal_Rep2","Read_547",0.0206698985802342,"Subpopulation_1"
"NGS_H19_Normal_Rep2","Read_548",0.980378232010817,"Subpopulation_2"
"NGS_H19_Normal_Rep2","Read_549",0.978766510922393,"Subpopulation_2"
"NGS_H19_Normal_Rep2","Read_550",0.0186459783292413,"Subpopulation_1"
"NGS_H19_Normal_Rep2","Read_551",0.979836868991136,"Subpopulation_2"
"NGS_H19_Normal_Rep2","Read_552",0.981260812621652,"Subpopulation_2"
"NGS_H19_Normal_Rep2","Read_553",0.011484808113897,"Subpopulation_1"
"NGS_H19_Normal_Rep2","Read_554",0.971022136059451,"Subpopulation_2"
"NGS_H19_Normal_Rep2","Read_555",0.0179643766816727,"Subpopulation_1"
"NGS_H19_Normal_Rep2","Read_556",0.0194189157529913,"Subpopulation_1"
"NGS_H19_Normal_Rep2","Read_557",0.018136496657155,"Subpopulation_1"
"NGS_H19_Normal_Rep2","Read_558",0.0169307793269987,"Subpopulation_1"
"NGS_H19_Normal_Rep2","Read_559",0.971472758931735,"Subpopulation_2"
"NGS_H19_Normal_Rep2","Read_560",0.0173306869074794,"Subpopulation_1"
"NGS_H19_Normal_Rep2","Read_561",0.972492138348724,"Subpopulation_2"
"NGS_H19_Normal_Rep2","Read_562",0.0236459152055017,"Subpopulation_1"
"NGS_H19_Normal_Rep2","Read_563",0.975342235655256,"Subpopulation_2"
"NGS_H19_Normal_Rep2","Read_564",0.986544391751274,"Subpopulation_2"
"NGS_H19_Normal_Rep2","Read_565",0.980890862217755,"Subpopulation_2"
"NGS_H19_Normal_Rep2","Read_566",0.979138798488041,"Subpopulation_2"
"NGS_H19_Normal_Rep2","Read_567",0.979251326349907,"Subpopulation_2"
"NGS_H19_Normal_Rep2","Read_568",0.0163081574876799,"Subpopulation_1"
"NGS_H19_Normal_Rep2","Read_569",0.0199106274590258,"Subpopulation_1"
"NGS_H19_Normal_Rep2","Read_570",0.981257748840229,"Subpopulation_2"
"NGS_H19_Normal_Rep2","Read_571",0.966657095226804,"Subpopulation_2"
"NGS_H19_Normal_Rep2","Read_572",0.0173313252225623,"Subpopulation_1"
"NGS_H19_Normal_Rep2","Read_573",0.979117603865398,"Subpopulation_2"
"NGS_H19_Normal_Rep2","Read_574",0.01708789112446,"Subpopulation_1"
"NGS_H19_Normal_Rep2","Read_575",0.0220979904568748,"Subpopulation_1"
"NGS_H19_Normal_Rep2","Read_576",0.0293623785307955,"Subpopulation_1"
"NGS_H19_Normal_Rep2","Read_577",0.0260185044775865,"Subpopulation_1"
"NGS_H19_Normal_Rep2","Read_578",0.982910183879689,"Subpopulation_2"
"NGS_H19_Normal_Rep2","Read_579",0.981311316285104,"Subpopulation_2"
"NGS_H19_Normal_Rep2","Read_580",0.977914282732025,"Subpopulation_2"
"NGS_H19_Normal_Rep2","Read_581",0.981967372942377,"Subpopulation_2"
"NGS_H19_Normal_Rep2","Read_582",0.978475101916403,"Subpopulation_2"
"NGS_H19_Normal_Rep2","Read_583",0.982213164509079,"Subpopulation_2"
"NGS_H19_Normal_Rep2","Read_584",0.0197185813052401,"Subpopulation_1"
"NGS_H19_Normal_Rep2","Read_585",0.0147743115267867,"Subpopulation_1"
"NGS_H19_Normal_Rep2","Read_586",0.0215579956932483,"Subpopulation_1"
"NGS_H19_Normal_Rep2","Read_587",0.0142474600088207,"Subpopulation_1"
"NGS_H19_Normal_Rep2","Read_588",0.980815634177518,"Subpopulation_2"
"NGS_H19_Normal_Rep2","Read_589",0.015697476976819,"Subpopulation_1"
"NGS_H19_Normal_Rep2","Read_590",0.981737943198486,"Subpopulation_2"
"NGS_H19_Normal_Rep2","Read_591",0.0116679121764074,"Subpopulation_1"
"NGS_H19_Normal_Rep2","Read_592",0.983016118142151,"Subpopulation_2"
"NGS_H19_Normal_Rep2","Read_593",0.0240235059050906,"Subpopulation_1"
"NGS_H19_Normal_Rep2","Read_594",0.0261124826078627,"Subpopulation_1"
"NGS_H19_Normal_Rep2","Read_595",0.970068304729181,"Subpopulation_2"
"NGS_H19_Normal_Rep2","Read_596",0.983031347952707,"Subpopulation_2"
"NGS_H19_Normal_Rep2","Read_597",0.0189320032347773,"Subpopulation_1"
"NGS_H19_Normal_Rep2","Read_598",0.0233810396194584,"Subpopulation_1"
"NGS_H19_Normal_Rep2","Read_599",0.0284124586050349,"Subpopulation_1"
"NGS_H19_Normal_Rep2","Read_600",0.0194464570653937,"Subpopulation_1"
"NGS_H19_Normal_Rep2","Read_601",0.969986769308188,"Subpopulation_2"
"NGS_H19_Normal_Rep2","Read_602",0.972132998382049,"Subpopulation_2"
"NGS_H19_Normal_Rep2","Read_603",0.981132004704657,"Subpopulation_2"
"NGS_H19_Normal_Rep2","Read_604",0.982853341911319,"Subpopulation_2"
"NGS_H19_Normal_Rep2","Read_605",0.0242848665230254,"Subpopulation_1"
"NGS_H19_Normal_Rep2","Read_606",0.987827391383441,"Subpopulation_2"
"NGS_H19_Normal_Rep2","Read_607",0.0253227985067575,"Subpopulation_1"
"NGS_H19_Normal_Rep2","Read_608",0.0133215550588883,"Subpopulation_1"
"NGS_H19_Normal_Rep2","Read_609",0.0249168408311388,"Subpopulation_1"
"NGS_H19_Normal_Rep2","Read_610",0.0209808773222041,"Subpopulation_1"
"NGS_H19_Normal_Rep2","Read_611",0.982571775961548,"Subpopulation_2"
"NGS_H19_Normal_Rep2","Read_612",0.987427157278238,"Subpopulation_2"
"NGS_H19_Normal_Rep2","Read_613",0.977104084089091,"Subpopulation_2"
"NGS_H19_Normal_Rep2","Read_614",0.979224772990264,"Subpopulation_2"
"NGS_H19_Normal_Rep2","Read_615",0.982134806870571,"Subpopulation_2"
"NGS_H19_Normal_Rep2","Read_616",0.978099111013956,"Subpopulation_2"
"NGS_H19_Normal_Rep2","Read_617",0.0154311626856548,"Subpopulation_1"
"NGS_H19_Normal_Rep2","Read_618",0.021404917126328,"Subpopulation_1"
"NGS_H19_Normal_Rep2","Read_619",0.977956313211957,"Subpopulation_2"
"NGS_H19_Normal_Rep2","Read_620",0.969992738320946,"Subpopulation_2"
"NGS_H19_Normal_Rep2","Read_621",0.0167021469971468,"Subpopulation_1"
"NGS_H19_Normal_Rep2","Read_622",0.024557661232849,"Subpopulation_1"
"NGS_H19_Normal_Rep2","Read_623",0.0236799206256592,"Subpopulation_1"
"NGS_H19_Normal_Rep2","Read_624",0.97833189880644,"Subpopulation_2"
"NGS_H19_Normal_Rep2","Read_625",0.0162621253091253,"Subpopulation_1"
"NGS_H19_Normal_Rep2","Read_626",0.00707909232738588,"Subpopulation_1"
"NGS_H19_Normal_Rep2","Read_627",0.983064039141316,"Subpopulation_2"
"NGS_H19_Normal_Rep2","Read_628",0.976837488493427,"Subpopulation_2"
"NGS_H19_Normal_Rep2","Read_629",0.981150934024678,"Subpopulation_2"
"NGS_H19_Normal_Rep2","Read_630",0.976624364756265,"Subpopulation_2"
"NGS_H19_Normal_Rep2","Read_631",0.0237314882250689,"Subpopulation_1"
"NGS_H19_Normal_Rep2","Read_632",0.975203819433457,"Subpopulation_2"
"NGS_H19_Normal_Rep2","Read_633",0.0341080613143458,"Subpopulation_1"
"NGS_H19_Normal_Rep2","Read_634",0.983431659660386,"Subpopulation_2"
"NGS_H19_Normal_Rep2","Read_635",0.0332521386388637,"Subpopulation_1"
"NGS_H19_Normal_Rep2","Read_636",0.986647981416557,"Subpopulation_2"
"NGS_H19_Normal_Rep2","Read_637",0.0313141086855603,"Subpopulation_1"
"NGS_H19_Normal_Rep2","Read_638",0.982365959083315,"Subpopulation_2"
"NGS_H19_Normal_Rep2","Read_639",0.989999914294735,"Subpopulation_2"
"NGS_H19_Normal_Rep2","Read_640",0.0271323552708327,"Subpopulation_1"
"NGS_H19_Normal_Rep2","Read_641",0.986272861280471,"Subpopulation_2"
"NGS_H19_Normal_Rep2","Read_642",0.0177752790435507,"Subpopulation_1"
"NGS_H19_Normal_Rep2","Read_643",0.0207960052402945,"Subpopulation_1"
"NGS_H19_Normal_Rep2","Read_644",0.976788902619156,"Subpopulation_2"
"NGS_H19_Normal_Rep2","Read_645",0.016296577137039,"Subpopulation_1"
"NGS_H19_Normal_Rep2","Read_646",0.0187380448869219,"Subpopulation_1"
"NGS_H19_Normal_Rep2","Read_647",0.976016443247226,"Subpopulation_2"
"NGS_H19_Normal_Rep2","Read_648",0.97446132315175,"Subpopulation_2"
"NGS_H19_Normal_Rep2","Read_649",0.018366697445228,"Subpopulation_1"
"NGS_H19_Normal_Rep2","Read_650",0.031053881201811,"Subpopulation_1"
"NGS_H19_Normal_Rep2","Read_651",0.0249584025610985,"Subpopulation_1"
"NGS_H19_Normal_Rep2","Read_652",0.0189162071131055,"Subpopulation_1"
"NGS_H19_Normal_Rep2","Read_653",0.979430518670763,"Subpopulation_2"
"NGS_H19_Normal_Rep2","Read_654",0.0171295566787484,"Subpopulation_1"
"NGS_H19_Normal_Rep2","Read_655",0.0223976881174939,"Subpopulation_1"
"NGS_H19_Normal_Rep2","Read_656",0.981078923592017,"Subpopulation_2"
"NGS_H19_Normal_Rep2","Read_657",0.0191967255837342,"Subpopulation_1"
"NGS_H19_Normal_Rep2","Read_658",0.976449645691569,"Subpopulation_2"
"NGS_H19_Normal_Rep2","Read_659",0.0154811021662493,"Subpopulation_1"
"NGS_H19_Normal_Rep2","Read_660",0.986076876303777,"Subpopulation_2"
"NGS_H19_Normal_Rep2","Read_661",0.0201908751289579,"Subpopulation_1"
"NGS_H19_Normal_Rep2","Read_662",0.0144238566807665,"Subpopulation_1"
"NGS_H19_Normal_Rep2","Read_663",0.981871032097404,"Subpopulation_2"
"NGS_H19_Normal_Rep2","Read_664",0.986192692902205,"Subpopulation_2"
"NGS_H19_Normal_Rep2","Read_665",0.0215129271703651,"Subpopulation_1"
"NGS_H19_Normal_Rep2","Read_666",0.0216533522421362,"Subpopulation_1"
"NGS_H19_Normal_Rep2","Read_667",0.971669536283171,"Subpopulation_2"
"NGS_H19_Normal_Rep2","Read_668",0.0237441259789521,"Subpopulation_1"
"NGS_H19_Normal_Rep2","Read_669",0.979827414955266,"Subpopulation_2"
"NGS_H19_Normal_Rep2","Read_670",0.978681637727802,"Subpopulation_2"
"NGS_H19_Normal_Rep2","Read_671",0.980055466381452,"Subpopulation_2"
"NGS_H19_Normal_Rep2","Read_672",0.0195089953800634,"Subpopulation_1"
"NGS_H19_Normal_Rep2","Read_673",0.0170795779143436,"Subpopulation_1"
"NGS_H19_Normal_Rep2","Read_674",0.983353565016892,"Subpopulation_2"
"NGS_H19_Normal_Rep2","Read_675",0.0179662154850163,"Subpopulation_1"
"NGS_H19_Normal_Rep2","Read_676",0.983657206806887,"Subpopulation_2"
"NGS_H19_Normal_Rep2","Read_677",0.0257405956843897,"Subpopulation_1"
"NGS_H19_Normal_Rep2","Read_678",0.0132355397493375,"Subpopulation_1"
"NGS_H19_Normal_Rep2","Read_679",0.0217676887430215,"Subpopulation_1"
"NGS_H19_Normal_Rep2","Read_680",0.0224560890839104,"Subpopulation_1"
"NGS_H19_Normal_Rep2","Read_681",0.0168167392104166,"Subpopulation_1"
"NGS_H19_Normal_Rep2","Read_682",0.974298875970786,"Subpopulation_2"
"NGS_H19_Normal_Rep2","Read_683",0.00906030255384112,"Subpopulation_1"
"NGS_H19_Normal_Rep2","Read_684",0.985462375062714,"Subpopulation_2"
"NGS_H19_Normal_Rep2","Read_685",0.016247771404339,"Subpopulation_1"
"NGS_H19_Normal_Rep2","Read_686",0.0203504674559182,"Subpopulation_1"
"NGS_H19_Normal_Rep2","Read_687",0.980611120575288,"Subpopulation_2"
"NGS_H19_Normal_Rep2","Read_688",0.981034034162285,"Subpopulation_2"
"NGS_H19_Normal_Rep2","Read_689",0.0236090130007937,"Subpopulation_1"
"NGS_H19_Normal_Rep2","Read_690",0.0121860133519962,"Subpopulation_1"
"NGS_H19_Normal_Rep2","Read_691",0.0311937987660751,"Subpopulation_1"
"NGS_H19_Normal_Rep2","Read_692",0.98585385196687,"Subpopulation_2"
"NGS_H19_Normal_Rep2","Read_693",0.979600394390054,"Subpopulation_2"
"NGS_H19_Normal_Rep2","Read_694",0.987883873914551,"Subpopulation_2"
"NGS_H19_Normal_Rep2","Read_695",0.0196981495872574,"Subpopulation_1"
"NGS_H19_Normal_Rep2","Read_696",0.97722830347039,"Subpopulation_2"
"NGS_H19_Normal_Rep2","Read_697",0.0164588276971577,"Subpopulation_1"
"NGS_H19_Normal_Rep2","Read_698",0.979644659656434,"Subpopulation_2"
"NGS_H19_Normal_Rep2","Read_699",0.0294339205587585,"Subpopulation_1"
"NGS_H19_Normal_Rep2","Read_700",0.0265309555552367,"Subpopulation_1"
"NGS_H19_Normal_Rep2","Read_701",0.982419125867931,"Subpopulation_2"
"NGS_H19_Normal_Rep2","Read_702",0.986898596174748,"Subpopulation_2"
"NGS_H19_Normal_Rep2","Read_703",0.978357851931317,"Subpopulation_2"
"NGS_H19_Normal_Rep2","Read_704",0.983011651255529,"Subpopulation_2"
"NGS_H19_Normal_Rep2","Read_705",0.983213528573433,"Subpopulation_2"
"NGS_H19_Normal_Rep2","Read_706",0.977628286538194,"Subpopulation_2"
"NGS_H19_Normal_Rep2","Read_707",0.0181230768311031,"Subpopulation_1"
"NGS_H19_Normal_Rep2","Read_708",0.017737808668019,"Subpopulation_1"
"NGS_H19_Normal_Rep2","Read_709",0.980484176530987,"Subpopulation_2"
"NGS_H19_Normal_Rep2","Read_710",0.0222285951625422,"Subpopulation_1"
"NGS_H19_Normal_Rep2","Read_711",0.986145136878137,"Subpopulation_2"
"NGS_H19_Normal_Rep2","Read_712",0.0181493477214704,"Subpopulation_1"
"NGS_H19_Normal_Rep2","Read_713",0.0229904727709264,"Subpopulation_1"
"NGS_H19_Normal_Rep2","Read_714",0.0266903652640049,"Subpopulation_1"
"NGS_H19_Normal_Rep2","Read_715",0.981603539013333,"Subpopulation_2"
"NGS_H19_Normal_Rep2","Read_716",0.973792980125021,"Subpopulation_2"
"NGS_H19_Normal_Rep2","Read_717",0.972499354232708,"Subpopulation_2"
"NGS_H19_Normal_Rep2","Read_718",0.0184047915229308,"Subpopulation_1"
"NGS_H19_Normal_Rep2","Read_719",0.978496657825943,"Subpopulation_2"
"NGS_H19_Normal_Rep2","Read_720",0.975871204127603,"Subpopulation_2"
"NGS_H19_Normal_Rep2","Read_721",0.0217444732296209,"Subpopulation_1"
"NGS_H19_Normal_Rep2","Read_722",0.02451840935673,"Subpopulation_1"
"NGS_H19_Normal_Rep2","Read_723",0.984625452620372,"Subpopulation_2"
"NGS_H19_Normal_Rep2","Read_724",0.0214918504257251,"Subpopulation_1"
"NGS_H19_Normal_Rep2","Read_725",0.979284011045765,"Subpopulation_2"
"NGS_H19_Normal_Rep2","Read_726",0.975327434201918,"Subpopulation_2"
"NGS_H19_Normal_Rep2","Read_727",0.0177934241446818,"Subpopulation_1"
"NGS_H19_Normal_Rep2","Read_728",0.0181432164718407,"Subpopulation_1"
"NGS_H19_Normal_Rep2","Read_729",0.983746721493015,"Subpopulation_2"
"NGS_H19_Normal_Rep2","Read_730",0.0200284489974475,"Subpopulation_1"
"NGS_H19_Normal_Rep2","Read_731",0.0232811845177427,"Subpopulation_1"
"NGS_H19_Normal_Rep2","Read_732",0.0171057884623937,"Subpopulation_1"
"NGS_H19_Normal_Rep2","Read_733",0.0269392950167092,"Subpopulation_1"
"NGS_H19_Normal_Rep2","Read_734",0.0206204586119461,"Subpopulation_1"
"NGS_H19_Normal_Rep2","Read_735",0.979416404715293,"Subpopulation_2"
"NGS_H19_Normal_Rep2","Read_736",0.0155947145851623,"Subpopulation_1"
"NGS_H19_Normal_Rep2","Read_737",0.979978232670477,"Subpopulation_2"
"NGS_H19_Normal_Rep2","Read_738",0.983603067418397,"Subpopulation_2"
"NGS_H19_Normal_Rep2","Read_739",0.0252214858162988,"Subpopulation_1"
"NGS_H19_Normal_Rep2","Read_740",0.0194122339672526,"Subpopulation_1"
"NGS_H19_Normal_Rep2","Read_741",0.983012445868488,"Subpopulation_2"
"NGS_H19_Normal_Rep2","Read_742",0.0111888914689385,"Subpopulation_1"
"NGS_H19_Normal_Rep2","Read_743",0.0132448706856458,"Subpopulation_1"
"NGS_H19_Normal_Rep2","Read_744",0.978180360386338,"Subpopulation_2"
"NGS_H19_Normal_Rep2","Read_745",0.0231129498739458,"Subpopulation_1"
"NGS_H19_Normal_Rep2","Read_746",0.980223508556892,"Subpopulation_2"
"NGS_H19_Normal_Rep2","Read_747",0.0189093842118493,"Subpopulation_1"
"NGS_H19_Normal_Rep2","Read_748",0.983735539616858,"Subpopulation_2"
"NGS_H19_Normal_Rep2","Read_749",0.980419280445969,"Subpopulation_2"
"NGS_H19_Normal_Rep2","Read_750",0.0194018598731639,"Subpopulation_1"
"NGS_H19_Normal_Rep2","Read_751",0.979134951025233,"Subpopulation_2"
"NGS_H19_Normal_Rep2","Read_752",0.977432086700551,"Subpopulation_2"
"NGS_H19_Normal_Rep2","Read_753",0.982989613443994,"Subpopulation_2"
"NGS_H19_Normal_Rep2","Read_754",0.985218665597506,"Subpopulation_2"
"NGS_H19_Normal_Rep2","Read_755",0.981867373289136,"Subpopulation_2"
"NGS_H19_Normal_Rep2","Read_756",0.024876107827909,"Subpopulation_1"
"NGS_H19_Normal_Rep2","Read_757",0.981011668264908,"Subpopulation_2"
"NGS_H19_Normal_Rep2","Read_758",0.0202793701491442,"Subpopulation_1"
"NGS_H19_Normal_Rep2","Read_759",0.0234360491375321,"Subpopulation_1"
"NGS_H19_Normal_Rep2","Read_760",0.0138443267613621,"Subpopulation_1"
"NGS_H19_Normal_Rep2","Read_761",0.0250614146994061,"Subpopulation_1"
"NGS_H19_Normal_Rep2","Read_762",0.978858724142455,"Subpopulation_2"
"NGS_H19_Normal_Rep2","Read_763",0.0279765076527515,"Subpopulation_1"
"NGS_H19_Normal_Rep2","Read_764",0.981469446373749,"Subpopulation_2"
"NGS_H19_Normal_Rep2","Read_765",0.975240445592784,"Subpopulation_2"
"NGS_H19_Normal_Rep2","Read_766",0.021358879807214,"Subpopulation_1"
"NGS_H19_Normal_Rep2","Read_767",0.978804735133687,"Subpopulation_2"
"NGS_H19_Normal_Rep2","Read_768",0.983592290643257,"Subpopulation_2"
"NGS_H19_Normal_Rep2","Read_769",0.984874078955711,"Subpopulation_2"
"NGS_H19_Normal_Rep2","Read_770",0.976465994982865,"Subpopulation_2"
"NGS_H19_Normal_Rep2","Read_771",0.0174164987697779,"Subpopulation_1"
"NGS_H19_Normal_Rep2","Read_772",0.0166025337231057,"Subpopulation_1"
"NGS_H19_Normal_Rep2","Read_773",0.979814525312257,"Subpopulation_2"
"NGS_H19_Normal_Rep2","Read_774",0.97694906270757,"Subpopulation_2"
"NGS_H19_Normal_Rep2","Read_775",0.0166019139811224,"Subpopulation_1"
"NGS_H19_Normal_Rep2","Read_776",0.980158252640452,"Subpopulation_2"
"NGS_H19_Normal_Rep2","Read_777",0.0186400476899098,"Subpopulation_1"
"NGS_H19_Normal_Rep2","Read_778",0.0207666737146526,"Subpopulation_1"
"NGS_H19_Normal_Rep2","Read_779",0.973072055878709,"Subpopulation_2"
"NGS_H19_Normal_Rep2","Read_780",0.025262371716124,"Subpopulation_1"
"NGS_H19_Normal_Rep2","Read_781",0.0191029420740112,"Subpopulation_1"
"NGS_H19_Normal_Rep2","Read_782",0.01820864114904,"Subpopulation_1"
"NGS_H19_Normal_Rep2","Read_783",0.983130478232573,"Subpopulation_2"
"NGS_H19_Normal_Rep2","Read_784",0.978807109292608,"Subpopulation_2"
"NGS_H19_Normal_Rep2","Read_785",0.980280802830626,"Subpopulation_2"
"NGS_H19_Normal_Rep2","Read_786",0.971230984960689,"Subpopulation_2"
"NGS_H19_Normal_Rep2","Read_787",0.985749450898626,"Subpopulation_2"
"NGS_H19_Normal_Rep2","Read_788",0.977927395729453,"Subpopulation_2"
"NGS_H19_Normal_Rep2","Read_789",0.01430571190869,"Subpopulation_1"
"NGS_H19_Normal_Rep2","Read_790",0.979092325649021,"Subpopulation_2"
"NGS_H19_Normal_Rep2","Read_791",0.985640614577233,"Subpopulation_2"
"NGS_H19_Normal_Rep2","Read_792",0.0262091476196671,"Subpopulation_1"
"NGS_H19_Normal_Rep2","Read_793",0.0199180777122538,"Subpopulation_1"
"NGS_H19_Normal_Rep2","Read_794",0.980578969400857,"Subpopulation_2"
"NGS_H19_Normal_Rep2","Read_795",0.0185756354730486,"Subpopulation_1"
"NGS_H19_Normal_Rep2","Read_796",0.0283195903929612,"Subpopulation_1"
"NGS_H19_Normal_Rep2","Read_797",0.979238122817987,"Subpopulation_2"
"NGS_H19_Normal_Rep2","Read_798",0.977369220845238,"Subpopulation_2"
"NGS_H19_Normal_Rep2","Read_799",0.985334595421592,"Subpopulation_2"
"NGS_H19_Normal_Rep2","Read_800",0.979867757162998,"Subpopulation_2"
"NGS_H19_Normal_Rep2","Read_801",0.0238651525054314,"Subpopulation_1"
"NGS_H19_Normal_Rep2","Read_802",0.976390477887928,"Subpopulation_2"
"NGS_H19_Normal_Rep2","Read_803",0.982797405407397,"Subpopulation_2"
"NGS_H19_Normal_Rep2","Read_804",0.983397492110332,"Subpopulation_2"
"NGS_H19_Normal_Rep2","Read_805",0.0185451424917132,"Subpopulation_1"
"NGS_H19_Normal_Rep2","Read_806",0.0230454828635067,"Subpopulation_1"
"NGS_H19_Normal_Rep2","Read_807",0.977792611130597,"Subpopulation_2"
"NGS_H19_Normal_Rep2","Read_808",0.0189284456055921,"Subpopulation_1"
"NGS_H19_Normal_Rep2","Read_809",0.978364429425932,"Subpopulation_2"
"NGS_H19_Normal_Rep2","Read_810",0.973279859532883,"Subpopulation_2"
"NGS_H19_Normal_Rep2","Read_811",0.0303134682613406,"Subpopulation_1"
"NGS_H19_Normal_Rep2","Read_812",0.981467090941487,"Subpopulation_2"
"NGS_H19_Normal_Rep2","Read_813",0.0222277664582849,"Subpopulation_1"
"NGS_H19_Normal_Rep2","Read_814",0.0210680036864893,"Subpopulation_1"
"NGS_H19_Normal_Rep2","Read_815",0.975134711713238,"Subpopulation_2"
"NGS_H19_Normal_Rep2","Read_816",0.01870483092491,"Subpopulation_1"
"NGS_H19_Normal_Rep2","Read_817",0.0149291068823667,"Subpopulation_1"
"NGS_H19_Normal_Rep2","Read_818",0.985853175492525,"Subpopulation_2"
"NGS_H19_Normal_Rep2","Read_819",0.979090551985592,"Subpopulation_2"
"NGS_H19_Normal_Rep2","Read_820",0.982711249304058,"Subpopulation_2"
"NGS_H19_Normal_Rep2","Read_821",0.974989414535824,"Subpopulation_2"
"NGS_H19_Normal_Rep2","Read_822",0.0186064139806488,"Subpopulation_1"
"NGS_H19_Normal_Rep2","Read_823",0.979761307089684,"Subpopulation_2"
"NGS_H19_Normal_Rep2","Read_824",0.0160906755849979,"Subpopulation_1"
"NGS_H19_Normal_Rep2","Read_825",0.0221910308755475,"Subpopulation_1"
"NGS_H19_Normal_Rep2","Read_826",0.983316738096976,"Subpopulation_2"
"NGS_H19_Normal_Rep2","Read_827",0.0255807111023534,"Subpopulation_1"
"NGS_H19_Normal_Rep2","Read_828",0.0197811512115557,"Subpopulation_1"
"NGS_H19_Normal_Rep2","Read_829",0.0175462648566342,"Subpopulation_1"
"NGS_H19_Normal_Rep2","Read_830",0.980334536831156,"Subpopulation_2"
"NGS_H19_Normal_Rep2","Read_831",0.025890392558049,"Subpopulation_1"
"NGS_H19_Normal_Rep2","Read_832",0.986692515939286,"Subpopulation_2"
"NGS_H19_Normal_Rep2","Read_833",0.0175668495432795,"Subpopulation_1"
"NGS_H19_Normal_Rep2","Read_834",0.0242791399659485,"Subpopulation_1"
"NGS_H19_Normal_Rep2","Read_835",0.0166529480793122,"Subpopulation_1"
"NGS_H19_Normal_Rep2","Read_836",0.00943743421467175,"Subpopulation_1"
"NGS_H19_Normal_Rep2","Read_837",0.0200249413953258,"Subpopulation_1"
"NGS_H19_Normal_Rep2","Read_838",0.979623138994906,"Subpopulation_2"
"NGS_H19_Normal_Rep2","Read_839",0.0154465994084122,"Subpopulation_1"
"NGS_H19_Normal_Rep2","Read_840",0.982358872980918,"Subpopulation_2"
"NGS_H19_Normal_Rep2","Read_841",0.0178716686734309,"Subpopulation_1"
"NGS_H19_Normal_Rep2","Read_842",0.0139972629647955,"Subpopulation_1"
"NGS_H19_Normal_Rep2","Read_843",0.0299817237362497,"Subpopulation_1"
"NGS_H19_Normal_Rep2","Read_844",0.980091673643526,"Subpopulation_2"
"NGS_H19_Normal_Rep2","Read_845",0.980748381991992,"Subpopulation_2"
"NGS_H19_Normal_Rep2","Read_846",0.0191318987202065,"Subpopulation_1"
"NGS_H19_Normal_Rep2","Read_847",0.986687893419757,"Subpopulation_2"
"NGS_H19_Normal_Rep2","Read_848",0.982305681876486,"Subpopulation_2"
"NGS_H19_Normal_Rep2","Read_849",0.0230427247538175,"Subpopulation_1"
"NGS_H19_Normal_Rep2","Read_850",0.0278853329278839,"Subpopulation_1"
"NGS_H19_Normal_Rep2","Read_851",0.977550929171045,"Subpopulation_2"
"NGS_H19_Normal_Rep2","Read_852",0.0180173368488276,"Subpopulation_1"
"NGS_H19_Normal_Rep2","Read_853",0.0266068812920443,"Subpopulation_1"
"NGS_H19_Normal_Rep2","Read_854",0.0187391637921232,"Subpopulation_1"
"NGS_H19_Normal_Rep2","Read_855",0.982902185403244,"Subpopulation_2"
"NGS_H19_Normal_Rep2","Read_856",0.976115536987107,"Subpopulation_2"
"NGS_H19_Normal_Rep2","Read_857",0.0249701212904788,"Subpopulation_1"
"NGS_H19_Normal_Rep2","Read_858",0.0214537823784731,"Subpopulation_1"
"NGS_H19_Normal_Rep2","Read_859",0.0210971801491008,"Subpopulation_1"
"NGS_H19_Normal_Rep2","Read_860",0.984089513420156,"Subpopulation_2"
"NGS_H19_Normal_Rep2","Read_861",0.0173965657922293,"Subpopulation_1"
"NGS_H19_Normal_Rep2","Read_862",0.0141867805583063,"Subpopulation_1"
"NGS_H19_Normal_Rep2","Read_863",0.0149844475267832,"Subpopulation_1"
"NGS_H19_Normal_Rep2","Read_864",0.986789716913179,"Subpopulation_2"
"NGS_H19_Normal_Rep2","Read_865",0.983445574866286,"Subpopulation_2"
"NGS_H19_Normal_Rep2","Read_866",0.0215208940177186,"Subpopulation_1"
"NGS_H19_Normal_Rep2","Read_867",0.990817437126351,"Subpopulation_2"
"NGS_H19_Normal_Rep2","Read_868",0.98080801745657,"Subpopulation_2"
"NGS_H19_Normal_Rep2","Read_869",0.976919337493101,"Subpopulation_2"
"NGS_H19_Normal_Rep2","Read_870",0.981819883148225,"Subpopulation_2"
"NGS_H19_Normal_Rep2","Read_871",0.989488972269013,"Subpopulation_2"
"NGS_H19_Normal_Rep2","Read_872",0.0308662989747685,"Subpopulation_1"
"NGS_H19_Normal_Rep2","Read_873",0.979086447997533,"Subpopulation_2"
"NGS_H19_Normal_Rep2","Read_874",0.973504825323888,"Subpopulation_2"
"NGS_H19_Normal_Rep2","Read_875",0.0208027491353489,"Subpopulation_1"
"NGS_H19_Normal_Rep2","Read_876",0.984614569917462,"Subpopulation_2"
"NGS_H19_Normal_Rep2","Read_877",0.981129166341411,"Subpopulation_2"
"NGS_H19_Normal_Rep2","Read_878",0.027465223465899,"Subpopulation_1"
"NGS_H19_Normal_Rep2","Read_879",0.978959568233111,"Subpopulation_2"
"NGS_H19_Normal_Rep2","Read_880",0.983000850008526,"Subpopulation_2"
"NGS_H19_Normal_Rep2","Read_881",0.0191998775978472,"Subpopulation_1"
"NGS_H19_Normal_Rep2","Read_882",0.985679017300586,"Subpopulation_2"
"NGS_H19_Normal_Rep2","Read_883",0.977500900758032,"Subpopulation_2"
"NGS_H19_Normal_Rep2","Read_884",0.977641919013729,"Subpopulation_2"
"NGS_H19_Normal_Rep2","Read_885",0.971041008427433,"Subpopulation_2"
"NGS_H19_Normal_Rep2","Read_886",0.0315569685072738,"Subpopulation_1"
"NGS_H19_Normal_Rep2","Read_887",0.00907136133536375,"Subpopulation_1"
"NGS_H19_Normal_Rep2","Read_888",0.0186390575333866,"Subpopulation_1"
"NGS_H19_Normal_Rep2","Read_889",0.98622582025779,"Subpopulation_2"
"NGS_H19_Normal_Rep2","Read_890",0.972835593606144,"Subpopulation_2"
"NGS_H19_Normal_Rep2","Read_891",0.977377976641729,"Subpopulation_2"
"NGS_H19_Normal_Rep2","Read_892",0.0302324566212157,"Subpopulation_1"
"NGS_H19_Normal_Rep2","Read_893",0.0167232443802776,"Subpopulation_1"
"NGS_H19_Normal_Rep2","Read_894",0.976750781829267,"Subpopulation_2"
"NGS_H19_Normal_Rep2","Read_895",0.984347716097742,"Subpopulation_2"
"NGS_H19_Normal_Rep2","Read_896",0.974814831714038,"Subpopulation_2"
"NGS_H19_Normal_Rep2","Read_897",0.992950369214971,"Subpopulation_2"
"NGS_H19_Normal_Rep2","Read_898",0.0164017991768506,"Subpopulation_1"
"NGS_H19_Normal_Rep2","Read_899",0.982678138731452,"Subpopulation_2"
"NGS_H19_Normal_Rep2","Read_900",0.0227745877361811,"Subpopulation_1"
"NGS_H19_Normal_Rep2","Read_901",0.981514513751342,"Subpopulation_2"
"NGS_H19_Normal_Rep2","Read_902",0.0214101550702284,"Subpopulation_1"
"NGS_H19_Normal_Rep2","Read_903",0.0157932338584292,"Subpopulation_1"
"NGS_H19_Normal_Rep2","Read_904",0.0158506020029126,"Subpopulation_1"
"NGS_H19_Normal_Rep2","Read_905",0.012635059826163,"Subpopulation_1"
"NGS_H19_Normal_Rep2","Read_906",0.022209244683797,"Subpopulation_1"
"NGS_H19_Normal_Rep2","Read_907",0.0257608536888481,"Subpopulation_1"
"NGS_H19_Normal_Rep2","Read_908",0.979636957149572,"Subpopulation_2"
"NGS_H19_Normal_Rep2","Read_909",0.984488051865226,"Subpopulation_2"
"NGS_H19_Normal_Rep2","Read_910",0.981264140455793,"Subpopulation_2"
"NGS_H19_Normal_Rep2","Read_911",0.0230081888371874,"Subpopulation_1"
"NGS_H19_Normal_Rep2","Read_912",0.0162132992982686,"Subpopulation_1"
"NGS_H19_Normal_Rep2","Read_913",0.97967108558039,"Subpopulation_2"
"NGS_H19_Normal_Rep2","Read_914",0.987638281677838,"Subpopulation_2"
"NGS_H19_Normal_Rep2","Read_915",0.980782674057829,"Subpopulation_2"
"NGS_H19_Normal_Rep2","Read_916",0.0139967535048355,"Subpopulation_1"
"NGS_H19_Normal_Rep2","Read_917",0.982004191935962,"Subpopulation_2"
"NGS_H19_Normal_Rep2","Read_918",0.0165313029509983,"Subpopulation_1"
"NGS_H19_Normal_Rep2","Read_919",0.98552814721597,"Subpopulation_2"
"NGS_H19_Normal_Rep2","Read_920",0.981040378039939,"Subpopulation_2"
"NGS_H19_Normal_Rep2","Read_921",0.974970264453262,"Subpopulation_2"
"NGS_H19_Normal_Rep2","Read_922",0.0194218995146202,"Subpopulation_1"
"NGS_H19_Normal_Rep2","Read_923",0.979272409127976,"Subpopulation_2"
"NGS_H19_Normal_Rep2","Read_924",0.987871300885528,"Subpopulation_2"
"NGS_H19_Normal_Rep2","Read_925",0.98321300859185,"Subpopulation_2"
"NGS_H19_Normal_Rep2","Read_926",0.972067751815378,"Subpopulation_2"
"NGS_H19_Normal_Rep2","Read_927",0.978289658786077,"Subpopulation_2"
"NGS_H19_Normal_Rep2","Read_928",0.0207350489542087,"Subpopulation_1"
"NGS_H19_Normal_Rep2","Read_929",0.0147564683002408,"Subpopulation_1"
"NGS_H19_Normal_Rep2","Read_930",0.0185764386231928,"Subpopulation_1"
"NGS_H19_Normal_Rep2","Read_931",0.982865778230136,"Subpopulation_2"
"NGS_H19_Normal_Rep2","Read_932",0.970075265097962,"Subpopulation_2"
"NGS_H19_Normal_Rep2","Read_933",0.0195179381956277,"Subpopulation_1"
"NGS_H19_Normal_Rep2","Read_934",0.0172234344031062,"Subpopulation_1"
"NGS_H19_Normal_Rep2","Read_935",0.970395806774596,"Subpopulation_2"
"NGS_H19_Normal_Rep2","Read_936",0.98132768070304,"Subpopulation_2"
"NGS_H19_Normal_Rep2","Read_937",0.0162035905809256,"Subpopulation_1"
"NGS_H19_Normal_Rep2","Read_938",0.979330359697559,"Subpopulation_2"
"NGS_H19_Normal_Rep2","Read_939",0.018535721068455,"Subpopulation_1"
"NGS_H19_Normal_Rep2","Read_940",0.0243720763224758,"Subpopulation_1"
"NGS_H19_Normal_Rep2","Read_941",0.977717574129568,"Subpopulation_2"
"NGS_H19_Normal_Rep2","Read_942",0.979134620336728,"Subpopulation_2"
"NGS_H19_Normal_Rep2","Read_943",0.0120100617202693,"Subpopulation_1"
"NGS_H19_Normal_Rep2","Read_944",0.0212402430568717,"Subpopulation_1"
"NGS_H19_Normal_Rep2","Read_945",0.974605210095487,"Subpopulation_2"
"NGS_H19_Normal_Rep2","Read_946",0.977615805313725,"Subpopulation_2"
"NGS_H19_Normal_Rep2","Read_947",0.0226145397718736,"Subpopulation_1"
"NGS_H19_Normal_Rep2","Read_948",0.98190850626004,"Subpopulation_2"
"NGS_H19_Normal_Rep2","Read_949",0.979753600471896,"Subpopulation_2"
"NGS_H19_Normal_Rep2","Read_950",0.0126764070874873,"Subpopulation_1"
"NGS_H19_Normal_Rep2","Read_951",0.0204210260144614,"Subpopulation_1"
"NGS_H19_Normal_Rep2","Read_952",0.0183540575421895,"Subpopulation_1"
"NGS_H19_Normal_Rep2","Read_953",0.0270791776835618,"Subpopulation_1"
"NGS_H19_Normal_Rep2","Read_954",0.982431527690821,"Subpopulation_2"
"NGS_H19_Normal_Rep2","Read_955",0.986444330238192,"Subpopulation_2"
"NGS_H19_Normal_Rep2","Read_956",0.0315875656731918,"Subpopulation_1"
"NGS_H19_Normal_Rep2","Read_957",0.980237062824565,"Subpopulation_2"
"NGS_H19_Normal_Rep2","Read_958",0.974797477919968,"Subpopulation_2"
"NGS_H19_Normal_Rep2","Read_959",0.0186610681421306,"Subpopulation_1"
"NGS_H19_Normal_Rep2","Read_960",0.980709298875408,"Subpopulation_2"
"NGS_H19_Normal_Rep2","Read_961",0.0165035359178858,"Subpopulation_1"
"NGS_H19_Normal_Rep2","Read_962",0.980907784275143,"Subpopulation_2"
"NGS_H19_Normal_Rep2","Read_963",0.0263203532785979,"Subpopulation_1"
"NGS_H19_Normal_Rep2","Read_964",0.0198753891131613,"Subpopulation_1"
"NGS_H19_Normal_Rep2","Read_965",0.0222159214369073,"Subpopulation_1"
"NGS_H19_Normal_Rep2","Read_966",0.0181753788448068,"Subpopulation_1"
"NGS_H19_Normal_Rep2","Read_967",0.0175045629114377,"Subpopulation_1"
"NGS_H19_Normal_Rep2","Read_968",0.971883549517936,"Subpopulation_2"
"NGS_H19_Normal_Rep2","Read_969",0.0145058665606987,"Subpopulation_1"
"NGS_H19_Normal_Rep2","Read_970",0.0267282418698642,"Subpopulation_1"
"NGS_H19_Normal_Rep2","Read_971",0.985502143801548,"Subpopulation_2"
"NGS_H19_Normal_Rep2","Read_972",0.984644904128259,"Subpopulation_2"
"NGS_H19_Normal_Rep2","Read_973",0.0130526100050613,"Subpopulation_1"
"NGS_H19_Normal_Rep2","Read_974",0.983281965159543,"Subpopulation_2"
"NGS_H19_Normal_Rep2","Read_975",0.985199412209039,"Subpopulation_2"
"NGS_H19_Normal_Rep2","Read_976",0.0243296838203108,"Subpopulation_1"
"NGS_H19_Normal_Rep2","Read_977",0.974440856261598,"Subpopulation_2"
"NGS_H19_Normal_Rep2","Read_978",0.0193556950218591,"Subpopulation_1"
"NGS_H19_Normal_Rep2","Read_979",0.0163489214492325,"Subpopulation_1"
"NGS_H19_Normal_Rep2","Read_980",0.023481174894906,"Subpopulation_1"
"NGS_H19_Normal_Rep2","Read_981",0.979341285658551,"Subpopulation_2"
"NGS_H19_Normal_Rep2","Read_982",0.980385949274768,"Subpopulation_2"
"NGS_H19_Normal_Rep2","Read_983",0.0240157359528511,"Subpopulation_1"
"NGS_H19_Normal_Rep2","Read_984",0.0314568896265534,"Subpopulation_1"
"NGS_H19_Normal_Rep2","Read_985",0.977664179600559,"Subpopulation_2"
"NGS_H19_Normal_Rep2","Read_986",0.983473922106815,"Subpopulation_2"
"NGS_H19_Normal_Rep2","Read_987",0.0196389851097767,"Subpopulation_1"
"NGS_H19_Normal_Rep2","Read_988",0.0241814376142074,"Subpopulation_1"
"NGS_H19_Normal_Rep2","Read_989",0.018854560716965,"Subpopulation_1"
"NGS_H19_Normal_Rep2","Read_990",0.0167680212472862,"Subpopulation_1"
"NGS_H19_Normal_Rep2","Read_991",0.985473326217214,"Subpopulation_2"
"NGS_H19_Normal_Rep2","Read_992",0.976101895429169,"Subpopulation_2"
"NGS_H19_Normal_Rep2","Read_993",0.981894999517244,"Subpopulation_2"
"NGS_H19_Normal_Rep2","Read_994",0.979446058379846,"Subpopulation_2"
"NGS_H19_Normal_Rep2","Read_995",0.0296989390057501,"Subpopulation_1"
"NGS_H19_Normal_Rep2","Read_996",0.0205053791516153,"Subpopulation_1"
"NGS_H19_Normal_Rep2","Read_997",0.982354628330191,"Subpopulation_2"
"NGS_H19_Normal_Rep2","Read_998",0.0146183587895668,"Subpopulation_1"
"NGS_H19_Normal_Rep2","Read_999",0.0253453861609419,"Subpopulation_1"
"NGS_H19_Normal_Rep2","Read_1000",0.976825633222323,"Subpopulation_2"
"NGS_H19_Normal_Rep2","Read_1001",0.0187302501771972,"Subpopulation_1"
"NGS_H19_Normal_Rep2","Read_1002",0.972209454174597,"Subpopulation_2"
"NGS_H19_Normal_Rep2","Read_1003",0.985360970541455,"Subpopulation_2"
"NGS_H19_Normal_Rep2","Read_1004",0.0187279784063326,"Subpopulation_1"
"NGS_H19_Normal_Rep2","Read_1005",0.984445343297468,"Subpopulation_2"
"NGS_H19_Normal_Rep2","Read_1006",0.0190858196873927,"Subpopulation_1"
"NGS_H19_Normal_Rep2","Read_1007",0.0174310245790619,"Subpopulation_1"
"NGS_H19_Normal_Rep2","Read_1008",0.971322165674593,"Subpopulation_2"
"NGS_H19_Normal_Rep2","Read_1009",0.975204238649886,"Subpopulation_2"
"NGS_H19_Normal_Rep2","Read_1010",0.979963648515081,"Subpopulation_2"
"NGS_H19_Normal_Rep2","Read_1011",0.967511597240138,"Subpopulation_2"
"NGS_H19_Normal_Rep2","Read_1012",0.970225392803402,"Subpopulation_2"
"NGS_H19_Normal_Rep2","Read_1013",0.0177583399414511,"Subpopulation_1"
"NGS_H19_Normal_Rep2","Read_1014",0.980158886400879,"Subpopulation_2"
"NGS_H19_Normal_Rep2","Read_1015",0.983400029325706,"Subpopulation_2"
"NGS_H19_Normal_Rep2","Read_1016",0.980882771338936,"Subpopulation_2"
"NGS_H19_Normal_Rep2","Read_1017",0.97911345855637,"Subpopulation_2"
"NGS_H19_Normal_Rep2","Read_1018",0.0214714857838007,"Subpopulation_1"
"NGS_H19_Normal_Rep2","Read_1019",0.0143757014733687,"Subpopulation_1"
"NGS_H19_Normal_Rep2","Read_1020",0.0179552928778824,"Subpopulation_1"
"NGS_H19_Normal_Rep2","Read_1021",0.983952067489814,"Subpopulation_2"
"NGS_H19_Normal_Rep2","Read_1022",0.0224573604912482,"Subpopulation_1"
"NGS_H19_Normal_Rep2","Read_1023",0.984322252058765,"Subpopulation_2"
"NGS_H19_Normal_Rep2","Read_1024",0.977238094074988,"Subpopulation_2"
"NGS_H19_Normal_Rep2","Read_1025",0.98392645555157,"Subpopulation_2"
"NGS_H19_Normal_Rep2","Read_1026",0.0212924854324504,"Subpopulation_1"
"NGS_H19_Normal_Rep2","Read_1027",0.0184384679988542,"Subpopulation_1"
"NGS_H19_Normal_Rep2","Read_1028",0.979845587146619,"Subpopulation_2"
"NGS_H19_Normal_Rep2","Read_1029",0.0300156272208418,"Subpopulation_1"
"NGS_H19_Normal_Rep2","Read_1030",0.0217701877391317,"Subpopulation_1"
"NGS_H19_Normal_Rep2","Read_1031",0.0197033870678219,"Subpopulation_1"
"NGS_H19_Normal_Rep2","Read_1032",0.976187776887301,"Subpopulation_2"
"NGS_H19_Normal_Rep2","Read_1033",0.976045398068109,"Subpopulation_2"
"NGS_H19_Normal_Rep2","Read_1034",0.98337450179967,"Subpopulation_2"
"NGS_H19_Normal_Rep2","Read_1035",0.0237568744207464,"Subpopulation_1"
"NGS_H19_Normal_Rep2","Read_1036",0.974056189229566,"Subpopulation_2"
"NGS_H19_Normal_Rep2","Read_1037",0.981633254156326,"Subpopulation_2"
"NGS_H19_Normal_Rep2","Read_1038",0.0287809234337769,"Subpopulation_1"
"NGS_H19_Normal_Rep2","Read_1039",0.976253695613012,"Subpopulation_2"
"NGS_H19_Normal_Rep2","Read_1040",0.980383026769304,"Subpopulation_2"
"NGS_H19_Normal_Rep2","Read_1041",0.978809517706055,"Subpopulation_2"
"NGS_H19_Normal_Rep2","Read_1042",0.0129127545622431,"Subpopulation_1"
"NGS_H19_Normal_Rep2","Read_1043",0.0193011219795158,"Subpopulation_1"
"NGS_H19_Normal_Rep2","Read_1044",0.0170153794777675,"Subpopulation_1"
"NGS_H19_Normal_Rep2","Read_1045",0.026721033389947,"Subpopulation_1"
"NGS_H19_Normal_Rep2","Read_1046",0.0199487662056715,"Subpopulation_1"
"NGS_H19_Normal_Rep2","Read_1047",0.964726648747119,"Subpopulation_2"
"NGS_H19_Normal_Rep2","Read_1048",0.0178304432212036,"Subpopulation_1"
"NGS_H19_Normal_Rep2","Read_1049",0.0253952394993885,"Subpopulation_1"
"NGS_H19_Normal_Rep2","Read_1050",0.978275932575723,"Subpopulation_2"
"NGS_H19_Normal_Rep2","Read_1051",0.975963893872598,"Subpopulation_2"
"NGS_H19_Normal_Rep2","Read_1052",0.981317964562659,"Subpopulation_2"
"NGS_H19_Normal_Rep2","Read_1053",0.981410551337386,"Subpopulation_2"
"NGS_H19_Normal_Rep2","Read_1054",0.0265019144581403,"Subpopulation_1"
"NGS_H19_Normal_Rep2","Read_1055",0.0216831000189192,"Subpopulation_1"
"NGS_H19_Normal_Rep2","Read_1056",0.980936998925348,"Subpopulation_2"
"NGS_H19_Normal_Rep2","Read_1057",0.97781126141148,"Subpopulation_2"
"NGS_H19_Normal_Rep2","Read_1058",0.983876328026495,"Subpopulation_2"
"NGS_H19_Normal_Rep2","Read_1059",0.0165447510960399,"Subpopulation_1"
"NGS_H19_Normal_Rep2","Read_1060",0.0142567702638408,"Subpopulation_1"
"NGS_H19_Normal_Rep2","Read_1061",0.0203392740929272,"Subpopulation_1"
"NGS_H19_Normal_Rep2","Read_1062",0.981286436185388,"Subpopulation_2"
"NGS_H19_Normal_Rep2","Read_1063",0.987331074606669,"Subpopulation_2"
"NGS_H19_Normal_Rep2","Read_1064",0.977741445556987,"Subpopulation_2"
"NGS_H19_Normal_Rep2","Read_1065",0.0228547805198821,"Subpopulation_1"
"NGS_H19_Normal_Rep2","Read_1066",0.981986936474718,"Subpopulation_2"
"NGS_H19_Normal_Rep2","Read_1067",0.017776044788414,"Subpopulation_1"
"NGS_H19_Normal_Rep2","Read_1068",0.985097996170924,"Subpopulation_2"
"NGS_H19_Normal_Rep2","Read_1069",0.983704388868968,"Subpopulation_2"
"NGS_H19_Normal_Rep2","Read_1070",0.0202152498860618,"Subpopulation_1"
"NGS_H19_Normal_Rep2","Read_1071",0.0161165888285823,"Subpopulation_1"
"NGS_H19_Normal_Rep2","Read_1072",0.0234902701726951,"Subpopulation_1"
"NGS_H19_Normal_Rep2","Read_1073",0.98483464482623,"Subpopulation_2"
"NGS_H19_Normal_Rep2","Read_1074",0.0217518174298932,"Subpopulation_1"
"NGS_H19_Normal_Rep2","Read_1075",0.0187539570403892,"Subpopulation_1"
"NGS_H19_Normal_Rep2","Read_1076",0.980277767445716,"Subpopulation_2"
"NGS_H19_Normal_Rep2","Read_1077",0.983997714338198,"Subpopulation_2"
"NGS_H19_Normal_Rep2","Read_1078",0.982454292858752,"Subpopulation_2"
"NGS_H19_Normal_Rep2","Read_1079",0.0349755075970151,"Subpopulation_1"
"NGS_H19_Normal_Rep2","Read_1080",0.982482822550652,"Subpopulation_2"
"NGS_H19_Normal_Rep2","Read_1081",0.0198793067008688,"Subpopulation_1"
"NGS_H19_Normal_Rep2","Read_1082",0.97440016612989,"Subpopulation_2"
"NGS_H19_Normal_Rep2","Read_1083",0.983901496580139,"Subpopulation_2"
"NGS_H19_Normal_Rep2","Read_1084",0.968809087411366,"Subpopulation_2"
"NGS_H19_Normal_Rep2","Read_1085",0.0220726490322439,"Subpopulation_1"
"NGS_H19_Normal_Rep2","Read_1086",0.977860259405813,"Subpopulation_2"
"NGS_H19_Normal_Rep2","Read_1087",0.978015787686315,"Subpopulation_2"
"NGS_H19_Normal_Rep2","Read_1088",0.983837345162565,"Subpopulation_2"
"NGS_H19_Normal_Rep2","Read_1089",0.977222728137595,"Subpopulation_2"
"NGS_H19_Normal_Rep2","Read_1090",0.980478332030278,"Subpopulation_2"
"NGS_H19_Normal_Rep2","Read_1091",0.986291391403676,"Subpopulation_2"
"NGS_H19_Normal_Rep2","Read_1092",0.021942952681882,"Subpopulation_1"
"NGS_H19_Normal_Rep2","Read_1093",0.0226869577381509,"Subpopulation_1"
"NGS_H19_Normal_Rep2","Read_1094",0.981293946220035,"Subpopulation_2"
"NGS_H19_Normal_Rep2","Read_1095",0.976787023835122,"Subpopulation_2"
"NGS_H19_Normal_Rep2","Read_1096",0.977509277314505,"Subpopulation_2"
"NGS_H19_Normal_Rep2","Read_1097",0.0218883718584336,"Subpopulation_1"
"NGS_H19_Normal_Rep2","Read_1098",0.0185170757265338,"Subpopulation_1"
"NGS_H19_Normal_Rep2","Read_1099",0.0233877177451618,"Subpopulation_1"
"NGS_H19_Normal_Rep2","Read_1100",0.985568887790474,"Subpopulation_2"
"NGS_H19_Normal_Rep2","Read_1101",0.0230708983730546,"Subpopulation_1"
"NGS_H19_Normal_Rep2","Read_1102",0.976096733108631,"Subpopulation_2"
"NGS_H19_Normal_Rep2","Read_1103",0.974136166520198,"Subpopulation_2"
"NGS_H19_Normal_Rep2","Read_1104",0.978520422088708,"Subpopulation_2"
"NGS_H19_Normal_Rep2","Read_1105",0.0207212639048978,"Subpopulation_1"
"NGS_H19_Normal_Rep2","Read_1106",0.970289902535741,"Subpopulation_2"
"NGS_H19_Normal_Rep2","Read_1107",0.981213441092219,"Subpopulation_2"
"NGS_H19_Normal_Rep2","Read_1108",0.0197402972163878,"Subpopulation_1"
"NGS_H19_Normal_Rep2","Read_1109",0.982980575102843,"Subpopulation_2"
"NGS_H19_Normal_Rep2","Read_1110",0.979443907383556,"Subpopulation_2"
"NGS_H19_Normal_Rep2","Read_1111",0.983213627979772,"Subpopulation_2"
"NGS_H19_Normal_Rep2","Read_1112",0.0186333695599026,"Subpopulation_1"
"NGS_H19_Normal_Rep2","Read_1113",0.985245358177553,"Subpopulation_2"
"NGS_H19_Normal_Rep2","Read_1114",0.021360253930627,"Subpopulation_1"
"NGS_H19_Normal_Rep2","Read_1115",0.0172209487880322,"Subpopulation_1"
"NGS_H19_Normal_Rep2","Read_1116",0.0170214074918347,"Subpopulation_1"
"NGS_H19_Normal_Rep2","Read_1117",0.970312953765898,"Subpopulation_2"
"NGS_H19_Normal_Rep2","Read_1118",0.983584360091145,"Subpopulation_2"
"NGS_H19_Normal_Rep2","Read_1119",0.982327344373039,"Subpopulation_2"
"NGS_H19_Normal_Rep2","Read_1120",0.984356349977843,"Subpopulation_2"
"NGS_H19_Normal_Rep2","Read_1121",0.0114139966870844,"Subpopulation_1"
"NGS_H19_Normal_Rep2","Read_1122",0.0167939722600245,"Subpopulation_1"
"NGS_H19_Normal_Rep2","Read_1123",0.973845312804226,"Subpopulation_2"
"NGS_H19_Normal_Rep2","Read_1124",0.0236485350520076,"Subpopulation_1"
"NGS_H19_Normal_Rep2","Read_1125",0.0224207526638253,"Subpopulation_1"
"NGS_H19_Normal_Rep2","Read_1126",0.0227085499684444,"Subpopulation_1"
"NGS_H19_Normal_Rep2","Read_1127",0.0158850861203786,"Subpopulation_1"
"NGS_H19_Normal_Rep2","Read_1128",0.988185002125255,"Subpopulation_2"
"NGS_H19_Normal_Rep2","Read_1129",0.980830748752495,"Subpopulation_2"
"NGS_H19_Normal_Rep2","Read_1130",0.981617921655538,"Subpopulation_2"
"NGS_H19_Normal_Rep2","Read_1131",0.982686643243279,"Subpopulation_2"
"NGS_H19_Normal_Rep2","Read_1132",0.987235169036219,"Subpopulation_2"
"NGS_H19_Normal_Rep2","Read_1133",0.982485117114186,"Subpopulation_2"
"NGS_H19_Normal_Rep2","Read_1134",0.977064454882246,"Subpopulation_2"
"NGS_H19_Normal_Rep2","Read_1135",0.0184220087071553,"Subpopulation_1"
"NGS_H19_Normal_Rep2","Read_1136",0.0161752348662496,"Subpopulation_1"
"NGS_H19_Normal_Rep2","Read_1137",0.018248022007371,"Subpopulation_1"
"NGS_H19_Normal_Rep2","Read_1138",0.024910114709851,"Subpopulation_1"
"NGS_H19_Normal_Rep2","Read_1139",0.975524036078105,"Subpopulation_2"
"NGS_H19_Normal_Rep2","Read_1140",0.0269820775858734,"Subpopulation_1"
"NGS_H19_Normal_Rep2","Read_1141",0.0255463438357797,"Subpopulation_1"
"NGS_H19_Normal_Rep2","Read_1142",0.0162321970076833,"Subpopulation_1"
"NGS_H19_Normal_Rep2","Read_1143",0.981448618873927,"Subpopulation_2"
"NGS_H19_Normal_Rep2","Read_1144",0.0160179452839495,"Subpopulation_1"
"NGS_H19_Normal_Rep2","Read_1145",0.97680967534814,"Subpopulation_2"
"NGS_H19_Normal_Rep2","Read_1146",0.985239521488368,"Subpopulation_2"
"NGS_H19_Normal_Rep2","Read_1147",0.978280981048377,"Subpopulation_2"
"NGS_H19_Normal_Rep2","Read_1148",0.985057147082162,"Subpopulation_2"
"NGS_H19_Normal_Rep2","Read_1149",0.0226672894650301,"Subpopulation_1"
"NGS_H19_Normal_Rep2","Read_1150",0.978228739495954,"Subpopulation_2"
"NGS_H19_Normal_Rep2","Read_1151",0.985981237497762,"Subpopulation_2"
"NGS_H19_Normal_Rep2","Read_1152",0.984254572805195,"Subpopulation_2"
"NGS_H19_Normal_Rep2","Read_1153",0.0121467985279053,"Subpopulation_1"
"NGS_H19_Normal_Rep2","Read_1154",0.0182079315533662,"Subpopulation_1"
"NGS_H19_Normal_Rep2","Read_1155",0.0137239517610883,"Subpopulation_1"
"NGS_H19_Normal_Rep2","Read_1156",0.0279270437777193,"Subpopulation_1"
"NGS_H19_Normal_Rep2","Read_1157",0.985718792122954,"Subpopulation_2"
"NGS_H19_Normal_Rep2","Read_1158",0.97613959231585,"Subpopulation_2"
"NGS_H19_Normal_Rep2","Read_1159",0.983346271773796,"Subpopulation_2"
"NGS_H19_Normal_Rep2","Read_1160",0.980913216059235,"Subpopulation_2"
"NGS_H19_Normal_Rep2","Read_1161",0.0141249347370046,"Subpopulation_1"
"NGS_H19_Normal_Rep2","Read_1162",0.0164710991401465,"Subpopulation_1"
"NGS_H19_Normal_Rep2","Read_1163",0.0207937928900021,"Subpopulation_1"
"NGS_H19_Normal_Rep2","Read_1164",0.986114199571032,"Subpopulation_2"
"NGS_H19_Normal_Rep2","Read_1165",0.986492461272019,"Subpopulation_2"
"NGS_H19_Normal_Rep2","Read_1166",0.982253725218928,"Subpopulation_2"
"NGS_H19_Normal_Rep2","Read_1167",0.981915018358554,"Subpopulation_2"
"NGS_H19_Normal_Rep2","Read_1168",0.0204901676687495,"Subpopulation_1"
"NGS_H19_Normal_Rep2","Read_1169",0.0227759859604365,"Subpopulation_1"
"NGS_H19_Normal_Rep2","Read_1170",0.972667108256179,"Subpopulation_2"
"NGS_H19_Normal_Rep2","Read_1171",0.977054073334398,"Subpopulation_2"
"NGS_H19_Normal_Rep2","Read_1172",0.984487566043311,"Subpopulation_2"
"NGS_H19_Normal_Rep2","Read_1173",0.982127522724912,"Subpopulation_2"
"NGS_H19_Normal_Rep2","Read_1174",0.0198634077700338,"Subpopulation_1"
"NGS_H19_Normal_Rep2","Read_1175",0.0196932714893774,"Subpopulation_1"
"NGS_H19_Normal_Rep2","Read_1176",0.976471189286693,"Subpopulation_2"
"NGS_H19_Normal_Rep2","Read_1177",0.980498178426219,"Subpopulation_2"
"NGS_H19_Normal_Rep2","Read_1178",0.0248101310082176,"Subpopulation_1"
"NGS_H19_Normal_Rep2","Read_1179",0.983087777909385,"Subpopulation_2"
"NGS_H19_Normal_Rep2","Read_1180",0.987752361805595,"Subpopulation_2"
"NGS_H19_Normal_Rep2","Read_1181",0.0290641295985886,"Subpopulation_1"
"NGS_H19_Normal_Rep2","Read_1182",0.982152187478753,"Subpopulation_2"
"NGS_H19_Normal_Rep2","Read_1183",0.0226376709293201,"Subpopulation_1"
"NGS_H19_Normal_Rep2","Read_1184",0.0143739961239527,"Subpopulation_1"
"NGS_H19_Normal_Rep2","Read_1185",0.98247789629751,"Subpopulation_2"
"NGS_H19_Normal_Rep2","Read_1186",0.0110723311288629,"Subpopulation_1"
"NGS_H19_Normal_Rep2","Read_1187",0.984896741668414,"Subpopulation_2"
"NGS_H19_Normal_Rep2","Read_1188",0.0168940962239585,"Subpopulation_1"
"NGS_H19_Normal_Rep2","Read_1189",0.984575395615218,"Subpopulation_2"
"NGS_H19_Normal_Rep2","Read_1190",0.0257821560414834,"Subpopulation_1"
"NGS_H19_Normal_Rep2","Read_1191",0.019649825994322,"Subpopulation_1"
"NGS_H19_Normal_Rep2","Read_1192",0.982913646537522,"Subpopulation_2"
"NGS_H19_Normal_Rep2","Read_1193",0.0152189541012083,"Subpopulation_1"
"NGS_H19_Normal_Rep2","Read_1194",0.0149669572269315,"Subpopulation_1"
"NGS_H19_Normal_Rep2","Read_1195",0.985748628838552,"Subpopulation_2"
"NGS_H19_Normal_Rep2","Read_1196",0.012908508266801,"Subpopulation_1"
"NGS_H19_Normal_Rep2","Read_1197",0.0151537319627867,"Subpopulation_1"
"NGS_H19_Normal_Rep2","Read_1198",0.979975892719007,"Subpopulation_2"
"NGS_H19_Normal_Rep2","Read_1199",0.0195952719464679,"Subpopulation_1"
"NGS_H19_Normal_Rep2","Read_1200",0.0182252128910206,"Subpopulation_1"
"NGS_H19_Normal_Rep2","Read_1201",0.985165405007496,"Subpopulation_2"
"NGS_H19_Normal_Rep2","Read_1202",0.02026277784867,"Subpopulation_1"
"NGS_H19_Normal_Rep2","Read_1203",0.0297315379281083,"Subpopulation_1"
"NGS_H19_Normal_Rep2","Read_1204",0.0253010891956884,"Subpopulation_1"
"NGS_H19_Normal_Rep2","Read_1205",0.977203019367737,"Subpopulation_2"
"NGS_H19_Normal_Rep2","Read_1206",0.980752564227472,"Subpopulation_2"
"NGS_H19_Normal_Rep2","Read_1207",0.0125410359898462,"Subpopulation_1"
"NGS_H19_Normal_Rep2","Read_1208",0.0216057592247937,"Subpopulation_1"
"NGS_H19_Normal_Rep2","Read_1209",0.983270802510787,"Subpopulation_2"
"NGS_H19_Normal_Rep2","Read_1210",0.981381545257107,"Subpopulation_2"
"NGS_H19_Normal_Rep2","Read_1211",0.0193082138631658,"Subpopulation_1"
"NGS_H19_Normal_Rep2","Read_1212",0.980743689808635,"Subpopulation_2"
"NGS_H19_Normal_Rep2","Read_1213",0.0177285265609768,"Subpopulation_1"
"NGS_H19_Normal_Rep2","Read_1214",0.0190905074653062,"Subpopulation_1"
"NGS_H19_Normal_Rep2","Read_1215",0.976718225929857,"Subpopulation_2"
"NGS_H19_Normal_Rep2","Read_1216",0.0166213420253167,"Subpopulation_1"
"NGS_H19_Normal_Rep2","Read_1217",0.0172548196167895,"Subpopulation_1"
"NGS_H19_Normal_Rep2","Read_1218",0.01990539004073,"Subpopulation_1"
"NGS_H19_Normal_Rep2","Read_1219",0.0199706418253952,"Subpopulation_1"
"NGS_H19_Normal_Rep2","Read_1220",0.978493091678432,"Subpopulation_2"
"NGS_H19_Normal_Rep2","Read_1221",0.0179360761294717,"Subpopulation_1"
"NGS_H19_Normal_Rep2","Read_1222",0.977641662810693,"Subpopulation_2"
"NGS_H19_Normal_Rep2","Read_1223",0.0135304443784314,"Subpopulation_1"
"NGS_H19_Normal_Rep2","Read_1224",0.978772204969839,"Subpopulation_2"
"NGS_H19_Normal_Rep2","Read_1225",0.0245233356819066,"Subpopulation_1"
"NGS_H19_Normal_Rep2","Read_1226",0.975635873364734,"Subpopulation_2"
"NGS_H19_Normal_Rep2","Read_1227",0.0225731040927813,"Subpopulation_1"
"NGS_H19_Normal_Rep2","Read_1228",0.986233622527762,"Subpopulation_2"
"NGS_H19_Normal_Rep2","Read_1229",0.0193174186265069,"Subpopulation_1"
"NGS_H19_Normal_Rep2","Read_1230",0.982600118071314,"Subpopulation_2"
"NGS_H19_Normal_Rep2","Read_1231",0.0153063100590784,"Subpopulation_1"
"NGS_H19_Normal_Rep2","Read_1232",0.976169300966131,"Subpopulation_2"
"NGS_H19_Normal_Rep2","Read_1233",0.984361294420472,"Subpopulation_2"
"NGS_H19_Normal_Rep2","Read_1234",0.987015141147026,"Subpopulation_2"
"NGS_H19_Normal_Rep2","Read_1235",0.98285329620427,"Subpopulation_2"
"NGS_H19_Normal_Rep2","Read_1236",0.0185764393675389,"Subpopulation_1"
"NGS_H19_Normal_Rep2","Read_1237",0.979354052012011,"Subpopulation_2"
"NGS_H19_Normal_Rep2","Read_1238",0.981775413120574,"Subpopulation_2"
"NGS_H19_Normal_Rep2","Read_1239",0.979596731931079,"Subpopulation_2"
"NGS_H19_Normal_Rep2","Read_1240",0.978056684664888,"Subpopulation_2"
"NGS_H19_Normal_Rep2","Read_1241",0.981587888220288,"Subpopulation_2"
"NGS_H19_Normal_Rep2","Read_1242",0.970507429729641,"Subpopulation_2"
"NGS_H19_Normal_Rep2","Read_1243",0.0208143635850912,"Subpopulation_1"
"NGS_H19_Normal_Rep2","Read_1244",0.0213733250030081,"Subpopulation_1"
"NGS_H19_Normal_Rep2","Read_1245",0.985135797002314,"Subpopulation_2"
"NGS_H19_Normal_Rep2","Read_1246",0.0188600818386093,"Subpopulation_1"
"NGS_H19_Normal_Rep2","Read_1247",0.0214977098540517,"Subpopulation_1"
"NGS_H19_Normal_Rep2","Read_1248",0.0158271557187988,"Subpopulation_1"
"NGS_H19_Normal_Rep2","Read_1249",0.98060297428631,"Subpopulation_2"
"NGS_H19_Normal_Rep2","Read_1250",0.971297440692729,"Subpopulation_2"
"NGS_H19_Normal_Rep2","Read_1251",0.00912995958092355,"Subpopulation_1"
"NGS_H19_Normal_Rep2","Read_1252",0.0154940319466058,"Subpopulation_1"
"NGS_H19_Normal_Rep2","Read_1253",0.983343288620176,"Subpopulation_2"
"NGS_H19_Normal_Rep2","Read_1254",0.979787235160441,"Subpopulation_2"
"NGS_H19_Normal_Rep2","Read_1255",0.0210402419050904,"Subpopulation_1"
"NGS_H19_Normal_Rep2","Read_1256",0.982462079613448,"Subpopulation_2"
"NGS_H19_Normal_Rep2","Read_1257",0.980245193094253,"Subpopulation_2"
"NGS_H19_Normal_Rep2","Read_1258",0.0255812387704747,"Subpopulation_1"
"NGS_H19_Normal_Rep2","Read_1259",0.023242373173932,"Subpopulation_1"
"NGS_H19_Normal_Rep2","Read_1260",0.984422918641297,"Subpopulation_2"
"NGS_H19_Normal_Rep2","Read_1261",0.0178189597625157,"Subpopulation_1"
"NGS_H19_Normal_Rep2","Read_1262",0.0174935123761706,"Subpopulation_1"
"NGS_H19_Normal_Rep2","Read_1263",0.033007329919275,"Subpopulation_1"
"NGS_H19_Normal_Rep2","Read_1264",0.982500391543954,"Subpopulation_2"
"NGS_H19_Normal_Rep2","Read_1265",0.0230393922258268,"Subpopulation_1"
"NGS_H19_Normal_Rep2","Read_1266",0.97006672404952,"Subpopulation_2"
"NGS_H19_Normal_Rep2","Read_1267",0.977601691152932,"Subpopulation_2"
"NGS_H19_Normal_Rep2","Read_1268",0.0184243468683134,"Subpopulation_1"
"NGS_H19_Normal_Rep2","Read_1269",0.971061971439448,"Subpopulation_2"
"NGS_H19_Normal_Rep2","Read_1270",0.977162493727364,"Subpopulation_2"
"NGS_H19_Normal_Rep2","Read_1271",0.019282491826059,"Subpopulation_1"
"NGS_H19_Normal_Rep2","Read_1272",0.017795628133174,"Subpopulation_1"
"NGS_H19_Normal_Rep2","Read_1273",0.022567213146614,"Subpopulation_1"
"NGS_H19_Normal_Rep2","Read_1274",0.97478476525096,"Subpopulation_2"
"NGS_H19_Normal_Rep2","Read_1275",0.0201910928502047,"Subpopulation_1"
"NGS_H19_Normal_Rep2","Read_1276",0.0243579992270731,"Subpopulation_1"
"NGS_H19_Normal_Rep2","Read_1277",0.0185696509051706,"Subpopulation_1"
"NGS_H19_Normal_Rep2","Read_1278",0.0236698846896267,"Subpopulation_1"
"NGS_H19_Normal_Rep2","Read_1279",0.0223151130013341,"Subpopulation_1"
"NGS_H19_Normal_Rep2","Read_1280",0.0154175840124554,"Subpopulation_1"
"NGS_H19_Normal_Rep2","Read_1281",0.0207661650451581,"Subpopulation_1"
"NGS_H19_Normal_Rep2","Read_1282",0.977821126286869,"Subpopulation_2"
"NGS_H19_Normal_Rep2","Read_1283",0.982092748220519,"Subpopulation_2"
"NGS_H19_Normal_Rep2","Read_1284",0.0225213193218592,"Subpopulation_1"
"NGS_H19_Normal_Rep2","Read_1285",0.980778676914221,"Subpopulation_2"
"NGS_H19_Normal_Rep2","Read_1286",0.977453749545167,"Subpopulation_2"
"NGS_H19_Normal_Rep2","Read_1287",0.0189036608823719,"Subpopulation_1"
"NGS_H19_Normal_Rep2","Read_1288",0.0185469397541726,"Subpopulation_1"
"NGS_H19_Normal_Rep2","Read_1289",0.979977933991339,"Subpopulation_2"
"NGS_H19_Normal_Rep2","Read_1290",0.979045117604066,"Subpopulation_2"
"NGS_H19_Normal_Rep2","Read_1291",0.985787536739279,"Subpopulation_2"
"NGS_H19_Normal_Rep2","Read_1292",0.0171746870412439,"Subpopulation_1"
"NGS_H19_Normal_Rep2","Read_1293",0.0143434630541903,"Subpopulation_1"
"NGS_H19_Normal_Rep2","Read_1294",0.01756561165643,"Subpopulation_1"
"NGS_H19_Normal_Rep2","Read_1295",0.0180551587490049,"Subpopulation_1"
"NGS_H19_Normal_Rep2","Read_1296",0.974460261778668,"Subpopulation_2"
"NGS_H19_Normal_Rep2","Read_1297",0.019004984338904,"Subpopulation_1"
"NGS_H19_Normal_Rep2","Read_1298",0.977218538775713,"Subpopulation_2"
"NGS_H19_Normal_Rep2","Read_1299",0.977192048317598,"Subpopulation_2"
"NGS_H19_Normal_Rep2","Read_1300",0.0351690456712288,"Subpopulation_1"
"NGS_H19_Normal_Rep2","Read_1301",0.0186826599272785,"Subpopulation_1"
"NGS_H19_Normal_Rep2","Read_1302",0.979301651074854,"Subpopulation_2"
"NGS_H19_Normal_Rep2","Read_1303",0.0169232768335169,"Subpopulation_1"
"NGS_H19_Normal_Rep2","Read_1304",0.97795757785162,"Subpopulation_2"
"NGS_H19_Normal_Rep2","Read_1305",0.981097475335375,"Subpopulation_2"
"NGS_H19_Normal_Rep2","Read_1306",0.0192982998237485,"Subpopulation_1"
"NGS_H19_Normal_Rep2","Read_1307",0.0231116878638008,"Subpopulation_1"
"NGS_H19_Normal_Rep2","Read_1308",0.978959079340148,"Subpopulation_2"
"NGS_H19_Normal_Rep2","Read_1309",0.0268044184933907,"Subpopulation_1"
"NGS_H19_Normal_Rep2","Read_1310",0.0112616719679612,"Subpopulation_1"
"NGS_H19_Normal_Rep2","Read_1311",0.0141856748988353,"Subpopulation_1"
"NGS_H19_Normal_Rep2","Read_1312",0.0152848491050805,"Subpopulation_1"
"NGS_H19_Normal_Rep2","Read_1313",0.978284621924732,"Subpopulation_2"
"NGS_H19_Normal_Rep2","Read_1314",0.0180513511927568,"Subpopulation_1"
"NGS_H19_Normal_Rep2","Read_1315",0.974210457939098,"Subpopulation_2"
"NGS_H19_Normal_Rep2","Read_1316",0.0151763311398996,"Subpopulation_1"
"NGS_H19_Normal_Rep2","Read_1317",0.978514508547457,"Subpopulation_2"
"NGS_H19_Normal_Rep2","Read_1318",0.980326152672252,"Subpopulation_2"
"NGS_H19_Normal_Rep2","Read_1319",0.978299902409748,"Subpopulation_2"
"NGS_H19_Normal_Rep2","Read_1320",0.98362905034991,"Subpopulation_2"
"NGS_H19_Normal_Rep2","Read_1321",0.988413603746736,"Subpopulation_2"
"NGS_H19_Normal_Rep2","Read_1322",0.015748245326604,"Subpopulation_1"
"NGS_H19_Normal_Rep2","Read_1323",0.0192220694765338,"Subpopulation_1"
"NGS_H19_Normal_Rep2","Read_1324",0.0251434581031282,"Subpopulation_1"
"NGS_H19_Normal_Rep2","Read_1325",0.981016354120279,"Subpopulation_2"
"NGS_H19_Normal_Rep2","Read_1326",0.0202917130868843,"Subpopulation_1"
"NGS_H19_Normal_Rep2","Read_1327",0.0192401806752153,"Subpopulation_1"
"NGS_H19_Normal_Rep2","Read_1328",0.0166163137364151,"Subpopulation_1"
"NGS_H19_Normal_Rep2","Read_1329",0.0232176887232018,"Subpopulation_1"
"NGS_H19_Normal_Rep2","Read_1330",0.98640075206047,"Subpopulation_2"
"NGS_H19_Normal_Rep2","Read_1331",0.0188353120095985,"Subpopulation_1"
"NGS_H19_Normal_Rep2","Read_1332",0.021414395442298,"Subpopulation_1"
"NGS_H19_Normal_Rep2","Read_1333",0.981448259148633,"Subpopulation_2"
"NGS_H19_Normal_Rep2","Read_1334",0.981452345708642,"Subpopulation_2"
"NGS_H19_Normal_Rep2","Read_1335",0.0190196232510633,"Subpopulation_1"
"NGS_H19_Normal_Rep2","Read_1336",0.982528107412201,"Subpopulation_2"
"NGS_H19_Normal_Rep2","Read_1337",0.0280896181200222,"Subpopulation_1"
"NGS_H19_Normal_Rep2","Read_1338",0.0171370722729475,"Subpopulation_1"
"NGS_H19_Normal_Rep2","Read_1339",0.0220740460961651,"Subpopulation_1"
"NGS_H19_Normal_Rep2","Read_1340",0.0165176893239088,"Subpopulation_1"
"NGS_H19_Normal_Rep2","Read_1341",0.0169323035903347,"Subpopulation_1"
"NGS_H19_Normal_Rep2","Read_1342",0.0163063779871927,"Subpopulation_1"
"NGS_H19_Normal_Rep2","Read_1343",0.0178249415311829,"Subpopulation_1"
"NGS_H19_Normal_Rep2","Read_1344",0.0235375030561592,"Subpopulation_1"
"NGS_H19_Normal_Rep2","Read_1345",0.0221573348060027,"Subpopulation_1"
"NGS_H19_Normal_Rep2","Read_1346",0.0214926031183429,"Subpopulation_1"
"NGS_H19_Normal_Rep2","Read_1347",0.98174927764709,"Subpopulation_2"
"NGS_H19_Normal_Rep2","Read_1348",0.0142434007631042,"Subpopulation_1"
"NGS_H19_Normal_Rep2","Read_1349",0.0119028595671115,"Subpopulation_1"
"NGS_H19_Normal_Rep2","Read_1350",0.0209425897437465,"Subpopulation_1"
"NGS_H19_Normal_Rep2","Read_1351",0.976321891731207,"Subpopulation_2"
"NGS_H19_Normal_Rep2","Read_1352",0.0183668021100658,"Subpopulation_1"
"NGS_H19_Normal_Rep2","Read_1353",0.973203222098069,"Subpopulation_2"
"NGS_H19_Normal_Rep2","Read_1354",0.981989570241798,"Subpopulation_2"
"NGS_H19_Normal_Rep2","Read_1355",0.986084053927758,"Subpopulation_2"
"NGS_H19_Normal_Rep2","Read_1356",0.0185490626540243,"Subpopulation_1"
"NGS_H19_Normal_Rep2","Read_1357",0.985582344297795,"Subpopulation_2"
"NGS_H19_Normal_Rep2","Read_1358",0.97441326933292,"Subpopulation_2"
"NGS_H19_Normal_Rep2","Read_1359",0.0141804521580324,"Subpopulation_1"
"NGS_H19_Normal_Rep2","Read_1360",0.970596828497687,"Subpopulation_2"
"NGS_H19_Normal_Rep2","Read_1361",0.97911324609827,"Subpopulation_2"
"NGS_H19_Normal_Rep2","Read_1362",0.0219405652427065,"Subpopulation_1"
"NGS_H19_Normal_Rep2","Read_1363",0.98399078371743,"Subpopulation_2"
"NGS_H19_Normal_Rep2","Read_1364",0.0171994841319615,"Subpopulation_1"
"NGS_H19_Normal_Rep2","Read_1365",0.984162870572145,"Subpopulation_2"
"NGS_H19_Normal_Rep2","Read_1366",0.0161327715918967,"Subpopulation_1"
"NGS_H19_Normal_Rep2","Read_1367",0.015169011091995,"Subpopulation_1"
"NGS_H19_Normal_Rep2","Read_1368",0.0154027784930062,"Subpopulation_1"
"NGS_H19_Normal_Rep2","Read_1369",0.977634897771178,"Subpopulation_2"
"NGS_H19_Normal_Rep2","Read_1370",0.0272072004765458,"Subpopulation_1"
"NGS_H19_Normal_Rep2","Read_1371",0.978341376924252,"Subpopulation_2"
"NGS_H19_Normal_Rep2","Read_1372",0.018870471940626,"Subpopulation_1"
"NGS_H19_Normal_Rep2","Read_1373",0.978976357942506,"Subpopulation_2"
"NGS_H19_Normal_Rep2","Read_1374",0.987252410440357,"Subpopulation_2"
"NGS_H19_Normal_Rep2","Read_1375",0.984761210466432,"Subpopulation_2"
"NGS_H19_Normal_Rep2","Read_1376",0.020460816887674,"Subpopulation_1"
"NGS_H19_Normal_Rep2","Read_1377",0.983700241955135,"Subpopulation_2"
"NGS_H19_Normal_Rep2","Read_1378",0.981060852088574,"Subpopulation_2"
"NGS_H19_Normal_Rep2","Read_1379",0.974333213279592,"Subpopulation_2"
"NGS_H19_Normal_Rep2","Read_1380",0.978787232207061,"Subpopulation_2"
"NGS_H19_Normal_Rep2","Read_1381",0.976600454745829,"Subpopulation_2"
"NGS_H19_Normal_Rep2","Read_1382",0.0126033329415378,"Subpopulation_1"
"NGS_H19_Normal_Rep2","Read_1383",0.023023129478995,"Subpopulation_1"
"NGS_H19_Normal_Rep2","Read_1384",0.982400264734435,"Subpopulation_2"
"NGS_H19_Normal_Rep2","Read_1385",0.976900128655876,"Subpopulation_2"
"NGS_H19_Normal_Rep2","Read_1386",0.0295662930353519,"Subpopulation_1"
"NGS_H19_Normal_Rep2","Read_1387",0.983361896628175,"Subpopulation_2"
"NGS_H19_Normal_Rep2","Read_1388",0.0233013262493966,"Subpopulation_1"
"NGS_H19_Normal_Rep2","Read_1389",0.981373942482948,"Subpopulation_2"
"NGS_H19_Normal_Rep2","Read_1390",0.979934382378695,"Subpopulation_2"
"NGS_H19_Normal_Rep2","Read_1391",0.0166295884843428,"Subpopulation_1"
"NGS_H19_Normal_Rep2","Read_1392",0.984517763384774,"Subpopulation_2"
"NGS_H19_Normal_Rep2","Read_1393",0.980195427036022,"Subpopulation_2"
"NGS_H19_Normal_Rep2","Read_1394",0.981793382254336,"Subpopulation_2"
"NGS_H19_Normal_Rep2","Read_1395",0.984205982566873,"Subpopulation_2"
"NGS_H19_Normal_Rep2","Read_1396",0.0188977392777919,"Subpopulation_1"
"NGS_H19_Normal_Rep2","Read_1397",0.98026248548433,"Subpopulation_2"
"NGS_H19_Normal_Rep2","Read_1398",0.985212592196826,"Subpopulation_2"
"NGS_H19_Normal_Rep2","Read_1399",0.0144549794869167,"Subpopulation_1"
"NGS_H19_Normal_Rep2","Read_1400",0.974463587499703,"Subpopulation_2"
"NGS_H19_Normal_Rep2","Read_1401",0.0181748624638324,"Subpopulation_1"
"NGS_H19_Normal_Rep2","Read_1402",0.979490260984586,"Subpopulation_2"
"NGS_H19_Normal_Rep2","Read_1403",0.986754468226925,"Subpopulation_2"
"NGS_H19_Normal_Rep2","Read_1404",0.0193579748847625,"Subpopulation_1"
"NGS_H19_Normal_Rep2","Read_1405",0.984967998734213,"Subpopulation_2"
"NGS_H19_Normal_Rep2","Read_1406",0.982841234761586,"Subpopulation_2"
"NGS_H19_Normal_Rep2","Read_1407",0.976727703423347,"Subpopulation_2"
"NGS_H19_Normal_Rep2","Read_1408",0.0164043604445318,"Subpopulation_1"
"NGS_H19_Normal_Rep2","Read_1409",0.0184832167116626,"Subpopulation_1"
"NGS_H19_Normal_Rep2","Read_1410",0.0128157557139376,"Subpopulation_1"
"NGS_H19_Normal_Rep2","Read_1411",0.966543488755935,"Subpopulation_2"
"NGS_H19_Normal_Rep2","Read_1412",0.978211201404814,"Subpopulation_2"
"NGS_H19_Normal_Rep2","Read_1413",0.982029921633477,"Subpopulation_2"
"NGS_H19_Normal_Rep2","Read_1414",0.985859695259215,"Subpopulation_2"
"NGS_H19_Normal_Rep2","Read_1415",0.981295085174839,"Subpopulation_2"
"NGS_H19_Normal_Rep2","Read_1416",0.0193400655544542,"Subpopulation_1"
"NGS_H19_Normal_Rep2","Read_1417",0.978989553098973,"Subpopulation_2"
"NGS_H19_Normal_Rep2","Read_1418",0.0170094859923737,"Subpopulation_1"
"NGS_H19_Normal_Rep2","Read_1419",0.0174640098628095,"Subpopulation_1"
"NGS_H19_Normal_Rep2","Read_1420",0.980194317602931,"Subpopulation_2"
"NGS_H19_Normal_Rep2","Read_1421",0.0167026758160482,"Subpopulation_1"
"NGS_H19_Normal_Rep2","Read_1422",0.966780287081675,"Subpopulation_2"
"NGS_H19_Normal_Rep2","Read_1423",0.0246857577637303,"Subpopulation_1"
"NGS_H19_Normal_Rep2","Read_1424",0.986450784943706,"Subpopulation_2"
"NGS_H19_Normal_Rep2","Read_1425",0.9819820841977,"Subpopulation_2"
"NGS_H19_Normal_Rep2","Read_1426",0.979193828056379,"Subpopulation_2"
"NGS_H19_Normal_Rep2","Read_1427",0.0208702268421821,"Subpopulation_1"
"NGS_H19_Normal_Rep2","Read_1428",0.972229607106946,"Subpopulation_2"
"NGS_H19_Normal_Rep2","Read_1429",0.975664932179146,"Subpopulation_2"
"NGS_H19_Normal_Rep2","Read_1430",0.0201342957812959,"Subpopulation_1"
"NGS_H19_Normal_Rep2","Read_1431",0.0233655522445247,"Subpopulation_1"
"NGS_H19_Normal_Rep2","Read_1432",0.0150649272942498,"Subpopulation_1"
"NGS_H19_Normal_Rep2","Read_1433",0.0247857063595316,"Subpopulation_1"
"NGS_H19_Normal_Rep2","Read_1434",0.977035935809186,"Subpopulation_2"
"NGS_H19_Normal_Rep2","Read_1435",0.975994391989468,"Subpopulation_2"
"NGS_H19_Normal_Rep2","Read_1436",0.976427160598598,"Subpopulation_2"
"NGS_H19_Normal_Rep2","Read_1437",0.0110686745805459,"Subpopulation_1"
"NGS_H19_Normal_Rep2","Read_1438",0.979517878049513,"Subpopulation_2"
"NGS_H19_Normal_Rep2","Read_1439",0.98026017527403,"Subpopulation_2"
"NGS_H19_Normal_Rep2","Read_1440",0.979826640103669,"Subpopulation_2"
"NGS_H19_Normal_Rep2","Read_1441",0.980143033710153,"Subpopulation_2"
"NGS_H19_Normal_Rep2","Read_1442",0.0259048208410093,"Subpopulation_1"
"NGS_H19_Normal_Rep2","Read_1443",0.982525840268559,"Subpopulation_2"
"NGS_H19_Normal_Rep2","Read_1444",0.0255492383048339,"Subpopulation_1"
"NGS_H19_Normal_Rep2","Read_1445",0.977398737410073,"Subpopulation_2"
"NGS_H19_Normal_Rep2","Read_1446",0.974869547546213,"Subpopulation_2"
"NGS_H19_Normal_Rep2","Read_1447",0.0187417545933705,"Subpopulation_1"
"NGS_H19_Normal_Rep2","Read_1448",0.0317312350836209,"Subpopulation_1"
"NGS_H19_Normal_Rep2","Read_1449",0.984738268504023,"Subpopulation_2"
"NGS_H19_Normal_Rep2","Read_1450",0.0153635676314026,"Subpopulation_1"
"NGS_H19_Normal_Rep2","Read_1451",0.0208917318904861,"Subpopulation_1"
"NGS_H19_Normal_Rep2","Read_1452",0.981906373166053,"Subpopulation_2"
"NGS_H19_Normal_Rep2","Read_1453",0.0226665831729519,"Subpopulation_1"
"NGS_H19_Normal_Rep2","Read_1454",0.988306848608078,"Subpopulation_2"
"NGS_H19_Normal_Rep2","Read_1455",0.980020485732826,"Subpopulation_2"
"NGS_H19_Normal_Rep2","Read_1456",0.0202466956665186,"Subpopulation_1"
"NGS_H19_Normal_Rep2","Read_1457",0.0152033809933752,"Subpopulation_1"
"NGS_H19_Normal_Rep2","Read_1458",0.977227282785505,"Subpopulation_2"
"NGS_H19_Normal_Rep2","Read_1459",0.023370522119039,"Subpopulation_1"
"NGS_H19_Normal_Rep2","Read_1460",0.0182700934061609,"Subpopulation_1"
"NGS_H19_Normal_Rep2","Read_1461",0.0130624253828821,"Subpopulation_1"
"NGS_H19_Normal_Rep2","Read_1462",0.0114202869349909,"Subpopulation_1"
"NGS_H19_Normal_Rep2","Read_1463",0.974386802445866,"Subpopulation_2"
"NGS_H19_Normal_Rep2","Read_1464",0.973774604441395,"Subpopulation_2"
"NGS_H19_Normal_Rep2","Read_1465",0.972116247553566,"Subpopulation_2"
"NGS_H19_Normal_Rep2","Read_1466",0.0190741400923864,"Subpopulation_1"
"NGS_H19_Normal_Rep2","Read_1467",0.0234147319572774,"Subpopulation_1"
"NGS_H19_Normal_Rep2","Read_1468",0.977182261799328,"Subpopulation_2"
"NGS_H19_Normal_Rep2","Read_1469",0.975689600692333,"Subpopulation_2"
"NGS_H19_Normal_Rep2","Read_1470",0.978211039254841,"Subpopulation_2"
"NGS_H19_Normal_Rep2","Read_1471",0.983890774850937,"Subpopulation_2"
"NGS_H19_Normal_Rep2","Read_1472",0.978304997318642,"Subpopulation_2"
"NGS_H19_Normal_Rep2","Read_1473",0.0196639623705221,"Subpopulation_1"
"NGS_H19_Normal_Rep2","Read_1474",0.0173992260324144,"Subpopulation_1"
"NGS_H19_Normal_Rep2","Read_1475",0.986641473532944,"Subpopulation_2"
"NGS_H19_Normal_Rep2","Read_1476",0.980045774123793,"Subpopulation_2"
"NGS_H19_Normal_Rep2","Read_1477",0.979110677190855,"Subpopulation_2"
"NGS_H19_Normal_Rep2","Read_1478",0.0171994479075459,"Subpopulation_1"
"NGS_H19_Normal_Rep2","Read_1479",0.0199955216380675,"Subpopulation_1"
"NGS_H19_Normal_Rep2","Read_1480",0.021496899495365,"Subpopulation_1"
"NGS_H19_Normal_Rep2","Read_1481",0.98338081571711,"Subpopulation_2"
"NGS_H19_Normal_Rep2","Read_1482",0.980219399703891,"Subpopulation_2"
"NGS_H19_Normal_Rep2","Read_1483",0.0252506894187781,"Subpopulation_1"
"NGS_H19_Normal_Rep2","Read_1484",0.982070832907602,"Subpopulation_2"
"NGS_H19_Normal_Rep2","Read_1485",0.0162980801688483,"Subpopulation_1"
"NGS_H19_Normal_Rep2","Read_1486",0.0132460016614662,"Subpopulation_1"
"NGS_H19_Normal_Rep2","Read_1487",0.978442654485194,"Subpopulation_2"
"NGS_H19_Normal_Rep2","Read_1488",0.984141243132273,"Subpopulation_2"
"NGS_H19_Normal_Rep2","Read_1489",0.0234048350136755,"Subpopulation_1"
"NGS_H19_Normal_Rep2","Read_1490",0.989293838086161,"Subpopulation_2"
"NGS_H19_Normal_Rep2","Read_1491",0.976851072905376,"Subpopulation_2"
"NGS_H19_Normal_Rep2","Read_1492",0.982439408840323,"Subpopulation_2"
"NGS_H19_Normal_Rep2","Read_1493",0.0231992058553791,"Subpopulation_1"
"NGS_H19_Normal_Rep2","Read_1494",0.0211555717979807,"Subpopulation_1"
"NGS_H19_Normal_Rep2","Read_1495",0.0235136381309936,"Subpopulation_1"
"NGS_H19_Normal_Rep2","Read_1496",0.021692147391332,"Subpopulation_1"
"NGS_H19_Normal_Rep2","Read_1497",0.980411342631437,"Subpopulation_2"
"NGS_H19_Normal_Rep2","Read_1498",0.0196150284819326,"Subpopulation_1"
"NGS_H19_Normal_Rep2","Read_1499",0.0203394518986392,"Subpopulation_1"
"NGS_H19_Normal_Rep2","Read_1500",0.0187291282341248,"Subpopulation_1"
"NGS_H19_Normal_Rep2","Read_1501",0.0234821229169882,"Subpopulation_1"
"NGS_H19_Normal_Rep2","Read_1502",0.0185804385296416,"Subpopulation_1"
"NGS_H19_Normal_Rep2","Read_1503",0.0198537271181181,"Subpopulation_1"
"NGS_H19_Normal_Rep2","Read_1504",0.0211241445478065,"Subpopulation_1"
"NGS_H19_Normal_Rep2","Read_1505",0.982353920977386,"Subpopulation_2"
"NGS_H19_Normal_Rep2","Read_1506",0.977512024669223,"Subpopulation_2"
"NGS_H19_Normal_Rep2","Read_1507",0.0161016912226158,"Subpopulation_1"
"NGS_H19_Normal_Rep2","Read_1508",0.978567941707805,"Subpopulation_2"
"NGS_H19_Normal_Rep2","Read_1509",0.982305292372453,"Subpopulation_2"
"NGS_H19_Normal_Rep2","Read_1510",0.0210467536671176,"Subpopulation_1"
"NGS_H19_Normal_Rep2","Read_1511",0.0239369474326569,"Subpopulation_1"
"NGS_H19_Normal_Rep2","Read_1512",0.985925023015374,"Subpopulation_2"
"NGS_H19_Normal_Rep2","Read_1513",0.974543239039208,"Subpopulation_2"
"NGS_H19_Normal_Rep2","Read_1514",0.984574195397785,"Subpopulation_2"
"NGS_H19_Normal_Rep2","Read_1515",0.0305054785605309,"Subpopulation_1"
"NGS_H19_Normal_Rep2","Read_1516",0.975794685129294,"Subpopulation_2"
"NGS_H19_Normal_Rep2","Read_1517",0.0160887652760696,"Subpopulation_1"
"NGS_H19_Normal_Rep2","Read_1518",0.0290280064232359,"Subpopulation_1"
"NGS_H19_Normal_Rep2","Read_1519",0.978145453468001,"Subpopulation_2"
"NGS_H19_Normal_Rep2","Read_1520",0.98118818900119,"Subpopulation_2"
"NGS_H19_Normal_Rep2","Read_1521",0.975365497133792,"Subpopulation_2"
"NGS_H19_Normal_Rep2","Read_1522",0.0260866285565973,"Subpopulation_1"
"NGS_H19_Normal_Rep2","Read_1523",0.0209989998054155,"Subpopulation_1"
"NGS_H19_Normal_Rep2","Read_1524",0.0121509195442094,"Subpopulation_1"
"NGS_H19_Normal_Rep2","Read_1525",0.984014354547755,"Subpopulation_2"
"NGS_H19_Normal_Rep2","Read_1526",0.0203945797715697,"Subpopulation_1"
"NGS_H19_Normal_Rep2","Read_1527",0.982651128104158,"Subpopulation_2"
"NGS_H19_Normal_Rep2","Read_1528",0.975533623015667,"Subpopulation_2"
"NGS_H19_Normal_Rep2","Read_1529",0.0261389242381358,"Subpopulation_1"
"NGS_H19_Normal_Rep2","Read_1530",0.0164425474611045,"Subpopulation_1"
"NGS_H19_Normal_Rep2","Read_1531",0.983421584665924,"Subpopulation_2"
"NGS_H19_Normal_Rep2","Read_1532",0.977548421645475,"Subpopulation_2"
"NGS_H19_Normal_Rep2","Read_1533",0.977254578653308,"Subpopulation_2"
"NGS_H19_Normal_Rep2","Read_1534",0.0180756843646195,"Subpopulation_1"
"NGS_H19_Normal_Rep2","Read_1535",0.0227527949899206,"Subpopulation_1"
"NGS_H19_Normal_Rep2","Read_1536",0.023895834421127,"Subpopulation_1"
"NGS_H19_Normal_Rep2","Read_1537",0.0218891078988058,"Subpopulation_1"
"NGS_H19_Normal_Rep2","Read_1538",0.0232294877843797,"Subpopulation_1"
"NGS_H19_Normal_Rep2","Read_1539",0.981336226318606,"Subpopulation_2"
"NGS_H19_Normal_Rep2","Read_1540",0.0245350717059996,"Subpopulation_1"
"NGS_H19_Normal_Rep2","Read_1541",0.0204583845451161,"Subpopulation_1"
"NGS_H19_Normal_Rep2","Read_1542",0.973568051556251,"Subpopulation_2"
"NGS_H19_Normal_Rep2","Read_1543",0.983513910979366,"Subpopulation_2"
"NGS_H19_Normal_Rep2","Read_1544",0.0205784817586271,"Subpopulation_1"
"NGS_H19_Normal_Rep2","Read_1545",0.011906689997471,"Subpopulation_1"
"NGS_H19_Normal_Rep2","Read_1546",0.988971638855655,"Subpopulation_2"
"NGS_H19_Normal_Rep2","Read_1547",0.0188205860119769,"Subpopulation_1"
"NGS_H19_Normal_Rep2","Read_1548",0.0208534643060217,"Subpopulation_1"
"NGS_H19_Normal_Rep2","Read_1549",0.0348571827670354,"Subpopulation_1"
"NGS_H19_Normal_Rep2","Read_1550",0.0152110411659876,"Subpopulation_1"
"NGS_H19_Normal_Rep2","Read_1551",0.0250470390324361,"Subpopulation_1"
"NGS_H19_Normal_Rep2","Read_1552",0.0275788154828097,"Subpopulation_1"
"NGS_H19_Normal_Rep2","Read_1553",0.983769384336885,"Subpopulation_2"
"NGS_H19_Normal_Rep2","Read_1554",0.0170769500179374,"Subpopulation_1"
"NGS_H19_Normal_Rep2","Read_1555",0.02569541764812,"Subpopulation_1"
"NGS_H19_Normal_Rep2","Read_1556",0.968014816019064,"Subpopulation_2"
"NGS_H19_Normal_Rep2","Read_1557",0.0157138323030971,"Subpopulation_1"
"NGS_H19_Normal_Rep2","Read_1558",0.984589266232643,"Subpopulation_2"
"NGS_H19_Normal_Rep2","Read_1559",0.98239871643955,"Subpopulation_2"
"NGS_H19_Normal_Rep2","Read_1560",0.0198700853354435,"Subpopulation_1"
"NGS_H19_Normal_Rep2","Read_1561",0.972138194955712,"Subpopulation_2"
"NGS_H19_Normal_Rep2","Read_1562",0.972298011122285,"Subpopulation_2"
"NGS_H19_Normal_Rep2","Read_1563",0.970385845245884,"Subpopulation_2"
"NGS_H19_Normal_Rep2","Read_1564",0.982458135383878,"Subpopulation_2"
"NGS_H19_Normal_Rep2","Read_1565",0.98370550267292,"Subpopulation_2"
"NGS_H19_Normal_Rep2","Read_1566",0.0185657670066589,"Subpopulation_1"
"NGS_H19_Normal_Rep2","Read_1567",0.0173766878816834,"Subpopulation_1"
"NGS_H19_Normal_Rep2","Read_1568",0.981961076690477,"Subpopulation_2"
"NGS_H19_Normal_Rep2","Read_1569",0.985458459681584,"Subpopulation_2"
"NGS_H19_Normal_Rep2","Read_1570",0.977761273957407,"Subpopulation_2"
"NGS_H19_Normal_Rep2","Read_1571",0.97888527320579,"Subpopulation_2"
"NGS_H19_Normal_Rep2","Read_1572",0.0192297854687684,"Subpopulation_1"
"NGS_H19_Normal_Rep2","Read_1573",0.980870287724787,"Subpopulation_2"
"NGS_H19_Normal_Rep2","Read_1574",0.0396805994005701,"Subpopulation_1"
"NGS_H19_Normal_Rep2","Read_1575",0.980600653379118,"Subpopulation_2"
"NGS_H19_Normal_Rep2","Read_1576",0.0135894824115939,"Subpopulation_1"
"NGS_H19_Normal_Rep2","Read_1577",0.973852377312751,"Subpopulation_2"
"NGS_H19_Normal_Rep2","Read_1578",0.021948174781825,"Subpopulation_1"
"NGS_H19_Normal_Rep2","Read_1579",0.980025170296907,"Subpopulation_2"
"NGS_H19_Normal_Rep2","Read_1580",0.984806837266017,"Subpopulation_2"
"NGS_H19_Normal_Rep2","Read_1581",0.0127240789858226,"Subpopulation_1"
"NGS_H19_Normal_Rep2","Read_1582",0.975978994207076,"Subpopulation_2"
"NGS_H19_Normal_Rep2","Read_1583",0.0178854215676543,"Subpopulation_1"
"NGS_H19_Normal_Rep2","Read_1584",0.016890239629505,"Subpopulation_1"
"NGS_H19_Normal_Rep2","Read_1585",0.973336079941502,"Subpopulation_2"
"NGS_H19_Normal_Rep2","Read_1586",0.0171029407183133,"Subpopulation_1"
"NGS_H19_Normal_Rep2","Read_1587",0.0192740856885842,"Subpopulation_1"
"NGS_H19_Normal_Rep2","Read_1588",0.0165036443902838,"Subpopulation_1"
"NGS_H19_Normal_Rep2","Read_1589",0.0155413390366217,"Subpopulation_1"
"NGS_H19_Normal_Rep2","Read_1590",0.981323363158725,"Subpopulation_2"
"NGS_H19_Normal_Rep2","Read_1591",0.0175916116670866,"Subpopulation_1"
"NGS_H19_Normal_Rep2","Read_1592",0.985117667456601,"Subpopulation_2"
"NGS_H19_Normal_Rep2","Read_1593",0.974978792050177,"Subpopulation_2"
"NGS_H19_Normal_Rep2","Read_1594",0.0252295189081325,"Subpopulation_1"
"NGS_H19_Normal_Rep2","Read_1595",0.988080849236224,"Subpopulation_2"
"NGS_H19_Normal_Rep2","Read_1596",0.976171015091922,"Subpopulation_2"
"NGS_H19_Normal_Rep2","Read_1597",0.0207947629356562,"Subpopulation_1"
"NGS_H19_Normal_Rep2","Read_1598",0.027253763579693,"Subpopulation_1"
"NGS_H19_Normal_Rep2","Read_1599",0.971612079025912,"Subpopulation_2"
"NGS_H19_Normal_Rep2","Read_1600",0.0185140684685532,"Subpopulation_1"
"NGS_H19_Normal_Rep2","Read_1601",0.980515133106498,"Subpopulation_2"
"NGS_H19_Normal_Rep2","Read_1602",0.0187335263538203,"Subpopulation_1"
"NGS_H19_Normal_Rep2","Read_1603",0.0220489146724075,"Subpopulation_1"
"NGS_H19_Normal_Rep2","Read_1604",0.977116939072256,"Subpopulation_2"
"NGS_H19_Normal_Rep2","Read_1605",0.984825596874304,"Subpopulation_2"
"NGS_H19_Normal_Rep2","Read_1606",0.021130063691734,"Subpopulation_1"
"NGS_H19_Normal_Rep2","Read_1607",0.986542988288708,"Subpopulation_2"
"NGS_H19_Normal_Rep2","Read_1608",0.971880798685854,"Subpopulation_2"
"NGS_H19_Normal_Rep2","Read_1609",0.982022279924911,"Subpopulation_2"
"NGS_H19_Normal_Rep2","Read_1610",0.0240262333328559,"Subpopulation_1"
"NGS_H19_Normal_Rep2","Read_1611",0.977325607112294,"Subpopulation_2"
"NGS_H19_Normal_Rep2","Read_1612",0.984359243779544,"Subpopulation_2"
"NGS_H19_Normal_Rep2","Read_1613",0.981838938245192,"Subpopulation_2"
"NGS_H19_Normal_Rep2","Read_1614",0.981365559217715,"Subpopulation_2"
"NGS_H19_Normal_Rep2","Read_1615",0.972682155554562,"Subpopulation_2"
"NGS_H19_Normal_Rep2","Read_1616",0.974594374232788,"Subpopulation_2"
"NGS_H19_Normal_Rep2","Read_1617",0.986530077836024,"Subpopulation_2"
"NGS_H19_Normal_Rep2","Read_1618",0.979590675859952,"Subpopulation_2"
"NGS_H19_Normal_Rep2","Read_1619",0.981653090237632,"Subpopulation_2"
"NGS_H19_Normal_Rep2","Read_1620",0.0160862212355062,"Subpopulation_1"
"NGS_H19_Normal_Rep2","Read_1621",0.0190663109736127,"Subpopulation_1"
"NGS_H19_Normal_Rep2","Read_1622",0.982053778485543,"Subpopulation_2"
"NGS_H19_Normal_Rep2","Read_1623",0.978896219059092,"Subpopulation_2"
"NGS_H19_Normal_Rep2","Read_1624",0.0175295958500537,"Subpopulation_1"
"NGS_H19_Normal_Rep2","Read_1625",0.974163036090839,"Subpopulation_2"
"NGS_H19_Normal_Rep2","Read_1626",0.0175113298590832,"Subpopulation_1"
"NGS_H19_Normal_Rep2","Read_1627",0.983237676447785,"Subpopulation_2"
"NGS_H19_Normal_Rep2","Read_1628",0.966799401898814,"Subpopulation_2"
"NGS_H19_Normal_Rep2","Read_1629",0.0196189337780755,"Subpopulation_1"
"NGS_H19_Normal_Rep2","Read_1630",0.984710315345638,"Subpopulation_2"
"NGS_H19_Normal_Rep2","Read_1631",0.980357747207233,"Subpopulation_2"
"NGS_H19_Normal_Rep2","Read_1632",0.986104908441226,"Subpopulation_2"
"NGS_H19_Normal_Rep2","Read_1633",0.980308660950755,"Subpopulation_2"
"NGS_H19_Normal_Rep2","Read_1634",0.0146505723984176,"Subpopulation_1"
"NGS_H19_Normal_Rep2","Read_1635",0.982826321824717,"Subpopulation_2"
"NGS_H19_Normal_Rep2","Read_1636",0.977909522669278,"Subpopulation_2"
"NGS_H19_Normal_Rep2","Read_1637",0.0289552050416738,"Subpopulation_1"
"NGS_H19_Normal_Rep2","Read_1638",0.0218849787007809,"Subpopulation_1"
"NGS_H19_Normal_Rep2","Read_1639",0.978742247795944,"Subpopulation_2"
"NGS_H19_Normal_Rep2","Read_1640",0.985985158048551,"Subpopulation_2"
"NGS_H19_Normal_Rep2","Read_1641",0.0105714160373883,"Subpopulation_1"
"NGS_H19_Normal_Rep2","Read_1642",0.0184929496146575,"Subpopulation_1"
"NGS_H19_Normal_Rep2","Read_1643",0.971117639329196,"Subpopulation_2"
"NGS_H19_Normal_Rep2","Read_1644",0.0200287199334815,"Subpopulation_1"
"NGS_H19_Normal_Rep2","Read_1645",0.0171646003920391,"Subpopulation_1"
"NGS_H19_Normal_Rep2","Read_1646",0.974225415314424,"Subpopulation_2"
"NGS_H19_Normal_Rep2","Read_1647",0.0165355317480161,"Subpopulation_1"
"NGS_H19_Normal_Rep2","Read_1648",0.0250628859976277,"Subpopulation_1"
"NGS_H19_Normal_Rep2","Read_1649",0.0226670604447177,"Subpopulation_1"
"NGS_H19_Normal_Rep2","Read_1650",0.974387993479426,"Subpopulation_2"
"NGS_H19_Normal_Rep2","Read_1651",0.0203953789433367,"Subpopulation_1"
"NGS_H19_Normal_Rep2","Read_1652",0.98467282450735,"Subpopulation_2"
"NGS_H19_Normal_Rep2","Read_1653",0.98405049578144,"Subpopulation_2"
"NGS_H19_Normal_Rep2","Read_1654",0.0146415860149915,"Subpopulation_1"
"NGS_H19_Normal_Rep2","Read_1655",0.0191751083535738,"Subpopulation_1"
"NGS_H19_Normal_Rep2","Read_1656",0.981047646827061,"Subpopulation_2"
"NGS_H19_Normal_Rep2","Read_1657",0.0161721037281785,"Subpopulation_1"
"NGS_H19_Normal_Rep2","Read_1658",0.982343331763158,"Subpopulation_2"
"NGS_H19_Normal_Rep2","Read_1659",0.97713245758822,"Subpopulation_2"
"NGS_H19_Normal_Rep2","Read_1660",0.975745733559096,"Subpopulation_2"
"NGS_H19_Normal_Rep2","Read_1661",0.0194696830283177,"Subpopulation_1"
"NGS_H19_Normal_Rep2","Read_1662",0.0231238602182519,"Subpopulation_1"
"NGS_H19_Normal_Rep2","Read_1663",0.980789384779627,"Subpopulation_2"
"NGS_H19_Normal_Rep2","Read_1664",0.0204908356192668,"Subpopulation_1"
"NGS_H19_Normal_Rep2","Read_1665",0.977108710538776,"Subpopulation_2"
"NGS_H19_Normal_Rep2","Read_1666",0.973655784566436,"Subpopulation_2"
"NGS_H19_Normal_Rep2","Read_1667",0.984840906704144,"Subpopulation_2"
"NGS_H19_Normal_Rep2","Read_1668",0.976135123799354,"Subpopulation_2"
"NGS_H19_Normal_Rep2","Read_1669",0.984689398575554,"Subpopulation_2"
"NGS_H19_Normal_Rep2","Read_1670",0.983697120232717,"Subpopulation_2"
"NGS_H19_Normal_Rep2","Read_1671",0.0204758559837251,"Subpopulation_1"
"NGS_H19_Normal_Rep2","Read_1672",0.0222231253282189,"Subpopulation_1"
"NGS_H19_Normal_Rep2","Read_1673",0.0161707492577485,"Subpopulation_1"
"NGS_H19_Normal_Rep2","Read_1674",0.0181052295188386,"Subpopulation_1"
"NGS_H19_Normal_Rep2","Read_1675",0.0163289686696239,"Subpopulation_1"
"NGS_H19_Normal_Rep2","Read_1676",0.0188739100220635,"Subpopulation_1"
"NGS_H19_Normal_Rep2","Read_1677",0.986226637370097,"Subpopulation_2"
"NGS_H19_Normal_Rep2","Read_1678",0.0193960263216228,"Subpopulation_1"
"NGS_H19_Normal_Rep2","Read_1679",0.0252104298446251,"Subpopulation_1"
"NGS_H19_Normal_Rep2","Read_1680",0.0224016164852646,"Subpopulation_1"
"NGS_H19_Normal_Rep2","Read_1681",0.0182659735324752,"Subpopulation_1"
"NGS_H19_Normal_Rep2","Read_1682",0.0251815931830199,"Subpopulation_1"
"NGS_H19_Normal_Rep2","Read_1683",0.987729962410774,"Subpopulation_2"
"NGS_H19_Normal_Rep2","Read_1684",0.0217675480956417,"Subpopulation_1"
"NGS_H19_Normal_Rep2","Read_1685",0.978863961604449,"Subpopulation_2"
"NGS_H19_Normal_Rep2","Read_1686",0.982165396046948,"Subpopulation_2"
"NGS_H19_Normal_Rep2","Read_1687",0.0193679947148398,"Subpopulation_1"
"NGS_H19_Normal_Rep2","Read_1688",0.0231088200292795,"Subpopulation_1"
"NGS_H19_Normal_Rep2","Read_1689",0.974576511247714,"Subpopulation_2"
"NGS_H19_Normal_Rep2","Read_1690",0.0171046594843859,"Subpopulation_1"
"NGS_H19_Normal_Rep2","Read_1691",0.983062068968681,"Subpopulation_2"
"NGS_H19_Normal_Rep2","Read_1692",0.985865556656763,"Subpopulation_2"
"NGS_H19_Normal_Rep2","Read_1693",0.0178828817733088,"Subpopulation_1"
"NGS_H19_Normal_Rep2","Read_1694",0.0140434599586919,"Subpopulation_1"
"NGS_H19_Normal_Rep2","Read_1695",0.984336847601732,"Subpopulation_2"
"NGS_H19_Normal_Rep2","Read_1696",0.0150781655262616,"Subpopulation_1"
"NGS_H19_Normal_Rep2","Read_1697",0.0302118927984362,"Subpopulation_1"
"NGS_H19_Normal_Rep2","Read_1698",0.987658023520686,"Subpopulation_2"
"NGS_H19_Normal_Rep2","Read_1699",0.0223951135154235,"Subpopulation_1"
"NGS_H19_Normal_Rep2","Read_1700",0.0119406559974866,"Subpopulation_1"
"NGS_H19_Normal_Rep2","Read_1701",0.0167363491980627,"Subpopulation_1"
"NGS_H19_Normal_Rep2","Read_1702",0.0199365247375256,"Subpopulation_1"
"NGS_H19_Normal_Rep2","Read_1703",0.976311078906662,"Subpopulation_2"
"NGS_H19_Normal_Rep2","Read_1704",0.0248659785263199,"Subpopulation_1"
"NGS_H19_Normal_Rep2","Read_1705",0.973800198873573,"Subpopulation_2"
"NGS_H19_Normal_Rep2","Read_1706",0.978582172195138,"Subpopulation_2"
"NGS_H19_Normal_Rep2","Read_1707",0.983645464907591,"Subpopulation_2"
"NGS_H19_Normal_Rep2","Read_1708",0.0153910502980721,"Subpopulation_1"
"NGS_H19_Normal_Rep2","Read_1709",0.97743425203549,"Subpopulation_2"
"NGS_H19_Normal_Rep2","Read_1710",0.97877610221333,"Subpopulation_2"
"NGS_H19_Normal_Rep2","Read_1711",0.984143375804706,"Subpopulation_2"
"NGS_H19_Normal_Rep2","Read_1712",0.0145877774467544,"Subpopulation_1"
"NGS_H19_Normal_Rep2","Read_1713",0.0173388833433461,"Subpopulation_1"
"NGS_H19_Normal_Rep2","Read_1714",0.980187925493601,"Subpopulation_2"
"NGS_H19_Normal_Rep2","Read_1715",0.0233660027318081,"Subpopulation_1"
"NGS_H19_Normal_Rep2","Read_1716",0.022283436720626,"Subpopulation_1"
"NGS_H19_Normal_Rep2","Read_1717",0.981638342516514,"Subpopulation_2"
"NGS_H19_Normal_Rep2","Read_1718",0.0199714288416321,"Subpopulation_1"
"NGS_H19_Normal_Rep2","Read_1719",0.976350502500257,"Subpopulation_2"
"NGS_H19_Normal_Rep2","Read_1720",0.976412614031073,"Subpopulation_2"
"NGS_H19_Normal_Rep2","Read_1721",0.984593623084402,"Subpopulation_2"
"NGS_H19_Normal_Rep2","Read_1722",0.986368363997112,"Subpopulation_2"
"NGS_H19_Normal_Rep2","Read_1723",0.987804738289366,"Subpopulation_2"
"NGS_H19_Normal_Rep2","Read_1724",0.979043678529799,"Subpopulation_2"
"NGS_H19_Normal_Rep2","Read_1725",0.986357708359435,"Subpopulation_2"
"NGS_H19_Normal_Rep2","Read_1726",0.0154623014325595,"Subpopulation_1"
"NGS_H19_Normal_Rep2","Read_1727",0.981693248351846,"Subpopulation_2"
"NGS_H19_Normal_Rep2","Read_1728",0.976648589721368,"Subpopulation_2"
"NGS_H19_Normal_Rep2","Read_1729",0.0212377866090935,"Subpopulation_1"
"NGS_H19_Normal_Rep2","Read_1730",0.0127975814897206,"Subpopulation_1"
"NGS_H19_Normal_Rep2","Read_1731",0.972105357094359,"Subpopulation_2"
"NGS_H19_Normal_Rep2","Read_1732",0.0152133887620612,"Subpopulation_1"
"NGS_H19_Normal_Rep2","Read_1733",0.98591287149425,"Subpopulation_2"
"NGS_H19_Normal_Rep2","Read_1734",0.979210310185673,"Subpopulation_2"
"NGS_H19_Normal_Rep2","Read_1735",0.966805441780516,"Subpopulation_2"
"NGS_H19_Normal_Rep2","Read_1736",0.0134019362676399,"Subpopulation_1"
"NGS_H19_Normal_Rep2","Read_1737",0.0115697982534319,"Subpopulation_1"
"NGS_H19_Normal_Rep2","Read_1738",0.0198947979056339,"Subpopulation_1"
"NGS_H19_Normal_Rep2","Read_1739",0.975489291571969,"Subpopulation_2"
"NGS_H19_Normal_Rep2","Read_1740",0.9829103680129,"Subpopulation_2"
"NGS_H19_Normal_Rep2","Read_1741",0.979096525726756,"Subpopulation_2"
"NGS_H19_Normal_Rep2","Read_1742",0.0154382368126748,"Subpopulation_1"
"NGS_H19_Normal_Rep2","Read_1743",0.0185136989413468,"Subpopulation_1"
"NGS_H19_Normal_Rep2","Read_1744",0.975295879334917,"Subpopulation_2"
"NGS_H19_Normal_Rep2","Read_1745",0.974705642146205,"Subpopulation_2"
"NGS_H19_Normal_Rep2","Read_1746",0.0166778181876385,"Subpopulation_1"
"NGS_H19_Normal_Rep2","Read_1747",0.0276115292400281,"Subpopulation_1"
"NGS_H19_Normal_Rep2","Read_1748",0.981423941475717,"Subpopulation_2"
"NGS_H19_Normal_Rep2","Read_1749",0.0156963151233749,"Subpopulation_1"
"NGS_H19_Normal_Rep2","Read_1750",0.0199895999666278,"Subpopulation_1"
"NGS_H19_Normal_Rep2","Read_1751",0.974972849930449,"Subpopulation_2"
"NGS_H19_Normal_Rep2","Read_1752",0.977248214216857,"Subpopulation_2"
"NGS_H19_Normal_Rep2","Read_1753",0.982008320216937,"Subpopulation_2"
"NGS_H19_Normal_Rep2","Read_1754",0.0188692224178679,"Subpopulation_1"
"NGS_H19_Normal_Rep2","Read_1755",0.976947439629584,"Subpopulation_2"
"NGS_H19_Normal_Rep2","Read_1756",0.982436982446485,"Subpopulation_2"
"NGS_H19_Normal_Rep2","Read_1757",0.979410846382697,"Subpopulation_2"
"NGS_H19_Normal_Rep2","Read_1758",0.0207980145831433,"Subpopulation_1"
"NGS_H19_Normal_Rep2","Read_1759",0.0241119880115806,"Subpopulation_1"
"NGS_H19_Normal_Rep2","Read_1760",0.0178552294290184,"Subpopulation_1"
"NGS_H19_Normal_Rep2","Read_1761",0.983656825679407,"Subpopulation_2"
"NGS_H19_Normal_Rep2","Read_1762",0.0250270566877745,"Subpopulation_1"
"NGS_H19_Normal_Rep2","Read_1763",0.0225896198472653,"Subpopulation_1"
"NGS_H19_Normal_Rep2","Read_1764",0.0154300892777795,"Subpopulation_1"
"NGS_H19_Normal_Rep2","Read_1765",0.974791862750396,"Subpopulation_2"
"NGS_H19_Normal_Rep2","Read_1766",0.0276415912816104,"Subpopulation_1"
"NGS_H19_Normal_Rep2","Read_1767",0.98057899431443,"Subpopulation_2"
"NGS_H19_Normal_Rep2","Read_1768",0.978587831585304,"Subpopulation_2"
"NGS_H19_Normal_Rep2","Read_1769",0.0294441189031778,"Subpopulation_1"
"NGS_H19_Normal_Rep2","Read_1770",0.969101288299321,"Subpopulation_2"
"NGS_H19_Normal_Rep2","Read_1771",0.969319573114179,"Subpopulation_2"
"NGS_H19_Normal_Rep2","Read_1772",0.0138727073260757,"Subpopulation_1"
"NGS_H19_Normal_Rep2","Read_1773",0.974503413640965,"Subpopulation_2"
"NGS_H19_Normal_Rep2","Read_1774",0.974119833750451,"Subpopulation_2"
"NGS_H19_Normal_Rep2","Read_1775",0.0188840199629853,"Subpopulation_1"
"NGS_H19_Normal_Rep2","Read_1776",0.976950625792954,"Subpopulation_2"
"NGS_H19_Normal_Rep2","Read_1777",0.979763572774969,"Subpopulation_2"
"NGS_H19_Normal_Rep2","Read_1778",0.027151348414466,"Subpopulation_1"
"NGS_H19_Normal_Rep2","Read_1779",0.0199456680366047,"Subpopulation_1"
"NGS_H19_Normal_Rep2","Read_1780",0.0204253698355738,"Subpopulation_1"
"NGS_H19_Normal_Rep2","Read_1781",0.0215238955730553,"Subpopulation_1"
"NGS_H19_Normal_Rep2","Read_1782",0.0264526402593493,"Subpopulation_1"
"NGS_H19_Normal_Rep2","Read_1783",0.982517461772577,"Subpopulation_2"
"NGS_H19_Normal_Rep2","Read_1784",0.985106235586283,"Subpopulation_2"
"NGS_H19_Normal_Rep2","Read_1785",0.0167941760521892,"Subpopulation_1"
"NGS_H19_Normal_Rep2","Read_1786",0.98386548163702,"Subpopulation_2"
"NGS_H19_Normal_Rep2","Read_1787",0.0196224387225668,"Subpopulation_1"
"NGS_H19_Normal_Rep2","Read_1788",0.0203869860534399,"Subpopulation_1"
"NGS_H19_Normal_Rep2","Read_1789",0.0152209992428126,"Subpopulation_1"
"NGS_H19_Normal_Rep2","Read_1790",0.987207221958688,"Subpopulation_2"
"NGS_H19_Normal_Rep2","Read_1791",0.982777002091151,"Subpopulation_2"
"NGS_H19_Normal_Rep2","Read_1792",0.979735424910086,"Subpopulation_2"
"NGS_H19_Normal_Rep2","Read_1793",0.982110759911955,"Subpopulation_2"
"NGS_H19_Normal_Rep2","Read_1794",0.0208555287275859,"Subpopulation_1"
"NGS_H19_Normal_Rep2","Read_1795",0.0228618479064028,"Subpopulation_1"
"NGS_H19_Normal_Rep2","Read_1796",0.974673946156131,"Subpopulation_2"
"NGS_H19_Normal_Rep2","Read_1797",0.977376659391966,"Subpopulation_2"
"NGS_H19_Normal_Rep2","Read_1798",0.973754791562796,"Subpopulation_2"
"NGS_H19_Normal_Rep2","Read_1799",0.0276444739872555,"Subpopulation_1"
"NGS_H19_Normal_Rep2","Read_1800",0.979343559925898,"Subpopulation_2"
"NGS_H19_Normal_Rep2","Read_1801",0.0192844927149065,"Subpopulation_1"
"NGS_H19_Normal_Rep2","Read_1802",0.0253158196525275,"Subpopulation_1"
"NGS_H19_Normal_Rep2","Read_1803",0.015841970480708,"Subpopulation_1"
"NGS_H19_Normal_Rep2","Read_1804",0.018741659729824,"Subpopulation_1"
"NGS_H19_Normal_Rep2","Read_1805",0.982280792064818,"Subpopulation_2"
"NGS_H19_Normal_Rep2","Read_1806",0.0197341537602657,"Subpopulation_1"
"NGS_H19_Normal_Rep2","Read_1807",0.971372248117027,"Subpopulation_2"
"NGS_H19_Normal_Rep2","Read_1808",0.982530811743244,"Subpopulation_2"
"NGS_H19_Normal_Rep2","Read_1809",0.983610930089564,"Subpopulation_2"
"NGS_H19_Normal_Rep2","Read_1810",0.983869364970494,"Subpopulation_2"
"NGS_H19_Normal_Rep2","Read_1811",0.984079353627841,"Subpopulation_2"
"NGS_H19_Normal_Rep2","Read_1812",0.0153682651385003,"Subpopulation_1"
"NGS_H19_Normal_Rep2","Read_1813",0.979549503517364,"Subpopulation_2"
"NGS_H19_Normal_Rep2","Read_1814",0.0181370287713182,"Subpopulation_1"
"NGS_H19_Normal_Rep2","Read_1815",0.976842628586206,"Subpopulation_2"
"NGS_H19_Normal_Rep2","Read_1816",0.0328795354027425,"Subpopulation_1"
"NGS_H19_Normal_Rep2","Read_1817",0.983752220509591,"Subpopulation_2"
"NGS_H19_Normal_Rep2","Read_1818",0.0242684104444328,"Subpopulation_1"
"NGS_H19_Normal_Rep2","Read_1819",0.981185228261384,"Subpopulation_2"
"NGS_H19_Normal_Rep2","Read_1820",0.0201576079217586,"Subpopulation_1"
"NGS_H19_Normal_Rep2","Read_1821",0.982032310277686,"Subpopulation_2"
"NGS_H19_Normal_Rep2","Read_1822",0.981351598340726,"Subpopulation_2"
"NGS_H19_Normal_Rep2","Read_1823",0.970892240286619,"Subpopulation_2"
"NGS_H19_Normal_Rep2","Read_1824",0.0188748059170454,"Subpopulation_1"
"NGS_H19_Normal_Rep2","Read_1825",0.0180916115257458,"Subpopulation_1"
"NGS_H19_Normal_Rep2","Read_1826",0.0187304257531567,"Subpopulation_1"
"NGS_H19_Normal_Rep2","Read_1827",0.0177159681692086,"Subpopulation_1"
"NGS_H19_Normal_Rep2","Read_1828",0.0227608924651973,"Subpopulation_1"
"NGS_H19_Normal_Rep2","Read_1829",0.0220983351846709,"Subpopulation_1"
"NGS_H19_Normal_Rep2","Read_1830",0.0207116302111488,"Subpopulation_1"
"NGS_H19_Normal_Rep2","Read_1831",0.978723937308566,"Subpopulation_2"
"NGS_H19_Normal_Rep2","Read_1832",0.0114936095685529,"Subpopulation_1"
"NGS_H19_Normal_Rep2","Read_1833",0.0209448949439037,"Subpopulation_1"
"NGS_H19_Normal_Rep2","Read_1834",0.0204435512056987,"Subpopulation_1"
"NGS_H19_Normal_Rep2","Read_1835",0.0211907213122595,"Subpopulation_1"
"NGS_H19_Normal_Rep2","Read_1836",0.0193699013534301,"Subpopulation_1"
"NGS_H19_Normal_Rep2","Read_1837",0.984352610158575,"Subpopulation_2"
"NGS_H19_Normal_Rep2","Read_1838",0.0194979326122783,"Subpopulation_1"
"NGS_H19_Normal_Rep2","Read_1839",0.982573111320098,"Subpopulation_2"
"NGS_H19_Normal_Rep2","Read_1840",0.0193449202892901,"Subpopulation_1"
"NGS_H19_Normal_Rep2","Read_1841",0.968183457402168,"Subpopulation_2"
"NGS_H19_Normal_Rep2","Read_1842",0.0276968888687772,"Subpopulation_1"
"NGS_H19_Normal_Rep2","Read_1843",0.0161211588442149,"Subpopulation_1"
"NGS_H19_Normal_Rep2","Read_1844",0.979349955769913,"Subpopulation_2"
"NGS_H19_Normal_Rep2","Read_1845",0.982652842747563,"Subpopulation_2"
"NGS_H19_Normal_Rep2","Read_1846",0.00957094883868545,"Subpopulation_1"
"NGS_H19_Normal_Rep2","Read_1847",0.983986277950533,"Subpopulation_2"
"NGS_H19_Normal_Rep2","Read_1848",0.0210794126603582,"Subpopulation_1"
"NGS_H19_Normal_Rep2","Read_1849",0.986485454191857,"Subpopulation_2"
"NGS_H19_Normal_Rep2","Read_1850",0.021173445276381,"Subpopulation_1"
"NGS_H19_Normal_Rep2","Read_1851",0.0173912357556584,"Subpopulation_1"
"NGS_H19_Normal_Rep2","Read_1852",0.0191356938422722,"Subpopulation_1"
"NGS_H19_Normal_Rep2","Read_1853",0.981096691291697,"Subpopulation_2"
"NGS_H19_Normal_Rep2","Read_1854",0.970849965532747,"Subpopulation_2"
"NGS_H19_Normal_Rep2","Read_1855",0.0245194982109635,"Subpopulation_1"
"NGS_H19_Normal_Rep2","Read_1856",0.975452367357539,"Subpopulation_2"
"NGS_H19_Normal_Rep2","Read_1857",0.0201347275507651,"Subpopulation_1"
"NGS_H19_Normal_Rep2","Read_1858",0.977163502252491,"Subpopulation_2"
"NGS_H19_Normal_Rep2","Read_1859",0.981081971728806,"Subpopulation_2"
"NGS_H19_Normal_Rep2","Read_1860",0.0205766752463254,"Subpopulation_1"
"NGS_H19_Normal_Rep2","Read_1861",0.984309676381885,"Subpopulation_2"
"NGS_H19_Normal_Rep2","Read_1862",0.0252652521098597,"Subpopulation_1"
"NGS_H19_Normal_Rep2","Read_1863",0.0174888213680068,"Subpopulation_1"
"NGS_H19_Normal_Rep2","Read_1864",0.0205728110544297,"Subpopulation_1"
"NGS_H19_Normal_Rep2","Read_1865",0.017624371350828,"Subpopulation_1"
"NGS_H19_Normal_Rep2","Read_1866",0.0254104494455985,"Subpopulation_1"
"NGS_H19_Normal_Rep2","Read_1867",0.0155310296775749,"Subpopulation_1"
"NGS_H19_Normal_Rep2","Read_1868",0.986932508675336,"Subpopulation_2"
"NGS_H19_Normal_Rep2","Read_1869",0.0223921877052444,"Subpopulation_1"
"NGS_H19_Normal_Rep2","Read_1870",0.982582645014954,"Subpopulation_2"
"NGS_H19_Normal_Rep2","Read_1871",0.981622299825612,"Subpopulation_2"
"NGS_H19_Normal_Rep2","Read_1872",0.0240476024347488,"Subpopulation_1"
"NGS_H19_Normal_Rep2","Read_1873",0.0239009602486973,"Subpopulation_1"
"NGS_H19_Normal_Rep2","Read_1874",0.0260544131111716,"Subpopulation_1"
"NGS_H19_Normal_Rep2","Read_1875",0.0186431131546357,"Subpopulation_1"
"NGS_H19_Normal_Rep2","Read_1876",0.985836948158281,"Subpopulation_2"
"NGS_H19_Normal_Rep2","Read_1877",0.0219321797879811,"Subpopulation_1"
"NGS_H19_Normal_Rep2","Read_1878",0.0198467683890112,"Subpopulation_1"
"NGS_H19_Normal_Rep2","Read_1879",0.976121089981383,"Subpopulation_2"
"NGS_H19_Normal_Rep2","Read_1880",0.973915720421275,"Subpopulation_2"
"NGS_H19_Normal_Rep2","Read_1881",0.0224763381401685,"Subpopulation_1"
"NGS_H19_Normal_Rep2","Read_1882",0.975392167316753,"Subpopulation_2"
"NGS_H19_Normal_Rep2","Read_1883",0.0201804749070603,"Subpopulation_1"
"NGS_H19_Normal_Rep2","Read_1884",0.0148880962496156,"Subpopulation_1"
"NGS_H19_Normal_Rep2","Read_1885",0.979140307834468,"Subpopulation_2"
"NGS_H19_Normal_Rep2","Read_1886",0.0244636834316282,"Subpopulation_1"
"NGS_H19_Normal_Rep2","Read_1887",0.0236201993521571,"Subpopulation_1"
"NGS_H19_Normal_Rep2","Read_1888",0.026573384878152,"Subpopulation_1"
"NGS_H19_Normal_Rep2","Read_1889",0.0252534440710322,"Subpopulation_1"
"NGS_H19_Normal_Rep2","Read_1890",0.0260448829167619,"Subpopulation_1"
"NGS_H19_Normal_Rep2","Read_1891",0.0164622349020242,"Subpopulation_1"
"NGS_H19_Normal_Rep2","Read_1892",0.976691942689382,"Subpopulation_2"
"NGS_H19_Normal_Rep2","Read_1893",0.977539363905628,"Subpopulation_2"
"NGS_H19_Normal_Rep2","Read_1894",0.0214476907501898,"Subpopulation_1"
"NGS_H19_Normal_Rep2","Read_1895",0.012952571917879,"Subpopulation_1"
"NGS_H19_Normal_Rep2","Read_1896",0.0196703133598522,"Subpopulation_1"
"NGS_H19_Normal_Rep2","Read_1897",0.0162967102907923,"Subpopulation_1"
"NGS_H19_Normal_Rep2","Read_1898",0.974795820932702,"Subpopulation_2"
"NGS_H19_Normal_Rep2","Read_1899",0.0206229009782923,"Subpopulation_1"
"NGS_H19_Normal_Rep2","Read_1900",0.0211323082150611,"Subpopulation_1"
"NGS_H19_Normal_Rep2","Read_1901",0.985352576879716,"Subpopulation_2"
"NGS_H19_Normal_Rep2","Read_1902",0.0209778651600844,"Subpopulation_1"
"NGS_H19_Normal_Rep2","Read_1903",0.979835151922386,"Subpopulation_2"
"NGS_H19_Normal_Rep2","Read_1904",0.0211111483642721,"Subpopulation_1"
"NGS_H19_Normal_Rep2","Read_1905",0.981361786884448,"Subpopulation_2"
"NGS_H19_Normal_Rep2","Read_1906",0.975807599142456,"Subpopulation_2"
"NGS_H19_Normal_Rep2","Read_1907",0.0248735790958109,"Subpopulation_1"
"NGS_H19_Normal_Rep2","Read_1908",0.979683319410874,"Subpopulation_2"
"NGS_H19_Normal_Rep2","Read_1909",0.019706915963653,"Subpopulation_1"
"NGS_H19_Normal_Rep2","Read_1910",0.0254693204829651,"Subpopulation_1"
"NGS_H19_Normal_Rep2","Read_1911",0.980024481030471,"Subpopulation_2"
"NGS_H19_Normal_Rep2","Read_1912",0.0134220851206001,"Subpopulation_1"
"NGS_H19_Normal_Rep2","Read_1913",0.984662558287868,"Subpopulation_2"
"NGS_H19_Normal_Rep2","Read_1914",0.980163757386867,"Subpopulation_2"
"NGS_H19_Normal_Rep2","Read_1915",0.976930926482591,"Subpopulation_2"
"NGS_H19_Normal_Rep2","Read_1916",0.0226805767221704,"Subpopulation_1"
"NGS_H19_Normal_Rep2","Read_1917",0.015180154335642,"Subpopulation_1"
"NGS_H19_Normal_Rep2","Read_1918",0.029983894091204,"Subpopulation_1"
"NGS_H19_Normal_Rep2","Read_1919",0.0144491189341846,"Subpopulation_1"
"NGS_H19_Normal_Rep2","Read_1920",0.986775731470667,"Subpopulation_2"
"NGS_H19_Normal_Rep2","Read_1921",0.975353105028795,"Subpopulation_2"
"NGS_H19_Normal_Rep2","Read_1922",0.980214434592428,"Subpopulation_2"
"NGS_H19_Normal_Rep2","Read_1923",0.977497722756982,"Subpopulation_2"
"NGS_H19_Normal_Rep2","Read_1924",0.0298866230896172,"Subpopulation_1"
"NGS_H19_Normal_Rep2","Read_1925",0.977348318217716,"Subpopulation_2"
"NGS_H19_Normal_Rep2","Read_1926",0.97817364045135,"Subpopulation_2"
"NGS_H19_Normal_Rep2","Read_1927",0.0244157327736176,"Subpopulation_1"
"NGS_H19_Normal_Rep2","Read_1928",0.969704569668549,"Subpopulation_2"
"NGS_H19_Normal_Rep2","Read_1929",0.984799502853914,"Subpopulation_2"
"NGS_H19_Normal_Rep2","Read_1930",0.983270890490059,"Subpopulation_2"
"NGS_H19_Normal_Rep2","Read_1931",0.975073853515476,"Subpopulation_2"
"NGS_H19_Normal_Rep2","Read_1932",0.024178433136868,"Subpopulation_1"
"NGS_H19_Normal_Rep2","Read_1933",0.0273280728795975,"Subpopulation_1"
"NGS_H19_Normal_Rep2","Read_1934",0.0226635892220783,"Subpopulation_1"
"NGS_H19_Normal_Rep2","Read_1935",0.983004553837471,"Subpopulation_2"
"NGS_H19_Normal_Rep2","Read_1936",0.0152095494340648,"Subpopulation_1"
"NGS_H19_Normal_Rep2","Read_1937",0.981302791220083,"Subpopulation_2"
"NGS_H19_Normal_Rep2","Read_1938",0.0251156921639584,"Subpopulation_1"
"NGS_H19_Normal_Rep2","Read_1939",0.984472499791909,"Subpopulation_2"
"NGS_H19_Normal_Rep2","Read_1940",0.99028787854014,"Subpopulation_2"
"NGS_H19_Normal_Rep2","Read_1941",0.975010693613524,"Subpopulation_2"
"NGS_H19_Normal_Rep2","Read_1942",0.98207929741793,"Subpopulation_2"
"NGS_H19_Normal_Rep2","Read_1943",0.991209909631085,"Subpopulation_2"
"NGS_H19_Normal_Rep2","Read_1944",0.0187160038789126,"Subpopulation_1"
"NGS_H19_Normal_Rep2","Read_1945",0.0263127587903507,"Subpopulation_1"
"NGS_H19_Normal_Rep2","Read_1946",0.980320332471726,"Subpopulation_2"
"NGS_H19_Normal_Rep2","Read_1947",0.0211535151199038,"Subpopulation_1"
"NGS_H19_Normal_Rep2","Read_1948",0.983774526401491,"Subpopulation_2"
"NGS_H19_Normal_Rep2","Read_1949",0.0202923596073362,"Subpopulation_1"
"NGS_H19_Normal_Rep2","Read_1950",0.985407439602197,"Subpopulation_2"
"NGS_H19_Normal_Rep2","Read_1951",0.0283001169576678,"Subpopulation_1"
"NGS_H19_Normal_Rep2","Read_1952",0.985488904781913,"Subpopulation_2"
"NGS_H19_Normal_Rep2","Read_1953",0.968065080823076,"Subpopulation_2"
"NGS_H19_Normal_Rep2","Read_1954",0.014691567991161,"Subpopulation_1"
"NGS_H19_Normal_Rep2","Read_1955",0.0235758167264489,"Subpopulation_1"
"NGS_H19_Normal_Rep2","Read_1956",0.0215613780547155,"Subpopulation_1"
"NGS_H19_Normal_Rep2","Read_1957",0.01131557211034,"Subpopulation_1"
"NGS_H19_Normal_Rep2","Read_1958",0.979508216390899,"Subpopulation_2"
"NGS_H19_Normal_Rep2","Read_1959",0.97787537143825,"Subpopulation_2"
"NGS_H19_Normal_Rep2","Read_1960",0.0203421009703923,"Subpopulation_1"
"NGS_H19_Normal_Rep2","Read_1961",0.0274145094452815,"Subpopulation_1"
"NGS_H19_Normal_Rep2","Read_1962",0.0178896577210595,"Subpopulation_1"
"NGS_H19_Normal_Rep2","Read_1963",0.0228605400343275,"Subpopulation_1"
"NGS_H19_Normal_Rep2","Read_1964",0.022554175135559,"Subpopulation_1"
"NGS_H19_Normal_Rep2","Read_1965",0.0175713493407486,"Subpopulation_1"
"NGS_H19_Normal_Rep2","Read_1966",0.0141500959563878,"Subpopulation_1"
"NGS_H19_Normal_Rep2","Read_1967",0.0135174374366356,"Subpopulation_1"
"NGS_H19_Normal_Rep2","Read_1968",0.984632965155902,"Subpopulation_2"
"NGS_H19_Normal_Rep2","Read_1969",0.032108787105223,"Subpopulation_1"
"NGS_H19_Normal_Rep2","Read_1970",0.0215030825307693,"Subpopulation_1"
"NGS_H19_Normal_Rep2","Read_1971",0.984109117437626,"Subpopulation_2"
"NGS_H19_Normal_Rep2","Read_1972",0.018214272296731,"Subpopulation_1"
"NGS_H19_Normal_Rep2","Read_1973",0.984020865967131,"Subpopulation_2"
"NGS_H19_Normal_Rep2","Read_1974",0.0151003848114485,"Subpopulation_1"
"NGS_H19_Normal_Rep2","Read_1975",0.975017996330108,"Subpopulation_2"
"NGS_H19_Normal_Rep2","Read_1976",0.97904096627894,"Subpopulation_2"
"NGS_H19_Normal_Rep2","Read_1977",0.0173446633106884,"Subpopulation_1"
"NGS_H19_Normal_Rep2","Read_1978",0.987240771625347,"Subpopulation_2"
"NGS_H19_Normal_Rep2","Read_1979",0.0174535079188894,"Subpopulation_1"
"NGS_H19_Normal_Rep2","Read_1980",0.015798975176372,"Subpopulation_1"
"NGS_H19_Normal_Rep2","Read_1981",0.0179448473884585,"Subpopulation_1"
"NGS_H19_Normal_Rep2","Read_1982",0.973521970407477,"Subpopulation_2"
"NGS_H19_Normal_Rep2","Read_1983",0.01921346749896,"Subpopulation_1"
"NGS_H19_Normal_Rep2","Read_1984",0.0178437963192311,"Subpopulation_1"
"NGS_H19_Normal_Rep2","Read_1985",0.982018674609242,"Subpopulation_2"
"NGS_H19_Normal_Rep2","Read_1986",0.986257660278563,"Subpopulation_2"
"NGS_H19_Normal_Rep2","Read_1987",0.973154470347566,"Subpopulation_2"
"NGS_H19_Normal_Rep2","Read_1988",0.0195260693922996,"Subpopulation_1"
"NGS_H19_Normal_Rep2","Read_1989",0.0203576998807982,"Subpopulation_1"
"NGS_H19_Normal_Rep2","Read_1990",0.0125198561594692,"Subpopulation_1"
"NGS_H19_Normal_Rep2","Read_1991",0.0185881413628386,"Subpopulation_1"
"NGS_H19_Normal_Rep2","Read_1992",0.0224747052683001,"Subpopulation_1"
"NGS_H19_Normal_Rep2","Read_1993",0.0174152715480964,"Subpopulation_1"
"NGS_H19_Normal_Rep2","Read_1994",0.0195055256989232,"Subpopulation_1"
"NGS_H19_Normal_Rep2","Read_1995",0.0213430558255384,"Subpopulation_1"
"NGS_H19_Normal_Rep2","Read_1996",0.978658683543547,"Subpopulation_2"
"NGS_H19_Normal_Rep2","Read_1997",0.0260229438631422,"Subpopulation_1"
"NGS_H19_Normal_Rep2","Read_1998",0.0173219607422175,"Subpopulation_1"
"NGS_H19_Normal_Rep2","Read_1999",0.987445498182247,"Subpopulation_2"
"NGS_H19_Normal_Rep2","Read_2000",0.00832393520382534,"Subpopulation_1"
"NGS_H19_Normal_Rep2","Read_2001",0.0245522929646975,"Subpopulation_1"
"NGS_H19_Normal_Rep2","Read_2002",0.973836487238379,"Subpopulation_2"
"NGS_H19_Normal_Rep2","Read_2003",0.973822470109643,"Subpopulation_2"
"NGS_H19_Normal_Rep2","Read_2004",0.0211081952524869,"Subpopulation_1"
"NGS_H19_Normal_Rep2","Read_2005",0.972194160472944,"Subpopulation_2"
"NGS_H19_Normal_Rep2","Read_2006",0.983730628751882,"Subpopulation_2"
"NGS_H19_Normal_Rep2","Read_2007",0.974365128787599,"Subpopulation_2"
"NGS_H19_Normal_Rep2","Read_2008",0.0176666496959742,"Subpopulation_1"
"NGS_H19_Normal_Rep2","Read_2009",0.978988037460645,"Subpopulation_2"
"NGS_H19_Normal_Rep2","Read_2010",0.023087904329764,"Subpopulation_1"
"NGS_H19_Normal_Rep2","Read_2011",0.979698298960983,"Subpopulation_2"
"NGS_H19_Normal_Rep2","Read_2012",0.977682746977862,"Subpopulation_2"
"NGS_H19_Normal_Rep2","Read_2013",0.975342728519899,"Subpopulation_2"
"NGS_H19_Normal_Rep2","Read_2014",0.976398508559084,"Subpopulation_2"
"NGS_H19_Normal_Rep2","Read_2015",0.978440256241611,"Subpopulation_2"
"NGS_H19_Normal_Rep2","Read_2016",0.980580270150311,"Subpopulation_2"
"NGS_H19_Normal_Rep2","Read_2017",0.021280163130947,"Subpopulation_1"
"NGS_H19_Normal_Rep2","Read_2018",0.0204031187583568,"Subpopulation_1"
"NGS_H19_Normal_Rep2","Read_2019",0.0220820882742872,"Subpopulation_1"
"NGS_H19_Normal_Rep2","Read_2020",0.978255210539302,"Subpopulation_2"
"NGS_H19_Normal_Rep2","Read_2021",0.974071800821602,"Subpopulation_2"
"NGS_H19_Normal_Rep2","Read_2022",0.0217801402193212,"Subpopulation_1"
"NGS_H19_Normal_Rep2","Read_2023",0.987242799994137,"Subpopulation_2"
"NGS_H19_Normal_Rep2","Read_2024",0.977237264169217,"Subpopulation_2"
"NGS_H19_Normal_Rep2","Read_2025",0.0178404416788986,"Subpopulation_1"
"NGS_H19_Normal_Rep2","Read_2026",0.013922803486476,"Subpopulation_1"
"NGS_H19_Normal_Rep2","Read_2027",0.976087175462249,"Subpopulation_2"
"NGS_H19_Normal_Rep2","Read_2028",0.0170468074173829,"Subpopulation_1"
"NGS_H19_Normal_Rep2","Read_2029",0.979500940254054,"Subpopulation_2"
"NGS_H19_Normal_Rep2","Read_2030",0.0158213417548058,"Subpopulation_1"
"NGS_H19_Normal_Rep2","Read_2031",0.0235490345976295,"Subpopulation_1"
"NGS_H19_Normal_Rep2","Read_2032",0.983604392578716,"Subpopulation_2"
"NGS_H19_Normal_Rep2","Read_2033",0.982228625176459,"Subpopulation_2"
"NGS_H19_Normal_Rep2","Read_2034",0.0247582361036045,"Subpopulation_1"
"NGS_H19_Normal_Rep2","Read_2035",0.979680347057871,"Subpopulation_2"
"NGS_H19_Normal_Rep2","Read_2036",0.0203781156494375,"Subpopulation_1"
"NGS_H19_Normal_Rep2","Read_2037",0.977627578779804,"Subpopulation_2"
"NGS_H19_Normal_Rep2","Read_2038",0.0225817418521287,"Subpopulation_1"
"NGS_H19_Normal_Rep2","Read_2039",0.0176563832241531,"Subpopulation_1"
"NGS_H19_Normal_Rep2","Read_2040",0.021056474531793,"Subpopulation_1"
"NGS_H19_Normal_Rep2","Read_2041",0.985409701120481,"Subpopulation_2"
"NGS_H19_Normal_Rep2","Read_2042",0.978048957408201,"Subpopulation_2"
"NGS_H19_Normal_Rep2","Read_2043",0.984208845589071,"Subpopulation_2"
"NGS_H19_Normal_Rep2","Read_2044",0.982622029820279,"Subpopulation_2"
"NGS_H19_Normal_Rep2","Read_2045",0.980562664348438,"Subpopulation_2"
"NGS_H19_Normal_Rep2","Read_2046",0.978893000838076,"Subpopulation_2"
"NGS_H19_Normal_Rep2","Read_2047",0.0209686423255411,"Subpopulation_1"
"NGS_H19_Normal_Rep2","Read_2048",0.97995491787518,"Subpopulation_2"
"NGS_H19_Normal_Rep2","Read_2049",0.975627506755431,"Subpopulation_2"
"NGS_H19_Normal_Rep2","Read_2050",0.0235237485463178,"Subpopulation_1"
"NGS_H19_Normal_Rep2","Read_2051",0.0265340664953167,"Subpopulation_1"
"NGS_H19_Normal_Rep2","Read_2052",0.0186018439007551,"Subpopulation_1"
"NGS_H19_Normal_Rep2","Read_2053",0.0212592844217879,"Subpopulation_1"
"NGS_H19_Normal_Rep2","Read_2054",0.0222579702191003,"Subpopulation_1"
"NGS_H19_Normal_Rep2","Read_2055",0.971488087021291,"Subpopulation_2"
"NGS_H19_Normal_Rep2","Read_2056",0.025411652852166,"Subpopulation_1"
"NGS_H19_Normal_Rep2","Read_2057",0.0182440784880997,"Subpopulation_1"
"NGS_H19_Normal_Rep2","Read_2058",0.019827307534174,"Subpopulation_1"
"NGS_H19_Normal_Rep2","Read_2059",0.0169216515949523,"Subpopulation_1"
"NGS_H19_Normal_Rep2","Read_2060",0.0203468635507743,"Subpopulation_1"
"NGS_H19_Normal_Rep2","Read_2061",0.0195101804470055,"Subpopulation_1"
"NGS_H19_Normal_Rep2","Read_2062",0.9728246358481,"Subpopulation_2"
"NGS_H19_Normal_Rep2","Read_2063",0.984525956673341,"Subpopulation_2"
"NGS_H19_Normal_Rep2","Read_2064",0.0163344113844889,"Subpopulation_1"
"NGS_H19_Normal_Rep2","Read_2065",0.984773078108796,"Subpopulation_2"
"NGS_H19_Normal_Rep2","Read_2066",0.0306185613196718,"Subpopulation_1"
"NGS_H19_Normal_Rep2","Read_2067",0.0182687304966832,"Subpopulation_1"
"NGS_H19_Normal_Rep2","Read_2068",0.0234686252123053,"Subpopulation_1"
"NGS_H19_Normal_Rep2","Read_2069",0.981092724340817,"Subpopulation_2"
"NGS_H19_Normal_Rep2","Read_2070",0.974441515900812,"Subpopulation_2"
"NGS_H19_Normal_Rep2","Read_2071",0.0136260513279161,"Subpopulation_1"
"NGS_H19_Normal_Rep2","Read_2072",0.984797723072096,"Subpopulation_2"
"NGS_H19_Normal_Rep2","Read_2073",0.977627528491054,"Subpopulation_2"
"NGS_H19_Normal_Rep2","Read_2074",0.975890391519139,"Subpopulation_2"
"NGS_H19_Normal_Rep2","Read_2075",0.0189076882282834,"Subpopulation_1"
"NGS_H19_Normal_Rep2","Read_2076",0.0227396122967402,"Subpopulation_1"
"NGS_H19_Normal_Rep2","Read_2077",0.982753625949042,"Subpopulation_2"
"NGS_H19_Normal_Rep2","Read_2078",0.0350787958070503,"Subpopulation_1"
"NGS_H19_Normal_Rep2","Read_2079",0.0203946149941669,"Subpopulation_1"
"NGS_H19_Normal_Rep2","Read_2080",0.979215316774809,"Subpopulation_2"
"NGS_H19_Normal_Rep2","Read_2081",0.0216357516759786,"Subpopulation_1"
"NGS_H19_Normal_Rep2","Read_2082",0.0358581583183214,"Subpopulation_1"
"NGS_H19_Normal_Rep2","Read_2083",0.0192199108513806,"Subpopulation_1"
"NGS_H19_Normal_Rep2","Read_2084",0.982552355028769,"Subpopulation_2"
"NGS_H19_Normal_Rep2","Read_2085",0.0176098440593581,"Subpopulation_1"
"NGS_H19_Normal_Rep2","Read_2086",0.977772145666036,"Subpopulation_2"
"NGS_H19_Normal_Rep2","Read_2087",0.0253680612667035,"Subpopulation_1"
"NGS_H19_Normal_Rep2","Read_2088",0.0297318030348342,"Subpopulation_1"
"NGS_H19_Normal_Rep2","Read_2089",0.980015802932916,"Subpopulation_2"
"NGS_H19_Normal_Rep2","Read_2090",0.977326071734286,"Subpopulation_2"
"NGS_H19_Normal_Rep2","Read_2091",0.0276908524754769,"Subpopulation_1"
"NGS_H19_Normal_Rep2","Read_2092",0.976972189053703,"Subpopulation_2"
"NGS_H19_Normal_Rep2","Read_2093",0.976998527718334,"Subpopulation_2"
"NGS_H19_Normal_Rep2","Read_2094",0.0136726248302016,"Subpopulation_1"
"NGS_H19_Normal_Rep2","Read_2095",0.02083070789289,"Subpopulation_1"
"NGS_H19_Normal_Rep2","Read_2096",0.0236925299767302,"Subpopulation_1"
"NGS_H19_Normal_Rep2","Read_2097",0.972175652560699,"Subpopulation_2"
"NGS_H19_Normal_Rep2","Read_2098",0.977428733002487,"Subpopulation_2"
"NGS_H19_Normal_Rep2","Read_2099",0.982055361667805,"Subpopulation_2"
"NGS_H19_Normal_Rep2","Read_2100",0.0212669512409428,"Subpopulation_1"
"NGS_H19_Normal_Rep2","Read_2101",0.0146945702023941,"Subpopulation_1"
"NGS_H19_Normal_Rep2","Read_2102",0.035982532578848,"Subpopulation_1"
"NGS_H19_Normal_Rep2","Read_2103",0.982841918781964,"Subpopulation_2"
"NGS_H19_Normal_Rep2","Read_2104",0.0187020171651685,"Subpopulation_1"
"NGS_H19_Normal_Rep2","Read_2105",0.0134577948765485,"Subpopulation_1"
"NGS_H19_Normal_Rep2","Read_2106",0.979319830238461,"Subpopulation_2"
"NGS_H19_Normal_Rep2","Read_2107",0.981499251526382,"Subpopulation_2"
"NGS_H19_Normal_Rep2","Read_2108",0.0132629667731724,"Subpopulation_1"
"NGS_H19_Normal_Rep2","Read_2109",0.0156728556004477,"Subpopulation_1"
"NGS_H19_Normal_Rep2","Read_2110",0.0167557810386172,"Subpopulation_1"
"NGS_H19_Normal_Rep2","Read_2111",0.981669675946264,"Subpopulation_2"
"NGS_H19_Normal_Rep2","Read_2112",0.0145538034995154,"Subpopulation_1"
"NGS_H19_Normal_Rep2","Read_2113",0.985994545207709,"Subpopulation_2"
"NGS_H19_Normal_Rep2","Read_2114",0.982722183692851,"Subpopulation_2"
"NGS_H19_Normal_Rep2","Read_2115",0.023796148886294,"Subpopulation_1"
"NGS_H19_Normal_Rep2","Read_2116",0.986427464324472,"Subpopulation_2"
"NGS_H19_Normal_Rep2","Read_2117",0.977739347065096,"Subpopulation_2"
"NGS_H19_Normal_Rep2","Read_2118",0.979549988454596,"Subpopulation_2"
"NGS_H19_Normal_Rep2","Read_2119",0.0202458824323599,"Subpopulation_1"
"NGS_H19_Normal_Rep2","Read_2120",0.986496011111946,"Subpopulation_2"
"NGS_H19_Normal_Rep2","Read_2121",0.979751519488556,"Subpopulation_2"
"NGS_H19_Normal_Rep2","Read_2122",0.974382526149872,"Subpopulation_2"
"NGS_H19_Normal_Rep2","Read_2123",0.0171674879873192,"Subpopulation_1"
"NGS_H19_Normal_Rep2","Read_2124",0.979859751754765,"Subpopulation_2"
"NGS_H19_Normal_Rep2","Read_2125",0.97832151808646,"Subpopulation_2"
"NGS_H19_Normal_Rep2","Read_2126",0.0192103765307331,"Subpopulation_1"
"NGS_H19_Normal_Rep2","Read_2127",0.980021776447541,"Subpopulation_2"
"NGS_H19_Normal_Rep2","Read_2128",0.0162692980805414,"Subpopulation_1"
"NGS_H19_Normal_Rep2","Read_2129",0.974158619257127,"Subpopulation_2"
"NGS_H19_Normal_Rep2","Read_2130",0.979997236508172,"Subpopulation_2"
"NGS_H19_Normal_Rep2","Read_2131",0.0135854119919151,"Subpopulation_1"
"NGS_H19_Normal_Rep2","Read_2132",0.0186625325129435,"Subpopulation_1"
"NGS_H19_Normal_Rep2","Read_2133",0.984160430846296,"Subpopulation_2"
"NGS_H19_Normal_Rep2","Read_2134",0.0118779184476111,"Subpopulation_1"
"NGS_H19_Normal_Rep2","Read_2135",0.983721131521512,"Subpopulation_2"
"NGS_H19_Normal_Rep2","Read_2136",0.982328488196889,"Subpopulation_2"
"NGS_H19_Normal_Rep2","Read_2137",0.982043376060023,"Subpopulation_2"
"NGS_H19_Normal_Rep2","Read_2138",0.0232888058508352,"Subpopulation_1"
"NGS_H19_Normal_Rep2","Read_2139",0.973551361529364,"Subpopulation_2"
"NGS_H19_Normal_Rep2","Read_2140",0.98579359296089,"Subpopulation_2"
"NGS_H19_Normal_Rep2","Read_2141",0.0181008656085895,"Subpopulation_1"
"NGS_H19_Normal_Rep2","Read_2142",0.983822187404725,"Subpopulation_2"
"NGS_H19_Normal_Rep2","Read_2143",0.974981869303615,"Subpopulation_2"
"NGS_H19_Normal_Rep2","Read_2144",0.0161225765714568,"Subpopulation_1"
"NGS_H19_Normal_Rep2","Read_2145",0.0196359185624977,"Subpopulation_1"
"NGS_H19_Normal_Rep2","Read_2146",0.979717975660852,"Subpopulation_2"
"NGS_H19_Normal_Rep2","Read_2147",0.022389052254583,"Subpopulation_1"
"NGS_H19_Normal_Rep2","Read_2148",0.0155515880289852,"Subpopulation_1"
"NGS_H19_Normal_Rep2","Read_2149",0.0247680767684922,"Subpopulation_1"
"NGS_H19_Normal_Rep2","Read_2150",0.981987552267386,"Subpopulation_2"
"NGS_H19_Normal_Rep2","Read_2151",0.972403662123244,"Subpopulation_2"
"NGS_H19_Normal_Rep2","Read_2152",0.0196422885745946,"Subpopulation_1"
"NGS_H19_Normal_Rep2","Read_2153",0.985571436403969,"Subpopulation_2"
"NGS_H19_Normal_Rep2","Read_2154",0.977836012697068,"Subpopulation_2"
"NGS_H19_Normal_Rep2","Read_2155",0.028915602850856,"Subpopulation_1"
"NGS_H19_Normal_Rep2","Read_2156",0.982311596362825,"Subpopulation_2"
"NGS_H19_Normal_Rep2","Read_2157",0.0216612938062408,"Subpopulation_1"
"NGS_H19_Normal_Rep2","Read_2158",0.0181989798954419,"Subpopulation_1"
"NGS_H19_Normal_Rep2","Read_2159",0.982046215857756,"Subpopulation_2"
"NGS_H19_Normal_Rep2","Read_2160",0.0189005982336896,"Subpopulation_1"
"NGS_H19_Normal_Rep2","Read_2161",0.985662370251174,"Subpopulation_2"
"NGS_H19_Normal_Rep2","Read_2162",0.0199388077896662,"Subpopulation_1"
"NGS_H19_Normal_Rep2","Read_2163",0.97938501914363,"Subpopulation_2"
"NGS_H19_Normal_Rep2","Read_2164",0.0171884785711455,"Subpopulation_1"
"NGS_H19_Normal_Rep2","Read_2165",0.974104474323639,"Subpopulation_2"
"NGS_H19_Normal_Rep2","Read_2166",0.986323536632496,"Subpopulation_2"
"NGS_H19_Normal_Rep2","Read_2167",0.986541166668566,"Subpopulation_2"
"NGS_H19_Normal_Rep2","Read_2168",0.984837065399263,"Subpopulation_2"
"NGS_H19_Normal_Rep2","Read_2169",0.980268062313457,"Subpopulation_2"
"NGS_H19_Normal_Rep2","Read_2170",0.979712987442684,"Subpopulation_2"
"NGS_H19_Normal_Rep2","Read_2171",0.977226498236632,"Subpopulation_2"
"NGS_H19_Normal_Rep2","Read_2172",0.024775198311478,"Subpopulation_1"
"NGS_H19_Normal_Rep2","Read_2173",0.0223057814010786,"Subpopulation_1"
"NGS_H19_Normal_Rep2","Read_2174",0.0129550780290686,"Subpopulation_1"
"NGS_H19_Normal_Rep2","Read_2175",0.97459972811393,"Subpopulation_2"
"NGS_H19_Normal_Rep2","Read_2176",0.972716258401486,"Subpopulation_2"
"NGS_H19_Normal_Rep2","Read_2177",0.0164117507227051,"Subpopulation_1"
"NGS_H19_Normal_Rep2","Read_2178",0.977983590601702,"Subpopulation_2"
"NGS_H19_Normal_Rep2","Read_2179",0.0190775994446252,"Subpopulation_1"
"NGS_H19_Normal_Rep2","Read_2180",0.0289544633505181,"Subpopulation_1"
"NGS_H19_Normal_Rep2","Read_2181",0.976824626295629,"Subpopulation_2"
"NGS_H19_Normal_Rep2","Read_2182",0.984603230015805,"Subpopulation_2"
"NGS_H19_Normal_Rep2","Read_2183",0.983703021148093,"Subpopulation_2"
"NGS_H19_Normal_Rep2","Read_2184",0.987379493715668,"Subpopulation_2"
"NGS_H19_Normal_Rep2","Read_2185",0.987640782051907,"Subpopulation_2"
"NGS_H19_Normal_Rep2","Read_2186",0.0184922456515888,"Subpopulation_1"
"NGS_H19_Normal_Rep2","Read_2187",0.981643064653607,"Subpopulation_2"
"NGS_H19_Normal_Rep2","Read_2188",0.983756573414517,"Subpopulation_2"
"NGS_H19_Normal_Rep2","Read_2189",0.974841424025172,"Subpopulation_2"
"NGS_H19_Normal_Rep2","Read_2190",0.0204189587640033,"Subpopulation_1"
"NGS_H19_Normal_Rep2","Read_2191",0.983142349297219,"Subpopulation_2"
"NGS_H19_Normal_Rep2","Read_2192",0.981250957503907,"Subpopulation_2"
"NGS_H19_Normal_Rep2","Read_2193",0.980709984047775,"Subpopulation_2"
"NGS_H19_Normal_Rep2","Read_2194",0.0214845745172095,"Subpopulation_1"
"NGS_H19_Normal_Rep2","Read_2195",0.97280158958057,"Subpopulation_2"
"NGS_H19_Normal_Rep2","Read_2196",0.0236829076096127,"Subpopulation_1"
"NGS_H19_Normal_Rep2","Read_2197",0.982009413494004,"Subpopulation_2"
"NGS_H19_Normal_Rep2","Read_2198",0.0189572964667548,"Subpopulation_1"
"NGS_H19_Normal_Rep2","Read_2199",0.0124201976971351,"Subpopulation_1"
"NGS_H19_Normal_Rep2","Read_2200",0.0234066884854736,"Subpopulation_1"
"NGS_H19_Normal_Rep2","Read_2201",0.976967381424068,"Subpopulation_2"
"NGS_H19_Normal_Rep2","Read_2202",0.0272810447473161,"Subpopulation_1"
"NGS_H19_Normal_Rep2","Read_2203",0.988142159430671,"Subpopulation_2"
"NGS_H19_Normal_Rep2","Read_2204",0.990306979602851,"Subpopulation_2"
"NGS_H19_Normal_Rep2","Read_2205",0.0195701333438803,"Subpopulation_1"
"NGS_H19_Normal_Rep2","Read_2206",0.982542078924773,"Subpopulation_2"
"NGS_H19_Normal_Rep2","Read_2207",0.0207896283734629,"Subpopulation_1"
"NGS_H19_Normal_Rep2","Read_2208",0.986659339135234,"Subpopulation_2"
"NGS_H19_Normal_Rep2","Read_2209",0.973352549043385,"Subpopulation_2"
"NGS_H19_Normal_Rep2","Read_2210",0.0156667974252366,"Subpopulation_1"
"NGS_H19_Normal_Rep2","Read_2211",0.979425766301362,"Subpopulation_2"
"NGS_H19_Normal_Rep2","Read_2212",0.017246019234389,"Subpopulation_1"
"NGS_H19_Normal_Rep2","Read_2213",0.985574015003259,"Subpopulation_2"
"NGS_H19_Normal_Rep2","Read_2214",0.980863803823492,"Subpopulation_2"
"NGS_H19_Normal_Rep2","Read_2215",0.986872875247666,"Subpopulation_2"
"NGS_H19_Normal_Rep2","Read_2216",0.0254477609634708,"Subpopulation_1"
"NGS_H19_Normal_Rep2","Read_2217",0.0233164643142229,"Subpopulation_1"
"NGS_H19_Normal_Rep2","Read_2218",0.023626613416101,"Subpopulation_1"
"NGS_H19_Normal_Rep2","Read_2219",0.989629394459672,"Subpopulation_2"
"NGS_H19_Normal_Rep2","Read_2220",0.977607705834811,"Subpopulation_2"
"NGS_H19_Normal_Rep2","Read_2221",0.979591587276204,"Subpopulation_2"
"NGS_H19_Normal_Rep2","Read_2222",0.979779520493084,"Subpopulation_2"
"NGS_H19_Normal_Rep2","Read_2223",0.0221170578907039,"Subpopulation_1"
"NGS_H19_Normal_Rep2","Read_2224",0.0160885113864309,"Subpopulation_1"
"NGS_H19_Normal_Rep2","Read_2225",0.0167193194375732,"Subpopulation_1"
"NGS_H19_Normal_Rep2","Read_2226",0.0230977821443755,"Subpopulation_1"
"NGS_H19_Normal_Rep2","Read_2227",0.0300640923257327,"Subpopulation_1"
"NGS_H19_Normal_Rep2","Read_2228",0.01772811615551,"Subpopulation_1"
"NGS_H19_Normal_Rep2","Read_2229",0.0214007971010036,"Subpopulation_1"
"NGS_H19_Normal_Rep2","Read_2230",0.0204921714885578,"Subpopulation_1"
"NGS_H19_Normal_Rep2","Read_2231",0.0131494273697035,"Subpopulation_1"
"NGS_H19_Normal_Rep2","Read_2232",0.980215412324847,"Subpopulation_2"
"NGS_H19_Normal_Rep2","Read_2233",0.985900512632973,"Subpopulation_2"
"NGS_H19_Normal_Rep2","Read_2234",0.0185227167519826,"Subpopulation_1"
"NGS_H19_Normal_Rep2","Read_2235",0.980811657422645,"Subpopulation_2"
"NGS_H19_Normal_Rep2","Read_2236",0.0158557384860335,"Subpopulation_1"
"NGS_H19_Normal_Rep2","Read_2237",0.0140229455718245,"Subpopulation_1"
"NGS_H19_Normal_Rep2","Read_2238",0.985768684860581,"Subpopulation_2"
"NGS_H19_Normal_Rep2","Read_2239",0.0165108849456399,"Subpopulation_1"
"NGS_H19_Normal_Rep2","Read_2240",0.0188163594587695,"Subpopulation_1"
"NGS_H19_Normal_Rep2","Read_2241",0.0120651228751339,"Subpopulation_1"
"NGS_H19_Normal_Rep2","Read_2242",0.0167253034749103,"Subpopulation_1"
"NGS_H19_Normal_Rep2","Read_2243",0.0154173691953766,"Subpopulation_1"
"NGS_H19_Normal_Rep2","Read_2244",0.0190172819925649,"Subpopulation_1"
"NGS_H19_Normal_Rep2","Read_2245",0.984239158375735,"Subpopulation_2"
"NGS_H19_Normal_Rep2","Read_2246",0.984691834935919,"Subpopulation_2"
"NGS_H19_Normal_Rep2","Read_2247",0.0201105898237611,"Subpopulation_1"
"NGS_H19_Normal_Rep2","Read_2248",0.0211598059053749,"Subpopulation_1"
"NGS_H19_Normal_Rep2","Read_2249",0.985789209284154,"Subpopulation_2"
"NGS_H19_Normal_Rep2","Read_2250",0.98175206459874,"Subpopulation_2"
"NGS_H19_Normal_Rep2","Read_2251",0.980512513141983,"Subpopulation_2"
"NGS_H19_Normal_Rep2","Read_2252",0.97274015822659,"Subpopulation_2"
"NGS_H19_Normal_Rep2","Read_2253",0.975147570354253,"Subpopulation_2"
"NGS_H19_Normal_Rep2","Read_2254",0.0191820583764736,"Subpopulation_1"
"NGS_H19_Normal_Rep2","Read_2255",0.022573950517408,"Subpopulation_1"
"NGS_H19_Normal_Rep2","Read_2256",0.0165221296799162,"Subpopulation_1"
"NGS_H19_Normal_Rep2","Read_2257",0.018852405984237,"Subpopulation_1"
"NGS_H19_Normal_Rep2","Read_2258",0.0218539921109964,"Subpopulation_1"
"NGS_H19_Normal_Rep2","Read_2259",0.973441674812875,"Subpopulation_2"
"NGS_H19_Normal_Rep2","Read_2260",0.0185115735233643,"Subpopulation_1"
"NGS_H19_Normal_Rep2","Read_2261",0.984280666726173,"Subpopulation_2"
"NGS_H19_Normal_Rep2","Read_2262",0.0252457697635417,"Subpopulation_1"
"NGS_H19_Normal_Rep2","Read_2263",0.978918802431032,"Subpopulation_2"
"NGS_H19_Normal_Rep2","Read_2264",0.983887349895577,"Subpopulation_2"
"NGS_H19_Normal_Rep2","Read_2265",0.982695668518786,"Subpopulation_2"
"NGS_H19_Normal_Rep2","Read_2266",0.984979096735597,"Subpopulation_2"
"NGS_H19_Normal_Rep2","Read_2267",0.983189814033326,"Subpopulation_2"
"NGS_H19_Normal_Rep2","Read_2268",0.985649021989468,"Subpopulation_2"
"NGS_H19_Normal_Rep2","Read_2269",0.0150021908785085,"Subpopulation_1"
"NGS_H19_Normal_Rep2","Read_2270",0.98083890548591,"Subpopulation_2"
"NGS_H19_Normal_Rep2","Read_2271",0.0201151533659978,"Subpopulation_1"
"NGS_H19_Normal_Rep2","Read_2272",0.981191534930581,"Subpopulation_2"
"NGS_H19_Normal_Rep2","Read_2273",0.0178101486557397,"Subpopulation_1"
"NGS_H19_Normal_Rep2","Read_2274",0.0250337117258224,"Subpopulation_1"
"NGS_H19_Normal_Rep2","Read_2275",0.0162621593212072,"Subpopulation_1"
"NGS_H19_Normal_Rep2","Read_2276",0.0152161492430526,"Subpopulation_1"
"NGS_H19_Normal_Rep2","Read_2277",0.985043395660208,"Subpopulation_2"
"NGS_H19_Normal_Rep2","Read_2278",0.0332189934414301,"Subpopulation_1"
"NGS_H19_Normal_Rep2","Read_2279",0.983515101286651,"Subpopulation_2"
"NGS_H19_Normal_Rep2","Read_2280",0.0252446298109665,"Subpopulation_1"
"NGS_H19_Normal_Rep2","Read_2281",0.0166842284869627,"Subpopulation_1"
"NGS_H19_Normal_Rep2","Read_2282",0.982200607882528,"Subpopulation_2"
"NGS_H19_Normal_Rep2","Read_2283",0.0156186767270503,"Subpopulation_1"
"NGS_H19_Normal_Rep2","Read_2284",0.0138663228569268,"Subpopulation_1"
"NGS_H19_Normal_Rep2","Read_2285",0.984856285492331,"Subpopulation_2"
"NGS_H19_Normal_Rep2","Read_2286",0.984545868887664,"Subpopulation_2"
"NGS_H19_Normal_Rep2","Read_2287",0.984493914977368,"Subpopulation_2"
"NGS_H19_Normal_Rep2","Read_2288",0.0230884623328966,"Subpopulation_1"
"NGS_H19_Normal_Rep2","Read_2289",0.0258681911268652,"Subpopulation_1"
"NGS_H19_Normal_Rep2","Read_2290",0.980131803973257,"Subpopulation_2"
"NGS_H19_Normal_Rep2","Read_2291",0.980962062031761,"Subpopulation_2"
"NGS_H19_Normal_Rep2","Read_2292",0.0155035783854436,"Subpopulation_1"
"NGS_H19_Normal_Rep2","Read_2293",0.018793064278242,"Subpopulation_1"
"NGS_H19_Normal_Rep2","Read_2294",0.0173960249926614,"Subpopulation_1"
"NGS_H19_Normal_Rep2","Read_2295",0.991060570053787,"Subpopulation_2"
"NGS_H19_Normal_Rep2","Read_2296",0.977751352416072,"Subpopulation_2"
"NGS_H19_Normal_Rep2","Read_2297",0.0289636982505797,"Subpopulation_1"
"NGS_H19_Normal_Rep2","Read_2298",0.975809480709866,"Subpopulation_2"
"NGS_H19_Normal_Rep2","Read_2299",0.0235977718164788,"Subpopulation_1"
"NGS_H19_Normal_Rep2","Read_2300",0.981001602700208,"Subpopulation_2"
"NGS_H19_Normal_Rep2","Read_2301",0.986425794485954,"Subpopulation_2"
"NGS_H19_Normal_Rep2","Read_2302",0.0151442112965858,"Subpopulation_1"
"NGS_H19_Normal_Rep2","Read_2303",0.97874433647917,"Subpopulation_2"
"NGS_H19_Normal_Rep2","Read_2304",0.97947661761153,"Subpopulation_2"
"NGS_H19_Normal_Rep2","Read_2305",0.982984574278024,"Subpopulation_2"
"NGS_H19_Normal_Rep2","Read_2306",0.0219082431134303,"Subpopulation_1"
"NGS_H19_Normal_Rep2","Read_2307",0.020587881344129,"Subpopulation_1"
"NGS_H19_Normal_Rep2","Read_2308",0.975580147000126,"Subpopulation_2"
"NGS_H19_Normal_Rep2","Read_2309",0.0241269585662249,"Subpopulation_1"
"NGS_H19_Normal_Rep2","Read_2310",0.974882907679082,"Subpopulation_2"
"NGS_H19_Normal_Rep2","Read_2311",0.0293523431145667,"Subpopulation_1"
"NGS_H19_Normal_Rep2","Read_2312",0.0181767259786712,"Subpopulation_1"
"NGS_H19_Normal_Rep2","Read_2313",0.978169389338035,"Subpopulation_2"
"NGS_H19_Normal_Rep2","Read_2314",0.0220222914876143,"Subpopulation_1"
"NGS_H19_Normal_Rep2","Read_2315",0.983544822940428,"Subpopulation_2"
"NGS_H19_Normal_Rep2","Read_2316",0.0175035342111615,"Subpopulation_1"
"NGS_H19_Normal_Rep2","Read_2317",0.979960411461338,"Subpopulation_2"
"NGS_H19_Normal_Rep2","Read_2318",0.977667596533826,"Subpopulation_2"
"NGS_H19_Normal_Rep2","Read_2319",0.0176099342614931,"Subpopulation_1"
"NGS_H19_Normal_Rep2","Read_2320",0.0194205459100547,"Subpopulation_1"
"NGS_H19_Normal_Rep2","Read_2321",0.977205011711635,"Subpopulation_2"
"NGS_H19_Normal_Rep2","Read_2322",0.0182263167870842,"Subpopulation_1"
"NGS_H19_Normal_Rep2","Read_2323",0.0215383201917947,"Subpopulation_1"
"NGS_H19_Normal_Rep2","Read_2324",0.972516317110905,"Subpopulation_2"
"NGS_H19_Normal_Rep2","Read_2325",0.974934259615415,"Subpopulation_2"
"NGS_H19_Normal_Rep2","Read_2326",0.970256372098508,"Subpopulation_2"
"NGS_H19_Normal_Rep2","Read_2327",0.97771090113126,"Subpopulation_2"
"NGS_H19_Normal_Rep2","Read_2328",0.976255836281472,"Subpopulation_2"
"NGS_H19_Normal_Rep2","Read_2329",0.979581868937347,"Subpopulation_2"
"NGS_H19_Normal_Rep2","Read_2330",0.024693429351649,"Subpopulation_1"
"NGS_H19_Normal_Rep2","Read_2331",0.979211311325196,"Subpopulation_2"
"NGS_H19_Normal_Rep2","Read_2332",0.0187717704834195,"Subpopulation_1"
"NGS_H19_Normal_Rep2","Read_2333",0.980497236636361,"Subpopulation_2"
"NGS_H19_Normal_Rep2","Read_2334",0.0160502341884377,"Subpopulation_1"
"NGS_H19_Normal_Rep2","Read_2335",0.0156378019356627,"Subpopulation_1"
"NGS_H19_Normal_Rep2","Read_2336",0.0126918229908208,"Subpopulation_1"
"NGS_H19_Normal_Rep2","Read_2337",0.980387521431394,"Subpopulation_2"
"NGS_H19_Normal_Rep2","Read_2338",0.985231752996999,"Subpopulation_2"
"NGS_H19_Normal_Rep2","Read_2339",0.021804486182821,"Subpopulation_1"
"NGS_H19_Normal_Rep2","Read_2340",0.981727860566424,"Subpopulation_2"
"NGS_H19_Normal_Rep2","Read_2341",0.976981134152028,"Subpopulation_2"
"NGS_H19_Normal_Rep2","Read_2342",0.974436762748816,"Subpopulation_2"
"NGS_H19_Normal_Rep2","Read_2343",0.984081032908777,"Subpopulation_2"
"NGS_H19_Normal_Rep2","Read_2344",0.0214350873668979,"Subpopulation_1"
"NGS_H19_Normal_Rep2","Read_2345",0.0155637524440159,"Subpopulation_1"
"NGS_H19_Normal_Rep2","Read_2346",0.0145363446640167,"Subpopulation_1"
"NGS_H19_Normal_Rep2","Read_2347",0.0234875940163705,"Subpopulation_1"
"NGS_H19_Normal_Rep2","Read_2348",0.0174367657187019,"Subpopulation_1"
"NGS_H19_Normal_Rep2","Read_2349",0.0204877556185911,"Subpopulation_1"
"NGS_H19_Normal_Rep2","Read_2350",0.012763245119491,"Subpopulation_1"
"NGS_H19_Normal_Rep2","Read_2351",0.978660993807834,"Subpopulation_2"
"NGS_H19_Normal_Rep2","Read_2352",0.977701638118898,"Subpopulation_2"
"NGS_H19_Normal_Rep2","Read_2353",0.015288016335822,"Subpopulation_1"
"NGS_H19_Normal_Rep2","Read_2354",0.97584602856406,"Subpopulation_2"
"NGS_H19_Normal_Rep2","Read_2355",0.975801006306901,"Subpopulation_2"
"NGS_H19_Normal_Rep2","Read_2356",0.975168321314207,"Subpopulation_2"
"NGS_H19_Normal_Rep2","Read_2357",0.97037439084979,"Subpopulation_2"
"NGS_H19_Normal_Rep2","Read_2358",0.985565151633574,"Subpopulation_2"
"NGS_H19_Normal_Rep2","Read_2359",0.017092427403529,"Subpopulation_1"
"NGS_H19_Normal_Rep2","Read_2360",0.0181039096262842,"Subpopulation_1"
"NGS_H19_Normal_Rep2","Read_2361",0.0166664580282531,"Subpopulation_1"
"NGS_H19_Normal_Rep2","Read_2362",0.984579074023951,"Subpopulation_2"
"NGS_H19_Normal_Rep2","Read_2363",0.980108529694739,"Subpopulation_2"
"NGS_H19_Normal_Rep2","Read_2364",0.980249180523434,"Subpopulation_2"
"NGS_H19_Normal_Rep2","Read_2365",0.0144360991124061,"Subpopulation_1"
"NGS_H19_Normal_Rep2","Read_2366",0.971796044619608,"Subpopulation_2"
"NGS_H19_Normal_Rep2","Read_2367",0.982536017721271,"Subpopulation_2"
"NGS_H19_Normal_Rep2","Read_2368",0.0277177968177902,"Subpopulation_1"
"NGS_H19_Normal_Rep2","Read_2369",0.975224900760568,"Subpopulation_2"
"NGS_H19_Normal_Rep2","Read_2370",0.0157636255875749,"Subpopulation_1"
"NGS_H19_Normal_Rep2","Read_2371",0.986590201374636,"Subpopulation_2"
"NGS_H19_Normal_Rep2","Read_2372",0.983619741267273,"Subpopulation_2"
"NGS_H19_Normal_Rep2","Read_2373",0.984084586130367,"Subpopulation_2"
"NGS_H19_Normal_Rep2","Read_2374",0.020992573985222,"Subpopulation_1"
"NGS_H19_Normal_Rep2","Read_2375",0.970968343146893,"Subpopulation_2"
"NGS_H19_Normal_Rep2","Read_2376",0.977627289254437,"Subpopulation_2"
"NGS_H19_Normal_Rep2","Read_2377",0.981542626740478,"Subpopulation_2"
"NGS_H19_Normal_Rep2","Read_2378",0.978640058156715,"Subpopulation_2"
"NGS_H19_Normal_Rep2","Read_2379",0.971272184688807,"Subpopulation_2"
"NGS_H19_Normal_Rep2","Read_2380",0.985680148843125,"Subpopulation_2"
"NGS_H19_Normal_Rep2","Read_2381",0.986875754213027,"Subpopulation_2"
"NGS_H19_Normal_Rep2","Read_2382",0.969643191031552,"Subpopulation_2"
"NGS_H19_Normal_Rep2","Read_2383",0.984582718492436,"Subpopulation_2"
"NGS_H19_Normal_Rep2","Read_2384",0.983232576491848,"Subpopulation_2"
"NGS_H19_Normal_Rep2","Read_2385",0.0181352071012661,"Subpopulation_1"
"NGS_H19_Normal_Rep2","Read_2386",0.984145391631837,"Subpopulation_2"
"NGS_H19_Normal_Rep2","Read_2387",0.0166684358789155,"Subpopulation_1"
"NGS_H19_Normal_Rep2","Read_2388",0.0190446909679668,"Subpopulation_1"
"NGS_H19_Normal_Rep2","Read_2389",0.0193837192899483,"Subpopulation_1"
"NGS_H19_Normal_Rep2","Read_2390",0.015958684121064,"Subpopulation_1"
"NGS_H19_Normal_Rep2","Read_2391",0.0233713415029625,"Subpopulation_1"
"NGS_H19_Normal_Rep2","Read_2392",0.0157755532750298,"Subpopulation_1"
"NGS_H19_Normal_Rep2","Read_2393",0.98230406045073,"Subpopulation_2"
"NGS_H19_Normal_Rep2","Read_2394",0.0171553316815105,"Subpopulation_1"
"NGS_H19_Normal_Rep2","Read_2395",0.977811948935287,"Subpopulation_2"
"NGS_H19_Normal_Rep2","Read_2396",0.0238330854281414,"Subpopulation_1"
"NGS_H19_Normal_Rep2","Read_2397",0.983009380507775,"Subpopulation_2"
"NGS_H19_Normal_Rep2","Read_2398",0.0172930081768822,"Subpopulation_1"
"NGS_H19_Normal_Rep2","Read_2399",0.0192433445375486,"Subpopulation_1"
"NGS_H19_Normal_Rep2","Read_2400",0.022733474064791,"Subpopulation_1"
"NGS_H19_Normal_Rep2","Read_2401",0.0176228825696786,"Subpopulation_1"
"NGS_H19_Normal_Rep2","Read_2402",0.979774655702406,"Subpopulation_2"
"NGS_H19_Normal_Rep2","Read_2403",0.015835655842657,"Subpopulation_1"
"NGS_H19_Normal_Rep2","Read_2404",0.0282872843163214,"Subpopulation_1"
"NGS_H19_Normal_Rep2","Read_2405",0.978938444572194,"Subpopulation_2"
"NGS_H19_Normal_Rep2","Read_2406",0.974836617378805,"Subpopulation_2"
"NGS_H19_Normal_Rep2","Read_2407",0.0126156812799313,"Subpopulation_1"
"NGS_H19_Normal_Rep2","Read_2408",0.0238047935052203,"Subpopulation_1"
"NGS_H19_Normal_Rep2","Read_2409",0.977821880069285,"Subpopulation_2"
"NGS_H19_Normal_Rep2","Read_2410",0.0232719140471785,"Subpopulation_1"
"NGS_H19_Normal_Rep2","Read_2411",0.983649759393463,"Subpopulation_2"
"NGS_H19_Normal_Rep2","Read_2412",0.982203038132278,"Subpopulation_2"
"NGS_H19_Normal_Rep2","Read_2413",0.979396540855034,"Subpopulation_2"
"NGS_H19_Normal_Rep2","Read_2414",0.982726957192343,"Subpopulation_2"
"NGS_H19_Normal_Rep2","Read_2415",0.021855000728422,"Subpopulation_1"
"NGS_H19_Normal_Rep2","Read_2416",0.982180701504405,"Subpopulation_2"
"NGS_H19_Normal_Rep2","Read_2417",0.984997659091316,"Subpopulation_2"
"NGS_H19_Normal_Rep2","Read_2418",0.977903672225594,"Subpopulation_2"
"NGS_H19_Normal_Rep2","Read_2419",0.0193798534006147,"Subpopulation_1"
"NGS_H19_Normal_Rep2","Read_2420",0.985594485100615,"Subpopulation_2"
"NGS_H19_Normal_Rep2","Read_2421",0.980077112485439,"Subpopulation_2"
"NGS_H19_Normal_Rep2","Read_2422",0.0265657679536527,"Subpopulation_1"
"NGS_H19_Normal_Rep2","Read_2423",0.98069125753392,"Subpopulation_2"
"NGS_H19_Normal_Rep2","Read_2424",0.978031720553325,"Subpopulation_2"
"NGS_H19_Normal_Rep2","Read_2425",0.979692580625845,"Subpopulation_2"
"NGS_H19_Normal_Rep2","Read_2426",0.0204158445546255,"Subpopulation_1"
"NGS_H19_Normal_Rep2","Read_2427",0.981339094362927,"Subpopulation_2"
"NGS_H19_Normal_Rep2","Read_2428",0.0199022755623373,"Subpopulation_1"
"NGS_H19_Normal_Rep2","Read_2429",0.975554993826874,"Subpopulation_2"
"NGS_H19_Normal_Rep2","Read_2430",0.0157679432720107,"Subpopulation_1"
"NGS_H19_Normal_Rep2","Read_2431",0.012913010119785,"Subpopulation_1"
"NGS_H19_Normal_Rep2","Read_2432",0.982742900371225,"Subpopulation_2"
"NGS_H19_Normal_Rep2","Read_2433",0.024079181800234,"Subpopulation_1"
"NGS_H19_Normal_Rep2","Read_2434",0.985203158651702,"Subpopulation_2"
"NGS_H19_Normal_Rep2","Read_2435",0.982663083884222,"Subpopulation_2"
"NGS_H19_Normal_Rep2","Read_2436",0.0262357533796487,"Subpopulation_1"
"NGS_H19_Normal_Rep2","Read_2437",0.97639546691193,"Subpopulation_2"
"NGS_H19_Normal_Rep2","Read_2438",0.0174444246166353,"Subpopulation_1"
"NGS_H19_Normal_Rep2","Read_2439",0.0164940225173922,"Subpopulation_1"
"NGS_H19_Normal_Rep2","Read_2440",0.978043795893744,"Subpopulation_2"
"NGS_H19_Normal_Rep2","Read_2441",0.977201596933477,"Subpopulation_2"
"NGS_H19_Normal_Rep2","Read_2442",0.0205193760274254,"Subpopulation_1"
"NGS_H19_Normal_Rep2","Read_2443",0.985558395882841,"Subpopulation_2"
"NGS_H19_Normal_Rep2","Read_2444",0.0239728349438229,"Subpopulation_1"
"NGS_H19_Normal_Rep2","Read_2445",0.981741469952083,"Subpopulation_2"
"NGS_H19_Normal_Rep2","Read_2446",0.0114623000536298,"Subpopulation_1"
"NGS_H19_Normal_Rep2","Read_2447",0.0178468799939835,"Subpopulation_1"
"NGS_H19_Normal_Rep2","Read_2448",0.981626432088038,"Subpopulation_2"
"NGS_H19_Normal_Rep2","Read_2449",0.980400673613624,"Subpopulation_2"
"NGS_H19_Normal_Rep2","Read_2450",0.0199962623441544,"Subpopulation_1"
"NGS_H19_Normal_Rep2","Read_2451",0.973306202034997,"Subpopulation_2"
"NGS_H19_Normal_Rep2","Read_2452",0.0143630673679169,"Subpopulation_1"
"NGS_H19_Normal_Rep2","Read_2453",0.0217327642323754,"Subpopulation_1"
"NGS_H19_Normal_Rep2","Read_2454",0.982819049075523,"Subpopulation_2"
"NGS_H19_Normal_Rep2","Read_2455",0.977288051292501,"Subpopulation_2"
"NGS_H19_Normal_Rep2","Read_2456",0.980831333697223,"Subpopulation_2"
"NGS_H19_Normal_Rep2","Read_2457",0.0186926125975576,"Subpopulation_1"
"NGS_H19_Normal_Rep2","Read_2458",0.982965114363969,"Subpopulation_2"
"NGS_H19_Normal_Rep2","Read_2459",0.0132443058410212,"Subpopulation_1"
"NGS_H19_Normal_Rep2","Read_2460",0.0142786141570622,"Subpopulation_1"
"NGS_H19_Normal_Rep2","Read_2461",0.0256523628661566,"Subpopulation_1"
"NGS_H19_Normal_Rep2","Read_2462",0.980260913707505,"Subpopulation_2"
"NGS_H19_Normal_Rep2","Read_2463",0.980756004369427,"Subpopulation_2"
"NGS_H19_Normal_Rep2","Read_2464",0.974769423889754,"Subpopulation_2"
"NGS_H19_Normal_Rep2","Read_2465",0.98420717953775,"Subpopulation_2"
"NGS_H19_Normal_Rep2","Read_2466",0.0167342464122685,"Subpopulation_1"
"NGS_H19_Normal_Rep2","Read_2467",0.977881193252455,"Subpopulation_2"
"NGS_H19_Normal_Rep2","Read_2468",0.0181742368401271,"Subpopulation_1"
"NGS_H19_Normal_Rep2","Read_2469",0.982867892648706,"Subpopulation_2"
"NGS_H19_Normal_Rep2","Read_2470",0.0216685112141702,"Subpopulation_1"
"NGS_H19_Normal_Rep2","Read_2471",0.0169918949339341,"Subpopulation_1"
"NGS_H19_Normal_Rep2","Read_2472",0.018278411361809,"Subpopulation_1"
"NGS_H19_Normal_Rep2","Read_2473",0.0200250835681714,"Subpopulation_1"
"NGS_H19_Normal_Rep2","Read_2474",0.977242395859363,"Subpopulation_2"
"NGS_H19_Normal_Rep2","Read_2475",0.976646455919771,"Subpopulation_2"
"NGS_H19_Normal_Rep2","Read_2476",0.0210891920588594,"Subpopulation_1"
"NGS_H19_Normal_Rep2","Read_2477",0.0203338982515316,"Subpopulation_1"
"NGS_H19_Normal_Rep2","Read_2478",0.0142972828730511,"Subpopulation_1"
"NGS_H19_Normal_Rep2","Read_2479",0.979875889675612,"Subpopulation_2"
"NGS_H19_Normal_Rep2","Read_2480",0.0152358669462849,"Subpopulation_1"
"NGS_H19_Normal_Rep2","Read_2481",0.0224748822618756,"Subpopulation_1"
"NGS_H19_Normal_Rep2","Read_2482",0.0203760469756958,"Subpopulation_1"
"NGS_H19_Normal_Rep2","Read_2483",0.0147289006149474,"Subpopulation_1"
"NGS_H19_Normal_Rep2","Read_2484",0.980303509873339,"Subpopulation_2"
"NGS_H19_Normal_Rep2","Read_2485",0.0240346697940841,"Subpopulation_1"
"NGS_H19_Normal_Rep2","Read_2486",0.980152791965058,"Subpopulation_2"
"NGS_H19_Normal_Rep2","Read_2487",0.024224154328776,"Subpopulation_1"
"NGS_H19_Normal_Rep2","Read_2488",0.982960592301516,"Subpopulation_2"
"NGS_H19_Normal_Rep2","Read_2489",0.0217182013926443,"Subpopulation_1"
"NGS_H19_Normal_Rep2","Read_2490",0.0216354773667579,"Subpopulation_1"
"NGS_H19_Normal_Rep2","Read_2491",0.979072486572869,"Subpopulation_2"
"NGS_H19_Normal_Rep2","Read_2492",0.976267998605912,"Subpopulation_2"
"NGS_H19_Normal_Rep2","Read_2493",0.0215232519760185,"Subpopulation_1"
"NGS_H19_Normal_Rep2","Read_2494",0.0188878754984689,"Subpopulation_1"
"NGS_H19_Normal_Rep2","Read_2495",0.0125664496662765,"Subpopulation_1"
"NGS_H19_Normal_Rep2","Read_2496",0.0209921752887372,"Subpopulation_1"
"NGS_H19_Normal_Rep2","Read_2497",0.0248616997498648,"Subpopulation_1"
"NGS_H19_Normal_Rep2","Read_2498",0.974367580198842,"Subpopulation_2"
"NGS_H19_Normal_Rep2","Read_2499",0.0195814152940976,"Subpopulation_1"
"NGS_H19_Normal_Rep2","Read_2500",0.02522431078151,"Subpopulation_1"
"NGS_H19_Normal_Rep2","Read_2501",0.979180014481936,"Subpopulation_2"
"NGS_H19_Normal_Rep2","Read_2502",0.978567097317683,"Subpopulation_2"
"NGS_H19_Normal_Rep2","Read_2503",0.0177448623414225,"Subpopulation_1"
"NGS_H19_Normal_Rep2","Read_2504",0.0161081008271056,"Subpopulation_1"
"NGS_H19_Normal_Rep2","Read_2505",0.980759302308,"Subpopulation_2"
"NGS_H19_Normal_Rep2","Read_2506",0.9790737677868,"Subpopulation_2"
"NGS_H19_Normal_Rep2","Read_2507",0.0165133521832319,"Subpopulation_1"
"NGS_H19_Normal_Rep2","Read_2508",0.0142506905156559,"Subpopulation_1"
"NGS_H19_Normal_Rep2","Read_2509",0.978895644274492,"Subpopulation_2"
"NGS_H19_Normal_Rep2","Read_2510",0.0173975998817214,"Subpopulation_1"
"NGS_H19_Normal_Rep2","Read_2511",0.984389053203131,"Subpopulation_2"
"NGS_H19_Normal_Rep2","Read_2512",0.979989637909021,"Subpopulation_2"
"NGS_H19_Normal_Rep2","Read_2513",0.0274577317062714,"Subpopulation_1"
"NGS_H19_Normal_Rep2","Read_2514",0.0200996562313726,"Subpopulation_1"
"NGS_H19_Normal_Rep2","Read_2515",0.0116312935060675,"Subpopulation_1"
"NGS_H19_Normal_Rep2","Read_2516",0.970651930634078,"Subpopulation_2"
"NGS_H19_Normal_Rep2","Read_2517",0.98361269031801,"Subpopulation_2"
"NGS_H19_Normal_Rep2","Read_2518",0.013018624657425,"Subpopulation_1"
"NGS_H19_Normal_Rep2","Read_2519",0.9822848718922,"Subpopulation_2"
"NGS_H19_Normal_Rep2","Read_2520",0.0183290931313963,"Subpopulation_1"
"NGS_H19_Normal_Rep2","Read_2521",0.973094375178201,"Subpopulation_2"
"NGS_H19_Normal_Rep2","Read_2522",0.0151619173501724,"Subpopulation_1"
"NGS_H19_Normal_Rep2","Read_2523",0.0203827104368004,"Subpopulation_1"
"NGS_H19_Normal_Rep2","Read_2524",0.0146478343174741,"Subpopulation_1"
"NGS_H19_Normal_Rep2","Read_2525",0.979212914022104,"Subpopulation_2"
"NGS_H19_Normal_Rep2","Read_2526",0.978158731789696,"Subpopulation_2"
"NGS_H19_Normal_Rep2","Read_2527",0.0175838634013051,"Subpopulation_1"
"NGS_H19_Normal_Rep2","Read_2528",0.0231303379794457,"Subpopulation_1"
"NGS_H19_Normal_Rep2","Read_2529",0.98000206455185,"Subpopulation_2"
"NGS_H19_Normal_Rep2","Read_2530",0.0164131249683103,"Subpopulation_1"
"NGS_H19_Normal_Rep2","Read_2531",0.0121704529351405,"Subpopulation_1"
"NGS_H19_Normal_Rep2","Read_2532",0.98024106032734,"Subpopulation_2"
"NGS_H19_Normal_Rep2","Read_2533",0.986848100225327,"Subpopulation_2"
"NGS_H19_Normal_Rep2","Read_2534",0.979388383249334,"Subpopulation_2"
"NGS_H19_Normal_Rep2","Read_2535",0.980161559352387,"Subpopulation_2"
"NGS_H19_Normal_Rep2","Read_2536",0.974550052169759,"Subpopulation_2"
"NGS_H19_Normal_Rep2","Read_2537",0.01650027094363,"Subpopulation_1"
"NGS_H19_Normal_Rep2","Read_2538",0.0203936219031405,"Subpopulation_1"
"NGS_H19_Normal_Rep2","Read_2539",0.0186265079501605,"Subpopulation_1"
"NGS_H19_Normal_Rep2","Read_2540",0.0159896809552505,"Subpopulation_1"
"NGS_H19_Normal_Rep2","Read_2541",0.0133264471819673,"Subpopulation_1"
"NGS_H19_Normal_Rep2","Read_2542",0.985332789396825,"Subpopulation_2"
"NGS_H19_Normal_Rep2","Read_2543",0.982618089008545,"Subpopulation_2"
"NGS_H19_Normal_Rep2","Read_2544",0.0199841108899509,"Subpopulation_1"
"NGS_H19_Normal_Rep2","Read_2545",0.0237032077419822,"Subpopulation_1"
"NGS_H19_Normal_Rep2","Read_2546",0.975199956239824,"Subpopulation_2"
"NGS_H19_Normal_Rep2","Read_2547",0.0210064716866124,"Subpopulation_1"
"NGS_H19_Normal_Rep2","Read_2548",0.986728716769073,"Subpopulation_2"
"NGS_H19_Normal_Rep2","Read_2549",0.0225651704773688,"Subpopulation_1"
"NGS_H19_Normal_Rep2","Read_2550",0.979116680793198,"Subpopulation_2"
"NGS_H19_Normal_Rep2","Read_2551",0.976383112676834,"Subpopulation_2"
"NGS_H19_Normal_Rep2","Read_2552",0.982875441532483,"Subpopulation_2"
"NGS_H19_Normal_Rep2","Read_2553",0.0245588504102878,"Subpopulation_1"
"NGS_H19_Normal_Rep2","Read_2554",0.0193394304593097,"Subpopulation_1"
"NGS_H19_Normal_Rep2","Read_2555",0.0220624575491527,"Subpopulation_1"
"NGS_H19_Normal_Rep2","Read_2556",0.980564416879503,"Subpopulation_2"
"NGS_H19_Normal_Rep2","Read_2557",0.0250006978505211,"Subpopulation_1"
"NGS_H19_Normal_Rep2","Read_2558",0.0241232107011244,"Subpopulation_1"
"NGS_H19_Normal_Rep2","Read_2559",0.979272548397138,"Subpopulation_2"
"NGS_H19_Normal_Rep2","Read_2560",0.982228527871729,"Subpopulation_2"
"NGS_H19_Normal_Rep2","Read_2561",0.988589356492976,"Subpopulation_2"
"NGS_H19_Normal_Rep2","Read_2562",0.0145844558335905,"Subpopulation_1"
"NGS_H19_Normal_Rep2","Read_2563",0.981073054032696,"Subpopulation_2"
"NGS_H19_Normal_Rep2","Read_2564",0.0235105884535322,"Subpopulation_1"
"NGS_H19_Normal_Rep2","Read_2565",0.983857642010152,"Subpopulation_2"
"NGS_H19_Normal_Rep2","Read_2566",0.0224836479209655,"Subpopulation_1"
"NGS_H19_Normal_Rep2","Read_2567",0.0233521913895389,"Subpopulation_1"
"NGS_H19_Normal_Rep2","Read_2568",0.97728154787057,"Subpopulation_2"
"NGS_H19_Normal_Rep2","Read_2569",0.0256129944253345,"Subpopulation_1"
"NGS_H19_Normal_Rep2","Read_2570",0.026504181524887,"Subpopulation_1"
"NGS_H19_Normal_Rep2","Read_2571",0.97262658453885,"Subpopulation_2"
"NGS_H19_Normal_Rep2","Read_2572",0.98199274950388,"Subpopulation_2"
"NGS_H19_Normal_Rep2","Read_2573",0.978088454616447,"Subpopulation_2"
"NGS_H19_Normal_Rep2","Read_2574",0.018149432059797,"Subpopulation_1"
"NGS_H19_Normal_Rep2","Read_2575",0.0169676100516816,"Subpopulation_1"
"NGS_H19_Normal_Rep2","Read_2576",0.0229465651508794,"Subpopulation_1"
"NGS_H19_Normal_Rep2","Read_2577",0.0235138349053823,"Subpopulation_1"
"NGS_H19_Normal_Rep2","Read_2578",0.023951191134792,"Subpopulation_1"
"NGS_H19_Normal_Rep2","Read_2579",0.0118056585288507,"Subpopulation_1"
"NGS_H19_Normal_Rep2","Read_2580",0.0206219746181043,"Subpopulation_1"
"NGS_H19_Normal_Rep2","Read_2581",0.982254977438449,"Subpopulation_2"
"NGS_H19_Normal_Rep2","Read_2582",0.971866282958113,"Subpopulation_2"
"NGS_H19_Normal_Rep2","Read_2583",0.0190739886729301,"Subpopulation_1"
"NGS_H19_Normal_Rep2","Read_2584",0.0193828882547884,"Subpopulation_1"
"NGS_H19_Normal_Rep2","Read_2585",0.986307033525412,"Subpopulation_2"
"NGS_H19_Normal_Rep2","Read_2586",0.0218138580087066,"Subpopulation_1"
"NGS_H19_Normal_Rep2","Read_2587",0.0161123814202097,"Subpopulation_1"
"NGS_H19_Normal_Rep2","Read_2588",0.0183271490512573,"Subpopulation_1"
"NGS_H19_Normal_Rep2","Read_2589",0.987316625118017,"Subpopulation_2"
"NGS_H19_Normal_Rep2","Read_2590",0.0169593943484221,"Subpopulation_1"
"NGS_H19_Normal_Rep2","Read_2591",0.976072467415108,"Subpopulation_2"
"NGS_H19_Normal_Rep2","Read_2592",0.990781146758535,"Subpopulation_2"
"NGS_H19_Normal_Rep2","Read_2593",0.976750407143386,"Subpopulation_2"
"NGS_H19_Normal_Rep2","Read_2594",0.0210831157624289,"Subpopulation_1"
"NGS_H19_Normal_Rep2","Read_2595",0.983526528523386,"Subpopulation_2"
"NGS_H19_Normal_Rep2","Read_2596",0.97408656318979,"Subpopulation_2"
"NGS_H19_Normal_Rep2","Read_2597",0.0258596942311082,"Subpopulation_1"
"NGS_H19_Normal_Rep2","Read_2598",0.987427359783451,"Subpopulation_2"
"NGS_H19_Normal_Rep2","Read_2599",0.0160098452307393,"Subpopulation_1"
"NGS_H19_Normal_Rep2","Read_2600",0.985461870243312,"Subpopulation_2"
"NGS_H19_Normal_Rep2","Read_2601",0.020868788591489,"Subpopulation_1"
"NGS_H19_Normal_Rep2","Read_2602",0.0182339993261629,"Subpopulation_1"
"NGS_H19_Normal_Rep2","Read_2603",0.984972254603263,"Subpopulation_2"
"NGS_H19_Normal_Rep2","Read_2604",0.0250330617759028,"Subpopulation_1"
"NGS_H19_Normal_Rep2","Read_2605",0.0237557719354232,"Subpopulation_1"
"NGS_H19_Normal_Rep2","Read_2606",0.971078795629815,"Subpopulation_2"
"NGS_H19_Normal_Rep2","Read_2607",0.0156323587703736,"Subpopulation_1"
"NGS_H19_Normal_Rep2","Read_2608",0.0184940103470699,"Subpopulation_1"
"NGS_H19_Normal_Rep2","Read_2609",0.984367280427961,"Subpopulation_2"
"NGS_H19_Normal_Rep2","Read_2610",0.987171444699744,"Subpopulation_2"
"NGS_H19_Normal_Rep2","Read_2611",0.023940225588954,"Subpopulation_1"
"NGS_H19_Normal_Rep2","Read_2612",0.0226303892185514,"Subpopulation_1"
"NGS_H19_Normal_Rep2","Read_2613",0.0207998862738363,"Subpopulation_1"
"NGS_H19_Normal_Rep2","Read_2614",0.976143824317162,"Subpopulation_2"
"NGS_H19_Normal_Rep2","Read_2615",0.0163971298687921,"Subpopulation_1"
"NGS_H19_Normal_Rep2","Read_2616",0.0190726507815852,"Subpopulation_1"
"NGS_H19_Normal_Rep2","Read_2617",0.977708169304489,"Subpopulation_2"
"NGS_H19_Normal_Rep2","Read_2618",0.975110546935857,"Subpopulation_2"
"NGS_H19_Normal_Rep2","Read_2619",0.0238367799027674,"Subpopulation_1"
"NGS_H19_Normal_Rep2","Read_2620",0.0262680263370662,"Subpopulation_1"
"NGS_H19_Normal_Rep2","Read_2621",0.0158032161169141,"Subpopulation_1"
"NGS_H19_Normal_Rep2","Read_2622",0.0198729203516119,"Subpopulation_1"
"NGS_H19_Normal_Rep2","Read_2623",0.017063100383783,"Subpopulation_1"
"NGS_H19_Normal_Rep2","Read_2624",0.978830688808559,"Subpopulation_2"
"NGS_H19_Normal_Rep2","Read_2625",0.0182218179257332,"Subpopulation_1"
"NGS_H19_Normal_Rep2","Read_2626",0.981338511506442,"Subpopulation_2"
"NGS_H19_Normal_Rep2","Read_2627",0.976900499498203,"Subpopulation_2"
"NGS_H19_Normal_Rep2","Read_2628",0.988105845679364,"Subpopulation_2"
"NGS_H19_Normal_Rep2","Read_2629",0.0129656683868214,"Subpopulation_1"
"NGS_H19_Normal_Rep2","Read_2630",0.98096244883836,"Subpopulation_2"
"NGS_H19_Normal_Rep2","Read_2631",0.0149569071202752,"Subpopulation_1"
"NGS_H19_Normal_Rep2","Read_2632",0.014757542447144,"Subpopulation_1"
"NGS_H19_Normal_Rep2","Read_2633",0.981594877280422,"Subpopulation_2"
"NGS_H19_Normal_Rep2","Read_2634",0.981452521990246,"Subpopulation_2"
"NGS_H19_Normal_Rep2","Read_2635",0.0211090402090632,"Subpopulation_1"
"NGS_H19_Normal_Rep2","Read_2636",0.979851673727693,"Subpopulation_2"
"NGS_H19_Normal_Rep2","Read_2637",0.0205241765624465,"Subpopulation_1"
"NGS_H19_Normal_Rep2","Read_2638",0.980168913671102,"Subpopulation_2"
"NGS_H19_Normal_Rep2","Read_2639",0.974301832097989,"Subpopulation_2"
"NGS_H19_Normal_Rep2","Read_2640",0.977257425657429,"Subpopulation_2"
"NGS_H19_Normal_Rep2","Read_2641",0.016031601691182,"Subpopulation_1"
"NGS_H19_Normal_Rep2","Read_2642",0.968881434758237,"Subpopulation_2"
"NGS_H19_Normal_Rep2","Read_2643",0.97486135416047,"Subpopulation_2"
"NGS_H19_Normal_Rep2","Read_2644",0.0107849621697391,"Subpopulation_1"
"NGS_H19_Normal_Rep2","Read_2645",0.972319251865776,"Subpopulation_2"
"NGS_H19_Normal_Rep2","Read_2646",0.0193346460613183,"Subpopulation_1"
"NGS_H19_Normal_Rep2","Read_2647",0.0214345023065881,"Subpopulation_1"
"NGS_H19_Normal_Rep2","Read_2648",0.0241293397662607,"Subpopulation_1"
"NGS_H19_Normal_Rep2","Read_2649",0.966204214708818,"Subpopulation_2"
"NGS_H19_Normal_Rep2","Read_2650",0.983042024210115,"Subpopulation_2"
"NGS_H19_Normal_Rep2","Read_2651",0.0235325706421942,"Subpopulation_1"
"NGS_H19_Normal_Rep2","Read_2652",0.018688566116053,"Subpopulation_1"
"NGS_H19_Normal_Rep2","Read_2653",0.0189234258399858,"Subpopulation_1"
"NGS_H19_Normal_Rep2","Read_2654",0.983756614506196,"Subpopulation_2"
"NGS_H19_Normal_Rep2","Read_2655",0.0196601380094365,"Subpopulation_1"
"NGS_H19_Normal_Rep2","Read_2656",0.983352437820779,"Subpopulation_2"
"NGS_H19_Normal_Rep2","Read_2657",0.979285337052391,"Subpopulation_2"
"NGS_H19_Normal_Rep2","Read_2658",0.0150824063327123,"Subpopulation_1"
"NGS_H19_Normal_Rep2","Read_2659",0.018489523650855,"Subpopulation_1"
"NGS_H19_Normal_Rep2","Read_2660",0.0174449479667586,"Subpopulation_1"
"NGS_H19_Normal_Rep2","Read_2661",0.984631977529594,"Subpopulation_2"
"NGS_H19_Normal_Rep2","Read_2662",0.977585952926085,"Subpopulation_2"
"NGS_H19_Normal_Rep2","Read_2663",0.974699846712386,"Subpopulation_2"
"NGS_H19_Normal_Rep2","Read_2664",0.973905211488475,"Subpopulation_2"
"NGS_H19_Normal_Rep2","Read_2665",0.0208678341339273,"Subpopulation_1"
"NGS_H19_Normal_Rep2","Read_2666",0.0303792567443991,"Subpopulation_1"
"NGS_H19_Normal_Rep2","Read_2667",0.015521966447215,"Subpopulation_1"
"NGS_H19_Normal_Rep2","Read_2668",0.978754985165493,"Subpopulation_2"
"NGS_H19_Normal_Rep2","Read_2669",0.981045571870573,"Subpopulation_2"
"NGS_H19_Normal_Rep2","Read_2670",0.987627055482931,"Subpopulation_2"
"NGS_H19_Normal_Rep2","Read_2671",0.97985423143816,"Subpopulation_2"
"NGS_H19_Normal_Rep2","Read_2672",0.9796118720267,"Subpopulation_2"
"NGS_H19_Normal_Rep2","Read_2673",0.979772722192423,"Subpopulation_2"
"NGS_H19_Normal_Rep2","Read_2674",0.0129882936245718,"Subpopulation_1"
"NGS_H19_Normal_Rep2","Read_2675",0.985849263997805,"Subpopulation_2"
"NGS_H19_Normal_Rep2","Read_2676",0.984710772537574,"Subpopulation_2"
"NGS_H19_Normal_Rep2","Read_2677",0.982902178993053,"Subpopulation_2"
"NGS_H19_Normal_Rep2","Read_2678",0.98562445837306,"Subpopulation_2"
"NGS_H19_Normal_Rep2","Read_2679",0.0223893334311949,"Subpopulation_1"
"NGS_H19_Normal_Rep2","Read_2680",0.98312410175554,"Subpopulation_2"
"NGS_H19_Normal_Rep2","Read_2681",0.017421119857682,"Subpopulation_1"
"NGS_H19_Normal_Rep2","Read_2682",0.0212636006617216,"Subpopulation_1"
"NGS_H19_Normal_Rep2","Read_2683",0.0250312669968388,"Subpopulation_1"
"NGS_H19_Normal_Rep2","Read_2684",0.0237899780725423,"Subpopulation_1"
"NGS_H19_Normal_Rep2","Read_2685",0.979088343005395,"Subpopulation_2"
"NGS_H19_Normal_Rep2","Read_2686",0.0277020508910585,"Subpopulation_1"
"NGS_H19_Normal_Rep2","Read_2687",0.020595005758374,"Subpopulation_1"
"NGS_H19_Normal_Rep2","Read_2688",0.0189956039183459,"Subpopulation_1"
"NGS_H19_Normal_Rep2","Read_2689",0.0281003095901419,"Subpopulation_1"
"NGS_H19_Normal_Rep2","Read_2690",0.0213961644968211,"Subpopulation_1"
"NGS_H19_Normal_Rep2","Read_2691",0.0211602425189672,"Subpopulation_1"
"NGS_H19_Normal_Rep2","Read_2692",0.982795767039794,"Subpopulation_2"
"NGS_H19_Normal_Rep2","Read_2693",0.979150952476794,"Subpopulation_2"
"NGS_H19_Normal_Rep2","Read_2694",0.023296886774089,"Subpopulation_1"
"NGS_H19_Normal_Rep2","Read_2695",0.0172123126254822,"Subpopulation_1"
"NGS_H19_Normal_Rep2","Read_2696",0.985388428477833,"Subpopulation_2"
"NGS_H19_Normal_Rep2","Read_2697",0.024812345276272,"Subpopulation_1"
"NGS_H19_Normal_Rep2","Read_2698",0.0245384009639289,"Subpopulation_1"
"NGS_H19_Normal_Rep2","Read_2699",0.990496519847774,"Subpopulation_2"
"NGS_H19_Normal_Rep2","Read_2700",0.0255278341322789,"Subpopulation_1"
"NGS_H19_Normal_Rep2","Read_2701",0.0152982755404688,"Subpopulation_1"
"NGS_H19_Normal_Rep2","Read_2702",0.980636958424455,"Subpopulation_2"
"NGS_H19_Normal_Rep2","Read_2703",0.98159952694138,"Subpopulation_2"
"NGS_H19_Normal_Rep2","Read_2704",0.0148954525613876,"Subpopulation_1"
"NGS_H19_Normal_Rep2","Read_2705",0.981997805539556,"Subpopulation_2"
"NGS_H19_Normal_Rep2","Read_2706",0.0212615661894806,"Subpopulation_1"
"NGS_H19_Normal_Rep2","Read_2707",0.0190000438952913,"Subpopulation_1"
"NGS_H19_Normal_Rep2","Read_2708",0.984320076555573,"Subpopulation_2"
"NGS_H19_Normal_Rep2","Read_2709",0.981418734204741,"Subpopulation_2"
"NGS_H19_Normal_Rep2","Read_2710",0.979841617687341,"Subpopulation_2"
"NGS_H19_Normal_Rep2","Read_2711",0.981071800710233,"Subpopulation_2"
"NGS_H19_Normal_Rep2","Read_2712",0.0199289095525265,"Subpopulation_1"
"NGS_H19_Normal_Rep2","Read_2713",0.984155561476874,"Subpopulation_2"
"NGS_H19_Normal_Rep2","Read_2714",0.968349184683536,"Subpopulation_2"
"NGS_H19_Normal_Rep2","Read_2715",0.0251069609476043,"Subpopulation_1"
"NGS_H19_Normal_Rep2","Read_2716",0.0180399254109273,"Subpopulation_1"
"NGS_H19_Normal_Rep2","Read_2717",0.96966844146945,"Subpopulation_2"
"NGS_H19_Normal_Rep2","Read_2718",0.98171631094103,"Subpopulation_2"
"NGS_H19_Normal_Rep2","Read_2719",0.979963580426497,"Subpopulation_2"
"NGS_H19_Normal_Rep2","Read_2720",0.0207615770913302,"Subpopulation_1"
"NGS_H19_Normal_Rep2","Read_2721",0.0189418445536947,"Subpopulation_1"
"NGS_H19_Normal_Rep2","Read_2722",0.97741301585418,"Subpopulation_2"
"NGS_H19_Normal_Rep2","Read_2723",0.976624300877743,"Subpopulation_2"
"NGS_H19_Normal_Rep2","Read_2724",0.968443687903054,"Subpopulation_2"
"NGS_H19_Normal_Rep2","Read_2725",0.98097573632411,"Subpopulation_2"
"NGS_H19_Normal_Rep2","Read_2726",0.0242231355147708,"Subpopulation_1"
"NGS_H19_Normal_Rep2","Read_2727",0.976405231131549,"Subpopulation_2"
"NGS_H19_Normal_Rep2","Read_2728",0.0140179207941736,"Subpopulation_1"
"NGS_H19_Normal_Rep2","Read_2729",0.0197329022992343,"Subpopulation_1"
"NGS_H19_Normal_Rep2","Read_2730",0.0150145948724768,"Subpopulation_1"
"NGS_H19_Normal_Rep2","Read_2731",0.97591278682837,"Subpopulation_2"
"NGS_H19_Normal_Rep2","Read_2732",0.97484533122507,"Subpopulation_2"
"NGS_H19_Normal_Rep2","Read_2733",0.977918023948238,"Subpopulation_2"
"NGS_H19_Normal_Rep2","Read_2734",0.97649345769651,"Subpopulation_2"
"NGS_H19_Normal_Rep2","Read_2735",0.975316521335982,"Subpopulation_2"
"NGS_H19_Normal_Rep2","Read_2736",0.0202376641719446,"Subpopulation_1"
"NGS_H19_Normal_Rep2","Read_2737",0.0237201596268221,"Subpopulation_1"
"NGS_H19_Normal_Rep2","Read_2738",0.0216041815720081,"Subpopulation_1"
"NGS_H19_Normal_Rep2","Read_2739",0.0159026490677338,"Subpopulation_1"
"NGS_H19_Normal_Rep2","Read_2740",0.982020944384869,"Subpopulation_2"
"NGS_H19_Normal_Rep2","Read_2741",0.0204790168360812,"Subpopulation_1"
"NGS_H19_Normal_Rep2","Read_2742",0.980460230302904,"Subpopulation_2"
"NGS_H19_Normal_Rep2","Read_2743",0.973319183985057,"Subpopulation_2"
"NGS_H19_Normal_Rep2","Read_2744",0.0142284969064734,"Subpopulation_1"
"NGS_H19_Normal_Rep2","Read_2745",0.028356909370711,"Subpopulation_1"
"NGS_H19_Normal_Rep2","Read_2746",0.982401571224732,"Subpopulation_2"
"NGS_H19_Normal_Rep2","Read_2747",0.01345032093146,"Subpopulation_1"
"NGS_H19_Normal_Rep2","Read_2748",0.0142292436784121,"Subpopulation_1"
"NGS_H19_Normal_Rep2","Read_2749",0.984484919700943,"Subpopulation_2"
"NGS_H19_Normal_Rep2","Read_2750",0.0215604832220953,"Subpopulation_1"
"NGS_H19_Normal_Rep2","Read_2751",0.974192249337714,"Subpopulation_2"
"NGS_H19_Normal_Rep2","Read_2752",0.981466331280423,"Subpopulation_2"
"NGS_H19_Normal_Rep2","Read_2753",0.978893634754898,"Subpopulation_2"
"NGS_H19_Normal_Rep2","Read_2754",0.0127266554322086,"Subpopulation_1"
"NGS_H19_Normal_Rep2","Read_2755",0.977658989782051,"Subpopulation_2"
"NGS_H19_Normal_Rep2","Read_2756",0.973424082842472,"Subpopulation_2"
"NGS_H19_Normal_Rep2","Read_2757",0.0210900507222121,"Subpopulation_1"
"NGS_H19_Normal_Rep2","Read_2758",0.0192417139313961,"Subpopulation_1"
"NGS_H19_Normal_Rep2","Read_2759",0.0221248711305153,"Subpopulation_1"
"NGS_H19_Normal_Rep2","Read_2760",0.982682818798905,"Subpopulation_2"
"NGS_H19_Normal_Rep2","Read_2761",0.986309996650014,"Subpopulation_2"
"NGS_H19_Normal_Rep2","Read_2762",0.987094584996162,"Subpopulation_2"
"NGS_H19_Normal_Rep2","Read_2763",0.0196469566449803,"Subpopulation_1"
"NGS_H19_Normal_Rep2","Read_2764",0.0198091247765235,"Subpopulation_1"
"NGS_H19_Normal_Rep2","Read_2765",0.977036581217856,"Subpopulation_2"
"NGS_H19_Normal_Rep2","Read_2766",0.975564910434475,"Subpopulation_2"
"NGS_H19_Normal_Rep2","Read_2767",0.0164631312473422,"Subpopulation_1"
"NGS_H19_Normal_Rep2","Read_2768",0.979966889759881,"Subpopulation_2"
"NGS_H19_Normal_Rep2","Read_2769",0.0153991764050936,"Subpopulation_1"
"NGS_H19_Normal_Rep2","Read_2770",0.0229507880892386,"Subpopulation_1"
"NGS_H19_Normal_Rep2","Read_2771",0.0166920394294725,"Subpopulation_1"
"NGS_H19_Normal_Rep2","Read_2772",0.973227013225157,"Subpopulation_2"
"NGS_H19_Normal_Rep2","Read_2773",0.0239977517648051,"Subpopulation_1"
"NGS_H19_Normal_Rep2","Read_2774",0.982966733730241,"Subpopulation_2"
"NGS_H19_Normal_Rep2","Read_2775",0.978652815821573,"Subpopulation_2"
"NGS_H19_Normal_Rep2","Read_2776",0.0168894349810304,"Subpopulation_1"
"NGS_H19_Normal_Rep2","Read_2777",0.974633823747613,"Subpopulation_2"
"NGS_H19_Normal_Rep2","Read_2778",0.979662087062481,"Subpopulation_2"
"NGS_H19_Normal_Rep2","Read_2779",0.0134482584463885,"Subpopulation_1"
"NGS_H19_Normal_Rep2","Read_2780",0.971474499518952,"Subpopulation_2"
"NGS_H19_Normal_Rep2","Read_2781",0.0219465580318563,"Subpopulation_1"
"NGS_H19_Normal_Rep2","Read_2782",0.0191851600946651,"Subpopulation_1"
"NGS_H19_Normal_Rep2","Read_2783",0.984545048619047,"Subpopulation_2"
"NGS_H19_Normal_Rep2","Read_2784",0.0222727870348033,"Subpopulation_1"
"NGS_H19_Normal_Rep2","Read_2785",0.979436738013565,"Subpopulation_2"
"NGS_H19_Normal_Rep2","Read_2786",0.0140764079282739,"Subpopulation_1"
"NGS_H19_Normal_Rep2","Read_2787",0.971980157086539,"Subpopulation_2"
"NGS_H19_Normal_Rep2","Read_2788",0.986030440793082,"Subpopulation_2"
"NGS_H19_Normal_Rep2","Read_2789",0.0186194803428837,"Subpopulation_1"
"NGS_H19_Normal_Rep2","Read_2790",0.0215487022769605,"Subpopulation_1"
"NGS_H19_Normal_Rep2","Read_2791",0.0208007251183602,"Subpopulation_1"
"NGS_H19_Normal_Rep2","Read_2792",0.979157771354519,"Subpopulation_2"
"NGS_H19_Normal_Rep2","Read_2793",0.978166428244011,"Subpopulation_2"
"NGS_H19_Normal_Rep2","Read_2794",0.0134708696644726,"Subpopulation_1"
"NGS_H19_Normal_Rep2","Read_2795",0.981231043954688,"Subpopulation_2"
"NGS_H19_Normal_Rep2","Read_2796",0.982485657644669,"Subpopulation_2"
"NGS_H19_Normal_Rep2","Read_2797",0.986966505151764,"Subpopulation_2"
"NGS_H19_Normal_Rep2","Read_2798",0.0220878523564646,"Subpopulation_1"
"NGS_H19_Normal_Rep2","Read_2799",0.98015335415445,"Subpopulation_2"
"NGS_H19_Normal_Rep2","Read_2800",0.981107378958023,"Subpopulation_2"
"NGS_H19_Normal_Rep2","Read_2801",0.0151842892126407,"Subpopulation_1"
"NGS_H19_Normal_Rep2","Read_2802",0.019932345669561,"Subpopulation_1"
"NGS_H19_Normal_Rep2","Read_2803",0.0152399316479656,"Subpopulation_1"
"NGS_H19_Normal_Rep2","Read_2804",0.0186310565533696,"Subpopulation_1"
"NGS_H19_Normal_Rep2","Read_2805",0.0245874244207732,"Subpopulation_1"
"NGS_H19_Normal_Rep2","Read_2806",0.026615828781255,"Subpopulation_1"
"NGS_H19_Normal_Rep2","Read_2807",0.0185970615782999,"Subpopulation_1"
"NGS_H19_Normal_Rep2","Read_2808",0.98904280124209,"Subpopulation_2"
"NGS_H19_Normal_Rep2","Read_2809",0.972368990643688,"Subpopulation_2"
"NGS_H19_Normal_Rep2","Read_2810",0.986949493388099,"Subpopulation_2"
"NGS_H19_Normal_Rep2","Read_2811",0.980715491619553,"Subpopulation_2"
"NGS_H19_Normal_Rep2","Read_2812",0.021451985028792,"Subpopulation_1"
"NGS_H19_Normal_Rep2","Read_2813",0.0108543972190217,"Subpopulation_1"
"NGS_H19_Normal_Rep2","Read_2814",0.983217330972437,"Subpopulation_2"
"NGS_H19_Normal_Rep2","Read_2815",0.0186099832228688,"Subpopulation_1"
"NGS_H19_Normal_Rep2","Read_2816",0.0211547325901883,"Subpopulation_1"
"NGS_H19_Normal_Rep2","Read_2817",0.0137347236950095,"Subpopulation_1"
"NGS_H19_Normal_Rep2","Read_2818",0.981773673602132,"Subpopulation_2"
"NGS_H19_Normal_Rep2","Read_2819",0.0239180493676424,"Subpopulation_1"
"NGS_H19_Normal_Rep2","Read_2820",0.980891081364113,"Subpopulation_2"
"NGS_H19_Normal_Rep2","Read_2821",0.985553114322081,"Subpopulation_2"
"NGS_H19_Normal_Rep2","Read_2822",0.0176908406693534,"Subpopulation_1"
"NGS_H19_Normal_Rep2","Read_2823",0.0178521623267619,"Subpopulation_1"
"NGS_H19_Normal_Rep2","Read_2824",0.973806164212865,"Subpopulation_2"
"NGS_H19_Normal_Rep2","Read_2825",0.969611511688568,"Subpopulation_2"
"NGS_H19_Normal_Rep2","Read_2826",0.97671783911593,"Subpopulation_2"
"NGS_H19_Normal_Rep2","Read_2827",0.97718878785324,"Subpopulation_2"
"NGS_H19_Normal_Rep2","Read_2828",0.979995435029962,"Subpopulation_2"
"NGS_H19_Normal_Rep2","Read_2829",0.984924559188118,"Subpopulation_2"
"NGS_H19_Normal_Rep2","Read_2830",0.984617819640418,"Subpopulation_2"
"NGS_H19_Normal_Rep2","Read_2831",0.983116137119291,"Subpopulation_2"
"NGS_H19_Normal_Rep2","Read_2832",0.977137926561512,"Subpopulation_2"
"NGS_H19_Normal_Rep2","Read_2833",0.0184393326460856,"Subpopulation_1"
"NGS_H19_Normal_Rep2","Read_2834",0.981134424715736,"Subpopulation_2"
"NGS_H19_Normal_Rep2","Read_2835",0.982872127811886,"Subpopulation_2"
"NGS_H19_Normal_Rep2","Read_2836",0.978136588364212,"Subpopulation_2"
"NGS_H19_Normal_Rep2","Read_2837",0.0185110869653276,"Subpopulation_1"
"NGS_H19_Normal_Rep2","Read_2838",0.0178104204228736,"Subpopulation_1"
"NGS_H19_Normal_Rep2","Read_2839",0.0195634174853278,"Subpopulation_1"
"NGS_H19_Normal_Rep2","Read_2840",0.0181408251800877,"Subpopulation_1"
"NGS_H19_Normal_Rep2","Read_2841",0.98828511525888,"Subpopulation_2"
"NGS_H19_Normal_Rep2","Read_2842",0.980662690038748,"Subpopulation_2"
"NGS_H19_Normal_Rep2","Read_2843",0.0217629966924099,"Subpopulation_1"
"NGS_H19_Normal_Rep2","Read_2844",0.0177429106550855,"Subpopulation_1"
"NGS_H19_Normal_Rep2","Read_2845",0.0110642564594105,"Subpopulation_1"
"NGS_H19_Normal_Rep2","Read_2846",0.0229281245492587,"Subpopulation_1"
"NGS_H19_Normal_Rep2","Read_2847",0.977067248206123,"Subpopulation_2"
"NGS_H19_Normal_Rep2","Read_2848",0.981154687342856,"Subpopulation_2"
"NGS_H19_Normal_Rep2","Read_2849",0.0130141440592762,"Subpopulation_1"
"NGS_H19_Normal_Rep2","Read_2850",0.0227342840218316,"Subpopulation_1"
"NGS_H19_Normal_Rep2","Read_2851",0.97554948063591,"Subpopulation_2"
"NGS_H19_Normal_Rep2","Read_2852",0.021955332720443,"Subpopulation_1"
"NGS_H19_Normal_Rep2","Read_2853",0.0210075113146047,"Subpopulation_1"
"NGS_H19_Normal_Rep2","Read_2854",0.98298690023024,"Subpopulation_2"
"NGS_H19_Normal_Rep2","Read_2855",0.980693678985539,"Subpopulation_2"
"NGS_H19_Normal_Rep2","Read_2856",0.987517607391245,"Subpopulation_2"
"NGS_H19_Normal_Rep2","Read_2857",0.0182629150328927,"Subpopulation_1"
"NGS_H19_Normal_Rep2","Read_2858",0.0170871667332464,"Subpopulation_1"
"NGS_H19_Normal_Rep2","Read_2859",0.98317549426355,"Subpopulation_2"
"NGS_H19_Normal_Rep2","Read_2860",0.979941208373811,"Subpopulation_2"
"NGS_H19_Normal_Rep2","Read_2861",0.978653210543022,"Subpopulation_2"
"NGS_H19_Normal_Rep2","Read_2862",0.976761110312653,"Subpopulation_2"
"NGS_H19_Normal_Rep2","Read_2863",0.0219345488401939,"Subpopulation_1"
"NGS_H19_Normal_Rep2","Read_2864",0.0190020557089419,"Subpopulation_1"
"NGS_H19_Normal_Rep2","Read_2865",0.0169162677799605,"Subpopulation_1"
"NGS_H19_Normal_Rep2","Read_2866",0.977717477102735,"Subpopulation_2"
"NGS_H19_Normal_Rep2","Read_2867",0.025172838709785,"Subpopulation_1"
"NGS_H19_Normal_Rep2","Read_2868",0.980262053641012,"Subpopulation_2"
"NGS_H19_Normal_Rep2","Read_2869",0.986074674345111,"Subpopulation_2"
"NGS_H19_Normal_Rep2","Read_2870",0.0201790029907246,"Subpopulation_1"
"NGS_H19_Normal_Rep2","Read_2871",0.981010576350037,"Subpopulation_2"
"NGS_H19_Normal_Rep2","Read_2872",0.0225541603850174,"Subpopulation_1"
"NGS_H19_Normal_Rep2","Read_2873",0.986337169610876,"Subpopulation_2"
"NGS_H19_Normal_Rep2","Read_2874",0.978399467486107,"Subpopulation_2"
"NGS_H19_Normal_Rep2","Read_2875",0.0286331778306174,"Subpopulation_1"
"NGS_H19_Normal_Rep2","Read_2876",0.0244504313336471,"Subpopulation_1"
"NGS_H19_Normal_Rep2","Read_2877",0.0130345359275461,"Subpopulation_1"
"NGS_H19_Normal_Rep2","Read_2878",0.0197861630522305,"Subpopulation_1"
"NGS_H19_Normal_Rep2","Read_2879",0.0227855588555304,"Subpopulation_1"
"NGS_H19_Normal_Rep2","Read_2880",0.971921133371048,"Subpopulation_2"
"NGS_H19_Normal_Rep2","Read_2881",0.0137593154504771,"Subpopulation_1"
"NGS_H19_Normal_Rep2","Read_2882",0.981818243739648,"Subpopulation_2"
"NGS_H19_Normal_Rep2","Read_2883",0.0237831019789888,"Subpopulation_1"
"NGS_H19_Normal_Rep2","Read_2884",0.0218894402146577,"Subpopulation_1"
"NGS_H19_Normal_Rep2","Read_2885",0.979694043626937,"Subpopulation_2"
"NGS_H19_Normal_Rep2","Read_2886",0.0224514282598173,"Subpopulation_1"
"NGS_H19_Normal_Rep2","Read_2887",0.0212383258145473,"Subpopulation_1"
"NGS_H19_Normal_Rep2","Read_2888",0.985786051523013,"Subpopulation_2"
"NGS_H19_Normal_Rep2","Read_2889",0.978492288507441,"Subpopulation_2"
"NGS_H19_Normal_Rep2","Read_2890",0.982055770610319,"Subpopulation_2"
"NGS_H19_Normal_Rep2","Read_2891",0.0146551211368083,"Subpopulation_1"
"NGS_H19_Normal_Rep2","Read_2892",0.978660589772902,"Subpopulation_2"
"NGS_H19_Normal_Rep2","Read_2893",0.982085843819081,"Subpopulation_2"
"NGS_H19_Normal_Rep2","Read_2894",0.0172991167444537,"Subpopulation_1"
"NGS_H19_Normal_Rep2","Read_2895",0.982322353052174,"Subpopulation_2"
"NGS_H19_Normal_Rep2","Read_2896",0.024277071489755,"Subpopulation_1"
"NGS_H19_Normal_Rep2","Read_2897",0.0275389386758185,"Subpopulation_1"
"NGS_H19_Normal_Rep2","Read_2898",0.016494048891053,"Subpopulation_1"
"NGS_H19_Normal_Rep2","Read_2899",0.979221515373024,"Subpopulation_2"
"NGS_H19_Normal_Rep2","Read_2900",0.982053353501094,"Subpopulation_2"
"NGS_H19_Normal_Rep2","Read_2901",0.979286553633368,"Subpopulation_2"
"NGS_H19_Normal_Rep2","Read_2902",0.0221352561809065,"Subpopulation_1"
"NGS_H19_Normal_Rep2","Read_2903",0.981492278505606,"Subpopulation_2"
"NGS_H19_Normal_Rep2","Read_2904",0.974676632635916,"Subpopulation_2"
"NGS_H19_Normal_Rep2","Read_2905",0.980953487711735,"Subpopulation_2"
"NGS_H19_Normal_Rep2","Read_2906",0.0234681451468159,"Subpopulation_1"
"NGS_H19_Normal_Rep2","Read_2907",0.974971592442332,"Subpopulation_2"
"NGS_H19_Normal_Rep2","Read_2908",0.0159494250279974,"Subpopulation_1"
"NGS_H19_Normal_Rep2","Read_2909",0.011707756116793,"Subpopulation_1"
"NGS_H19_Normal_Rep2","Read_2910",0.978860161583718,"Subpopulation_2"
"NGS_H19_Normal_Rep2","Read_2911",0.968562449842059,"Subpopulation_2"
"NGS_H19_Normal_Rep2","Read_2912",0.985052830409223,"Subpopulation_2"
"NGS_H19_Normal_Rep2","Read_2913",0.0147809934501168,"Subpopulation_1"
"NGS_H19_Normal_Rep2","Read_2914",0.0164129934013465,"Subpopulation_1"
"NGS_H19_Normal_Rep2","Read_2915",0.0202978416899576,"Subpopulation_1"
"NGS_H19_Normal_Rep2","Read_2916",0.0219908971626816,"Subpopulation_1"
"NGS_H19_Normal_Rep2","Read_2917",0.983701667497366,"Subpopulation_2"
"NGS_H19_Normal_Rep2","Read_2918",0.0215551917076621,"Subpopulation_1"
"NGS_H19_Normal_Rep2","Read_2919",0.983810491398662,"Subpopulation_2"
"NGS_H19_Normal_Rep2","Read_2920",0.0222256501080751,"Subpopulation_1"
"NGS_H19_Normal_Rep2","Read_2921",0.0123112394353887,"Subpopulation_1"
"NGS_H19_Normal_Rep2","Read_2922",0.014932489376276,"Subpopulation_1"
"NGS_H19_Normal_Rep2","Read_2923",0.984671814449441,"Subpopulation_2"
"NGS_H19_Normal_Rep2","Read_2924",0.97538031007146,"Subpopulation_2"
"NGS_H19_Normal_Rep2","Read_2925",0.0167860236854393,"Subpopulation_1"
"NGS_H19_Normal_Rep2","Read_2926",0.983642547195986,"Subpopulation_2"
"NGS_H19_Normal_Rep2","Read_2927",0.986368797601603,"Subpopulation_2"
"NGS_H19_Normal_Rep2","Read_2928",0.978064785813732,"Subpopulation_2"
"NGS_H19_Normal_Rep2","Read_2929",0.973361730035976,"Subpopulation_2"
"NGS_H19_Normal_Rep2","Read_2930",0.0285854846247314,"Subpopulation_1"
"NGS_H19_Normal_Rep2","Read_2931",0.981372555542676,"Subpopulation_2"
"NGS_H19_Normal_Rep2","Read_2932",0.0224384424736398,"Subpopulation_1"
"NGS_H19_Normal_Rep2","Read_2933",0.0266417777225365,"Subpopulation_1"
"NGS_H19_Normal_Rep2","Read_2934",0.978172266596835,"Subpopulation_2"
"NGS_H19_Normal_Rep2","Read_2935",0.976918290823067,"Subpopulation_2"
"NGS_H19_Normal_Rep2","Read_2936",0.975322403307289,"Subpopulation_2"
"NGS_H19_Normal_Rep2","Read_2937",0.0114035349794336,"Subpopulation_1"
"NGS_H19_Normal_Rep2","Read_2938",0.982341258307432,"Subpopulation_2"
"NGS_H19_Normal_Rep2","Read_2939",0.0311311993769333,"Subpopulation_1"
"NGS_H19_Normal_Rep2","Read_2940",0.0219688018591901,"Subpopulation_1"
"NGS_H19_Normal_Rep2","Read_2941",0.983165705251758,"Subpopulation_2"
"NGS_H19_Normal_Rep2","Read_2942",0.986774117830773,"Subpopulation_2"
"NGS_H19_Normal_Rep2","Read_2943",0.981462680771127,"Subpopulation_2"
"NGS_H19_Normal_Rep2","Read_2944",0.0223739718725243,"Subpopulation_1"
"NGS_H19_Normal_Rep2","Read_2945",0.0183320935421689,"Subpopulation_1"
"NGS_H19_Normal_Rep2","Read_2946",0.011241923200307,"Subpopulation_1"
"NGS_H19_Normal_Rep2","Read_2947",0.0182350457480346,"Subpopulation_1"
"NGS_H19_Normal_Rep2","Read_2948",0.0153786577535853,"Subpopulation_1"
"NGS_H19_Normal_Rep2","Read_2949",0.0180574531479701,"Subpopulation_1"
"NGS_H19_Normal_Rep2","Read_2950",0.0141752353845864,"Subpopulation_1"
"NGS_H19_Normal_Rep2","Read_2951",0.0200459500067524,"Subpopulation_1"
"NGS_H19_Normal_Rep2","Read_2952",0.0245226237177131,"Subpopulation_1"
"NGS_H19_Normal_Rep2","Read_2953",0.013769725525831,"Subpopulation_1"
"NGS_H19_Normal_Rep2","Read_2954",0.0231090108812771,"Subpopulation_1"
"NGS_H19_Normal_Rep2","Read_2955",0.969145175460929,"Subpopulation_2"
"NGS_H19_Normal_Rep2","Read_2956",0.981145088262409,"Subpopulation_2"
"NGS_H19_Normal_Rep2","Read_2957",0.0136948910021385,"Subpopulation_1"
"NGS_H19_Normal_Rep2","Read_2958",0.017718391391887,"Subpopulation_1"
"NGS_H19_Normal_Rep2","Read_2959",0.0148145701599283,"Subpopulation_1"
"NGS_H19_Normal_Rep2","Read_2960",0.975752283729965,"Subpopulation_2"
"NGS_H19_Normal_Rep2","Read_2961",0.0149877888485018,"Subpopulation_1"
"NGS_H19_Normal_Rep2","Read_2962",0.015407586577017,"Subpopulation_1"
"NGS_H19_Normal_Rep2","Read_2963",0.0162325138943032,"Subpopulation_1"
"NGS_H19_Normal_Rep2","Read_2964",0.979709773982961,"Subpopulation_2"
"NGS_H19_Normal_Rep2","Read_2965",0.0165939796583823,"Subpopulation_1"
"NGS_H19_Normal_Rep2","Read_2966",0.0250959658187433,"Subpopulation_1"
"NGS_H19_Normal_Rep2","Read_2967",0.0210802580482046,"Subpopulation_1"
"NGS_H19_Normal_Rep2","Read_2968",0.0178705626783662,"Subpopulation_1"
"NGS_H19_Normal_Rep2","Read_2969",0.971943829141612,"Subpopulation_2"
"NGS_H19_Normal_Rep2","Read_2970",0.984139534449406,"Subpopulation_2"
"NGS_H19_Normal_Rep2","Read_2971",0.98869766439558,"Subpopulation_2"
"NGS_H19_Normal_Rep2","Read_2972",0.0153840777407315,"Subpopulation_1"
"NGS_H19_Normal_Rep2","Read_2973",0.989407275300884,"Subpopulation_2"
"NGS_H19_Normal_Rep2","Read_2974",0.0143978709430463,"Subpopulation_1"
"NGS_H19_Normal_Rep2","Read_2975",0.981838479742193,"Subpopulation_2"
"NGS_H19_Normal_Rep2","Read_2976",0.978217145150647,"Subpopulation_2"
"NGS_H19_Normal_Rep2","Read_2977",0.0191289125377217,"Subpopulation_1"
"NGS_H19_Normal_Rep2","Read_2978",0.0183584139900594,"Subpopulation_1"
"NGS_H19_Normal_Rep2","Read_2979",0.0203552607271843,"Subpopulation_1"
"NGS_H19_Normal_Rep2","Read_2980",0.987969407984309,"Subpopulation_2"
"NGS_H19_Normal_Rep2","Read_2981",0.980546668471793,"Subpopulation_2"
"NGS_H19_Normal_Rep2","Read_2982",0.0222786561751288,"Subpopulation_1"
"NGS_H19_Normal_Rep2","Read_2983",0.982205535054119,"Subpopulation_2"
"NGS_H19_Normal_Rep2","Read_2984",0.978558482256589,"Subpopulation_2"
"NGS_H19_Normal_Rep2","Read_2985",0.0209791070673378,"Subpopulation_1"
"NGS_H19_Normal_Rep2","Read_2986",0.0181301961501451,"Subpopulation_1"
"NGS_H19_Normal_Rep2","Read_2987",0.974584999272305,"Subpopulation_2"
"NGS_H19_Normal_Rep2","Read_2988",0.0288034248115965,"Subpopulation_1"
"NGS_H19_Normal_Rep2","Read_2989",0.0174354045323013,"Subpopulation_1"
"NGS_H19_Normal_Rep2","Read_2990",0.982854504551337,"Subpopulation_2"
"NGS_H19_Normal_Rep2","Read_2991",0.0215110751600068,"Subpopulation_1"
"NGS_H19_Normal_Rep2","Read_2992",0.981501400858319,"Subpopulation_2"
"NGS_H19_Normal_Rep2","Read_2993",0.977106544237912,"Subpopulation_2"
"NGS_H19_Normal_Rep2","Read_2994",0.0159750865583441,"Subpopulation_1"
"NGS_H19_Normal_Rep2","Read_2995",0.980786835034168,"Subpopulation_2"
"NGS_H19_Normal_Rep2","Read_2996",0.979997985931956,"Subpopulation_2"
"NGS_H19_Normal_Rep2","Read_2997",0.981553558424993,"Subpopulation_2"
"NGS_H19_Normal_Rep2","Read_2998",0.0180583419366794,"Subpopulation_1"
"NGS_H19_Normal_Rep2","Read_2999",0.977857845532907,"Subpopulation_2"
"NGS_H19_Normal_Rep2","Read_3000",0.978854751572098,"Subpopulation_2"
