"Sample","ReadID","sampled_methylation","allele"
"NGS_Nanog_KO_Rep1","Read_1",0.717020629338518,"Subpopulation_1"
"NGS_Nanog_KO_Rep1","Read_2",0.72201729720547,"Subpopulation_1"
"NGS_Nanog_KO_Rep1","Read_3",0.715982643532659,"Subpopulation_1"
"NGS_Nanog_KO_Rep1","Read_4",0.722133449899411,"Subpopulation_1"
"NGS_Nanog_KO_Rep1","Read_5",0.724849180259389,"Subpopulation_1"
"NGS_Nanog_KO_Rep1","Read_6",0.723168756089474,"Subpopulation_1"
"NGS_Nanog_KO_Rep1","Read_7",0.710172636735546,"Subpopulation_1"
"NGS_Nanog_KO_Rep1","Read_8",0.722953664376669,"Subpopulation_1"
"NGS_Nanog_KO_Rep1","Read_9",0.716695700909035,"Subpopulation_1"
"NGS_Nanog_KO_Rep1","Read_10",0.727360481936998,"Subpopulation_1"
"NGS_Nanog_KO_Rep1","Read_11",0.713741220395601,"Subpopulation_1"
"NGS_Nanog_KO_Rep1","Read_12",0.724572785866562,"Subpopulation_1"
"NGS_Nanog_KO_Rep1","Read_13",0.713400812378633,"Subpopulation_1"
"NGS_Nanog_KO_Rep1","Read_14",0.72276804861008,"Subpopulation_1"
"NGS_Nanog_KO_Rep1","Read_15",0.726636999993249,"Subpopulation_1"
"NGS_Nanog_KO_Rep1","Read_16",0.722285278260843,"Subpopulation_1"
"NGS_Nanog_KO_Rep1","Read_17",0.723290917288387,"Subpopulation_1"
"NGS_Nanog_KO_Rep1","Read_18",0.716038281336804,"Subpopulation_1"
"NGS_Nanog_KO_Rep1","Read_19",0.720370064895005,"Subpopulation_1"
"NGS_Nanog_KO_Rep1","Read_20",0.715188265054605,"Subpopulation_1"
"NGS_Nanog_KO_Rep1","Read_21",0.720544214648242,"Subpopulation_1"
"NGS_Nanog_KO_Rep1","Read_22",0.706646367744645,"Subpopulation_1"
"NGS_Nanog_KO_Rep1","Read_23",0.726067179715711,"Subpopulation_1"
"NGS_Nanog_KO_Rep1","Read_24",0.713818394468839,"Subpopulation_1"
"NGS_Nanog_KO_Rep1","Read_25",0.718418726233734,"Subpopulation_1"
"NGS_Nanog_KO_Rep1","Read_26",0.710229414862161,"Subpopulation_1"
"NGS_Nanog_KO_Rep1","Read_27",0.717897585138308,"Subpopulation_1"
"NGS_Nanog_KO_Rep1","Read_28",0.703664740091831,"Subpopulation_1"
"NGS_Nanog_KO_Rep1","Read_29",0.721307835286844,"Subpopulation_1"
"NGS_Nanog_KO_Rep1","Read_30",0.719992801793009,"Subpopulation_1"
"NGS_Nanog_KO_Rep1","Read_31",0.721046757244683,"Subpopulation_1"
"NGS_Nanog_KO_Rep1","Read_32",0.706105186612716,"Subpopulation_1"
"NGS_Nanog_KO_Rep1","Read_33",0.713964362449837,"Subpopulation_1"
"NGS_Nanog_KO_Rep1","Read_34",0.719464063995276,"Subpopulation_1"
"NGS_Nanog_KO_Rep1","Read_35",0.720701647536433,"Subpopulation_1"
"NGS_Nanog_KO_Rep1","Read_36",0.719798056928601,"Subpopulation_1"
"NGS_Nanog_KO_Rep1","Read_37",0.722125088801017,"Subpopulation_1"
"NGS_Nanog_KO_Rep1","Read_38",0.717810771797945,"Subpopulation_1"
"NGS_Nanog_KO_Rep1","Read_39",0.718497662194085,"Subpopulation_1"
"NGS_Nanog_KO_Rep1","Read_40",0.722681626680171,"Subpopulation_1"
"NGS_Nanog_KO_Rep1","Read_41",0.71357199484274,"Subpopulation_1"
"NGS_Nanog_KO_Rep1","Read_42",0.711171074512786,"Subpopulation_1"
"NGS_Nanog_KO_Rep1","Read_43",0.713357947834072,"Subpopulation_1"
"NGS_Nanog_KO_Rep1","Read_44",0.720017150264028,"Subpopulation_1"
"NGS_Nanog_KO_Rep1","Read_45",0.723362420786096,"Subpopulation_1"
"NGS_Nanog_KO_Rep1","Read_46",0.725605580335333,"Subpopulation_1"
"NGS_Nanog_KO_Rep1","Read_47",0.716083739900128,"Subpopulation_1"
"NGS_Nanog_KO_Rep1","Read_48",0.703969591738218,"Subpopulation_1"
"NGS_Nanog_KO_Rep1","Read_49",0.700974569350538,"Subpopulation_1"
"NGS_Nanog_KO_Rep1","Read_50",0.713930432698398,"Subpopulation_1"
"NGS_Nanog_KO_Rep1","Read_51",0.720067333480757,"Subpopulation_1"
"NGS_Nanog_KO_Rep1","Read_52",0.720011430454524,"Subpopulation_1"
"NGS_Nanog_KO_Rep1","Read_53",0.716576041444126,"Subpopulation_1"
"NGS_Nanog_KO_Rep1","Read_54",0.717810564638224,"Subpopulation_1"
"NGS_Nanog_KO_Rep1","Read_55",0.721903289924749,"Subpopulation_1"
"NGS_Nanog_KO_Rep1","Read_56",0.721700220689543,"Subpopulation_1"
"NGS_Nanog_KO_Rep1","Read_57",0.721952975689782,"Subpopulation_1"
"NGS_Nanog_KO_Rep1","Read_58",0.726588794507275,"Subpopulation_1"
"NGS_Nanog_KO_Rep1","Read_59",0.716224051444186,"Subpopulation_1"
"NGS_Nanog_KO_Rep1","Read_60",0.720239918770024,"Subpopulation_1"
"NGS_Nanog_KO_Rep1","Read_61",0.710589050427772,"Subpopulation_1"
"NGS_Nanog_KO_Rep1","Read_62",0.714631616150856,"Subpopulation_1"
"NGS_Nanog_KO_Rep1","Read_63",0.725088888468055,"Subpopulation_1"
"NGS_Nanog_KO_Rep1","Read_64",0.712615666807811,"Subpopulation_1"
"NGS_Nanog_KO_Rep1","Read_65",0.720077131059828,"Subpopulation_1"
"NGS_Nanog_KO_Rep1","Read_66",0.711566146583536,"Subpopulation_1"
"NGS_Nanog_KO_Rep1","Read_67",0.724330120405263,"Subpopulation_1"
"NGS_Nanog_KO_Rep1","Read_68",0.727088385729132,"Subpopulation_1"
"NGS_Nanog_KO_Rep1","Read_69",0.713689253753705,"Subpopulation_1"
"NGS_Nanog_KO_Rep1","Read_70",0.723159744836785,"Subpopulation_1"
"NGS_Nanog_KO_Rep1","Read_71",0.71921969094811,"Subpopulation_1"
"NGS_Nanog_KO_Rep1","Read_72",0.711700656058176,"Subpopulation_1"
"NGS_Nanog_KO_Rep1","Read_73",0.718310171605723,"Subpopulation_1"
"NGS_Nanog_KO_Rep1","Read_74",0.714749244274461,"Subpopulation_1"
"NGS_Nanog_KO_Rep1","Read_75",0.715808598963474,"Subpopulation_1"
"NGS_Nanog_KO_Rep1","Read_76",0.724881113326155,"Subpopulation_1"
"NGS_Nanog_KO_Rep1","Read_77",0.711833965954298,"Subpopulation_1"
"NGS_Nanog_KO_Rep1","Read_78",0.718867994236877,"Subpopulation_1"
"NGS_Nanog_KO_Rep1","Read_79",0.721730984130635,"Subpopulation_1"
"NGS_Nanog_KO_Rep1","Read_80",0.720438302963806,"Subpopulation_1"
"NGS_Nanog_KO_Rep1","Read_81",0.72525741741815,"Subpopulation_1"
"NGS_Nanog_KO_Rep1","Read_82",0.72259558181726,"Subpopulation_1"
"NGS_Nanog_KO_Rep1","Read_83",0.715246221182357,"Subpopulation_1"
"NGS_Nanog_KO_Rep1","Read_84",0.70746269244892,"Subpopulation_1"
"NGS_Nanog_KO_Rep1","Read_85",0.714784818109722,"Subpopulation_1"
"NGS_Nanog_KO_Rep1","Read_86",0.720209690355953,"Subpopulation_1"
"NGS_Nanog_KO_Rep1","Read_87",0.725408059430747,"Subpopulation_1"
"NGS_Nanog_KO_Rep1","Read_88",0.729816031265819,"Subpopulation_1"
"NGS_Nanog_KO_Rep1","Read_89",0.722599518731768,"Subpopulation_1"
"NGS_Nanog_KO_Rep1","Read_90",0.708280968582192,"Subpopulation_1"
"NGS_Nanog_KO_Rep1","Read_91",0.708794033845858,"Subpopulation_1"
"NGS_Nanog_KO_Rep1","Read_92",0.724443060100814,"Subpopulation_1"
"NGS_Nanog_KO_Rep1","Read_93",0.726101232792783,"Subpopulation_1"
"NGS_Nanog_KO_Rep1","Read_94",0.718086118611908,"Subpopulation_1"
"NGS_Nanog_KO_Rep1","Read_95",0.720701609047936,"Subpopulation_1"
"NGS_Nanog_KO_Rep1","Read_96",0.719091041502373,"Subpopulation_1"
"NGS_Nanog_KO_Rep1","Read_97",0.726463804083967,"Subpopulation_1"
"NGS_Nanog_KO_Rep1","Read_98",0.720073217681015,"Subpopulation_1"
"NGS_Nanog_KO_Rep1","Read_99",0.708455321048509,"Subpopulation_1"
"NGS_Nanog_KO_Rep1","Read_100",0.701146382982175,"Subpopulation_1"
"NGS_Nanog_KO_Rep1","Read_101",0.719489793510666,"Subpopulation_1"
"NGS_Nanog_KO_Rep1","Read_102",0.722713823363016,"Subpopulation_1"
"NGS_Nanog_KO_Rep1","Read_103",0.71955535406023,"Subpopulation_1"
"NGS_Nanog_KO_Rep1","Read_104",0.717687772026135,"Subpopulation_1"
"NGS_Nanog_KO_Rep1","Read_105",0.70995251146824,"Subpopulation_1"
"NGS_Nanog_KO_Rep1","Read_106",0.718870071815597,"Subpopulation_1"
"NGS_Nanog_KO_Rep1","Read_107",0.717955714975851,"Subpopulation_1"
"NGS_Nanog_KO_Rep1","Read_108",0.711320940287197,"Subpopulation_1"
"NGS_Nanog_KO_Rep1","Read_109",0.711183084688104,"Subpopulation_1"
"NGS_Nanog_KO_Rep1","Read_110",0.717937207347371,"Subpopulation_1"
"NGS_Nanog_KO_Rep1","Read_111",0.714702585652,"Subpopulation_1"
"NGS_Nanog_KO_Rep1","Read_112",0.718286407939291,"Subpopulation_1"
"NGS_Nanog_KO_Rep1","Read_113",0.722642401536951,"Subpopulation_1"
"NGS_Nanog_KO_Rep1","Read_114",0.706931996886951,"Subpopulation_1"
"NGS_Nanog_KO_Rep1","Read_115",0.725141411602086,"Subpopulation_1"
"NGS_Nanog_KO_Rep1","Read_116",0.717498584466323,"Subpopulation_1"
"NGS_Nanog_KO_Rep1","Read_117",0.71449182324752,"Subpopulation_1"
"NGS_Nanog_KO_Rep1","Read_118",0.726324826581526,"Subpopulation_1"
"NGS_Nanog_KO_Rep1","Read_119",0.719442431473664,"Subpopulation_1"
"NGS_Nanog_KO_Rep1","Read_120",0.70683399664194,"Subpopulation_1"
"NGS_Nanog_KO_Rep1","Read_121",0.724000424389109,"Subpopulation_1"
"NGS_Nanog_KO_Rep1","Read_122",0.711859658864926,"Subpopulation_1"
"NGS_Nanog_KO_Rep1","Read_123",0.719067951092888,"Subpopulation_1"
"NGS_Nanog_KO_Rep1","Read_124",0.722592718176718,"Subpopulation_1"
"NGS_Nanog_KO_Rep1","Read_125",0.707498278686163,"Subpopulation_1"
"NGS_Nanog_KO_Rep1","Read_126",0.72612406548251,"Subpopulation_1"
"NGS_Nanog_KO_Rep1","Read_127",0.713363768778953,"Subpopulation_1"
"NGS_Nanog_KO_Rep1","Read_128",0.722171878908905,"Subpopulation_1"
"NGS_Nanog_KO_Rep1","Read_129",0.716204042793356,"Subpopulation_1"
"NGS_Nanog_KO_Rep1","Read_130",0.72736595564201,"Subpopulation_1"
"NGS_Nanog_KO_Rep1","Read_131",0.725555574175681,"Subpopulation_1"
"NGS_Nanog_KO_Rep1","Read_132",0.720319807947292,"Subpopulation_1"
"NGS_Nanog_KO_Rep1","Read_133",0.723366594684571,"Subpopulation_1"
"NGS_Nanog_KO_Rep1","Read_134",0.730311171819618,"Subpopulation_1"
"NGS_Nanog_KO_Rep1","Read_135",0.715506754838522,"Subpopulation_1"
"NGS_Nanog_KO_Rep1","Read_136",0.721294055492767,"Subpopulation_1"
"NGS_Nanog_KO_Rep1","Read_137",0.719715503420284,"Subpopulation_1"
"NGS_Nanog_KO_Rep1","Read_138",0.719221907763371,"Subpopulation_1"
"NGS_Nanog_KO_Rep1","Read_139",0.709042527656647,"Subpopulation_1"
"NGS_Nanog_KO_Rep1","Read_140",0.730952066498646,"Subpopulation_1"
"NGS_Nanog_KO_Rep1","Read_141",0.715956060604627,"Subpopulation_1"
"NGS_Nanog_KO_Rep1","Read_142",0.715538103584728,"Subpopulation_1"
"NGS_Nanog_KO_Rep1","Read_143",0.713856093184145,"Subpopulation_1"
"NGS_Nanog_KO_Rep1","Read_144",0.717607804896521,"Subpopulation_1"
"NGS_Nanog_KO_Rep1","Read_145",0.716325513664862,"Subpopulation_1"
"NGS_Nanog_KO_Rep1","Read_146",0.71364372116682,"Subpopulation_1"
"NGS_Nanog_KO_Rep1","Read_147",0.725644486030681,"Subpopulation_1"
"NGS_Nanog_KO_Rep1","Read_148",0.712633208962367,"Subpopulation_1"
"NGS_Nanog_KO_Rep1","Read_149",0.720039677892872,"Subpopulation_1"
"NGS_Nanog_KO_Rep1","Read_150",0.718755313106786,"Subpopulation_1"
"NGS_Nanog_KO_Rep1","Read_151",0.712931449955886,"Subpopulation_1"
"NGS_Nanog_KO_Rep1","Read_152",0.718135652016047,"Subpopulation_1"
"NGS_Nanog_KO_Rep1","Read_153",0.71153270817125,"Subpopulation_1"
"NGS_Nanog_KO_Rep1","Read_154",0.719052345214218,"Subpopulation_1"
"NGS_Nanog_KO_Rep1","Read_155",0.721304518248633,"Subpopulation_1"
"NGS_Nanog_KO_Rep1","Read_156",0.715309247815344,"Subpopulation_1"
"NGS_Nanog_KO_Rep1","Read_157",0.719019244545752,"Subpopulation_1"
"NGS_Nanog_KO_Rep1","Read_158",0.718566432623372,"Subpopulation_1"
"NGS_Nanog_KO_Rep1","Read_159",0.725421493875599,"Subpopulation_1"
"NGS_Nanog_KO_Rep1","Read_160",0.716422337124169,"Subpopulation_1"
"NGS_Nanog_KO_Rep1","Read_161",0.729941001557605,"Subpopulation_1"
"NGS_Nanog_KO_Rep1","Read_162",0.721035992134318,"Subpopulation_1"
"NGS_Nanog_KO_Rep1","Read_163",0.721918248505637,"Subpopulation_1"
"NGS_Nanog_KO_Rep1","Read_164",0.719221253839071,"Subpopulation_1"
"NGS_Nanog_KO_Rep1","Read_165",0.715758349792726,"Subpopulation_1"
"NGS_Nanog_KO_Rep1","Read_166",0.719183658196867,"Subpopulation_1"
"NGS_Nanog_KO_Rep1","Read_167",0.723176799029108,"Subpopulation_1"
"NGS_Nanog_KO_Rep1","Read_168",0.724262396248944,"Subpopulation_1"
"NGS_Nanog_KO_Rep1","Read_169",0.729010315397479,"Subpopulation_1"
"NGS_Nanog_KO_Rep1","Read_170",0.720489749531342,"Subpopulation_1"
"NGS_Nanog_KO_Rep1","Read_171",0.71786153024291,"Subpopulation_1"
"NGS_Nanog_KO_Rep1","Read_172",0.710319395669239,"Subpopulation_1"
"NGS_Nanog_KO_Rep1","Read_173",0.712940734420432,"Subpopulation_1"
"NGS_Nanog_KO_Rep1","Read_174",0.704766359532896,"Subpopulation_1"
"NGS_Nanog_KO_Rep1","Read_175",0.714760885615044,"Subpopulation_1"
"NGS_Nanog_KO_Rep1","Read_176",0.714769541903138,"Subpopulation_1"
"NGS_Nanog_KO_Rep1","Read_177",0.719120597564056,"Subpopulation_1"
"NGS_Nanog_KO_Rep1","Read_178",0.71409454591646,"Subpopulation_1"
"NGS_Nanog_KO_Rep1","Read_179",0.723337293377184,"Subpopulation_1"
"NGS_Nanog_KO_Rep1","Read_180",0.71536344122349,"Subpopulation_1"
"NGS_Nanog_KO_Rep1","Read_181",0.717213502111906,"Subpopulation_1"
"NGS_Nanog_KO_Rep1","Read_182",0.701137851619562,"Subpopulation_1"
"NGS_Nanog_KO_Rep1","Read_183",0.731219178506445,"Subpopulation_1"
"NGS_Nanog_KO_Rep1","Read_184",0.713427001813274,"Subpopulation_1"
"NGS_Nanog_KO_Rep1","Read_185",0.723883629033952,"Subpopulation_1"
"NGS_Nanog_KO_Rep1","Read_186",0.71785472852985,"Subpopulation_1"
"NGS_Nanog_KO_Rep1","Read_187",0.714184365216862,"Subpopulation_1"
"NGS_Nanog_KO_Rep1","Read_188",0.719036301063473,"Subpopulation_1"
"NGS_Nanog_KO_Rep1","Read_189",0.707348779259444,"Subpopulation_1"
"NGS_Nanog_KO_Rep1","Read_190",0.71900337919172,"Subpopulation_1"
"NGS_Nanog_KO_Rep1","Read_191",0.711220083130322,"Subpopulation_1"
"NGS_Nanog_KO_Rep1","Read_192",0.720730832503226,"Subpopulation_1"
"NGS_Nanog_KO_Rep1","Read_193",0.71581279675518,"Subpopulation_1"
"NGS_Nanog_KO_Rep1","Read_194",0.723335977826707,"Subpopulation_1"
"NGS_Nanog_KO_Rep1","Read_195",0.710790509033385,"Subpopulation_1"
"NGS_Nanog_KO_Rep1","Read_196",0.720427375162585,"Subpopulation_1"
"NGS_Nanog_KO_Rep1","Read_197",0.724505762736815,"Subpopulation_1"
"NGS_Nanog_KO_Rep1","Read_198",0.714935177037338,"Subpopulation_1"
"NGS_Nanog_KO_Rep1","Read_199",0.712692514973205,"Subpopulation_1"
"NGS_Nanog_KO_Rep1","Read_200",0.716153178799588,"Subpopulation_1"
"NGS_Nanog_KO_Rep1","Read_201",0.726357694667204,"Subpopulation_1"
"NGS_Nanog_KO_Rep1","Read_202",0.716064548648081,"Subpopulation_1"
"NGS_Nanog_KO_Rep1","Read_203",0.725394265324259,"Subpopulation_1"
"NGS_Nanog_KO_Rep1","Read_204",0.716223127377417,"Subpopulation_1"
"NGS_Nanog_KO_Rep1","Read_205",0.720443810441821,"Subpopulation_1"
"NGS_Nanog_KO_Rep1","Read_206",0.716399525019194,"Subpopulation_1"
"NGS_Nanog_KO_Rep1","Read_207",0.724665196927481,"Subpopulation_1"
"NGS_Nanog_KO_Rep1","Read_208",0.69668465401269,"Subpopulation_1"
"NGS_Nanog_KO_Rep1","Read_209",0.717692111182626,"Subpopulation_1"
"NGS_Nanog_KO_Rep1","Read_210",0.711094632495337,"Subpopulation_1"
"NGS_Nanog_KO_Rep1","Read_211",0.713996340771162,"Subpopulation_1"
"NGS_Nanog_KO_Rep1","Read_212",0.721068608047204,"Subpopulation_1"
"NGS_Nanog_KO_Rep1","Read_213",0.712631052556975,"Subpopulation_1"
"NGS_Nanog_KO_Rep1","Read_214",0.720058405831128,"Subpopulation_1"
"NGS_Nanog_KO_Rep1","Read_215",0.719713312525436,"Subpopulation_1"
"NGS_Nanog_KO_Rep1","Read_216",0.725148845986007,"Subpopulation_1"
"NGS_Nanog_KO_Rep1","Read_217",0.717712052314885,"Subpopulation_1"
"NGS_Nanog_KO_Rep1","Read_218",0.719243584193623,"Subpopulation_1"
"NGS_Nanog_KO_Rep1","Read_219",0.714607668050884,"Subpopulation_1"
"NGS_Nanog_KO_Rep1","Read_220",0.721968875201474,"Subpopulation_1"
"NGS_Nanog_KO_Rep1","Read_221",0.715805508759265,"Subpopulation_1"
"NGS_Nanog_KO_Rep1","Read_222",0.719478229083105,"Subpopulation_1"
"NGS_Nanog_KO_Rep1","Read_223",0.717433685525651,"Subpopulation_1"
"NGS_Nanog_KO_Rep1","Read_224",0.722157759190628,"Subpopulation_1"
"NGS_Nanog_KO_Rep1","Read_225",0.723632366186449,"Subpopulation_1"
"NGS_Nanog_KO_Rep1","Read_226",0.717271095975204,"Subpopulation_1"
"NGS_Nanog_KO_Rep1","Read_227",0.719929694596412,"Subpopulation_1"
"NGS_Nanog_KO_Rep1","Read_228",0.721098588027648,"Subpopulation_1"
"NGS_Nanog_KO_Rep1","Read_229",0.716972900813164,"Subpopulation_1"
"NGS_Nanog_KO_Rep1","Read_230",0.721540782085281,"Subpopulation_1"
"NGS_Nanog_KO_Rep1","Read_231",0.720912520027385,"Subpopulation_1"
"NGS_Nanog_KO_Rep1","Read_232",0.702946885559437,"Subpopulation_1"
"NGS_Nanog_KO_Rep1","Read_233",0.722899222519574,"Subpopulation_1"
"NGS_Nanog_KO_Rep1","Read_234",0.724551892819333,"Subpopulation_1"
"NGS_Nanog_KO_Rep1","Read_235",0.71956425290675,"Subpopulation_1"
"NGS_Nanog_KO_Rep1","Read_236",0.714409778584746,"Subpopulation_1"
"NGS_Nanog_KO_Rep1","Read_237",0.709886615374851,"Subpopulation_1"
"NGS_Nanog_KO_Rep1","Read_238",0.71928590449893,"Subpopulation_1"
"NGS_Nanog_KO_Rep1","Read_239",0.723745081314544,"Subpopulation_1"
"NGS_Nanog_KO_Rep1","Read_240",0.730146409322063,"Subpopulation_1"
"NGS_Nanog_KO_Rep1","Read_241",0.722040882593446,"Subpopulation_1"
"NGS_Nanog_KO_Rep1","Read_242",0.718431299608941,"Subpopulation_1"
"NGS_Nanog_KO_Rep1","Read_243",0.715629355482511,"Subpopulation_1"
"NGS_Nanog_KO_Rep1","Read_244",0.723978557897262,"Subpopulation_1"
"NGS_Nanog_KO_Rep1","Read_245",0.711983415331167,"Subpopulation_1"
"NGS_Nanog_KO_Rep1","Read_246",0.711379630114164,"Subpopulation_1"
"NGS_Nanog_KO_Rep1","Read_247",0.716932071941848,"Subpopulation_1"
"NGS_Nanog_KO_Rep1","Read_248",0.724085998613103,"Subpopulation_1"
"NGS_Nanog_KO_Rep1","Read_249",0.71598151449821,"Subpopulation_1"
"NGS_Nanog_KO_Rep1","Read_250",0.716580527754019,"Subpopulation_1"
"NGS_Nanog_KO_Rep1","Read_251",0.712710252354639,"Subpopulation_1"
"NGS_Nanog_KO_Rep1","Read_252",0.714657516887244,"Subpopulation_1"
"NGS_Nanog_KO_Rep1","Read_253",0.71575993537152,"Subpopulation_1"
"NGS_Nanog_KO_Rep1","Read_254",0.726175462039605,"Subpopulation_1"
"NGS_Nanog_KO_Rep1","Read_255",0.728045176118838,"Subpopulation_1"
"NGS_Nanog_KO_Rep1","Read_256",0.717245618938705,"Subpopulation_1"
"NGS_Nanog_KO_Rep1","Read_257",0.712836824694709,"Subpopulation_1"
"NGS_Nanog_KO_Rep1","Read_258",0.721364345549168,"Subpopulation_1"
"NGS_Nanog_KO_Rep1","Read_259",0.71170973007006,"Subpopulation_1"
"NGS_Nanog_KO_Rep1","Read_260",0.718818144753738,"Subpopulation_1"
"NGS_Nanog_KO_Rep1","Read_261",0.714155178063344,"Subpopulation_1"
"NGS_Nanog_KO_Rep1","Read_262",0.711061262908284,"Subpopulation_1"
"NGS_Nanog_KO_Rep1","Read_263",0.720830016612094,"Subpopulation_1"
"NGS_Nanog_KO_Rep1","Read_264",0.709726339994602,"Subpopulation_1"
"NGS_Nanog_KO_Rep1","Read_265",0.714877784711494,"Subpopulation_1"
"NGS_Nanog_KO_Rep1","Read_266",0.709635484030841,"Subpopulation_1"
"NGS_Nanog_KO_Rep1","Read_267",0.720316806256151,"Subpopulation_1"
"NGS_Nanog_KO_Rep1","Read_268",0.718316001518817,"Subpopulation_1"
"NGS_Nanog_KO_Rep1","Read_269",0.715951921681497,"Subpopulation_1"
"NGS_Nanog_KO_Rep1","Read_270",0.714534369131933,"Subpopulation_1"
"NGS_Nanog_KO_Rep1","Read_271",0.731805900697285,"Subpopulation_1"
"NGS_Nanog_KO_Rep1","Read_272",0.721447380211379,"Subpopulation_1"
"NGS_Nanog_KO_Rep1","Read_273",0.718383057907694,"Subpopulation_1"
"NGS_Nanog_KO_Rep1","Read_274",0.70282181636945,"Subpopulation_1"
"NGS_Nanog_KO_Rep1","Read_275",0.723885861615517,"Subpopulation_1"
"NGS_Nanog_KO_Rep1","Read_276",0.726492181478219,"Subpopulation_1"
"NGS_Nanog_KO_Rep1","Read_277",0.719838994624004,"Subpopulation_1"
"NGS_Nanog_KO_Rep1","Read_278",0.72063712069247,"Subpopulation_1"
"NGS_Nanog_KO_Rep1","Read_279",0.713202546811232,"Subpopulation_1"
"NGS_Nanog_KO_Rep1","Read_280",0.716333028690455,"Subpopulation_1"
"NGS_Nanog_KO_Rep1","Read_281",0.720946423640322,"Subpopulation_1"
"NGS_Nanog_KO_Rep1","Read_282",0.72032879828841,"Subpopulation_1"
"NGS_Nanog_KO_Rep1","Read_283",0.711199584943206,"Subpopulation_1"
"NGS_Nanog_KO_Rep1","Read_284",0.717160588542377,"Subpopulation_1"
"NGS_Nanog_KO_Rep1","Read_285",0.726212627348676,"Subpopulation_1"
"NGS_Nanog_KO_Rep1","Read_286",0.718734622032724,"Subpopulation_1"
"NGS_Nanog_KO_Rep1","Read_287",0.715977325298028,"Subpopulation_1"
"NGS_Nanog_KO_Rep1","Read_288",0.719976930865515,"Subpopulation_1"
"NGS_Nanog_KO_Rep1","Read_289",0.723029167235591,"Subpopulation_1"
"NGS_Nanog_KO_Rep1","Read_290",0.720314971053061,"Subpopulation_1"
"NGS_Nanog_KO_Rep1","Read_291",0.711958487965719,"Subpopulation_1"
"NGS_Nanog_KO_Rep1","Read_292",0.714830840729005,"Subpopulation_1"
"NGS_Nanog_KO_Rep1","Read_293",0.719803161262048,"Subpopulation_1"
"NGS_Nanog_KO_Rep1","Read_294",0.717315309334497,"Subpopulation_1"
"NGS_Nanog_KO_Rep1","Read_295",0.720814207422847,"Subpopulation_1"
"NGS_Nanog_KO_Rep1","Read_296",0.712983858635698,"Subpopulation_1"
"NGS_Nanog_KO_Rep1","Read_297",0.708245596978931,"Subpopulation_1"
"NGS_Nanog_KO_Rep1","Read_298",0.715029551526658,"Subpopulation_1"
"NGS_Nanog_KO_Rep1","Read_299",0.706324402263237,"Subpopulation_1"
"NGS_Nanog_KO_Rep1","Read_300",0.710821480872154,"Subpopulation_1"
"NGS_Nanog_KO_Rep1","Read_301",0.717859954893126,"Subpopulation_1"
"NGS_Nanog_KO_Rep1","Read_302",0.70766507176934,"Subpopulation_1"
"NGS_Nanog_KO_Rep1","Read_303",0.730429038137804,"Subpopulation_1"
"NGS_Nanog_KO_Rep1","Read_304",0.722526193540523,"Subpopulation_1"
"NGS_Nanog_KO_Rep1","Read_305",0.712542083673742,"Subpopulation_1"
"NGS_Nanog_KO_Rep1","Read_306",0.711763752652676,"Subpopulation_1"
"NGS_Nanog_KO_Rep1","Read_307",0.708752485519343,"Subpopulation_1"
"NGS_Nanog_KO_Rep1","Read_308",0.714963007760854,"Subpopulation_1"
"NGS_Nanog_KO_Rep1","Read_309",0.731694901297921,"Subpopulation_1"
"NGS_Nanog_KO_Rep1","Read_310",0.705156944501832,"Subpopulation_1"
"NGS_Nanog_KO_Rep1","Read_311",0.713826066752233,"Subpopulation_1"
"NGS_Nanog_KO_Rep1","Read_312",0.718143711296874,"Subpopulation_1"
"NGS_Nanog_KO_Rep1","Read_313",0.718711944411039,"Subpopulation_1"
"NGS_Nanog_KO_Rep1","Read_314",0.724567549174159,"Subpopulation_1"
"NGS_Nanog_KO_Rep1","Read_315",0.718963090506585,"Subpopulation_1"
"NGS_Nanog_KO_Rep1","Read_316",0.719906478516717,"Subpopulation_1"
"NGS_Nanog_KO_Rep1","Read_317",0.707464481744143,"Subpopulation_1"
"NGS_Nanog_KO_Rep1","Read_318",0.723205382178273,"Subpopulation_1"
"NGS_Nanog_KO_Rep1","Read_319",0.716133455854086,"Subpopulation_1"
"NGS_Nanog_KO_Rep1","Read_320",0.715380063833341,"Subpopulation_1"
"NGS_Nanog_KO_Rep1","Read_321",0.714879792620646,"Subpopulation_1"
"NGS_Nanog_KO_Rep1","Read_322",0.715049879968833,"Subpopulation_1"
"NGS_Nanog_KO_Rep1","Read_323",0.724148829520689,"Subpopulation_1"
"NGS_Nanog_KO_Rep1","Read_324",0.719918676914778,"Subpopulation_1"
"NGS_Nanog_KO_Rep1","Read_325",0.716366978385369,"Subpopulation_1"
"NGS_Nanog_KO_Rep1","Read_326",0.715036452646541,"Subpopulation_1"
"NGS_Nanog_KO_Rep1","Read_327",0.72005418864086,"Subpopulation_1"
"NGS_Nanog_KO_Rep1","Read_328",0.715733859012637,"Subpopulation_1"
"NGS_Nanog_KO_Rep1","Read_329",0.723318286487564,"Subpopulation_1"
"NGS_Nanog_KO_Rep1","Read_330",0.719508408640884,"Subpopulation_1"
"NGS_Nanog_KO_Rep1","Read_331",0.719282992335147,"Subpopulation_1"
"NGS_Nanog_KO_Rep1","Read_332",0.717743100384192,"Subpopulation_1"
"NGS_Nanog_KO_Rep1","Read_333",0.722477634497324,"Subpopulation_1"
"NGS_Nanog_KO_Rep1","Read_334",0.710400015392808,"Subpopulation_1"
"NGS_Nanog_KO_Rep1","Read_335",0.715119863565396,"Subpopulation_1"
"NGS_Nanog_KO_Rep1","Read_336",0.720541023522357,"Subpopulation_1"
"NGS_Nanog_KO_Rep1","Read_337",0.721146722000127,"Subpopulation_1"
"NGS_Nanog_KO_Rep1","Read_338",0.715745284790003,"Subpopulation_1"
"NGS_Nanog_KO_Rep1","Read_339",0.71578124945133,"Subpopulation_1"
"NGS_Nanog_KO_Rep1","Read_340",0.717774470550203,"Subpopulation_1"
"NGS_Nanog_KO_Rep1","Read_341",0.719955477642765,"Subpopulation_1"
"NGS_Nanog_KO_Rep1","Read_342",0.724890863697176,"Subpopulation_1"
"NGS_Nanog_KO_Rep1","Read_343",0.721996448033033,"Subpopulation_1"
"NGS_Nanog_KO_Rep1","Read_344",0.730019092031428,"Subpopulation_1"
"NGS_Nanog_KO_Rep1","Read_345",0.707075173010864,"Subpopulation_1"
"NGS_Nanog_KO_Rep1","Read_346",0.719784128380429,"Subpopulation_1"
"NGS_Nanog_KO_Rep1","Read_347",0.712620081272542,"Subpopulation_1"
"NGS_Nanog_KO_Rep1","Read_348",0.720037407308394,"Subpopulation_1"
"NGS_Nanog_KO_Rep1","Read_349",0.717100316436001,"Subpopulation_1"
"NGS_Nanog_KO_Rep1","Read_350",0.708466353250348,"Subpopulation_1"
"NGS_Nanog_KO_Rep1","Read_351",0.723708576686732,"Subpopulation_1"
"NGS_Nanog_KO_Rep1","Read_352",0.715997964164883,"Subpopulation_1"
"NGS_Nanog_KO_Rep1","Read_353",0.701864996233467,"Subpopulation_1"
"NGS_Nanog_KO_Rep1","Read_354",0.715495185207012,"Subpopulation_1"
"NGS_Nanog_KO_Rep1","Read_355",0.716636533743173,"Subpopulation_1"
"NGS_Nanog_KO_Rep1","Read_356",0.721206329960206,"Subpopulation_1"
"NGS_Nanog_KO_Rep1","Read_357",0.722206442307371,"Subpopulation_1"
"NGS_Nanog_KO_Rep1","Read_358",0.730843053722609,"Subpopulation_1"
"NGS_Nanog_KO_Rep1","Read_359",0.724130823715892,"Subpopulation_1"
"NGS_Nanog_KO_Rep1","Read_360",0.718676398697084,"Subpopulation_1"
"NGS_Nanog_KO_Rep1","Read_361",0.724901617606735,"Subpopulation_1"
"NGS_Nanog_KO_Rep1","Read_362",0.721132829721313,"Subpopulation_1"
"NGS_Nanog_KO_Rep1","Read_363",0.720897947287406,"Subpopulation_1"
"NGS_Nanog_KO_Rep1","Read_364",0.708388350371926,"Subpopulation_1"
"NGS_Nanog_KO_Rep1","Read_365",0.721009572265535,"Subpopulation_1"
"NGS_Nanog_KO_Rep1","Read_366",0.720682374246756,"Subpopulation_1"
"NGS_Nanog_KO_Rep1","Read_367",0.722668837194077,"Subpopulation_1"
"NGS_Nanog_KO_Rep1","Read_368",0.716330932163448,"Subpopulation_1"
"NGS_Nanog_KO_Rep1","Read_369",0.714625605621633,"Subpopulation_1"
"NGS_Nanog_KO_Rep1","Read_370",0.720602862243273,"Subpopulation_1"
"NGS_Nanog_KO_Rep1","Read_371",0.716538090983142,"Subpopulation_1"
"NGS_Nanog_KO_Rep1","Read_372",0.721992977851206,"Subpopulation_1"
"NGS_Nanog_KO_Rep1","Read_373",0.718237580951939,"Subpopulation_1"
"NGS_Nanog_KO_Rep1","Read_374",0.715057948814018,"Subpopulation_1"
"NGS_Nanog_KO_Rep1","Read_375",0.723092231062069,"Subpopulation_1"
"NGS_Nanog_KO_Rep1","Read_376",0.718274240368503,"Subpopulation_1"
"NGS_Nanog_KO_Rep1","Read_377",0.715940491997553,"Subpopulation_1"
"NGS_Nanog_KO_Rep1","Read_378",0.717161335730539,"Subpopulation_1"
"NGS_Nanog_KO_Rep1","Read_379",0.725450161129676,"Subpopulation_1"
"NGS_Nanog_KO_Rep1","Read_380",0.721017043553597,"Subpopulation_1"
"NGS_Nanog_KO_Rep1","Read_381",0.71741399710937,"Subpopulation_1"
"NGS_Nanog_KO_Rep1","Read_382",0.718001009605166,"Subpopulation_1"
"NGS_Nanog_KO_Rep1","Read_383",0.715153139342441,"Subpopulation_1"
"NGS_Nanog_KO_Rep1","Read_384",0.732055790046529,"Subpopulation_1"
"NGS_Nanog_KO_Rep1","Read_385",0.697985505479493,"Subpopulation_1"
"NGS_Nanog_KO_Rep1","Read_386",0.72554526061846,"Subpopulation_1"
"NGS_Nanog_KO_Rep1","Read_387",0.716574970569467,"Subpopulation_1"
"NGS_Nanog_KO_Rep1","Read_388",0.717795493798097,"Subpopulation_1"
"NGS_Nanog_KO_Rep1","Read_389",0.717388320701083,"Subpopulation_1"
"NGS_Nanog_KO_Rep1","Read_390",0.720355407390067,"Subpopulation_1"
"NGS_Nanog_KO_Rep1","Read_391",0.707260034218868,"Subpopulation_1"
"NGS_Nanog_KO_Rep1","Read_392",0.713919716781132,"Subpopulation_1"
"NGS_Nanog_KO_Rep1","Read_393",0.710946365711411,"Subpopulation_1"
"NGS_Nanog_KO_Rep1","Read_394",0.723097916806896,"Subpopulation_1"
"NGS_Nanog_KO_Rep1","Read_395",0.725506016937786,"Subpopulation_1"
"NGS_Nanog_KO_Rep1","Read_396",0.720808025708663,"Subpopulation_1"
"NGS_Nanog_KO_Rep1","Read_397",0.721372297661656,"Subpopulation_1"
"NGS_Nanog_KO_Rep1","Read_398",0.71421785870735,"Subpopulation_1"
"NGS_Nanog_KO_Rep1","Read_399",0.723669789429054,"Subpopulation_1"
"NGS_Nanog_KO_Rep1","Read_400",0.721649560657653,"Subpopulation_1"
"NGS_Nanog_KO_Rep1","Read_401",0.714009751702211,"Subpopulation_1"
"NGS_Nanog_KO_Rep1","Read_402",0.719383927426697,"Subpopulation_1"
"NGS_Nanog_KO_Rep1","Read_403",0.715437375267439,"Subpopulation_1"
"NGS_Nanog_KO_Rep1","Read_404",0.725697931447206,"Subpopulation_1"
"NGS_Nanog_KO_Rep1","Read_405",0.732446277243335,"Subpopulation_1"
"NGS_Nanog_KO_Rep1","Read_406",0.713192684841846,"Subpopulation_1"
"NGS_Nanog_KO_Rep1","Read_407",0.716705106407166,"Subpopulation_1"
"NGS_Nanog_KO_Rep1","Read_408",0.718231384870402,"Subpopulation_1"
"NGS_Nanog_KO_Rep1","Read_409",0.709247601813726,"Subpopulation_1"
"NGS_Nanog_KO_Rep1","Read_410",0.715326769236754,"Subpopulation_1"
"NGS_Nanog_KO_Rep1","Read_411",0.717797198674777,"Subpopulation_1"
"NGS_Nanog_KO_Rep1","Read_412",0.718634712351119,"Subpopulation_1"
"NGS_Nanog_KO_Rep1","Read_413",0.705312562078896,"Subpopulation_1"
"NGS_Nanog_KO_Rep1","Read_414",0.716491095088819,"Subpopulation_1"
"NGS_Nanog_KO_Rep1","Read_415",0.717105384971596,"Subpopulation_1"
"NGS_Nanog_KO_Rep1","Read_416",0.721821175359194,"Subpopulation_1"
"NGS_Nanog_KO_Rep1","Read_417",0.725442060879233,"Subpopulation_1"
"NGS_Nanog_KO_Rep1","Read_418",0.709474463342986,"Subpopulation_1"
"NGS_Nanog_KO_Rep1","Read_419",0.720351374401549,"Subpopulation_1"
"NGS_Nanog_KO_Rep1","Read_420",0.715392003259021,"Subpopulation_1"
"NGS_Nanog_KO_Rep1","Read_421",0.714150538535982,"Subpopulation_1"
"NGS_Nanog_KO_Rep1","Read_422",0.719603145483706,"Subpopulation_1"
"NGS_Nanog_KO_Rep1","Read_423",0.720278110080292,"Subpopulation_1"
"NGS_Nanog_KO_Rep1","Read_424",0.721845231180172,"Subpopulation_1"
"NGS_Nanog_KO_Rep1","Read_425",0.716518778406761,"Subpopulation_1"
"NGS_Nanog_KO_Rep1","Read_426",0.710512046886613,"Subpopulation_1"
"NGS_Nanog_KO_Rep1","Read_427",0.723211429473987,"Subpopulation_1"
"NGS_Nanog_KO_Rep1","Read_428",0.726899680735049,"Subpopulation_1"
"NGS_Nanog_KO_Rep1","Read_429",0.714027407520874,"Subpopulation_1"
"NGS_Nanog_KO_Rep1","Read_430",0.720633259090128,"Subpopulation_1"
"NGS_Nanog_KO_Rep1","Read_431",0.7190944059102,"Subpopulation_1"
"NGS_Nanog_KO_Rep1","Read_432",0.72027903122407,"Subpopulation_1"
"NGS_Nanog_KO_Rep1","Read_433",0.719316312406919,"Subpopulation_1"
"NGS_Nanog_KO_Rep1","Read_434",0.722413236953876,"Subpopulation_1"
"NGS_Nanog_KO_Rep1","Read_435",0.70847142764017,"Subpopulation_1"
"NGS_Nanog_KO_Rep1","Read_436",0.717596478539887,"Subpopulation_1"
"NGS_Nanog_KO_Rep1","Read_437",0.726454809429798,"Subpopulation_1"
"NGS_Nanog_KO_Rep1","Read_438",0.718164360654073,"Subpopulation_1"
"NGS_Nanog_KO_Rep1","Read_439",0.706283457977339,"Subpopulation_1"
"NGS_Nanog_KO_Rep1","Read_440",0.702092676402143,"Subpopulation_1"
"NGS_Nanog_KO_Rep1","Read_441",0.725457651260634,"Subpopulation_1"
"NGS_Nanog_KO_Rep1","Read_442",0.723045940036921,"Subpopulation_1"
"NGS_Nanog_KO_Rep1","Read_443",0.716175331301686,"Subpopulation_1"
"NGS_Nanog_KO_Rep1","Read_444",0.713477161275496,"Subpopulation_1"
"NGS_Nanog_KO_Rep1","Read_445",0.702273566651087,"Subpopulation_1"
"NGS_Nanog_KO_Rep1","Read_446",0.714521550813027,"Subpopulation_1"
"NGS_Nanog_KO_Rep1","Read_447",0.727982371128435,"Subpopulation_1"
"NGS_Nanog_KO_Rep1","Read_448",0.721645320603418,"Subpopulation_1"
"NGS_Nanog_KO_Rep1","Read_449",0.724803678068192,"Subpopulation_1"
"NGS_Nanog_KO_Rep1","Read_450",0.724016575869557,"Subpopulation_1"
"NGS_Nanog_KO_Rep1","Read_451",0.70224478973512,"Subpopulation_1"
"NGS_Nanog_KO_Rep1","Read_452",0.715819703330124,"Subpopulation_1"
"NGS_Nanog_KO_Rep1","Read_453",0.712930332299924,"Subpopulation_1"
"NGS_Nanog_KO_Rep1","Read_454",0.723922379205072,"Subpopulation_1"
"NGS_Nanog_KO_Rep1","Read_455",0.725229168820651,"Subpopulation_1"
"NGS_Nanog_KO_Rep1","Read_456",0.724867908695243,"Subpopulation_1"
"NGS_Nanog_KO_Rep1","Read_457",0.72104453313309,"Subpopulation_1"
"NGS_Nanog_KO_Rep1","Read_458",0.713416243019649,"Subpopulation_1"
"NGS_Nanog_KO_Rep1","Read_459",0.717424474508176,"Subpopulation_1"
"NGS_Nanog_KO_Rep1","Read_460",0.723120462510319,"Subpopulation_1"
"NGS_Nanog_KO_Rep1","Read_461",0.715096641666455,"Subpopulation_1"
"NGS_Nanog_KO_Rep1","Read_462",0.725029733964131,"Subpopulation_1"
"NGS_Nanog_KO_Rep1","Read_463",0.712853297805555,"Subpopulation_1"
"NGS_Nanog_KO_Rep1","Read_464",0.722112596009653,"Subpopulation_1"
"NGS_Nanog_KO_Rep1","Read_465",0.716772431190612,"Subpopulation_1"
"NGS_Nanog_KO_Rep1","Read_466",0.725544682916119,"Subpopulation_1"
"NGS_Nanog_KO_Rep1","Read_467",0.721253577862508,"Subpopulation_1"
"NGS_Nanog_KO_Rep1","Read_468",0.711079181651712,"Subpopulation_1"
"NGS_Nanog_KO_Rep1","Read_469",0.713030439812551,"Subpopulation_1"
"NGS_Nanog_KO_Rep1","Read_470",0.717489049674479,"Subpopulation_1"
"NGS_Nanog_KO_Rep1","Read_471",0.706025402573607,"Subpopulation_1"
"NGS_Nanog_KO_Rep1","Read_472",0.719594001567332,"Subpopulation_1"
"NGS_Nanog_KO_Rep1","Read_473",0.729193638360251,"Subpopulation_1"
"NGS_Nanog_KO_Rep1","Read_474",0.716169212198857,"Subpopulation_1"
"NGS_Nanog_KO_Rep1","Read_475",0.717988443121156,"Subpopulation_1"
"NGS_Nanog_KO_Rep1","Read_476",0.71900336954541,"Subpopulation_1"
"NGS_Nanog_KO_Rep1","Read_477",0.713698315412914,"Subpopulation_1"
"NGS_Nanog_KO_Rep1","Read_478",0.702125451664091,"Subpopulation_1"
"NGS_Nanog_KO_Rep1","Read_479",0.731922872395308,"Subpopulation_1"
"NGS_Nanog_KO_Rep1","Read_480",0.717811422738841,"Subpopulation_1"
"NGS_Nanog_KO_Rep1","Read_481",0.721803813388715,"Subpopulation_1"
"NGS_Nanog_KO_Rep1","Read_482",0.711554096334976,"Subpopulation_1"
"NGS_Nanog_KO_Rep1","Read_483",0.736431168953238,"Subpopulation_1"
"NGS_Nanog_KO_Rep1","Read_484",0.724008578415878,"Subpopulation_1"
"NGS_Nanog_KO_Rep1","Read_485",0.724596529611593,"Subpopulation_1"
"NGS_Nanog_KO_Rep1","Read_486",0.723290114910209,"Subpopulation_1"
"NGS_Nanog_KO_Rep1","Read_487",0.71403848209377,"Subpopulation_1"
"NGS_Nanog_KO_Rep1","Read_488",0.715873651906298,"Subpopulation_1"
"NGS_Nanog_KO_Rep1","Read_489",0.721319347351757,"Subpopulation_1"
"NGS_Nanog_KO_Rep1","Read_490",0.713076518267579,"Subpopulation_1"
"NGS_Nanog_KO_Rep1","Read_491",0.719379048582778,"Subpopulation_1"
"NGS_Nanog_KO_Rep1","Read_492",0.714866051961287,"Subpopulation_1"
"NGS_Nanog_KO_Rep1","Read_493",0.715478578711049,"Subpopulation_1"
"NGS_Nanog_KO_Rep1","Read_494",0.720160560004689,"Subpopulation_1"
"NGS_Nanog_KO_Rep1","Read_495",0.711475042882227,"Subpopulation_1"
"NGS_Nanog_KO_Rep1","Read_496",0.715422375548471,"Subpopulation_1"
"NGS_Nanog_KO_Rep1","Read_497",0.71348166425672,"Subpopulation_1"
"NGS_Nanog_KO_Rep1","Read_498",0.71934620642343,"Subpopulation_1"
"NGS_Nanog_KO_Rep1","Read_499",0.71447255524995,"Subpopulation_1"
"NGS_Nanog_KO_Rep1","Read_500",0.720687768582973,"Subpopulation_1"
"NGS_Nanog_KO_Rep1","Read_501",0.720654880069747,"Subpopulation_1"
"NGS_Nanog_KO_Rep1","Read_502",0.717557694370208,"Subpopulation_1"
"NGS_Nanog_KO_Rep1","Read_503",0.723309095444822,"Subpopulation_1"
"NGS_Nanog_KO_Rep1","Read_504",0.724001834317419,"Subpopulation_1"
"NGS_Nanog_KO_Rep1","Read_505",0.713690117610023,"Subpopulation_1"
"NGS_Nanog_KO_Rep1","Read_506",0.71252967176489,"Subpopulation_1"
"NGS_Nanog_KO_Rep1","Read_507",0.713938229903622,"Subpopulation_1"
"NGS_Nanog_KO_Rep1","Read_508",0.719999280945884,"Subpopulation_1"
"NGS_Nanog_KO_Rep1","Read_509",0.722159217641216,"Subpopulation_1"
"NGS_Nanog_KO_Rep1","Read_510",0.719017018260724,"Subpopulation_1"
"NGS_Nanog_KO_Rep1","Read_511",0.713318113508506,"Subpopulation_1"
"NGS_Nanog_KO_Rep1","Read_512",0.701022312154315,"Subpopulation_1"
"NGS_Nanog_KO_Rep1","Read_513",0.718555575114793,"Subpopulation_1"
"NGS_Nanog_KO_Rep1","Read_514",0.715177853088755,"Subpopulation_1"
"NGS_Nanog_KO_Rep1","Read_515",0.70869959562177,"Subpopulation_1"
"NGS_Nanog_KO_Rep1","Read_516",0.710239848827524,"Subpopulation_1"
"NGS_Nanog_KO_Rep1","Read_517",0.726151268844673,"Subpopulation_1"
"NGS_Nanog_KO_Rep1","Read_518",0.720647267785837,"Subpopulation_1"
"NGS_Nanog_KO_Rep1","Read_519",0.720083022108078,"Subpopulation_1"
"NGS_Nanog_KO_Rep1","Read_520",0.709453235953546,"Subpopulation_1"
"NGS_Nanog_KO_Rep1","Read_521",0.723629373078256,"Subpopulation_1"
"NGS_Nanog_KO_Rep1","Read_522",0.709364389072014,"Subpopulation_1"
"NGS_Nanog_KO_Rep1","Read_523",0.723323959493854,"Subpopulation_1"
"NGS_Nanog_KO_Rep1","Read_524",0.717311295673304,"Subpopulation_1"
"NGS_Nanog_KO_Rep1","Read_525",0.729737299897454,"Subpopulation_1"
"NGS_Nanog_KO_Rep1","Read_526",0.727433504003782,"Subpopulation_1"
"NGS_Nanog_KO_Rep1","Read_527",0.718365314171888,"Subpopulation_1"
"NGS_Nanog_KO_Rep1","Read_528",0.716986712948139,"Subpopulation_1"
"NGS_Nanog_KO_Rep1","Read_529",0.719164664081288,"Subpopulation_1"
"NGS_Nanog_KO_Rep1","Read_530",0.724497873401588,"Subpopulation_1"
"NGS_Nanog_KO_Rep1","Read_531",0.72544819197151,"Subpopulation_1"
"NGS_Nanog_KO_Rep1","Read_532",0.720813254257081,"Subpopulation_1"
"NGS_Nanog_KO_Rep1","Read_533",0.725283836049841,"Subpopulation_1"
"NGS_Nanog_KO_Rep1","Read_534",0.716271169716918,"Subpopulation_1"
"NGS_Nanog_KO_Rep1","Read_535",0.709900907171128,"Subpopulation_1"
"NGS_Nanog_KO_Rep1","Read_536",0.721625041836134,"Subpopulation_1"
"NGS_Nanog_KO_Rep1","Read_537",0.708483487805408,"Subpopulation_1"
"NGS_Nanog_KO_Rep1","Read_538",0.718046582501775,"Subpopulation_1"
"NGS_Nanog_KO_Rep1","Read_539",0.717981210245432,"Subpopulation_1"
"NGS_Nanog_KO_Rep1","Read_540",0.706712482015759,"Subpopulation_1"
"NGS_Nanog_KO_Rep1","Read_541",0.721089145825028,"Subpopulation_1"
"NGS_Nanog_KO_Rep1","Read_542",0.711166970704062,"Subpopulation_1"
"NGS_Nanog_KO_Rep1","Read_543",0.715536552956705,"Subpopulation_1"
"NGS_Nanog_KO_Rep1","Read_544",0.72100971476371,"Subpopulation_1"
"NGS_Nanog_KO_Rep1","Read_545",0.721581601057264,"Subpopulation_1"
"NGS_Nanog_KO_Rep1","Read_546",0.721605646128412,"Subpopulation_1"
"NGS_Nanog_KO_Rep1","Read_547",0.709891576591029,"Subpopulation_1"
"NGS_Nanog_KO_Rep1","Read_548",0.721083426101344,"Subpopulation_1"
"NGS_Nanog_KO_Rep1","Read_549",0.714951129760576,"Subpopulation_1"
"NGS_Nanog_KO_Rep1","Read_550",0.728355499374817,"Subpopulation_1"
"NGS_Nanog_KO_Rep1","Read_551",0.731052732349997,"Subpopulation_1"
"NGS_Nanog_KO_Rep1","Read_552",0.713702344413275,"Subpopulation_1"
"NGS_Nanog_KO_Rep1","Read_553",0.728493732695076,"Subpopulation_1"
"NGS_Nanog_KO_Rep1","Read_554",0.717160278118173,"Subpopulation_1"
"NGS_Nanog_KO_Rep1","Read_555",0.72020663011228,"Subpopulation_1"
"NGS_Nanog_KO_Rep1","Read_556",0.716491542376416,"Subpopulation_1"
"NGS_Nanog_KO_Rep1","Read_557",0.720814423022684,"Subpopulation_1"
"NGS_Nanog_KO_Rep1","Read_558",0.710205648216362,"Subpopulation_1"
"NGS_Nanog_KO_Rep1","Read_559",0.719679508561966,"Subpopulation_1"
"NGS_Nanog_KO_Rep1","Read_560",0.711866712248885,"Subpopulation_1"
"NGS_Nanog_KO_Rep1","Read_561",0.723179292266613,"Subpopulation_1"
"NGS_Nanog_KO_Rep1","Read_562",0.713285499566406,"Subpopulation_1"
"NGS_Nanog_KO_Rep1","Read_563",0.724138484977416,"Subpopulation_1"
"NGS_Nanog_KO_Rep1","Read_564",0.721525656924315,"Subpopulation_1"
"NGS_Nanog_KO_Rep1","Read_565",0.717697225661965,"Subpopulation_1"
"NGS_Nanog_KO_Rep1","Read_566",0.716718643663348,"Subpopulation_1"
"NGS_Nanog_KO_Rep1","Read_567",0.717116143993861,"Subpopulation_1"
"NGS_Nanog_KO_Rep1","Read_568",0.714519842822504,"Subpopulation_1"
"NGS_Nanog_KO_Rep1","Read_569",0.711186748926266,"Subpopulation_1"
"NGS_Nanog_KO_Rep1","Read_570",0.719640012855618,"Subpopulation_1"
"NGS_Nanog_KO_Rep1","Read_571",0.721607237144233,"Subpopulation_1"
"NGS_Nanog_KO_Rep1","Read_572",0.718588015099534,"Subpopulation_1"
"NGS_Nanog_KO_Rep1","Read_573",0.716360004615581,"Subpopulation_1"
"NGS_Nanog_KO_Rep1","Read_574",0.718811707309688,"Subpopulation_1"
"NGS_Nanog_KO_Rep1","Read_575",0.718748848092917,"Subpopulation_1"
"NGS_Nanog_KO_Rep1","Read_576",0.720673940529142,"Subpopulation_1"
"NGS_Nanog_KO_Rep1","Read_577",0.716600029673021,"Subpopulation_1"
"NGS_Nanog_KO_Rep1","Read_578",0.723928936941704,"Subpopulation_1"
"NGS_Nanog_KO_Rep1","Read_579",0.724660432098752,"Subpopulation_1"
"NGS_Nanog_KO_Rep1","Read_580",0.714494106226966,"Subpopulation_1"
"NGS_Nanog_KO_Rep1","Read_581",0.710092224229967,"Subpopulation_1"
"NGS_Nanog_KO_Rep1","Read_582",0.70654159961002,"Subpopulation_1"
"NGS_Nanog_KO_Rep1","Read_583",0.722951729970209,"Subpopulation_1"
"NGS_Nanog_KO_Rep1","Read_584",0.723118874845422,"Subpopulation_1"
"NGS_Nanog_KO_Rep1","Read_585",0.703025219341672,"Subpopulation_1"
"NGS_Nanog_KO_Rep1","Read_586",0.714883919527709,"Subpopulation_1"
"NGS_Nanog_KO_Rep1","Read_587",0.72119712084912,"Subpopulation_1"
"NGS_Nanog_KO_Rep1","Read_588",0.712426647082822,"Subpopulation_1"
"NGS_Nanog_KO_Rep1","Read_589",0.724079891390913,"Subpopulation_1"
"NGS_Nanog_KO_Rep1","Read_590",0.724728357487243,"Subpopulation_1"
"NGS_Nanog_KO_Rep1","Read_591",0.718856007655179,"Subpopulation_1"
"NGS_Nanog_KO_Rep1","Read_592",0.720077394320512,"Subpopulation_1"
"NGS_Nanog_KO_Rep1","Read_593",0.710487019811532,"Subpopulation_1"
"NGS_Nanog_KO_Rep1","Read_594",0.725930414929452,"Subpopulation_1"
"NGS_Nanog_KO_Rep1","Read_595",0.709957636777964,"Subpopulation_1"
"NGS_Nanog_KO_Rep1","Read_596",0.723148621642989,"Subpopulation_1"
"NGS_Nanog_KO_Rep1","Read_597",0.72437030265987,"Subpopulation_1"
"NGS_Nanog_KO_Rep1","Read_598",0.711794707110333,"Subpopulation_1"
"NGS_Nanog_KO_Rep1","Read_599",0.716399401388964,"Subpopulation_1"
"NGS_Nanog_KO_Rep1","Read_600",0.720569764911907,"Subpopulation_1"
"NGS_Nanog_KO_Rep1","Read_601",0.721903641822587,"Subpopulation_1"
"NGS_Nanog_KO_Rep1","Read_602",0.713633432949054,"Subpopulation_1"
"NGS_Nanog_KO_Rep1","Read_603",0.720388283385766,"Subpopulation_1"
"NGS_Nanog_KO_Rep1","Read_604",0.723861828463409,"Subpopulation_1"
"NGS_Nanog_KO_Rep1","Read_605",0.717811156721538,"Subpopulation_1"
"NGS_Nanog_KO_Rep1","Read_606",0.714462836008585,"Subpopulation_1"
"NGS_Nanog_KO_Rep1","Read_607",0.711764265169578,"Subpopulation_1"
"NGS_Nanog_KO_Rep1","Read_608",0.71456667719924,"Subpopulation_1"
"NGS_Nanog_KO_Rep1","Read_609",0.72866375960847,"Subpopulation_1"
"NGS_Nanog_KO_Rep1","Read_610",0.71657539740608,"Subpopulation_1"
"NGS_Nanog_KO_Rep1","Read_611",0.721619181042211,"Subpopulation_1"
"NGS_Nanog_KO_Rep1","Read_612",0.71749273975078,"Subpopulation_1"
"NGS_Nanog_KO_Rep1","Read_613",0.717780215184,"Subpopulation_1"
"NGS_Nanog_KO_Rep1","Read_614",0.725583510862564,"Subpopulation_1"
"NGS_Nanog_KO_Rep1","Read_615",0.721728390988246,"Subpopulation_1"
"NGS_Nanog_KO_Rep1","Read_616",0.720654997815534,"Subpopulation_1"
"NGS_Nanog_KO_Rep1","Read_617",0.723211415962971,"Subpopulation_1"
"NGS_Nanog_KO_Rep1","Read_618",0.713210157628488,"Subpopulation_1"
"NGS_Nanog_KO_Rep1","Read_619",0.718259442852603,"Subpopulation_1"
"NGS_Nanog_KO_Rep1","Read_620",0.716715931391424,"Subpopulation_1"
"NGS_Nanog_KO_Rep1","Read_621",0.720526553683038,"Subpopulation_1"
"NGS_Nanog_KO_Rep1","Read_622",0.709540079690221,"Subpopulation_1"
"NGS_Nanog_KO_Rep1","Read_623",0.719816824065238,"Subpopulation_1"
"NGS_Nanog_KO_Rep1","Read_624",0.72185362937315,"Subpopulation_1"
"NGS_Nanog_KO_Rep1","Read_625",0.716881840196254,"Subpopulation_1"
"NGS_Nanog_KO_Rep1","Read_626",0.726632832620745,"Subpopulation_1"
"NGS_Nanog_KO_Rep1","Read_627",0.72400854430926,"Subpopulation_1"
"NGS_Nanog_KO_Rep1","Read_628",0.705464318808004,"Subpopulation_1"
"NGS_Nanog_KO_Rep1","Read_629",0.720552823272513,"Subpopulation_1"
"NGS_Nanog_KO_Rep1","Read_630",0.722513005459752,"Subpopulation_1"
"NGS_Nanog_KO_Rep1","Read_631",0.719103112949457,"Subpopulation_1"
"NGS_Nanog_KO_Rep1","Read_632",0.722009446177668,"Subpopulation_1"
"NGS_Nanog_KO_Rep1","Read_633",0.724710594551313,"Subpopulation_1"
"NGS_Nanog_KO_Rep1","Read_634",0.727391890280811,"Subpopulation_1"
"NGS_Nanog_KO_Rep1","Read_635",0.715105981416307,"Subpopulation_1"
"NGS_Nanog_KO_Rep1","Read_636",0.718552627094132,"Subpopulation_1"
"NGS_Nanog_KO_Rep1","Read_637",0.72001810975442,"Subpopulation_1"
"NGS_Nanog_KO_Rep1","Read_638",0.7176401869061,"Subpopulation_1"
"NGS_Nanog_KO_Rep1","Read_639",0.724762549115875,"Subpopulation_1"
"NGS_Nanog_KO_Rep1","Read_640",0.707418883375236,"Subpopulation_1"
"NGS_Nanog_KO_Rep1","Read_641",0.719671491723648,"Subpopulation_1"
"NGS_Nanog_KO_Rep1","Read_642",0.719561737544788,"Subpopulation_1"
"NGS_Nanog_KO_Rep1","Read_643",0.722525756840011,"Subpopulation_1"
"NGS_Nanog_KO_Rep1","Read_644",0.718102792965192,"Subpopulation_1"
"NGS_Nanog_KO_Rep1","Read_645",0.721282632256118,"Subpopulation_1"
"NGS_Nanog_KO_Rep1","Read_646",0.723657687770148,"Subpopulation_1"
"NGS_Nanog_KO_Rep1","Read_647",0.717266402146808,"Subpopulation_1"
"NGS_Nanog_KO_Rep1","Read_648",0.721856719961958,"Subpopulation_1"
"NGS_Nanog_KO_Rep1","Read_649",0.719744455008448,"Subpopulation_1"
"NGS_Nanog_KO_Rep1","Read_650",0.726459883122405,"Subpopulation_1"
"NGS_Nanog_KO_Rep1","Read_651",0.714664652611207,"Subpopulation_1"
"NGS_Nanog_KO_Rep1","Read_652",0.713291190047321,"Subpopulation_1"
"NGS_Nanog_KO_Rep1","Read_653",0.735546375298679,"Subpopulation_1"
"NGS_Nanog_KO_Rep1","Read_654",0.72980042201714,"Subpopulation_1"
"NGS_Nanog_KO_Rep1","Read_655",0.720832524142612,"Subpopulation_1"
"NGS_Nanog_KO_Rep1","Read_656",0.706039693321296,"Subpopulation_1"
"NGS_Nanog_KO_Rep1","Read_657",0.718534887142687,"Subpopulation_1"
"NGS_Nanog_KO_Rep1","Read_658",0.723773688568463,"Subpopulation_1"
"NGS_Nanog_KO_Rep1","Read_659",0.726856134991154,"Subpopulation_1"
"NGS_Nanog_KO_Rep1","Read_660",0.723370265127422,"Subpopulation_1"
"NGS_Nanog_KO_Rep1","Read_661",0.724362575762923,"Subpopulation_1"
"NGS_Nanog_KO_Rep1","Read_662",0.722238082770141,"Subpopulation_1"
"NGS_Nanog_KO_Rep1","Read_663",0.721717051483524,"Subpopulation_1"
"NGS_Nanog_KO_Rep1","Read_664",0.714279795513264,"Subpopulation_1"
"NGS_Nanog_KO_Rep1","Read_665",0.717443863569594,"Subpopulation_1"
"NGS_Nanog_KO_Rep1","Read_666",0.722746650020175,"Subpopulation_1"
"NGS_Nanog_KO_Rep1","Read_667",0.71230134148889,"Subpopulation_1"
"NGS_Nanog_KO_Rep1","Read_668",0.721648075414007,"Subpopulation_1"
"NGS_Nanog_KO_Rep1","Read_669",0.724367512845549,"Subpopulation_1"
"NGS_Nanog_KO_Rep1","Read_670",0.711231871959167,"Subpopulation_1"
"NGS_Nanog_KO_Rep1","Read_671",0.722685256236123,"Subpopulation_1"
"NGS_Nanog_KO_Rep1","Read_672",0.715685170996814,"Subpopulation_1"
"NGS_Nanog_KO_Rep1","Read_673",0.716808572431132,"Subpopulation_1"
"NGS_Nanog_KO_Rep1","Read_674",0.711010341895654,"Subpopulation_1"
"NGS_Nanog_KO_Rep1","Read_675",0.714767294619963,"Subpopulation_1"
"NGS_Nanog_KO_Rep1","Read_676",0.716936915150779,"Subpopulation_1"
"NGS_Nanog_KO_Rep1","Read_677",0.713226835559765,"Subpopulation_1"
"NGS_Nanog_KO_Rep1","Read_678",0.70840585806309,"Subpopulation_1"
"NGS_Nanog_KO_Rep1","Read_679",0.714182355981029,"Subpopulation_1"
"NGS_Nanog_KO_Rep1","Read_680",0.729179944758872,"Subpopulation_1"
"NGS_Nanog_KO_Rep1","Read_681",0.711526057308646,"Subpopulation_1"
"NGS_Nanog_KO_Rep1","Read_682",0.725936812608607,"Subpopulation_1"
"NGS_Nanog_KO_Rep1","Read_683",0.724027079260785,"Subpopulation_1"
"NGS_Nanog_KO_Rep1","Read_684",0.703671718789097,"Subpopulation_1"
"NGS_Nanog_KO_Rep1","Read_685",0.718914491943603,"Subpopulation_1"
"NGS_Nanog_KO_Rep1","Read_686",0.72663305728433,"Subpopulation_1"
"NGS_Nanog_KO_Rep1","Read_687",0.720857978473347,"Subpopulation_1"
"NGS_Nanog_KO_Rep1","Read_688",0.717183304038878,"Subpopulation_1"
"NGS_Nanog_KO_Rep1","Read_689",0.719494053441821,"Subpopulation_1"
"NGS_Nanog_KO_Rep1","Read_690",0.721410620405782,"Subpopulation_1"
"NGS_Nanog_KO_Rep1","Read_691",0.725623614094797,"Subpopulation_1"
"NGS_Nanog_KO_Rep1","Read_692",0.717347784732028,"Subpopulation_1"
"NGS_Nanog_KO_Rep1","Read_693",0.717556407051512,"Subpopulation_1"
"NGS_Nanog_KO_Rep1","Read_694",0.720367055087888,"Subpopulation_1"
"NGS_Nanog_KO_Rep1","Read_695",0.71402305492194,"Subpopulation_1"
"NGS_Nanog_KO_Rep1","Read_696",0.714870150285621,"Subpopulation_1"
"NGS_Nanog_KO_Rep1","Read_697",0.716271124959096,"Subpopulation_1"
"NGS_Nanog_KO_Rep1","Read_698",0.723877602693386,"Subpopulation_1"
"NGS_Nanog_KO_Rep1","Read_699",0.725519296750079,"Subpopulation_1"
"NGS_Nanog_KO_Rep1","Read_700",0.724646446379484,"Subpopulation_1"
"NGS_Nanog_KO_Rep1","Read_701",0.722554969014726,"Subpopulation_1"
"NGS_Nanog_KO_Rep1","Read_702",0.717797891590432,"Subpopulation_1"
"NGS_Nanog_KO_Rep1","Read_703",0.716345812074626,"Subpopulation_1"
"NGS_Nanog_KO_Rep1","Read_704",0.723272538037949,"Subpopulation_1"
"NGS_Nanog_KO_Rep1","Read_705",0.717757187269707,"Subpopulation_1"
"NGS_Nanog_KO_Rep1","Read_706",0.717030619542511,"Subpopulation_1"
"NGS_Nanog_KO_Rep1","Read_707",0.710548773340421,"Subpopulation_1"
"NGS_Nanog_KO_Rep1","Read_708",0.713501353320009,"Subpopulation_1"
"NGS_Nanog_KO_Rep1","Read_709",0.709729631488149,"Subpopulation_1"
"NGS_Nanog_KO_Rep1","Read_710",0.721645204644912,"Subpopulation_1"
"NGS_Nanog_KO_Rep1","Read_711",0.719085280163424,"Subpopulation_1"
"NGS_Nanog_KO_Rep1","Read_712",0.721982240122822,"Subpopulation_1"
"NGS_Nanog_KO_Rep1","Read_713",0.716735817885474,"Subpopulation_1"
"NGS_Nanog_KO_Rep1","Read_714",0.715276995336388,"Subpopulation_1"
"NGS_Nanog_KO_Rep1","Read_715",0.715152293837311,"Subpopulation_1"
"NGS_Nanog_KO_Rep1","Read_716",0.720309071540546,"Subpopulation_1"
"NGS_Nanog_KO_Rep1","Read_717",0.723544959394442,"Subpopulation_1"
"NGS_Nanog_KO_Rep1","Read_718",0.717489196412632,"Subpopulation_1"
"NGS_Nanog_KO_Rep1","Read_719",0.71862081318231,"Subpopulation_1"
"NGS_Nanog_KO_Rep1","Read_720",0.725037034265261,"Subpopulation_1"
"NGS_Nanog_KO_Rep1","Read_721",0.719306225183978,"Subpopulation_1"
"NGS_Nanog_KO_Rep1","Read_722",0.720909610526595,"Subpopulation_1"
"NGS_Nanog_KO_Rep1","Read_723",0.723634441082869,"Subpopulation_1"
"NGS_Nanog_KO_Rep1","Read_724",0.717431861028001,"Subpopulation_1"
"NGS_Nanog_KO_Rep1","Read_725",0.717478940814709,"Subpopulation_1"
"NGS_Nanog_KO_Rep1","Read_726",0.718927872405626,"Subpopulation_1"
"NGS_Nanog_KO_Rep1","Read_727",0.719276674575911,"Subpopulation_1"
"NGS_Nanog_KO_Rep1","Read_728",0.725961615355025,"Subpopulation_1"
"NGS_Nanog_KO_Rep1","Read_729",0.717318137973492,"Subpopulation_1"
"NGS_Nanog_KO_Rep1","Read_730",0.723835852761553,"Subpopulation_1"
"NGS_Nanog_KO_Rep1","Read_731",0.726200500843719,"Subpopulation_1"
"NGS_Nanog_KO_Rep1","Read_732",0.715360325200632,"Subpopulation_1"
"NGS_Nanog_KO_Rep1","Read_733",0.717491012813113,"Subpopulation_1"
"NGS_Nanog_KO_Rep1","Read_734",0.722447561920838,"Subpopulation_1"
"NGS_Nanog_KO_Rep1","Read_735",0.720340649196572,"Subpopulation_1"
"NGS_Nanog_KO_Rep1","Read_736",0.724698065905677,"Subpopulation_1"
"NGS_Nanog_KO_Rep1","Read_737",0.726243494479352,"Subpopulation_1"
"NGS_Nanog_KO_Rep1","Read_738",0.720154219150509,"Subpopulation_1"
"NGS_Nanog_KO_Rep1","Read_739",0.713285756565546,"Subpopulation_1"
"NGS_Nanog_KO_Rep1","Read_740",0.723303006758277,"Subpopulation_1"
"NGS_Nanog_KO_Rep1","Read_741",0.721466565638483,"Subpopulation_1"
"NGS_Nanog_KO_Rep1","Read_742",0.729446005650831,"Subpopulation_1"
"NGS_Nanog_KO_Rep1","Read_743",0.718275525602394,"Subpopulation_1"
"NGS_Nanog_KO_Rep1","Read_744",0.71304582646358,"Subpopulation_1"
"NGS_Nanog_KO_Rep1","Read_745",0.712461000864729,"Subpopulation_1"
"NGS_Nanog_KO_Rep1","Read_746",0.722178171714096,"Subpopulation_1"
"NGS_Nanog_KO_Rep1","Read_747",0.716104867056758,"Subpopulation_1"
"NGS_Nanog_KO_Rep1","Read_748",0.723350820705435,"Subpopulation_1"
"NGS_Nanog_KO_Rep1","Read_749",0.719632564394662,"Subpopulation_1"
"NGS_Nanog_KO_Rep1","Read_750",0.706429806462588,"Subpopulation_1"
"NGS_Nanog_KO_Rep1","Read_751",0.712521327532408,"Subpopulation_1"
"NGS_Nanog_KO_Rep1","Read_752",0.710917645668903,"Subpopulation_1"
"NGS_Nanog_KO_Rep1","Read_753",0.716616240205107,"Subpopulation_1"
"NGS_Nanog_KO_Rep1","Read_754",0.715885335839773,"Subpopulation_1"
"NGS_Nanog_KO_Rep1","Read_755",0.713028218269245,"Subpopulation_1"
"NGS_Nanog_KO_Rep1","Read_756",0.709108184512535,"Subpopulation_1"
"NGS_Nanog_KO_Rep1","Read_757",0.721645021692816,"Subpopulation_1"
"NGS_Nanog_KO_Rep1","Read_758",0.697213879647501,"Subpopulation_1"
"NGS_Nanog_KO_Rep1","Read_759",0.710196654741856,"Subpopulation_1"
"NGS_Nanog_KO_Rep1","Read_760",0.725152128721609,"Subpopulation_1"
"NGS_Nanog_KO_Rep1","Read_761",0.713738706408975,"Subpopulation_1"
"NGS_Nanog_KO_Rep1","Read_762",0.713827243258478,"Subpopulation_1"
"NGS_Nanog_KO_Rep1","Read_763",0.719690000792725,"Subpopulation_1"
"NGS_Nanog_KO_Rep1","Read_764",0.715893768839036,"Subpopulation_1"
"NGS_Nanog_KO_Rep1","Read_765",0.715447911156545,"Subpopulation_1"
"NGS_Nanog_KO_Rep1","Read_766",0.715041479000546,"Subpopulation_1"
"NGS_Nanog_KO_Rep1","Read_767",0.718813858638182,"Subpopulation_1"
"NGS_Nanog_KO_Rep1","Read_768",0.71852417265282,"Subpopulation_1"
"NGS_Nanog_KO_Rep1","Read_769",0.713717124309416,"Subpopulation_1"
"NGS_Nanog_KO_Rep1","Read_770",0.725291411513037,"Subpopulation_1"
"NGS_Nanog_KO_Rep1","Read_771",0.73321772728659,"Subpopulation_1"
"NGS_Nanog_KO_Rep1","Read_772",0.712727534970701,"Subpopulation_1"
"NGS_Nanog_KO_Rep1","Read_773",0.718553086862951,"Subpopulation_1"
"NGS_Nanog_KO_Rep1","Read_774",0.719662088347465,"Subpopulation_1"
"NGS_Nanog_KO_Rep1","Read_775",0.729868339785332,"Subpopulation_1"
"NGS_Nanog_KO_Rep1","Read_776",0.711933209309269,"Subpopulation_1"
"NGS_Nanog_KO_Rep1","Read_777",0.718883442653837,"Subpopulation_1"
"NGS_Nanog_KO_Rep1","Read_778",0.722329695439696,"Subpopulation_1"
"NGS_Nanog_KO_Rep1","Read_779",0.713025440552658,"Subpopulation_1"
"NGS_Nanog_KO_Rep1","Read_780",0.718945036380633,"Subpopulation_1"
"NGS_Nanog_KO_Rep1","Read_781",0.717691263486078,"Subpopulation_1"
"NGS_Nanog_KO_Rep1","Read_782",0.721569424507015,"Subpopulation_1"
"NGS_Nanog_KO_Rep1","Read_783",0.722397091150366,"Subpopulation_1"
"NGS_Nanog_KO_Rep1","Read_784",0.714152213706822,"Subpopulation_1"
"NGS_Nanog_KO_Rep1","Read_785",0.721125414437314,"Subpopulation_1"
"NGS_Nanog_KO_Rep1","Read_786",0.714287762883956,"Subpopulation_1"
"NGS_Nanog_KO_Rep1","Read_787",0.720060119985892,"Subpopulation_1"
"NGS_Nanog_KO_Rep1","Read_788",0.721132320459846,"Subpopulation_1"
"NGS_Nanog_KO_Rep1","Read_789",0.72354900877287,"Subpopulation_1"
"NGS_Nanog_KO_Rep1","Read_790",0.727250467824165,"Subpopulation_1"
"NGS_Nanog_KO_Rep1","Read_791",0.714654062111745,"Subpopulation_1"
"NGS_Nanog_KO_Rep1","Read_792",0.725334653950288,"Subpopulation_1"
"NGS_Nanog_KO_Rep1","Read_793",0.715150720390469,"Subpopulation_1"
"NGS_Nanog_KO_Rep1","Read_794",0.715928465410749,"Subpopulation_1"
"NGS_Nanog_KO_Rep1","Read_795",0.717159084553119,"Subpopulation_1"
"NGS_Nanog_KO_Rep1","Read_796",0.718922264746525,"Subpopulation_1"
"NGS_Nanog_KO_Rep1","Read_797",0.720091930318575,"Subpopulation_1"
"NGS_Nanog_KO_Rep1","Read_798",0.718510224828509,"Subpopulation_1"
"NGS_Nanog_KO_Rep1","Read_799",0.726449139585955,"Subpopulation_1"
"NGS_Nanog_KO_Rep1","Read_800",0.711542332980385,"Subpopulation_1"
"NGS_Nanog_KO_Rep1","Read_801",0.711657462655423,"Subpopulation_1"
"NGS_Nanog_KO_Rep1","Read_802",0.717418226641518,"Subpopulation_1"
"NGS_Nanog_KO_Rep1","Read_803",0.720509365856453,"Subpopulation_1"
"NGS_Nanog_KO_Rep1","Read_804",0.711408421541145,"Subpopulation_1"
"NGS_Nanog_KO_Rep1","Read_805",0.72190342651869,"Subpopulation_1"
"NGS_Nanog_KO_Rep1","Read_806",0.726047687750905,"Subpopulation_1"
"NGS_Nanog_KO_Rep1","Read_807",0.711717600036579,"Subpopulation_1"
"NGS_Nanog_KO_Rep1","Read_808",0.711856800896734,"Subpopulation_1"
"NGS_Nanog_KO_Rep1","Read_809",0.721458534488224,"Subpopulation_1"
"NGS_Nanog_KO_Rep1","Read_810",0.720099654989781,"Subpopulation_1"
"NGS_Nanog_KO_Rep1","Read_811",0.720211192226943,"Subpopulation_1"
"NGS_Nanog_KO_Rep1","Read_812",0.708745657484754,"Subpopulation_1"
"NGS_Nanog_KO_Rep1","Read_813",0.716749739137577,"Subpopulation_1"
"NGS_Nanog_KO_Rep1","Read_814",0.721109056768062,"Subpopulation_1"
"NGS_Nanog_KO_Rep1","Read_815",0.715796331469696,"Subpopulation_1"
"NGS_Nanog_KO_Rep1","Read_816",0.708865407655147,"Subpopulation_1"
"NGS_Nanog_KO_Rep1","Read_817",0.719849125505417,"Subpopulation_1"
"NGS_Nanog_KO_Rep1","Read_818",0.709369555637769,"Subpopulation_1"
"NGS_Nanog_KO_Rep1","Read_819",0.722844314665046,"Subpopulation_1"
"NGS_Nanog_KO_Rep1","Read_820",0.719041399779655,"Subpopulation_1"
"NGS_Nanog_KO_Rep1","Read_821",0.715743434680925,"Subpopulation_1"
"NGS_Nanog_KO_Rep1","Read_822",0.713088129480865,"Subpopulation_1"
"NGS_Nanog_KO_Rep1","Read_823",0.721070300612927,"Subpopulation_1"
"NGS_Nanog_KO_Rep1","Read_824",0.713101043178329,"Subpopulation_1"
"NGS_Nanog_KO_Rep1","Read_825",0.712453371207655,"Subpopulation_1"
"NGS_Nanog_KO_Rep1","Read_826",0.715670483743735,"Subpopulation_1"
"NGS_Nanog_KO_Rep1","Read_827",0.718266324534815,"Subpopulation_1"
"NGS_Nanog_KO_Rep1","Read_828",0.715353895778688,"Subpopulation_1"
"NGS_Nanog_KO_Rep1","Read_829",0.715974837084301,"Subpopulation_1"
"NGS_Nanog_KO_Rep1","Read_830",0.715398215920919,"Subpopulation_1"
"NGS_Nanog_KO_Rep1","Read_831",0.722132458273894,"Subpopulation_1"
"NGS_Nanog_KO_Rep1","Read_832",0.723516157788164,"Subpopulation_1"
"NGS_Nanog_KO_Rep1","Read_833",0.715282355700594,"Subpopulation_1"
"NGS_Nanog_KO_Rep1","Read_834",0.702987764069145,"Subpopulation_1"
"NGS_Nanog_KO_Rep1","Read_835",0.712486216217264,"Subpopulation_1"
"NGS_Nanog_KO_Rep1","Read_836",0.718969079932482,"Subpopulation_1"
"NGS_Nanog_KO_Rep1","Read_837",0.72072281238346,"Subpopulation_1"
"NGS_Nanog_KO_Rep1","Read_838",0.716781928001772,"Subpopulation_1"
"NGS_Nanog_KO_Rep1","Read_839",0.717730090492879,"Subpopulation_1"
"NGS_Nanog_KO_Rep1","Read_840",0.716527745122804,"Subpopulation_1"
"NGS_Nanog_KO_Rep1","Read_841",0.719861811937014,"Subpopulation_1"
"NGS_Nanog_KO_Rep1","Read_842",0.717590390364184,"Subpopulation_1"
"NGS_Nanog_KO_Rep1","Read_843",0.718441718620476,"Subpopulation_1"
"NGS_Nanog_KO_Rep1","Read_844",0.713769870778834,"Subpopulation_1"
"NGS_Nanog_KO_Rep1","Read_845",0.722918721698615,"Subpopulation_1"
"NGS_Nanog_KO_Rep1","Read_846",0.715546906981746,"Subpopulation_1"
"NGS_Nanog_KO_Rep1","Read_847",0.721969443266166,"Subpopulation_1"
"NGS_Nanog_KO_Rep1","Read_848",0.721026032086733,"Subpopulation_1"
"NGS_Nanog_KO_Rep1","Read_849",0.728449828668861,"Subpopulation_1"
"NGS_Nanog_KO_Rep1","Read_850",0.723614465232099,"Subpopulation_1"
"NGS_Nanog_KO_Rep1","Read_851",0.71937732670226,"Subpopulation_1"
"NGS_Nanog_KO_Rep1","Read_852",0.722011430621149,"Subpopulation_1"
"NGS_Nanog_KO_Rep1","Read_853",0.715136341697713,"Subpopulation_1"
"NGS_Nanog_KO_Rep1","Read_854",0.713182150880456,"Subpopulation_1"
"NGS_Nanog_KO_Rep1","Read_855",0.712321101303656,"Subpopulation_1"
"NGS_Nanog_KO_Rep1","Read_856",0.716825266068256,"Subpopulation_1"
"NGS_Nanog_KO_Rep1","Read_857",0.718355290111964,"Subpopulation_1"
"NGS_Nanog_KO_Rep1","Read_858",0.720813383390285,"Subpopulation_1"
"NGS_Nanog_KO_Rep1","Read_859",0.717291384082764,"Subpopulation_1"
"NGS_Nanog_KO_Rep1","Read_860",0.712475769977318,"Subpopulation_1"
"NGS_Nanog_KO_Rep1","Read_861",0.718112294231319,"Subpopulation_1"
"NGS_Nanog_KO_Rep1","Read_862",0.717460837619225,"Subpopulation_1"
"NGS_Nanog_KO_Rep1","Read_863",0.717402838690537,"Subpopulation_1"
"NGS_Nanog_KO_Rep1","Read_864",0.717167930683701,"Subpopulation_1"
"NGS_Nanog_KO_Rep1","Read_865",0.714289346507677,"Subpopulation_1"
"NGS_Nanog_KO_Rep1","Read_866",0.730474849006228,"Subpopulation_1"
"NGS_Nanog_KO_Rep1","Read_867",0.723261606681452,"Subpopulation_1"
"NGS_Nanog_KO_Rep1","Read_868",0.72136985603888,"Subpopulation_1"
"NGS_Nanog_KO_Rep1","Read_869",0.722592469917315,"Subpopulation_1"
"NGS_Nanog_KO_Rep1","Read_870",0.708962239297177,"Subpopulation_1"
"NGS_Nanog_KO_Rep1","Read_871",0.717203273668182,"Subpopulation_1"
"NGS_Nanog_KO_Rep1","Read_872",0.724309568926839,"Subpopulation_1"
"NGS_Nanog_KO_Rep1","Read_873",0.713884109828675,"Subpopulation_1"
"NGS_Nanog_KO_Rep1","Read_874",0.715500277773253,"Subpopulation_1"
"NGS_Nanog_KO_Rep1","Read_875",0.716180584092991,"Subpopulation_1"
"NGS_Nanog_KO_Rep1","Read_876",0.713719786794028,"Subpopulation_1"
"NGS_Nanog_KO_Rep1","Read_877",0.731978252576439,"Subpopulation_1"
"NGS_Nanog_KO_Rep1","Read_878",0.715382994404518,"Subpopulation_1"
"NGS_Nanog_KO_Rep1","Read_879",0.718978582770655,"Subpopulation_1"
"NGS_Nanog_KO_Rep1","Read_880",0.724295675864495,"Subpopulation_1"
"NGS_Nanog_KO_Rep1","Read_881",0.720610482097874,"Subpopulation_1"
"NGS_Nanog_KO_Rep1","Read_882",0.723437692091794,"Subpopulation_1"
"NGS_Nanog_KO_Rep1","Read_883",0.719536052730554,"Subpopulation_1"
"NGS_Nanog_KO_Rep1","Read_884",0.711429753726016,"Subpopulation_1"
"NGS_Nanog_KO_Rep1","Read_885",0.713314888249669,"Subpopulation_1"
"NGS_Nanog_KO_Rep1","Read_886",0.724421876932373,"Subpopulation_1"
"NGS_Nanog_KO_Rep1","Read_887",0.7183759342451,"Subpopulation_1"
"NGS_Nanog_KO_Rep1","Read_888",0.714743131081311,"Subpopulation_1"
"NGS_Nanog_KO_Rep1","Read_889",0.70164455083894,"Subpopulation_1"
"NGS_Nanog_KO_Rep1","Read_890",0.70990797631847,"Subpopulation_1"
"NGS_Nanog_KO_Rep1","Read_891",0.721345108142641,"Subpopulation_1"
"NGS_Nanog_KO_Rep1","Read_892",0.715902669328638,"Subpopulation_1"
"NGS_Nanog_KO_Rep1","Read_893",0.726940556682275,"Subpopulation_1"
"NGS_Nanog_KO_Rep1","Read_894",0.724455902687036,"Subpopulation_1"
"NGS_Nanog_KO_Rep1","Read_895",0.72334569201724,"Subpopulation_1"
"NGS_Nanog_KO_Rep1","Read_896",0.727839647698827,"Subpopulation_1"
"NGS_Nanog_KO_Rep1","Read_897",0.722643686353137,"Subpopulation_1"
"NGS_Nanog_KO_Rep1","Read_898",0.720085623892094,"Subpopulation_1"
"NGS_Nanog_KO_Rep1","Read_899",0.715231564316546,"Subpopulation_1"
"NGS_Nanog_KO_Rep1","Read_900",0.704063423582547,"Subpopulation_1"
"NGS_Nanog_KO_Rep1","Read_901",0.721581291524254,"Subpopulation_1"
"NGS_Nanog_KO_Rep1","Read_902",0.725842598741147,"Subpopulation_1"
"NGS_Nanog_KO_Rep1","Read_903",0.721957878099021,"Subpopulation_1"
"NGS_Nanog_KO_Rep1","Read_904",0.705551170921719,"Subpopulation_1"
"NGS_Nanog_KO_Rep1","Read_905",0.716186172895493,"Subpopulation_1"
"NGS_Nanog_KO_Rep1","Read_906",0.711863172916022,"Subpopulation_1"
"NGS_Nanog_KO_Rep1","Read_907",0.720615157865409,"Subpopulation_1"
"NGS_Nanog_KO_Rep1","Read_908",0.715587476809535,"Subpopulation_1"
"NGS_Nanog_KO_Rep1","Read_909",0.718010561047197,"Subpopulation_1"
"NGS_Nanog_KO_Rep1","Read_910",0.725225086739043,"Subpopulation_1"
"NGS_Nanog_KO_Rep1","Read_911",0.713517332006283,"Subpopulation_1"
"NGS_Nanog_KO_Rep1","Read_912",0.730740332542896,"Subpopulation_1"
"NGS_Nanog_KO_Rep1","Read_913",0.716813843051401,"Subpopulation_1"
"NGS_Nanog_KO_Rep1","Read_914",0.716845266318791,"Subpopulation_1"
"NGS_Nanog_KO_Rep1","Read_915",0.728882617570556,"Subpopulation_1"
"NGS_Nanog_KO_Rep1","Read_916",0.714678427467365,"Subpopulation_1"
"NGS_Nanog_KO_Rep1","Read_917",0.716739132351675,"Subpopulation_1"
"NGS_Nanog_KO_Rep1","Read_918",0.722448627984045,"Subpopulation_1"
"NGS_Nanog_KO_Rep1","Read_919",0.722599483249134,"Subpopulation_1"
"NGS_Nanog_KO_Rep1","Read_920",0.723750729514719,"Subpopulation_1"
"NGS_Nanog_KO_Rep1","Read_921",0.7145015310389,"Subpopulation_1"
"NGS_Nanog_KO_Rep1","Read_922",0.711453341129084,"Subpopulation_1"
"NGS_Nanog_KO_Rep1","Read_923",0.713878806161589,"Subpopulation_1"
"NGS_Nanog_KO_Rep1","Read_924",0.714744937587434,"Subpopulation_1"
"NGS_Nanog_KO_Rep1","Read_925",0.716488068812917,"Subpopulation_1"
"NGS_Nanog_KO_Rep1","Read_926",0.716648826052695,"Subpopulation_1"
"NGS_Nanog_KO_Rep1","Read_927",0.71665735621213,"Subpopulation_1"
"NGS_Nanog_KO_Rep1","Read_928",0.712897467433437,"Subpopulation_1"
"NGS_Nanog_KO_Rep1","Read_929",0.720274555719794,"Subpopulation_1"
"NGS_Nanog_KO_Rep1","Read_930",0.72258341222774,"Subpopulation_1"
"NGS_Nanog_KO_Rep1","Read_931",0.716099376921517,"Subpopulation_1"
"NGS_Nanog_KO_Rep1","Read_932",0.724841740688946,"Subpopulation_1"
"NGS_Nanog_KO_Rep1","Read_933",0.71706064567086,"Subpopulation_1"
"NGS_Nanog_KO_Rep1","Read_934",0.716990323495525,"Subpopulation_1"
"NGS_Nanog_KO_Rep1","Read_935",0.71982104093232,"Subpopulation_1"
"NGS_Nanog_KO_Rep1","Read_936",0.712593468701282,"Subpopulation_1"
"NGS_Nanog_KO_Rep1","Read_937",0.715737188662762,"Subpopulation_1"
"NGS_Nanog_KO_Rep1","Read_938",0.71697712908392,"Subpopulation_1"
"NGS_Nanog_KO_Rep1","Read_939",0.718858409872746,"Subpopulation_1"
"NGS_Nanog_KO_Rep1","Read_940",0.7229180376479,"Subpopulation_1"
"NGS_Nanog_KO_Rep1","Read_941",0.714994681471659,"Subpopulation_1"
"NGS_Nanog_KO_Rep1","Read_942",0.720008655047359,"Subpopulation_1"
"NGS_Nanog_KO_Rep1","Read_943",0.721169626984795,"Subpopulation_1"
"NGS_Nanog_KO_Rep1","Read_944",0.723826116812807,"Subpopulation_1"
"NGS_Nanog_KO_Rep1","Read_945",0.715245942018641,"Subpopulation_1"
"NGS_Nanog_KO_Rep1","Read_946",0.717838960302145,"Subpopulation_1"
"NGS_Nanog_KO_Rep1","Read_947",0.723782929625624,"Subpopulation_1"
"NGS_Nanog_KO_Rep1","Read_948",0.718802542682743,"Subpopulation_1"
"NGS_Nanog_KO_Rep1","Read_949",0.73302647792238,"Subpopulation_1"
"NGS_Nanog_KO_Rep1","Read_950",0.722548787087133,"Subpopulation_1"
"NGS_Nanog_KO_Rep1","Read_951",0.723668262198507,"Subpopulation_1"
"NGS_Nanog_KO_Rep1","Read_952",0.714991070863337,"Subpopulation_1"
"NGS_Nanog_KO_Rep1","Read_953",0.711376898925594,"Subpopulation_1"
"NGS_Nanog_KO_Rep1","Read_954",0.715862316703908,"Subpopulation_1"
"NGS_Nanog_KO_Rep1","Read_955",0.708732718381365,"Subpopulation_1"
"NGS_Nanog_KO_Rep1","Read_956",0.702692176198596,"Subpopulation_1"
"NGS_Nanog_KO_Rep1","Read_957",0.716554013343563,"Subpopulation_1"
"NGS_Nanog_KO_Rep1","Read_958",0.721400940401046,"Subpopulation_1"
"NGS_Nanog_KO_Rep1","Read_959",0.717837400729144,"Subpopulation_1"
"NGS_Nanog_KO_Rep1","Read_960",0.725897633131809,"Subpopulation_1"
"NGS_Nanog_KO_Rep1","Read_961",0.722925246105062,"Subpopulation_1"
"NGS_Nanog_KO_Rep1","Read_962",0.719932605645293,"Subpopulation_1"
"NGS_Nanog_KO_Rep1","Read_963",0.717936881164526,"Subpopulation_1"
"NGS_Nanog_KO_Rep1","Read_964",0.71994198544849,"Subpopulation_1"
"NGS_Nanog_KO_Rep1","Read_965",0.724592727213323,"Subpopulation_1"
"NGS_Nanog_KO_Rep1","Read_966",0.701154483562208,"Subpopulation_1"
"NGS_Nanog_KO_Rep1","Read_967",0.715293402830613,"Subpopulation_1"
"NGS_Nanog_KO_Rep1","Read_968",0.712122302651401,"Subpopulation_1"
"NGS_Nanog_KO_Rep1","Read_969",0.716491046219088,"Subpopulation_1"
"NGS_Nanog_KO_Rep1","Read_970",0.726073627307104,"Subpopulation_1"
"NGS_Nanog_KO_Rep1","Read_971",0.719711178608439,"Subpopulation_1"
"NGS_Nanog_KO_Rep1","Read_972",0.712216781154935,"Subpopulation_1"
"NGS_Nanog_KO_Rep1","Read_973",0.722073433290188,"Subpopulation_1"
"NGS_Nanog_KO_Rep1","Read_974",0.720461930107555,"Subpopulation_1"
"NGS_Nanog_KO_Rep1","Read_975",0.714543460216333,"Subpopulation_1"
"NGS_Nanog_KO_Rep1","Read_976",0.721857278573867,"Subpopulation_1"
"NGS_Nanog_KO_Rep1","Read_977",0.719875982158732,"Subpopulation_1"
"NGS_Nanog_KO_Rep1","Read_978",0.722192699906017,"Subpopulation_1"
"NGS_Nanog_KO_Rep1","Read_979",0.711074001365183,"Subpopulation_1"
"NGS_Nanog_KO_Rep1","Read_980",0.719303909858194,"Subpopulation_1"
"NGS_Nanog_KO_Rep1","Read_981",0.723666861875179,"Subpopulation_1"
"NGS_Nanog_KO_Rep1","Read_982",0.712736935863544,"Subpopulation_1"
"NGS_Nanog_KO_Rep1","Read_983",0.722109453824861,"Subpopulation_1"
"NGS_Nanog_KO_Rep1","Read_984",0.720747061929474,"Subpopulation_1"
"NGS_Nanog_KO_Rep1","Read_985",0.712559815091024,"Subpopulation_1"
"NGS_Nanog_KO_Rep1","Read_986",0.711999139944548,"Subpopulation_1"
"NGS_Nanog_KO_Rep1","Read_987",0.720966112991085,"Subpopulation_1"
"NGS_Nanog_KO_Rep1","Read_988",0.71638146438285,"Subpopulation_1"
"NGS_Nanog_KO_Rep1","Read_989",0.731383585070012,"Subpopulation_1"
"NGS_Nanog_KO_Rep1","Read_990",0.710840670738059,"Subpopulation_1"
"NGS_Nanog_KO_Rep1","Read_991",0.712529141298696,"Subpopulation_1"
"NGS_Nanog_KO_Rep1","Read_992",0.707246960782677,"Subpopulation_1"
"NGS_Nanog_KO_Rep1","Read_993",0.722369908719731,"Subpopulation_1"
"NGS_Nanog_KO_Rep1","Read_994",0.712477369821786,"Subpopulation_1"
"NGS_Nanog_KO_Rep1","Read_995",0.719899325000182,"Subpopulation_1"
"NGS_Nanog_KO_Rep1","Read_996",0.714900105522536,"Subpopulation_1"
"NGS_Nanog_KO_Rep1","Read_997",0.711024846852445,"Subpopulation_1"
"NGS_Nanog_KO_Rep1","Read_998",0.716176692896143,"Subpopulation_1"
"NGS_Nanog_KO_Rep1","Read_999",0.71120129584306,"Subpopulation_1"
"NGS_Nanog_KO_Rep1","Read_1000",0.722544705628181,"Subpopulation_1"
"NGS_Nanog_KO_Rep1","Read_1001",0.722330431111516,"Subpopulation_1"
"NGS_Nanog_KO_Rep1","Read_1002",0.727008666501808,"Subpopulation_1"
"NGS_Nanog_KO_Rep1","Read_1003",0.723446942219466,"Subpopulation_1"
"NGS_Nanog_KO_Rep1","Read_1004",0.70871551100238,"Subpopulation_1"
"NGS_Nanog_KO_Rep1","Read_1005",0.720139201832078,"Subpopulation_1"
"NGS_Nanog_KO_Rep1","Read_1006",0.720979861453073,"Subpopulation_1"
"NGS_Nanog_KO_Rep1","Read_1007",0.720281914726218,"Subpopulation_1"
"NGS_Nanog_KO_Rep1","Read_1008",0.72760222067806,"Subpopulation_1"
"NGS_Nanog_KO_Rep1","Read_1009",0.711450744179565,"Subpopulation_1"
"NGS_Nanog_KO_Rep1","Read_1010",0.71894954937328,"Subpopulation_1"
"NGS_Nanog_KO_Rep1","Read_1011",0.705103894659938,"Subpopulation_1"
"NGS_Nanog_KO_Rep1","Read_1012",0.722274554877793,"Subpopulation_1"
"NGS_Nanog_KO_Rep1","Read_1013",0.71936770363242,"Subpopulation_1"
"NGS_Nanog_KO_Rep1","Read_1014",0.720122433466706,"Subpopulation_1"
"NGS_Nanog_KO_Rep1","Read_1015",0.718236143447146,"Subpopulation_1"
"NGS_Nanog_KO_Rep1","Read_1016",0.721880215481832,"Subpopulation_1"
"NGS_Nanog_KO_Rep1","Read_1017",0.723455571059106,"Subpopulation_1"
"NGS_Nanog_KO_Rep1","Read_1018",0.715099731230242,"Subpopulation_1"
"NGS_Nanog_KO_Rep1","Read_1019",0.719146463396923,"Subpopulation_1"
"NGS_Nanog_KO_Rep1","Read_1020",0.719818564636583,"Subpopulation_1"
"NGS_Nanog_KO_Rep1","Read_1021",0.721590680065767,"Subpopulation_1"
"NGS_Nanog_KO_Rep1","Read_1022",0.720872618303646,"Subpopulation_1"
"NGS_Nanog_KO_Rep1","Read_1023",0.719136778517085,"Subpopulation_1"
"NGS_Nanog_KO_Rep1","Read_1024",0.717645258888881,"Subpopulation_1"
"NGS_Nanog_KO_Rep1","Read_1025",0.716182736297783,"Subpopulation_1"
"NGS_Nanog_KO_Rep1","Read_1026",0.717678957866541,"Subpopulation_1"
"NGS_Nanog_KO_Rep1","Read_1027",0.720117736229197,"Subpopulation_1"
"NGS_Nanog_KO_Rep1","Read_1028",0.703652896713198,"Subpopulation_1"
"NGS_Nanog_KO_Rep1","Read_1029",0.710603971195247,"Subpopulation_1"
"NGS_Nanog_KO_Rep1","Read_1030",0.707302510609209,"Subpopulation_1"
"NGS_Nanog_KO_Rep1","Read_1031",0.712636621594905,"Subpopulation_1"
"NGS_Nanog_KO_Rep1","Read_1032",0.725205663446866,"Subpopulation_1"
"NGS_Nanog_KO_Rep1","Read_1033",0.723494986802857,"Subpopulation_1"
"NGS_Nanog_KO_Rep1","Read_1034",0.71517207639902,"Subpopulation_1"
"NGS_Nanog_KO_Rep1","Read_1035",0.713770700121775,"Subpopulation_1"
"NGS_Nanog_KO_Rep1","Read_1036",0.711727989923592,"Subpopulation_1"
"NGS_Nanog_KO_Rep1","Read_1037",0.722956830812527,"Subpopulation_1"
"NGS_Nanog_KO_Rep1","Read_1038",0.712424659355427,"Subpopulation_1"
"NGS_Nanog_KO_Rep1","Read_1039",0.715688941655215,"Subpopulation_1"
"NGS_Nanog_KO_Rep1","Read_1040",0.721137321867796,"Subpopulation_1"
"NGS_Nanog_KO_Rep1","Read_1041",0.715795479844611,"Subpopulation_1"
"NGS_Nanog_KO_Rep1","Read_1042",0.717741569463462,"Subpopulation_1"
"NGS_Nanog_KO_Rep1","Read_1043",0.719993304727638,"Subpopulation_1"
"NGS_Nanog_KO_Rep1","Read_1044",0.726346106939274,"Subpopulation_1"
"NGS_Nanog_KO_Rep1","Read_1045",0.716014681696563,"Subpopulation_1"
"NGS_Nanog_KO_Rep1","Read_1046",0.711748497677863,"Subpopulation_1"
"NGS_Nanog_KO_Rep1","Read_1047",0.717069566716749,"Subpopulation_1"
"NGS_Nanog_KO_Rep1","Read_1048",0.719968696816556,"Subpopulation_1"
"NGS_Nanog_KO_Rep1","Read_1049",0.713140356656418,"Subpopulation_1"
"NGS_Nanog_KO_Rep1","Read_1050",0.718863390290106,"Subpopulation_1"
"NGS_Nanog_KO_Rep1","Read_1051",0.72155784844056,"Subpopulation_1"
"NGS_Nanog_KO_Rep1","Read_1052",0.705722252144719,"Subpopulation_1"
"NGS_Nanog_KO_Rep1","Read_1053",0.718989065458433,"Subpopulation_1"
"NGS_Nanog_KO_Rep1","Read_1054",0.718817988802779,"Subpopulation_1"
"NGS_Nanog_KO_Rep1","Read_1055",0.711247443033132,"Subpopulation_1"
"NGS_Nanog_KO_Rep1","Read_1056",0.720785260447408,"Subpopulation_1"
"NGS_Nanog_KO_Rep1","Read_1057",0.724684267975145,"Subpopulation_1"
"NGS_Nanog_KO_Rep1","Read_1058",0.722890753621792,"Subpopulation_1"
"NGS_Nanog_KO_Rep1","Read_1059",0.718192733380248,"Subpopulation_1"
"NGS_Nanog_KO_Rep1","Read_1060",0.722253152589655,"Subpopulation_1"
"NGS_Nanog_KO_Rep1","Read_1061",0.708658883330887,"Subpopulation_1"
"NGS_Nanog_KO_Rep1","Read_1062",0.717844140539501,"Subpopulation_1"
"NGS_Nanog_KO_Rep1","Read_1063",0.721813675102854,"Subpopulation_1"
"NGS_Nanog_KO_Rep1","Read_1064",0.713610258427558,"Subpopulation_1"
"NGS_Nanog_KO_Rep1","Read_1065",0.719475720489015,"Subpopulation_1"
"NGS_Nanog_KO_Rep1","Read_1066",0.715989033824962,"Subpopulation_1"
"NGS_Nanog_KO_Rep1","Read_1067",0.723467924958784,"Subpopulation_1"
"NGS_Nanog_KO_Rep1","Read_1068",0.71542542762541,"Subpopulation_1"
"NGS_Nanog_KO_Rep1","Read_1069",0.718615649554461,"Subpopulation_1"
"NGS_Nanog_KO_Rep1","Read_1070",0.718301979501221,"Subpopulation_1"
"NGS_Nanog_KO_Rep1","Read_1071",0.722323095661951,"Subpopulation_1"
"NGS_Nanog_KO_Rep1","Read_1072",0.72629924885026,"Subpopulation_1"
"NGS_Nanog_KO_Rep1","Read_1073",0.71379485895294,"Subpopulation_1"
"NGS_Nanog_KO_Rep1","Read_1074",0.713941828872517,"Subpopulation_1"
"NGS_Nanog_KO_Rep1","Read_1075",0.722407878724274,"Subpopulation_1"
"NGS_Nanog_KO_Rep1","Read_1076",0.722287586206371,"Subpopulation_1"
"NGS_Nanog_KO_Rep1","Read_1077",0.721876333064095,"Subpopulation_1"
"NGS_Nanog_KO_Rep1","Read_1078",0.724626786603081,"Subpopulation_1"
"NGS_Nanog_KO_Rep1","Read_1079",0.721405481933119,"Subpopulation_1"
"NGS_Nanog_KO_Rep1","Read_1080",0.727272079285007,"Subpopulation_1"
"NGS_Nanog_KO_Rep1","Read_1081",0.725583629374445,"Subpopulation_1"
"NGS_Nanog_KO_Rep1","Read_1082",0.712004996984246,"Subpopulation_1"
"NGS_Nanog_KO_Rep1","Read_1083",0.709954466790741,"Subpopulation_1"
"NGS_Nanog_KO_Rep1","Read_1084",0.712947968359364,"Subpopulation_1"
"NGS_Nanog_KO_Rep1","Read_1085",0.723271319944954,"Subpopulation_1"
"NGS_Nanog_KO_Rep1","Read_1086",0.718190759232808,"Subpopulation_1"
"NGS_Nanog_KO_Rep1","Read_1087",0.711978146558258,"Subpopulation_1"
"NGS_Nanog_KO_Rep1","Read_1088",0.710611664789172,"Subpopulation_1"
"NGS_Nanog_KO_Rep1","Read_1089",0.721094297232367,"Subpopulation_1"
"NGS_Nanog_KO_Rep1","Read_1090",0.722391318144066,"Subpopulation_1"
"NGS_Nanog_KO_Rep1","Read_1091",0.727677850098184,"Subpopulation_1"
"NGS_Nanog_KO_Rep1","Read_1092",0.727847834218498,"Subpopulation_1"
"NGS_Nanog_KO_Rep1","Read_1093",0.717165421550357,"Subpopulation_1"
"NGS_Nanog_KO_Rep1","Read_1094",0.724136607296285,"Subpopulation_1"
"NGS_Nanog_KO_Rep1","Read_1095",0.717074143357933,"Subpopulation_1"
"NGS_Nanog_KO_Rep1","Read_1096",0.711811823252898,"Subpopulation_1"
"NGS_Nanog_KO_Rep1","Read_1097",0.729895522166609,"Subpopulation_1"
"NGS_Nanog_KO_Rep1","Read_1098",0.722641769918476,"Subpopulation_1"
"NGS_Nanog_KO_Rep1","Read_1099",0.730166505728481,"Subpopulation_1"
"NGS_Nanog_KO_Rep1","Read_1100",0.719857362409986,"Subpopulation_1"
"NGS_Nanog_KO_Rep1","Read_1101",0.727004110522774,"Subpopulation_1"
"NGS_Nanog_KO_Rep1","Read_1102",0.712933943249127,"Subpopulation_1"
"NGS_Nanog_KO_Rep1","Read_1103",0.717877852851469,"Subpopulation_1"
"NGS_Nanog_KO_Rep1","Read_1104",0.731387743861308,"Subpopulation_1"
"NGS_Nanog_KO_Rep1","Read_1105",0.720045406296774,"Subpopulation_1"
"NGS_Nanog_KO_Rep1","Read_1106",0.722674271708739,"Subpopulation_1"
"NGS_Nanog_KO_Rep1","Read_1107",0.723027489296471,"Subpopulation_1"
"NGS_Nanog_KO_Rep1","Read_1108",0.719266251785906,"Subpopulation_1"
"NGS_Nanog_KO_Rep1","Read_1109",0.71212201601628,"Subpopulation_1"
"NGS_Nanog_KO_Rep1","Read_1110",0.711698384736172,"Subpopulation_1"
"NGS_Nanog_KO_Rep1","Read_1111",0.722871682843034,"Subpopulation_1"
"NGS_Nanog_KO_Rep1","Read_1112",0.715545405409111,"Subpopulation_1"
"NGS_Nanog_KO_Rep1","Read_1113",0.722877328625779,"Subpopulation_1"
"NGS_Nanog_KO_Rep1","Read_1114",0.716429508531057,"Subpopulation_1"
"NGS_Nanog_KO_Rep1","Read_1115",0.724060124161754,"Subpopulation_1"
"NGS_Nanog_KO_Rep1","Read_1116",0.722677755242034,"Subpopulation_1"
"NGS_Nanog_KO_Rep1","Read_1117",0.719342325514343,"Subpopulation_1"
"NGS_Nanog_KO_Rep1","Read_1118",0.707523302375916,"Subpopulation_1"
"NGS_Nanog_KO_Rep1","Read_1119",0.712943104931085,"Subpopulation_1"
"NGS_Nanog_KO_Rep1","Read_1120",0.710949548032633,"Subpopulation_1"
"NGS_Nanog_KO_Rep1","Read_1121",0.723369379548788,"Subpopulation_1"
"NGS_Nanog_KO_Rep1","Read_1122",0.72354447693681,"Subpopulation_1"
"NGS_Nanog_KO_Rep1","Read_1123",0.708079844809711,"Subpopulation_1"
"NGS_Nanog_KO_Rep1","Read_1124",0.727198666540687,"Subpopulation_1"
"NGS_Nanog_KO_Rep1","Read_1125",0.717138576185891,"Subpopulation_1"
"NGS_Nanog_KO_Rep1","Read_1126",0.727940364688902,"Subpopulation_1"
"NGS_Nanog_KO_Rep1","Read_1127",0.722463539924165,"Subpopulation_1"
"NGS_Nanog_KO_Rep1","Read_1128",0.715302940476938,"Subpopulation_1"
"NGS_Nanog_KO_Rep1","Read_1129",0.72110491659189,"Subpopulation_1"
"NGS_Nanog_KO_Rep1","Read_1130",0.71659617581841,"Subpopulation_1"
"NGS_Nanog_KO_Rep1","Read_1131",0.724514303101903,"Subpopulation_1"
"NGS_Nanog_KO_Rep1","Read_1132",0.717679424886744,"Subpopulation_1"
"NGS_Nanog_KO_Rep1","Read_1133",0.717931274506053,"Subpopulation_1"
"NGS_Nanog_KO_Rep1","Read_1134",0.716934364998247,"Subpopulation_1"
"NGS_Nanog_KO_Rep1","Read_1135",0.722747913782727,"Subpopulation_1"
"NGS_Nanog_KO_Rep1","Read_1136",0.715515540730122,"Subpopulation_1"
"NGS_Nanog_KO_Rep1","Read_1137",0.720768773914267,"Subpopulation_1"
"NGS_Nanog_KO_Rep1","Read_1138",0.727244221984652,"Subpopulation_1"
"NGS_Nanog_KO_Rep1","Read_1139",0.721187831107433,"Subpopulation_1"
"NGS_Nanog_KO_Rep1","Read_1140",0.723809757061162,"Subpopulation_1"
"NGS_Nanog_KO_Rep1","Read_1141",0.714444631857432,"Subpopulation_1"
"NGS_Nanog_KO_Rep1","Read_1142",0.711994881226695,"Subpopulation_1"
"NGS_Nanog_KO_Rep1","Read_1143",0.716666991446425,"Subpopulation_1"
"NGS_Nanog_KO_Rep1","Read_1144",0.718582848836892,"Subpopulation_1"
"NGS_Nanog_KO_Rep1","Read_1145",0.705760466331907,"Subpopulation_1"
"NGS_Nanog_KO_Rep1","Read_1146",0.714840677705797,"Subpopulation_1"
"NGS_Nanog_KO_Rep1","Read_1147",0.707520812683974,"Subpopulation_1"
"NGS_Nanog_KO_Rep1","Read_1148",0.715920829630248,"Subpopulation_1"
"NGS_Nanog_KO_Rep1","Read_1149",0.720951451454769,"Subpopulation_1"
"NGS_Nanog_KO_Rep1","Read_1150",0.71209503471922,"Subpopulation_1"
"NGS_Nanog_KO_Rep1","Read_1151",0.7190916638837,"Subpopulation_1"
"NGS_Nanog_KO_Rep1","Read_1152",0.721147996701041,"Subpopulation_1"
"NGS_Nanog_KO_Rep1","Read_1153",0.71823761440814,"Subpopulation_1"
"NGS_Nanog_KO_Rep1","Read_1154",0.720410849074311,"Subpopulation_1"
"NGS_Nanog_KO_Rep1","Read_1155",0.717395241988046,"Subpopulation_1"
"NGS_Nanog_KO_Rep1","Read_1156",0.71796889717535,"Subpopulation_1"
"NGS_Nanog_KO_Rep1","Read_1157",0.719400953111953,"Subpopulation_1"
"NGS_Nanog_KO_Rep1","Read_1158",0.71796415146127,"Subpopulation_1"
"NGS_Nanog_KO_Rep1","Read_1159",0.721402948179427,"Subpopulation_1"
"NGS_Nanog_KO_Rep1","Read_1160",0.707156326527737,"Subpopulation_1"
"NGS_Nanog_KO_Rep1","Read_1161",0.728336113142213,"Subpopulation_1"
"NGS_Nanog_KO_Rep1","Read_1162",0.715138352082134,"Subpopulation_1"
"NGS_Nanog_KO_Rep1","Read_1163",0.716955767485614,"Subpopulation_1"
"NGS_Nanog_KO_Rep1","Read_1164",0.719149690878964,"Subpopulation_1"
"NGS_Nanog_KO_Rep1","Read_1165",0.714329317114653,"Subpopulation_1"
"NGS_Nanog_KO_Rep1","Read_1166",0.719577430054432,"Subpopulation_1"
"NGS_Nanog_KO_Rep1","Read_1167",0.702899079409409,"Subpopulation_1"
"NGS_Nanog_KO_Rep1","Read_1168",0.722220375195746,"Subpopulation_1"
"NGS_Nanog_KO_Rep1","Read_1169",0.732244418782021,"Subpopulation_1"
"NGS_Nanog_KO_Rep1","Read_1170",0.723568963789445,"Subpopulation_1"
"NGS_Nanog_KO_Rep1","Read_1171",0.717099291362957,"Subpopulation_1"
"NGS_Nanog_KO_Rep1","Read_1172",0.718431906948603,"Subpopulation_1"
"NGS_Nanog_KO_Rep1","Read_1173",0.724745782242488,"Subpopulation_1"
"NGS_Nanog_KO_Rep1","Read_1174",0.719111426594423,"Subpopulation_1"
"NGS_Nanog_KO_Rep1","Read_1175",0.715834619760568,"Subpopulation_1"
"NGS_Nanog_KO_Rep1","Read_1176",0.710752841854325,"Subpopulation_1"
"NGS_Nanog_KO_Rep1","Read_1177",0.714913487986604,"Subpopulation_1"
"NGS_Nanog_KO_Rep1","Read_1178",0.714314175037325,"Subpopulation_1"
"NGS_Nanog_KO_Rep1","Read_1179",0.720638710869656,"Subpopulation_1"
"NGS_Nanog_KO_Rep1","Read_1180",0.719031560489392,"Subpopulation_1"
"NGS_Nanog_KO_Rep1","Read_1181",0.72606940681739,"Subpopulation_1"
"NGS_Nanog_KO_Rep1","Read_1182",0.715980863009233,"Subpopulation_1"
"NGS_Nanog_KO_Rep1","Read_1183",0.717909984077216,"Subpopulation_1"
"NGS_Nanog_KO_Rep1","Read_1184",0.719340142385094,"Subpopulation_1"
"NGS_Nanog_KO_Rep1","Read_1185",0.71257196784839,"Subpopulation_1"
"NGS_Nanog_KO_Rep1","Read_1186",0.715406468704363,"Subpopulation_1"
"NGS_Nanog_KO_Rep1","Read_1187",0.716567976516213,"Subpopulation_1"
"NGS_Nanog_KO_Rep1","Read_1188",0.720257811299902,"Subpopulation_1"
"NGS_Nanog_KO_Rep1","Read_1189",0.721696683260133,"Subpopulation_1"
"NGS_Nanog_KO_Rep1","Read_1190",0.713859926437649,"Subpopulation_1"
"NGS_Nanog_KO_Rep1","Read_1191",0.706347786088295,"Subpopulation_1"
"NGS_Nanog_KO_Rep1","Read_1192",0.723599920080701,"Subpopulation_1"
"NGS_Nanog_KO_Rep1","Read_1193",0.718025586216437,"Subpopulation_1"
"NGS_Nanog_KO_Rep1","Read_1194",0.71041214490252,"Subpopulation_1"
"NGS_Nanog_KO_Rep1","Read_1195",0.719141349876338,"Subpopulation_1"
"NGS_Nanog_KO_Rep1","Read_1196",0.713459068144147,"Subpopulation_1"
"NGS_Nanog_KO_Rep1","Read_1197",0.713479520085489,"Subpopulation_1"
"NGS_Nanog_KO_Rep1","Read_1198",0.717835961211928,"Subpopulation_1"
"NGS_Nanog_KO_Rep1","Read_1199",0.719405838936995,"Subpopulation_1"
"NGS_Nanog_KO_Rep1","Read_1200",0.711950354476125,"Subpopulation_1"
"NGS_Nanog_KO_Rep1","Read_1201",0.722878349584994,"Subpopulation_1"
"NGS_Nanog_KO_Rep1","Read_1202",0.727005653523881,"Subpopulation_1"
"NGS_Nanog_KO_Rep1","Read_1203",0.723452593967586,"Subpopulation_1"
"NGS_Nanog_KO_Rep1","Read_1204",0.717924525638928,"Subpopulation_1"
"NGS_Nanog_KO_Rep1","Read_1205",0.710082118727035,"Subpopulation_1"
"NGS_Nanog_KO_Rep1","Read_1206",0.719592678144783,"Subpopulation_1"
"NGS_Nanog_KO_Rep1","Read_1207",0.715107377780764,"Subpopulation_1"
"NGS_Nanog_KO_Rep1","Read_1208",0.717116077895739,"Subpopulation_1"
"NGS_Nanog_KO_Rep1","Read_1209",0.722770687908195,"Subpopulation_1"
"NGS_Nanog_KO_Rep1","Read_1210",0.717951949408278,"Subpopulation_1"
"NGS_Nanog_KO_Rep1","Read_1211",0.715645193479731,"Subpopulation_1"
"NGS_Nanog_KO_Rep1","Read_1212",0.724449852100619,"Subpopulation_1"
"NGS_Nanog_KO_Rep1","Read_1213",0.726906830615516,"Subpopulation_1"
"NGS_Nanog_KO_Rep1","Read_1214",0.724038864055547,"Subpopulation_1"
"NGS_Nanog_KO_Rep1","Read_1215",0.715098053797959,"Subpopulation_1"
"NGS_Nanog_KO_Rep1","Read_1216",0.717870258843287,"Subpopulation_1"
"NGS_Nanog_KO_Rep1","Read_1217",0.715033917509091,"Subpopulation_1"
"NGS_Nanog_KO_Rep1","Read_1218",0.724367129552114,"Subpopulation_1"
"NGS_Nanog_KO_Rep1","Read_1219",0.715388334562919,"Subpopulation_1"
"NGS_Nanog_KO_Rep1","Read_1220",0.71749898972299,"Subpopulation_1"
"NGS_Nanog_KO_Rep1","Read_1221",0.715940820249023,"Subpopulation_1"
"NGS_Nanog_KO_Rep1","Read_1222",0.711998223520185,"Subpopulation_1"
"NGS_Nanog_KO_Rep1","Read_1223",0.708278894205949,"Subpopulation_1"
"NGS_Nanog_KO_Rep1","Read_1224",0.718248574059634,"Subpopulation_1"
"NGS_Nanog_KO_Rep1","Read_1225",0.724206499879407,"Subpopulation_1"
"NGS_Nanog_KO_Rep1","Read_1226",0.709370466633664,"Subpopulation_1"
"NGS_Nanog_KO_Rep1","Read_1227",0.719682631738075,"Subpopulation_1"
"NGS_Nanog_KO_Rep1","Read_1228",0.72357461339512,"Subpopulation_1"
"NGS_Nanog_KO_Rep1","Read_1229",0.707013765342517,"Subpopulation_1"
"NGS_Nanog_KO_Rep1","Read_1230",0.720405370047083,"Subpopulation_1"
"NGS_Nanog_KO_Rep1","Read_1231",0.720284659096051,"Subpopulation_1"
"NGS_Nanog_KO_Rep1","Read_1232",0.719089653967436,"Subpopulation_1"
"NGS_Nanog_KO_Rep1","Read_1233",0.726491644572501,"Subpopulation_1"
"NGS_Nanog_KO_Rep1","Read_1234",0.71641501614817,"Subpopulation_1"
"NGS_Nanog_KO_Rep1","Read_1235",0.721940799860568,"Subpopulation_1"
"NGS_Nanog_KO_Rep1","Read_1236",0.716251830567852,"Subpopulation_1"
"NGS_Nanog_KO_Rep1","Read_1237",0.707836716946738,"Subpopulation_1"
"NGS_Nanog_KO_Rep1","Read_1238",0.726816018145597,"Subpopulation_1"
"NGS_Nanog_KO_Rep1","Read_1239",0.713497780921479,"Subpopulation_1"
"NGS_Nanog_KO_Rep1","Read_1240",0.712458098875419,"Subpopulation_1"
"NGS_Nanog_KO_Rep1","Read_1241",0.723014802922674,"Subpopulation_1"
"NGS_Nanog_KO_Rep1","Read_1242",0.721824100661476,"Subpopulation_1"
"NGS_Nanog_KO_Rep1","Read_1243",0.722058979667307,"Subpopulation_1"
"NGS_Nanog_KO_Rep1","Read_1244",0.725130953087155,"Subpopulation_1"
"NGS_Nanog_KO_Rep1","Read_1245",0.716131721651426,"Subpopulation_1"
"NGS_Nanog_KO_Rep1","Read_1246",0.714101246791207,"Subpopulation_1"
"NGS_Nanog_KO_Rep1","Read_1247",0.706996850417681,"Subpopulation_1"
"NGS_Nanog_KO_Rep1","Read_1248",0.715776672255727,"Subpopulation_1"
"NGS_Nanog_KO_Rep1","Read_1249",0.715165602157026,"Subpopulation_1"
"NGS_Nanog_KO_Rep1","Read_1250",0.71722685391698,"Subpopulation_1"
"NGS_Nanog_KO_Rep1","Read_1251",0.732689569549718,"Subpopulation_1"
"NGS_Nanog_KO_Rep1","Read_1252",0.716085367305405,"Subpopulation_1"
"NGS_Nanog_KO_Rep1","Read_1253",0.718134098490799,"Subpopulation_1"
"NGS_Nanog_KO_Rep1","Read_1254",0.721377275161486,"Subpopulation_1"
"NGS_Nanog_KO_Rep1","Read_1255",0.714704538310761,"Subpopulation_1"
"NGS_Nanog_KO_Rep1","Read_1256",0.72544794726932,"Subpopulation_1"
"NGS_Nanog_KO_Rep1","Read_1257",0.7248225627893,"Subpopulation_1"
"NGS_Nanog_KO_Rep1","Read_1258",0.718634900952789,"Subpopulation_1"
"NGS_Nanog_KO_Rep1","Read_1259",0.726900223398302,"Subpopulation_1"
"NGS_Nanog_KO_Rep1","Read_1260",0.719329341491685,"Subpopulation_1"
"NGS_Nanog_KO_Rep1","Read_1261",0.725153099517505,"Subpopulation_1"
"NGS_Nanog_KO_Rep1","Read_1262",0.715633515297453,"Subpopulation_1"
"NGS_Nanog_KO_Rep1","Read_1263",0.70695029688576,"Subpopulation_1"
"NGS_Nanog_KO_Rep1","Read_1264",0.727377869366946,"Subpopulation_1"
"NGS_Nanog_KO_Rep1","Read_1265",0.719895275348467,"Subpopulation_1"
"NGS_Nanog_KO_Rep1","Read_1266",0.725128739765343,"Subpopulation_1"
"NGS_Nanog_KO_Rep1","Read_1267",0.719709781110768,"Subpopulation_1"
"NGS_Nanog_KO_Rep1","Read_1268",0.72232634748874,"Subpopulation_1"
"NGS_Nanog_KO_Rep1","Read_1269",0.732954879433221,"Subpopulation_1"
"NGS_Nanog_KO_Rep1","Read_1270",0.72261597561659,"Subpopulation_1"
"NGS_Nanog_KO_Rep1","Read_1271",0.716071998256905,"Subpopulation_1"
"NGS_Nanog_KO_Rep1","Read_1272",0.719943352354786,"Subpopulation_1"
"NGS_Nanog_KO_Rep1","Read_1273",0.71930680747335,"Subpopulation_1"
"NGS_Nanog_KO_Rep1","Read_1274",0.716095273970478,"Subpopulation_1"
"NGS_Nanog_KO_Rep1","Read_1275",0.729520633774121,"Subpopulation_1"
"NGS_Nanog_KO_Rep1","Read_1276",0.710341683762958,"Subpopulation_1"
"NGS_Nanog_KO_Rep1","Read_1277",0.718255956717449,"Subpopulation_1"
"NGS_Nanog_KO_Rep1","Read_1278",0.715974801261136,"Subpopulation_1"
"NGS_Nanog_KO_Rep1","Read_1279",0.717837064719354,"Subpopulation_1"
"NGS_Nanog_KO_Rep1","Read_1280",0.718736153938067,"Subpopulation_1"
"NGS_Nanog_KO_Rep1","Read_1281",0.723866737012697,"Subpopulation_1"
"NGS_Nanog_KO_Rep1","Read_1282",0.713428011602508,"Subpopulation_1"
"NGS_Nanog_KO_Rep1","Read_1283",0.713637128310034,"Subpopulation_1"
"NGS_Nanog_KO_Rep1","Read_1284",0.708588173156213,"Subpopulation_1"
"NGS_Nanog_KO_Rep1","Read_1285",0.711009821533143,"Subpopulation_1"
"NGS_Nanog_KO_Rep1","Read_1286",0.719637424982462,"Subpopulation_1"
"NGS_Nanog_KO_Rep1","Read_1287",0.711628941388278,"Subpopulation_1"
"NGS_Nanog_KO_Rep1","Read_1288",0.712062458134352,"Subpopulation_1"
"NGS_Nanog_KO_Rep1","Read_1289",0.717344257415002,"Subpopulation_1"
"NGS_Nanog_KO_Rep1","Read_1290",0.722562726775321,"Subpopulation_1"
"NGS_Nanog_KO_Rep1","Read_1291",0.726567420525583,"Subpopulation_1"
"NGS_Nanog_KO_Rep1","Read_1292",0.714201197727913,"Subpopulation_1"
"NGS_Nanog_KO_Rep1","Read_1293",0.708628941007332,"Subpopulation_1"
"NGS_Nanog_KO_Rep1","Read_1294",0.722872445212949,"Subpopulation_1"
"NGS_Nanog_KO_Rep1","Read_1295",0.721958947111033,"Subpopulation_1"
"NGS_Nanog_KO_Rep1","Read_1296",0.721839563777816,"Subpopulation_1"
"NGS_Nanog_KO_Rep1","Read_1297",0.724411479484868,"Subpopulation_1"
"NGS_Nanog_KO_Rep1","Read_1298",0.716091194945435,"Subpopulation_1"
"NGS_Nanog_KO_Rep1","Read_1299",0.719764775485632,"Subpopulation_1"
"NGS_Nanog_KO_Rep1","Read_1300",0.721717792222152,"Subpopulation_1"
"NGS_Nanog_KO_Rep1","Read_1301",0.728175456889797,"Subpopulation_1"
"NGS_Nanog_KO_Rep1","Read_1302",0.71902881041894,"Subpopulation_1"
"NGS_Nanog_KO_Rep1","Read_1303",0.723408359846728,"Subpopulation_1"
"NGS_Nanog_KO_Rep1","Read_1304",0.704109552008594,"Subpopulation_1"
"NGS_Nanog_KO_Rep1","Read_1305",0.706924238194493,"Subpopulation_1"
"NGS_Nanog_KO_Rep1","Read_1306",0.721586929202857,"Subpopulation_1"
"NGS_Nanog_KO_Rep1","Read_1307",0.719350316394778,"Subpopulation_1"
"NGS_Nanog_KO_Rep1","Read_1308",0.725109984023835,"Subpopulation_1"
"NGS_Nanog_KO_Rep1","Read_1309",0.716988382518634,"Subpopulation_1"
"NGS_Nanog_KO_Rep1","Read_1310",0.714864763224544,"Subpopulation_1"
"NGS_Nanog_KO_Rep1","Read_1311",0.725040767267672,"Subpopulation_1"
"NGS_Nanog_KO_Rep1","Read_1312",0.708784064778334,"Subpopulation_1"
"NGS_Nanog_KO_Rep1","Read_1313",0.700019304739555,"Subpopulation_1"
"NGS_Nanog_KO_Rep1","Read_1314",0.716641655299561,"Subpopulation_1"
"NGS_Nanog_KO_Rep1","Read_1315",0.714626551874101,"Subpopulation_1"
"NGS_Nanog_KO_Rep1","Read_1316",0.717668936951688,"Subpopulation_1"
"NGS_Nanog_KO_Rep1","Read_1317",0.721752712677306,"Subpopulation_1"
"NGS_Nanog_KO_Rep1","Read_1318",0.719716305059951,"Subpopulation_1"
"NGS_Nanog_KO_Rep1","Read_1319",0.719162199548527,"Subpopulation_1"
"NGS_Nanog_KO_Rep1","Read_1320",0.71582143334949,"Subpopulation_1"
"NGS_Nanog_KO_Rep1","Read_1321",0.726587408307272,"Subpopulation_1"
"NGS_Nanog_KO_Rep1","Read_1322",0.705569445995004,"Subpopulation_1"
"NGS_Nanog_KO_Rep1","Read_1323",0.70339550758445,"Subpopulation_1"
"NGS_Nanog_KO_Rep1","Read_1324",0.723686133132197,"Subpopulation_1"
"NGS_Nanog_KO_Rep1","Read_1325",0.714697435607041,"Subpopulation_1"
"NGS_Nanog_KO_Rep1","Read_1326",0.725262672919837,"Subpopulation_1"
"NGS_Nanog_KO_Rep1","Read_1327",0.718680047056925,"Subpopulation_1"
"NGS_Nanog_KO_Rep1","Read_1328",0.72844637194578,"Subpopulation_1"
"NGS_Nanog_KO_Rep1","Read_1329",0.71179293392266,"Subpopulation_1"
"NGS_Nanog_KO_Rep1","Read_1330",0.715484938411742,"Subpopulation_1"
"NGS_Nanog_KO_Rep1","Read_1331",0.721791768594391,"Subpopulation_1"
"NGS_Nanog_KO_Rep1","Read_1332",0.708196670996827,"Subpopulation_1"
"NGS_Nanog_KO_Rep1","Read_1333",0.720809780730678,"Subpopulation_1"
"NGS_Nanog_KO_Rep1","Read_1334",0.722574757077062,"Subpopulation_1"
"NGS_Nanog_KO_Rep1","Read_1335",0.712426583197026,"Subpopulation_1"
"NGS_Nanog_KO_Rep1","Read_1336",0.711214701414642,"Subpopulation_1"
"NGS_Nanog_KO_Rep1","Read_1337",0.717163740880585,"Subpopulation_1"
"NGS_Nanog_KO_Rep1","Read_1338",0.722531652691419,"Subpopulation_1"
"NGS_Nanog_KO_Rep1","Read_1339",0.724105977662563,"Subpopulation_1"
"NGS_Nanog_KO_Rep1","Read_1340",0.717929319615745,"Subpopulation_1"
"NGS_Nanog_KO_Rep1","Read_1341",0.721204737276894,"Subpopulation_1"
"NGS_Nanog_KO_Rep1","Read_1342",0.723592975340053,"Subpopulation_1"
"NGS_Nanog_KO_Rep1","Read_1343",0.719696974542444,"Subpopulation_1"
"NGS_Nanog_KO_Rep1","Read_1344",0.714334967468482,"Subpopulation_1"
"NGS_Nanog_KO_Rep1","Read_1345",0.711841716470297,"Subpopulation_1"
"NGS_Nanog_KO_Rep1","Read_1346",0.71475013375139,"Subpopulation_1"
"NGS_Nanog_KO_Rep1","Read_1347",0.719749504027967,"Subpopulation_1"
"NGS_Nanog_KO_Rep1","Read_1348",0.726578594031853,"Subpopulation_1"
"NGS_Nanog_KO_Rep1","Read_1349",0.713956358643764,"Subpopulation_1"
"NGS_Nanog_KO_Rep1","Read_1350",0.723510090411675,"Subpopulation_1"
"NGS_Nanog_KO_Rep1","Read_1351",0.729567689590214,"Subpopulation_1"
"NGS_Nanog_KO_Rep1","Read_1352",0.722418706810038,"Subpopulation_1"
"NGS_Nanog_KO_Rep1","Read_1353",0.720742830391333,"Subpopulation_1"
"NGS_Nanog_KO_Rep1","Read_1354",0.71373084172301,"Subpopulation_1"
"NGS_Nanog_KO_Rep1","Read_1355",0.715920741284478,"Subpopulation_1"
"NGS_Nanog_KO_Rep1","Read_1356",0.713664848408069,"Subpopulation_1"
"NGS_Nanog_KO_Rep1","Read_1357",0.717519195455822,"Subpopulation_1"
"NGS_Nanog_KO_Rep1","Read_1358",0.71979022205385,"Subpopulation_1"
"NGS_Nanog_KO_Rep1","Read_1359",0.722904012745933,"Subpopulation_1"
"NGS_Nanog_KO_Rep1","Read_1360",0.737187188740576,"Subpopulation_1"
"NGS_Nanog_KO_Rep1","Read_1361",0.729671415627127,"Subpopulation_1"
"NGS_Nanog_KO_Rep1","Read_1362",0.71707551751726,"Subpopulation_1"
"NGS_Nanog_KO_Rep1","Read_1363",0.716613795935875,"Subpopulation_1"
"NGS_Nanog_KO_Rep1","Read_1364",0.71372566249696,"Subpopulation_1"
"NGS_Nanog_KO_Rep1","Read_1365",0.707677552808028,"Subpopulation_1"
"NGS_Nanog_KO_Rep1","Read_1366",0.719699903864819,"Subpopulation_1"
"NGS_Nanog_KO_Rep1","Read_1367",0.706063763395214,"Subpopulation_1"
"NGS_Nanog_KO_Rep1","Read_1368",0.722026185834588,"Subpopulation_1"
"NGS_Nanog_KO_Rep1","Read_1369",0.715759090371653,"Subpopulation_1"
"NGS_Nanog_KO_Rep1","Read_1370",0.719004893511049,"Subpopulation_1"
"NGS_Nanog_KO_Rep1","Read_1371",0.714492666220716,"Subpopulation_1"
"NGS_Nanog_KO_Rep1","Read_1372",0.723325670702032,"Subpopulation_1"
"NGS_Nanog_KO_Rep1","Read_1373",0.713838050221408,"Subpopulation_1"
"NGS_Nanog_KO_Rep1","Read_1374",0.703086967375429,"Subpopulation_1"
"NGS_Nanog_KO_Rep1","Read_1375",0.721957130093976,"Subpopulation_1"
"NGS_Nanog_KO_Rep1","Read_1376",0.723032660610317,"Subpopulation_1"
"NGS_Nanog_KO_Rep1","Read_1377",0.71999167565241,"Subpopulation_1"
"NGS_Nanog_KO_Rep1","Read_1378",0.71599219231132,"Subpopulation_1"
"NGS_Nanog_KO_Rep1","Read_1379",0.717407974550863,"Subpopulation_1"
"NGS_Nanog_KO_Rep1","Read_1380",0.707598950857913,"Subpopulation_1"
"NGS_Nanog_KO_Rep1","Read_1381",0.717639158759333,"Subpopulation_1"
"NGS_Nanog_KO_Rep1","Read_1382",0.724069788841438,"Subpopulation_1"
"NGS_Nanog_KO_Rep1","Read_1383",0.718472119371528,"Subpopulation_1"
"NGS_Nanog_KO_Rep1","Read_1384",0.722820297861267,"Subpopulation_1"
"NGS_Nanog_KO_Rep1","Read_1385",0.71659791064124,"Subpopulation_1"
"NGS_Nanog_KO_Rep1","Read_1386",0.71459118377064,"Subpopulation_1"
"NGS_Nanog_KO_Rep1","Read_1387",0.72196922018148,"Subpopulation_1"
"NGS_Nanog_KO_Rep1","Read_1388",0.722747151909673,"Subpopulation_1"
"NGS_Nanog_KO_Rep1","Read_1389",0.714060028051019,"Subpopulation_1"
"NGS_Nanog_KO_Rep1","Read_1390",0.720317389929915,"Subpopulation_1"
"NGS_Nanog_KO_Rep1","Read_1391",0.715205753568145,"Subpopulation_1"
"NGS_Nanog_KO_Rep1","Read_1392",0.715517059665647,"Subpopulation_1"
"NGS_Nanog_KO_Rep1","Read_1393",0.725666140902769,"Subpopulation_1"
"NGS_Nanog_KO_Rep1","Read_1394",0.721291460771747,"Subpopulation_1"
"NGS_Nanog_KO_Rep1","Read_1395",0.712239754315517,"Subpopulation_1"
"NGS_Nanog_KO_Rep1","Read_1396",0.711891115635633,"Subpopulation_1"
"NGS_Nanog_KO_Rep1","Read_1397",0.723616438177808,"Subpopulation_1"
"NGS_Nanog_KO_Rep1","Read_1398",0.718540807126772,"Subpopulation_1"
"NGS_Nanog_KO_Rep1","Read_1399",0.722196843860489,"Subpopulation_1"
"NGS_Nanog_KO_Rep1","Read_1400",0.717092644155986,"Subpopulation_1"
"NGS_Nanog_KO_Rep1","Read_1401",0.716123010893375,"Subpopulation_1"
"NGS_Nanog_KO_Rep1","Read_1402",0.721375511584056,"Subpopulation_1"
"NGS_Nanog_KO_Rep1","Read_1403",0.718673891081442,"Subpopulation_1"
"NGS_Nanog_KO_Rep1","Read_1404",0.722606944984187,"Subpopulation_1"
"NGS_Nanog_KO_Rep1","Read_1405",0.712947736413674,"Subpopulation_1"
"NGS_Nanog_KO_Rep1","Read_1406",0.711354038918425,"Subpopulation_1"
"NGS_Nanog_KO_Rep1","Read_1407",0.721202322382531,"Subpopulation_1"
"NGS_Nanog_KO_Rep1","Read_1408",0.709841717168231,"Subpopulation_1"
"NGS_Nanog_KO_Rep1","Read_1409",0.718267710323342,"Subpopulation_1"
"NGS_Nanog_KO_Rep1","Read_1410",0.719585434820863,"Subpopulation_1"
"NGS_Nanog_KO_Rep1","Read_1411",0.72055085276157,"Subpopulation_1"
"NGS_Nanog_KO_Rep1","Read_1412",0.725048279943323,"Subpopulation_1"
"NGS_Nanog_KO_Rep1","Read_1413",0.708274361367126,"Subpopulation_1"
"NGS_Nanog_KO_Rep1","Read_1414",0.710385048180952,"Subpopulation_1"
"NGS_Nanog_KO_Rep1","Read_1415",0.707293263559199,"Subpopulation_1"
"NGS_Nanog_KO_Rep1","Read_1416",0.716110105049137,"Subpopulation_1"
"NGS_Nanog_KO_Rep1","Read_1417",0.723367654519953,"Subpopulation_1"
"NGS_Nanog_KO_Rep1","Read_1418",0.711999397017224,"Subpopulation_1"
"NGS_Nanog_KO_Rep1","Read_1419",0.71330559108155,"Subpopulation_1"
"NGS_Nanog_KO_Rep1","Read_1420",0.715603670533001,"Subpopulation_1"
"NGS_Nanog_KO_Rep1","Read_1421",0.721618542181194,"Subpopulation_1"
"NGS_Nanog_KO_Rep1","Read_1422",0.716606956772989,"Subpopulation_1"
"NGS_Nanog_KO_Rep1","Read_1423",0.712446664566884,"Subpopulation_1"
"NGS_Nanog_KO_Rep1","Read_1424",0.722569631692632,"Subpopulation_1"
"NGS_Nanog_KO_Rep1","Read_1425",0.725190475003477,"Subpopulation_1"
"NGS_Nanog_KO_Rep1","Read_1426",0.70862916713333,"Subpopulation_1"
"NGS_Nanog_KO_Rep1","Read_1427",0.7208245451536,"Subpopulation_1"
"NGS_Nanog_KO_Rep1","Read_1428",0.71656035441657,"Subpopulation_1"
"NGS_Nanog_KO_Rep1","Read_1429",0.722198019693087,"Subpopulation_1"
"NGS_Nanog_KO_Rep1","Read_1430",0.724912091700861,"Subpopulation_1"
"NGS_Nanog_KO_Rep1","Read_1431",0.71944430423846,"Subpopulation_1"
"NGS_Nanog_KO_Rep1","Read_1432",0.706668009383082,"Subpopulation_1"
"NGS_Nanog_KO_Rep1","Read_1433",0.722366762203803,"Subpopulation_1"
"NGS_Nanog_KO_Rep1","Read_1434",0.718331433835494,"Subpopulation_1"
"NGS_Nanog_KO_Rep1","Read_1435",0.721231485622699,"Subpopulation_1"
"NGS_Nanog_KO_Rep1","Read_1436",0.72438757421939,"Subpopulation_1"
"NGS_Nanog_KO_Rep1","Read_1437",0.714202662574335,"Subpopulation_1"
"NGS_Nanog_KO_Rep1","Read_1438",0.713243125203609,"Subpopulation_1"
"NGS_Nanog_KO_Rep1","Read_1439",0.721676789004527,"Subpopulation_1"
"NGS_Nanog_KO_Rep1","Read_1440",0.719572236483325,"Subpopulation_1"
"NGS_Nanog_KO_Rep1","Read_1441",0.708019137585434,"Subpopulation_1"
"NGS_Nanog_KO_Rep1","Read_1442",0.713864404560691,"Subpopulation_1"
"NGS_Nanog_KO_Rep1","Read_1443",0.71666729733768,"Subpopulation_1"
"NGS_Nanog_KO_Rep1","Read_1444",0.721138827000246,"Subpopulation_1"
"NGS_Nanog_KO_Rep1","Read_1445",0.719909985167009,"Subpopulation_1"
"NGS_Nanog_KO_Rep1","Read_1446",0.723725278479389,"Subpopulation_1"
"NGS_Nanog_KO_Rep1","Read_1447",0.70991427292916,"Subpopulation_1"
"NGS_Nanog_KO_Rep1","Read_1448",0.718336101603238,"Subpopulation_1"
"NGS_Nanog_KO_Rep1","Read_1449",0.718158634804717,"Subpopulation_1"
"NGS_Nanog_KO_Rep1","Read_1450",0.724917492058512,"Subpopulation_1"
"NGS_Nanog_KO_Rep1","Read_1451",0.730554724828647,"Subpopulation_1"
"NGS_Nanog_KO_Rep1","Read_1452",0.722045045457342,"Subpopulation_1"
"NGS_Nanog_KO_Rep1","Read_1453",0.717077987506395,"Subpopulation_1"
"NGS_Nanog_KO_Rep1","Read_1454",0.717128263952151,"Subpopulation_1"
"NGS_Nanog_KO_Rep1","Read_1455",0.723464437506849,"Subpopulation_1"
"NGS_Nanog_KO_Rep1","Read_1456",0.728096647865579,"Subpopulation_1"
"NGS_Nanog_KO_Rep1","Read_1457",0.724890141787706,"Subpopulation_1"
"NGS_Nanog_KO_Rep1","Read_1458",0.714501856112335,"Subpopulation_1"
"NGS_Nanog_KO_Rep1","Read_1459",0.718324375294256,"Subpopulation_1"
"NGS_Nanog_KO_Rep1","Read_1460",0.720926114452637,"Subpopulation_1"
"NGS_Nanog_KO_Rep1","Read_1461",0.726761061165628,"Subpopulation_1"
"NGS_Nanog_KO_Rep1","Read_1462",0.723441837282699,"Subpopulation_1"
"NGS_Nanog_KO_Rep1","Read_1463",0.724107245143445,"Subpopulation_1"
"NGS_Nanog_KO_Rep1","Read_1464",0.710991812806082,"Subpopulation_1"
"NGS_Nanog_KO_Rep1","Read_1465",0.713767197850979,"Subpopulation_1"
"NGS_Nanog_KO_Rep1","Read_1466",0.716308888013139,"Subpopulation_1"
"NGS_Nanog_KO_Rep1","Read_1467",0.71926776765046,"Subpopulation_1"
"NGS_Nanog_KO_Rep1","Read_1468",0.724473654360417,"Subpopulation_1"
"NGS_Nanog_KO_Rep1","Read_1469",0.702904919486421,"Subpopulation_1"
"NGS_Nanog_KO_Rep1","Read_1470",0.715486286360581,"Subpopulation_1"
"NGS_Nanog_KO_Rep1","Read_1471",0.720098263534388,"Subpopulation_1"
"NGS_Nanog_KO_Rep1","Read_1472",0.705932836596256,"Subpopulation_1"
"NGS_Nanog_KO_Rep1","Read_1473",0.725183744067136,"Subpopulation_1"
"NGS_Nanog_KO_Rep1","Read_1474",0.714519153297052,"Subpopulation_1"
"NGS_Nanog_KO_Rep1","Read_1475",0.718459238599518,"Subpopulation_1"
"NGS_Nanog_KO_Rep1","Read_1476",0.714984694264026,"Subpopulation_1"
"NGS_Nanog_KO_Rep1","Read_1477",0.715102015626954,"Subpopulation_1"
"NGS_Nanog_KO_Rep1","Read_1478",0.71353140983325,"Subpopulation_1"
"NGS_Nanog_KO_Rep1","Read_1479",0.719710420894469,"Subpopulation_1"
"NGS_Nanog_KO_Rep1","Read_1480",0.714214849202446,"Subpopulation_1"
"NGS_Nanog_KO_Rep1","Read_1481",0.712644437905105,"Subpopulation_1"
"NGS_Nanog_KO_Rep1","Read_1482",0.714373096517641,"Subpopulation_1"
"NGS_Nanog_KO_Rep1","Read_1483",0.718923505345717,"Subpopulation_1"
"NGS_Nanog_KO_Rep1","Read_1484",0.721525729545019,"Subpopulation_1"
"NGS_Nanog_KO_Rep1","Read_1485",0.718410813139464,"Subpopulation_1"
"NGS_Nanog_KO_Rep1","Read_1486",0.710109714772455,"Subpopulation_1"
"NGS_Nanog_KO_Rep1","Read_1487",0.71438071642457,"Subpopulation_1"
"NGS_Nanog_KO_Rep1","Read_1488",0.721612879664195,"Subpopulation_1"
"NGS_Nanog_KO_Rep1","Read_1489",0.709156347534324,"Subpopulation_1"
"NGS_Nanog_KO_Rep1","Read_1490",0.716610051164875,"Subpopulation_1"
"NGS_Nanog_KO_Rep1","Read_1491",0.716194010868442,"Subpopulation_1"
"NGS_Nanog_KO_Rep1","Read_1492",0.721804682088048,"Subpopulation_1"
"NGS_Nanog_KO_Rep1","Read_1493",0.717503264460073,"Subpopulation_1"
"NGS_Nanog_KO_Rep1","Read_1494",0.7152206580177,"Subpopulation_1"
"NGS_Nanog_KO_Rep1","Read_1495",0.716419403072496,"Subpopulation_1"
"NGS_Nanog_KO_Rep1","Read_1496",0.722251723264074,"Subpopulation_1"
"NGS_Nanog_KO_Rep1","Read_1497",0.7247452339672,"Subpopulation_1"
"NGS_Nanog_KO_Rep1","Read_1498",0.711317688748651,"Subpopulation_1"
"NGS_Nanog_KO_Rep1","Read_1499",0.718478199324977,"Subpopulation_1"
"NGS_Nanog_KO_Rep1","Read_1500",0.717899000674427,"Subpopulation_1"
"NGS_Nanog_KO_Rep1","Read_1501",0.713155623456868,"Subpopulation_1"
"NGS_Nanog_KO_Rep1","Read_1502",0.725254595665611,"Subpopulation_1"
"NGS_Nanog_KO_Rep1","Read_1503",0.725460667709958,"Subpopulation_1"
"NGS_Nanog_KO_Rep1","Read_1504",0.722971358853087,"Subpopulation_1"
"NGS_Nanog_KO_Rep1","Read_1505",0.726047805275128,"Subpopulation_1"
"NGS_Nanog_KO_Rep1","Read_1506",0.715139553735479,"Subpopulation_1"
"NGS_Nanog_KO_Rep1","Read_1507",0.716209738256973,"Subpopulation_1"
"NGS_Nanog_KO_Rep1","Read_1508",0.708697235037626,"Subpopulation_1"
"NGS_Nanog_KO_Rep1","Read_1509",0.719124460716701,"Subpopulation_1"
"NGS_Nanog_KO_Rep1","Read_1510",0.711740817186976,"Subpopulation_1"
"NGS_Nanog_KO_Rep1","Read_1511",0.719052074768828,"Subpopulation_1"
"NGS_Nanog_KO_Rep1","Read_1512",0.716781856154533,"Subpopulation_1"
"NGS_Nanog_KO_Rep1","Read_1513",0.713976461574502,"Subpopulation_1"
"NGS_Nanog_KO_Rep1","Read_1514",0.717343976593113,"Subpopulation_1"
"NGS_Nanog_KO_Rep1","Read_1515",0.705314423352453,"Subpopulation_1"
"NGS_Nanog_KO_Rep1","Read_1516",0.714141966880491,"Subpopulation_1"
"NGS_Nanog_KO_Rep1","Read_1517",0.718230515315933,"Subpopulation_1"
"NGS_Nanog_KO_Rep1","Read_1518",0.717194996445194,"Subpopulation_1"
"NGS_Nanog_KO_Rep1","Read_1519",0.725894246143223,"Subpopulation_1"
"NGS_Nanog_KO_Rep1","Read_1520",0.724684890268181,"Subpopulation_1"
"NGS_Nanog_KO_Rep1","Read_1521",0.713568574140328,"Subpopulation_1"
"NGS_Nanog_KO_Rep1","Read_1522",0.72361441957285,"Subpopulation_1"
"NGS_Nanog_KO_Rep1","Read_1523",0.72626538897896,"Subpopulation_1"
"NGS_Nanog_KO_Rep1","Read_1524",0.717313397003653,"Subpopulation_1"
"NGS_Nanog_KO_Rep1","Read_1525",0.722453170622533,"Subpopulation_1"
"NGS_Nanog_KO_Rep1","Read_1526",0.720014196863658,"Subpopulation_1"
"NGS_Nanog_KO_Rep1","Read_1527",0.718870429962704,"Subpopulation_1"
"NGS_Nanog_KO_Rep1","Read_1528",0.717792646518777,"Subpopulation_1"
"NGS_Nanog_KO_Rep1","Read_1529",0.720637428423615,"Subpopulation_1"
"NGS_Nanog_KO_Rep1","Read_1530",0.717600089920451,"Subpopulation_1"
"NGS_Nanog_KO_Rep1","Read_1531",0.714079041928495,"Subpopulation_1"
"NGS_Nanog_KO_Rep1","Read_1532",0.71647149411886,"Subpopulation_1"
"NGS_Nanog_KO_Rep1","Read_1533",0.712666182288245,"Subpopulation_1"
"NGS_Nanog_KO_Rep1","Read_1534",0.703687736689926,"Subpopulation_1"
"NGS_Nanog_KO_Rep1","Read_1535",0.710174451182532,"Subpopulation_1"
"NGS_Nanog_KO_Rep1","Read_1536",0.722060853849222,"Subpopulation_1"
"NGS_Nanog_KO_Rep1","Read_1537",0.716289893796108,"Subpopulation_1"
"NGS_Nanog_KO_Rep1","Read_1538",0.717404156193882,"Subpopulation_1"
"NGS_Nanog_KO_Rep1","Read_1539",0.723640396620157,"Subpopulation_1"
"NGS_Nanog_KO_Rep1","Read_1540",0.724749674089155,"Subpopulation_1"
"NGS_Nanog_KO_Rep1","Read_1541",0.716412246751668,"Subpopulation_1"
"NGS_Nanog_KO_Rep1","Read_1542",0.715150654371455,"Subpopulation_1"
"NGS_Nanog_KO_Rep1","Read_1543",0.720409270326623,"Subpopulation_1"
"NGS_Nanog_KO_Rep1","Read_1544",0.722070067653282,"Subpopulation_1"
"NGS_Nanog_KO_Rep1","Read_1545",0.722381894317236,"Subpopulation_1"
"NGS_Nanog_KO_Rep1","Read_1546",0.711522012375489,"Subpopulation_1"
"NGS_Nanog_KO_Rep1","Read_1547",0.708960911151976,"Subpopulation_1"
"NGS_Nanog_KO_Rep1","Read_1548",0.715266404801269,"Subpopulation_1"
"NGS_Nanog_KO_Rep1","Read_1549",0.717662813821105,"Subpopulation_1"
"NGS_Nanog_KO_Rep1","Read_1550",0.712983566376024,"Subpopulation_1"
"NGS_Nanog_KO_Rep1","Read_1551",0.715474452904955,"Subpopulation_1"
"NGS_Nanog_KO_Rep1","Read_1552",0.725289387567374,"Subpopulation_1"
"NGS_Nanog_KO_Rep1","Read_1553",0.71305795185424,"Subpopulation_1"
"NGS_Nanog_KO_Rep1","Read_1554",0.718147523274985,"Subpopulation_1"
"NGS_Nanog_KO_Rep1","Read_1555",0.712615306593789,"Subpopulation_1"
"NGS_Nanog_KO_Rep1","Read_1556",0.721531647300389,"Subpopulation_1"
"NGS_Nanog_KO_Rep1","Read_1557",0.715453316383371,"Subpopulation_1"
"NGS_Nanog_KO_Rep1","Read_1558",0.728123909424162,"Subpopulation_1"
"NGS_Nanog_KO_Rep1","Read_1559",0.723069449346913,"Subpopulation_1"
"NGS_Nanog_KO_Rep1","Read_1560",0.710395607999505,"Subpopulation_1"
"NGS_Nanog_KO_Rep1","Read_1561",0.714800902203389,"Subpopulation_1"
"NGS_Nanog_KO_Rep1","Read_1562",0.717909742610095,"Subpopulation_1"
"NGS_Nanog_KO_Rep1","Read_1563",0.721054771023694,"Subpopulation_1"
"NGS_Nanog_KO_Rep1","Read_1564",0.71093106640403,"Subpopulation_1"
"NGS_Nanog_KO_Rep1","Read_1565",0.717334415629433,"Subpopulation_1"
"NGS_Nanog_KO_Rep1","Read_1566",0.727130121467861,"Subpopulation_1"
"NGS_Nanog_KO_Rep1","Read_1567",0.711003771175961,"Subpopulation_1"
"NGS_Nanog_KO_Rep1","Read_1568",0.716464769382487,"Subpopulation_1"
"NGS_Nanog_KO_Rep1","Read_1569",0.72358285876448,"Subpopulation_1"
"NGS_Nanog_KO_Rep1","Read_1570",0.715830879789187,"Subpopulation_1"
"NGS_Nanog_KO_Rep1","Read_1571",0.709350028278855,"Subpopulation_1"
"NGS_Nanog_KO_Rep1","Read_1572",0.720461578770132,"Subpopulation_1"
"NGS_Nanog_KO_Rep1","Read_1573",0.714659579665713,"Subpopulation_1"
"NGS_Nanog_KO_Rep1","Read_1574",0.722436229830243,"Subpopulation_1"
"NGS_Nanog_KO_Rep1","Read_1575",0.710620436239081,"Subpopulation_1"
"NGS_Nanog_KO_Rep1","Read_1576",0.713789140631886,"Subpopulation_1"
"NGS_Nanog_KO_Rep1","Read_1577",0.718991663423153,"Subpopulation_1"
"NGS_Nanog_KO_Rep1","Read_1578",0.735555893674677,"Subpopulation_1"
"NGS_Nanog_KO_Rep1","Read_1579",0.72180491018551,"Subpopulation_1"
"NGS_Nanog_KO_Rep1","Read_1580",0.723859810752994,"Subpopulation_1"
"NGS_Nanog_KO_Rep1","Read_1581",0.717346590743687,"Subpopulation_1"
"NGS_Nanog_KO_Rep1","Read_1582",0.714524895034465,"Subpopulation_1"
"NGS_Nanog_KO_Rep1","Read_1583",0.713770546685646,"Subpopulation_1"
"NGS_Nanog_KO_Rep1","Read_1584",0.716858722186237,"Subpopulation_1"
"NGS_Nanog_KO_Rep1","Read_1585",0.716125534972788,"Subpopulation_1"
"NGS_Nanog_KO_Rep1","Read_1586",0.723885001387987,"Subpopulation_1"
"NGS_Nanog_KO_Rep1","Read_1587",0.711144245053705,"Subpopulation_1"
"NGS_Nanog_KO_Rep1","Read_1588",0.7157469242167,"Subpopulation_1"
"NGS_Nanog_KO_Rep1","Read_1589",0.714902671907548,"Subpopulation_1"
"NGS_Nanog_KO_Rep1","Read_1590",0.725506587682828,"Subpopulation_1"
"NGS_Nanog_KO_Rep1","Read_1591",0.719756503775569,"Subpopulation_1"
"NGS_Nanog_KO_Rep1","Read_1592",0.725445991775999,"Subpopulation_1"
"NGS_Nanog_KO_Rep1","Read_1593",0.720403103495543,"Subpopulation_1"
"NGS_Nanog_KO_Rep1","Read_1594",0.709548220806315,"Subpopulation_1"
"NGS_Nanog_KO_Rep1","Read_1595",0.720065101310332,"Subpopulation_1"
"NGS_Nanog_KO_Rep1","Read_1596",0.72426835484638,"Subpopulation_1"
"NGS_Nanog_KO_Rep1","Read_1597",0.720336177623084,"Subpopulation_1"
"NGS_Nanog_KO_Rep1","Read_1598",0.719767607983359,"Subpopulation_1"
"NGS_Nanog_KO_Rep1","Read_1599",0.712408481782626,"Subpopulation_1"
"NGS_Nanog_KO_Rep1","Read_1600",0.717179645687096,"Subpopulation_1"
"NGS_Nanog_KO_Rep1","Read_1601",0.718162525854719,"Subpopulation_1"
"NGS_Nanog_KO_Rep1","Read_1602",0.717259333906583,"Subpopulation_1"
"NGS_Nanog_KO_Rep1","Read_1603",0.725853108693894,"Subpopulation_1"
"NGS_Nanog_KO_Rep1","Read_1604",0.713604536617966,"Subpopulation_1"
"NGS_Nanog_KO_Rep1","Read_1605",0.722592770610327,"Subpopulation_1"
"NGS_Nanog_KO_Rep1","Read_1606",0.724211564155076,"Subpopulation_1"
"NGS_Nanog_KO_Rep1","Read_1607",0.719902922639232,"Subpopulation_1"
"NGS_Nanog_KO_Rep1","Read_1608",0.719851681958977,"Subpopulation_1"
"NGS_Nanog_KO_Rep1","Read_1609",0.713217206028201,"Subpopulation_1"
"NGS_Nanog_KO_Rep1","Read_1610",0.711428761149999,"Subpopulation_1"
"NGS_Nanog_KO_Rep1","Read_1611",0.717110997392266,"Subpopulation_1"
"NGS_Nanog_KO_Rep1","Read_1612",0.718210930572781,"Subpopulation_1"
"NGS_Nanog_KO_Rep1","Read_1613",0.721309240660763,"Subpopulation_1"
"NGS_Nanog_KO_Rep1","Read_1614",0.719128945903793,"Subpopulation_1"
"NGS_Nanog_KO_Rep1","Read_1615",0.716389893575182,"Subpopulation_1"
"NGS_Nanog_KO_Rep1","Read_1616",0.713452465898391,"Subpopulation_1"
"NGS_Nanog_KO_Rep1","Read_1617",0.725503729995602,"Subpopulation_1"
"NGS_Nanog_KO_Rep1","Read_1618",0.708723487892886,"Subpopulation_1"
"NGS_Nanog_KO_Rep1","Read_1619",0.717028121857701,"Subpopulation_1"
"NGS_Nanog_KO_Rep1","Read_1620",0.719759511060283,"Subpopulation_1"
"NGS_Nanog_KO_Rep1","Read_1621",0.726270750832715,"Subpopulation_1"
"NGS_Nanog_KO_Rep1","Read_1622",0.721690254597896,"Subpopulation_1"
"NGS_Nanog_KO_Rep1","Read_1623",0.727683379294779,"Subpopulation_1"
"NGS_Nanog_KO_Rep1","Read_1624",0.722989677021937,"Subpopulation_1"
"NGS_Nanog_KO_Rep1","Read_1625",0.723376666701392,"Subpopulation_1"
"NGS_Nanog_KO_Rep1","Read_1626",0.711324030427977,"Subpopulation_1"
"NGS_Nanog_KO_Rep1","Read_1627",0.721154629346962,"Subpopulation_1"
"NGS_Nanog_KO_Rep1","Read_1628",0.719537895339425,"Subpopulation_1"
"NGS_Nanog_KO_Rep1","Read_1629",0.711851563476529,"Subpopulation_1"
"NGS_Nanog_KO_Rep1","Read_1630",0.714962794183815,"Subpopulation_1"
"NGS_Nanog_KO_Rep1","Read_1631",0.718117055376617,"Subpopulation_1"
"NGS_Nanog_KO_Rep1","Read_1632",0.723591381849369,"Subpopulation_1"
"NGS_Nanog_KO_Rep1","Read_1633",0.726715139649967,"Subpopulation_1"
"NGS_Nanog_KO_Rep1","Read_1634",0.714707592598436,"Subpopulation_1"
"NGS_Nanog_KO_Rep1","Read_1635",0.721609157058828,"Subpopulation_1"
"NGS_Nanog_KO_Rep1","Read_1636",0.716849537223142,"Subpopulation_1"
"NGS_Nanog_KO_Rep1","Read_1637",0.707228339309631,"Subpopulation_1"
"NGS_Nanog_KO_Rep1","Read_1638",0.715792434638468,"Subpopulation_1"
"NGS_Nanog_KO_Rep1","Read_1639",0.720252557897309,"Subpopulation_1"
"NGS_Nanog_KO_Rep1","Read_1640",0.712036895580616,"Subpopulation_1"
"NGS_Nanog_KO_Rep1","Read_1641",0.718235428683468,"Subpopulation_1"
"NGS_Nanog_KO_Rep1","Read_1642",0.704820883596967,"Subpopulation_1"
"NGS_Nanog_KO_Rep1","Read_1643",0.719906262995356,"Subpopulation_1"
"NGS_Nanog_KO_Rep1","Read_1644",0.717160986639334,"Subpopulation_1"
"NGS_Nanog_KO_Rep1","Read_1645",0.720205003537252,"Subpopulation_1"
"NGS_Nanog_KO_Rep1","Read_1646",0.71531221441837,"Subpopulation_1"
"NGS_Nanog_KO_Rep1","Read_1647",0.718535440892788,"Subpopulation_1"
"NGS_Nanog_KO_Rep1","Read_1648",0.721080003592618,"Subpopulation_1"
"NGS_Nanog_KO_Rep1","Read_1649",0.71946163780799,"Subpopulation_1"
"NGS_Nanog_KO_Rep1","Read_1650",0.71362502153753,"Subpopulation_1"
"NGS_Nanog_KO_Rep1","Read_1651",0.708684006617798,"Subpopulation_1"
"NGS_Nanog_KO_Rep1","Read_1652",0.7249494526475,"Subpopulation_1"
"NGS_Nanog_KO_Rep1","Read_1653",0.720493722673279,"Subpopulation_1"
"NGS_Nanog_KO_Rep1","Read_1654",0.709800943820952,"Subpopulation_1"
"NGS_Nanog_KO_Rep1","Read_1655",0.712418903659006,"Subpopulation_1"
"NGS_Nanog_KO_Rep1","Read_1656",0.728070713915809,"Subpopulation_1"
"NGS_Nanog_KO_Rep1","Read_1657",0.711272996012015,"Subpopulation_1"
"NGS_Nanog_KO_Rep1","Read_1658",0.722756101257948,"Subpopulation_1"
"NGS_Nanog_KO_Rep1","Read_1659",0.715747882267186,"Subpopulation_1"
"NGS_Nanog_KO_Rep1","Read_1660",0.71636823151847,"Subpopulation_1"
"NGS_Nanog_KO_Rep1","Read_1661",0.71990924629275,"Subpopulation_1"
"NGS_Nanog_KO_Rep1","Read_1662",0.728345528765069,"Subpopulation_1"
"NGS_Nanog_KO_Rep1","Read_1663",0.72390998823518,"Subpopulation_1"
"NGS_Nanog_KO_Rep1","Read_1664",0.71723633614284,"Subpopulation_1"
"NGS_Nanog_KO_Rep1","Read_1665",0.719301030589095,"Subpopulation_1"
"NGS_Nanog_KO_Rep1","Read_1666",0.721557541568417,"Subpopulation_1"
"NGS_Nanog_KO_Rep1","Read_1667",0.717431583329548,"Subpopulation_1"
"NGS_Nanog_KO_Rep1","Read_1668",0.718126578067283,"Subpopulation_1"
"NGS_Nanog_KO_Rep1","Read_1669",0.702588231967959,"Subpopulation_1"
"NGS_Nanog_KO_Rep1","Read_1670",0.724500234471713,"Subpopulation_1"
"NGS_Nanog_KO_Rep1","Read_1671",0.722480810562432,"Subpopulation_1"
"NGS_Nanog_KO_Rep1","Read_1672",0.717990808901803,"Subpopulation_1"
"NGS_Nanog_KO_Rep1","Read_1673",0.709396009659889,"Subpopulation_1"
"NGS_Nanog_KO_Rep1","Read_1674",0.713474718229747,"Subpopulation_1"
"NGS_Nanog_KO_Rep1","Read_1675",0.718874062216462,"Subpopulation_1"
"NGS_Nanog_KO_Rep1","Read_1676",0.721808648444741,"Subpopulation_1"
"NGS_Nanog_KO_Rep1","Read_1677",0.71819554207145,"Subpopulation_1"
"NGS_Nanog_KO_Rep1","Read_1678",0.716549062342758,"Subpopulation_1"
"NGS_Nanog_KO_Rep1","Read_1679",0.715866474727694,"Subpopulation_1"
"NGS_Nanog_KO_Rep1","Read_1680",0.720270975843318,"Subpopulation_1"
"NGS_Nanog_KO_Rep1","Read_1681",0.714532123600792,"Subpopulation_1"
"NGS_Nanog_KO_Rep1","Read_1682",0.715760163624192,"Subpopulation_1"
"NGS_Nanog_KO_Rep1","Read_1683",0.721896875188429,"Subpopulation_1"
"NGS_Nanog_KO_Rep1","Read_1684",0.718772256477516,"Subpopulation_1"
"NGS_Nanog_KO_Rep1","Read_1685",0.724869659874604,"Subpopulation_1"
"NGS_Nanog_KO_Rep1","Read_1686",0.71592853106517,"Subpopulation_1"
"NGS_Nanog_KO_Rep1","Read_1687",0.721186102905121,"Subpopulation_1"
"NGS_Nanog_KO_Rep1","Read_1688",0.724348969490016,"Subpopulation_1"
"NGS_Nanog_KO_Rep1","Read_1689",0.729200918250512,"Subpopulation_1"
"NGS_Nanog_KO_Rep1","Read_1690",0.706405833211673,"Subpopulation_1"
"NGS_Nanog_KO_Rep1","Read_1691",0.720740310079009,"Subpopulation_1"
"NGS_Nanog_KO_Rep1","Read_1692",0.715994734208923,"Subpopulation_1"
"NGS_Nanog_KO_Rep1","Read_1693",0.720617698374037,"Subpopulation_1"
"NGS_Nanog_KO_Rep1","Read_1694",0.721308597587093,"Subpopulation_1"
"NGS_Nanog_KO_Rep1","Read_1695",0.718032650598524,"Subpopulation_1"
"NGS_Nanog_KO_Rep1","Read_1696",0.715141006828963,"Subpopulation_1"
"NGS_Nanog_KO_Rep1","Read_1697",0.721817401026267,"Subpopulation_1"
"NGS_Nanog_KO_Rep1","Read_1698",0.718793478464756,"Subpopulation_1"
"NGS_Nanog_KO_Rep1","Read_1699",0.713034576172388,"Subpopulation_1"
"NGS_Nanog_KO_Rep1","Read_1700",0.718217560071577,"Subpopulation_1"
"NGS_Nanog_KO_Rep1","Read_1701",0.716066099429813,"Subpopulation_1"
"NGS_Nanog_KO_Rep1","Read_1702",0.718368039184646,"Subpopulation_1"
"NGS_Nanog_KO_Rep1","Read_1703",0.732422559210736,"Subpopulation_1"
"NGS_Nanog_KO_Rep1","Read_1704",0.72729818478662,"Subpopulation_1"
"NGS_Nanog_KO_Rep1","Read_1705",0.715487464439748,"Subpopulation_1"
"NGS_Nanog_KO_Rep1","Read_1706",0.722179415505374,"Subpopulation_1"
"NGS_Nanog_KO_Rep1","Read_1707",0.724460660153631,"Subpopulation_1"
"NGS_Nanog_KO_Rep1","Read_1708",0.726887455041142,"Subpopulation_1"
"NGS_Nanog_KO_Rep1","Read_1709",0.722143170226604,"Subpopulation_1"
"NGS_Nanog_KO_Rep1","Read_1710",0.716648781858397,"Subpopulation_1"
"NGS_Nanog_KO_Rep1","Read_1711",0.720905526708598,"Subpopulation_1"
"NGS_Nanog_KO_Rep1","Read_1712",0.725011853502908,"Subpopulation_1"
"NGS_Nanog_KO_Rep1","Read_1713",0.70604508261603,"Subpopulation_1"
"NGS_Nanog_KO_Rep1","Read_1714",0.713238897309145,"Subpopulation_1"
"NGS_Nanog_KO_Rep1","Read_1715",0.72441284319244,"Subpopulation_1"
"NGS_Nanog_KO_Rep1","Read_1716",0.718771353528964,"Subpopulation_1"
"NGS_Nanog_KO_Rep1","Read_1717",0.720684518988701,"Subpopulation_1"
"NGS_Nanog_KO_Rep1","Read_1718",0.709096324254038,"Subpopulation_1"
"NGS_Nanog_KO_Rep1","Read_1719",0.720028530472064,"Subpopulation_1"
"NGS_Nanog_KO_Rep1","Read_1720",0.714010901404876,"Subpopulation_1"
"NGS_Nanog_KO_Rep1","Read_1721",0.720581737947128,"Subpopulation_1"
"NGS_Nanog_KO_Rep1","Read_1722",0.725676909736445,"Subpopulation_1"
"NGS_Nanog_KO_Rep1","Read_1723",0.718295794885753,"Subpopulation_1"
"NGS_Nanog_KO_Rep1","Read_1724",0.72665910010137,"Subpopulation_1"
"NGS_Nanog_KO_Rep1","Read_1725",0.718442720402723,"Subpopulation_1"
"NGS_Nanog_KO_Rep1","Read_1726",0.715011559465927,"Subpopulation_1"
"NGS_Nanog_KO_Rep1","Read_1727",0.726913439862672,"Subpopulation_1"
"NGS_Nanog_KO_Rep1","Read_1728",0.70995858750385,"Subpopulation_1"
"NGS_Nanog_KO_Rep1","Read_1729",0.721167437996593,"Subpopulation_1"
"NGS_Nanog_KO_Rep1","Read_1730",0.713260924168886,"Subpopulation_1"
"NGS_Nanog_KO_Rep1","Read_1731",0.715873319059056,"Subpopulation_1"
"NGS_Nanog_KO_Rep1","Read_1732",0.714013645079899,"Subpopulation_1"
"NGS_Nanog_KO_Rep1","Read_1733",0.718303382760305,"Subpopulation_1"
"NGS_Nanog_KO_Rep1","Read_1734",0.724066835240283,"Subpopulation_1"
"NGS_Nanog_KO_Rep1","Read_1735",0.71836406313474,"Subpopulation_1"
"NGS_Nanog_KO_Rep1","Read_1736",0.70654746410076,"Subpopulation_1"
"NGS_Nanog_KO_Rep1","Read_1737",0.725856042759705,"Subpopulation_1"
"NGS_Nanog_KO_Rep1","Read_1738",0.716466517987516,"Subpopulation_1"
"NGS_Nanog_KO_Rep1","Read_1739",0.702982263910892,"Subpopulation_1"
"NGS_Nanog_KO_Rep1","Read_1740",0.722189861778474,"Subpopulation_1"
"NGS_Nanog_KO_Rep1","Read_1741",0.719860767328489,"Subpopulation_1"
"NGS_Nanog_KO_Rep1","Read_1742",0.72939494889098,"Subpopulation_1"
"NGS_Nanog_KO_Rep1","Read_1743",0.726646705056213,"Subpopulation_1"
"NGS_Nanog_KO_Rep1","Read_1744",0.713850844241119,"Subpopulation_1"
"NGS_Nanog_KO_Rep1","Read_1745",0.720709692191389,"Subpopulation_1"
"NGS_Nanog_KO_Rep1","Read_1746",0.718495243374445,"Subpopulation_1"
"NGS_Nanog_KO_Rep1","Read_1747",0.710483567936992,"Subpopulation_1"
"NGS_Nanog_KO_Rep1","Read_1748",0.724169462915993,"Subpopulation_1"
"NGS_Nanog_KO_Rep1","Read_1749",0.727909984539892,"Subpopulation_1"
"NGS_Nanog_KO_Rep1","Read_1750",0.712181590748913,"Subpopulation_1"
"NGS_Nanog_KO_Rep1","Read_1751",0.723310785272663,"Subpopulation_1"
"NGS_Nanog_KO_Rep1","Read_1752",0.715751505165035,"Subpopulation_1"
"NGS_Nanog_KO_Rep1","Read_1753",0.711047137424701,"Subpopulation_1"
"NGS_Nanog_KO_Rep1","Read_1754",0.720687732165015,"Subpopulation_1"
"NGS_Nanog_KO_Rep1","Read_1755",0.718257565618295,"Subpopulation_1"
"NGS_Nanog_KO_Rep1","Read_1756",0.724788861825879,"Subpopulation_1"
"NGS_Nanog_KO_Rep1","Read_1757",0.723652410144265,"Subpopulation_1"
"NGS_Nanog_KO_Rep1","Read_1758",0.730721009994765,"Subpopulation_1"
"NGS_Nanog_KO_Rep1","Read_1759",0.716432066733228,"Subpopulation_1"
"NGS_Nanog_KO_Rep1","Read_1760",0.717325153348603,"Subpopulation_1"
"NGS_Nanog_KO_Rep1","Read_1761",0.719534093273783,"Subpopulation_1"
"NGS_Nanog_KO_Rep1","Read_1762",0.727320091652644,"Subpopulation_1"
"NGS_Nanog_KO_Rep1","Read_1763",0.716233328850285,"Subpopulation_1"
"NGS_Nanog_KO_Rep1","Read_1764",0.720119382638518,"Subpopulation_1"
"NGS_Nanog_KO_Rep1","Read_1765",0.720550531828753,"Subpopulation_1"
"NGS_Nanog_KO_Rep1","Read_1766",0.711572569236236,"Subpopulation_1"
"NGS_Nanog_KO_Rep1","Read_1767",0.718960408946838,"Subpopulation_1"
"NGS_Nanog_KO_Rep1","Read_1768",0.718788446991719,"Subpopulation_1"
"NGS_Nanog_KO_Rep1","Read_1769",0.711166035210639,"Subpopulation_1"
"NGS_Nanog_KO_Rep1","Read_1770",0.716467936159905,"Subpopulation_1"
"NGS_Nanog_KO_Rep1","Read_1771",0.73151557118141,"Subpopulation_1"
"NGS_Nanog_KO_Rep1","Read_1772",0.724268737641106,"Subpopulation_1"
"NGS_Nanog_KO_Rep1","Read_1773",0.711395399092956,"Subpopulation_1"
"NGS_Nanog_KO_Rep1","Read_1774",0.712154296140704,"Subpopulation_1"
"NGS_Nanog_KO_Rep1","Read_1775",0.71686573829978,"Subpopulation_1"
"NGS_Nanog_KO_Rep1","Read_1776",0.719430743618008,"Subpopulation_1"
"NGS_Nanog_KO_Rep1","Read_1777",0.713981246470709,"Subpopulation_1"
"NGS_Nanog_KO_Rep1","Read_1778",0.71578394436478,"Subpopulation_1"
"NGS_Nanog_KO_Rep1","Read_1779",0.722740772893683,"Subpopulation_1"
"NGS_Nanog_KO_Rep1","Read_1780",0.716272099764507,"Subpopulation_1"
"NGS_Nanog_KO_Rep1","Read_1781",0.720839830207962,"Subpopulation_1"
"NGS_Nanog_KO_Rep1","Read_1782",0.717958643693661,"Subpopulation_1"
"NGS_Nanog_KO_Rep1","Read_1783",0.714267283590759,"Subpopulation_1"
"NGS_Nanog_KO_Rep1","Read_1784",0.713741071097323,"Subpopulation_1"
"NGS_Nanog_KO_Rep1","Read_1785",0.725690796597413,"Subpopulation_1"
"NGS_Nanog_KO_Rep1","Read_1786",0.724722865592233,"Subpopulation_1"
"NGS_Nanog_KO_Rep1","Read_1787",0.718778727768328,"Subpopulation_1"
"NGS_Nanog_KO_Rep1","Read_1788",0.718014057492972,"Subpopulation_1"
"NGS_Nanog_KO_Rep1","Read_1789",0.725127223822241,"Subpopulation_1"
"NGS_Nanog_KO_Rep1","Read_1790",0.715611896129773,"Subpopulation_1"
"NGS_Nanog_KO_Rep1","Read_1791",0.71729928899747,"Subpopulation_1"
"NGS_Nanog_KO_Rep1","Read_1792",0.71593441902288,"Subpopulation_1"
"NGS_Nanog_KO_Rep1","Read_1793",0.724451361312833,"Subpopulation_1"
"NGS_Nanog_KO_Rep1","Read_1794",0.715955189805711,"Subpopulation_1"
"NGS_Nanog_KO_Rep1","Read_1795",0.727759820116688,"Subpopulation_1"
"NGS_Nanog_KO_Rep1","Read_1796",0.717745559737883,"Subpopulation_1"
"NGS_Nanog_KO_Rep1","Read_1797",0.714642159893864,"Subpopulation_1"
"NGS_Nanog_KO_Rep1","Read_1798",0.717668243317581,"Subpopulation_1"
"NGS_Nanog_KO_Rep1","Read_1799",0.71211760734229,"Subpopulation_1"
"NGS_Nanog_KO_Rep1","Read_1800",0.710587022768336,"Subpopulation_1"
"NGS_Nanog_KO_Rep1","Read_1801",0.719034137296911,"Subpopulation_1"
"NGS_Nanog_KO_Rep1","Read_1802",0.7266311362806,"Subpopulation_1"
"NGS_Nanog_KO_Rep1","Read_1803",0.71038288815446,"Subpopulation_1"
"NGS_Nanog_KO_Rep1","Read_1804",0.723821609972528,"Subpopulation_1"
"NGS_Nanog_KO_Rep1","Read_1805",0.718481280900275,"Subpopulation_1"
"NGS_Nanog_KO_Rep1","Read_1806",0.72456248660646,"Subpopulation_1"
"NGS_Nanog_KO_Rep1","Read_1807",0.730809233462969,"Subpopulation_1"
"NGS_Nanog_KO_Rep1","Read_1808",0.713708412809762,"Subpopulation_1"
"NGS_Nanog_KO_Rep1","Read_1809",0.711687950084863,"Subpopulation_1"
"NGS_Nanog_KO_Rep1","Read_1810",0.721844830231823,"Subpopulation_1"
"NGS_Nanog_KO_Rep1","Read_1811",0.712900543100049,"Subpopulation_1"
"NGS_Nanog_KO_Rep1","Read_1812",0.722216845358222,"Subpopulation_1"
"NGS_Nanog_KO_Rep1","Read_1813",0.71962639259084,"Subpopulation_1"
"NGS_Nanog_KO_Rep1","Read_1814",0.709284263992333,"Subpopulation_1"
"NGS_Nanog_KO_Rep1","Read_1815",0.693869577078165,"Subpopulation_1"
"NGS_Nanog_KO_Rep1","Read_1816",0.713161801250411,"Subpopulation_1"
"NGS_Nanog_KO_Rep1","Read_1817",0.722578496229633,"Subpopulation_1"
"NGS_Nanog_KO_Rep1","Read_1818",0.713596581582949,"Subpopulation_1"
"NGS_Nanog_KO_Rep1","Read_1819",0.709393857253345,"Subpopulation_1"
"NGS_Nanog_KO_Rep1","Read_1820",0.717656449290332,"Subpopulation_1"
"NGS_Nanog_KO_Rep1","Read_1821",0.721898559382287,"Subpopulation_1"
"NGS_Nanog_KO_Rep1","Read_1822",0.713808136145836,"Subpopulation_1"
"NGS_Nanog_KO_Rep1","Read_1823",0.717111121249147,"Subpopulation_1"
"NGS_Nanog_KO_Rep1","Read_1824",0.707782144831753,"Subpopulation_1"
"NGS_Nanog_KO_Rep1","Read_1825",0.721070753366177,"Subpopulation_1"
"NGS_Nanog_KO_Rep1","Read_1826",0.727908332309622,"Subpopulation_1"
"NGS_Nanog_KO_Rep1","Read_1827",0.706927057553478,"Subpopulation_1"
"NGS_Nanog_KO_Rep1","Read_1828",0.717117042877024,"Subpopulation_1"
"NGS_Nanog_KO_Rep1","Read_1829",0.717610751174952,"Subpopulation_1"
"NGS_Nanog_KO_Rep1","Read_1830",0.708893781353439,"Subpopulation_1"
"NGS_Nanog_KO_Rep1","Read_1831",0.720303775583892,"Subpopulation_1"
"NGS_Nanog_KO_Rep1","Read_1832",0.730181990073497,"Subpopulation_1"
"NGS_Nanog_KO_Rep1","Read_1833",0.72687483720801,"Subpopulation_1"
"NGS_Nanog_KO_Rep1","Read_1834",0.726153445683613,"Subpopulation_1"
"NGS_Nanog_KO_Rep1","Read_1835",0.723191282592431,"Subpopulation_1"
"NGS_Nanog_KO_Rep1","Read_1836",0.7172871910451,"Subpopulation_1"
"NGS_Nanog_KO_Rep1","Read_1837",0.725417094189377,"Subpopulation_1"
"NGS_Nanog_KO_Rep1","Read_1838",0.720250536130007,"Subpopulation_1"
"NGS_Nanog_KO_Rep1","Read_1839",0.722123455068349,"Subpopulation_1"
"NGS_Nanog_KO_Rep1","Read_1840",0.714311156143448,"Subpopulation_1"
"NGS_Nanog_KO_Rep1","Read_1841",0.7160747914873,"Subpopulation_1"
"NGS_Nanog_KO_Rep1","Read_1842",0.719415283140989,"Subpopulation_1"
"NGS_Nanog_KO_Rep1","Read_1843",0.728962706193004,"Subpopulation_1"
"NGS_Nanog_KO_Rep1","Read_1844",0.716896053830414,"Subpopulation_1"
"NGS_Nanog_KO_Rep1","Read_1845",0.71485105823918,"Subpopulation_1"
"NGS_Nanog_KO_Rep1","Read_1846",0.720530040724725,"Subpopulation_1"
"NGS_Nanog_KO_Rep1","Read_1847",0.725047044725065,"Subpopulation_1"
"NGS_Nanog_KO_Rep1","Read_1848",0.714778745464693,"Subpopulation_1"
"NGS_Nanog_KO_Rep1","Read_1849",0.710809812013696,"Subpopulation_1"
"NGS_Nanog_KO_Rep1","Read_1850",0.720037925285265,"Subpopulation_1"
"NGS_Nanog_KO_Rep1","Read_1851",0.71626055577349,"Subpopulation_1"
"NGS_Nanog_KO_Rep1","Read_1852",0.715369162436451,"Subpopulation_1"
"NGS_Nanog_KO_Rep1","Read_1853",0.720752249007346,"Subpopulation_1"
"NGS_Nanog_KO_Rep1","Read_1854",0.716826003357266,"Subpopulation_1"
"NGS_Nanog_KO_Rep1","Read_1855",0.712206098426117,"Subpopulation_1"
"NGS_Nanog_KO_Rep1","Read_1856",0.720749305116596,"Subpopulation_1"
"NGS_Nanog_KO_Rep1","Read_1857",0.721166174395968,"Subpopulation_1"
"NGS_Nanog_KO_Rep1","Read_1858",0.720737220499407,"Subpopulation_1"
"NGS_Nanog_KO_Rep1","Read_1859",0.718803783782121,"Subpopulation_1"
"NGS_Nanog_KO_Rep1","Read_1860",0.706899010380263,"Subpopulation_1"
"NGS_Nanog_KO_Rep1","Read_1861",0.718242909502559,"Subpopulation_1"
"NGS_Nanog_KO_Rep1","Read_1862",0.700726446669995,"Subpopulation_1"
"NGS_Nanog_KO_Rep1","Read_1863",0.715714483149989,"Subpopulation_1"
"NGS_Nanog_KO_Rep1","Read_1864",0.716976105382687,"Subpopulation_1"
"NGS_Nanog_KO_Rep1","Read_1865",0.710932441709826,"Subpopulation_1"
"NGS_Nanog_KO_Rep1","Read_1866",0.718066779004999,"Subpopulation_1"
"NGS_Nanog_KO_Rep1","Read_1867",0.708867560786036,"Subpopulation_1"
"NGS_Nanog_KO_Rep1","Read_1868",0.7130141695268,"Subpopulation_1"
"NGS_Nanog_KO_Rep1","Read_1869",0.733407409867773,"Subpopulation_1"
"NGS_Nanog_KO_Rep1","Read_1870",0.709739009891272,"Subpopulation_1"
"NGS_Nanog_KO_Rep1","Read_1871",0.728124081741071,"Subpopulation_1"
"NGS_Nanog_KO_Rep1","Read_1872",0.721239661434866,"Subpopulation_1"
"NGS_Nanog_KO_Rep1","Read_1873",0.7155243099558,"Subpopulation_1"
"NGS_Nanog_KO_Rep1","Read_1874",0.716485176755275,"Subpopulation_1"
"NGS_Nanog_KO_Rep1","Read_1875",0.706200832295718,"Subpopulation_1"
"NGS_Nanog_KO_Rep1","Read_1876",0.717710632842683,"Subpopulation_1"
"NGS_Nanog_KO_Rep1","Read_1877",0.708852773882185,"Subpopulation_1"
"NGS_Nanog_KO_Rep1","Read_1878",0.714104808670354,"Subpopulation_1"
"NGS_Nanog_KO_Rep1","Read_1879",0.7189510316205,"Subpopulation_1"
"NGS_Nanog_KO_Rep1","Read_1880",0.71326814343209,"Subpopulation_1"
"NGS_Nanog_KO_Rep1","Read_1881",0.722648518332073,"Subpopulation_1"
"NGS_Nanog_KO_Rep1","Read_1882",0.712716672624865,"Subpopulation_1"
"NGS_Nanog_KO_Rep1","Read_1883",0.712243665768255,"Subpopulation_1"
"NGS_Nanog_KO_Rep1","Read_1884",0.721573068941997,"Subpopulation_1"
"NGS_Nanog_KO_Rep1","Read_1885",0.715261532455133,"Subpopulation_1"
"NGS_Nanog_KO_Rep1","Read_1886",0.720839298252694,"Subpopulation_1"
"NGS_Nanog_KO_Rep1","Read_1887",0.718723001705656,"Subpopulation_1"
"NGS_Nanog_KO_Rep1","Read_1888",0.714349528964798,"Subpopulation_1"
"NGS_Nanog_KO_Rep1","Read_1889",0.717304620124583,"Subpopulation_1"
"NGS_Nanog_KO_Rep1","Read_1890",0.711874411340392,"Subpopulation_1"
"NGS_Nanog_KO_Rep1","Read_1891",0.719559339984645,"Subpopulation_1"
"NGS_Nanog_KO_Rep1","Read_1892",0.718707961639816,"Subpopulation_1"
"NGS_Nanog_KO_Rep1","Read_1893",0.716488752239969,"Subpopulation_1"
"NGS_Nanog_KO_Rep1","Read_1894",0.727519393924071,"Subpopulation_1"
"NGS_Nanog_KO_Rep1","Read_1895",0.719069415627453,"Subpopulation_1"
"NGS_Nanog_KO_Rep1","Read_1896",0.721990214215231,"Subpopulation_1"
"NGS_Nanog_KO_Rep1","Read_1897",0.711674472923192,"Subpopulation_1"
"NGS_Nanog_KO_Rep1","Read_1898",0.720993336573283,"Subpopulation_1"
"NGS_Nanog_KO_Rep1","Read_1899",0.715494647155235,"Subpopulation_1"
"NGS_Nanog_KO_Rep1","Read_1900",0.716235304755423,"Subpopulation_1"
"NGS_Nanog_KO_Rep1","Read_1901",0.719658584003817,"Subpopulation_1"
"NGS_Nanog_KO_Rep1","Read_1902",0.723631873519533,"Subpopulation_1"
"NGS_Nanog_KO_Rep1","Read_1903",0.716969638257372,"Subpopulation_1"
"NGS_Nanog_KO_Rep1","Read_1904",0.71393645549348,"Subpopulation_1"
"NGS_Nanog_KO_Rep1","Read_1905",0.720211308852791,"Subpopulation_1"
"NGS_Nanog_KO_Rep1","Read_1906",0.715515868615109,"Subpopulation_1"
"NGS_Nanog_KO_Rep1","Read_1907",0.706698463768875,"Subpopulation_1"
"NGS_Nanog_KO_Rep1","Read_1908",0.71552149542752,"Subpopulation_1"
"NGS_Nanog_KO_Rep1","Read_1909",0.71294471344466,"Subpopulation_1"
"NGS_Nanog_KO_Rep1","Read_1910",0.721937602931109,"Subpopulation_1"
"NGS_Nanog_KO_Rep1","Read_1911",0.720480166215005,"Subpopulation_1"
"NGS_Nanog_KO_Rep1","Read_1912",0.713064754751786,"Subpopulation_1"
"NGS_Nanog_KO_Rep1","Read_1913",0.719659509425537,"Subpopulation_1"
"NGS_Nanog_KO_Rep1","Read_1914",0.717214825292769,"Subpopulation_1"
"NGS_Nanog_KO_Rep1","Read_1915",0.709806261805564,"Subpopulation_1"
"NGS_Nanog_KO_Rep1","Read_1916",0.722639057987007,"Subpopulation_1"
"NGS_Nanog_KO_Rep1","Read_1917",0.718177651177761,"Subpopulation_1"
"NGS_Nanog_KO_Rep1","Read_1918",0.721411950429313,"Subpopulation_1"
"NGS_Nanog_KO_Rep1","Read_1919",0.723032771058834,"Subpopulation_1"
"NGS_Nanog_KO_Rep1","Read_1920",0.718020311063978,"Subpopulation_1"
"NGS_Nanog_KO_Rep1","Read_1921",0.719353597912232,"Subpopulation_1"
"NGS_Nanog_KO_Rep1","Read_1922",0.717296641342422,"Subpopulation_1"
"NGS_Nanog_KO_Rep1","Read_1923",0.703729957603046,"Subpopulation_1"
"NGS_Nanog_KO_Rep1","Read_1924",0.711030817238154,"Subpopulation_1"
"NGS_Nanog_KO_Rep1","Read_1925",0.7167424887838,"Subpopulation_1"
"NGS_Nanog_KO_Rep1","Read_1926",0.733043058987796,"Subpopulation_1"
"NGS_Nanog_KO_Rep1","Read_1927",0.71923937290661,"Subpopulation_1"
"NGS_Nanog_KO_Rep1","Read_1928",0.71782920501719,"Subpopulation_1"
"NGS_Nanog_KO_Rep1","Read_1929",0.71921267009198,"Subpopulation_1"
"NGS_Nanog_KO_Rep1","Read_1930",0.717305331087101,"Subpopulation_1"
"NGS_Nanog_KO_Rep1","Read_1931",0.709566454579671,"Subpopulation_1"
"NGS_Nanog_KO_Rep1","Read_1932",0.716867624740303,"Subpopulation_1"
"NGS_Nanog_KO_Rep1","Read_1933",0.708573859266545,"Subpopulation_1"
"NGS_Nanog_KO_Rep1","Read_1934",0.721922299858152,"Subpopulation_1"
"NGS_Nanog_KO_Rep1","Read_1935",0.715535972417283,"Subpopulation_1"
"NGS_Nanog_KO_Rep1","Read_1936",0.722491177922609,"Subpopulation_1"
"NGS_Nanog_KO_Rep1","Read_1937",0.729580508634865,"Subpopulation_1"
"NGS_Nanog_KO_Rep1","Read_1938",0.709456838234944,"Subpopulation_1"
"NGS_Nanog_KO_Rep1","Read_1939",0.711129577996622,"Subpopulation_1"
"NGS_Nanog_KO_Rep1","Read_1940",0.723072078830785,"Subpopulation_1"
"NGS_Nanog_KO_Rep1","Read_1941",0.722170961789905,"Subpopulation_1"
"NGS_Nanog_KO_Rep1","Read_1942",0.725400547641888,"Subpopulation_1"
"NGS_Nanog_KO_Rep1","Read_1943",0.720949015101172,"Subpopulation_1"
"NGS_Nanog_KO_Rep1","Read_1944",0.729177175552519,"Subpopulation_1"
"NGS_Nanog_KO_Rep1","Read_1945",0.709020120909697,"Subpopulation_1"
"NGS_Nanog_KO_Rep1","Read_1946",0.719377635100035,"Subpopulation_1"
"NGS_Nanog_KO_Rep1","Read_1947",0.722770253322581,"Subpopulation_1"
"NGS_Nanog_KO_Rep1","Read_1948",0.718540117423252,"Subpopulation_1"
"NGS_Nanog_KO_Rep1","Read_1949",0.718200117298578,"Subpopulation_1"
"NGS_Nanog_KO_Rep1","Read_1950",0.722447536209068,"Subpopulation_1"
"NGS_Nanog_KO_Rep1","Read_1951",0.708868064306027,"Subpopulation_1"
"NGS_Nanog_KO_Rep1","Read_1952",0.725469836717588,"Subpopulation_1"
"NGS_Nanog_KO_Rep1","Read_1953",0.718287988930452,"Subpopulation_1"
"NGS_Nanog_KO_Rep1","Read_1954",0.725413296875431,"Subpopulation_1"
"NGS_Nanog_KO_Rep1","Read_1955",0.723534242066612,"Subpopulation_1"
"NGS_Nanog_KO_Rep1","Read_1956",0.715569600941003,"Subpopulation_1"
"NGS_Nanog_KO_Rep1","Read_1957",0.719907919109176,"Subpopulation_1"
"NGS_Nanog_KO_Rep1","Read_1958",0.715918513946964,"Subpopulation_1"
"NGS_Nanog_KO_Rep1","Read_1959",0.722769434591388,"Subpopulation_1"
"NGS_Nanog_KO_Rep1","Read_1960",0.711547881304992,"Subpopulation_1"
"NGS_Nanog_KO_Rep1","Read_1961",0.718525022265024,"Subpopulation_1"
"NGS_Nanog_KO_Rep1","Read_1962",0.716238913907317,"Subpopulation_1"
"NGS_Nanog_KO_Rep1","Read_1963",0.719229139950084,"Subpopulation_1"
"NGS_Nanog_KO_Rep1","Read_1964",0.725317880548968,"Subpopulation_1"
"NGS_Nanog_KO_Rep1","Read_1965",0.723903398911086,"Subpopulation_1"
"NGS_Nanog_KO_Rep1","Read_1966",0.714169174952093,"Subpopulation_1"
"NGS_Nanog_KO_Rep1","Read_1967",0.718647786455555,"Subpopulation_1"
"NGS_Nanog_KO_Rep1","Read_1968",0.714996804965516,"Subpopulation_1"
"NGS_Nanog_KO_Rep1","Read_1969",0.716413791115821,"Subpopulation_1"
"NGS_Nanog_KO_Rep1","Read_1970",0.719641999256668,"Subpopulation_1"
"NGS_Nanog_KO_Rep1","Read_1971",0.724522797637599,"Subpopulation_1"
"NGS_Nanog_KO_Rep1","Read_1972",0.725839066880344,"Subpopulation_1"
"NGS_Nanog_KO_Rep1","Read_1973",0.72022914065709,"Subpopulation_1"
"NGS_Nanog_KO_Rep1","Read_1974",0.726518719578461,"Subpopulation_1"
"NGS_Nanog_KO_Rep1","Read_1975",0.726788299544885,"Subpopulation_1"
"NGS_Nanog_KO_Rep1","Read_1976",0.720515514294097,"Subpopulation_1"
"NGS_Nanog_KO_Rep1","Read_1977",0.72245270048718,"Subpopulation_1"
"NGS_Nanog_KO_Rep1","Read_1978",0.70595130104714,"Subpopulation_1"
"NGS_Nanog_KO_Rep1","Read_1979",0.719010378491859,"Subpopulation_1"
"NGS_Nanog_KO_Rep1","Read_1980",0.719604824320246,"Subpopulation_1"
"NGS_Nanog_KO_Rep1","Read_1981",0.719176972874376,"Subpopulation_1"
"NGS_Nanog_KO_Rep1","Read_1982",0.716561932314354,"Subpopulation_1"
"NGS_Nanog_KO_Rep1","Read_1983",0.723453056422491,"Subpopulation_1"
"NGS_Nanog_KO_Rep1","Read_1984",0.723089491753333,"Subpopulation_1"
"NGS_Nanog_KO_Rep1","Read_1985",0.723365860680507,"Subpopulation_1"
"NGS_Nanog_KO_Rep1","Read_1986",0.724797944530155,"Subpopulation_1"
"NGS_Nanog_KO_Rep1","Read_1987",0.71445952279668,"Subpopulation_1"
"NGS_Nanog_KO_Rep1","Read_1988",0.724632773955245,"Subpopulation_1"
"NGS_Nanog_KO_Rep1","Read_1989",0.724412734202846,"Subpopulation_1"
"NGS_Nanog_KO_Rep1","Read_1990",0.715969846925148,"Subpopulation_1"
"NGS_Nanog_KO_Rep1","Read_1991",0.717593055999689,"Subpopulation_1"
"NGS_Nanog_KO_Rep1","Read_1992",0.715608154039025,"Subpopulation_1"
"NGS_Nanog_KO_Rep1","Read_1993",0.707518922023398,"Subpopulation_1"
"NGS_Nanog_KO_Rep1","Read_1994",0.719210657207504,"Subpopulation_1"
"NGS_Nanog_KO_Rep1","Read_1995",0.71537181555354,"Subpopulation_1"
"NGS_Nanog_KO_Rep1","Read_1996",0.719324787762938,"Subpopulation_1"
"NGS_Nanog_KO_Rep1","Read_1997",0.718175913104996,"Subpopulation_1"
"NGS_Nanog_KO_Rep1","Read_1998",0.706648474045505,"Subpopulation_1"
"NGS_Nanog_KO_Rep1","Read_1999",0.714623407224054,"Subpopulation_1"
"NGS_Nanog_KO_Rep1","Read_2000",0.720102650783266,"Subpopulation_1"
"NGS_Nanog_KO_Rep1","Read_2001",0.72216168120812,"Subpopulation_1"
"NGS_Nanog_KO_Rep1","Read_2002",0.727294120497059,"Subpopulation_1"
"NGS_Nanog_KO_Rep1","Read_2003",0.71810498670735,"Subpopulation_1"
"NGS_Nanog_KO_Rep1","Read_2004",0.726227433137565,"Subpopulation_1"
"NGS_Nanog_KO_Rep1","Read_2005",0.724084282304322,"Subpopulation_1"
"NGS_Nanog_KO_Rep1","Read_2006",0.712824033270401,"Subpopulation_1"
"NGS_Nanog_KO_Rep1","Read_2007",0.720726990767072,"Subpopulation_1"
"NGS_Nanog_KO_Rep1","Read_2008",0.720588929114804,"Subpopulation_1"
"NGS_Nanog_KO_Rep1","Read_2009",0.71460677413282,"Subpopulation_1"
"NGS_Nanog_KO_Rep1","Read_2010",0.731347756102582,"Subpopulation_1"
"NGS_Nanog_KO_Rep1","Read_2011",0.727445254173388,"Subpopulation_1"
"NGS_Nanog_KO_Rep1","Read_2012",0.721096322224318,"Subpopulation_1"
"NGS_Nanog_KO_Rep1","Read_2013",0.71940430771749,"Subpopulation_1"
"NGS_Nanog_KO_Rep1","Read_2014",0.715934605245805,"Subpopulation_1"
"NGS_Nanog_KO_Rep1","Read_2015",0.712874136968856,"Subpopulation_1"
"NGS_Nanog_KO_Rep1","Read_2016",0.717257489378414,"Subpopulation_1"
"NGS_Nanog_KO_Rep1","Read_2017",0.714683960672694,"Subpopulation_1"
"NGS_Nanog_KO_Rep1","Read_2018",0.715169305700958,"Subpopulation_1"
"NGS_Nanog_KO_Rep1","Read_2019",0.706962130824834,"Subpopulation_1"
"NGS_Nanog_KO_Rep1","Read_2020",0.71925999373696,"Subpopulation_1"
"NGS_Nanog_KO_Rep1","Read_2021",0.710930632559139,"Subpopulation_1"
"NGS_Nanog_KO_Rep1","Read_2022",0.716708990616617,"Subpopulation_1"
"NGS_Nanog_KO_Rep1","Read_2023",0.727509316223626,"Subpopulation_1"
"NGS_Nanog_KO_Rep1","Read_2024",0.70686803033344,"Subpopulation_1"
"NGS_Nanog_KO_Rep1","Read_2025",0.716681566007077,"Subpopulation_1"
"NGS_Nanog_KO_Rep1","Read_2026",0.716848755008559,"Subpopulation_1"
"NGS_Nanog_KO_Rep1","Read_2027",0.721229517268825,"Subpopulation_1"
"NGS_Nanog_KO_Rep1","Read_2028",0.713727473352521,"Subpopulation_1"
"NGS_Nanog_KO_Rep1","Read_2029",0.716421192880859,"Subpopulation_1"
"NGS_Nanog_KO_Rep1","Read_2030",0.721477173877388,"Subpopulation_1"
"NGS_Nanog_KO_Rep1","Read_2031",0.716375270831042,"Subpopulation_1"
"NGS_Nanog_KO_Rep1","Read_2032",0.721000925872628,"Subpopulation_1"
"NGS_Nanog_KO_Rep1","Read_2033",0.7198493434473,"Subpopulation_1"
"NGS_Nanog_KO_Rep1","Read_2034",0.716670874995995,"Subpopulation_1"
"NGS_Nanog_KO_Rep1","Read_2035",0.727501825950564,"Subpopulation_1"
"NGS_Nanog_KO_Rep1","Read_2036",0.717843707103092,"Subpopulation_1"
"NGS_Nanog_KO_Rep1","Read_2037",0.717383086144076,"Subpopulation_1"
"NGS_Nanog_KO_Rep1","Read_2038",0.715650532751287,"Subpopulation_1"
"NGS_Nanog_KO_Rep1","Read_2039",0.71776365963054,"Subpopulation_1"
"NGS_Nanog_KO_Rep1","Read_2040",0.717567723670836,"Subpopulation_1"
"NGS_Nanog_KO_Rep1","Read_2041",0.716736828351352,"Subpopulation_1"
"NGS_Nanog_KO_Rep1","Read_2042",0.709512090147605,"Subpopulation_1"
"NGS_Nanog_KO_Rep1","Read_2043",0.718761651890104,"Subpopulation_1"
"NGS_Nanog_KO_Rep1","Read_2044",0.719090334677159,"Subpopulation_1"
"NGS_Nanog_KO_Rep1","Read_2045",0.705193583884606,"Subpopulation_1"
"NGS_Nanog_KO_Rep1","Read_2046",0.72008096302773,"Subpopulation_1"
"NGS_Nanog_KO_Rep1","Read_2047",0.705214728006986,"Subpopulation_1"
"NGS_Nanog_KO_Rep1","Read_2048",0.720027167764219,"Subpopulation_1"
"NGS_Nanog_KO_Rep1","Read_2049",0.715415394487436,"Subpopulation_1"
"NGS_Nanog_KO_Rep1","Read_2050",0.715161001189876,"Subpopulation_1"
"NGS_Nanog_KO_Rep1","Read_2051",0.725997554009016,"Subpopulation_1"
"NGS_Nanog_KO_Rep1","Read_2052",0.702054498849824,"Subpopulation_1"
"NGS_Nanog_KO_Rep1","Read_2053",0.725281628187946,"Subpopulation_1"
"NGS_Nanog_KO_Rep1","Read_2054",0.721522845883425,"Subpopulation_1"
"NGS_Nanog_KO_Rep1","Read_2055",0.707592963468442,"Subpopulation_1"
"NGS_Nanog_KO_Rep1","Read_2056",0.721791575416432,"Subpopulation_1"
"NGS_Nanog_KO_Rep1","Read_2057",0.726075968637476,"Subpopulation_1"
"NGS_Nanog_KO_Rep1","Read_2058",0.708887782978371,"Subpopulation_1"
"NGS_Nanog_KO_Rep1","Read_2059",0.71944002500763,"Subpopulation_1"
"NGS_Nanog_KO_Rep1","Read_2060",0.718619027613381,"Subpopulation_1"
"NGS_Nanog_KO_Rep1","Read_2061",0.720797799524751,"Subpopulation_1"
"NGS_Nanog_KO_Rep1","Read_2062",0.718780391442306,"Subpopulation_1"
"NGS_Nanog_KO_Rep1","Read_2063",0.724271190113666,"Subpopulation_1"
"NGS_Nanog_KO_Rep1","Read_2064",0.714263268149037,"Subpopulation_1"
"NGS_Nanog_KO_Rep1","Read_2065",0.719853849879806,"Subpopulation_1"
"NGS_Nanog_KO_Rep1","Read_2066",0.713898763183826,"Subpopulation_1"
"NGS_Nanog_KO_Rep1","Read_2067",0.709590463036153,"Subpopulation_1"
"NGS_Nanog_KO_Rep1","Read_2068",0.719391678663011,"Subpopulation_1"
"NGS_Nanog_KO_Rep1","Read_2069",0.710014085338356,"Subpopulation_1"
"NGS_Nanog_KO_Rep1","Read_2070",0.712777522507788,"Subpopulation_1"
"NGS_Nanog_KO_Rep1","Read_2071",0.720353110871382,"Subpopulation_1"
"NGS_Nanog_KO_Rep1","Read_2072",0.7099924513007,"Subpopulation_1"
"NGS_Nanog_KO_Rep1","Read_2073",0.710556706741898,"Subpopulation_1"
"NGS_Nanog_KO_Rep1","Read_2074",0.71009981881392,"Subpopulation_1"
"NGS_Nanog_KO_Rep1","Read_2075",0.722939996500339,"Subpopulation_1"
"NGS_Nanog_KO_Rep1","Read_2076",0.715838209811175,"Subpopulation_1"
"NGS_Nanog_KO_Rep1","Read_2077",0.718058011989983,"Subpopulation_1"
"NGS_Nanog_KO_Rep1","Read_2078",0.717707881854223,"Subpopulation_1"
"NGS_Nanog_KO_Rep1","Read_2079",0.713894249255338,"Subpopulation_1"
"NGS_Nanog_KO_Rep1","Read_2080",0.726010228265993,"Subpopulation_1"
"NGS_Nanog_KO_Rep1","Read_2081",0.72269247864818,"Subpopulation_1"
"NGS_Nanog_KO_Rep1","Read_2082",0.726302547360758,"Subpopulation_1"
"NGS_Nanog_KO_Rep1","Read_2083",0.724814461076124,"Subpopulation_1"
"NGS_Nanog_KO_Rep1","Read_2084",0.714960933760178,"Subpopulation_1"
"NGS_Nanog_KO_Rep1","Read_2085",0.722315750965851,"Subpopulation_1"
"NGS_Nanog_KO_Rep1","Read_2086",0.720362733065476,"Subpopulation_1"
"NGS_Nanog_KO_Rep1","Read_2087",0.711676792058043,"Subpopulation_1"
"NGS_Nanog_KO_Rep1","Read_2088",0.717957128591312,"Subpopulation_1"
"NGS_Nanog_KO_Rep1","Read_2089",0.711537010505107,"Subpopulation_1"
"NGS_Nanog_KO_Rep1","Read_2090",0.730783617207118,"Subpopulation_1"
"NGS_Nanog_KO_Rep1","Read_2091",0.720628728580131,"Subpopulation_1"
"NGS_Nanog_KO_Rep1","Read_2092",0.7126537629611,"Subpopulation_1"
"NGS_Nanog_KO_Rep1","Read_2093",0.722447659811106,"Subpopulation_1"
"NGS_Nanog_KO_Rep1","Read_2094",0.719621072785518,"Subpopulation_1"
"NGS_Nanog_KO_Rep1","Read_2095",0.718921562953861,"Subpopulation_1"
"NGS_Nanog_KO_Rep1","Read_2096",0.709991558436661,"Subpopulation_1"
"NGS_Nanog_KO_Rep1","Read_2097",0.720968254980869,"Subpopulation_1"
"NGS_Nanog_KO_Rep1","Read_2098",0.720589030314787,"Subpopulation_1"
"NGS_Nanog_KO_Rep1","Read_2099",0.721968247006677,"Subpopulation_1"
"NGS_Nanog_KO_Rep1","Read_2100",0.721748827088519,"Subpopulation_1"
"NGS_Nanog_KO_Rep1","Read_2101",0.729273571468957,"Subpopulation_1"
"NGS_Nanog_KO_Rep1","Read_2102",0.719093703347468,"Subpopulation_1"
"NGS_Nanog_KO_Rep1","Read_2103",0.725420011055648,"Subpopulation_1"
"NGS_Nanog_KO_Rep1","Read_2104",0.710158452860179,"Subpopulation_1"
"NGS_Nanog_KO_Rep1","Read_2105",0.717658663164112,"Subpopulation_1"
"NGS_Nanog_KO_Rep1","Read_2106",0.716956762838017,"Subpopulation_1"
"NGS_Nanog_KO_Rep1","Read_2107",0.718420034094556,"Subpopulation_1"
"NGS_Nanog_KO_Rep1","Read_2108",0.709153164191093,"Subpopulation_1"
"NGS_Nanog_KO_Rep1","Read_2109",0.713038668399809,"Subpopulation_1"
"NGS_Nanog_KO_Rep1","Read_2110",0.71700067878345,"Subpopulation_1"
"NGS_Nanog_KO_Rep1","Read_2111",0.726372800193284,"Subpopulation_1"
"NGS_Nanog_KO_Rep1","Read_2112",0.700773159050548,"Subpopulation_1"
"NGS_Nanog_KO_Rep1","Read_2113",0.718934323463253,"Subpopulation_1"
"NGS_Nanog_KO_Rep1","Read_2114",0.71863608204633,"Subpopulation_1"
"NGS_Nanog_KO_Rep1","Read_2115",0.707858756195332,"Subpopulation_1"
"NGS_Nanog_KO_Rep1","Read_2116",0.711189831548455,"Subpopulation_1"
"NGS_Nanog_KO_Rep1","Read_2117",0.711235949422198,"Subpopulation_1"
"NGS_Nanog_KO_Rep1","Read_2118",0.717230303334248,"Subpopulation_1"
"NGS_Nanog_KO_Rep1","Read_2119",0.719371221241542,"Subpopulation_1"
"NGS_Nanog_KO_Rep1","Read_2120",0.723078625200442,"Subpopulation_1"
"NGS_Nanog_KO_Rep1","Read_2121",0.721917084946476,"Subpopulation_1"
"NGS_Nanog_KO_Rep1","Read_2122",0.727445277073684,"Subpopulation_1"
"NGS_Nanog_KO_Rep1","Read_2123",0.715560431434862,"Subpopulation_1"
"NGS_Nanog_KO_Rep1","Read_2124",0.718378162220796,"Subpopulation_1"
"NGS_Nanog_KO_Rep1","Read_2125",0.715645730145596,"Subpopulation_1"
"NGS_Nanog_KO_Rep1","Read_2126",0.711420439075172,"Subpopulation_1"
"NGS_Nanog_KO_Rep1","Read_2127",0.716570661776812,"Subpopulation_1"
"NGS_Nanog_KO_Rep1","Read_2128",0.721066719004502,"Subpopulation_1"
"NGS_Nanog_KO_Rep1","Read_2129",0.715375488510962,"Subpopulation_1"
"NGS_Nanog_KO_Rep1","Read_2130",0.721719198763003,"Subpopulation_1"
"NGS_Nanog_KO_Rep1","Read_2131",0.726407855244237,"Subpopulation_1"
"NGS_Nanog_KO_Rep1","Read_2132",0.711904060445669,"Subpopulation_1"
"NGS_Nanog_KO_Rep1","Read_2133",0.733035696998344,"Subpopulation_1"
"NGS_Nanog_KO_Rep1","Read_2134",0.720375851269753,"Subpopulation_1"
"NGS_Nanog_KO_Rep1","Read_2135",0.710912984914489,"Subpopulation_1"
"NGS_Nanog_KO_Rep1","Read_2136",0.720544843838896,"Subpopulation_1"
"NGS_Nanog_KO_Rep1","Read_2137",0.725459925768034,"Subpopulation_1"
"NGS_Nanog_KO_Rep1","Read_2138",0.714441195161734,"Subpopulation_1"
"NGS_Nanog_KO_Rep1","Read_2139",0.73394072474887,"Subpopulation_1"
"NGS_Nanog_KO_Rep1","Read_2140",0.71847256506509,"Subpopulation_1"
"NGS_Nanog_KO_Rep1","Read_2141",0.724771177822679,"Subpopulation_1"
"NGS_Nanog_KO_Rep1","Read_2142",0.720048321906403,"Subpopulation_1"
"NGS_Nanog_KO_Rep1","Read_2143",0.715393144537233,"Subpopulation_1"
"NGS_Nanog_KO_Rep1","Read_2144",0.719386504717879,"Subpopulation_1"
"NGS_Nanog_KO_Rep1","Read_2145",0.706738265762733,"Subpopulation_1"
"NGS_Nanog_KO_Rep1","Read_2146",0.711184063670092,"Subpopulation_1"
"NGS_Nanog_KO_Rep1","Read_2147",0.718673098842522,"Subpopulation_1"
"NGS_Nanog_KO_Rep1","Read_2148",0.726109106489406,"Subpopulation_1"
"NGS_Nanog_KO_Rep1","Read_2149",0.706065815415967,"Subpopulation_1"
"NGS_Nanog_KO_Rep1","Read_2150",0.726460363698777,"Subpopulation_1"
"NGS_Nanog_KO_Rep1","Read_2151",0.706005837430391,"Subpopulation_1"
"NGS_Nanog_KO_Rep1","Read_2152",0.717465299406672,"Subpopulation_1"
"NGS_Nanog_KO_Rep1","Read_2153",0.722769381691287,"Subpopulation_1"
"NGS_Nanog_KO_Rep1","Read_2154",0.706621242918858,"Subpopulation_1"
"NGS_Nanog_KO_Rep1","Read_2155",0.714418695422606,"Subpopulation_1"
"NGS_Nanog_KO_Rep1","Read_2156",0.718977452868254,"Subpopulation_1"
"NGS_Nanog_KO_Rep1","Read_2157",0.721830430473795,"Subpopulation_1"
"NGS_Nanog_KO_Rep1","Read_2158",0.71824738095514,"Subpopulation_1"
"NGS_Nanog_KO_Rep1","Read_2159",0.715812380877253,"Subpopulation_1"
"NGS_Nanog_KO_Rep1","Read_2160",0.715919028751667,"Subpopulation_1"
"NGS_Nanog_KO_Rep1","Read_2161",0.722426256262701,"Subpopulation_1"
"NGS_Nanog_KO_Rep1","Read_2162",0.719155992337033,"Subpopulation_1"
"NGS_Nanog_KO_Rep1","Read_2163",0.704322354914208,"Subpopulation_1"
"NGS_Nanog_KO_Rep1","Read_2164",0.714253408820807,"Subpopulation_1"
"NGS_Nanog_KO_Rep1","Read_2165",0.725103319192907,"Subpopulation_1"
"NGS_Nanog_KO_Rep1","Read_2166",0.717681699317001,"Subpopulation_1"
"NGS_Nanog_KO_Rep1","Read_2167",0.716162610458106,"Subpopulation_1"
"NGS_Nanog_KO_Rep1","Read_2168",0.715685022191655,"Subpopulation_1"
"NGS_Nanog_KO_Rep1","Read_2169",0.712654589452561,"Subpopulation_1"
"NGS_Nanog_KO_Rep1","Read_2170",0.716579830860457,"Subpopulation_1"
"NGS_Nanog_KO_Rep1","Read_2171",0.722301655894435,"Subpopulation_1"
"NGS_Nanog_KO_Rep1","Read_2172",0.721361856679958,"Subpopulation_1"
"NGS_Nanog_KO_Rep1","Read_2173",0.728997699335802,"Subpopulation_1"
"NGS_Nanog_KO_Rep1","Read_2174",0.717593173463261,"Subpopulation_1"
"NGS_Nanog_KO_Rep1","Read_2175",0.68964306033946,"Subpopulation_1"
"NGS_Nanog_KO_Rep1","Read_2176",0.716591953812481,"Subpopulation_1"
"NGS_Nanog_KO_Rep1","Read_2177",0.720966638872059,"Subpopulation_1"
"NGS_Nanog_KO_Rep1","Read_2178",0.721494246874093,"Subpopulation_1"
"NGS_Nanog_KO_Rep1","Read_2179",0.720623363557161,"Subpopulation_1"
"NGS_Nanog_KO_Rep1","Read_2180",0.716700282188205,"Subpopulation_1"
"NGS_Nanog_KO_Rep1","Read_2181",0.718686264308403,"Subpopulation_1"
"NGS_Nanog_KO_Rep1","Read_2182",0.719783662102819,"Subpopulation_1"
"NGS_Nanog_KO_Rep1","Read_2183",0.714931323178129,"Subpopulation_1"
"NGS_Nanog_KO_Rep1","Read_2184",0.71831115919471,"Subpopulation_1"
"NGS_Nanog_KO_Rep1","Read_2185",0.712102757063168,"Subpopulation_1"
"NGS_Nanog_KO_Rep1","Read_2186",0.714866946173475,"Subpopulation_1"
"NGS_Nanog_KO_Rep1","Read_2187",0.703197972394017,"Subpopulation_1"
"NGS_Nanog_KO_Rep1","Read_2188",0.72079805316646,"Subpopulation_1"
"NGS_Nanog_KO_Rep1","Read_2189",0.726214853758874,"Subpopulation_1"
"NGS_Nanog_KO_Rep1","Read_2190",0.715585613337897,"Subpopulation_1"
"NGS_Nanog_KO_Rep1","Read_2191",0.720461700379659,"Subpopulation_1"
"NGS_Nanog_KO_Rep1","Read_2192",0.716505459456564,"Subpopulation_1"
"NGS_Nanog_KO_Rep1","Read_2193",0.719725576308234,"Subpopulation_1"
"NGS_Nanog_KO_Rep1","Read_2194",0.728702088834588,"Subpopulation_1"
"NGS_Nanog_KO_Rep1","Read_2195",0.722469842537749,"Subpopulation_1"
"NGS_Nanog_KO_Rep1","Read_2196",0.719347045273375,"Subpopulation_1"
"NGS_Nanog_KO_Rep1","Read_2197",0.712154697236527,"Subpopulation_1"
"NGS_Nanog_KO_Rep1","Read_2198",0.711582778565148,"Subpopulation_1"
"NGS_Nanog_KO_Rep1","Read_2199",0.71492874631466,"Subpopulation_1"
"NGS_Nanog_KO_Rep1","Read_2200",0.707110213330599,"Subpopulation_1"
"NGS_Nanog_KO_Rep1","Read_2201",0.720793955141372,"Subpopulation_1"
"NGS_Nanog_KO_Rep1","Read_2202",0.706281004511012,"Subpopulation_1"
"NGS_Nanog_KO_Rep1","Read_2203",0.715826482159628,"Subpopulation_1"
"NGS_Nanog_KO_Rep1","Read_2204",0.717162518569489,"Subpopulation_1"
"NGS_Nanog_KO_Rep1","Read_2205",0.723922502707124,"Subpopulation_1"
"NGS_Nanog_KO_Rep1","Read_2206",0.723229038485651,"Subpopulation_1"
"NGS_Nanog_KO_Rep1","Read_2207",0.715189464141344,"Subpopulation_1"
"NGS_Nanog_KO_Rep1","Read_2208",0.718790672514974,"Subpopulation_1"
"NGS_Nanog_KO_Rep1","Read_2209",0.724242972697874,"Subpopulation_1"
"NGS_Nanog_KO_Rep1","Read_2210",0.728206409620628,"Subpopulation_1"
"NGS_Nanog_KO_Rep1","Read_2211",0.72545737006752,"Subpopulation_1"
"NGS_Nanog_KO_Rep1","Read_2212",0.728303745323605,"Subpopulation_1"
"NGS_Nanog_KO_Rep1","Read_2213",0.716928293666655,"Subpopulation_1"
"NGS_Nanog_KO_Rep1","Read_2214",0.720805848873656,"Subpopulation_1"
"NGS_Nanog_KO_Rep1","Read_2215",0.723885443753061,"Subpopulation_1"
"NGS_Nanog_KO_Rep1","Read_2216",0.717459425126199,"Subpopulation_1"
"NGS_Nanog_KO_Rep1","Read_2217",0.720996959322852,"Subpopulation_1"
"NGS_Nanog_KO_Rep1","Read_2218",0.71545155859707,"Subpopulation_1"
"NGS_Nanog_KO_Rep1","Read_2219",0.724675677294161,"Subpopulation_1"
"NGS_Nanog_KO_Rep1","Read_2220",0.7080876848122,"Subpopulation_1"
"NGS_Nanog_KO_Rep1","Read_2221",0.716001184349502,"Subpopulation_1"
"NGS_Nanog_KO_Rep1","Read_2222",0.719193786082569,"Subpopulation_1"
"NGS_Nanog_KO_Rep1","Read_2223",0.71398638090762,"Subpopulation_1"
"NGS_Nanog_KO_Rep1","Read_2224",0.73605059388507,"Subpopulation_1"
"NGS_Nanog_KO_Rep1","Read_2225",0.726104335454494,"Subpopulation_1"
"NGS_Nanog_KO_Rep1","Read_2226",0.727006639056487,"Subpopulation_1"
"NGS_Nanog_KO_Rep1","Read_2227",0.718873626523238,"Subpopulation_1"
"NGS_Nanog_KO_Rep1","Read_2228",0.723399175562004,"Subpopulation_1"
"NGS_Nanog_KO_Rep1","Read_2229",0.723435164383406,"Subpopulation_1"
"NGS_Nanog_KO_Rep1","Read_2230",0.718553657318593,"Subpopulation_1"
"NGS_Nanog_KO_Rep1","Read_2231",0.714171988420891,"Subpopulation_1"
"NGS_Nanog_KO_Rep1","Read_2232",0.713727552258126,"Subpopulation_1"
"NGS_Nanog_KO_Rep1","Read_2233",0.723290913136999,"Subpopulation_1"
"NGS_Nanog_KO_Rep1","Read_2234",0.721704767135668,"Subpopulation_1"
"NGS_Nanog_KO_Rep1","Read_2235",0.714495096911353,"Subpopulation_1"
"NGS_Nanog_KO_Rep1","Read_2236",0.722756549462385,"Subpopulation_1"
"NGS_Nanog_KO_Rep1","Read_2237",0.7276332033401,"Subpopulation_1"
"NGS_Nanog_KO_Rep1","Read_2238",0.724225533987789,"Subpopulation_1"
"NGS_Nanog_KO_Rep1","Read_2239",0.726579944616704,"Subpopulation_1"
"NGS_Nanog_KO_Rep1","Read_2240",0.714648462897367,"Subpopulation_1"
"NGS_Nanog_KO_Rep1","Read_2241",0.716052615229956,"Subpopulation_1"
"NGS_Nanog_KO_Rep1","Read_2242",0.72898749506414,"Subpopulation_1"
"NGS_Nanog_KO_Rep1","Read_2243",0.719146934855946,"Subpopulation_1"
"NGS_Nanog_KO_Rep1","Read_2244",0.719838097160287,"Subpopulation_1"
"NGS_Nanog_KO_Rep1","Read_2245",0.716862147515796,"Subpopulation_1"
"NGS_Nanog_KO_Rep1","Read_2246",0.707841942963748,"Subpopulation_1"
"NGS_Nanog_KO_Rep1","Read_2247",0.72103789500618,"Subpopulation_1"
"NGS_Nanog_KO_Rep1","Read_2248",0.720800664249913,"Subpopulation_1"
"NGS_Nanog_KO_Rep1","Read_2249",0.713482841019748,"Subpopulation_1"
"NGS_Nanog_KO_Rep1","Read_2250",0.717490781117714,"Subpopulation_1"
"NGS_Nanog_KO_Rep1","Read_2251",0.720666003763956,"Subpopulation_1"
"NGS_Nanog_KO_Rep1","Read_2252",0.721850159657002,"Subpopulation_1"
"NGS_Nanog_KO_Rep1","Read_2253",0.716965348778768,"Subpopulation_1"
"NGS_Nanog_KO_Rep1","Read_2254",0.718445101236579,"Subpopulation_1"
"NGS_Nanog_KO_Rep1","Read_2255",0.722859458797435,"Subpopulation_1"
"NGS_Nanog_KO_Rep1","Read_2256",0.71286856154033,"Subpopulation_1"
"NGS_Nanog_KO_Rep1","Read_2257",0.722018917020468,"Subpopulation_1"
"NGS_Nanog_KO_Rep1","Read_2258",0.725452630532303,"Subpopulation_1"
"NGS_Nanog_KO_Rep1","Read_2259",0.714366556222062,"Subpopulation_1"
"NGS_Nanog_KO_Rep1","Read_2260",0.721310381823571,"Subpopulation_1"
"NGS_Nanog_KO_Rep1","Read_2261",0.720672386607159,"Subpopulation_1"
"NGS_Nanog_KO_Rep1","Read_2262",0.723053274073477,"Subpopulation_1"
"NGS_Nanog_KO_Rep1","Read_2263",0.714200442288265,"Subpopulation_1"
"NGS_Nanog_KO_Rep1","Read_2264",0.718063717059518,"Subpopulation_1"
"NGS_Nanog_KO_Rep1","Read_2265",0.716346456510276,"Subpopulation_1"
"NGS_Nanog_KO_Rep1","Read_2266",0.72318181809309,"Subpopulation_1"
"NGS_Nanog_KO_Rep1","Read_2267",0.713379896527472,"Subpopulation_1"
"NGS_Nanog_KO_Rep1","Read_2268",0.717475895204524,"Subpopulation_1"
"NGS_Nanog_KO_Rep1","Read_2269",0.722058780315324,"Subpopulation_1"
"NGS_Nanog_KO_Rep1","Read_2270",0.713808458705732,"Subpopulation_1"
"NGS_Nanog_KO_Rep1","Read_2271",0.716101793155836,"Subpopulation_1"
"NGS_Nanog_KO_Rep1","Read_2272",0.70945893088611,"Subpopulation_1"
"NGS_Nanog_KO_Rep1","Read_2273",0.722513256739091,"Subpopulation_1"
"NGS_Nanog_KO_Rep1","Read_2274",0.722751261786181,"Subpopulation_1"
"NGS_Nanog_KO_Rep1","Read_2275",0.72532778911246,"Subpopulation_1"
"NGS_Nanog_KO_Rep1","Read_2276",0.697688703533511,"Subpopulation_1"
"NGS_Nanog_KO_Rep1","Read_2277",0.72072919605456,"Subpopulation_1"
"NGS_Nanog_KO_Rep1","Read_2278",0.720261357379976,"Subpopulation_1"
"NGS_Nanog_KO_Rep1","Read_2279",0.726805436432864,"Subpopulation_1"
"NGS_Nanog_KO_Rep1","Read_2280",0.721500068938354,"Subpopulation_1"
"NGS_Nanog_KO_Rep1","Read_2281",0.723899296621345,"Subpopulation_1"
"NGS_Nanog_KO_Rep1","Read_2282",0.726073863832035,"Subpopulation_1"
"NGS_Nanog_KO_Rep1","Read_2283",0.726815574377564,"Subpopulation_1"
"NGS_Nanog_KO_Rep1","Read_2284",0.718530287070669,"Subpopulation_1"
"NGS_Nanog_KO_Rep1","Read_2285",0.716099560193958,"Subpopulation_1"
"NGS_Nanog_KO_Rep1","Read_2286",0.723310813636833,"Subpopulation_1"
"NGS_Nanog_KO_Rep1","Read_2287",0.717703183329799,"Subpopulation_1"
"NGS_Nanog_KO_Rep1","Read_2288",0.722289964590339,"Subpopulation_1"
"NGS_Nanog_KO_Rep1","Read_2289",0.716776821660271,"Subpopulation_1"
"NGS_Nanog_KO_Rep1","Read_2290",0.705009730805056,"Subpopulation_1"
"NGS_Nanog_KO_Rep1","Read_2291",0.708815344204029,"Subpopulation_1"
"NGS_Nanog_KO_Rep1","Read_2292",0.709709856336948,"Subpopulation_1"
"NGS_Nanog_KO_Rep1","Read_2293",0.722873238731156,"Subpopulation_1"
"NGS_Nanog_KO_Rep1","Read_2294",0.71819695739655,"Subpopulation_1"
"NGS_Nanog_KO_Rep1","Read_2295",0.727239932202705,"Subpopulation_1"
"NGS_Nanog_KO_Rep1","Read_2296",0.717189937289712,"Subpopulation_1"
"NGS_Nanog_KO_Rep1","Read_2297",0.726666703690055,"Subpopulation_1"
"NGS_Nanog_KO_Rep1","Read_2298",0.727640694769587,"Subpopulation_1"
"NGS_Nanog_KO_Rep1","Read_2299",0.722215749601521,"Subpopulation_1"
"NGS_Nanog_KO_Rep1","Read_2300",0.72299894526019,"Subpopulation_1"
"NGS_Nanog_KO_Rep1","Read_2301",0.718510005148304,"Subpopulation_1"
"NGS_Nanog_KO_Rep1","Read_2302",0.704421612867366,"Subpopulation_1"
"NGS_Nanog_KO_Rep1","Read_2303",0.714944239167341,"Subpopulation_1"
"NGS_Nanog_KO_Rep1","Read_2304",0.723774113720529,"Subpopulation_1"
"NGS_Nanog_KO_Rep1","Read_2305",0.727314965613129,"Subpopulation_1"
"NGS_Nanog_KO_Rep1","Read_2306",0.710072515740062,"Subpopulation_1"
"NGS_Nanog_KO_Rep1","Read_2307",0.720149726798552,"Subpopulation_1"
"NGS_Nanog_KO_Rep1","Read_2308",0.70708909674731,"Subpopulation_1"
"NGS_Nanog_KO_Rep1","Read_2309",0.719718105119953,"Subpopulation_1"
"NGS_Nanog_KO_Rep1","Read_2310",0.718232441009081,"Subpopulation_1"
"NGS_Nanog_KO_Rep1","Read_2311",0.728071867451858,"Subpopulation_1"
"NGS_Nanog_KO_Rep1","Read_2312",0.712725170003163,"Subpopulation_1"
"NGS_Nanog_KO_Rep1","Read_2313",0.717384133679738,"Subpopulation_1"
"NGS_Nanog_KO_Rep1","Read_2314",0.724330661088732,"Subpopulation_1"
"NGS_Nanog_KO_Rep1","Read_2315",0.716857359152152,"Subpopulation_1"
"NGS_Nanog_KO_Rep1","Read_2316",0.714713944395088,"Subpopulation_1"
"NGS_Nanog_KO_Rep1","Read_2317",0.715718834104641,"Subpopulation_1"
"NGS_Nanog_KO_Rep1","Read_2318",0.718213214515665,"Subpopulation_1"
"NGS_Nanog_KO_Rep1","Read_2319",0.720414540542722,"Subpopulation_1"
"NGS_Nanog_KO_Rep1","Read_2320",0.712328631394091,"Subpopulation_1"
"NGS_Nanog_KO_Rep1","Read_2321",0.715170455849022,"Subpopulation_1"
"NGS_Nanog_KO_Rep1","Read_2322",0.725178310955056,"Subpopulation_1"
"NGS_Nanog_KO_Rep1","Read_2323",0.722147025997617,"Subpopulation_1"
"NGS_Nanog_KO_Rep1","Read_2324",0.710400935439324,"Subpopulation_1"
"NGS_Nanog_KO_Rep1","Read_2325",0.723544809819352,"Subpopulation_1"
"NGS_Nanog_KO_Rep1","Read_2326",0.715336192023834,"Subpopulation_1"
"NGS_Nanog_KO_Rep1","Read_2327",0.715892322893889,"Subpopulation_1"
"NGS_Nanog_KO_Rep1","Read_2328",0.709359955315374,"Subpopulation_1"
"NGS_Nanog_KO_Rep1","Read_2329",0.731958008601541,"Subpopulation_1"
"NGS_Nanog_KO_Rep1","Read_2330",0.720076874816886,"Subpopulation_1"
"NGS_Nanog_KO_Rep1","Read_2331",0.716303784667314,"Subpopulation_1"
"NGS_Nanog_KO_Rep1","Read_2332",0.713309262812418,"Subpopulation_1"
"NGS_Nanog_KO_Rep1","Read_2333",0.722090064205309,"Subpopulation_1"
"NGS_Nanog_KO_Rep1","Read_2334",0.712584328077878,"Subpopulation_1"
"NGS_Nanog_KO_Rep1","Read_2335",0.71895731071583,"Subpopulation_1"
"NGS_Nanog_KO_Rep1","Read_2336",0.714542288607941,"Subpopulation_1"
"NGS_Nanog_KO_Rep1","Read_2337",0.725182985339718,"Subpopulation_1"
"NGS_Nanog_KO_Rep1","Read_2338",0.713296202825176,"Subpopulation_1"
"NGS_Nanog_KO_Rep1","Read_2339",0.727109049775708,"Subpopulation_1"
"NGS_Nanog_KO_Rep1","Read_2340",0.710270579372752,"Subpopulation_1"
"NGS_Nanog_KO_Rep1","Read_2341",0.714337557385555,"Subpopulation_1"
"NGS_Nanog_KO_Rep1","Read_2342",0.722172970526874,"Subpopulation_1"
"NGS_Nanog_KO_Rep1","Read_2343",0.720181121737971,"Subpopulation_1"
"NGS_Nanog_KO_Rep1","Read_2344",0.721711116380553,"Subpopulation_1"
"NGS_Nanog_KO_Rep1","Read_2345",0.718713529567143,"Subpopulation_1"
"NGS_Nanog_KO_Rep1","Read_2346",0.725137876606095,"Subpopulation_1"
"NGS_Nanog_KO_Rep1","Read_2347",0.722432543357297,"Subpopulation_1"
"NGS_Nanog_KO_Rep1","Read_2348",0.720357057259005,"Subpopulation_1"
"NGS_Nanog_KO_Rep1","Read_2349",0.726026719953593,"Subpopulation_1"
"NGS_Nanog_KO_Rep1","Read_2350",0.714157080123813,"Subpopulation_1"
"NGS_Nanog_KO_Rep1","Read_2351",0.716222272064454,"Subpopulation_1"
"NGS_Nanog_KO_Rep1","Read_2352",0.720494994910539,"Subpopulation_1"
"NGS_Nanog_KO_Rep1","Read_2353",0.707360008553178,"Subpopulation_1"
"NGS_Nanog_KO_Rep1","Read_2354",0.720577152189976,"Subpopulation_1"
"NGS_Nanog_KO_Rep1","Read_2355",0.726495824081963,"Subpopulation_1"
"NGS_Nanog_KO_Rep1","Read_2356",0.708184459199169,"Subpopulation_1"
"NGS_Nanog_KO_Rep1","Read_2357",0.722216150570947,"Subpopulation_1"
"NGS_Nanog_KO_Rep1","Read_2358",0.717101083547901,"Subpopulation_1"
"NGS_Nanog_KO_Rep1","Read_2359",0.721936162801001,"Subpopulation_1"
"NGS_Nanog_KO_Rep1","Read_2360",0.712830018046149,"Subpopulation_1"
"NGS_Nanog_KO_Rep1","Read_2361",0.71609719227617,"Subpopulation_1"
"NGS_Nanog_KO_Rep1","Read_2362",0.721122404948072,"Subpopulation_1"
"NGS_Nanog_KO_Rep1","Read_2363",0.719449100148744,"Subpopulation_1"
"NGS_Nanog_KO_Rep1","Read_2364",0.712845155445384,"Subpopulation_1"
"NGS_Nanog_KO_Rep1","Read_2365",0.721691531416451,"Subpopulation_1"
"NGS_Nanog_KO_Rep1","Read_2366",0.706833595531545,"Subpopulation_1"
"NGS_Nanog_KO_Rep1","Read_2367",0.721070691219552,"Subpopulation_1"
"NGS_Nanog_KO_Rep1","Read_2368",0.719729051540832,"Subpopulation_1"
"NGS_Nanog_KO_Rep1","Read_2369",0.71562419828909,"Subpopulation_1"
"NGS_Nanog_KO_Rep1","Read_2370",0.717174133995298,"Subpopulation_1"
"NGS_Nanog_KO_Rep1","Read_2371",0.716689731499648,"Subpopulation_1"
"NGS_Nanog_KO_Rep1","Read_2372",0.715946586989754,"Subpopulation_1"
"NGS_Nanog_KO_Rep1","Read_2373",0.722553910008248,"Subpopulation_1"
"NGS_Nanog_KO_Rep1","Read_2374",0.71238634290175,"Subpopulation_1"
"NGS_Nanog_KO_Rep1","Read_2375",0.717786253258202,"Subpopulation_1"
"NGS_Nanog_KO_Rep1","Read_2376",0.728086312668015,"Subpopulation_1"
"NGS_Nanog_KO_Rep1","Read_2377",0.718142787192939,"Subpopulation_1"
"NGS_Nanog_KO_Rep1","Read_2378",0.71846060183967,"Subpopulation_1"
"NGS_Nanog_KO_Rep1","Read_2379",0.7088002089669,"Subpopulation_1"
"NGS_Nanog_KO_Rep1","Read_2380",0.713469098482422,"Subpopulation_1"
"NGS_Nanog_KO_Rep1","Read_2381",0.720145271118119,"Subpopulation_1"
"NGS_Nanog_KO_Rep1","Read_2382",0.723616904680573,"Subpopulation_1"
"NGS_Nanog_KO_Rep1","Read_2383",0.711291064234525,"Subpopulation_1"
"NGS_Nanog_KO_Rep1","Read_2384",0.724509513033417,"Subpopulation_1"
"NGS_Nanog_KO_Rep1","Read_2385",0.719637203919819,"Subpopulation_1"
"NGS_Nanog_KO_Rep1","Read_2386",0.728598668221275,"Subpopulation_1"
"NGS_Nanog_KO_Rep1","Read_2387",0.721303279719845,"Subpopulation_1"
"NGS_Nanog_KO_Rep1","Read_2388",0.706959622111271,"Subpopulation_1"
"NGS_Nanog_KO_Rep1","Read_2389",0.718520555290744,"Subpopulation_1"
"NGS_Nanog_KO_Rep1","Read_2390",0.714666531470003,"Subpopulation_1"
"NGS_Nanog_KO_Rep1","Read_2391",0.722175319348109,"Subpopulation_1"
"NGS_Nanog_KO_Rep1","Read_2392",0.711286579114236,"Subpopulation_1"
"NGS_Nanog_KO_Rep1","Read_2393",0.717061677722704,"Subpopulation_1"
"NGS_Nanog_KO_Rep1","Read_2394",0.722617289306126,"Subpopulation_1"
"NGS_Nanog_KO_Rep1","Read_2395",0.717679215483902,"Subpopulation_1"
"NGS_Nanog_KO_Rep1","Read_2396",0.719965257457227,"Subpopulation_1"
"NGS_Nanog_KO_Rep1","Read_2397",0.710333997124309,"Subpopulation_1"
"NGS_Nanog_KO_Rep1","Read_2398",0.716443117305358,"Subpopulation_1"
"NGS_Nanog_KO_Rep1","Read_2399",0.715727995380692,"Subpopulation_1"
"NGS_Nanog_KO_Rep1","Read_2400",0.713368150800756,"Subpopulation_1"
"NGS_Nanog_KO_Rep1","Read_2401",0.720631800737255,"Subpopulation_1"
"NGS_Nanog_KO_Rep1","Read_2402",0.712237634598475,"Subpopulation_1"
"NGS_Nanog_KO_Rep1","Read_2403",0.722758621183369,"Subpopulation_1"
"NGS_Nanog_KO_Rep1","Read_2404",0.715047246055436,"Subpopulation_1"
"NGS_Nanog_KO_Rep1","Read_2405",0.728161375514176,"Subpopulation_1"
"NGS_Nanog_KO_Rep1","Read_2406",0.713240419443692,"Subpopulation_1"
"NGS_Nanog_KO_Rep1","Read_2407",0.726268674532138,"Subpopulation_1"
"NGS_Nanog_KO_Rep1","Read_2408",0.712687944646346,"Subpopulation_1"
"NGS_Nanog_KO_Rep1","Read_2409",0.724669385679809,"Subpopulation_1"
"NGS_Nanog_KO_Rep1","Read_2410",0.696225272799692,"Subpopulation_1"
"NGS_Nanog_KO_Rep1","Read_2411",0.712203797584314,"Subpopulation_1"
"NGS_Nanog_KO_Rep1","Read_2412",0.719889176710652,"Subpopulation_1"
"NGS_Nanog_KO_Rep1","Read_2413",0.728881302117594,"Subpopulation_1"
"NGS_Nanog_KO_Rep1","Read_2414",0.72313513841842,"Subpopulation_1"
"NGS_Nanog_KO_Rep1","Read_2415",0.712186527837251,"Subpopulation_1"
"NGS_Nanog_KO_Rep1","Read_2416",0.722910077704191,"Subpopulation_1"
"NGS_Nanog_KO_Rep1","Read_2417",0.726024398361697,"Subpopulation_1"
"NGS_Nanog_KO_Rep1","Read_2418",0.719959322199903,"Subpopulation_1"
"NGS_Nanog_KO_Rep1","Read_2419",0.718326967366488,"Subpopulation_1"
"NGS_Nanog_KO_Rep1","Read_2420",0.722686890203949,"Subpopulation_1"
"NGS_Nanog_KO_Rep1","Read_2421",0.716478313978583,"Subpopulation_1"
"NGS_Nanog_KO_Rep1","Read_2422",0.71755552498038,"Subpopulation_1"
"NGS_Nanog_KO_Rep1","Read_2423",0.712032261186068,"Subpopulation_1"
"NGS_Nanog_KO_Rep1","Read_2424",0.707960661769277,"Subpopulation_1"
"NGS_Nanog_KO_Rep1","Read_2425",0.710122823718492,"Subpopulation_1"
"NGS_Nanog_KO_Rep1","Read_2426",0.720458458468801,"Subpopulation_1"
"NGS_Nanog_KO_Rep1","Read_2427",0.711992257554923,"Subpopulation_1"
"NGS_Nanog_KO_Rep1","Read_2428",0.720490994486144,"Subpopulation_1"
"NGS_Nanog_KO_Rep1","Read_2429",0.717548893952172,"Subpopulation_1"
"NGS_Nanog_KO_Rep1","Read_2430",0.713582840801039,"Subpopulation_1"
"NGS_Nanog_KO_Rep1","Read_2431",0.713471560400657,"Subpopulation_1"
"NGS_Nanog_KO_Rep1","Read_2432",0.721385328183557,"Subpopulation_1"
"NGS_Nanog_KO_Rep1","Read_2433",0.718643400131497,"Subpopulation_1"
"NGS_Nanog_KO_Rep1","Read_2434",0.721794050102266,"Subpopulation_1"
"NGS_Nanog_KO_Rep1","Read_2435",0.718724298939144,"Subpopulation_1"
"NGS_Nanog_KO_Rep1","Read_2436",0.719221919922601,"Subpopulation_1"
"NGS_Nanog_KO_Rep1","Read_2437",0.73322442662565,"Subpopulation_1"
"NGS_Nanog_KO_Rep1","Read_2438",0.7221901237412,"Subpopulation_1"
"NGS_Nanog_KO_Rep1","Read_2439",0.709130642754597,"Subpopulation_1"
"NGS_Nanog_KO_Rep1","Read_2440",0.717330425073406,"Subpopulation_1"
"NGS_Nanog_KO_Rep1","Read_2441",0.725942099066685,"Subpopulation_1"
"NGS_Nanog_KO_Rep1","Read_2442",0.72068145006261,"Subpopulation_1"
"NGS_Nanog_KO_Rep1","Read_2443",0.717859924143464,"Subpopulation_1"
"NGS_Nanog_KO_Rep1","Read_2444",0.72281123550353,"Subpopulation_1"
"NGS_Nanog_KO_Rep1","Read_2445",0.721052769519197,"Subpopulation_1"
"NGS_Nanog_KO_Rep1","Read_2446",0.707098657224628,"Subpopulation_1"
"NGS_Nanog_KO_Rep1","Read_2447",0.719712975541009,"Subpopulation_1"
"NGS_Nanog_KO_Rep1","Read_2448",0.711257730087672,"Subpopulation_1"
"NGS_Nanog_KO_Rep1","Read_2449",0.720511837523137,"Subpopulation_1"
"NGS_Nanog_KO_Rep1","Read_2450",0.72854265743139,"Subpopulation_1"
"NGS_Nanog_KO_Rep1","Read_2451",0.72097053047769,"Subpopulation_1"
"NGS_Nanog_KO_Rep1","Read_2452",0.714299975360507,"Subpopulation_1"
"NGS_Nanog_KO_Rep1","Read_2453",0.7168044126949,"Subpopulation_1"
"NGS_Nanog_KO_Rep1","Read_2454",0.723898624706241,"Subpopulation_1"
"NGS_Nanog_KO_Rep1","Read_2455",0.719353570036589,"Subpopulation_1"
"NGS_Nanog_KO_Rep1","Read_2456",0.722398103219447,"Subpopulation_1"
"NGS_Nanog_KO_Rep1","Read_2457",0.705973110159871,"Subpopulation_1"
"NGS_Nanog_KO_Rep1","Read_2458",0.725332974853789,"Subpopulation_1"
"NGS_Nanog_KO_Rep1","Read_2459",0.713400302158959,"Subpopulation_1"
"NGS_Nanog_KO_Rep1","Read_2460",0.718603593959866,"Subpopulation_1"
"NGS_Nanog_KO_Rep1","Read_2461",0.726017799963015,"Subpopulation_1"
"NGS_Nanog_KO_Rep1","Read_2462",0.711572458508406,"Subpopulation_1"
"NGS_Nanog_KO_Rep1","Read_2463",0.722392537390762,"Subpopulation_1"
"NGS_Nanog_KO_Rep1","Read_2464",0.709647265136193,"Subpopulation_1"
"NGS_Nanog_KO_Rep1","Read_2465",0.714194265189611,"Subpopulation_1"
"NGS_Nanog_KO_Rep1","Read_2466",0.713602593488674,"Subpopulation_1"
"NGS_Nanog_KO_Rep1","Read_2467",0.716718429029003,"Subpopulation_1"
"NGS_Nanog_KO_Rep1","Read_2468",0.728274668592928,"Subpopulation_1"
"NGS_Nanog_KO_Rep1","Read_2469",0.713128635346816,"Subpopulation_1"
"NGS_Nanog_KO_Rep1","Read_2470",0.70974803784157,"Subpopulation_1"
"NGS_Nanog_KO_Rep1","Read_2471",0.72457685707026,"Subpopulation_1"
"NGS_Nanog_KO_Rep1","Read_2472",0.709870117440696,"Subpopulation_1"
"NGS_Nanog_KO_Rep1","Read_2473",0.717313881826414,"Subpopulation_1"
"NGS_Nanog_KO_Rep1","Read_2474",0.717304389748732,"Subpopulation_1"
"NGS_Nanog_KO_Rep1","Read_2475",0.737034150749311,"Subpopulation_1"
"NGS_Nanog_KO_Rep1","Read_2476",0.720409956792082,"Subpopulation_1"
"NGS_Nanog_KO_Rep1","Read_2477",0.715550855823892,"Subpopulation_1"
"NGS_Nanog_KO_Rep1","Read_2478",0.72424546505085,"Subpopulation_1"
"NGS_Nanog_KO_Rep1","Read_2479",0.712807887396733,"Subpopulation_1"
"NGS_Nanog_KO_Rep1","Read_2480",0.71199730712089,"Subpopulation_1"
"NGS_Nanog_KO_Rep1","Read_2481",0.715015786080857,"Subpopulation_1"
"NGS_Nanog_KO_Rep1","Read_2482",0.726431960879001,"Subpopulation_1"
"NGS_Nanog_KO_Rep1","Read_2483",0.724067502101057,"Subpopulation_1"
"NGS_Nanog_KO_Rep1","Read_2484",0.713628212145514,"Subpopulation_1"
"NGS_Nanog_KO_Rep1","Read_2485",0.715241188408325,"Subpopulation_1"
"NGS_Nanog_KO_Rep1","Read_2486",0.716034431345241,"Subpopulation_1"
"NGS_Nanog_KO_Rep1","Read_2487",0.720326143387076,"Subpopulation_1"
"NGS_Nanog_KO_Rep1","Read_2488",0.715947637400092,"Subpopulation_1"
"NGS_Nanog_KO_Rep1","Read_2489",0.724588676424634,"Subpopulation_1"
"NGS_Nanog_KO_Rep1","Read_2490",0.716288667969956,"Subpopulation_1"
"NGS_Nanog_KO_Rep1","Read_2491",0.717664760450386,"Subpopulation_1"
"NGS_Nanog_KO_Rep1","Read_2492",0.712774265401737,"Subpopulation_1"
"NGS_Nanog_KO_Rep1","Read_2493",0.714937878494474,"Subpopulation_1"
"NGS_Nanog_KO_Rep1","Read_2494",0.713610047404686,"Subpopulation_1"
"NGS_Nanog_KO_Rep1","Read_2495",0.72220555643594,"Subpopulation_1"
"NGS_Nanog_KO_Rep1","Read_2496",0.720658126295102,"Subpopulation_1"
"NGS_Nanog_KO_Rep1","Read_2497",0.721485783160731,"Subpopulation_1"
"NGS_Nanog_KO_Rep1","Read_2498",0.708397391013524,"Subpopulation_1"
"NGS_Nanog_KO_Rep1","Read_2499",0.709871385156924,"Subpopulation_1"
"NGS_Nanog_KO_Rep1","Read_2500",0.712211890196281,"Subpopulation_1"
"NGS_Nanog_KO_Rep1","Read_2501",0.723697288682188,"Subpopulation_1"
"NGS_Nanog_KO_Rep1","Read_2502",0.716082605172942,"Subpopulation_1"
"NGS_Nanog_KO_Rep1","Read_2503",0.72349992332824,"Subpopulation_1"
"NGS_Nanog_KO_Rep1","Read_2504",0.723957773802704,"Subpopulation_1"
"NGS_Nanog_KO_Rep1","Read_2505",0.712092121210765,"Subpopulation_1"
"NGS_Nanog_KO_Rep1","Read_2506",0.714007755274824,"Subpopulation_1"
"NGS_Nanog_KO_Rep1","Read_2507",0.72424969257114,"Subpopulation_1"
"NGS_Nanog_KO_Rep1","Read_2508",0.714540501060503,"Subpopulation_1"
"NGS_Nanog_KO_Rep1","Read_2509",0.724736897844386,"Subpopulation_1"
"NGS_Nanog_KO_Rep1","Read_2510",0.721593588374834,"Subpopulation_1"
"NGS_Nanog_KO_Rep1","Read_2511",0.720356308150986,"Subpopulation_1"
"NGS_Nanog_KO_Rep1","Read_2512",0.725140500328541,"Subpopulation_1"
"NGS_Nanog_KO_Rep1","Read_2513",0.72148082581779,"Subpopulation_1"
"NGS_Nanog_KO_Rep1","Read_2514",0.717424613099286,"Subpopulation_1"
"NGS_Nanog_KO_Rep1","Read_2515",0.72247102265284,"Subpopulation_1"
"NGS_Nanog_KO_Rep1","Read_2516",0.728070987589299,"Subpopulation_1"
"NGS_Nanog_KO_Rep1","Read_2517",0.720032999644379,"Subpopulation_1"
"NGS_Nanog_KO_Rep1","Read_2518",0.719938614978407,"Subpopulation_1"
"NGS_Nanog_KO_Rep1","Read_2519",0.708192284280265,"Subpopulation_1"
"NGS_Nanog_KO_Rep1","Read_2520",0.709048422469565,"Subpopulation_1"
"NGS_Nanog_KO_Rep1","Read_2521",0.71910438699333,"Subpopulation_1"
"NGS_Nanog_KO_Rep1","Read_2522",0.723118648353934,"Subpopulation_1"
"NGS_Nanog_KO_Rep1","Read_2523",0.717120962356589,"Subpopulation_1"
"NGS_Nanog_KO_Rep1","Read_2524",0.713070483747266,"Subpopulation_1"
"NGS_Nanog_KO_Rep1","Read_2525",0.710746342311392,"Subpopulation_1"
"NGS_Nanog_KO_Rep1","Read_2526",0.72685100067126,"Subpopulation_1"
"NGS_Nanog_KO_Rep1","Read_2527",0.722608575228379,"Subpopulation_1"
"NGS_Nanog_KO_Rep1","Read_2528",0.730671513388359,"Subpopulation_1"
"NGS_Nanog_KO_Rep1","Read_2529",0.715016344775082,"Subpopulation_1"
"NGS_Nanog_KO_Rep1","Read_2530",0.714898745385632,"Subpopulation_1"
"NGS_Nanog_KO_Rep1","Read_2531",0.722376060500901,"Subpopulation_1"
"NGS_Nanog_KO_Rep1","Read_2532",0.722162549680684,"Subpopulation_1"
"NGS_Nanog_KO_Rep1","Read_2533",0.714891405208456,"Subpopulation_1"
"NGS_Nanog_KO_Rep1","Read_2534",0.720243024789056,"Subpopulation_1"
"NGS_Nanog_KO_Rep1","Read_2535",0.717185756846216,"Subpopulation_1"
"NGS_Nanog_KO_Rep1","Read_2536",0.719564726693199,"Subpopulation_1"
"NGS_Nanog_KO_Rep1","Read_2537",0.728846203398441,"Subpopulation_1"
"NGS_Nanog_KO_Rep1","Read_2538",0.71651739510347,"Subpopulation_1"
"NGS_Nanog_KO_Rep1","Read_2539",0.714161735949461,"Subpopulation_1"
"NGS_Nanog_KO_Rep1","Read_2540",0.715624617224075,"Subpopulation_1"
"NGS_Nanog_KO_Rep1","Read_2541",0.719467585712721,"Subpopulation_1"
"NGS_Nanog_KO_Rep1","Read_2542",0.726395026201159,"Subpopulation_1"
"NGS_Nanog_KO_Rep1","Read_2543",0.715943458652167,"Subpopulation_1"
"NGS_Nanog_KO_Rep1","Read_2544",0.720514888600329,"Subpopulation_1"
"NGS_Nanog_KO_Rep1","Read_2545",0.725470158045461,"Subpopulation_1"
"NGS_Nanog_KO_Rep1","Read_2546",0.713679451280058,"Subpopulation_1"
"NGS_Nanog_KO_Rep1","Read_2547",0.708543151651278,"Subpopulation_1"
"NGS_Nanog_KO_Rep1","Read_2548",0.720520639611917,"Subpopulation_1"
"NGS_Nanog_KO_Rep1","Read_2549",0.703771934420389,"Subpopulation_1"
"NGS_Nanog_KO_Rep1","Read_2550",0.72141824297193,"Subpopulation_1"
"NGS_Nanog_KO_Rep1","Read_2551",0.71882156441278,"Subpopulation_1"
"NGS_Nanog_KO_Rep1","Read_2552",0.729819689774116,"Subpopulation_1"
"NGS_Nanog_KO_Rep1","Read_2553",0.72120892718686,"Subpopulation_1"
"NGS_Nanog_KO_Rep1","Read_2554",0.725960247033967,"Subpopulation_1"
"NGS_Nanog_KO_Rep1","Read_2555",0.722634425212331,"Subpopulation_1"
"NGS_Nanog_KO_Rep1","Read_2556",0.72228118141127,"Subpopulation_1"
"NGS_Nanog_KO_Rep1","Read_2557",0.707622933608008,"Subpopulation_1"
"NGS_Nanog_KO_Rep1","Read_2558",0.714225644058796,"Subpopulation_1"
"NGS_Nanog_KO_Rep1","Read_2559",0.717214103609398,"Subpopulation_1"
"NGS_Nanog_KO_Rep1","Read_2560",0.709222836372545,"Subpopulation_1"
"NGS_Nanog_KO_Rep1","Read_2561",0.720838417508928,"Subpopulation_1"
"NGS_Nanog_KO_Rep1","Read_2562",0.716628834566757,"Subpopulation_1"
"NGS_Nanog_KO_Rep1","Read_2563",0.725261198537415,"Subpopulation_1"
"NGS_Nanog_KO_Rep1","Read_2564",0.718014758250524,"Subpopulation_1"
"NGS_Nanog_KO_Rep1","Read_2565",0.7251995231401,"Subpopulation_1"
"NGS_Nanog_KO_Rep1","Read_2566",0.721279372791203,"Subpopulation_1"
"NGS_Nanog_KO_Rep1","Read_2567",0.719684347070119,"Subpopulation_1"
"NGS_Nanog_KO_Rep1","Read_2568",0.719251821388668,"Subpopulation_1"
"NGS_Nanog_KO_Rep1","Read_2569",0.724664918194263,"Subpopulation_1"
"NGS_Nanog_KO_Rep1","Read_2570",0.702566448441178,"Subpopulation_1"
"NGS_Nanog_KO_Rep1","Read_2571",0.722082639549289,"Subpopulation_1"
"NGS_Nanog_KO_Rep1","Read_2572",0.710627132641513,"Subpopulation_1"
"NGS_Nanog_KO_Rep1","Read_2573",0.723171540418878,"Subpopulation_1"
"NGS_Nanog_KO_Rep1","Read_2574",0.719076848748096,"Subpopulation_1"
"NGS_Nanog_KO_Rep1","Read_2575",0.711799190045717,"Subpopulation_1"
"NGS_Nanog_KO_Rep1","Read_2576",0.712763760636928,"Subpopulation_1"
"NGS_Nanog_KO_Rep1","Read_2577",0.724783685280661,"Subpopulation_1"
"NGS_Nanog_KO_Rep1","Read_2578",0.7198000309224,"Subpopulation_1"
"NGS_Nanog_KO_Rep1","Read_2579",0.713133077856514,"Subpopulation_1"
"NGS_Nanog_KO_Rep1","Read_2580",0.725004900476616,"Subpopulation_1"
"NGS_Nanog_KO_Rep1","Read_2581",0.730863692339191,"Subpopulation_1"
"NGS_Nanog_KO_Rep1","Read_2582",0.72874280479196,"Subpopulation_1"
"NGS_Nanog_KO_Rep1","Read_2583",0.715124966155723,"Subpopulation_1"
"NGS_Nanog_KO_Rep1","Read_2584",0.721054759428714,"Subpopulation_1"
"NGS_Nanog_KO_Rep1","Read_2585",0.717729880026021,"Subpopulation_1"
"NGS_Nanog_KO_Rep1","Read_2586",0.722482795520624,"Subpopulation_1"
"NGS_Nanog_KO_Rep1","Read_2587",0.723168494206948,"Subpopulation_1"
"NGS_Nanog_KO_Rep1","Read_2588",0.717465062653318,"Subpopulation_1"
"NGS_Nanog_KO_Rep1","Read_2589",0.712552289834671,"Subpopulation_1"
"NGS_Nanog_KO_Rep1","Read_2590",0.727929023239874,"Subpopulation_1"
"NGS_Nanog_KO_Rep1","Read_2591",0.714834086403815,"Subpopulation_1"
"NGS_Nanog_KO_Rep1","Read_2592",0.722969202975731,"Subpopulation_1"
"NGS_Nanog_KO_Rep1","Read_2593",0.719139725766961,"Subpopulation_1"
"NGS_Nanog_KO_Rep1","Read_2594",0.71638987560805,"Subpopulation_1"
"NGS_Nanog_KO_Rep1","Read_2595",0.708858408797307,"Subpopulation_1"
"NGS_Nanog_KO_Rep1","Read_2596",0.724275030536044,"Subpopulation_1"
"NGS_Nanog_KO_Rep1","Read_2597",0.717776478861331,"Subpopulation_1"
"NGS_Nanog_KO_Rep1","Read_2598",0.727830899552035,"Subpopulation_1"
"NGS_Nanog_KO_Rep1","Read_2599",0.726683105800307,"Subpopulation_1"
"NGS_Nanog_KO_Rep1","Read_2600",0.709767172520582,"Subpopulation_1"
"NGS_Nanog_KO_Rep1","Read_2601",0.725641175681986,"Subpopulation_1"
"NGS_Nanog_KO_Rep1","Read_2602",0.720245893196247,"Subpopulation_1"
"NGS_Nanog_KO_Rep1","Read_2603",0.714725923627599,"Subpopulation_1"
"NGS_Nanog_KO_Rep1","Read_2604",0.720468971188644,"Subpopulation_1"
"NGS_Nanog_KO_Rep1","Read_2605",0.720402838505625,"Subpopulation_1"
"NGS_Nanog_KO_Rep1","Read_2606",0.715707877301861,"Subpopulation_1"
"NGS_Nanog_KO_Rep1","Read_2607",0.712544131506581,"Subpopulation_1"
"NGS_Nanog_KO_Rep1","Read_2608",0.703114645782069,"Subpopulation_1"
"NGS_Nanog_KO_Rep1","Read_2609",0.727357287064258,"Subpopulation_1"
"NGS_Nanog_KO_Rep1","Read_2610",0.712120606127075,"Subpopulation_1"
"NGS_Nanog_KO_Rep1","Read_2611",0.72045603497342,"Subpopulation_1"
"NGS_Nanog_KO_Rep1","Read_2612",0.720799981624786,"Subpopulation_1"
"NGS_Nanog_KO_Rep1","Read_2613",0.723824427000413,"Subpopulation_1"
"NGS_Nanog_KO_Rep1","Read_2614",0.713246416302454,"Subpopulation_1"
"NGS_Nanog_KO_Rep1","Read_2615",0.721926985544484,"Subpopulation_1"
"NGS_Nanog_KO_Rep1","Read_2616",0.728944091197302,"Subpopulation_1"
"NGS_Nanog_KO_Rep1","Read_2617",0.714265804680761,"Subpopulation_1"
"NGS_Nanog_KO_Rep1","Read_2618",0.71474566186368,"Subpopulation_1"
"NGS_Nanog_KO_Rep1","Read_2619",0.710537828678463,"Subpopulation_1"
"NGS_Nanog_KO_Rep1","Read_2620",0.714812763084674,"Subpopulation_1"
"NGS_Nanog_KO_Rep1","Read_2621",0.716027664671999,"Subpopulation_1"
"NGS_Nanog_KO_Rep1","Read_2622",0.723432038856998,"Subpopulation_1"
"NGS_Nanog_KO_Rep1","Read_2623",0.717215813001847,"Subpopulation_1"
"NGS_Nanog_KO_Rep1","Read_2624",0.717801957513026,"Subpopulation_1"
"NGS_Nanog_KO_Rep1","Read_2625",0.719742243476757,"Subpopulation_1"
"NGS_Nanog_KO_Rep1","Read_2626",0.715386772246746,"Subpopulation_1"
"NGS_Nanog_KO_Rep1","Read_2627",0.716256812937408,"Subpopulation_1"
"NGS_Nanog_KO_Rep1","Read_2628",0.712460110650768,"Subpopulation_1"
"NGS_Nanog_KO_Rep1","Read_2629",0.714009612085064,"Subpopulation_1"
"NGS_Nanog_KO_Rep1","Read_2630",0.719908043027522,"Subpopulation_1"
"NGS_Nanog_KO_Rep1","Read_2631",0.712319627061271,"Subpopulation_1"
"NGS_Nanog_KO_Rep1","Read_2632",0.7249983493339,"Subpopulation_1"
"NGS_Nanog_KO_Rep1","Read_2633",0.708881734394601,"Subpopulation_1"
"NGS_Nanog_KO_Rep1","Read_2634",0.720153491942489,"Subpopulation_1"
"NGS_Nanog_KO_Rep1","Read_2635",0.716138013554347,"Subpopulation_1"
"NGS_Nanog_KO_Rep1","Read_2636",0.719061470260828,"Subpopulation_1"
"NGS_Nanog_KO_Rep1","Read_2637",0.723496754797225,"Subpopulation_1"
"NGS_Nanog_KO_Rep1","Read_2638",0.704735117292049,"Subpopulation_1"
"NGS_Nanog_KO_Rep1","Read_2639",0.712574020660643,"Subpopulation_1"
"NGS_Nanog_KO_Rep1","Read_2640",0.720694906777722,"Subpopulation_1"
"NGS_Nanog_KO_Rep1","Read_2641",0.721144316802432,"Subpopulation_1"
"NGS_Nanog_KO_Rep1","Read_2642",0.715360625127987,"Subpopulation_1"
"NGS_Nanog_KO_Rep1","Read_2643",0.715131923321102,"Subpopulation_1"
"NGS_Nanog_KO_Rep1","Read_2644",0.719338402606777,"Subpopulation_1"
"NGS_Nanog_KO_Rep1","Read_2645",0.716931264691641,"Subpopulation_1"
"NGS_Nanog_KO_Rep1","Read_2646",0.722655860974599,"Subpopulation_1"
"NGS_Nanog_KO_Rep1","Read_2647",0.723423125099607,"Subpopulation_1"
"NGS_Nanog_KO_Rep1","Read_2648",0.711463474057107,"Subpopulation_1"
"NGS_Nanog_KO_Rep1","Read_2649",0.711629392197572,"Subpopulation_1"
"NGS_Nanog_KO_Rep1","Read_2650",0.71751536170394,"Subpopulation_1"
"NGS_Nanog_KO_Rep1","Read_2651",0.712565769202477,"Subpopulation_1"
"NGS_Nanog_KO_Rep1","Read_2652",0.720545443415988,"Subpopulation_1"
"NGS_Nanog_KO_Rep1","Read_2653",0.714961245547825,"Subpopulation_1"
"NGS_Nanog_KO_Rep1","Read_2654",0.723274919429286,"Subpopulation_1"
"NGS_Nanog_KO_Rep1","Read_2655",0.724510530562674,"Subpopulation_1"
"NGS_Nanog_KO_Rep1","Read_2656",0.719251874941229,"Subpopulation_1"
"NGS_Nanog_KO_Rep1","Read_2657",0.723186678298346,"Subpopulation_1"
"NGS_Nanog_KO_Rep1","Read_2658",0.724449753509786,"Subpopulation_1"
"NGS_Nanog_KO_Rep1","Read_2659",0.722590780194237,"Subpopulation_1"
"NGS_Nanog_KO_Rep1","Read_2660",0.723306761271524,"Subpopulation_1"
"NGS_Nanog_KO_Rep1","Read_2661",0.719282608802848,"Subpopulation_1"
"NGS_Nanog_KO_Rep1","Read_2662",0.721622935856747,"Subpopulation_1"
"NGS_Nanog_KO_Rep1","Read_2663",0.71601066923737,"Subpopulation_1"
"NGS_Nanog_KO_Rep1","Read_2664",0.712224949259586,"Subpopulation_1"
"NGS_Nanog_KO_Rep1","Read_2665",0.710396079721687,"Subpopulation_1"
"NGS_Nanog_KO_Rep1","Read_2666",0.717316677820462,"Subpopulation_1"
"NGS_Nanog_KO_Rep1","Read_2667",0.706614107981285,"Subpopulation_1"
"NGS_Nanog_KO_Rep1","Read_2668",0.705319086004341,"Subpopulation_1"
"NGS_Nanog_KO_Rep1","Read_2669",0.718306312204068,"Subpopulation_1"
"NGS_Nanog_KO_Rep1","Read_2670",0.717916755124873,"Subpopulation_1"
"NGS_Nanog_KO_Rep1","Read_2671",0.721066976997642,"Subpopulation_1"
"NGS_Nanog_KO_Rep1","Read_2672",0.712846009761391,"Subpopulation_1"
"NGS_Nanog_KO_Rep1","Read_2673",0.721109752881799,"Subpopulation_1"
"NGS_Nanog_KO_Rep1","Read_2674",0.720054009339535,"Subpopulation_1"
"NGS_Nanog_KO_Rep1","Read_2675",0.718844102082375,"Subpopulation_1"
"NGS_Nanog_KO_Rep1","Read_2676",0.710109969150003,"Subpopulation_1"
"NGS_Nanog_KO_Rep1","Read_2677",0.711955783382888,"Subpopulation_1"
"NGS_Nanog_KO_Rep1","Read_2678",0.708098991374445,"Subpopulation_1"
"NGS_Nanog_KO_Rep1","Read_2679",0.710536438906834,"Subpopulation_1"
"NGS_Nanog_KO_Rep1","Read_2680",0.721326027164251,"Subpopulation_1"
"NGS_Nanog_KO_Rep1","Read_2681",0.718218135490123,"Subpopulation_1"
"NGS_Nanog_KO_Rep1","Read_2682",0.71738303775929,"Subpopulation_1"
"NGS_Nanog_KO_Rep1","Read_2683",0.715198499511832,"Subpopulation_1"
"NGS_Nanog_KO_Rep1","Read_2684",0.711651428449355,"Subpopulation_1"
"NGS_Nanog_KO_Rep1","Read_2685",0.720930250357455,"Subpopulation_1"
"NGS_Nanog_KO_Rep1","Read_2686",0.706492038393058,"Subpopulation_1"
"NGS_Nanog_KO_Rep1","Read_2687",0.726742570848082,"Subpopulation_1"
"NGS_Nanog_KO_Rep1","Read_2688",0.726904617098076,"Subpopulation_1"
"NGS_Nanog_KO_Rep1","Read_2689",0.713382067625322,"Subpopulation_1"
"NGS_Nanog_KO_Rep1","Read_2690",0.718570449779338,"Subpopulation_1"
"NGS_Nanog_KO_Rep1","Read_2691",0.722826440056628,"Subpopulation_1"
"NGS_Nanog_KO_Rep1","Read_2692",0.716297173723231,"Subpopulation_1"
"NGS_Nanog_KO_Rep1","Read_2693",0.724439126098435,"Subpopulation_1"
"NGS_Nanog_KO_Rep1","Read_2694",0.727964792749615,"Subpopulation_1"
"NGS_Nanog_KO_Rep1","Read_2695",0.72605811883428,"Subpopulation_1"
"NGS_Nanog_KO_Rep1","Read_2696",0.714677712677795,"Subpopulation_1"
"NGS_Nanog_KO_Rep1","Read_2697",0.717883803159745,"Subpopulation_1"
"NGS_Nanog_KO_Rep1","Read_2698",0.713662203276849,"Subpopulation_1"
"NGS_Nanog_KO_Rep1","Read_2699",0.719802834416078,"Subpopulation_1"
"NGS_Nanog_KO_Rep1","Read_2700",0.720208387085082,"Subpopulation_1"
"NGS_Nanog_KO_Rep1","Read_2701",0.70729489527098,"Subpopulation_1"
"NGS_Nanog_KO_Rep1","Read_2702",0.716883144273111,"Subpopulation_1"
"NGS_Nanog_KO_Rep1","Read_2703",0.71671056238107,"Subpopulation_1"
"NGS_Nanog_KO_Rep1","Read_2704",0.72144422117784,"Subpopulation_1"
"NGS_Nanog_KO_Rep1","Read_2705",0.731859630532053,"Subpopulation_1"
"NGS_Nanog_KO_Rep1","Read_2706",0.714766552424773,"Subpopulation_1"
"NGS_Nanog_KO_Rep1","Read_2707",0.719164623270108,"Subpopulation_1"
"NGS_Nanog_KO_Rep1","Read_2708",0.720220741387807,"Subpopulation_1"
"NGS_Nanog_KO_Rep1","Read_2709",0.708730929812773,"Subpopulation_1"
"NGS_Nanog_KO_Rep1","Read_2710",0.723085987293811,"Subpopulation_1"
"NGS_Nanog_KO_Rep1","Read_2711",0.710882146766087,"Subpopulation_1"
"NGS_Nanog_KO_Rep1","Read_2712",0.717845105546144,"Subpopulation_1"
"NGS_Nanog_KO_Rep1","Read_2713",0.716092577808322,"Subpopulation_1"
"NGS_Nanog_KO_Rep1","Read_2714",0.699960235987513,"Subpopulation_1"
"NGS_Nanog_KO_Rep1","Read_2715",0.713122198304927,"Subpopulation_1"
"NGS_Nanog_KO_Rep1","Read_2716",0.728775140916941,"Subpopulation_1"
"NGS_Nanog_KO_Rep1","Read_2717",0.722339007015291,"Subpopulation_1"
"NGS_Nanog_KO_Rep1","Read_2718",0.717430290624682,"Subpopulation_1"
"NGS_Nanog_KO_Rep1","Read_2719",0.724507798761626,"Subpopulation_1"
"NGS_Nanog_KO_Rep1","Read_2720",0.720529944273216,"Subpopulation_1"
"NGS_Nanog_KO_Rep1","Read_2721",0.717364028079889,"Subpopulation_1"
"NGS_Nanog_KO_Rep1","Read_2722",0.719989546244741,"Subpopulation_1"
"NGS_Nanog_KO_Rep1","Read_2723",0.718931256494601,"Subpopulation_1"
"NGS_Nanog_KO_Rep1","Read_2724",0.713633575667376,"Subpopulation_1"
"NGS_Nanog_KO_Rep1","Read_2725",0.716752800731711,"Subpopulation_1"
"NGS_Nanog_KO_Rep1","Read_2726",0.720768514055575,"Subpopulation_1"
"NGS_Nanog_KO_Rep1","Read_2727",0.711552109981684,"Subpopulation_1"
"NGS_Nanog_KO_Rep1","Read_2728",0.717676904594692,"Subpopulation_1"
"NGS_Nanog_KO_Rep1","Read_2729",0.717894897462507,"Subpopulation_1"
"NGS_Nanog_KO_Rep1","Read_2730",0.710531895330799,"Subpopulation_1"
"NGS_Nanog_KO_Rep1","Read_2731",0.727149555722423,"Subpopulation_1"
"NGS_Nanog_KO_Rep1","Read_2732",0.715112188931064,"Subpopulation_1"
"NGS_Nanog_KO_Rep1","Read_2733",0.721484252673347,"Subpopulation_1"
"NGS_Nanog_KO_Rep1","Read_2734",0.717726382070014,"Subpopulation_1"
"NGS_Nanog_KO_Rep1","Read_2735",0.721168269516854,"Subpopulation_1"
"NGS_Nanog_KO_Rep1","Read_2736",0.715442313443725,"Subpopulation_1"
"NGS_Nanog_KO_Rep1","Read_2737",0.725694789195417,"Subpopulation_1"
"NGS_Nanog_KO_Rep1","Read_2738",0.715851849164846,"Subpopulation_1"
"NGS_Nanog_KO_Rep1","Read_2739",0.717162144772855,"Subpopulation_1"
"NGS_Nanog_KO_Rep1","Read_2740",0.717701989007643,"Subpopulation_1"
"NGS_Nanog_KO_Rep1","Read_2741",0.722871768599576,"Subpopulation_1"
"NGS_Nanog_KO_Rep1","Read_2742",0.728390079888616,"Subpopulation_1"
"NGS_Nanog_KO_Rep1","Read_2743",0.713721518231429,"Subpopulation_1"
"NGS_Nanog_KO_Rep1","Read_2744",0.716298464490973,"Subpopulation_1"
"NGS_Nanog_KO_Rep1","Read_2745",0.718553055185918,"Subpopulation_1"
"NGS_Nanog_KO_Rep1","Read_2746",0.719049676239816,"Subpopulation_1"
"NGS_Nanog_KO_Rep1","Read_2747",0.714329771654942,"Subpopulation_1"
"NGS_Nanog_KO_Rep1","Read_2748",0.717227439770324,"Subpopulation_1"
"NGS_Nanog_KO_Rep1","Read_2749",0.719111648358075,"Subpopulation_1"
"NGS_Nanog_KO_Rep1","Read_2750",0.722071328401084,"Subpopulation_1"
"NGS_Nanog_KO_Rep1","Read_2751",0.713545588160307,"Subpopulation_1"
"NGS_Nanog_KO_Rep1","Read_2752",0.722832348308096,"Subpopulation_1"
"NGS_Nanog_KO_Rep1","Read_2753",0.721447104680622,"Subpopulation_1"
"NGS_Nanog_KO_Rep1","Read_2754",0.722103639556051,"Subpopulation_1"
"NGS_Nanog_KO_Rep1","Read_2755",0.714624305648206,"Subpopulation_1"
"NGS_Nanog_KO_Rep1","Read_2756",0.709152729790272,"Subpopulation_1"
"NGS_Nanog_KO_Rep1","Read_2757",0.712557525794486,"Subpopulation_1"
"NGS_Nanog_KO_Rep1","Read_2758",0.711706921866059,"Subpopulation_1"
"NGS_Nanog_KO_Rep1","Read_2759",0.72292850686217,"Subpopulation_1"
"NGS_Nanog_KO_Rep1","Read_2760",0.711075367200101,"Subpopulation_1"
"NGS_Nanog_KO_Rep1","Read_2761",0.725101813175472,"Subpopulation_1"
"NGS_Nanog_KO_Rep1","Read_2762",0.715745376744782,"Subpopulation_1"
"NGS_Nanog_KO_Rep1","Read_2763",0.717345347544521,"Subpopulation_1"
"NGS_Nanog_KO_Rep1","Read_2764",0.71860218635807,"Subpopulation_1"
"NGS_Nanog_KO_Rep1","Read_2765",0.7145995126586,"Subpopulation_1"
"NGS_Nanog_KO_Rep1","Read_2766",0.716627292309673,"Subpopulation_1"
"NGS_Nanog_KO_Rep1","Read_2767",0.721182036638535,"Subpopulation_1"
"NGS_Nanog_KO_Rep1","Read_2768",0.725634162213849,"Subpopulation_1"
"NGS_Nanog_KO_Rep1","Read_2769",0.718662560480114,"Subpopulation_1"
"NGS_Nanog_KO_Rep1","Read_2770",0.716087970134942,"Subpopulation_1"
"NGS_Nanog_KO_Rep1","Read_2771",0.71591715775652,"Subpopulation_1"
"NGS_Nanog_KO_Rep1","Read_2772",0.719716088881539,"Subpopulation_1"
"NGS_Nanog_KO_Rep1","Read_2773",0.717140796601958,"Subpopulation_1"
"NGS_Nanog_KO_Rep1","Read_2774",0.714249435895924,"Subpopulation_1"
"NGS_Nanog_KO_Rep1","Read_2775",0.729151571510381,"Subpopulation_1"
"NGS_Nanog_KO_Rep1","Read_2776",0.721676695242069,"Subpopulation_1"
"NGS_Nanog_KO_Rep1","Read_2777",0.712117333383868,"Subpopulation_1"
"NGS_Nanog_KO_Rep1","Read_2778",0.72191504447514,"Subpopulation_1"
"NGS_Nanog_KO_Rep1","Read_2779",0.702211841462569,"Subpopulation_1"
"NGS_Nanog_KO_Rep1","Read_2780",0.719206401167669,"Subpopulation_1"
"NGS_Nanog_KO_Rep1","Read_2781",0.732874391699032,"Subpopulation_1"
"NGS_Nanog_KO_Rep1","Read_2782",0.720859282577048,"Subpopulation_1"
"NGS_Nanog_KO_Rep1","Read_2783",0.702194654475206,"Subpopulation_1"
"NGS_Nanog_KO_Rep1","Read_2784",0.722160234533417,"Subpopulation_1"
"NGS_Nanog_KO_Rep1","Read_2785",0.721280626561389,"Subpopulation_1"
"NGS_Nanog_KO_Rep1","Read_2786",0.709970673646683,"Subpopulation_1"
"NGS_Nanog_KO_Rep1","Read_2787",0.721813335664983,"Subpopulation_1"
"NGS_Nanog_KO_Rep1","Read_2788",0.704509125790382,"Subpopulation_1"
"NGS_Nanog_KO_Rep1","Read_2789",0.72022991063003,"Subpopulation_1"
"NGS_Nanog_KO_Rep1","Read_2790",0.724101887250422,"Subpopulation_1"
"NGS_Nanog_KO_Rep1","Read_2791",0.708325547327091,"Subpopulation_1"
"NGS_Nanog_KO_Rep1","Read_2792",0.717206881032147,"Subpopulation_1"
"NGS_Nanog_KO_Rep1","Read_2793",0.7229762970697,"Subpopulation_1"
"NGS_Nanog_KO_Rep1","Read_2794",0.706566017323626,"Subpopulation_1"
"NGS_Nanog_KO_Rep1","Read_2795",0.716209696609058,"Subpopulation_1"
"NGS_Nanog_KO_Rep1","Read_2796",0.713762428539651,"Subpopulation_1"
"NGS_Nanog_KO_Rep1","Read_2797",0.717162068426874,"Subpopulation_1"
"NGS_Nanog_KO_Rep1","Read_2798",0.719988474626893,"Subpopulation_1"
"NGS_Nanog_KO_Rep1","Read_2799",0.717725091819611,"Subpopulation_1"
"NGS_Nanog_KO_Rep1","Read_2800",0.717026278061505,"Subpopulation_1"
"NGS_Nanog_KO_Rep1","Read_2801",0.72297226807611,"Subpopulation_1"
"NGS_Nanog_KO_Rep1","Read_2802",0.720866924218751,"Subpopulation_1"
"NGS_Nanog_KO_Rep1","Read_2803",0.718323303657621,"Subpopulation_1"
"NGS_Nanog_KO_Rep1","Read_2804",0.712800456968094,"Subpopulation_1"
"NGS_Nanog_KO_Rep1","Read_2805",0.728503151022213,"Subpopulation_1"
"NGS_Nanog_KO_Rep1","Read_2806",0.712911275399333,"Subpopulation_1"
"NGS_Nanog_KO_Rep1","Read_2807",0.717673198891626,"Subpopulation_1"
"NGS_Nanog_KO_Rep1","Read_2808",0.720923738100325,"Subpopulation_1"
"NGS_Nanog_KO_Rep1","Read_2809",0.71928442836869,"Subpopulation_1"
"NGS_Nanog_KO_Rep1","Read_2810",0.725538975567215,"Subpopulation_1"
"NGS_Nanog_KO_Rep1","Read_2811",0.713937013742554,"Subpopulation_1"
"NGS_Nanog_KO_Rep1","Read_2812",0.720797124757519,"Subpopulation_1"
"NGS_Nanog_KO_Rep1","Read_2813",0.706713342319243,"Subpopulation_1"
"NGS_Nanog_KO_Rep1","Read_2814",0.712936450443597,"Subpopulation_1"
"NGS_Nanog_KO_Rep1","Read_2815",0.727176957173136,"Subpopulation_1"
"NGS_Nanog_KO_Rep1","Read_2816",0.724865764108375,"Subpopulation_1"
"NGS_Nanog_KO_Rep1","Read_2817",0.725267346942985,"Subpopulation_1"
"NGS_Nanog_KO_Rep1","Read_2818",0.722532770221804,"Subpopulation_1"
"NGS_Nanog_KO_Rep1","Read_2819",0.723831418947517,"Subpopulation_1"
"NGS_Nanog_KO_Rep1","Read_2820",0.716253700744502,"Subpopulation_1"
"NGS_Nanog_KO_Rep1","Read_2821",0.715276321233671,"Subpopulation_1"
"NGS_Nanog_KO_Rep1","Read_2822",0.71075999901505,"Subpopulation_1"
"NGS_Nanog_KO_Rep1","Read_2823",0.724437376668161,"Subpopulation_1"
"NGS_Nanog_KO_Rep1","Read_2824",0.727999058972444,"Subpopulation_1"
"NGS_Nanog_KO_Rep1","Read_2825",0.723064435517334,"Subpopulation_1"
"NGS_Nanog_KO_Rep1","Read_2826",0.719747197707034,"Subpopulation_1"
"NGS_Nanog_KO_Rep1","Read_2827",0.719663083915411,"Subpopulation_1"
"NGS_Nanog_KO_Rep1","Read_2828",0.731257931352113,"Subpopulation_1"
"NGS_Nanog_KO_Rep1","Read_2829",0.707037187507476,"Subpopulation_1"
"NGS_Nanog_KO_Rep1","Read_2830",0.715994566329219,"Subpopulation_1"
"NGS_Nanog_KO_Rep1","Read_2831",0.715506968651606,"Subpopulation_1"
"NGS_Nanog_KO_Rep1","Read_2832",0.715962306295001,"Subpopulation_1"
"NGS_Nanog_KO_Rep1","Read_2833",0.720218420385252,"Subpopulation_1"
"NGS_Nanog_KO_Rep1","Read_2834",0.719710821617588,"Subpopulation_1"
"NGS_Nanog_KO_Rep1","Read_2835",0.712520921239781,"Subpopulation_1"
"NGS_Nanog_KO_Rep1","Read_2836",0.723156769253133,"Subpopulation_1"
"NGS_Nanog_KO_Rep1","Read_2837",0.721913178125298,"Subpopulation_1"
"NGS_Nanog_KO_Rep1","Read_2838",0.718333486760062,"Subpopulation_1"
"NGS_Nanog_KO_Rep1","Read_2839",0.712739561528345,"Subpopulation_1"
"NGS_Nanog_KO_Rep1","Read_2840",0.715009104158806,"Subpopulation_1"
"NGS_Nanog_KO_Rep1","Read_2841",0.718644367175415,"Subpopulation_1"
"NGS_Nanog_KO_Rep1","Read_2842",0.71528154601806,"Subpopulation_1"
"NGS_Nanog_KO_Rep1","Read_2843",0.723755552420214,"Subpopulation_1"
"NGS_Nanog_KO_Rep1","Read_2844",0.733304203607641,"Subpopulation_1"
"NGS_Nanog_KO_Rep1","Read_2845",0.713208157725707,"Subpopulation_1"
"NGS_Nanog_KO_Rep1","Read_2846",0.72180771778544,"Subpopulation_1"
"NGS_Nanog_KO_Rep1","Read_2847",0.708120684976799,"Subpopulation_1"
"NGS_Nanog_KO_Rep1","Read_2848",0.713048945267376,"Subpopulation_1"
"NGS_Nanog_KO_Rep1","Read_2849",0.715501226248753,"Subpopulation_1"
"NGS_Nanog_KO_Rep1","Read_2850",0.716551169742083,"Subpopulation_1"
"NGS_Nanog_KO_Rep1","Read_2851",0.720797907465025,"Subpopulation_1"
"NGS_Nanog_KO_Rep1","Read_2852",0.717439646201116,"Subpopulation_1"
"NGS_Nanog_KO_Rep1","Read_2853",0.718190071651599,"Subpopulation_1"
"NGS_Nanog_KO_Rep1","Read_2854",0.718025209629374,"Subpopulation_1"
"NGS_Nanog_KO_Rep1","Read_2855",0.703908887337435,"Subpopulation_1"
"NGS_Nanog_KO_Rep1","Read_2856",0.717503993982186,"Subpopulation_1"
"NGS_Nanog_KO_Rep1","Read_2857",0.714820983122322,"Subpopulation_1"
"NGS_Nanog_KO_Rep1","Read_2858",0.723863858041057,"Subpopulation_1"
"NGS_Nanog_KO_Rep1","Read_2859",0.722792287005303,"Subpopulation_1"
"NGS_Nanog_KO_Rep1","Read_2860",0.718253329262177,"Subpopulation_1"
"NGS_Nanog_KO_Rep1","Read_2861",0.713983725140162,"Subpopulation_1"
"NGS_Nanog_KO_Rep1","Read_2862",0.724017569673746,"Subpopulation_1"
"NGS_Nanog_KO_Rep1","Read_2863",0.723484749894111,"Subpopulation_1"
"NGS_Nanog_KO_Rep1","Read_2864",0.716776059986619,"Subpopulation_1"
"NGS_Nanog_KO_Rep1","Read_2865",0.710558676064205,"Subpopulation_1"
"NGS_Nanog_KO_Rep1","Read_2866",0.721706184228502,"Subpopulation_1"
"NGS_Nanog_KO_Rep1","Read_2867",0.720181209010018,"Subpopulation_1"
"NGS_Nanog_KO_Rep1","Read_2868",0.700154569439463,"Subpopulation_1"
"NGS_Nanog_KO_Rep1","Read_2869",0.719110888679873,"Subpopulation_1"
"NGS_Nanog_KO_Rep1","Read_2870",0.722554814088423,"Subpopulation_1"
"NGS_Nanog_KO_Rep1","Read_2871",0.715657935047923,"Subpopulation_1"
"NGS_Nanog_KO_Rep1","Read_2872",0.716833675872724,"Subpopulation_1"
"NGS_Nanog_KO_Rep1","Read_2873",0.716274111593403,"Subpopulation_1"
"NGS_Nanog_KO_Rep1","Read_2874",0.715916859906868,"Subpopulation_1"
"NGS_Nanog_KO_Rep1","Read_2875",0.720807731786962,"Subpopulation_1"
"NGS_Nanog_KO_Rep1","Read_2876",0.715720693592974,"Subpopulation_1"
"NGS_Nanog_KO_Rep1","Read_2877",0.718821771710603,"Subpopulation_1"
"NGS_Nanog_KO_Rep1","Read_2878",0.72047343107747,"Subpopulation_1"
"NGS_Nanog_KO_Rep1","Read_2879",0.718206297778951,"Subpopulation_1"
"NGS_Nanog_KO_Rep1","Read_2880",0.730076700084464,"Subpopulation_1"
"NGS_Nanog_KO_Rep1","Read_2881",0.731899694296219,"Subpopulation_1"
"NGS_Nanog_KO_Rep1","Read_2882",0.716032027494584,"Subpopulation_1"
"NGS_Nanog_KO_Rep1","Read_2883",0.71492258009665,"Subpopulation_1"
"NGS_Nanog_KO_Rep1","Read_2884",0.710585844219551,"Subpopulation_1"
"NGS_Nanog_KO_Rep1","Read_2885",0.721297691930641,"Subpopulation_1"
"NGS_Nanog_KO_Rep1","Read_2886",0.72238934446875,"Subpopulation_1"
"NGS_Nanog_KO_Rep1","Read_2887",0.718579007850131,"Subpopulation_1"
"NGS_Nanog_KO_Rep1","Read_2888",0.719612788932821,"Subpopulation_1"
"NGS_Nanog_KO_Rep1","Read_2889",0.726524014928104,"Subpopulation_1"
"NGS_Nanog_KO_Rep1","Read_2890",0.718030991681404,"Subpopulation_1"
"NGS_Nanog_KO_Rep1","Read_2891",0.722164435052744,"Subpopulation_1"
"NGS_Nanog_KO_Rep1","Read_2892",0.722160214121773,"Subpopulation_1"
"NGS_Nanog_KO_Rep1","Read_2893",0.735531445617949,"Subpopulation_1"
"NGS_Nanog_KO_Rep1","Read_2894",0.725378647595431,"Subpopulation_1"
"NGS_Nanog_KO_Rep1","Read_2895",0.71931230456017,"Subpopulation_1"
"NGS_Nanog_KO_Rep1","Read_2896",0.728534386328901,"Subpopulation_1"
"NGS_Nanog_KO_Rep1","Read_2897",0.71952576703545,"Subpopulation_1"
"NGS_Nanog_KO_Rep1","Read_2898",0.721844808765418,"Subpopulation_1"
"NGS_Nanog_KO_Rep1","Read_2899",0.704220366309093,"Subpopulation_1"
"NGS_Nanog_KO_Rep1","Read_2900",0.710880789113263,"Subpopulation_1"
"NGS_Nanog_KO_Rep1","Read_2901",0.716376896782532,"Subpopulation_1"
"NGS_Nanog_KO_Rep1","Read_2902",0.722689897902224,"Subpopulation_1"
"NGS_Nanog_KO_Rep1","Read_2903",0.720895629022734,"Subpopulation_1"
"NGS_Nanog_KO_Rep1","Read_2904",0.707373330615391,"Subpopulation_1"
"NGS_Nanog_KO_Rep1","Read_2905",0.715580657813098,"Subpopulation_1"
"NGS_Nanog_KO_Rep1","Read_2906",0.712263897491341,"Subpopulation_1"
"NGS_Nanog_KO_Rep1","Read_2907",0.719374766180018,"Subpopulation_1"
"NGS_Nanog_KO_Rep1","Read_2908",0.708962728366545,"Subpopulation_1"
"NGS_Nanog_KO_Rep1","Read_2909",0.714097138437494,"Subpopulation_1"
"NGS_Nanog_KO_Rep1","Read_2910",0.71529354727614,"Subpopulation_1"
"NGS_Nanog_KO_Rep1","Read_2911",0.713651587728376,"Subpopulation_1"
"NGS_Nanog_KO_Rep1","Read_2912",0.723198131915821,"Subpopulation_1"
"NGS_Nanog_KO_Rep1","Read_2913",0.718976789470171,"Subpopulation_1"
"NGS_Nanog_KO_Rep1","Read_2914",0.721154274371984,"Subpopulation_1"
"NGS_Nanog_KO_Rep1","Read_2915",0.726414757239568,"Subpopulation_1"
"NGS_Nanog_KO_Rep1","Read_2916",0.715784321375998,"Subpopulation_1"
"NGS_Nanog_KO_Rep1","Read_2917",0.712700499232425,"Subpopulation_1"
"NGS_Nanog_KO_Rep1","Read_2918",0.726154261810121,"Subpopulation_1"
"NGS_Nanog_KO_Rep1","Read_2919",0.720319984895373,"Subpopulation_1"
"NGS_Nanog_KO_Rep1","Read_2920",0.723762756420233,"Subpopulation_1"
"NGS_Nanog_KO_Rep1","Read_2921",0.725056756702926,"Subpopulation_1"
"NGS_Nanog_KO_Rep1","Read_2922",0.723704297917394,"Subpopulation_1"
"NGS_Nanog_KO_Rep1","Read_2923",0.717679781879815,"Subpopulation_1"
"NGS_Nanog_KO_Rep1","Read_2924",0.724833512499853,"Subpopulation_1"
"NGS_Nanog_KO_Rep1","Read_2925",0.702881915424924,"Subpopulation_1"
"NGS_Nanog_KO_Rep1","Read_2926",0.726462594479589,"Subpopulation_1"
"NGS_Nanog_KO_Rep1","Read_2927",0.718325635678734,"Subpopulation_1"
"NGS_Nanog_KO_Rep1","Read_2928",0.729277188112517,"Subpopulation_1"
"NGS_Nanog_KO_Rep1","Read_2929",0.723361011582357,"Subpopulation_1"
"NGS_Nanog_KO_Rep1","Read_2930",0.713913670132718,"Subpopulation_1"
"NGS_Nanog_KO_Rep1","Read_2931",0.711534112739132,"Subpopulation_1"
"NGS_Nanog_KO_Rep1","Read_2932",0.71124421586833,"Subpopulation_1"
"NGS_Nanog_KO_Rep1","Read_2933",0.726490986400825,"Subpopulation_1"
"NGS_Nanog_KO_Rep1","Read_2934",0.712474321457026,"Subpopulation_1"
"NGS_Nanog_KO_Rep1","Read_2935",0.715654758096251,"Subpopulation_1"
"NGS_Nanog_KO_Rep1","Read_2936",0.718008036046858,"Subpopulation_1"
"NGS_Nanog_KO_Rep1","Read_2937",0.717033611380591,"Subpopulation_1"
"NGS_Nanog_KO_Rep1","Read_2938",0.717188880808464,"Subpopulation_1"
"NGS_Nanog_KO_Rep1","Read_2939",0.717713911391787,"Subpopulation_1"
"NGS_Nanog_KO_Rep1","Read_2940",0.719316088680086,"Subpopulation_1"
"NGS_Nanog_KO_Rep1","Read_2941",0.71919322362943,"Subpopulation_1"
"NGS_Nanog_KO_Rep1","Read_2942",0.723077497311542,"Subpopulation_1"
"NGS_Nanog_KO_Rep1","Read_2943",0.710875055843598,"Subpopulation_1"
"NGS_Nanog_KO_Rep1","Read_2944",0.72532685328416,"Subpopulation_1"
"NGS_Nanog_KO_Rep1","Read_2945",0.718229267632014,"Subpopulation_1"
"NGS_Nanog_KO_Rep1","Read_2946",0.721765763265338,"Subpopulation_1"
"NGS_Nanog_KO_Rep1","Read_2947",0.707504834310352,"Subpopulation_1"
"NGS_Nanog_KO_Rep1","Read_2948",0.71920209307518,"Subpopulation_1"
"NGS_Nanog_KO_Rep1","Read_2949",0.72257494248344,"Subpopulation_1"
"NGS_Nanog_KO_Rep1","Read_2950",0.708293033489102,"Subpopulation_1"
"NGS_Nanog_KO_Rep1","Read_2951",0.715039537564462,"Subpopulation_1"
"NGS_Nanog_KO_Rep1","Read_2952",0.722676349851871,"Subpopulation_1"
"NGS_Nanog_KO_Rep1","Read_2953",0.721863715238914,"Subpopulation_1"
"NGS_Nanog_KO_Rep1","Read_2954",0.722937172411961,"Subpopulation_1"
"NGS_Nanog_KO_Rep1","Read_2955",0.724374951743034,"Subpopulation_1"
"NGS_Nanog_KO_Rep1","Read_2956",0.717672230018129,"Subpopulation_1"
"NGS_Nanog_KO_Rep1","Read_2957",0.714916941652876,"Subpopulation_1"
"NGS_Nanog_KO_Rep1","Read_2958",0.722157512946744,"Subpopulation_1"
"NGS_Nanog_KO_Rep1","Read_2959",0.725438551508749,"Subpopulation_1"
"NGS_Nanog_KO_Rep1","Read_2960",0.714025637358062,"Subpopulation_1"
"NGS_Nanog_KO_Rep1","Read_2961",0.72049090804945,"Subpopulation_1"
"NGS_Nanog_KO_Rep1","Read_2962",0.715850541310222,"Subpopulation_1"
"NGS_Nanog_KO_Rep1","Read_2963",0.713920832334191,"Subpopulation_1"
"NGS_Nanog_KO_Rep1","Read_2964",0.711696680549342,"Subpopulation_1"
"NGS_Nanog_KO_Rep1","Read_2965",0.71704621918421,"Subpopulation_1"
"NGS_Nanog_KO_Rep1","Read_2966",0.709801968050341,"Subpopulation_1"
"NGS_Nanog_KO_Rep1","Read_2967",0.729308726898151,"Subpopulation_1"
"NGS_Nanog_KO_Rep1","Read_2968",0.714963355910165,"Subpopulation_1"
"NGS_Nanog_KO_Rep1","Read_2969",0.724765993139035,"Subpopulation_1"
"NGS_Nanog_KO_Rep1","Read_2970",0.711056155255667,"Subpopulation_1"
"NGS_Nanog_KO_Rep1","Read_2971",0.71856147877253,"Subpopulation_1"
"NGS_Nanog_KO_Rep1","Read_2972",0.716089775872735,"Subpopulation_1"
"NGS_Nanog_KO_Rep1","Read_2973",0.73002725554389,"Subpopulation_1"
"NGS_Nanog_KO_Rep1","Read_2974",0.711810961087658,"Subpopulation_1"
"NGS_Nanog_KO_Rep1","Read_2975",0.712071423289689,"Subpopulation_1"
"NGS_Nanog_KO_Rep1","Read_2976",0.706647023831502,"Subpopulation_1"
"NGS_Nanog_KO_Rep1","Read_2977",0.714157537096388,"Subpopulation_1"
"NGS_Nanog_KO_Rep1","Read_2978",0.726348063392623,"Subpopulation_1"
"NGS_Nanog_KO_Rep1","Read_2979",0.729560928928409,"Subpopulation_1"
"NGS_Nanog_KO_Rep1","Read_2980",0.713485647038624,"Subpopulation_1"
"NGS_Nanog_KO_Rep1","Read_2981",0.722228392034684,"Subpopulation_1"
"NGS_Nanog_KO_Rep1","Read_2982",0.713675867886469,"Subpopulation_1"
"NGS_Nanog_KO_Rep1","Read_2983",0.723840811253082,"Subpopulation_1"
"NGS_Nanog_KO_Rep1","Read_2984",0.713844518261832,"Subpopulation_1"
"NGS_Nanog_KO_Rep1","Read_2985",0.723222592494238,"Subpopulation_1"
"NGS_Nanog_KO_Rep1","Read_2986",0.712546890527932,"Subpopulation_1"
"NGS_Nanog_KO_Rep1","Read_2987",0.7165198394197,"Subpopulation_1"
"NGS_Nanog_KO_Rep1","Read_2988",0.722524059368403,"Subpopulation_1"
"NGS_Nanog_KO_Rep1","Read_2989",0.718492990121312,"Subpopulation_1"
"NGS_Nanog_KO_Rep1","Read_2990",0.72383565050597,"Subpopulation_1"
"NGS_Nanog_KO_Rep1","Read_2991",0.720248546821426,"Subpopulation_1"
"NGS_Nanog_KO_Rep1","Read_2992",0.718858573676794,"Subpopulation_1"
"NGS_Nanog_KO_Rep1","Read_2993",0.711400066324072,"Subpopulation_1"
"NGS_Nanog_KO_Rep1","Read_2994",0.717132331990213,"Subpopulation_1"
"NGS_Nanog_KO_Rep1","Read_2995",0.712724206546726,"Subpopulation_1"
"NGS_Nanog_KO_Rep1","Read_2996",0.723884777577993,"Subpopulation_1"
"NGS_Nanog_KO_Rep1","Read_2997",0.720713558557243,"Subpopulation_1"
"NGS_Nanog_KO_Rep1","Read_2998",0.717365615973501,"Subpopulation_1"
"NGS_Nanog_KO_Rep1","Read_2999",0.718539721808493,"Subpopulation_1"
"NGS_Nanog_KO_Rep1","Read_3000",0.723093438934979,"Subpopulation_1"
