"Sample","ReadID","sampled_methylation","allele"
"NGS_H19_Normal_Rep1","Read_1",0.98591024489446,"Subpopulation_2"
"NGS_H19_Normal_Rep1","Read_2",0.0181711962266314,"Subpopulation_1"
"NGS_H19_Normal_Rep1","Read_3",0.984125183522308,"Subpopulation_2"
"NGS_H19_Normal_Rep1","Read_4",0.0200988751158919,"Subpopulation_1"
"NGS_H19_Normal_Rep1","Read_5",0.0205466371764543,"Subpopulation_1"
"NGS_H19_Normal_Rep1","Read_6",0.0204591497262608,"Subpopulation_1"
"NGS_H19_Normal_Rep1","Read_7",0.0168793317563448,"Subpopulation_1"
"NGS_H19_Normal_Rep1","Read_8",0.0143101175500857,"Subpopulation_1"
"NGS_H19_Normal_Rep1","Read_9",0.97856307840551,"Subpopulation_2"
"NGS_H19_Normal_Rep1","Read_10",0.974408957506851,"Subpopulation_2"
"NGS_H19_Normal_Rep1","Read_11",0.0164047798646932,"Subpopulation_1"
"NGS_H19_Normal_Rep1","Read_12",0.018370852667224,"Subpopulation_1"
"NGS_H19_Normal_Rep1","Read_13",0.0180491128177302,"Subpopulation_1"
"NGS_H19_Normal_Rep1","Read_14",0.984293144038447,"Subpopulation_2"
"NGS_H19_Normal_Rep1","Read_15",0.0191372765860796,"Subpopulation_1"
"NGS_H19_Normal_Rep1","Read_16",0.981115276868184,"Subpopulation_2"
"NGS_H19_Normal_Rep1","Read_17",0.979020737255517,"Subpopulation_2"
"NGS_H19_Normal_Rep1","Read_18",0.978993182777039,"Subpopulation_2"
"NGS_H19_Normal_Rep1","Read_19",0.98745262176091,"Subpopulation_2"
"NGS_H19_Normal_Rep1","Read_20",0.0199548128827782,"Subpopulation_1"
"NGS_H19_Normal_Rep1","Read_21",0.979351050078953,"Subpopulation_2"
"NGS_H19_Normal_Rep1","Read_22",0.984642199807484,"Subpopulation_2"
"NGS_H19_Normal_Rep1","Read_23",0.0211313787161507,"Subpopulation_1"
"NGS_H19_Normal_Rep1","Read_24",0.985472465193644,"Subpopulation_2"
"NGS_H19_Normal_Rep1","Read_25",0.982216749215521,"Subpopulation_2"
"NGS_H19_Normal_Rep1","Read_26",0.0230704251805996,"Subpopulation_1"
"NGS_H19_Normal_Rep1","Read_27",0.01741657083812,"Subpopulation_1"
"NGS_H19_Normal_Rep1","Read_28",0.0299041294612147,"Subpopulation_1"
"NGS_H19_Normal_Rep1","Read_29",0.0278501160760828,"Subpopulation_1"
"NGS_H19_Normal_Rep1","Read_30",0.0214130386207104,"Subpopulation_1"
"NGS_H19_Normal_Rep1","Read_31",0.0191887407884759,"Subpopulation_1"
"NGS_H19_Normal_Rep1","Read_32",0.0208576490596792,"Subpopulation_1"
"NGS_H19_Normal_Rep1","Read_33",0.977494980172669,"Subpopulation_2"
"NGS_H19_Normal_Rep1","Read_34",0.974548505513766,"Subpopulation_2"
"NGS_H19_Normal_Rep1","Read_35",0.983895437293476,"Subpopulation_2"
"NGS_H19_Normal_Rep1","Read_36",0.0181419555879723,"Subpopulation_1"
"NGS_H19_Normal_Rep1","Read_37",0.979294851016696,"Subpopulation_2"
"NGS_H19_Normal_Rep1","Read_38",0.978631968659365,"Subpopulation_2"
"NGS_H19_Normal_Rep1","Read_39",0.0146409404769857,"Subpopulation_1"
"NGS_H19_Normal_Rep1","Read_40",0.015453133830601,"Subpopulation_1"
"NGS_H19_Normal_Rep1","Read_41",0.0136377608601792,"Subpopulation_1"
"NGS_H19_Normal_Rep1","Read_42",0.980773891054443,"Subpopulation_2"
"NGS_H19_Normal_Rep1","Read_43",0.978884232141559,"Subpopulation_2"
"NGS_H19_Normal_Rep1","Read_44",0.981531223138229,"Subpopulation_2"
"NGS_H19_Normal_Rep1","Read_45",0.973665421020892,"Subpopulation_2"
"NGS_H19_Normal_Rep1","Read_46",0.0212407064263186,"Subpopulation_1"
"NGS_H19_Normal_Rep1","Read_47",0.017490537288036,"Subpopulation_1"
"NGS_H19_Normal_Rep1","Read_48",0.0252823286602698,"Subpopulation_1"
"NGS_H19_Normal_Rep1","Read_49",0.0293010304245095,"Subpopulation_1"
"NGS_H19_Normal_Rep1","Read_50",0.0347546442893569,"Subpopulation_1"
"NGS_H19_Normal_Rep1","Read_51",0.984734690109295,"Subpopulation_2"
"NGS_H19_Normal_Rep1","Read_52",0.978130052462225,"Subpopulation_2"
"NGS_H19_Normal_Rep1","Read_53",0.0193310642694808,"Subpopulation_1"
"NGS_H19_Normal_Rep1","Read_54",0.973798522760614,"Subpopulation_2"
"NGS_H19_Normal_Rep1","Read_55",0.982466125833445,"Subpopulation_2"
"NGS_H19_Normal_Rep1","Read_56",0.0245203678867796,"Subpopulation_1"
"NGS_H19_Normal_Rep1","Read_57",0.0183804427576489,"Subpopulation_1"
"NGS_H19_Normal_Rep1","Read_58",0.0187570133176709,"Subpopulation_1"
"NGS_H19_Normal_Rep1","Read_59",0.0207143218789568,"Subpopulation_1"
"NGS_H19_Normal_Rep1","Read_60",0.01960299328075,"Subpopulation_1"
"NGS_H19_Normal_Rep1","Read_61",0.981608733485818,"Subpopulation_2"
"NGS_H19_Normal_Rep1","Read_62",0.0188471044632607,"Subpopulation_1"
"NGS_H19_Normal_Rep1","Read_63",0.0130967742059717,"Subpopulation_1"
"NGS_H19_Normal_Rep1","Read_64",0.974119011470193,"Subpopulation_2"
"NGS_H19_Normal_Rep1","Read_65",0.0156850750825804,"Subpopulation_1"
"NGS_H19_Normal_Rep1","Read_66",0.0223208711209021,"Subpopulation_1"
"NGS_H19_Normal_Rep1","Read_67",0.987959828070689,"Subpopulation_2"
"NGS_H19_Normal_Rep1","Read_68",0.0159818622904462,"Subpopulation_1"
"NGS_H19_Normal_Rep1","Read_69",0.976513450757649,"Subpopulation_2"
"NGS_H19_Normal_Rep1","Read_70",0.973808342498815,"Subpopulation_2"
"NGS_H19_Normal_Rep1","Read_71",0.0192458019504825,"Subpopulation_1"
"NGS_H19_Normal_Rep1","Read_72",0.983934060921939,"Subpopulation_2"
"NGS_H19_Normal_Rep1","Read_73",0.981354360999093,"Subpopulation_2"
"NGS_H19_Normal_Rep1","Read_74",0.979895845125552,"Subpopulation_2"
"NGS_H19_Normal_Rep1","Read_75",0.978730040579918,"Subpopulation_2"
"NGS_H19_Normal_Rep1","Read_76",0.978830150175829,"Subpopulation_2"
"NGS_H19_Normal_Rep1","Read_77",0.977479678925382,"Subpopulation_2"
"NGS_H19_Normal_Rep1","Read_78",0.0260336037120411,"Subpopulation_1"
"NGS_H19_Normal_Rep1","Read_79",0.0215451210288523,"Subpopulation_1"
"NGS_H19_Normal_Rep1","Read_80",0.975019232856677,"Subpopulation_2"
"NGS_H19_Normal_Rep1","Read_81",0.0218439136422243,"Subpopulation_1"
"NGS_H19_Normal_Rep1","Read_82",0.0161944538983213,"Subpopulation_1"
"NGS_H19_Normal_Rep1","Read_83",0.0168877625019682,"Subpopulation_1"
"NGS_H19_Normal_Rep1","Read_84",0.0203356538826032,"Subpopulation_1"
"NGS_H19_Normal_Rep1","Read_85",0.984454811047406,"Subpopulation_2"
"NGS_H19_Normal_Rep1","Read_86",0.017958253009792,"Subpopulation_1"
"NGS_H19_Normal_Rep1","Read_87",0.0270464175100335,"Subpopulation_1"
"NGS_H19_Normal_Rep1","Read_88",0.981278480591152,"Subpopulation_2"
"NGS_H19_Normal_Rep1","Read_89",0.980290233541682,"Subpopulation_2"
"NGS_H19_Normal_Rep1","Read_90",0.0171975874696743,"Subpopulation_1"
"NGS_H19_Normal_Rep1","Read_91",0.97756790431342,"Subpopulation_2"
"NGS_H19_Normal_Rep1","Read_92",0.0256462166203803,"Subpopulation_1"
"NGS_H19_Normal_Rep1","Read_93",0.0131277335372206,"Subpopulation_1"
"NGS_H19_Normal_Rep1","Read_94",0.979165595907745,"Subpopulation_2"
"NGS_H19_Normal_Rep1","Read_95",0.0220860815869272,"Subpopulation_1"
"NGS_H19_Normal_Rep1","Read_96",0.0153513286626489,"Subpopulation_1"
"NGS_H19_Normal_Rep1","Read_97",0.0167801105969102,"Subpopulation_1"
"NGS_H19_Normal_Rep1","Read_98",0.98795107433884,"Subpopulation_2"
"NGS_H19_Normal_Rep1","Read_99",0.0213957673685725,"Subpopulation_1"
"NGS_H19_Normal_Rep1","Read_100",0.0206887792472225,"Subpopulation_1"
"NGS_H19_Normal_Rep1","Read_101",0.981928123794075,"Subpopulation_2"
"NGS_H19_Normal_Rep1","Read_102",0.9707330198922,"Subpopulation_2"
"NGS_H19_Normal_Rep1","Read_103",0.0230092693437996,"Subpopulation_1"
"NGS_H19_Normal_Rep1","Read_104",0.0320894295426097,"Subpopulation_1"
"NGS_H19_Normal_Rep1","Read_105",0.982462148590258,"Subpopulation_2"
"NGS_H19_Normal_Rep1","Read_106",0.975013301543462,"Subpopulation_2"
"NGS_H19_Normal_Rep1","Read_107",0.025924690525877,"Subpopulation_1"
"NGS_H19_Normal_Rep1","Read_108",0.0151969913134791,"Subpopulation_1"
"NGS_H19_Normal_Rep1","Read_109",0.978886488142545,"Subpopulation_2"
"NGS_H19_Normal_Rep1","Read_110",0.0244730141932108,"Subpopulation_1"
"NGS_H19_Normal_Rep1","Read_111",0.983055250456623,"Subpopulation_2"
"NGS_H19_Normal_Rep1","Read_112",0.981349701578553,"Subpopulation_2"
"NGS_H19_Normal_Rep1","Read_113",0.978811908665203,"Subpopulation_2"
"NGS_H19_Normal_Rep1","Read_114",0.974355047154526,"Subpopulation_2"
"NGS_H19_Normal_Rep1","Read_115",0.019119011993593,"Subpopulation_1"
"NGS_H19_Normal_Rep1","Read_116",0.979562084884402,"Subpopulation_2"
"NGS_H19_Normal_Rep1","Read_117",0.983760978530825,"Subpopulation_2"
"NGS_H19_Normal_Rep1","Read_118",0.019918519404999,"Subpopulation_1"
"NGS_H19_Normal_Rep1","Read_119",0.97305352767339,"Subpopulation_2"
"NGS_H19_Normal_Rep1","Read_120",0.973885814313948,"Subpopulation_2"
"NGS_H19_Normal_Rep1","Read_121",0.0208911316836218,"Subpopulation_1"
"NGS_H19_Normal_Rep1","Read_122",0.969236535575405,"Subpopulation_2"
"NGS_H19_Normal_Rep1","Read_123",0.0323909095726753,"Subpopulation_1"
"NGS_H19_Normal_Rep1","Read_124",0.021446607474909,"Subpopulation_1"
"NGS_H19_Normal_Rep1","Read_125",0.0231459808503415,"Subpopulation_1"
"NGS_H19_Normal_Rep1","Read_126",0.983182138396972,"Subpopulation_2"
"NGS_H19_Normal_Rep1","Read_127",0.979483657759716,"Subpopulation_2"
"NGS_H19_Normal_Rep1","Read_128",0.0236067062575643,"Subpopulation_1"
"NGS_H19_Normal_Rep1","Read_129",0.0201836661685877,"Subpopulation_1"
"NGS_H19_Normal_Rep1","Read_130",0.986028404082284,"Subpopulation_2"
"NGS_H19_Normal_Rep1","Read_131",0.981489409362452,"Subpopulation_2"
"NGS_H19_Normal_Rep1","Read_132",0.97911123787848,"Subpopulation_2"
"NGS_H19_Normal_Rep1","Read_133",0.016582936645444,"Subpopulation_1"
"NGS_H19_Normal_Rep1","Read_134",0.0176670694110154,"Subpopulation_1"
"NGS_H19_Normal_Rep1","Read_135",0.0192640130927977,"Subpopulation_1"
"NGS_H19_Normal_Rep1","Read_136",0.0158163736365123,"Subpopulation_1"
"NGS_H19_Normal_Rep1","Read_137",0.0136037325099873,"Subpopulation_1"
"NGS_H19_Normal_Rep1","Read_138",0.975089474572707,"Subpopulation_2"
"NGS_H19_Normal_Rep1","Read_139",0.0224621627948351,"Subpopulation_1"
"NGS_H19_Normal_Rep1","Read_140",0.982113426311349,"Subpopulation_2"
"NGS_H19_Normal_Rep1","Read_141",0.980863447573912,"Subpopulation_2"
"NGS_H19_Normal_Rep1","Read_142",0.985342363269611,"Subpopulation_2"
"NGS_H19_Normal_Rep1","Read_143",0.0206245910755023,"Subpopulation_1"
"NGS_H19_Normal_Rep1","Read_144",0.984332860570587,"Subpopulation_2"
"NGS_H19_Normal_Rep1","Read_145",0.978721672029523,"Subpopulation_2"
"NGS_H19_Normal_Rep1","Read_146",0.986922519572753,"Subpopulation_2"
"NGS_H19_Normal_Rep1","Read_147",0.0177711201847164,"Subpopulation_1"
"NGS_H19_Normal_Rep1","Read_148",0.976997668646471,"Subpopulation_2"
"NGS_H19_Normal_Rep1","Read_149",0.982074128060522,"Subpopulation_2"
"NGS_H19_Normal_Rep1","Read_150",0.0257690551358281,"Subpopulation_1"
"NGS_H19_Normal_Rep1","Read_151",0.0289946787387391,"Subpopulation_1"
"NGS_H19_Normal_Rep1","Read_152",0.0194654482958437,"Subpopulation_1"
"NGS_H19_Normal_Rep1","Read_153",0.0254131286088604,"Subpopulation_1"
"NGS_H19_Normal_Rep1","Read_154",0.0167314159787473,"Subpopulation_1"
"NGS_H19_Normal_Rep1","Read_155",0.0186529452444383,"Subpopulation_1"
"NGS_H19_Normal_Rep1","Read_156",0.981922342981369,"Subpopulation_2"
"NGS_H19_Normal_Rep1","Read_157",0.981095174716985,"Subpopulation_2"
"NGS_H19_Normal_Rep1","Read_158",0.0118369636886907,"Subpopulation_1"
"NGS_H19_Normal_Rep1","Read_159",0.983122335221468,"Subpopulation_2"
"NGS_H19_Normal_Rep1","Read_160",0.972651447176,"Subpopulation_2"
"NGS_H19_Normal_Rep1","Read_161",0.0168356977160345,"Subpopulation_1"
"NGS_H19_Normal_Rep1","Read_162",0.98250719593517,"Subpopulation_2"
"NGS_H19_Normal_Rep1","Read_163",0.977229823074433,"Subpopulation_2"
"NGS_H19_Normal_Rep1","Read_164",0.026847548662082,"Subpopulation_1"
"NGS_H19_Normal_Rep1","Read_165",0.97789014044887,"Subpopulation_2"
"NGS_H19_Normal_Rep1","Read_166",0.973011349713885,"Subpopulation_2"
"NGS_H19_Normal_Rep1","Read_167",0.983142090417846,"Subpopulation_2"
"NGS_H19_Normal_Rep1","Read_168",0.0152601092857133,"Subpopulation_1"
"NGS_H19_Normal_Rep1","Read_169",0.984313559378981,"Subpopulation_2"
"NGS_H19_Normal_Rep1","Read_170",0.979779459789689,"Subpopulation_2"
"NGS_H19_Normal_Rep1","Read_171",0.970191748718811,"Subpopulation_2"
"NGS_H19_Normal_Rep1","Read_172",0.0157737864763841,"Subpopulation_1"
"NGS_H19_Normal_Rep1","Read_173",0.975009141960104,"Subpopulation_2"
"NGS_H19_Normal_Rep1","Read_174",0.0167233377666675,"Subpopulation_1"
"NGS_H19_Normal_Rep1","Read_175",0.0203634644332283,"Subpopulation_1"
"NGS_H19_Normal_Rep1","Read_176",0.0167489955882901,"Subpopulation_1"
"NGS_H19_Normal_Rep1","Read_177",0.98394309896153,"Subpopulation_2"
"NGS_H19_Normal_Rep1","Read_178",0.986042259991536,"Subpopulation_2"
"NGS_H19_Normal_Rep1","Read_179",0.0224071266370897,"Subpopulation_1"
"NGS_H19_Normal_Rep1","Read_180",0.975581901809535,"Subpopulation_2"
"NGS_H19_Normal_Rep1","Read_181",0.0274393525531953,"Subpopulation_1"
"NGS_H19_Normal_Rep1","Read_182",0.982738415566256,"Subpopulation_2"
"NGS_H19_Normal_Rep1","Read_183",0.969851660970288,"Subpopulation_2"
"NGS_H19_Normal_Rep1","Read_184",0.0207210029468333,"Subpopulation_1"
"NGS_H19_Normal_Rep1","Read_185",0.98442985980995,"Subpopulation_2"
"NGS_H19_Normal_Rep1","Read_186",0.986999722936694,"Subpopulation_2"
"NGS_H19_Normal_Rep1","Read_187",0.980837127084845,"Subpopulation_2"
"NGS_H19_Normal_Rep1","Read_188",0.021672820873709,"Subpopulation_1"
"NGS_H19_Normal_Rep1","Read_189",0.982034421861071,"Subpopulation_2"
"NGS_H19_Normal_Rep1","Read_190",0.983591959544086,"Subpopulation_2"
"NGS_H19_Normal_Rep1","Read_191",0.0151514391352316,"Subpopulation_1"
"NGS_H19_Normal_Rep1","Read_192",0.0314945566757678,"Subpopulation_1"
"NGS_H19_Normal_Rep1","Read_193",0.969488549320527,"Subpopulation_2"
"NGS_H19_Normal_Rep1","Read_194",0.0193083537315191,"Subpopulation_1"
"NGS_H19_Normal_Rep1","Read_195",0.0208263044528506,"Subpopulation_1"
"NGS_H19_Normal_Rep1","Read_196",0.979854147492947,"Subpopulation_2"
"NGS_H19_Normal_Rep1","Read_197",0.977833147724301,"Subpopulation_2"
"NGS_H19_Normal_Rep1","Read_198",0.975182171377121,"Subpopulation_2"
"NGS_H19_Normal_Rep1","Read_199",0.983916128971913,"Subpopulation_2"
"NGS_H19_Normal_Rep1","Read_200",0.980550849203705,"Subpopulation_2"
"NGS_H19_Normal_Rep1","Read_201",0.0124446903793915,"Subpopulation_1"
"NGS_H19_Normal_Rep1","Read_202",0.984061925481376,"Subpopulation_2"
"NGS_H19_Normal_Rep1","Read_203",0.0201393900864618,"Subpopulation_1"
"NGS_H19_Normal_Rep1","Read_204",0.0211439437831658,"Subpopulation_1"
"NGS_H19_Normal_Rep1","Read_205",0.974074035008774,"Subpopulation_2"
"NGS_H19_Normal_Rep1","Read_206",0.0248759858696086,"Subpopulation_1"
"NGS_H19_Normal_Rep1","Read_207",0.979881960187973,"Subpopulation_2"
"NGS_H19_Normal_Rep1","Read_208",0.0203227976620509,"Subpopulation_1"
"NGS_H19_Normal_Rep1","Read_209",0.0260389464117712,"Subpopulation_1"
"NGS_H19_Normal_Rep1","Read_210",0.971828834242729,"Subpopulation_2"
"NGS_H19_Normal_Rep1","Read_211",0.971817230998976,"Subpopulation_2"
"NGS_H19_Normal_Rep1","Read_212",0.0206747255507119,"Subpopulation_1"
"NGS_H19_Normal_Rep1","Read_213",0.980080876983011,"Subpopulation_2"
"NGS_H19_Normal_Rep1","Read_214",0.977017218450656,"Subpopulation_2"
"NGS_H19_Normal_Rep1","Read_215",0.0195067233409362,"Subpopulation_1"
"NGS_H19_Normal_Rep1","Read_216",0.0217275749743293,"Subpopulation_1"
"NGS_H19_Normal_Rep1","Read_217",0.0196221445670778,"Subpopulation_1"
"NGS_H19_Normal_Rep1","Read_218",0.00963341035647857,"Subpopulation_1"
"NGS_H19_Normal_Rep1","Read_219",0.982587602483172,"Subpopulation_2"
"NGS_H19_Normal_Rep1","Read_220",0.9783075072124,"Subpopulation_2"
"NGS_H19_Normal_Rep1","Read_221",0.0154026332541435,"Subpopulation_1"
"NGS_H19_Normal_Rep1","Read_222",0.976204199118899,"Subpopulation_2"
"NGS_H19_Normal_Rep1","Read_223",0.978172898947731,"Subpopulation_2"
"NGS_H19_Normal_Rep1","Read_224",0.978039528814054,"Subpopulation_2"
"NGS_H19_Normal_Rep1","Read_225",0.979471888729858,"Subpopulation_2"
"NGS_H19_Normal_Rep1","Read_226",0.0228610776109416,"Subpopulation_1"
"NGS_H19_Normal_Rep1","Read_227",0.980661509389006,"Subpopulation_2"
"NGS_H19_Normal_Rep1","Read_228",0.0253214308691642,"Subpopulation_1"
"NGS_H19_Normal_Rep1","Read_229",0.987944408037496,"Subpopulation_2"
"NGS_H19_Normal_Rep1","Read_230",0.0216430124692089,"Subpopulation_1"
"NGS_H19_Normal_Rep1","Read_231",0.978113441971072,"Subpopulation_2"
"NGS_H19_Normal_Rep1","Read_232",0.983065667469202,"Subpopulation_2"
"NGS_H19_Normal_Rep1","Read_233",0.0182900097024542,"Subpopulation_1"
"NGS_H19_Normal_Rep1","Read_234",0.0247752778026258,"Subpopulation_1"
"NGS_H19_Normal_Rep1","Read_235",0.979964058216674,"Subpopulation_2"
"NGS_H19_Normal_Rep1","Read_236",0.0215260995916158,"Subpopulation_1"
"NGS_H19_Normal_Rep1","Read_237",0.968736951599753,"Subpopulation_2"
"NGS_H19_Normal_Rep1","Read_238",0.971170002647771,"Subpopulation_2"
"NGS_H19_Normal_Rep1","Read_239",0.0256643332555745,"Subpopulation_1"
"NGS_H19_Normal_Rep1","Read_240",0.983843368668029,"Subpopulation_2"
"NGS_H19_Normal_Rep1","Read_241",0.985588732544187,"Subpopulation_2"
"NGS_H19_Normal_Rep1","Read_242",0.0212424770819333,"Subpopulation_1"
"NGS_H19_Normal_Rep1","Read_243",0.98654433779262,"Subpopulation_2"
"NGS_H19_Normal_Rep1","Read_244",0.985129466875953,"Subpopulation_2"
"NGS_H19_Normal_Rep1","Read_245",0.982518947418625,"Subpopulation_2"
"NGS_H19_Normal_Rep1","Read_246",0.0165351305425161,"Subpopulation_1"
"NGS_H19_Normal_Rep1","Read_247",0.0184788193808854,"Subpopulation_1"
"NGS_H19_Normal_Rep1","Read_248",0.0137919966634153,"Subpopulation_1"
"NGS_H19_Normal_Rep1","Read_249",0.979175526810152,"Subpopulation_2"
"NGS_H19_Normal_Rep1","Read_250",0.0185634209380491,"Subpopulation_1"
"NGS_H19_Normal_Rep1","Read_251",0.972878033718307,"Subpopulation_2"
"NGS_H19_Normal_Rep1","Read_252",0.978840576370007,"Subpopulation_2"
"NGS_H19_Normal_Rep1","Read_253",0.0128872545989352,"Subpopulation_1"
"NGS_H19_Normal_Rep1","Read_254",0.98162658869997,"Subpopulation_2"
"NGS_H19_Normal_Rep1","Read_255",0.981811094306155,"Subpopulation_2"
"NGS_H19_Normal_Rep1","Read_256",0.976327362150241,"Subpopulation_2"
"NGS_H19_Normal_Rep1","Read_257",0.984766872747553,"Subpopulation_2"
"NGS_H19_Normal_Rep1","Read_258",0.981657815951881,"Subpopulation_2"
"NGS_H19_Normal_Rep1","Read_259",0.984713640623627,"Subpopulation_2"
"NGS_H19_Normal_Rep1","Read_260",0.976478778856138,"Subpopulation_2"
"NGS_H19_Normal_Rep1","Read_261",0.986541627579098,"Subpopulation_2"
"NGS_H19_Normal_Rep1","Read_262",0.019728927023557,"Subpopulation_1"
"NGS_H19_Normal_Rep1","Read_263",0.0261065592538148,"Subpopulation_1"
"NGS_H19_Normal_Rep1","Read_264",0.985583959233174,"Subpopulation_2"
"NGS_H19_Normal_Rep1","Read_265",0.0145477690549224,"Subpopulation_1"
"NGS_H19_Normal_Rep1","Read_266",0.991702258001066,"Subpopulation_2"
"NGS_H19_Normal_Rep1","Read_267",0.024476777259797,"Subpopulation_1"
"NGS_H19_Normal_Rep1","Read_268",0.0220223961276814,"Subpopulation_1"
"NGS_H19_Normal_Rep1","Read_269",0.986805120152662,"Subpopulation_2"
"NGS_H19_Normal_Rep1","Read_270",0.98288676566774,"Subpopulation_2"
"NGS_H19_Normal_Rep1","Read_271",0.0269061422536604,"Subpopulation_1"
"NGS_H19_Normal_Rep1","Read_272",0.973839107706448,"Subpopulation_2"
"NGS_H19_Normal_Rep1","Read_273",0.979225779566594,"Subpopulation_2"
"NGS_H19_Normal_Rep1","Read_274",0.0109652844844259,"Subpopulation_1"
"NGS_H19_Normal_Rep1","Read_275",0.976550102016863,"Subpopulation_2"
"NGS_H19_Normal_Rep1","Read_276",0.981055833190435,"Subpopulation_2"
"NGS_H19_Normal_Rep1","Read_277",0.981772477657958,"Subpopulation_2"
"NGS_H19_Normal_Rep1","Read_278",0.0142881062484421,"Subpopulation_1"
"NGS_H19_Normal_Rep1","Read_279",0.0208531914724986,"Subpopulation_1"
"NGS_H19_Normal_Rep1","Read_280",0.022397990416232,"Subpopulation_1"
"NGS_H19_Normal_Rep1","Read_281",0.0196681694724956,"Subpopulation_1"
"NGS_H19_Normal_Rep1","Read_282",0.970878193525301,"Subpopulation_2"
"NGS_H19_Normal_Rep1","Read_283",0.989433362369268,"Subpopulation_2"
"NGS_H19_Normal_Rep1","Read_284",0.980367347225105,"Subpopulation_2"
"NGS_H19_Normal_Rep1","Read_285",0.0288112951701787,"Subpopulation_1"
"NGS_H19_Normal_Rep1","Read_286",0.0157951640294428,"Subpopulation_1"
"NGS_H19_Normal_Rep1","Read_287",0.984111618199932,"Subpopulation_2"
"NGS_H19_Normal_Rep1","Read_288",0.0167484716692252,"Subpopulation_1"
"NGS_H19_Normal_Rep1","Read_289",0.0181928234855068,"Subpopulation_1"
"NGS_H19_Normal_Rep1","Read_290",0.0160206392385699,"Subpopulation_1"
"NGS_H19_Normal_Rep1","Read_291",0.975858962722145,"Subpopulation_2"
"NGS_H19_Normal_Rep1","Read_292",0.989535985651973,"Subpopulation_2"
"NGS_H19_Normal_Rep1","Read_293",0.981694379690728,"Subpopulation_2"
"NGS_H19_Normal_Rep1","Read_294",0.983143412614459,"Subpopulation_2"
"NGS_H19_Normal_Rep1","Read_295",0.0214721319608648,"Subpopulation_1"
"NGS_H19_Normal_Rep1","Read_296",0.0207737431416256,"Subpopulation_1"
"NGS_H19_Normal_Rep1","Read_297",0.985294766221104,"Subpopulation_2"
"NGS_H19_Normal_Rep1","Read_298",0.979211442560585,"Subpopulation_2"
"NGS_H19_Normal_Rep1","Read_299",0.977604323761781,"Subpopulation_2"
"NGS_H19_Normal_Rep1","Read_300",0.0217736580867677,"Subpopulation_1"
"NGS_H19_Normal_Rep1","Read_301",0.980466563823986,"Subpopulation_2"
"NGS_H19_Normal_Rep1","Read_302",0.0214876904214253,"Subpopulation_1"
"NGS_H19_Normal_Rep1","Read_303",0.0165780113606501,"Subpopulation_1"
"NGS_H19_Normal_Rep1","Read_304",0.0150091683329438,"Subpopulation_1"
"NGS_H19_Normal_Rep1","Read_305",0.0223606071046003,"Subpopulation_1"
"NGS_H19_Normal_Rep1","Read_306",0.989043227116477,"Subpopulation_2"
"NGS_H19_Normal_Rep1","Read_307",0.973486529149822,"Subpopulation_2"
"NGS_H19_Normal_Rep1","Read_308",0.973033121959489,"Subpopulation_2"
"NGS_H19_Normal_Rep1","Read_309",0.0176663053972956,"Subpopulation_1"
"NGS_H19_Normal_Rep1","Read_310",0.0120033450897881,"Subpopulation_1"
"NGS_H19_Normal_Rep1","Read_311",0.0214843489795227,"Subpopulation_1"
"NGS_H19_Normal_Rep1","Read_312",0.976562584433369,"Subpopulation_2"
"NGS_H19_Normal_Rep1","Read_313",0.0216698344596757,"Subpopulation_1"
"NGS_H19_Normal_Rep1","Read_314",0.0172694268494883,"Subpopulation_1"
"NGS_H19_Normal_Rep1","Read_315",0.981757800987907,"Subpopulation_2"
"NGS_H19_Normal_Rep1","Read_316",0.974755731130682,"Subpopulation_2"
"NGS_H19_Normal_Rep1","Read_317",0.0198885322948813,"Subpopulation_1"
"NGS_H19_Normal_Rep1","Read_318",0.98509041996339,"Subpopulation_2"
"NGS_H19_Normal_Rep1","Read_319",0.985064535807948,"Subpopulation_2"
"NGS_H19_Normal_Rep1","Read_320",0.983395424945332,"Subpopulation_2"
"NGS_H19_Normal_Rep1","Read_321",0.0208000115681838,"Subpopulation_1"
"NGS_H19_Normal_Rep1","Read_322",0.0242400196579333,"Subpopulation_1"
"NGS_H19_Normal_Rep1","Read_323",0.980972013410421,"Subpopulation_2"
"NGS_H19_Normal_Rep1","Read_324",0.017524374932163,"Subpopulation_1"
"NGS_H19_Normal_Rep1","Read_325",0.982902735392123,"Subpopulation_2"
"NGS_H19_Normal_Rep1","Read_326",0.0195279508809977,"Subpopulation_1"
"NGS_H19_Normal_Rep1","Read_327",0.980356001366463,"Subpopulation_2"
"NGS_H19_Normal_Rep1","Read_328",0.0175966216726328,"Subpopulation_1"
"NGS_H19_Normal_Rep1","Read_329",0.977672623990308,"Subpopulation_2"
"NGS_H19_Normal_Rep1","Read_330",0.0211862209336915,"Subpopulation_1"
"NGS_H19_Normal_Rep1","Read_331",0.0187926190376859,"Subpopulation_1"
"NGS_H19_Normal_Rep1","Read_332",0.971238459041385,"Subpopulation_2"
"NGS_H19_Normal_Rep1","Read_333",0.0180550337387406,"Subpopulation_1"
"NGS_H19_Normal_Rep1","Read_334",0.977079515808399,"Subpopulation_2"
"NGS_H19_Normal_Rep1","Read_335",0.983415378852876,"Subpopulation_2"
"NGS_H19_Normal_Rep1","Read_336",0.975137840093781,"Subpopulation_2"
"NGS_H19_Normal_Rep1","Read_337",0.988438741530263,"Subpopulation_2"
"NGS_H19_Normal_Rep1","Read_338",0.0249952819857938,"Subpopulation_1"
"NGS_H19_Normal_Rep1","Read_339",0.975141894750108,"Subpopulation_2"
"NGS_H19_Normal_Rep1","Read_340",0.0174272162742881,"Subpopulation_1"
"NGS_H19_Normal_Rep1","Read_341",0.0163489910115054,"Subpopulation_1"
"NGS_H19_Normal_Rep1","Read_342",0.0247330328244694,"Subpopulation_1"
"NGS_H19_Normal_Rep1","Read_343",0.0226426811896288,"Subpopulation_1"
"NGS_H19_Normal_Rep1","Read_344",0.975438452114951,"Subpopulation_2"
"NGS_H19_Normal_Rep1","Read_345",0.983960282819958,"Subpopulation_2"
"NGS_H19_Normal_Rep1","Read_346",0.0140984069966393,"Subpopulation_1"
"NGS_H19_Normal_Rep1","Read_347",0.968148381200674,"Subpopulation_2"
"NGS_H19_Normal_Rep1","Read_348",0.975122437686018,"Subpopulation_2"
"NGS_H19_Normal_Rep1","Read_349",0.0151093001577759,"Subpopulation_1"
"NGS_H19_Normal_Rep1","Read_350",0.977093515910935,"Subpopulation_2"
"NGS_H19_Normal_Rep1","Read_351",0.973742791754376,"Subpopulation_2"
"NGS_H19_Normal_Rep1","Read_352",0.985971556251768,"Subpopulation_2"
"NGS_H19_Normal_Rep1","Read_353",0.980364145839985,"Subpopulation_2"
"NGS_H19_Normal_Rep1","Read_354",0.977664018816637,"Subpopulation_2"
"NGS_H19_Normal_Rep1","Read_355",0.0199088476656305,"Subpopulation_1"
"NGS_H19_Normal_Rep1","Read_356",0.98796375989732,"Subpopulation_2"
"NGS_H19_Normal_Rep1","Read_357",0.983022746921371,"Subpopulation_2"
"NGS_H19_Normal_Rep1","Read_358",0.01926197515044,"Subpopulation_1"
"NGS_H19_Normal_Rep1","Read_359",0.985639860614487,"Subpopulation_2"
"NGS_H19_Normal_Rep1","Read_360",0.981947477216261,"Subpopulation_2"
"NGS_H19_Normal_Rep1","Read_361",0.985556472230208,"Subpopulation_2"
"NGS_H19_Normal_Rep1","Read_362",0.973625822794392,"Subpopulation_2"
"NGS_H19_Normal_Rep1","Read_363",0.97745714661459,"Subpopulation_2"
"NGS_H19_Normal_Rep1","Read_364",0.0178125118245476,"Subpopulation_1"
"NGS_H19_Normal_Rep1","Read_365",0.0179961210900518,"Subpopulation_1"
"NGS_H19_Normal_Rep1","Read_366",0.976337674555124,"Subpopulation_2"
"NGS_H19_Normal_Rep1","Read_367",0.981306471650413,"Subpopulation_2"
"NGS_H19_Normal_Rep1","Read_368",0.0137151997150287,"Subpopulation_1"
"NGS_H19_Normal_Rep1","Read_369",0.0175945191300373,"Subpopulation_1"
"NGS_H19_Normal_Rep1","Read_370",0.0219884171999217,"Subpopulation_1"
"NGS_H19_Normal_Rep1","Read_371",0.976828653687976,"Subpopulation_2"
"NGS_H19_Normal_Rep1","Read_372",0.0153574595970211,"Subpopulation_1"
"NGS_H19_Normal_Rep1","Read_373",0.018675451570097,"Subpopulation_1"
"NGS_H19_Normal_Rep1","Read_374",0.982569593094875,"Subpopulation_2"
"NGS_H19_Normal_Rep1","Read_375",0.974334246406227,"Subpopulation_2"
"NGS_H19_Normal_Rep1","Read_376",0.977388796486243,"Subpopulation_2"
"NGS_H19_Normal_Rep1","Read_377",0.980528148366759,"Subpopulation_2"
"NGS_H19_Normal_Rep1","Read_378",0.0175911574134105,"Subpopulation_1"
"NGS_H19_Normal_Rep1","Read_379",0.980639784988657,"Subpopulation_2"
"NGS_H19_Normal_Rep1","Read_380",0.0174359375441575,"Subpopulation_1"
"NGS_H19_Normal_Rep1","Read_381",0.0195038068702936,"Subpopulation_1"
"NGS_H19_Normal_Rep1","Read_382",0.0219480914065842,"Subpopulation_1"
"NGS_H19_Normal_Rep1","Read_383",0.981411849112397,"Subpopulation_2"
"NGS_H19_Normal_Rep1","Read_384",0.984342642433909,"Subpopulation_2"
"NGS_H19_Normal_Rep1","Read_385",0.973016538985954,"Subpopulation_2"
"NGS_H19_Normal_Rep1","Read_386",0.0244869792538309,"Subpopulation_1"
"NGS_H19_Normal_Rep1","Read_387",0.0241166450734154,"Subpopulation_1"
"NGS_H19_Normal_Rep1","Read_388",0.986144972644682,"Subpopulation_2"
"NGS_H19_Normal_Rep1","Read_389",0.0150536197549452,"Subpopulation_1"
"NGS_H19_Normal_Rep1","Read_390",0.981466182930741,"Subpopulation_2"
"NGS_H19_Normal_Rep1","Read_391",0.0189503264576571,"Subpopulation_1"
"NGS_H19_Normal_Rep1","Read_392",0.987178576332793,"Subpopulation_2"
"NGS_H19_Normal_Rep1","Read_393",0.016610841252338,"Subpopulation_1"
"NGS_H19_Normal_Rep1","Read_394",0.0136762303963497,"Subpopulation_1"
"NGS_H19_Normal_Rep1","Read_395",0.967902857032268,"Subpopulation_2"
"NGS_H19_Normal_Rep1","Read_396",0.0177391511944831,"Subpopulation_1"
"NGS_H19_Normal_Rep1","Read_397",0.0210899585852363,"Subpopulation_1"
"NGS_H19_Normal_Rep1","Read_398",0.985213298905206,"Subpopulation_2"
"NGS_H19_Normal_Rep1","Read_399",0.0283578015500086,"Subpopulation_1"
"NGS_H19_Normal_Rep1","Read_400",0.0192376100759936,"Subpopulation_1"
"NGS_H19_Normal_Rep1","Read_401",0.0184913932338471,"Subpopulation_1"
"NGS_H19_Normal_Rep1","Read_402",0.978011389280298,"Subpopulation_2"
"NGS_H19_Normal_Rep1","Read_403",0.0223628676288774,"Subpopulation_1"
"NGS_H19_Normal_Rep1","Read_404",0.980973545130491,"Subpopulation_2"
"NGS_H19_Normal_Rep1","Read_405",0.991273868681497,"Subpopulation_2"
"NGS_H19_Normal_Rep1","Read_406",0.986978434911912,"Subpopulation_2"
"NGS_H19_Normal_Rep1","Read_407",0.0203329626212062,"Subpopulation_1"
"NGS_H19_Normal_Rep1","Read_408",0.0219304655914259,"Subpopulation_1"
"NGS_H19_Normal_Rep1","Read_409",0.978498954017108,"Subpopulation_2"
"NGS_H19_Normal_Rep1","Read_410",0.978706112028185,"Subpopulation_2"
"NGS_H19_Normal_Rep1","Read_411",0.981602534135168,"Subpopulation_2"
"NGS_H19_Normal_Rep1","Read_412",0.0190445119181805,"Subpopulation_1"
"NGS_H19_Normal_Rep1","Read_413",0.0201717620502169,"Subpopulation_1"
"NGS_H19_Normal_Rep1","Read_414",0.0148887800881514,"Subpopulation_1"
"NGS_H19_Normal_Rep1","Read_415",0.980027378912888,"Subpopulation_2"
"NGS_H19_Normal_Rep1","Read_416",0.0276850043364902,"Subpopulation_1"
"NGS_H19_Normal_Rep1","Read_417",0.982844753873998,"Subpopulation_2"
"NGS_H19_Normal_Rep1","Read_418",0.0186835774701866,"Subpopulation_1"
"NGS_H19_Normal_Rep1","Read_419",0.975293048614129,"Subpopulation_2"
"NGS_H19_Normal_Rep1","Read_420",0.984418436895658,"Subpopulation_2"
"NGS_H19_Normal_Rep1","Read_421",0.0236617589456591,"Subpopulation_1"
"NGS_H19_Normal_Rep1","Read_422",0.981598290484409,"Subpopulation_2"
"NGS_H19_Normal_Rep1","Read_423",0.980749431838051,"Subpopulation_2"
"NGS_H19_Normal_Rep1","Read_424",0.0223695514725417,"Subpopulation_1"
"NGS_H19_Normal_Rep1","Read_425",0.0143408514649724,"Subpopulation_1"
"NGS_H19_Normal_Rep1","Read_426",0.984719029156601,"Subpopulation_2"
"NGS_H19_Normal_Rep1","Read_427",0.0141436653753914,"Subpopulation_1"
"NGS_H19_Normal_Rep1","Read_428",0.977781327751147,"Subpopulation_2"
"NGS_H19_Normal_Rep1","Read_429",0.983385954079746,"Subpopulation_2"
"NGS_H19_Normal_Rep1","Read_430",0.0199381362283605,"Subpopulation_1"
"NGS_H19_Normal_Rep1","Read_431",0.976800194988293,"Subpopulation_2"
"NGS_H19_Normal_Rep1","Read_432",0.980907446567746,"Subpopulation_2"
"NGS_H19_Normal_Rep1","Read_433",0.0218116008985561,"Subpopulation_1"
"NGS_H19_Normal_Rep1","Read_434",0.0211333744243189,"Subpopulation_1"
"NGS_H19_Normal_Rep1","Read_435",0.977302133361289,"Subpopulation_2"
"NGS_H19_Normal_Rep1","Read_436",0.982982437617307,"Subpopulation_2"
"NGS_H19_Normal_Rep1","Read_437",0.0197615027100915,"Subpopulation_1"
"NGS_H19_Normal_Rep1","Read_438",0.0137045343874119,"Subpopulation_1"
"NGS_H19_Normal_Rep1","Read_439",0.97439924936427,"Subpopulation_2"
"NGS_H19_Normal_Rep1","Read_440",0.0324559552766234,"Subpopulation_1"
"NGS_H19_Normal_Rep1","Read_441",0.987660450170665,"Subpopulation_2"
"NGS_H19_Normal_Rep1","Read_442",0.984037421776344,"Subpopulation_2"
"NGS_H19_Normal_Rep1","Read_443",0.980854015922389,"Subpopulation_2"
"NGS_H19_Normal_Rep1","Read_444",0.0164735940899017,"Subpopulation_1"
"NGS_H19_Normal_Rep1","Read_445",0.978383344088702,"Subpopulation_2"
"NGS_H19_Normal_Rep1","Read_446",0.0242946991400951,"Subpopulation_1"
"NGS_H19_Normal_Rep1","Read_447",0.0294257068240856,"Subpopulation_1"
"NGS_H19_Normal_Rep1","Read_448",0.0289622272022666,"Subpopulation_1"
"NGS_H19_Normal_Rep1","Read_449",0.0123345671174755,"Subpopulation_1"
"NGS_H19_Normal_Rep1","Read_450",0.0193246043702398,"Subpopulation_1"
"NGS_H19_Normal_Rep1","Read_451",0.982338789786713,"Subpopulation_2"
"NGS_H19_Normal_Rep1","Read_452",0.0159149970077313,"Subpopulation_1"
"NGS_H19_Normal_Rep1","Read_453",0.0215813154428344,"Subpopulation_1"
"NGS_H19_Normal_Rep1","Read_454",0.024667501903983,"Subpopulation_1"
"NGS_H19_Normal_Rep1","Read_455",0.0254303491813476,"Subpopulation_1"
"NGS_H19_Normal_Rep1","Read_456",0.0170060110542835,"Subpopulation_1"
"NGS_H19_Normal_Rep1","Read_457",0.0282813032953687,"Subpopulation_1"
"NGS_H19_Normal_Rep1","Read_458",0.0188872057751267,"Subpopulation_1"
"NGS_H19_Normal_Rep1","Read_459",0.0138836277552041,"Subpopulation_1"
"NGS_H19_Normal_Rep1","Read_460",0.983024566585669,"Subpopulation_2"
"NGS_H19_Normal_Rep1","Read_461",0.0179698735305404,"Subpopulation_1"
"NGS_H19_Normal_Rep1","Read_462",0.97772105283264,"Subpopulation_2"
"NGS_H19_Normal_Rep1","Read_463",0.979208431602422,"Subpopulation_2"
"NGS_H19_Normal_Rep1","Read_464",0.979747026922117,"Subpopulation_2"
"NGS_H19_Normal_Rep1","Read_465",0.975765482151745,"Subpopulation_2"
"NGS_H19_Normal_Rep1","Read_466",0.988057490100294,"Subpopulation_2"
"NGS_H19_Normal_Rep1","Read_467",0.98819793689256,"Subpopulation_2"
"NGS_H19_Normal_Rep1","Read_468",0.976670044070527,"Subpopulation_2"
"NGS_H19_Normal_Rep1","Read_469",0.98623731500924,"Subpopulation_2"
"NGS_H19_Normal_Rep1","Read_470",0.983799155103679,"Subpopulation_2"
"NGS_H19_Normal_Rep1","Read_471",0.985284937748059,"Subpopulation_2"
"NGS_H19_Normal_Rep1","Read_472",0.976303397692822,"Subpopulation_2"
"NGS_H19_Normal_Rep1","Read_473",0.977027795462602,"Subpopulation_2"
"NGS_H19_Normal_Rep1","Read_474",0.981486363154141,"Subpopulation_2"
"NGS_H19_Normal_Rep1","Read_475",0.0187359549204741,"Subpopulation_1"
"NGS_H19_Normal_Rep1","Read_476",0.0159116611844011,"Subpopulation_1"
"NGS_H19_Normal_Rep1","Read_477",0.02424149672535,"Subpopulation_1"
"NGS_H19_Normal_Rep1","Read_478",0.977934124797359,"Subpopulation_2"
"NGS_H19_Normal_Rep1","Read_479",0.0132193713054612,"Subpopulation_1"
"NGS_H19_Normal_Rep1","Read_480",0.982769260446069,"Subpopulation_2"
"NGS_H19_Normal_Rep1","Read_481",0.980477455017056,"Subpopulation_2"
"NGS_H19_Normal_Rep1","Read_482",0.013702085770343,"Subpopulation_1"
"NGS_H19_Normal_Rep1","Read_483",0.976379058356069,"Subpopulation_2"
"NGS_H19_Normal_Rep1","Read_484",0.0278511126315895,"Subpopulation_1"
"NGS_H19_Normal_Rep1","Read_485",0.0222061889531464,"Subpopulation_1"
"NGS_H19_Normal_Rep1","Read_486",0.983622018631235,"Subpopulation_2"
"NGS_H19_Normal_Rep1","Read_487",0.979194928868764,"Subpopulation_2"
"NGS_H19_Normal_Rep1","Read_488",0.985082307173132,"Subpopulation_2"
"NGS_H19_Normal_Rep1","Read_489",0.984904881181686,"Subpopulation_2"
"NGS_H19_Normal_Rep1","Read_490",0.0174389034722116,"Subpopulation_1"
"NGS_H19_Normal_Rep1","Read_491",0.0203882798779141,"Subpopulation_1"
"NGS_H19_Normal_Rep1","Read_492",0.0157160324577712,"Subpopulation_1"
"NGS_H19_Normal_Rep1","Read_493",0.0223079886599923,"Subpopulation_1"
"NGS_H19_Normal_Rep1","Read_494",0.0264513994834448,"Subpopulation_1"
"NGS_H19_Normal_Rep1","Read_495",0.974767705544543,"Subpopulation_2"
"NGS_H19_Normal_Rep1","Read_496",0.0192629681800742,"Subpopulation_1"
"NGS_H19_Normal_Rep1","Read_497",0.0239857456369778,"Subpopulation_1"
"NGS_H19_Normal_Rep1","Read_498",0.0124194704506977,"Subpopulation_1"
"NGS_H19_Normal_Rep1","Read_499",0.981331354295953,"Subpopulation_2"
"NGS_H19_Normal_Rep1","Read_500",0.977011551683222,"Subpopulation_2"
"NGS_H19_Normal_Rep1","Read_501",0.977514386443669,"Subpopulation_2"
"NGS_H19_Normal_Rep1","Read_502",0.0152136581416392,"Subpopulation_1"
"NGS_H19_Normal_Rep1","Read_503",0.976687486470289,"Subpopulation_2"
"NGS_H19_Normal_Rep1","Read_504",0.0197565136128687,"Subpopulation_1"
"NGS_H19_Normal_Rep1","Read_505",0.980582810917849,"Subpopulation_2"
"NGS_H19_Normal_Rep1","Read_506",0.980233101141687,"Subpopulation_2"
"NGS_H19_Normal_Rep1","Read_507",0.97309697517473,"Subpopulation_2"
"NGS_H19_Normal_Rep1","Read_508",0.0164087500725252,"Subpopulation_1"
"NGS_H19_Normal_Rep1","Read_509",0.979689109086709,"Subpopulation_2"
"NGS_H19_Normal_Rep1","Read_510",0.986176713167726,"Subpopulation_2"
"NGS_H19_Normal_Rep1","Read_511",0.014232395021661,"Subpopulation_1"
"NGS_H19_Normal_Rep1","Read_512",0.982783667488874,"Subpopulation_2"
"NGS_H19_Normal_Rep1","Read_513",0.0185726817308574,"Subpopulation_1"
"NGS_H19_Normal_Rep1","Read_514",0.0200040699752083,"Subpopulation_1"
"NGS_H19_Normal_Rep1","Read_515",0.978131189555605,"Subpopulation_2"
"NGS_H19_Normal_Rep1","Read_516",0.0109753006478586,"Subpopulation_1"
"NGS_H19_Normal_Rep1","Read_517",0.980141560479129,"Subpopulation_2"
"NGS_H19_Normal_Rep1","Read_518",0.0200221468513507,"Subpopulation_1"
"NGS_H19_Normal_Rep1","Read_519",0.978961591367854,"Subpopulation_2"
"NGS_H19_Normal_Rep1","Read_520",0.0194390983487286,"Subpopulation_1"
"NGS_H19_Normal_Rep1","Read_521",0.979793138534819,"Subpopulation_2"
"NGS_H19_Normal_Rep1","Read_522",0.015846549166519,"Subpopulation_1"
"NGS_H19_Normal_Rep1","Read_523",0.985963544238333,"Subpopulation_2"
"NGS_H19_Normal_Rep1","Read_524",0.986430855292704,"Subpopulation_2"
"NGS_H19_Normal_Rep1","Read_525",0.980699400698168,"Subpopulation_2"
"NGS_H19_Normal_Rep1","Read_526",0.97654891082979,"Subpopulation_2"
"NGS_H19_Normal_Rep1","Read_527",0.0147132538386805,"Subpopulation_1"
"NGS_H19_Normal_Rep1","Read_528",0.972614465400647,"Subpopulation_2"
"NGS_H19_Normal_Rep1","Read_529",0.0233562227857615,"Subpopulation_1"
"NGS_H19_Normal_Rep1","Read_530",0.0212049392764765,"Subpopulation_1"
"NGS_H19_Normal_Rep1","Read_531",0.0225107427672996,"Subpopulation_1"
"NGS_H19_Normal_Rep1","Read_532",0.98608934394983,"Subpopulation_2"
"NGS_H19_Normal_Rep1","Read_533",0.975307900768609,"Subpopulation_2"
"NGS_H19_Normal_Rep1","Read_534",0.0182941303746127,"Subpopulation_1"
"NGS_H19_Normal_Rep1","Read_535",0.0116572002965378,"Subpopulation_1"
"NGS_H19_Normal_Rep1","Read_536",0.015551470045957,"Subpopulation_1"
"NGS_H19_Normal_Rep1","Read_537",0.978629946437063,"Subpopulation_2"
"NGS_H19_Normal_Rep1","Read_538",0.974581940554339,"Subpopulation_2"
"NGS_H19_Normal_Rep1","Read_539",0.984153193360345,"Subpopulation_2"
"NGS_H19_Normal_Rep1","Read_540",0.021663203401615,"Subpopulation_1"
"NGS_H19_Normal_Rep1","Read_541",0.983733475949694,"Subpopulation_2"
"NGS_H19_Normal_Rep1","Read_542",0.980605391807553,"Subpopulation_2"
"NGS_H19_Normal_Rep1","Read_543",0.0166215912668028,"Subpopulation_1"
"NGS_H19_Normal_Rep1","Read_544",0.987214613229587,"Subpopulation_2"
"NGS_H19_Normal_Rep1","Read_545",0.977074683887691,"Subpopulation_2"
"NGS_H19_Normal_Rep1","Read_546",0.0176266224321727,"Subpopulation_1"
"NGS_H19_Normal_Rep1","Read_547",0.0279697290424144,"Subpopulation_1"
"NGS_H19_Normal_Rep1","Read_548",0.0155274244402074,"Subpopulation_1"
"NGS_H19_Normal_Rep1","Read_549",0.0253158912865399,"Subpopulation_1"
"NGS_H19_Normal_Rep1","Read_550",0.0212685139665938,"Subpopulation_1"
"NGS_H19_Normal_Rep1","Read_551",0.0336870924715234,"Subpopulation_1"
"NGS_H19_Normal_Rep1","Read_552",0.983977816929016,"Subpopulation_2"
"NGS_H19_Normal_Rep1","Read_553",0.0186861273194602,"Subpopulation_1"
"NGS_H19_Normal_Rep1","Read_554",0.980950359294304,"Subpopulation_2"
"NGS_H19_Normal_Rep1","Read_555",0.972956938114946,"Subpopulation_2"
"NGS_H19_Normal_Rep1","Read_556",0.980193976025619,"Subpopulation_2"
"NGS_H19_Normal_Rep1","Read_557",0.017818315907278,"Subpopulation_1"
"NGS_H19_Normal_Rep1","Read_558",0.0158111708854307,"Subpopulation_1"
"NGS_H19_Normal_Rep1","Read_559",0.0215571017724609,"Subpopulation_1"
"NGS_H19_Normal_Rep1","Read_560",0.025485012167422,"Subpopulation_1"
"NGS_H19_Normal_Rep1","Read_561",0.0163024570805811,"Subpopulation_1"
"NGS_H19_Normal_Rep1","Read_562",0.0149858212980468,"Subpopulation_1"
"NGS_H19_Normal_Rep1","Read_563",0.98402647919508,"Subpopulation_2"
"NGS_H19_Normal_Rep1","Read_564",0.972449080066216,"Subpopulation_2"
"NGS_H19_Normal_Rep1","Read_565",0.0151292757054373,"Subpopulation_1"
"NGS_H19_Normal_Rep1","Read_566",0.0206192683823983,"Subpopulation_1"
"NGS_H19_Normal_Rep1","Read_567",0.0295471161909199,"Subpopulation_1"
"NGS_H19_Normal_Rep1","Read_568",0.971489637967709,"Subpopulation_2"
"NGS_H19_Normal_Rep1","Read_569",0.980359962231424,"Subpopulation_2"
"NGS_H19_Normal_Rep1","Read_570",0.976668074831422,"Subpopulation_2"
"NGS_H19_Normal_Rep1","Read_571",0.0212522361041711,"Subpopulation_1"
"NGS_H19_Normal_Rep1","Read_572",0.0122126597872895,"Subpopulation_1"
"NGS_H19_Normal_Rep1","Read_573",0.0187879979565156,"Subpopulation_1"
"NGS_H19_Normal_Rep1","Read_574",0.981409309691206,"Subpopulation_2"
"NGS_H19_Normal_Rep1","Read_575",0.01858670256159,"Subpopulation_1"
"NGS_H19_Normal_Rep1","Read_576",0.0277831272266036,"Subpopulation_1"
"NGS_H19_Normal_Rep1","Read_577",0.971486356800029,"Subpopulation_2"
"NGS_H19_Normal_Rep1","Read_578",0.0231208385417331,"Subpopulation_1"
"NGS_H19_Normal_Rep1","Read_579",0.0232311262796728,"Subpopulation_1"
"NGS_H19_Normal_Rep1","Read_580",0.979536167908823,"Subpopulation_2"
"NGS_H19_Normal_Rep1","Read_581",0.0148326932019306,"Subpopulation_1"
"NGS_H19_Normal_Rep1","Read_582",0.975927927708712,"Subpopulation_2"
"NGS_H19_Normal_Rep1","Read_583",0.0158109221040049,"Subpopulation_1"
"NGS_H19_Normal_Rep1","Read_584",0.0241407823853381,"Subpopulation_1"
"NGS_H19_Normal_Rep1","Read_585",0.982029096622541,"Subpopulation_2"
"NGS_H19_Normal_Rep1","Read_586",0.984114338515906,"Subpopulation_2"
"NGS_H19_Normal_Rep1","Read_587",0.0172854866508187,"Subpopulation_1"
"NGS_H19_Normal_Rep1","Read_588",0.0206636510488652,"Subpopulation_1"
"NGS_H19_Normal_Rep1","Read_589",0.0182494435893977,"Subpopulation_1"
"NGS_H19_Normal_Rep1","Read_590",0.980439638358229,"Subpopulation_2"
"NGS_H19_Normal_Rep1","Read_591",0.0125652142824162,"Subpopulation_1"
"NGS_H19_Normal_Rep1","Read_592",0.979822579231878,"Subpopulation_2"
"NGS_H19_Normal_Rep1","Read_593",0.980999204363129,"Subpopulation_2"
"NGS_H19_Normal_Rep1","Read_594",0.0219293729842883,"Subpopulation_1"
"NGS_H19_Normal_Rep1","Read_595",0.0206128305104118,"Subpopulation_1"
"NGS_H19_Normal_Rep1","Read_596",0.0164894514134481,"Subpopulation_1"
"NGS_H19_Normal_Rep1","Read_597",0.974691965265262,"Subpopulation_2"
"NGS_H19_Normal_Rep1","Read_598",0.984404003827059,"Subpopulation_2"
"NGS_H19_Normal_Rep1","Read_599",0.977567233262911,"Subpopulation_2"
"NGS_H19_Normal_Rep1","Read_600",0.98063717885468,"Subpopulation_2"
"NGS_H19_Normal_Rep1","Read_601",0.0223852563040413,"Subpopulation_1"
"NGS_H19_Normal_Rep1","Read_602",0.0159853481147828,"Subpopulation_1"
"NGS_H19_Normal_Rep1","Read_603",0.985011906224111,"Subpopulation_2"
"NGS_H19_Normal_Rep1","Read_604",0.0209933825365345,"Subpopulation_1"
"NGS_H19_Normal_Rep1","Read_605",0.0163998902830002,"Subpopulation_1"
"NGS_H19_Normal_Rep1","Read_606",0.0251605220661088,"Subpopulation_1"
"NGS_H19_Normal_Rep1","Read_607",0.0252485612296101,"Subpopulation_1"
"NGS_H19_Normal_Rep1","Read_608",0.982607299793514,"Subpopulation_2"
"NGS_H19_Normal_Rep1","Read_609",0.98692098063691,"Subpopulation_2"
"NGS_H19_Normal_Rep1","Read_610",0.0212438143406841,"Subpopulation_1"
"NGS_H19_Normal_Rep1","Read_611",0.0159802260522887,"Subpopulation_1"
"NGS_H19_Normal_Rep1","Read_612",0.0104508062937385,"Subpopulation_1"
"NGS_H19_Normal_Rep1","Read_613",0.97318259612538,"Subpopulation_2"
"NGS_H19_Normal_Rep1","Read_614",0.979678596122343,"Subpopulation_2"
"NGS_H19_Normal_Rep1","Read_615",0.0132812350482788,"Subpopulation_1"
"NGS_H19_Normal_Rep1","Read_616",0.0157125433097446,"Subpopulation_1"
"NGS_H19_Normal_Rep1","Read_617",0.977576640359524,"Subpopulation_2"
"NGS_H19_Normal_Rep1","Read_618",0.022976900552878,"Subpopulation_1"
"NGS_H19_Normal_Rep1","Read_619",0.978045225976322,"Subpopulation_2"
"NGS_H19_Normal_Rep1","Read_620",0.0200605152971898,"Subpopulation_1"
"NGS_H19_Normal_Rep1","Read_621",0.978909212084738,"Subpopulation_2"
"NGS_H19_Normal_Rep1","Read_622",0.975811634636193,"Subpopulation_2"
"NGS_H19_Normal_Rep1","Read_623",0.023723983866748,"Subpopulation_1"
"NGS_H19_Normal_Rep1","Read_624",0.0166986257649261,"Subpopulation_1"
"NGS_H19_Normal_Rep1","Read_625",0.979860093622649,"Subpopulation_2"
"NGS_H19_Normal_Rep1","Read_626",0.979576725323129,"Subpopulation_2"
"NGS_H19_Normal_Rep1","Read_627",0.0193486042327788,"Subpopulation_1"
"NGS_H19_Normal_Rep1","Read_628",0.0233968055103049,"Subpopulation_1"
"NGS_H19_Normal_Rep1","Read_629",0.977872793971484,"Subpopulation_2"
"NGS_H19_Normal_Rep1","Read_630",0.982818170343166,"Subpopulation_2"
"NGS_H19_Normal_Rep1","Read_631",0.978381640081902,"Subpopulation_2"
"NGS_H19_Normal_Rep1","Read_632",0.983680418505704,"Subpopulation_2"
"NGS_H19_Normal_Rep1","Read_633",0.015706738294689,"Subpopulation_1"
"NGS_H19_Normal_Rep1","Read_634",0.988108435666173,"Subpopulation_2"
"NGS_H19_Normal_Rep1","Read_635",0.961166516753415,"Subpopulation_2"
"NGS_H19_Normal_Rep1","Read_636",0.984590253638326,"Subpopulation_2"
"NGS_H19_Normal_Rep1","Read_637",0.979287574973623,"Subpopulation_2"
"NGS_H19_Normal_Rep1","Read_638",0.971302485539441,"Subpopulation_2"
"NGS_H19_Normal_Rep1","Read_639",0.987291185811749,"Subpopulation_2"
"NGS_H19_Normal_Rep1","Read_640",0.0242531136334051,"Subpopulation_1"
"NGS_H19_Normal_Rep1","Read_641",0.981440355003118,"Subpopulation_2"
"NGS_H19_Normal_Rep1","Read_642",0.0170893248489087,"Subpopulation_1"
"NGS_H19_Normal_Rep1","Read_643",0.0205289942254613,"Subpopulation_1"
"NGS_H19_Normal_Rep1","Read_644",0.982441368104371,"Subpopulation_2"
"NGS_H19_Normal_Rep1","Read_645",0.0189532706866388,"Subpopulation_1"
"NGS_H19_Normal_Rep1","Read_646",0.98071704601752,"Subpopulation_2"
"NGS_H19_Normal_Rep1","Read_647",0.984681561718087,"Subpopulation_2"
"NGS_H19_Normal_Rep1","Read_648",0.0278080246890931,"Subpopulation_1"
"NGS_H19_Normal_Rep1","Read_649",0.0102795010882839,"Subpopulation_1"
"NGS_H19_Normal_Rep1","Read_650",0.972093769178612,"Subpopulation_2"
"NGS_H19_Normal_Rep1","Read_651",0.0173292910229786,"Subpopulation_1"
"NGS_H19_Normal_Rep1","Read_652",0.0175173225371608,"Subpopulation_1"
"NGS_H19_Normal_Rep1","Read_653",0.97315703186759,"Subpopulation_2"
"NGS_H19_Normal_Rep1","Read_654",0.976193140711625,"Subpopulation_2"
"NGS_H19_Normal_Rep1","Read_655",0.0211684959311492,"Subpopulation_1"
"NGS_H19_Normal_Rep1","Read_656",0.0175285944629599,"Subpopulation_1"
"NGS_H19_Normal_Rep1","Read_657",0.0228444275665716,"Subpopulation_1"
"NGS_H19_Normal_Rep1","Read_658",0.978758731930885,"Subpopulation_2"
"NGS_H19_Normal_Rep1","Read_659",0.0219905776910375,"Subpopulation_1"
"NGS_H19_Normal_Rep1","Read_660",0.0187932781633614,"Subpopulation_1"
"NGS_H19_Normal_Rep1","Read_661",0.985202685942217,"Subpopulation_2"
"NGS_H19_Normal_Rep1","Read_662",0.979754934165447,"Subpopulation_2"
"NGS_H19_Normal_Rep1","Read_663",0.981459857818861,"Subpopulation_2"
"NGS_H19_Normal_Rep1","Read_664",0.0225408862976141,"Subpopulation_1"
"NGS_H19_Normal_Rep1","Read_665",0.0287507533362044,"Subpopulation_1"
"NGS_H19_Normal_Rep1","Read_666",0.0208901486618402,"Subpopulation_1"
"NGS_H19_Normal_Rep1","Read_667",0.97714722797727,"Subpopulation_2"
"NGS_H19_Normal_Rep1","Read_668",0.990054641729034,"Subpopulation_2"
"NGS_H19_Normal_Rep1","Read_669",0.973987737310035,"Subpopulation_2"
"NGS_H19_Normal_Rep1","Read_670",0.980617716782837,"Subpopulation_2"
"NGS_H19_Normal_Rep1","Read_671",0.0167143513996557,"Subpopulation_1"
"NGS_H19_Normal_Rep1","Read_672",0.0204000779100843,"Subpopulation_1"
"NGS_H19_Normal_Rep1","Read_673",0.983327804351823,"Subpopulation_2"
"NGS_H19_Normal_Rep1","Read_674",0.0188664049658201,"Subpopulation_1"
"NGS_H19_Normal_Rep1","Read_675",0.983103745611869,"Subpopulation_2"
"NGS_H19_Normal_Rep1","Read_676",0.976130419931956,"Subpopulation_2"
"NGS_H19_Normal_Rep1","Read_677",0.0310687177773391,"Subpopulation_1"
"NGS_H19_Normal_Rep1","Read_678",0.022092183131026,"Subpopulation_1"
"NGS_H19_Normal_Rep1","Read_679",0.977296024464714,"Subpopulation_2"
"NGS_H19_Normal_Rep1","Read_680",0.986380748875445,"Subpopulation_2"
"NGS_H19_Normal_Rep1","Read_681",0.0178218192421165,"Subpopulation_1"
"NGS_H19_Normal_Rep1","Read_682",0.977850655136153,"Subpopulation_2"
"NGS_H19_Normal_Rep1","Read_683",0.0163793156412505,"Subpopulation_1"
"NGS_H19_Normal_Rep1","Read_684",0.0195374272713319,"Subpopulation_1"
"NGS_H19_Normal_Rep1","Read_685",0.0170110680115078,"Subpopulation_1"
"NGS_H19_Normal_Rep1","Read_686",0.0184580939593293,"Subpopulation_1"
"NGS_H19_Normal_Rep1","Read_687",0.0194590851177817,"Subpopulation_1"
"NGS_H19_Normal_Rep1","Read_688",0.0149699978520629,"Subpopulation_1"
"NGS_H19_Normal_Rep1","Read_689",0.972328845776969,"Subpopulation_2"
"NGS_H19_Normal_Rep1","Read_690",0.985915877261277,"Subpopulation_2"
"NGS_H19_Normal_Rep1","Read_691",0.981580947783556,"Subpopulation_2"
"NGS_H19_Normal_Rep1","Read_692",0.0237124176645426,"Subpopulation_1"
"NGS_H19_Normal_Rep1","Read_693",0.974185494925461,"Subpopulation_2"
"NGS_H19_Normal_Rep1","Read_694",0.0191700055236913,"Subpopulation_1"
"NGS_H19_Normal_Rep1","Read_695",0.0164101372182783,"Subpopulation_1"
"NGS_H19_Normal_Rep1","Read_696",0.978809474167275,"Subpopulation_2"
"NGS_H19_Normal_Rep1","Read_697",0.976207170178518,"Subpopulation_2"
"NGS_H19_Normal_Rep1","Read_698",0.980911574226116,"Subpopulation_2"
"NGS_H19_Normal_Rep1","Read_699",0.0145068926786702,"Subpopulation_1"
"NGS_H19_Normal_Rep1","Read_700",0.983180119523828,"Subpopulation_2"
"NGS_H19_Normal_Rep1","Read_701",0.0278301123911165,"Subpopulation_1"
"NGS_H19_Normal_Rep1","Read_702",0.978729933368634,"Subpopulation_2"
"NGS_H19_Normal_Rep1","Read_703",0.988763462422416,"Subpopulation_2"
"NGS_H19_Normal_Rep1","Read_704",0.0237772666213567,"Subpopulation_1"
"NGS_H19_Normal_Rep1","Read_705",0.0188277867861919,"Subpopulation_1"
"NGS_H19_Normal_Rep1","Read_706",0.978448083435783,"Subpopulation_2"
"NGS_H19_Normal_Rep1","Read_707",0.0329475559376518,"Subpopulation_1"
"NGS_H19_Normal_Rep1","Read_708",0.981130643930168,"Subpopulation_2"
"NGS_H19_Normal_Rep1","Read_709",0.975366453358005,"Subpopulation_2"
"NGS_H19_Normal_Rep1","Read_710",0.979071173740394,"Subpopulation_2"
"NGS_H19_Normal_Rep1","Read_711",0.0151926116488609,"Subpopulation_1"
"NGS_H19_Normal_Rep1","Read_712",0.96991825888656,"Subpopulation_2"
"NGS_H19_Normal_Rep1","Read_713",0.0181663764064054,"Subpopulation_1"
"NGS_H19_Normal_Rep1","Read_714",0.978242683978879,"Subpopulation_2"
"NGS_H19_Normal_Rep1","Read_715",0.977194938901658,"Subpopulation_2"
"NGS_H19_Normal_Rep1","Read_716",0.0181554480263272,"Subpopulation_1"
"NGS_H19_Normal_Rep1","Read_717",0.0242911565730298,"Subpopulation_1"
"NGS_H19_Normal_Rep1","Read_718",0.980918651334618,"Subpopulation_2"
"NGS_H19_Normal_Rep1","Read_719",0.976182959952897,"Subpopulation_2"
"NGS_H19_Normal_Rep1","Read_720",0.0162128358443149,"Subpopulation_1"
"NGS_H19_Normal_Rep1","Read_721",0.980973200223737,"Subpopulation_2"
"NGS_H19_Normal_Rep1","Read_722",0.0199713673726854,"Subpopulation_1"
"NGS_H19_Normal_Rep1","Read_723",0.0160856524944727,"Subpopulation_1"
"NGS_H19_Normal_Rep1","Read_724",0.0274070582511506,"Subpopulation_1"
"NGS_H19_Normal_Rep1","Read_725",0.0176485698306089,"Subpopulation_1"
"NGS_H19_Normal_Rep1","Read_726",0.976816347084348,"Subpopulation_2"
"NGS_H19_Normal_Rep1","Read_727",0.983876441652428,"Subpopulation_2"
"NGS_H19_Normal_Rep1","Read_728",0.98422594086818,"Subpopulation_2"
"NGS_H19_Normal_Rep1","Read_729",0.0186996620445626,"Subpopulation_1"
"NGS_H19_Normal_Rep1","Read_730",0.0164130528539791,"Subpopulation_1"
"NGS_H19_Normal_Rep1","Read_731",0.977924210251952,"Subpopulation_2"
"NGS_H19_Normal_Rep1","Read_732",0.0180346029334915,"Subpopulation_1"
"NGS_H19_Normal_Rep1","Read_733",0.0183427959863758,"Subpopulation_1"
"NGS_H19_Normal_Rep1","Read_734",0.0222745199069519,"Subpopulation_1"
"NGS_H19_Normal_Rep1","Read_735",0.974502941197023,"Subpopulation_2"
"NGS_H19_Normal_Rep1","Read_736",0.0223591012426378,"Subpopulation_1"
"NGS_H19_Normal_Rep1","Read_737",0.016992529938949,"Subpopulation_1"
"NGS_H19_Normal_Rep1","Read_738",0.0212965694253697,"Subpopulation_1"
"NGS_H19_Normal_Rep1","Read_739",0.0210130035744196,"Subpopulation_1"
"NGS_H19_Normal_Rep1","Read_740",0.0122296965593894,"Subpopulation_1"
"NGS_H19_Normal_Rep1","Read_741",0.977954945529164,"Subpopulation_2"
"NGS_H19_Normal_Rep1","Read_742",0.979301198653119,"Subpopulation_2"
"NGS_H19_Normal_Rep1","Read_743",0.014214180248843,"Subpopulation_1"
"NGS_H19_Normal_Rep1","Read_744",0.0281115340306815,"Subpopulation_1"
"NGS_H19_Normal_Rep1","Read_745",0.975775843809987,"Subpopulation_2"
"NGS_H19_Normal_Rep1","Read_746",0.986814597853273,"Subpopulation_2"
"NGS_H19_Normal_Rep1","Read_747",0.0156492234455737,"Subpopulation_1"
"NGS_H19_Normal_Rep1","Read_748",0.978703192733155,"Subpopulation_2"
"NGS_H19_Normal_Rep1","Read_749",0.0163971946315967,"Subpopulation_1"
"NGS_H19_Normal_Rep1","Read_750",0.984594158120654,"Subpopulation_2"
"NGS_H19_Normal_Rep1","Read_751",0.0192461209961149,"Subpopulation_1"
"NGS_H19_Normal_Rep1","Read_752",0.975440699809483,"Subpopulation_2"
"NGS_H19_Normal_Rep1","Read_753",0.984158057301274,"Subpopulation_2"
"NGS_H19_Normal_Rep1","Read_754",0.983642932848944,"Subpopulation_2"
"NGS_H19_Normal_Rep1","Read_755",0.0160621253006184,"Subpopulation_1"
"NGS_H19_Normal_Rep1","Read_756",0.984281080791276,"Subpopulation_2"
"NGS_H19_Normal_Rep1","Read_757",0.0264855443485404,"Subpopulation_1"
"NGS_H19_Normal_Rep1","Read_758",0.0177568189268327,"Subpopulation_1"
"NGS_H19_Normal_Rep1","Read_759",0.0172545784587098,"Subpopulation_1"
"NGS_H19_Normal_Rep1","Read_760",0.97972275479076,"Subpopulation_2"
"NGS_H19_Normal_Rep1","Read_761",0.0238626614330463,"Subpopulation_1"
"NGS_H19_Normal_Rep1","Read_762",0.0242395604703819,"Subpopulation_1"
"NGS_H19_Normal_Rep1","Read_763",0.982972017241067,"Subpopulation_2"
"NGS_H19_Normal_Rep1","Read_764",0.0195977652996518,"Subpopulation_1"
"NGS_H19_Normal_Rep1","Read_765",0.0262733874685353,"Subpopulation_1"
"NGS_H19_Normal_Rep1","Read_766",0.0192366233103422,"Subpopulation_1"
"NGS_H19_Normal_Rep1","Read_767",0.980743851328749,"Subpopulation_2"
"NGS_H19_Normal_Rep1","Read_768",0.97159678442966,"Subpopulation_2"
"NGS_H19_Normal_Rep1","Read_769",0.016269843719418,"Subpopulation_1"
"NGS_H19_Normal_Rep1","Read_770",0.0202288523327147,"Subpopulation_1"
"NGS_H19_Normal_Rep1","Read_771",0.983614544221451,"Subpopulation_2"
"NGS_H19_Normal_Rep1","Read_772",0.973748044331379,"Subpopulation_2"
"NGS_H19_Normal_Rep1","Read_773",0.976854251079539,"Subpopulation_2"
"NGS_H19_Normal_Rep1","Read_774",0.974835820323769,"Subpopulation_2"
"NGS_H19_Normal_Rep1","Read_775",0.980513572198358,"Subpopulation_2"
"NGS_H19_Normal_Rep1","Read_776",0.0172134785653631,"Subpopulation_1"
"NGS_H19_Normal_Rep1","Read_777",0.0283517549080381,"Subpopulation_1"
"NGS_H19_Normal_Rep1","Read_778",0.0144227705692812,"Subpopulation_1"
"NGS_H19_Normal_Rep1","Read_779",0.975781374103787,"Subpopulation_2"
"NGS_H19_Normal_Rep1","Read_780",0.0165472000332925,"Subpopulation_1"
"NGS_H19_Normal_Rep1","Read_781",0.0256286949596046,"Subpopulation_1"
"NGS_H19_Normal_Rep1","Read_782",0.978332549437368,"Subpopulation_2"
"NGS_H19_Normal_Rep1","Read_783",0.984554270611883,"Subpopulation_2"
"NGS_H19_Normal_Rep1","Read_784",0.981792085744644,"Subpopulation_2"
"NGS_H19_Normal_Rep1","Read_785",0.0279488785462433,"Subpopulation_1"
"NGS_H19_Normal_Rep1","Read_786",0.979546212789603,"Subpopulation_2"
"NGS_H19_Normal_Rep1","Read_787",0.0194628762329376,"Subpopulation_1"
"NGS_H19_Normal_Rep1","Read_788",0.0261245571862868,"Subpopulation_1"
"NGS_H19_Normal_Rep1","Read_789",0.988948973584548,"Subpopulation_2"
"NGS_H19_Normal_Rep1","Read_790",0.981054967599174,"Subpopulation_2"
"NGS_H19_Normal_Rep1","Read_791",0.0185526147653025,"Subpopulation_1"
"NGS_H19_Normal_Rep1","Read_792",0.0162489188353073,"Subpopulation_1"
"NGS_H19_Normal_Rep1","Read_793",0.0107523887950324,"Subpopulation_1"
"NGS_H19_Normal_Rep1","Read_794",0.987450166898981,"Subpopulation_2"
"NGS_H19_Normal_Rep1","Read_795",0.0187403738122856,"Subpopulation_1"
"NGS_H19_Normal_Rep1","Read_796",0.0207404898436618,"Subpopulation_1"
"NGS_H19_Normal_Rep1","Read_797",0.0123625080112376,"Subpopulation_1"
"NGS_H19_Normal_Rep1","Read_798",0.984812543647282,"Subpopulation_2"
"NGS_H19_Normal_Rep1","Read_799",0.0225186164880636,"Subpopulation_1"
"NGS_H19_Normal_Rep1","Read_800",0.0203151445755767,"Subpopulation_1"
"NGS_H19_Normal_Rep1","Read_801",0.0144510918762799,"Subpopulation_1"
"NGS_H19_Normal_Rep1","Read_802",0.979986677051846,"Subpopulation_2"
"NGS_H19_Normal_Rep1","Read_803",0.0152746223815499,"Subpopulation_1"
"NGS_H19_Normal_Rep1","Read_804",0.978768075369974,"Subpopulation_2"
"NGS_H19_Normal_Rep1","Read_805",0.985757384774462,"Subpopulation_2"
"NGS_H19_Normal_Rep1","Read_806",0.0121717638655368,"Subpopulation_1"
"NGS_H19_Normal_Rep1","Read_807",0.0251354416405385,"Subpopulation_1"
"NGS_H19_Normal_Rep1","Read_808",0.985331831311418,"Subpopulation_2"
"NGS_H19_Normal_Rep1","Read_809",0.987181990474588,"Subpopulation_2"
"NGS_H19_Normal_Rep1","Read_810",0.0173022235049062,"Subpopulation_1"
"NGS_H19_Normal_Rep1","Read_811",0.978726491415378,"Subpopulation_2"
"NGS_H19_Normal_Rep1","Read_812",0.0227756542873883,"Subpopulation_1"
"NGS_H19_Normal_Rep1","Read_813",0.0215630636940774,"Subpopulation_1"
"NGS_H19_Normal_Rep1","Read_814",0.984441795597631,"Subpopulation_2"
"NGS_H19_Normal_Rep1","Read_815",0.96854146246308,"Subpopulation_2"
"NGS_H19_Normal_Rep1","Read_816",0.0240096157154669,"Subpopulation_1"
"NGS_H19_Normal_Rep1","Read_817",0.0190776596029381,"Subpopulation_1"
"NGS_H19_Normal_Rep1","Read_818",0.0227935347394226,"Subpopulation_1"
"NGS_H19_Normal_Rep1","Read_819",0.987019068238925,"Subpopulation_2"
"NGS_H19_Normal_Rep1","Read_820",0.0174382045667964,"Subpopulation_1"
"NGS_H19_Normal_Rep1","Read_821",0.977775791120237,"Subpopulation_2"
"NGS_H19_Normal_Rep1","Read_822",0.0180520961245125,"Subpopulation_1"
"NGS_H19_Normal_Rep1","Read_823",0.979308510534193,"Subpopulation_2"
"NGS_H19_Normal_Rep1","Read_824",0.0176519055548265,"Subpopulation_1"
"NGS_H19_Normal_Rep1","Read_825",0.0137096421670495,"Subpopulation_1"
"NGS_H19_Normal_Rep1","Read_826",0.982832915414829,"Subpopulation_2"
"NGS_H19_Normal_Rep1","Read_827",0.979085327528193,"Subpopulation_2"
"NGS_H19_Normal_Rep1","Read_828",0.983507233728451,"Subpopulation_2"
"NGS_H19_Normal_Rep1","Read_829",0.982725539381932,"Subpopulation_2"
"NGS_H19_Normal_Rep1","Read_830",0.976562548920859,"Subpopulation_2"
"NGS_H19_Normal_Rep1","Read_831",0.0261596533669504,"Subpopulation_1"
"NGS_H19_Normal_Rep1","Read_832",0.979640005976494,"Subpopulation_2"
"NGS_H19_Normal_Rep1","Read_833",0.976007548671418,"Subpopulation_2"
"NGS_H19_Normal_Rep1","Read_834",0.0183821251631793,"Subpopulation_1"
"NGS_H19_Normal_Rep1","Read_835",0.976821609949863,"Subpopulation_2"
"NGS_H19_Normal_Rep1","Read_836",0.0244613718316213,"Subpopulation_1"
"NGS_H19_Normal_Rep1","Read_837",0.019917475576268,"Subpopulation_1"
"NGS_H19_Normal_Rep1","Read_838",0.967684943452389,"Subpopulation_2"
"NGS_H19_Normal_Rep1","Read_839",0.973685777632317,"Subpopulation_2"
"NGS_H19_Normal_Rep1","Read_840",0.0243882826063868,"Subpopulation_1"
"NGS_H19_Normal_Rep1","Read_841",0.0223908784040508,"Subpopulation_1"
"NGS_H19_Normal_Rep1","Read_842",0.980230983982302,"Subpopulation_2"
"NGS_H19_Normal_Rep1","Read_843",0.0242436627363097,"Subpopulation_1"
"NGS_H19_Normal_Rep1","Read_844",0.977448149377519,"Subpopulation_2"
"NGS_H19_Normal_Rep1","Read_845",0.973207731200241,"Subpopulation_2"
"NGS_H19_Normal_Rep1","Read_846",0.0200523690741405,"Subpopulation_1"
"NGS_H19_Normal_Rep1","Read_847",0.980329852098028,"Subpopulation_2"
"NGS_H19_Normal_Rep1","Read_848",0.0152877195281725,"Subpopulation_1"
"NGS_H19_Normal_Rep1","Read_849",0.977095086095506,"Subpopulation_2"
"NGS_H19_Normal_Rep1","Read_850",0.983151879818206,"Subpopulation_2"
"NGS_H19_Normal_Rep1","Read_851",0.0210046838858238,"Subpopulation_1"
"NGS_H19_Normal_Rep1","Read_852",0.983017336561135,"Subpopulation_2"
"NGS_H19_Normal_Rep1","Read_853",0.0178821108831462,"Subpopulation_1"
"NGS_H19_Normal_Rep1","Read_854",0.982686697642851,"Subpopulation_2"
"NGS_H19_Normal_Rep1","Read_855",0.971035657051863,"Subpopulation_2"
"NGS_H19_Normal_Rep1","Read_856",0.0156496928953211,"Subpopulation_1"
"NGS_H19_Normal_Rep1","Read_857",0.013406818780999,"Subpopulation_1"
"NGS_H19_Normal_Rep1","Read_858",0.0226995219949774,"Subpopulation_1"
"NGS_H19_Normal_Rep1","Read_859",0.0194312180397293,"Subpopulation_1"
"NGS_H19_Normal_Rep1","Read_860",0.97874506008836,"Subpopulation_2"
"NGS_H19_Normal_Rep1","Read_861",0.0184208115724306,"Subpopulation_1"
"NGS_H19_Normal_Rep1","Read_862",0.981900610650092,"Subpopulation_2"
"NGS_H19_Normal_Rep1","Read_863",0.984325559546471,"Subpopulation_2"
"NGS_H19_Normal_Rep1","Read_864",0.974634739885771,"Subpopulation_2"
"NGS_H19_Normal_Rep1","Read_865",0.0178470200376407,"Subpopulation_1"
"NGS_H19_Normal_Rep1","Read_866",0.0174790584309455,"Subpopulation_1"
"NGS_H19_Normal_Rep1","Read_867",0.981574562361457,"Subpopulation_2"
"NGS_H19_Normal_Rep1","Read_868",0.0167347711484669,"Subpopulation_1"
"NGS_H19_Normal_Rep1","Read_869",0.0184205687022363,"Subpopulation_1"
"NGS_H19_Normal_Rep1","Read_870",0.972536260361467,"Subpopulation_2"
"NGS_H19_Normal_Rep1","Read_871",0.025543673521949,"Subpopulation_1"
"NGS_H19_Normal_Rep1","Read_872",0.981354159194396,"Subpopulation_2"
"NGS_H19_Normal_Rep1","Read_873",0.0217885709723218,"Subpopulation_1"
"NGS_H19_Normal_Rep1","Read_874",0.981079965576375,"Subpopulation_2"
"NGS_H19_Normal_Rep1","Read_875",0.0225244145638578,"Subpopulation_1"
"NGS_H19_Normal_Rep1","Read_876",0.981110797504383,"Subpopulation_2"
"NGS_H19_Normal_Rep1","Read_877",0.991729062343421,"Subpopulation_2"
"NGS_H19_Normal_Rep1","Read_878",0.0205031068355305,"Subpopulation_1"
"NGS_H19_Normal_Rep1","Read_879",0.987267419714894,"Subpopulation_2"
"NGS_H19_Normal_Rep1","Read_880",0.0137215391080156,"Subpopulation_1"
"NGS_H19_Normal_Rep1","Read_881",0.980554959833984,"Subpopulation_2"
"NGS_H19_Normal_Rep1","Read_882",0.986563296059599,"Subpopulation_2"
"NGS_H19_Normal_Rep1","Read_883",0.976759823231942,"Subpopulation_2"
"NGS_H19_Normal_Rep1","Read_884",0.976158451796455,"Subpopulation_2"
"NGS_H19_Normal_Rep1","Read_885",0.0174108464872521,"Subpopulation_1"
"NGS_H19_Normal_Rep1","Read_886",0.972557045691912,"Subpopulation_2"
"NGS_H19_Normal_Rep1","Read_887",0.0134799508576819,"Subpopulation_1"
"NGS_H19_Normal_Rep1","Read_888",0.979358796308096,"Subpopulation_2"
"NGS_H19_Normal_Rep1","Read_889",0.0139054756450485,"Subpopulation_1"
"NGS_H19_Normal_Rep1","Read_890",0.0162933968473665,"Subpopulation_1"
"NGS_H19_Normal_Rep1","Read_891",0.982704885526528,"Subpopulation_2"
"NGS_H19_Normal_Rep1","Read_892",0.0346302082466595,"Subpopulation_1"
"NGS_H19_Normal_Rep1","Read_893",0.980427607191907,"Subpopulation_2"
"NGS_H19_Normal_Rep1","Read_894",0.0158987036750267,"Subpopulation_1"
"NGS_H19_Normal_Rep1","Read_895",0.987521572819473,"Subpopulation_2"
"NGS_H19_Normal_Rep1","Read_896",0.973698143649553,"Subpopulation_2"
"NGS_H19_Normal_Rep1","Read_897",0.976435220540181,"Subpopulation_2"
"NGS_H19_Normal_Rep1","Read_898",0.982681734367532,"Subpopulation_2"
"NGS_H19_Normal_Rep1","Read_899",0.0146467969271018,"Subpopulation_1"
"NGS_H19_Normal_Rep1","Read_900",0.973288803941301,"Subpopulation_2"
"NGS_H19_Normal_Rep1","Read_901",0.0193756677866414,"Subpopulation_1"
"NGS_H19_Normal_Rep1","Read_902",0.0138461224412607,"Subpopulation_1"
"NGS_H19_Normal_Rep1","Read_903",0.980165534868626,"Subpopulation_2"
"NGS_H19_Normal_Rep1","Read_904",0.0180766619903767,"Subpopulation_1"
"NGS_H19_Normal_Rep1","Read_905",0.983323805147178,"Subpopulation_2"
"NGS_H19_Normal_Rep1","Read_906",0.977912875723144,"Subpopulation_2"
"NGS_H19_Normal_Rep1","Read_907",0.970421877965464,"Subpopulation_2"
"NGS_H19_Normal_Rep1","Read_908",0.976345194796144,"Subpopulation_2"
"NGS_H19_Normal_Rep1","Read_909",0.98382702632746,"Subpopulation_2"
"NGS_H19_Normal_Rep1","Read_910",0.0194814471621856,"Subpopulation_1"
"NGS_H19_Normal_Rep1","Read_911",0.0175974707953414,"Subpopulation_1"
"NGS_H19_Normal_Rep1","Read_912",0.0209850421509269,"Subpopulation_1"
"NGS_H19_Normal_Rep1","Read_913",0.0168879642117788,"Subpopulation_1"
"NGS_H19_Normal_Rep1","Read_914",0.979710052645938,"Subpopulation_2"
"NGS_H19_Normal_Rep1","Read_915",0.97775020596053,"Subpopulation_2"
"NGS_H19_Normal_Rep1","Read_916",0.0138715618919832,"Subpopulation_1"
"NGS_H19_Normal_Rep1","Read_917",0.0166240097302705,"Subpopulation_1"
"NGS_H19_Normal_Rep1","Read_918",0.0222590227691856,"Subpopulation_1"
"NGS_H19_Normal_Rep1","Read_919",0.976725970202667,"Subpopulation_2"
"NGS_H19_Normal_Rep1","Read_920",0.0226466614362785,"Subpopulation_1"
"NGS_H19_Normal_Rep1","Read_921",0.0219446916783168,"Subpopulation_1"
"NGS_H19_Normal_Rep1","Read_922",0.0315174599237886,"Subpopulation_1"
"NGS_H19_Normal_Rep1","Read_923",0.0160341349591575,"Subpopulation_1"
"NGS_H19_Normal_Rep1","Read_924",0.973717600809292,"Subpopulation_2"
"NGS_H19_Normal_Rep1","Read_925",0.0201366054838893,"Subpopulation_1"
"NGS_H19_Normal_Rep1","Read_926",0.0162948720218808,"Subpopulation_1"
"NGS_H19_Normal_Rep1","Read_927",0.0261655439048143,"Subpopulation_1"
"NGS_H19_Normal_Rep1","Read_928",0.977437607582079,"Subpopulation_2"
"NGS_H19_Normal_Rep1","Read_929",0.0233543711307636,"Subpopulation_1"
"NGS_H19_Normal_Rep1","Read_930",0.0234392342147546,"Subpopulation_1"
"NGS_H19_Normal_Rep1","Read_931",0.0278395359739909,"Subpopulation_1"
"NGS_H19_Normal_Rep1","Read_932",0.023119557169077,"Subpopulation_1"
"NGS_H19_Normal_Rep1","Read_933",0.97257429729721,"Subpopulation_2"
"NGS_H19_Normal_Rep1","Read_934",0.973534085337594,"Subpopulation_2"
"NGS_H19_Normal_Rep1","Read_935",0.0238901466124421,"Subpopulation_1"
"NGS_H19_Normal_Rep1","Read_936",0.974753217284059,"Subpopulation_2"
"NGS_H19_Normal_Rep1","Read_937",0.0183552493768489,"Subpopulation_1"
"NGS_H19_Normal_Rep1","Read_938",0.980206580005888,"Subpopulation_2"
"NGS_H19_Normal_Rep1","Read_939",0.982441623735891,"Subpopulation_2"
"NGS_H19_Normal_Rep1","Read_940",0.98294987436667,"Subpopulation_2"
"NGS_H19_Normal_Rep1","Read_941",0.98061556152543,"Subpopulation_2"
"NGS_H19_Normal_Rep1","Read_942",0.028094730078176,"Subpopulation_1"
"NGS_H19_Normal_Rep1","Read_943",0.0187085981428526,"Subpopulation_1"
"NGS_H19_Normal_Rep1","Read_944",0.982182703389532,"Subpopulation_2"
"NGS_H19_Normal_Rep1","Read_945",0.986342896388924,"Subpopulation_2"
"NGS_H19_Normal_Rep1","Read_946",0.984533316876321,"Subpopulation_2"
"NGS_H19_Normal_Rep1","Read_947",0.0203609336739031,"Subpopulation_1"
"NGS_H19_Normal_Rep1","Read_948",0.978919121603179,"Subpopulation_2"
"NGS_H19_Normal_Rep1","Read_949",0.0199982848900465,"Subpopulation_1"
"NGS_H19_Normal_Rep1","Read_950",0.0156033414026509,"Subpopulation_1"
"NGS_H19_Normal_Rep1","Read_951",0.0185113596739497,"Subpopulation_1"
"NGS_H19_Normal_Rep1","Read_952",0.0127355411033522,"Subpopulation_1"
"NGS_H19_Normal_Rep1","Read_953",0.983551004325301,"Subpopulation_2"
"NGS_H19_Normal_Rep1","Read_954",0.9843696278035,"Subpopulation_2"
"NGS_H19_Normal_Rep1","Read_955",0.0231704201022185,"Subpopulation_1"
"NGS_H19_Normal_Rep1","Read_956",0.0232523569952848,"Subpopulation_1"
"NGS_H19_Normal_Rep1","Read_957",0.980036286684757,"Subpopulation_2"
"NGS_H19_Normal_Rep1","Read_958",0.0172927507595726,"Subpopulation_1"
"NGS_H19_Normal_Rep1","Read_959",0.978111305115499,"Subpopulation_2"
"NGS_H19_Normal_Rep1","Read_960",0.0212641567078697,"Subpopulation_1"
"NGS_H19_Normal_Rep1","Read_961",0.0203907775070318,"Subpopulation_1"
"NGS_H19_Normal_Rep1","Read_962",0.0150727213666769,"Subpopulation_1"
"NGS_H19_Normal_Rep1","Read_963",0.981703020285567,"Subpopulation_2"
"NGS_H19_Normal_Rep1","Read_964",0.97235903139127,"Subpopulation_2"
"NGS_H19_Normal_Rep1","Read_965",0.0168087520959611,"Subpopulation_1"
"NGS_H19_Normal_Rep1","Read_966",0.98382887520782,"Subpopulation_2"
"NGS_H19_Normal_Rep1","Read_967",0.0197817758075851,"Subpopulation_1"
"NGS_H19_Normal_Rep1","Read_968",0.0256360165785012,"Subpopulation_1"
"NGS_H19_Normal_Rep1","Read_969",0.0176372387359138,"Subpopulation_1"
"NGS_H19_Normal_Rep1","Read_970",0.0185037801893472,"Subpopulation_1"
"NGS_H19_Normal_Rep1","Read_971",0.980507296612734,"Subpopulation_2"
"NGS_H19_Normal_Rep1","Read_972",0.019529469081469,"Subpopulation_1"
"NGS_H19_Normal_Rep1","Read_973",0.982342259048442,"Subpopulation_2"
"NGS_H19_Normal_Rep1","Read_974",0.0239177033312555,"Subpopulation_1"
"NGS_H19_Normal_Rep1","Read_975",0.975984204391847,"Subpopulation_2"
"NGS_H19_Normal_Rep1","Read_976",0.0210208599434923,"Subpopulation_1"
"NGS_H19_Normal_Rep1","Read_977",0.982149265303596,"Subpopulation_2"
"NGS_H19_Normal_Rep1","Read_978",0.0181562669148384,"Subpopulation_1"
"NGS_H19_Normal_Rep1","Read_979",0.985551173412691,"Subpopulation_2"
"NGS_H19_Normal_Rep1","Read_980",0.0305463097936244,"Subpopulation_1"
"NGS_H19_Normal_Rep1","Read_981",0.977665437388348,"Subpopulation_2"
"NGS_H19_Normal_Rep1","Read_982",0.979710460135327,"Subpopulation_2"
"NGS_H19_Normal_Rep1","Read_983",0.0172568159874267,"Subpopulation_1"
"NGS_H19_Normal_Rep1","Read_984",0.0210976594661833,"Subpopulation_1"
"NGS_H19_Normal_Rep1","Read_985",0.969814782595398,"Subpopulation_2"
"NGS_H19_Normal_Rep1","Read_986",0.981301901136798,"Subpopulation_2"
"NGS_H19_Normal_Rep1","Read_987",0.0207307538902616,"Subpopulation_1"
"NGS_H19_Normal_Rep1","Read_988",0.981560551565267,"Subpopulation_2"
"NGS_H19_Normal_Rep1","Read_989",0.976574164798994,"Subpopulation_2"
"NGS_H19_Normal_Rep1","Read_990",0.0218968134183715,"Subpopulation_1"
"NGS_H19_Normal_Rep1","Read_991",0.0130388775530329,"Subpopulation_1"
"NGS_H19_Normal_Rep1","Read_992",0.985112615902747,"Subpopulation_2"
"NGS_H19_Normal_Rep1","Read_993",0.0159207655714568,"Subpopulation_1"
"NGS_H19_Normal_Rep1","Read_994",0.980871604300902,"Subpopulation_2"
"NGS_H19_Normal_Rep1","Read_995",0.0149811516730195,"Subpopulation_1"
"NGS_H19_Normal_Rep1","Read_996",0.977766041469387,"Subpopulation_2"
"NGS_H19_Normal_Rep1","Read_997",0.987792053465514,"Subpopulation_2"
"NGS_H19_Normal_Rep1","Read_998",0.9755170351834,"Subpopulation_2"
"NGS_H19_Normal_Rep1","Read_999",0.983613104977001,"Subpopulation_2"
"NGS_H19_Normal_Rep1","Read_1000",0.0130083937586397,"Subpopulation_1"
"NGS_H19_Normal_Rep1","Read_1001",0.976287856172712,"Subpopulation_2"
"NGS_H19_Normal_Rep1","Read_1002",0.0205823231743424,"Subpopulation_1"
"NGS_H19_Normal_Rep1","Read_1003",0.0147733479964302,"Subpopulation_1"
"NGS_H19_Normal_Rep1","Read_1004",0.0281699501753122,"Subpopulation_1"
"NGS_H19_Normal_Rep1","Read_1005",0.0313719495244904,"Subpopulation_1"
"NGS_H19_Normal_Rep1","Read_1006",0.0198639319833603,"Subpopulation_1"
"NGS_H19_Normal_Rep1","Read_1007",0.0119024875581338,"Subpopulation_1"
"NGS_H19_Normal_Rep1","Read_1008",0.980307993729704,"Subpopulation_2"
"NGS_H19_Normal_Rep1","Read_1009",0.977458601020097,"Subpopulation_2"
"NGS_H19_Normal_Rep1","Read_1010",0.983138047271816,"Subpopulation_2"
"NGS_H19_Normal_Rep1","Read_1011",0.0245426970553622,"Subpopulation_1"
"NGS_H19_Normal_Rep1","Read_1012",0.979805570323323,"Subpopulation_2"
"NGS_H19_Normal_Rep1","Read_1013",0.0186344762664692,"Subpopulation_1"
"NGS_H19_Normal_Rep1","Read_1014",0.980666118826929,"Subpopulation_2"
"NGS_H19_Normal_Rep1","Read_1015",0.0190234266246832,"Subpopulation_1"
"NGS_H19_Normal_Rep1","Read_1016",0.985997195575481,"Subpopulation_2"
"NGS_H19_Normal_Rep1","Read_1017",0.0173138687765892,"Subpopulation_1"
"NGS_H19_Normal_Rep1","Read_1018",0.0222121172316266,"Subpopulation_1"
"NGS_H19_Normal_Rep1","Read_1019",0.973259822356567,"Subpopulation_2"
"NGS_H19_Normal_Rep1","Read_1020",0.0147544453269834,"Subpopulation_1"
"NGS_H19_Normal_Rep1","Read_1021",0.979272832439639,"Subpopulation_2"
"NGS_H19_Normal_Rep1","Read_1022",0.0260049330674769,"Subpopulation_1"
"NGS_H19_Normal_Rep1","Read_1023",0.0156181838423803,"Subpopulation_1"
"NGS_H19_Normal_Rep1","Read_1024",0.979860918788982,"Subpopulation_2"
"NGS_H19_Normal_Rep1","Read_1025",0.0294054598676694,"Subpopulation_1"
"NGS_H19_Normal_Rep1","Read_1026",0.0140388517738344,"Subpopulation_1"
"NGS_H19_Normal_Rep1","Read_1027",0.0250092440689068,"Subpopulation_1"
"NGS_H19_Normal_Rep1","Read_1028",0.98325444598675,"Subpopulation_2"
"NGS_H19_Normal_Rep1","Read_1029",0.979453701845158,"Subpopulation_2"
"NGS_H19_Normal_Rep1","Read_1030",0.984786578984907,"Subpopulation_2"
"NGS_H19_Normal_Rep1","Read_1031",0.978217801098706,"Subpopulation_2"
"NGS_H19_Normal_Rep1","Read_1032",0.980965445246307,"Subpopulation_2"
"NGS_H19_Normal_Rep1","Read_1033",0.0195241289869111,"Subpopulation_1"
"NGS_H19_Normal_Rep1","Read_1034",0.0172961632878633,"Subpopulation_1"
"NGS_H19_Normal_Rep1","Read_1035",0.0162033977556319,"Subpopulation_1"
"NGS_H19_Normal_Rep1","Read_1036",0.0200506107006292,"Subpopulation_1"
"NGS_H19_Normal_Rep1","Read_1037",0.981327822189948,"Subpopulation_2"
"NGS_H19_Normal_Rep1","Read_1038",0.983490008995628,"Subpopulation_2"
"NGS_H19_Normal_Rep1","Read_1039",0.977878453811583,"Subpopulation_2"
"NGS_H19_Normal_Rep1","Read_1040",0.0210737288126682,"Subpopulation_1"
"NGS_H19_Normal_Rep1","Read_1041",0.983175552079585,"Subpopulation_2"
"NGS_H19_Normal_Rep1","Read_1042",0.0152182570016784,"Subpopulation_1"
"NGS_H19_Normal_Rep1","Read_1043",0.965392077784869,"Subpopulation_2"
"NGS_H19_Normal_Rep1","Read_1044",0.0138581719647733,"Subpopulation_1"
"NGS_H19_Normal_Rep1","Read_1045",0.980899631173306,"Subpopulation_2"
"NGS_H19_Normal_Rep1","Read_1046",0.0138485515997839,"Subpopulation_1"
"NGS_H19_Normal_Rep1","Read_1047",0.0218023075889296,"Subpopulation_1"
"NGS_H19_Normal_Rep1","Read_1048",0.0204867054725385,"Subpopulation_1"
"NGS_H19_Normal_Rep1","Read_1049",0.980820417358413,"Subpopulation_2"
"NGS_H19_Normal_Rep1","Read_1050",0.0201668677652206,"Subpopulation_1"
"NGS_H19_Normal_Rep1","Read_1051",0.971762891407456,"Subpopulation_2"
"NGS_H19_Normal_Rep1","Read_1052",0.975144292222098,"Subpopulation_2"
"NGS_H19_Normal_Rep1","Read_1053",0.0202068315731534,"Subpopulation_1"
"NGS_H19_Normal_Rep1","Read_1054",0.0285784776559848,"Subpopulation_1"
"NGS_H19_Normal_Rep1","Read_1055",0.98304188508315,"Subpopulation_2"
"NGS_H19_Normal_Rep1","Read_1056",0.0189755958890429,"Subpopulation_1"
"NGS_H19_Normal_Rep1","Read_1057",0.0233634900288512,"Subpopulation_1"
"NGS_H19_Normal_Rep1","Read_1058",0.0139775574860817,"Subpopulation_1"
"NGS_H19_Normal_Rep1","Read_1059",0.029042940700615,"Subpopulation_1"
"NGS_H19_Normal_Rep1","Read_1060",0.982838857308403,"Subpopulation_2"
"NGS_H19_Normal_Rep1","Read_1061",0.0195305273831273,"Subpopulation_1"
"NGS_H19_Normal_Rep1","Read_1062",0.987188533052948,"Subpopulation_2"
"NGS_H19_Normal_Rep1","Read_1063",0.022309261691886,"Subpopulation_1"
"NGS_H19_Normal_Rep1","Read_1064",0.976110352690463,"Subpopulation_2"
"NGS_H19_Normal_Rep1","Read_1065",0.983753671627706,"Subpopulation_2"
"NGS_H19_Normal_Rep1","Read_1066",0.0241906928498445,"Subpopulation_1"
"NGS_H19_Normal_Rep1","Read_1067",0.02014901420752,"Subpopulation_1"
"NGS_H19_Normal_Rep1","Read_1068",0.0228291331436605,"Subpopulation_1"
"NGS_H19_Normal_Rep1","Read_1069",0.0163360473438632,"Subpopulation_1"
"NGS_H19_Normal_Rep1","Read_1070",0.980809446151836,"Subpopulation_2"
"NGS_H19_Normal_Rep1","Read_1071",0.0186492328005314,"Subpopulation_1"
"NGS_H19_Normal_Rep1","Read_1072",0.0221978864918359,"Subpopulation_1"
"NGS_H19_Normal_Rep1","Read_1073",0.973892432943439,"Subpopulation_2"
"NGS_H19_Normal_Rep1","Read_1074",0.0253314297942682,"Subpopulation_1"
"NGS_H19_Normal_Rep1","Read_1075",0.977416585184025,"Subpopulation_2"
"NGS_H19_Normal_Rep1","Read_1076",0.010690428579092,"Subpopulation_1"
"NGS_H19_Normal_Rep1","Read_1077",0.970271755068397,"Subpopulation_2"
"NGS_H19_Normal_Rep1","Read_1078",0.977423635319933,"Subpopulation_2"
"NGS_H19_Normal_Rep1","Read_1079",0.98166632218497,"Subpopulation_2"
"NGS_H19_Normal_Rep1","Read_1080",0.0214326713232884,"Subpopulation_1"
"NGS_H19_Normal_Rep1","Read_1081",0.978238822986703,"Subpopulation_2"
"NGS_H19_Normal_Rep1","Read_1082",0.972447569043351,"Subpopulation_2"
"NGS_H19_Normal_Rep1","Read_1083",0.0166956901592903,"Subpopulation_1"
"NGS_H19_Normal_Rep1","Read_1084",0.983506696443988,"Subpopulation_2"
"NGS_H19_Normal_Rep1","Read_1085",0.978153386288373,"Subpopulation_2"
"NGS_H19_Normal_Rep1","Read_1086",0.0160949363016273,"Subpopulation_1"
"NGS_H19_Normal_Rep1","Read_1087",0.0200895876603758,"Subpopulation_1"
"NGS_H19_Normal_Rep1","Read_1088",0.9810543978278,"Subpopulation_2"
"NGS_H19_Normal_Rep1","Read_1089",0.0174825615150716,"Subpopulation_1"
"NGS_H19_Normal_Rep1","Read_1090",0.0229668172231833,"Subpopulation_1"
"NGS_H19_Normal_Rep1","Read_1091",0.983635892062013,"Subpopulation_2"
"NGS_H19_Normal_Rep1","Read_1092",0.978595579248286,"Subpopulation_2"
"NGS_H19_Normal_Rep1","Read_1093",0.981360907276398,"Subpopulation_2"
"NGS_H19_Normal_Rep1","Read_1094",0.977916772597631,"Subpopulation_2"
"NGS_H19_Normal_Rep1","Read_1095",0.0245753707184226,"Subpopulation_1"
"NGS_H19_Normal_Rep1","Read_1096",0.976456421345465,"Subpopulation_2"
"NGS_H19_Normal_Rep1","Read_1097",0.0173943107590576,"Subpopulation_1"
"NGS_H19_Normal_Rep1","Read_1098",0.985299998860686,"Subpopulation_2"
"NGS_H19_Normal_Rep1","Read_1099",0.978707057914384,"Subpopulation_2"
"NGS_H19_Normal_Rep1","Read_1100",0.983376444124181,"Subpopulation_2"
"NGS_H19_Normal_Rep1","Read_1101",0.0181214171090764,"Subpopulation_1"
"NGS_H19_Normal_Rep1","Read_1102",0.98218243734924,"Subpopulation_2"
"NGS_H19_Normal_Rep1","Read_1103",0.0162473811435413,"Subpopulation_1"
"NGS_H19_Normal_Rep1","Read_1104",0.978877986920911,"Subpopulation_2"
"NGS_H19_Normal_Rep1","Read_1105",0.0173059896451798,"Subpopulation_1"
"NGS_H19_Normal_Rep1","Read_1106",0.0222911378039518,"Subpopulation_1"
"NGS_H19_Normal_Rep1","Read_1107",0.0159972270946938,"Subpopulation_1"
"NGS_H19_Normal_Rep1","Read_1108",0.982888262663414,"Subpopulation_2"
"NGS_H19_Normal_Rep1","Read_1109",0.976539807147461,"Subpopulation_2"
"NGS_H19_Normal_Rep1","Read_1110",0.982117438078817,"Subpopulation_2"
"NGS_H19_Normal_Rep1","Read_1111",0.985411164389285,"Subpopulation_2"
"NGS_H19_Normal_Rep1","Read_1112",0.983597279818231,"Subpopulation_2"
"NGS_H19_Normal_Rep1","Read_1113",0.983628056641982,"Subpopulation_2"
"NGS_H19_Normal_Rep1","Read_1114",0.972103290915672,"Subpopulation_2"
"NGS_H19_Normal_Rep1","Read_1115",0.0213755221382109,"Subpopulation_1"
"NGS_H19_Normal_Rep1","Read_1116",0.97673551938452,"Subpopulation_2"
"NGS_H19_Normal_Rep1","Read_1117",0.0188110486914316,"Subpopulation_1"
"NGS_H19_Normal_Rep1","Read_1118",0.0204025487516492,"Subpopulation_1"
"NGS_H19_Normal_Rep1","Read_1119",0.959632043070428,"Subpopulation_2"
"NGS_H19_Normal_Rep1","Read_1120",0.0159047680508069,"Subpopulation_1"
"NGS_H19_Normal_Rep1","Read_1121",0.0268836295249167,"Subpopulation_1"
"NGS_H19_Normal_Rep1","Read_1122",0.0125165553809565,"Subpopulation_1"
"NGS_H19_Normal_Rep1","Read_1123",0.0203964001447388,"Subpopulation_1"
"NGS_H19_Normal_Rep1","Read_1124",0.0201712518738329,"Subpopulation_1"
"NGS_H19_Normal_Rep1","Read_1125",0.976603563373701,"Subpopulation_2"
"NGS_H19_Normal_Rep1","Read_1126",0.0199330355149313,"Subpopulation_1"
"NGS_H19_Normal_Rep1","Read_1127",0.990255387930933,"Subpopulation_2"
"NGS_H19_Normal_Rep1","Read_1128",0.981100045814102,"Subpopulation_2"
"NGS_H19_Normal_Rep1","Read_1129",0.985006979140386,"Subpopulation_2"
"NGS_H19_Normal_Rep1","Read_1130",0.025995263807247,"Subpopulation_1"
"NGS_H19_Normal_Rep1","Read_1131",0.977274314549707,"Subpopulation_2"
"NGS_H19_Normal_Rep1","Read_1132",0.017852317106524,"Subpopulation_1"
"NGS_H19_Normal_Rep1","Read_1133",0.982699008430282,"Subpopulation_2"
"NGS_H19_Normal_Rep1","Read_1134",0.982100953106425,"Subpopulation_2"
"NGS_H19_Normal_Rep1","Read_1135",0.983804370361057,"Subpopulation_2"
"NGS_H19_Normal_Rep1","Read_1136",0.986777747968966,"Subpopulation_2"
"NGS_H19_Normal_Rep1","Read_1137",0.014830194768601,"Subpopulation_1"
"NGS_H19_Normal_Rep1","Read_1138",0.0251444868884132,"Subpopulation_1"
"NGS_H19_Normal_Rep1","Read_1139",0.977825146765822,"Subpopulation_2"
"NGS_H19_Normal_Rep1","Read_1140",0.0218189141853466,"Subpopulation_1"
"NGS_H19_Normal_Rep1","Read_1141",0.0229667488608075,"Subpopulation_1"
"NGS_H19_Normal_Rep1","Read_1142",0.0346205174433267,"Subpopulation_1"
"NGS_H19_Normal_Rep1","Read_1143",0.977518826535477,"Subpopulation_2"
"NGS_H19_Normal_Rep1","Read_1144",0.018650918471392,"Subpopulation_1"
"NGS_H19_Normal_Rep1","Read_1145",0.970878381246903,"Subpopulation_2"
"NGS_H19_Normal_Rep1","Read_1146",0.0309414511568482,"Subpopulation_1"
"NGS_H19_Normal_Rep1","Read_1147",0.0249017504769153,"Subpopulation_1"
"NGS_H19_Normal_Rep1","Read_1148",0.979294672777665,"Subpopulation_2"
"NGS_H19_Normal_Rep1","Read_1149",0.97590379104506,"Subpopulation_2"
"NGS_H19_Normal_Rep1","Read_1150",0.975576852556648,"Subpopulation_2"
"NGS_H19_Normal_Rep1","Read_1151",0.982206368325285,"Subpopulation_2"
"NGS_H19_Normal_Rep1","Read_1152",0.0239324802336085,"Subpopulation_1"
"NGS_H19_Normal_Rep1","Read_1153",0.980345374709987,"Subpopulation_2"
"NGS_H19_Normal_Rep1","Read_1154",0.979567570255846,"Subpopulation_2"
"NGS_H19_Normal_Rep1","Read_1155",0.982244128445357,"Subpopulation_2"
"NGS_H19_Normal_Rep1","Read_1156",0.987514510886868,"Subpopulation_2"
"NGS_H19_Normal_Rep1","Read_1157",0.980576839093402,"Subpopulation_2"
"NGS_H19_Normal_Rep1","Read_1158",0.0198393314372614,"Subpopulation_1"
"NGS_H19_Normal_Rep1","Read_1159",0.0182841700984178,"Subpopulation_1"
"NGS_H19_Normal_Rep1","Read_1160",0.0107679201186211,"Subpopulation_1"
"NGS_H19_Normal_Rep1","Read_1161",0.0271944591045296,"Subpopulation_1"
"NGS_H19_Normal_Rep1","Read_1162",0.0277414969728478,"Subpopulation_1"
"NGS_H19_Normal_Rep1","Read_1163",0.983775664119516,"Subpopulation_2"
"NGS_H19_Normal_Rep1","Read_1164",0.0257876391302216,"Subpopulation_1"
"NGS_H19_Normal_Rep1","Read_1165",0.975708741240753,"Subpopulation_2"
"NGS_H19_Normal_Rep1","Read_1166",0.0211877168443318,"Subpopulation_1"
"NGS_H19_Normal_Rep1","Read_1167",0.025250922674644,"Subpopulation_1"
"NGS_H19_Normal_Rep1","Read_1168",0.0191941300843656,"Subpopulation_1"
"NGS_H19_Normal_Rep1","Read_1169",0.982366217101518,"Subpopulation_2"
"NGS_H19_Normal_Rep1","Read_1170",0.97763680268579,"Subpopulation_2"
"NGS_H19_Normal_Rep1","Read_1171",0.02602517846144,"Subpopulation_1"
"NGS_H19_Normal_Rep1","Read_1172",0.0224640144182744,"Subpopulation_1"
"NGS_H19_Normal_Rep1","Read_1173",0.981338688891717,"Subpopulation_2"
"NGS_H19_Normal_Rep1","Read_1174",0.980248956543669,"Subpopulation_2"
"NGS_H19_Normal_Rep1","Read_1175",0.0306278152771347,"Subpopulation_1"
"NGS_H19_Normal_Rep1","Read_1176",0.982879198878873,"Subpopulation_2"
"NGS_H19_Normal_Rep1","Read_1177",0.0226299778801397,"Subpopulation_1"
"NGS_H19_Normal_Rep1","Read_1178",0.0186255643122925,"Subpopulation_1"
"NGS_H19_Normal_Rep1","Read_1179",0.985061426212112,"Subpopulation_2"
"NGS_H19_Normal_Rep1","Read_1180",0.979729561871374,"Subpopulation_2"
"NGS_H19_Normal_Rep1","Read_1181",0.983163321061331,"Subpopulation_2"
"NGS_H19_Normal_Rep1","Read_1182",0.0165388387243127,"Subpopulation_1"
"NGS_H19_Normal_Rep1","Read_1183",0.981306593996379,"Subpopulation_2"
"NGS_H19_Normal_Rep1","Read_1184",0.0241997984019564,"Subpopulation_1"
"NGS_H19_Normal_Rep1","Read_1185",0.983883640263212,"Subpopulation_2"
"NGS_H19_Normal_Rep1","Read_1186",0.973281313253455,"Subpopulation_2"
"NGS_H19_Normal_Rep1","Read_1187",0.978736626399172,"Subpopulation_2"
"NGS_H19_Normal_Rep1","Read_1188",0.0150529025411509,"Subpopulation_1"
"NGS_H19_Normal_Rep1","Read_1189",0.0144698544223075,"Subpopulation_1"
"NGS_H19_Normal_Rep1","Read_1190",0.00868607024037468,"Subpopulation_1"
"NGS_H19_Normal_Rep1","Read_1191",0.973925870025741,"Subpopulation_2"
"NGS_H19_Normal_Rep1","Read_1192",0.023496945330723,"Subpopulation_1"
"NGS_H19_Normal_Rep1","Read_1193",0.0208717600934793,"Subpopulation_1"
"NGS_H19_Normal_Rep1","Read_1194",0.977300477576608,"Subpopulation_2"
"NGS_H19_Normal_Rep1","Read_1195",0.0219023703921192,"Subpopulation_1"
"NGS_H19_Normal_Rep1","Read_1196",0.0213866621248713,"Subpopulation_1"
"NGS_H19_Normal_Rep1","Read_1197",0.024493154209505,"Subpopulation_1"
"NGS_H19_Normal_Rep1","Read_1198",0.0267493966476336,"Subpopulation_1"
"NGS_H19_Normal_Rep1","Read_1199",0.978630174316581,"Subpopulation_2"
"NGS_H19_Normal_Rep1","Read_1200",0.0194792306574373,"Subpopulation_1"
"NGS_H19_Normal_Rep1","Read_1201",0.985057721475555,"Subpopulation_2"
"NGS_H19_Normal_Rep1","Read_1202",0.97504787219768,"Subpopulation_2"
"NGS_H19_Normal_Rep1","Read_1203",0.0119032145991561,"Subpopulation_1"
"NGS_H19_Normal_Rep1","Read_1204",0.0143677883429575,"Subpopulation_1"
"NGS_H19_Normal_Rep1","Read_1205",0.0179549260446323,"Subpopulation_1"
"NGS_H19_Normal_Rep1","Read_1206",0.0180347685360722,"Subpopulation_1"
"NGS_H19_Normal_Rep1","Read_1207",0.0214468939017873,"Subpopulation_1"
"NGS_H19_Normal_Rep1","Read_1208",0.983814205515202,"Subpopulation_2"
"NGS_H19_Normal_Rep1","Read_1209",0.975854555726949,"Subpopulation_2"
"NGS_H19_Normal_Rep1","Read_1210",0.982201220530387,"Subpopulation_2"
"NGS_H19_Normal_Rep1","Read_1211",0.976711061449258,"Subpopulation_2"
"NGS_H19_Normal_Rep1","Read_1212",0.980833820783233,"Subpopulation_2"
"NGS_H19_Normal_Rep1","Read_1213",0.985935164583429,"Subpopulation_2"
"NGS_H19_Normal_Rep1","Read_1214",0.97561501943619,"Subpopulation_2"
"NGS_H19_Normal_Rep1","Read_1215",0.975725505201552,"Subpopulation_2"
"NGS_H19_Normal_Rep1","Read_1216",0.0322512127696918,"Subpopulation_1"
"NGS_H19_Normal_Rep1","Read_1217",0.981531702229988,"Subpopulation_2"
"NGS_H19_Normal_Rep1","Read_1218",0.9802660270568,"Subpopulation_2"
"NGS_H19_Normal_Rep1","Read_1219",0.0209208575081847,"Subpopulation_1"
"NGS_H19_Normal_Rep1","Read_1220",0.0228386602147523,"Subpopulation_1"
"NGS_H19_Normal_Rep1","Read_1221",0.981533007204386,"Subpopulation_2"
"NGS_H19_Normal_Rep1","Read_1222",0.0243328626406854,"Subpopulation_1"
"NGS_H19_Normal_Rep1","Read_1223",0.981720862885844,"Subpopulation_2"
"NGS_H19_Normal_Rep1","Read_1224",0.024447373024804,"Subpopulation_1"
"NGS_H19_Normal_Rep1","Read_1225",0.0151241818261322,"Subpopulation_1"
"NGS_H19_Normal_Rep1","Read_1226",0.0114621563452283,"Subpopulation_1"
"NGS_H19_Normal_Rep1","Read_1227",0.0187205181430497,"Subpopulation_1"
"NGS_H19_Normal_Rep1","Read_1228",0.976623079384399,"Subpopulation_2"
"NGS_H19_Normal_Rep1","Read_1229",0.0201543596221823,"Subpopulation_1"
"NGS_H19_Normal_Rep1","Read_1230",0.979979257041904,"Subpopulation_2"
"NGS_H19_Normal_Rep1","Read_1231",0.0223078307269647,"Subpopulation_1"
"NGS_H19_Normal_Rep1","Read_1232",0.0281841851791238,"Subpopulation_1"
"NGS_H19_Normal_Rep1","Read_1233",0.0209151161985616,"Subpopulation_1"
"NGS_H19_Normal_Rep1","Read_1234",0.979633528317748,"Subpopulation_2"
"NGS_H19_Normal_Rep1","Read_1235",0.974628740156901,"Subpopulation_2"
"NGS_H19_Normal_Rep1","Read_1236",0.983322425096575,"Subpopulation_2"
"NGS_H19_Normal_Rep1","Read_1237",0.968609181262225,"Subpopulation_2"
"NGS_H19_Normal_Rep1","Read_1238",0.00976981491445925,"Subpopulation_1"
"NGS_H19_Normal_Rep1","Read_1239",0.978967364362169,"Subpopulation_2"
"NGS_H19_Normal_Rep1","Read_1240",0.0179939093347133,"Subpopulation_1"
"NGS_H19_Normal_Rep1","Read_1241",0.979388319810426,"Subpopulation_2"
"NGS_H19_Normal_Rep1","Read_1242",0.980686517512946,"Subpopulation_2"
"NGS_H19_Normal_Rep1","Read_1243",0.977937392636843,"Subpopulation_2"
"NGS_H19_Normal_Rep1","Read_1244",0.977892697873107,"Subpopulation_2"
"NGS_H19_Normal_Rep1","Read_1245",0.973503118566685,"Subpopulation_2"
"NGS_H19_Normal_Rep1","Read_1246",0.977897767966647,"Subpopulation_2"
"NGS_H19_Normal_Rep1","Read_1247",0.0311394802199118,"Subpopulation_1"
"NGS_H19_Normal_Rep1","Read_1248",0.0237671619808929,"Subpopulation_1"
"NGS_H19_Normal_Rep1","Read_1249",0.0228455423713458,"Subpopulation_1"
"NGS_H19_Normal_Rep1","Read_1250",0.97538367252456,"Subpopulation_2"
"NGS_H19_Normal_Rep1","Read_1251",0.98124114448774,"Subpopulation_2"
"NGS_H19_Normal_Rep1","Read_1252",0.0229026403312791,"Subpopulation_1"
"NGS_H19_Normal_Rep1","Read_1253",0.0202678397898035,"Subpopulation_1"
"NGS_H19_Normal_Rep1","Read_1254",0.0171122811027936,"Subpopulation_1"
"NGS_H19_Normal_Rep1","Read_1255",0.988809029067951,"Subpopulation_2"
"NGS_H19_Normal_Rep1","Read_1256",0.020874194676766,"Subpopulation_1"
"NGS_H19_Normal_Rep1","Read_1257",0.976538325989016,"Subpopulation_2"
"NGS_H19_Normal_Rep1","Read_1258",0.0159016294416034,"Subpopulation_1"
"NGS_H19_Normal_Rep1","Read_1259",0.979533290359353,"Subpopulation_2"
"NGS_H19_Normal_Rep1","Read_1260",0.978514103688572,"Subpopulation_2"
"NGS_H19_Normal_Rep1","Read_1261",0.976364660025043,"Subpopulation_2"
"NGS_H19_Normal_Rep1","Read_1262",0.977931161470999,"Subpopulation_2"
"NGS_H19_Normal_Rep1","Read_1263",0.979393339805062,"Subpopulation_2"
"NGS_H19_Normal_Rep1","Read_1264",0.971322118077767,"Subpopulation_2"
"NGS_H19_Normal_Rep1","Read_1265",0.982105191498408,"Subpopulation_2"
"NGS_H19_Normal_Rep1","Read_1266",0.0233182924070228,"Subpopulation_1"
"NGS_H19_Normal_Rep1","Read_1267",0.985275717806227,"Subpopulation_2"
"NGS_H19_Normal_Rep1","Read_1268",0.978816797288349,"Subpopulation_2"
"NGS_H19_Normal_Rep1","Read_1269",0.979621054508478,"Subpopulation_2"
"NGS_H19_Normal_Rep1","Read_1270",0.981547461382463,"Subpopulation_2"
"NGS_H19_Normal_Rep1","Read_1271",0.026231055019768,"Subpopulation_1"
"NGS_H19_Normal_Rep1","Read_1272",0.0141190928698819,"Subpopulation_1"
"NGS_H19_Normal_Rep1","Read_1273",0.0223757518961746,"Subpopulation_1"
"NGS_H19_Normal_Rep1","Read_1274",0.976340833118282,"Subpopulation_2"
"NGS_H19_Normal_Rep1","Read_1275",0.975829698374816,"Subpopulation_2"
"NGS_H19_Normal_Rep1","Read_1276",0.972737169088959,"Subpopulation_2"
"NGS_H19_Normal_Rep1","Read_1277",0.0244269479444529,"Subpopulation_1"
"NGS_H19_Normal_Rep1","Read_1278",0.986147878039379,"Subpopulation_2"
"NGS_H19_Normal_Rep1","Read_1279",0.980174685914819,"Subpopulation_2"
"NGS_H19_Normal_Rep1","Read_1280",0.0320239800780258,"Subpopulation_1"
"NGS_H19_Normal_Rep1","Read_1281",0.0256926051932986,"Subpopulation_1"
"NGS_H19_Normal_Rep1","Read_1282",0.984068056440076,"Subpopulation_2"
"NGS_H19_Normal_Rep1","Read_1283",0.981717816025788,"Subpopulation_2"
"NGS_H19_Normal_Rep1","Read_1284",0.973408986458285,"Subpopulation_2"
"NGS_H19_Normal_Rep1","Read_1285",0.973192510372724,"Subpopulation_2"
"NGS_H19_Normal_Rep1","Read_1286",0.9781639356841,"Subpopulation_2"
"NGS_H19_Normal_Rep1","Read_1287",0.0203756009903172,"Subpopulation_1"
"NGS_H19_Normal_Rep1","Read_1288",0.985213014837035,"Subpopulation_2"
"NGS_H19_Normal_Rep1","Read_1289",0.983656101276026,"Subpopulation_2"
"NGS_H19_Normal_Rep1","Read_1290",0.97887341801807,"Subpopulation_2"
"NGS_H19_Normal_Rep1","Read_1291",0.97770026419968,"Subpopulation_2"
"NGS_H19_Normal_Rep1","Read_1292",0.981680877154212,"Subpopulation_2"
"NGS_H19_Normal_Rep1","Read_1293",0.982456580703341,"Subpopulation_2"
"NGS_H19_Normal_Rep1","Read_1294",0.0212756994431562,"Subpopulation_1"
"NGS_H19_Normal_Rep1","Read_1295",0.0225079509368845,"Subpopulation_1"
"NGS_H19_Normal_Rep1","Read_1296",0.0264295799714868,"Subpopulation_1"
"NGS_H19_Normal_Rep1","Read_1297",0.0191345355594224,"Subpopulation_1"
"NGS_H19_Normal_Rep1","Read_1298",0.982785599221576,"Subpopulation_2"
"NGS_H19_Normal_Rep1","Read_1299",0.978437569842237,"Subpopulation_2"
"NGS_H19_Normal_Rep1","Read_1300",0.0167427284667113,"Subpopulation_1"
"NGS_H19_Normal_Rep1","Read_1301",0.0190705467614482,"Subpopulation_1"
"NGS_H19_Normal_Rep1","Read_1302",0.982230653732925,"Subpopulation_2"
"NGS_H19_Normal_Rep1","Read_1303",0.981190668345155,"Subpopulation_2"
"NGS_H19_Normal_Rep1","Read_1304",0.0234353692839782,"Subpopulation_1"
"NGS_H19_Normal_Rep1","Read_1305",0.983294498268926,"Subpopulation_2"
"NGS_H19_Normal_Rep1","Read_1306",0.0196376412117917,"Subpopulation_1"
"NGS_H19_Normal_Rep1","Read_1307",0.978967061296718,"Subpopulation_2"
"NGS_H19_Normal_Rep1","Read_1308",0.0174565726816687,"Subpopulation_1"
"NGS_H19_Normal_Rep1","Read_1309",0.970372379148468,"Subpopulation_2"
"NGS_H19_Normal_Rep1","Read_1310",0.015112533604289,"Subpopulation_1"
"NGS_H19_Normal_Rep1","Read_1311",0.02304017204339,"Subpopulation_1"
"NGS_H19_Normal_Rep1","Read_1312",0.0205448371867043,"Subpopulation_1"
"NGS_H19_Normal_Rep1","Read_1313",0.980391388883893,"Subpopulation_2"
"NGS_H19_Normal_Rep1","Read_1314",0.974202831319447,"Subpopulation_2"
"NGS_H19_Normal_Rep1","Read_1315",0.982965999065879,"Subpopulation_2"
"NGS_H19_Normal_Rep1","Read_1316",0.980504393580228,"Subpopulation_2"
"NGS_H19_Normal_Rep1","Read_1317",0.979017174178848,"Subpopulation_2"
"NGS_H19_Normal_Rep1","Read_1318",0.0174096784533641,"Subpopulation_1"
"NGS_H19_Normal_Rep1","Read_1319",0.0208718580920705,"Subpopulation_1"
"NGS_H19_Normal_Rep1","Read_1320",0.981435616449294,"Subpopulation_2"
"NGS_H19_Normal_Rep1","Read_1321",0.979651597705242,"Subpopulation_2"
"NGS_H19_Normal_Rep1","Read_1322",0.977617710062661,"Subpopulation_2"
"NGS_H19_Normal_Rep1","Read_1323",0.987920407077963,"Subpopulation_2"
"NGS_H19_Normal_Rep1","Read_1324",0.980102855490925,"Subpopulation_2"
"NGS_H19_Normal_Rep1","Read_1325",0.974766445923299,"Subpopulation_2"
"NGS_H19_Normal_Rep1","Read_1326",0.0147161943863641,"Subpopulation_1"
"NGS_H19_Normal_Rep1","Read_1327",0.0132544572747136,"Subpopulation_1"
"NGS_H19_Normal_Rep1","Read_1328",0.0193797091377001,"Subpopulation_1"
"NGS_H19_Normal_Rep1","Read_1329",0.0225194080769597,"Subpopulation_1"
"NGS_H19_Normal_Rep1","Read_1330",0.0186441606556295,"Subpopulation_1"
"NGS_H19_Normal_Rep1","Read_1331",0.974261590695136,"Subpopulation_2"
"NGS_H19_Normal_Rep1","Read_1332",0.0178029809981819,"Subpopulation_1"
"NGS_H19_Normal_Rep1","Read_1333",0.0222065321975655,"Subpopulation_1"
"NGS_H19_Normal_Rep1","Read_1334",0.0200008337181216,"Subpopulation_1"
"NGS_H19_Normal_Rep1","Read_1335",0.99111301514858,"Subpopulation_2"
"NGS_H19_Normal_Rep1","Read_1336",0.98689286119246,"Subpopulation_2"
"NGS_H19_Normal_Rep1","Read_1337",0.977437379605562,"Subpopulation_2"
"NGS_H19_Normal_Rep1","Read_1338",0.0173873563642844,"Subpopulation_1"
"NGS_H19_Normal_Rep1","Read_1339",0.979001972767229,"Subpopulation_2"
"NGS_H19_Normal_Rep1","Read_1340",0.0207716284990269,"Subpopulation_1"
"NGS_H19_Normal_Rep1","Read_1341",0.9747103119231,"Subpopulation_2"
"NGS_H19_Normal_Rep1","Read_1342",0.978984966450113,"Subpopulation_2"
"NGS_H19_Normal_Rep1","Read_1343",0.981802405659258,"Subpopulation_2"
"NGS_H19_Normal_Rep1","Read_1344",0.0135801153179456,"Subpopulation_1"
"NGS_H19_Normal_Rep1","Read_1345",0.0203710153232246,"Subpopulation_1"
"NGS_H19_Normal_Rep1","Read_1346",0.0171814420636673,"Subpopulation_1"
"NGS_H19_Normal_Rep1","Read_1347",0.0239262251568974,"Subpopulation_1"
"NGS_H19_Normal_Rep1","Read_1348",0.986396685145167,"Subpopulation_2"
"NGS_H19_Normal_Rep1","Read_1349",0.0145999208201071,"Subpopulation_1"
"NGS_H19_Normal_Rep1","Read_1350",0.0214728382338863,"Subpopulation_1"
"NGS_H19_Normal_Rep1","Read_1351",0.984221572167172,"Subpopulation_2"
"NGS_H19_Normal_Rep1","Read_1352",0.0200260190174382,"Subpopulation_1"
"NGS_H19_Normal_Rep1","Read_1353",0.97537905282846,"Subpopulation_2"
"NGS_H19_Normal_Rep1","Read_1354",0.982808664135362,"Subpopulation_2"
"NGS_H19_Normal_Rep1","Read_1355",0.0249546480846935,"Subpopulation_1"
"NGS_H19_Normal_Rep1","Read_1356",0.0206255708267316,"Subpopulation_1"
"NGS_H19_Normal_Rep1","Read_1357",0.983674127670725,"Subpopulation_2"
"NGS_H19_Normal_Rep1","Read_1358",0.98288165202836,"Subpopulation_2"
"NGS_H19_Normal_Rep1","Read_1359",0.0192462939932382,"Subpopulation_1"
"NGS_H19_Normal_Rep1","Read_1360",0.0158937014456267,"Subpopulation_1"
"NGS_H19_Normal_Rep1","Read_1361",0.0279328191575244,"Subpopulation_1"
"NGS_H19_Normal_Rep1","Read_1362",0.0167242664624012,"Subpopulation_1"
"NGS_H19_Normal_Rep1","Read_1363",0.97804370632028,"Subpopulation_2"
"NGS_H19_Normal_Rep1","Read_1364",0.981963747449334,"Subpopulation_2"
"NGS_H19_Normal_Rep1","Read_1365",0.980935025906568,"Subpopulation_2"
"NGS_H19_Normal_Rep1","Read_1366",0.0303190093174949,"Subpopulation_1"
"NGS_H19_Normal_Rep1","Read_1367",0.98180629245934,"Subpopulation_2"
"NGS_H19_Normal_Rep1","Read_1368",0.981160136672861,"Subpopulation_2"
"NGS_H19_Normal_Rep1","Read_1369",0.979187871409512,"Subpopulation_2"
"NGS_H19_Normal_Rep1","Read_1370",0.979784407531469,"Subpopulation_2"
"NGS_H19_Normal_Rep1","Read_1371",0.979387251626095,"Subpopulation_2"
"NGS_H19_Normal_Rep1","Read_1372",0.984816531287226,"Subpopulation_2"
"NGS_H19_Normal_Rep1","Read_1373",0.981080969195407,"Subpopulation_2"
"NGS_H19_Normal_Rep1","Read_1374",0.978759609576051,"Subpopulation_2"
"NGS_H19_Normal_Rep1","Read_1375",0.973279433710022,"Subpopulation_2"
"NGS_H19_Normal_Rep1","Read_1376",0.980651819939574,"Subpopulation_2"
"NGS_H19_Normal_Rep1","Read_1377",0.0213442747714094,"Subpopulation_1"
"NGS_H19_Normal_Rep1","Read_1378",0.0171777215785907,"Subpopulation_1"
"NGS_H19_Normal_Rep1","Read_1379",0.967604009401754,"Subpopulation_2"
"NGS_H19_Normal_Rep1","Read_1380",0.019594258881501,"Subpopulation_1"
"NGS_H19_Normal_Rep1","Read_1381",0.0190555355043924,"Subpopulation_1"
"NGS_H19_Normal_Rep1","Read_1382",0.0214717138402454,"Subpopulation_1"
"NGS_H19_Normal_Rep1","Read_1383",0.019042604001656,"Subpopulation_1"
"NGS_H19_Normal_Rep1","Read_1384",0.976345155225663,"Subpopulation_2"
"NGS_H19_Normal_Rep1","Read_1385",0.978966005894316,"Subpopulation_2"
"NGS_H19_Normal_Rep1","Read_1386",0.0203762028281081,"Subpopulation_1"
"NGS_H19_Normal_Rep1","Read_1387",0.97613217225796,"Subpopulation_2"
"NGS_H19_Normal_Rep1","Read_1388",0.0200830530887577,"Subpopulation_1"
"NGS_H19_Normal_Rep1","Read_1389",0.985023778813239,"Subpopulation_2"
"NGS_H19_Normal_Rep1","Read_1390",0.0162705363496226,"Subpopulation_1"
"NGS_H19_Normal_Rep1","Read_1391",0.97813955962727,"Subpopulation_2"
"NGS_H19_Normal_Rep1","Read_1392",0.0277234443381826,"Subpopulation_1"
"NGS_H19_Normal_Rep1","Read_1393",0.0227106129255763,"Subpopulation_1"
"NGS_H19_Normal_Rep1","Read_1394",0.984857193780782,"Subpopulation_2"
"NGS_H19_Normal_Rep1","Read_1395",0.981993731216597,"Subpopulation_2"
"NGS_H19_Normal_Rep1","Read_1396",0.976268231784327,"Subpopulation_2"
"NGS_H19_Normal_Rep1","Read_1397",0.984047973889764,"Subpopulation_2"
"NGS_H19_Normal_Rep1","Read_1398",0.0247957472807247,"Subpopulation_1"
"NGS_H19_Normal_Rep1","Read_1399",0.986601774998398,"Subpopulation_2"
"NGS_H19_Normal_Rep1","Read_1400",0.0185897927620691,"Subpopulation_1"
"NGS_H19_Normal_Rep1","Read_1401",0.0153453786396415,"Subpopulation_1"
"NGS_H19_Normal_Rep1","Read_1402",0.989109807311407,"Subpopulation_2"
"NGS_H19_Normal_Rep1","Read_1403",0.0180314669677486,"Subpopulation_1"
"NGS_H19_Normal_Rep1","Read_1404",0.981840370250299,"Subpopulation_2"
"NGS_H19_Normal_Rep1","Read_1405",0.0156078956386122,"Subpopulation_1"
"NGS_H19_Normal_Rep1","Read_1406",0.0229864311504786,"Subpopulation_1"
"NGS_H19_Normal_Rep1","Read_1407",0.984458975938883,"Subpopulation_2"
"NGS_H19_Normal_Rep1","Read_1408",0.020957172540505,"Subpopulation_1"
"NGS_H19_Normal_Rep1","Read_1409",0.986481702488656,"Subpopulation_2"
"NGS_H19_Normal_Rep1","Read_1410",0.0158069830064909,"Subpopulation_1"
"NGS_H19_Normal_Rep1","Read_1411",0.984026969323495,"Subpopulation_2"
"NGS_H19_Normal_Rep1","Read_1412",0.98352585054923,"Subpopulation_2"
"NGS_H19_Normal_Rep1","Read_1413",0.0232620693061283,"Subpopulation_1"
"NGS_H19_Normal_Rep1","Read_1414",0.0178698594127346,"Subpopulation_1"
"NGS_H19_Normal_Rep1","Read_1415",0.0144749165948425,"Subpopulation_1"
"NGS_H19_Normal_Rep1","Read_1416",0.0141253628309497,"Subpopulation_1"
"NGS_H19_Normal_Rep1","Read_1417",0.0235789780293674,"Subpopulation_1"
"NGS_H19_Normal_Rep1","Read_1418",0.0206371195809788,"Subpopulation_1"
"NGS_H19_Normal_Rep1","Read_1419",0.0208505555231116,"Subpopulation_1"
"NGS_H19_Normal_Rep1","Read_1420",0.0290260520950127,"Subpopulation_1"
"NGS_H19_Normal_Rep1","Read_1421",0.982976459471866,"Subpopulation_2"
"NGS_H19_Normal_Rep1","Read_1422",0.0188246248825808,"Subpopulation_1"
"NGS_H19_Normal_Rep1","Read_1423",0.0216577092553056,"Subpopulation_1"
"NGS_H19_Normal_Rep1","Read_1424",0.978681669527992,"Subpopulation_2"
"NGS_H19_Normal_Rep1","Read_1425",0.981624434191959,"Subpopulation_2"
"NGS_H19_Normal_Rep1","Read_1426",0.975983851375765,"Subpopulation_2"
"NGS_H19_Normal_Rep1","Read_1427",0.978863616704386,"Subpopulation_2"
"NGS_H19_Normal_Rep1","Read_1428",0.0174087501286222,"Subpopulation_1"
"NGS_H19_Normal_Rep1","Read_1429",0.0148939802348472,"Subpopulation_1"
"NGS_H19_Normal_Rep1","Read_1430",0.0308608736901469,"Subpopulation_1"
"NGS_H19_Normal_Rep1","Read_1431",0.0162812359092172,"Subpopulation_1"
"NGS_H19_Normal_Rep1","Read_1432",0.973954630419774,"Subpopulation_2"
"NGS_H19_Normal_Rep1","Read_1433",0.0206602006473686,"Subpopulation_1"
"NGS_H19_Normal_Rep1","Read_1434",0.982075886003806,"Subpopulation_2"
"NGS_H19_Normal_Rep1","Read_1435",0.0156785603992532,"Subpopulation_1"
"NGS_H19_Normal_Rep1","Read_1436",0.0199244272976746,"Subpopulation_1"
"NGS_H19_Normal_Rep1","Read_1437",0.0158288030623086,"Subpopulation_1"
"NGS_H19_Normal_Rep1","Read_1438",0.0245066744025675,"Subpopulation_1"
"NGS_H19_Normal_Rep1","Read_1439",0.977445381720714,"Subpopulation_2"
"NGS_H19_Normal_Rep1","Read_1440",0.0232082392383188,"Subpopulation_1"
"NGS_H19_Normal_Rep1","Read_1441",0.0243341356663998,"Subpopulation_1"
"NGS_H19_Normal_Rep1","Read_1442",0.0233514122305927,"Subpopulation_1"
"NGS_H19_Normal_Rep1","Read_1443",0.984171587221503,"Subpopulation_2"
"NGS_H19_Normal_Rep1","Read_1444",0.0213590505643236,"Subpopulation_1"
"NGS_H19_Normal_Rep1","Read_1445",0.976905233269809,"Subpopulation_2"
"NGS_H19_Normal_Rep1","Read_1446",0.982963914125412,"Subpopulation_2"
"NGS_H19_Normal_Rep1","Read_1447",0.97711625126747,"Subpopulation_2"
"NGS_H19_Normal_Rep1","Read_1448",0.983759974897993,"Subpopulation_2"
"NGS_H19_Normal_Rep1","Read_1449",0.0140823173812573,"Subpopulation_1"
"NGS_H19_Normal_Rep1","Read_1450",0.0107340339452863,"Subpopulation_1"
"NGS_H19_Normal_Rep1","Read_1451",0.975412924706085,"Subpopulation_2"
"NGS_H19_Normal_Rep1","Read_1452",0.0150399311830287,"Subpopulation_1"
"NGS_H19_Normal_Rep1","Read_1453",0.980841327211252,"Subpopulation_2"
"NGS_H19_Normal_Rep1","Read_1454",0.981720843732191,"Subpopulation_2"
"NGS_H19_Normal_Rep1","Read_1455",0.981395894796953,"Subpopulation_2"
"NGS_H19_Normal_Rep1","Read_1456",0.0163514051765692,"Subpopulation_1"
"NGS_H19_Normal_Rep1","Read_1457",0.977084581784068,"Subpopulation_2"
"NGS_H19_Normal_Rep1","Read_1458",0.981404532581365,"Subpopulation_2"
"NGS_H19_Normal_Rep1","Read_1459",0.976775412102181,"Subpopulation_2"
"NGS_H19_Normal_Rep1","Read_1460",0.982381496345471,"Subpopulation_2"
"NGS_H19_Normal_Rep1","Read_1461",0.976921344876809,"Subpopulation_2"
"NGS_H19_Normal_Rep1","Read_1462",0.0204350594644188,"Subpopulation_1"
"NGS_H19_Normal_Rep1","Read_1463",0.0168021894317784,"Subpopulation_1"
"NGS_H19_Normal_Rep1","Read_1464",0.983175373419627,"Subpopulation_2"
"NGS_H19_Normal_Rep1","Read_1465",0.0165872004564784,"Subpopulation_1"
"NGS_H19_Normal_Rep1","Read_1466",0.0129190984518401,"Subpopulation_1"
"NGS_H19_Normal_Rep1","Read_1467",0.0121051536295815,"Subpopulation_1"
"NGS_H19_Normal_Rep1","Read_1468",0.977083188843417,"Subpopulation_2"
"NGS_H19_Normal_Rep1","Read_1469",0.0264488628374493,"Subpopulation_1"
"NGS_H19_Normal_Rep1","Read_1470",0.979929840785728,"Subpopulation_2"
"NGS_H19_Normal_Rep1","Read_1471",0.0172554890158276,"Subpopulation_1"
"NGS_H19_Normal_Rep1","Read_1472",0.0226195051000226,"Subpopulation_1"
"NGS_H19_Normal_Rep1","Read_1473",0.980589318583066,"Subpopulation_2"
"NGS_H19_Normal_Rep1","Read_1474",0.978359836932152,"Subpopulation_2"
"NGS_H19_Normal_Rep1","Read_1475",0.017151146748335,"Subpopulation_1"
"NGS_H19_Normal_Rep1","Read_1476",0.984610997837415,"Subpopulation_2"
"NGS_H19_Normal_Rep1","Read_1477",0.0152096387291663,"Subpopulation_1"
"NGS_H19_Normal_Rep1","Read_1478",0.0197343709754634,"Subpopulation_1"
"NGS_H19_Normal_Rep1","Read_1479",0.0211272451359488,"Subpopulation_1"
"NGS_H19_Normal_Rep1","Read_1480",0.0250236019921701,"Subpopulation_1"
"NGS_H19_Normal_Rep1","Read_1481",0.979447312533795,"Subpopulation_2"
"NGS_H19_Normal_Rep1","Read_1482",0.982852145466686,"Subpopulation_2"
"NGS_H19_Normal_Rep1","Read_1483",0.0232906235367876,"Subpopulation_1"
"NGS_H19_Normal_Rep1","Read_1484",0.982972786618622,"Subpopulation_2"
"NGS_H19_Normal_Rep1","Read_1485",0.0179212684820013,"Subpopulation_1"
"NGS_H19_Normal_Rep1","Read_1486",0.982568880487426,"Subpopulation_2"
"NGS_H19_Normal_Rep1","Read_1487",0.974669515763123,"Subpopulation_2"
"NGS_H19_Normal_Rep1","Read_1488",0.0167077889038592,"Subpopulation_1"
"NGS_H19_Normal_Rep1","Read_1489",0.0223973206259547,"Subpopulation_1"
"NGS_H19_Normal_Rep1","Read_1490",0.977948412483706,"Subpopulation_2"
"NGS_H19_Normal_Rep1","Read_1491",0.0235906100156467,"Subpopulation_1"
"NGS_H19_Normal_Rep1","Read_1492",0.0235664961478034,"Subpopulation_1"
"NGS_H19_Normal_Rep1","Read_1493",0.020263427147821,"Subpopulation_1"
"NGS_H19_Normal_Rep1","Read_1494",0.976141667697142,"Subpopulation_2"
"NGS_H19_Normal_Rep1","Read_1495",0.0198626720863599,"Subpopulation_1"
"NGS_H19_Normal_Rep1","Read_1496",0.980338721987193,"Subpopulation_2"
"NGS_H19_Normal_Rep1","Read_1497",0.986660993119664,"Subpopulation_2"
"NGS_H19_Normal_Rep1","Read_1498",0.0264697025851966,"Subpopulation_1"
"NGS_H19_Normal_Rep1","Read_1499",0.987746680318328,"Subpopulation_2"
"NGS_H19_Normal_Rep1","Read_1500",0.987317798839498,"Subpopulation_2"
"NGS_H19_Normal_Rep1","Read_1501",0.0142378840154706,"Subpopulation_1"
"NGS_H19_Normal_Rep1","Read_1502",0.977814505022813,"Subpopulation_2"
"NGS_H19_Normal_Rep1","Read_1503",0.980838912883723,"Subpopulation_2"
"NGS_H19_Normal_Rep1","Read_1504",0.98946091977023,"Subpopulation_2"
"NGS_H19_Normal_Rep1","Read_1505",0.975731868847397,"Subpopulation_2"
"NGS_H19_Normal_Rep1","Read_1506",0.988270854885663,"Subpopulation_2"
"NGS_H19_Normal_Rep1","Read_1507",0.982671100268453,"Subpopulation_2"
"NGS_H19_Normal_Rep1","Read_1508",0.0180231336349114,"Subpopulation_1"
"NGS_H19_Normal_Rep1","Read_1509",0.0187352960696559,"Subpopulation_1"
"NGS_H19_Normal_Rep1","Read_1510",0.0230951483092605,"Subpopulation_1"
"NGS_H19_Normal_Rep1","Read_1511",0.977474986189634,"Subpopulation_2"
"NGS_H19_Normal_Rep1","Read_1512",0.979074351691831,"Subpopulation_2"
"NGS_H19_Normal_Rep1","Read_1513",0.0230820678097899,"Subpopulation_1"
"NGS_H19_Normal_Rep1","Read_1514",0.97350886596982,"Subpopulation_2"
"NGS_H19_Normal_Rep1","Read_1515",0.0146890058105219,"Subpopulation_1"
"NGS_H19_Normal_Rep1","Read_1516",0.979754806440159,"Subpopulation_2"
"NGS_H19_Normal_Rep1","Read_1517",0.0246928905271133,"Subpopulation_1"
"NGS_H19_Normal_Rep1","Read_1518",0.978115353397403,"Subpopulation_2"
"NGS_H19_Normal_Rep1","Read_1519",0.983577378885234,"Subpopulation_2"
"NGS_H19_Normal_Rep1","Read_1520",0.0226958865584071,"Subpopulation_1"
"NGS_H19_Normal_Rep1","Read_1521",0.966545426769933,"Subpopulation_2"
"NGS_H19_Normal_Rep1","Read_1522",0.0233654835508862,"Subpopulation_1"
"NGS_H19_Normal_Rep1","Read_1523",0.0207298878780555,"Subpopulation_1"
"NGS_H19_Normal_Rep1","Read_1524",0.986085650403402,"Subpopulation_2"
"NGS_H19_Normal_Rep1","Read_1525",0.0143322737167005,"Subpopulation_1"
"NGS_H19_Normal_Rep1","Read_1526",0.0241835265592776,"Subpopulation_1"
"NGS_H19_Normal_Rep1","Read_1527",0.986766516523821,"Subpopulation_2"
"NGS_H19_Normal_Rep1","Read_1528",0.0250997460868332,"Subpopulation_1"
"NGS_H19_Normal_Rep1","Read_1529",0.0222130970730999,"Subpopulation_1"
"NGS_H19_Normal_Rep1","Read_1530",0.973932027397681,"Subpopulation_2"
"NGS_H19_Normal_Rep1","Read_1531",0.984820400875233,"Subpopulation_2"
"NGS_H19_Normal_Rep1","Read_1532",0.0304690533801717,"Subpopulation_1"
"NGS_H19_Normal_Rep1","Read_1533",0.983637354457535,"Subpopulation_2"
"NGS_H19_Normal_Rep1","Read_1534",0.0209883145009487,"Subpopulation_1"
"NGS_H19_Normal_Rep1","Read_1535",0.0167352627824905,"Subpopulation_1"
"NGS_H19_Normal_Rep1","Read_1536",0.968686314547937,"Subpopulation_2"
"NGS_H19_Normal_Rep1","Read_1537",0.0151492145738346,"Subpopulation_1"
"NGS_H19_Normal_Rep1","Read_1538",0.0210515288270565,"Subpopulation_1"
"NGS_H19_Normal_Rep1","Read_1539",0.984119793846511,"Subpopulation_2"
"NGS_H19_Normal_Rep1","Read_1540",0.979518445346058,"Subpopulation_2"
"NGS_H19_Normal_Rep1","Read_1541",0.988737431357469,"Subpopulation_2"
"NGS_H19_Normal_Rep1","Read_1542",0.983950240672747,"Subpopulation_2"
"NGS_H19_Normal_Rep1","Read_1543",0.980598092677893,"Subpopulation_2"
"NGS_H19_Normal_Rep1","Read_1544",0.0213085507155007,"Subpopulation_1"
"NGS_H19_Normal_Rep1","Read_1545",0.0136538959225285,"Subpopulation_1"
"NGS_H19_Normal_Rep1","Read_1546",0.0199625620450959,"Subpopulation_1"
"NGS_H19_Normal_Rep1","Read_1547",0.0186307636121459,"Subpopulation_1"
"NGS_H19_Normal_Rep1","Read_1548",0.983617071850081,"Subpopulation_2"
"NGS_H19_Normal_Rep1","Read_1549",0.0169459256460528,"Subpopulation_1"
"NGS_H19_Normal_Rep1","Read_1550",0.977711266936152,"Subpopulation_2"
"NGS_H19_Normal_Rep1","Read_1551",0.0197451367589424,"Subpopulation_1"
"NGS_H19_Normal_Rep1","Read_1552",0.0206455499648673,"Subpopulation_1"
"NGS_H19_Normal_Rep1","Read_1553",0.0157994801115854,"Subpopulation_1"
"NGS_H19_Normal_Rep1","Read_1554",0.98626692483476,"Subpopulation_2"
"NGS_H19_Normal_Rep1","Read_1555",0.0141474572505057,"Subpopulation_1"
"NGS_H19_Normal_Rep1","Read_1556",0.984822014789811,"Subpopulation_2"
"NGS_H19_Normal_Rep1","Read_1557",0.0235909052586849,"Subpopulation_1"
"NGS_H19_Normal_Rep1","Read_1558",0.0182424315184011,"Subpopulation_1"
"NGS_H19_Normal_Rep1","Read_1559",0.0236163929995871,"Subpopulation_1"
"NGS_H19_Normal_Rep1","Read_1560",0.0153175445398831,"Subpopulation_1"
"NGS_H19_Normal_Rep1","Read_1561",0.0222682764881913,"Subpopulation_1"
"NGS_H19_Normal_Rep1","Read_1562",0.978827332068847,"Subpopulation_2"
"NGS_H19_Normal_Rep1","Read_1563",0.0163783281560094,"Subpopulation_1"
"NGS_H19_Normal_Rep1","Read_1564",0.984000535904013,"Subpopulation_2"
"NGS_H19_Normal_Rep1","Read_1565",0.972909998688813,"Subpopulation_2"
"NGS_H19_Normal_Rep1","Read_1566",0.985262944207354,"Subpopulation_2"
"NGS_H19_Normal_Rep1","Read_1567",0.981739444630762,"Subpopulation_2"
"NGS_H19_Normal_Rep1","Read_1568",0.981361523040492,"Subpopulation_2"
"NGS_H19_Normal_Rep1","Read_1569",0.0254116887907374,"Subpopulation_1"
"NGS_H19_Normal_Rep1","Read_1570",0.981678477263225,"Subpopulation_2"
"NGS_H19_Normal_Rep1","Read_1571",0.973790502640861,"Subpopulation_2"
"NGS_H19_Normal_Rep1","Read_1572",0.0200942602643666,"Subpopulation_1"
"NGS_H19_Normal_Rep1","Read_1573",0.0254502859046744,"Subpopulation_1"
"NGS_H19_Normal_Rep1","Read_1574",0.98000075040213,"Subpopulation_2"
"NGS_H19_Normal_Rep1","Read_1575",0.980862196981483,"Subpopulation_2"
"NGS_H19_Normal_Rep1","Read_1576",0.0207117307437344,"Subpopulation_1"
"NGS_H19_Normal_Rep1","Read_1577",0.0158189524095455,"Subpopulation_1"
"NGS_H19_Normal_Rep1","Read_1578",0.029940828665363,"Subpopulation_1"
"NGS_H19_Normal_Rep1","Read_1579",0.985400555356903,"Subpopulation_2"
"NGS_H19_Normal_Rep1","Read_1580",0.0117790513679658,"Subpopulation_1"
"NGS_H19_Normal_Rep1","Read_1581",0.968575815300012,"Subpopulation_2"
"NGS_H19_Normal_Rep1","Read_1582",0.0267671789817263,"Subpopulation_1"
"NGS_H19_Normal_Rep1","Read_1583",0.976424856399987,"Subpopulation_2"
"NGS_H19_Normal_Rep1","Read_1584",0.97966010484335,"Subpopulation_2"
"NGS_H19_Normal_Rep1","Read_1585",0.984242004243317,"Subpopulation_2"
"NGS_H19_Normal_Rep1","Read_1586",0.0177773013382448,"Subpopulation_1"
"NGS_H19_Normal_Rep1","Read_1587",0.0174692475273048,"Subpopulation_1"
"NGS_H19_Normal_Rep1","Read_1588",0.0176299444274802,"Subpopulation_1"
"NGS_H19_Normal_Rep1","Read_1589",0.973949820728646,"Subpopulation_2"
"NGS_H19_Normal_Rep1","Read_1590",0.974486394048261,"Subpopulation_2"
"NGS_H19_Normal_Rep1","Read_1591",0.982892121455023,"Subpopulation_2"
"NGS_H19_Normal_Rep1","Read_1592",0.972152981152919,"Subpopulation_2"
"NGS_H19_Normal_Rep1","Read_1593",0.978059810256178,"Subpopulation_2"
"NGS_H19_Normal_Rep1","Read_1594",0.98766159303481,"Subpopulation_2"
"NGS_H19_Normal_Rep1","Read_1595",0.0166658936034844,"Subpopulation_1"
"NGS_H19_Normal_Rep1","Read_1596",0.969446834224508,"Subpopulation_2"
"NGS_H19_Normal_Rep1","Read_1597",0.973909130261096,"Subpopulation_2"
"NGS_H19_Normal_Rep1","Read_1598",0.0169113236563116,"Subpopulation_1"
"NGS_H19_Normal_Rep1","Read_1599",0.983836945326635,"Subpopulation_2"
"NGS_H19_Normal_Rep1","Read_1600",0.987576229003677,"Subpopulation_2"
"NGS_H19_Normal_Rep1","Read_1601",0.973179596913096,"Subpopulation_2"
"NGS_H19_Normal_Rep1","Read_1602",0.0183159879751108,"Subpopulation_1"
"NGS_H19_Normal_Rep1","Read_1603",0.970385171344282,"Subpopulation_2"
"NGS_H19_Normal_Rep1","Read_1604",0.971602063853467,"Subpopulation_2"
"NGS_H19_Normal_Rep1","Read_1605",0.980743871381583,"Subpopulation_2"
"NGS_H19_Normal_Rep1","Read_1606",0.978131542814807,"Subpopulation_2"
"NGS_H19_Normal_Rep1","Read_1607",0.0198487386218047,"Subpopulation_1"
"NGS_H19_Normal_Rep1","Read_1608",0.973776467186298,"Subpopulation_2"
"NGS_H19_Normal_Rep1","Read_1609",0.0209879228078165,"Subpopulation_1"
"NGS_H19_Normal_Rep1","Read_1610",0.0237738212577924,"Subpopulation_1"
"NGS_H19_Normal_Rep1","Read_1611",0.979258964071573,"Subpopulation_2"
"NGS_H19_Normal_Rep1","Read_1612",0.0221907909102447,"Subpopulation_1"
"NGS_H19_Normal_Rep1","Read_1613",0.0142948911033929,"Subpopulation_1"
"NGS_H19_Normal_Rep1","Read_1614",0.983203672756328,"Subpopulation_2"
"NGS_H19_Normal_Rep1","Read_1615",0.980429919493267,"Subpopulation_2"
"NGS_H19_Normal_Rep1","Read_1616",0.0131375982701671,"Subpopulation_1"
"NGS_H19_Normal_Rep1","Read_1617",0.0211157348992612,"Subpopulation_1"
"NGS_H19_Normal_Rep1","Read_1618",0.0230672016523838,"Subpopulation_1"
"NGS_H19_Normal_Rep1","Read_1619",0.0214734248433264,"Subpopulation_1"
"NGS_H19_Normal_Rep1","Read_1620",0.0197597889794167,"Subpopulation_1"
"NGS_H19_Normal_Rep1","Read_1621",0.981912806115304,"Subpopulation_2"
"NGS_H19_Normal_Rep1","Read_1622",0.0298061904805431,"Subpopulation_1"
"NGS_H19_Normal_Rep1","Read_1623",0.977170414266513,"Subpopulation_2"
"NGS_H19_Normal_Rep1","Read_1624",0.976231554085189,"Subpopulation_2"
"NGS_H19_Normal_Rep1","Read_1625",0.0226302731131064,"Subpopulation_1"
"NGS_H19_Normal_Rep1","Read_1626",0.97831048796086,"Subpopulation_2"
"NGS_H19_Normal_Rep1","Read_1627",0.980235488076266,"Subpopulation_2"
"NGS_H19_Normal_Rep1","Read_1628",0.0164759305532887,"Subpopulation_1"
"NGS_H19_Normal_Rep1","Read_1629",0.0317780890136449,"Subpopulation_1"
"NGS_H19_Normal_Rep1","Read_1630",0.0191320117848371,"Subpopulation_1"
"NGS_H19_Normal_Rep1","Read_1631",0.972992193335917,"Subpopulation_2"
"NGS_H19_Normal_Rep1","Read_1632",0.983379447954019,"Subpopulation_2"
"NGS_H19_Normal_Rep1","Read_1633",0.0188172819893271,"Subpopulation_1"
"NGS_H19_Normal_Rep1","Read_1634",0.987271996350584,"Subpopulation_2"
"NGS_H19_Normal_Rep1","Read_1635",0.0251610158840802,"Subpopulation_1"
"NGS_H19_Normal_Rep1","Read_1636",0.0169292459692376,"Subpopulation_1"
"NGS_H19_Normal_Rep1","Read_1637",0.0193392720260618,"Subpopulation_1"
"NGS_H19_Normal_Rep1","Read_1638",0.0226386753510935,"Subpopulation_1"
"NGS_H19_Normal_Rep1","Read_1639",0.0167106429272033,"Subpopulation_1"
"NGS_H19_Normal_Rep1","Read_1640",0.972990534306802,"Subpopulation_2"
"NGS_H19_Normal_Rep1","Read_1641",0.974493785151299,"Subpopulation_2"
"NGS_H19_Normal_Rep1","Read_1642",0.0228927198689948,"Subpopulation_1"
"NGS_H19_Normal_Rep1","Read_1643",0.0175373556463827,"Subpopulation_1"
"NGS_H19_Normal_Rep1","Read_1644",0.0233335299456959,"Subpopulation_1"
"NGS_H19_Normal_Rep1","Read_1645",0.978493437694824,"Subpopulation_2"
"NGS_H19_Normal_Rep1","Read_1646",0.01433562847435,"Subpopulation_1"
"NGS_H19_Normal_Rep1","Read_1647",0.0123854637240786,"Subpopulation_1"
"NGS_H19_Normal_Rep1","Read_1648",0.978228245438324,"Subpopulation_2"
"NGS_H19_Normal_Rep1","Read_1649",0.0210943267399198,"Subpopulation_1"
"NGS_H19_Normal_Rep1","Read_1650",0.986866764597676,"Subpopulation_2"
"NGS_H19_Normal_Rep1","Read_1651",0.982981509416005,"Subpopulation_2"
"NGS_H19_Normal_Rep1","Read_1652",0.0118363035120865,"Subpopulation_1"
"NGS_H19_Normal_Rep1","Read_1653",0.0195177630814651,"Subpopulation_1"
"NGS_H19_Normal_Rep1","Read_1654",0.982384041604051,"Subpopulation_2"
"NGS_H19_Normal_Rep1","Read_1655",0.0174884586354095,"Subpopulation_1"
"NGS_H19_Normal_Rep1","Read_1656",0.020897854979914,"Subpopulation_1"
"NGS_H19_Normal_Rep1","Read_1657",0.0203722882575143,"Subpopulation_1"
"NGS_H19_Normal_Rep1","Read_1658",0.982532141809564,"Subpopulation_2"
"NGS_H19_Normal_Rep1","Read_1659",0.0135519434397628,"Subpopulation_1"
"NGS_H19_Normal_Rep1","Read_1660",0.0208434664371544,"Subpopulation_1"
"NGS_H19_Normal_Rep1","Read_1661",0.982039118372734,"Subpopulation_2"
"NGS_H19_Normal_Rep1","Read_1662",0.0194507938496904,"Subpopulation_1"
"NGS_H19_Normal_Rep1","Read_1663",0.0289196844858592,"Subpopulation_1"
"NGS_H19_Normal_Rep1","Read_1664",0.97979615899617,"Subpopulation_2"
"NGS_H19_Normal_Rep1","Read_1665",0.988072266300945,"Subpopulation_2"
"NGS_H19_Normal_Rep1","Read_1666",0.981282164278209,"Subpopulation_2"
"NGS_H19_Normal_Rep1","Read_1667",0.987147527372912,"Subpopulation_2"
"NGS_H19_Normal_Rep1","Read_1668",0.971607998280371,"Subpopulation_2"
"NGS_H19_Normal_Rep1","Read_1669",0.981163357201137,"Subpopulation_2"
"NGS_H19_Normal_Rep1","Read_1670",0.0224150669422461,"Subpopulation_1"
"NGS_H19_Normal_Rep1","Read_1671",0.0215042188268367,"Subpopulation_1"
"NGS_H19_Normal_Rep1","Read_1672",0.0197743859403639,"Subpopulation_1"
"NGS_H19_Normal_Rep1","Read_1673",0.0172458800802529,"Subpopulation_1"
"NGS_H19_Normal_Rep1","Read_1674",0.978215064121788,"Subpopulation_2"
"NGS_H19_Normal_Rep1","Read_1675",0.985364874927663,"Subpopulation_2"
"NGS_H19_Normal_Rep1","Read_1676",0.980016448559755,"Subpopulation_2"
"NGS_H19_Normal_Rep1","Read_1677",0.0122436793306567,"Subpopulation_1"
"NGS_H19_Normal_Rep1","Read_1678",0.0276833280772726,"Subpopulation_1"
"NGS_H19_Normal_Rep1","Read_1679",0.0173986245450592,"Subpopulation_1"
"NGS_H19_Normal_Rep1","Read_1680",0.983854751180741,"Subpopulation_2"
"NGS_H19_Normal_Rep1","Read_1681",0.979414590332353,"Subpopulation_2"
"NGS_H19_Normal_Rep1","Read_1682",0.969149580299328,"Subpopulation_2"
"NGS_H19_Normal_Rep1","Read_1683",0.979402521080921,"Subpopulation_2"
"NGS_H19_Normal_Rep1","Read_1684",0.0274555469189584,"Subpopulation_1"
"NGS_H19_Normal_Rep1","Read_1685",0.985800419560221,"Subpopulation_2"
"NGS_H19_Normal_Rep1","Read_1686",0.982188987133013,"Subpopulation_2"
"NGS_H19_Normal_Rep1","Read_1687",0.977713497663526,"Subpopulation_2"
"NGS_H19_Normal_Rep1","Read_1688",0.978220941666143,"Subpopulation_2"
"NGS_H19_Normal_Rep1","Read_1689",0.0106866554963548,"Subpopulation_1"
"NGS_H19_Normal_Rep1","Read_1690",0.024824987069412,"Subpopulation_1"
"NGS_H19_Normal_Rep1","Read_1691",0.018386054227693,"Subpopulation_1"
"NGS_H19_Normal_Rep1","Read_1692",0.0183220774018387,"Subpopulation_1"
"NGS_H19_Normal_Rep1","Read_1693",0.971904943261441,"Subpopulation_2"
"NGS_H19_Normal_Rep1","Read_1694",0.0214199868881115,"Subpopulation_1"
"NGS_H19_Normal_Rep1","Read_1695",0.985437664620564,"Subpopulation_2"
"NGS_H19_Normal_Rep1","Read_1696",0.0216738737054557,"Subpopulation_1"
"NGS_H19_Normal_Rep1","Read_1697",0.983017283586692,"Subpopulation_2"
"NGS_H19_Normal_Rep1","Read_1698",0.0102135270823162,"Subpopulation_1"
"NGS_H19_Normal_Rep1","Read_1699",0.0168236567393241,"Subpopulation_1"
"NGS_H19_Normal_Rep1","Read_1700",0.985703934049651,"Subpopulation_2"
"NGS_H19_Normal_Rep1","Read_1701",0.983288369867781,"Subpopulation_2"
"NGS_H19_Normal_Rep1","Read_1702",0.986163382101231,"Subpopulation_2"
"NGS_H19_Normal_Rep1","Read_1703",0.0169962910103775,"Subpopulation_1"
"NGS_H19_Normal_Rep1","Read_1704",0.0148002319436154,"Subpopulation_1"
"NGS_H19_Normal_Rep1","Read_1705",0.0111923525605591,"Subpopulation_1"
"NGS_H19_Normal_Rep1","Read_1706",0.981912900826721,"Subpopulation_2"
"NGS_H19_Normal_Rep1","Read_1707",0.023062846442271,"Subpopulation_1"
"NGS_H19_Normal_Rep1","Read_1708",0.974293785678407,"Subpopulation_2"
"NGS_H19_Normal_Rep1","Read_1709",0.014559607915292,"Subpopulation_1"
"NGS_H19_Normal_Rep1","Read_1710",0.98113876188377,"Subpopulation_2"
"NGS_H19_Normal_Rep1","Read_1711",0.0245767571664744,"Subpopulation_1"
"NGS_H19_Normal_Rep1","Read_1712",0.983184681947283,"Subpopulation_2"
"NGS_H19_Normal_Rep1","Read_1713",0.978612880596456,"Subpopulation_2"
"NGS_H19_Normal_Rep1","Read_1714",0.020351994124324,"Subpopulation_1"
"NGS_H19_Normal_Rep1","Read_1715",0.984091396856128,"Subpopulation_2"
"NGS_H19_Normal_Rep1","Read_1716",0.0194880186290724,"Subpopulation_1"
"NGS_H19_Normal_Rep1","Read_1717",0.0111382932787034,"Subpopulation_1"
"NGS_H19_Normal_Rep1","Read_1718",0.0172535783183705,"Subpopulation_1"
"NGS_H19_Normal_Rep1","Read_1719",0.0267698361122995,"Subpopulation_1"
"NGS_H19_Normal_Rep1","Read_1720",0.0196967418680504,"Subpopulation_1"
"NGS_H19_Normal_Rep1","Read_1721",0.983358354895028,"Subpopulation_2"
"NGS_H19_Normal_Rep1","Read_1722",0.972281015402776,"Subpopulation_2"
"NGS_H19_Normal_Rep1","Read_1723",0.019054472516927,"Subpopulation_1"
"NGS_H19_Normal_Rep1","Read_1724",0.0206680217117703,"Subpopulation_1"
"NGS_H19_Normal_Rep1","Read_1725",0.970792708970863,"Subpopulation_2"
"NGS_H19_Normal_Rep1","Read_1726",0.980138343198332,"Subpopulation_2"
"NGS_H19_Normal_Rep1","Read_1727",0.0290803411448731,"Subpopulation_1"
"NGS_H19_Normal_Rep1","Read_1728",0.97714319499015,"Subpopulation_2"
"NGS_H19_Normal_Rep1","Read_1729",0.98019452250931,"Subpopulation_2"
"NGS_H19_Normal_Rep1","Read_1730",0.982404634529903,"Subpopulation_2"
"NGS_H19_Normal_Rep1","Read_1731",0.984681452294844,"Subpopulation_2"
"NGS_H19_Normal_Rep1","Read_1732",0.0225462218768315,"Subpopulation_1"
"NGS_H19_Normal_Rep1","Read_1733",0.0204523926409673,"Subpopulation_1"
"NGS_H19_Normal_Rep1","Read_1734",0.0258634464409065,"Subpopulation_1"
"NGS_H19_Normal_Rep1","Read_1735",0.020460501188453,"Subpopulation_1"
"NGS_H19_Normal_Rep1","Read_1736",0.0151802835592729,"Subpopulation_1"
"NGS_H19_Normal_Rep1","Read_1737",0.0252360638525716,"Subpopulation_1"
"NGS_H19_Normal_Rep1","Read_1738",0.0297874566294162,"Subpopulation_1"
"NGS_H19_Normal_Rep1","Read_1739",0.0173146172057397,"Subpopulation_1"
"NGS_H19_Normal_Rep1","Read_1740",0.0181693639121571,"Subpopulation_1"
"NGS_H19_Normal_Rep1","Read_1741",0.980111555254851,"Subpopulation_2"
"NGS_H19_Normal_Rep1","Read_1742",0.976591263409246,"Subpopulation_2"
"NGS_H19_Normal_Rep1","Read_1743",0.978694200107487,"Subpopulation_2"
"NGS_H19_Normal_Rep1","Read_1744",0.978663040885299,"Subpopulation_2"
"NGS_H19_Normal_Rep1","Read_1745",0.0227557667560395,"Subpopulation_1"
"NGS_H19_Normal_Rep1","Read_1746",0.979718370496112,"Subpopulation_2"
"NGS_H19_Normal_Rep1","Read_1747",0.97500276768938,"Subpopulation_2"
"NGS_H19_Normal_Rep1","Read_1748",0.0139768580839637,"Subpopulation_1"
"NGS_H19_Normal_Rep1","Read_1749",0.986310649122209,"Subpopulation_2"
"NGS_H19_Normal_Rep1","Read_1750",0.0204637408315107,"Subpopulation_1"
"NGS_H19_Normal_Rep1","Read_1751",0.978932055681476,"Subpopulation_2"
"NGS_H19_Normal_Rep1","Read_1752",0.0145377115890131,"Subpopulation_1"
"NGS_H19_Normal_Rep1","Read_1753",0.981343435634287,"Subpopulation_2"
"NGS_H19_Normal_Rep1","Read_1754",0.976942873522182,"Subpopulation_2"
"NGS_H19_Normal_Rep1","Read_1755",0.0212849922232641,"Subpopulation_1"
"NGS_H19_Normal_Rep1","Read_1756",0.0185005012721729,"Subpopulation_1"
"NGS_H19_Normal_Rep1","Read_1757",0.980266129863139,"Subpopulation_2"
"NGS_H19_Normal_Rep1","Read_1758",0.987004535667236,"Subpopulation_2"
"NGS_H19_Normal_Rep1","Read_1759",0.0264607399364649,"Subpopulation_1"
"NGS_H19_Normal_Rep1","Read_1760",0.974194987481145,"Subpopulation_2"
"NGS_H19_Normal_Rep1","Read_1761",0.980497108402047,"Subpopulation_2"
"NGS_H19_Normal_Rep1","Read_1762",0.0159916101330153,"Subpopulation_1"
"NGS_H19_Normal_Rep1","Read_1763",0.0175082476122762,"Subpopulation_1"
"NGS_H19_Normal_Rep1","Read_1764",0.973451303763654,"Subpopulation_2"
"NGS_H19_Normal_Rep1","Read_1765",0.980887843984988,"Subpopulation_2"
"NGS_H19_Normal_Rep1","Read_1766",0.984208956399244,"Subpopulation_2"
"NGS_H19_Normal_Rep1","Read_1767",0.980116845656141,"Subpopulation_2"
"NGS_H19_Normal_Rep1","Read_1768",0.983585087877535,"Subpopulation_2"
"NGS_H19_Normal_Rep1","Read_1769",0.978229450495163,"Subpopulation_2"
"NGS_H19_Normal_Rep1","Read_1770",0.98406776319256,"Subpopulation_2"
"NGS_H19_Normal_Rep1","Read_1771",0.0117995201447443,"Subpopulation_1"
"NGS_H19_Normal_Rep1","Read_1772",0.983683659928302,"Subpopulation_2"
"NGS_H19_Normal_Rep1","Read_1773",0.982376674900974,"Subpopulation_2"
"NGS_H19_Normal_Rep1","Read_1774",0.0134449978868399,"Subpopulation_1"
"NGS_H19_Normal_Rep1","Read_1775",0.0278953876228762,"Subpopulation_1"
"NGS_H19_Normal_Rep1","Read_1776",0.0163514989597354,"Subpopulation_1"
"NGS_H19_Normal_Rep1","Read_1777",0.022722697936076,"Subpopulation_1"
"NGS_H19_Normal_Rep1","Read_1778",0.98634578186135,"Subpopulation_2"
"NGS_H19_Normal_Rep1","Read_1779",0.0229891282716194,"Subpopulation_1"
"NGS_H19_Normal_Rep1","Read_1780",0.0144295801201821,"Subpopulation_1"
"NGS_H19_Normal_Rep1","Read_1781",0.0171864584595454,"Subpopulation_1"
"NGS_H19_Normal_Rep1","Read_1782",0.0162500724690282,"Subpopulation_1"
"NGS_H19_Normal_Rep1","Read_1783",0.97773940336671,"Subpopulation_2"
"NGS_H19_Normal_Rep1","Read_1784",0.986444033432944,"Subpopulation_2"
"NGS_H19_Normal_Rep1","Read_1785",0.975892597521385,"Subpopulation_2"
"NGS_H19_Normal_Rep1","Read_1786",0.976694007288085,"Subpopulation_2"
"NGS_H19_Normal_Rep1","Read_1787",0.977683338126501,"Subpopulation_2"
"NGS_H19_Normal_Rep1","Read_1788",0.012939629765338,"Subpopulation_1"
"NGS_H19_Normal_Rep1","Read_1789",0.0194638655667403,"Subpopulation_1"
"NGS_H19_Normal_Rep1","Read_1790",0.983973151373217,"Subpopulation_2"
"NGS_H19_Normal_Rep1","Read_1791",0.977636836456379,"Subpopulation_2"
"NGS_H19_Normal_Rep1","Read_1792",0.979452846602071,"Subpopulation_2"
"NGS_H19_Normal_Rep1","Read_1793",0.981398699512434,"Subpopulation_2"
"NGS_H19_Normal_Rep1","Read_1794",0.0181901296204329,"Subpopulation_1"
"NGS_H19_Normal_Rep1","Read_1795",0.9787546631305,"Subpopulation_2"
"NGS_H19_Normal_Rep1","Read_1796",0.0188881821814064,"Subpopulation_1"
"NGS_H19_Normal_Rep1","Read_1797",0.0235961867586211,"Subpopulation_1"
"NGS_H19_Normal_Rep1","Read_1798",0.0183566997182095,"Subpopulation_1"
"NGS_H19_Normal_Rep1","Read_1799",0.0169943992463296,"Subpopulation_1"
"NGS_H19_Normal_Rep1","Read_1800",0.0210925956905801,"Subpopulation_1"
"NGS_H19_Normal_Rep1","Read_1801",0.972368250339861,"Subpopulation_2"
"NGS_H19_Normal_Rep1","Read_1802",0.984603997579274,"Subpopulation_2"
"NGS_H19_Normal_Rep1","Read_1803",0.0211817070827985,"Subpopulation_1"
"NGS_H19_Normal_Rep1","Read_1804",0.983455881184567,"Subpopulation_2"
"NGS_H19_Normal_Rep1","Read_1805",0.0178954008787366,"Subpopulation_1"
"NGS_H19_Normal_Rep1","Read_1806",0.984790992897965,"Subpopulation_2"
"NGS_H19_Normal_Rep1","Read_1807",0.972665287193497,"Subpopulation_2"
"NGS_H19_Normal_Rep1","Read_1808",0.0230710810653577,"Subpopulation_1"
"NGS_H19_Normal_Rep1","Read_1809",0.0173819487493981,"Subpopulation_1"
"NGS_H19_Normal_Rep1","Read_1810",0.0153243826483604,"Subpopulation_1"
"NGS_H19_Normal_Rep1","Read_1811",0.0304661800040016,"Subpopulation_1"
"NGS_H19_Normal_Rep1","Read_1812",0.973053426752999,"Subpopulation_2"
"NGS_H19_Normal_Rep1","Read_1813",0.0226720234012412,"Subpopulation_1"
"NGS_H19_Normal_Rep1","Read_1814",0.0261634902839915,"Subpopulation_1"
"NGS_H19_Normal_Rep1","Read_1815",0.982203248650419,"Subpopulation_2"
"NGS_H19_Normal_Rep1","Read_1816",0.0256537859500874,"Subpopulation_1"
"NGS_H19_Normal_Rep1","Read_1817",0.985363123412529,"Subpopulation_2"
"NGS_H19_Normal_Rep1","Read_1818",0.988234391686746,"Subpopulation_2"
"NGS_H19_Normal_Rep1","Read_1819",0.976688837956117,"Subpopulation_2"
"NGS_H19_Normal_Rep1","Read_1820",0.0177928404543595,"Subpopulation_1"
"NGS_H19_Normal_Rep1","Read_1821",0.98737025314765,"Subpopulation_2"
"NGS_H19_Normal_Rep1","Read_1822",0.982118252195616,"Subpopulation_2"
"NGS_H19_Normal_Rep1","Read_1823",0.983555296504158,"Subpopulation_2"
"NGS_H19_Normal_Rep1","Read_1824",0.979826938407889,"Subpopulation_2"
"NGS_H19_Normal_Rep1","Read_1825",0.0190402708143109,"Subpopulation_1"
"NGS_H19_Normal_Rep1","Read_1826",0.0200180871735655,"Subpopulation_1"
"NGS_H19_Normal_Rep1","Read_1827",0.0221028800141298,"Subpopulation_1"
"NGS_H19_Normal_Rep1","Read_1828",0.979582512859733,"Subpopulation_2"
"NGS_H19_Normal_Rep1","Read_1829",0.984422735173326,"Subpopulation_2"
"NGS_H19_Normal_Rep1","Read_1830",0.978781950074026,"Subpopulation_2"
"NGS_H19_Normal_Rep1","Read_1831",0.0303434223980995,"Subpopulation_1"
"NGS_H19_Normal_Rep1","Read_1832",0.0169638923488387,"Subpopulation_1"
"NGS_H19_Normal_Rep1","Read_1833",0.97629360453837,"Subpopulation_2"
"NGS_H19_Normal_Rep1","Read_1834",0.97017087526912,"Subpopulation_2"
"NGS_H19_Normal_Rep1","Read_1835",0.0240715733525986,"Subpopulation_1"
"NGS_H19_Normal_Rep1","Read_1836",0.0208135671838585,"Subpopulation_1"
"NGS_H19_Normal_Rep1","Read_1837",0.0206781291658999,"Subpopulation_1"
"NGS_H19_Normal_Rep1","Read_1838",0.0214164717420643,"Subpopulation_1"
"NGS_H19_Normal_Rep1","Read_1839",0.978235241896868,"Subpopulation_2"
"NGS_H19_Normal_Rep1","Read_1840",0.979568143223988,"Subpopulation_2"
"NGS_H19_Normal_Rep1","Read_1841",0.983957634996914,"Subpopulation_2"
"NGS_H19_Normal_Rep1","Read_1842",0.982777065956422,"Subpopulation_2"
"NGS_H19_Normal_Rep1","Read_1843",0.0160931399818062,"Subpopulation_1"
"NGS_H19_Normal_Rep1","Read_1844",0.0203904890723026,"Subpopulation_1"
"NGS_H19_Normal_Rep1","Read_1845",0.985632234877814,"Subpopulation_2"
"NGS_H19_Normal_Rep1","Read_1846",0.981390694698758,"Subpopulation_2"
"NGS_H19_Normal_Rep1","Read_1847",0.0215387961891185,"Subpopulation_1"
"NGS_H19_Normal_Rep1","Read_1848",0.0200385190595554,"Subpopulation_1"
"NGS_H19_Normal_Rep1","Read_1849",0.0161882680253012,"Subpopulation_1"
"NGS_H19_Normal_Rep1","Read_1850",0.0116617392129559,"Subpopulation_1"
"NGS_H19_Normal_Rep1","Read_1851",0.021109551201007,"Subpopulation_1"
"NGS_H19_Normal_Rep1","Read_1852",0.979289797400637,"Subpopulation_2"
"NGS_H19_Normal_Rep1","Read_1853",0.981077012064526,"Subpopulation_2"
"NGS_H19_Normal_Rep1","Read_1854",0.981400740259065,"Subpopulation_2"
"NGS_H19_Normal_Rep1","Read_1855",0.9768915770124,"Subpopulation_2"
"NGS_H19_Normal_Rep1","Read_1856",0.977069070081152,"Subpopulation_2"
"NGS_H19_Normal_Rep1","Read_1857",0.0124050235961803,"Subpopulation_1"
"NGS_H19_Normal_Rep1","Read_1858",0.0152749092487517,"Subpopulation_1"
"NGS_H19_Normal_Rep1","Read_1859",0.981683719988911,"Subpopulation_2"
"NGS_H19_Normal_Rep1","Read_1860",0.974933231350006,"Subpopulation_2"
"NGS_H19_Normal_Rep1","Read_1861",0.978707673144045,"Subpopulation_2"
"NGS_H19_Normal_Rep1","Read_1862",0.982031942220819,"Subpopulation_2"
"NGS_H19_Normal_Rep1","Read_1863",0.977041851411749,"Subpopulation_2"
"NGS_H19_Normal_Rep1","Read_1864",0.0179435956104815,"Subpopulation_1"
"NGS_H19_Normal_Rep1","Read_1865",0.0258976745954272,"Subpopulation_1"
"NGS_H19_Normal_Rep1","Read_1866",0.0154517517411867,"Subpopulation_1"
"NGS_H19_Normal_Rep1","Read_1867",0.0199209145568204,"Subpopulation_1"
"NGS_H19_Normal_Rep1","Read_1868",0.983165177477913,"Subpopulation_2"
"NGS_H19_Normal_Rep1","Read_1869",0.0162691956637692,"Subpopulation_1"
"NGS_H19_Normal_Rep1","Read_1870",0.986491294194446,"Subpopulation_2"
"NGS_H19_Normal_Rep1","Read_1871",0.983850903645252,"Subpopulation_2"
"NGS_H19_Normal_Rep1","Read_1872",0.0251506762418006,"Subpopulation_1"
"NGS_H19_Normal_Rep1","Read_1873",0.0174155373241113,"Subpopulation_1"
"NGS_H19_Normal_Rep1","Read_1874",0.982253314557137,"Subpopulation_2"
"NGS_H19_Normal_Rep1","Read_1875",0.980970126788969,"Subpopulation_2"
"NGS_H19_Normal_Rep1","Read_1876",0.979153544004306,"Subpopulation_2"
"NGS_H19_Normal_Rep1","Read_1877",0.967983252675657,"Subpopulation_2"
"NGS_H19_Normal_Rep1","Read_1878",0.98153432791637,"Subpopulation_2"
"NGS_H19_Normal_Rep1","Read_1879",0.977990395138515,"Subpopulation_2"
"NGS_H19_Normal_Rep1","Read_1880",0.978064220719908,"Subpopulation_2"
"NGS_H19_Normal_Rep1","Read_1881",0.987065352819468,"Subpopulation_2"
"NGS_H19_Normal_Rep1","Read_1882",0.979139617617814,"Subpopulation_2"
"NGS_H19_Normal_Rep1","Read_1883",0.974781899732844,"Subpopulation_2"
"NGS_H19_Normal_Rep1","Read_1884",0.978655798522626,"Subpopulation_2"
"NGS_H19_Normal_Rep1","Read_1885",0.975432452139268,"Subpopulation_2"
"NGS_H19_Normal_Rep1","Read_1886",0.97861611607249,"Subpopulation_2"
"NGS_H19_Normal_Rep1","Read_1887",0.982363292761143,"Subpopulation_2"
"NGS_H19_Normal_Rep1","Read_1888",0.977953046352153,"Subpopulation_2"
"NGS_H19_Normal_Rep1","Read_1889",0.969749741447779,"Subpopulation_2"
"NGS_H19_Normal_Rep1","Read_1890",0.979037485895164,"Subpopulation_2"
"NGS_H19_Normal_Rep1","Read_1891",0.982340530118742,"Subpopulation_2"
"NGS_H19_Normal_Rep1","Read_1892",0.0218234321650249,"Subpopulation_1"
"NGS_H19_Normal_Rep1","Read_1893",0.0179854031555443,"Subpopulation_1"
"NGS_H19_Normal_Rep1","Read_1894",0.0190991413479676,"Subpopulation_1"
"NGS_H19_Normal_Rep1","Read_1895",0.986816283410034,"Subpopulation_2"
"NGS_H19_Normal_Rep1","Read_1896",0.0224712399740738,"Subpopulation_1"
"NGS_H19_Normal_Rep1","Read_1897",0.985032480666026,"Subpopulation_2"
"NGS_H19_Normal_Rep1","Read_1898",0.023102848613609,"Subpopulation_1"
"NGS_H19_Normal_Rep1","Read_1899",0.979746420964907,"Subpopulation_2"
"NGS_H19_Normal_Rep1","Read_1900",0.0224896679932838,"Subpopulation_1"
"NGS_H19_Normal_Rep1","Read_1901",0.0161827884134973,"Subpopulation_1"
"NGS_H19_Normal_Rep1","Read_1902",0.988562583999991,"Subpopulation_2"
"NGS_H19_Normal_Rep1","Read_1903",0.0190087370041547,"Subpopulation_1"
"NGS_H19_Normal_Rep1","Read_1904",0.0243700707452953,"Subpopulation_1"
"NGS_H19_Normal_Rep1","Read_1905",0.0171051406492672,"Subpopulation_1"
"NGS_H19_Normal_Rep1","Read_1906",0.974548634613093,"Subpopulation_2"
"NGS_H19_Normal_Rep1","Read_1907",0.0191381955679033,"Subpopulation_1"
"NGS_H19_Normal_Rep1","Read_1908",0.0200968142108849,"Subpopulation_1"
"NGS_H19_Normal_Rep1","Read_1909",0.0297124389020892,"Subpopulation_1"
"NGS_H19_Normal_Rep1","Read_1910",0.977991146091242,"Subpopulation_2"
"NGS_H19_Normal_Rep1","Read_1911",0.981073762279076,"Subpopulation_2"
"NGS_H19_Normal_Rep1","Read_1912",0.0244677529340136,"Subpopulation_1"
"NGS_H19_Normal_Rep1","Read_1913",0.0182740472253531,"Subpopulation_1"
"NGS_H19_Normal_Rep1","Read_1914",0.0218104334219059,"Subpopulation_1"
"NGS_H19_Normal_Rep1","Read_1915",0.982961398346587,"Subpopulation_2"
"NGS_H19_Normal_Rep1","Read_1916",0.979187732404088,"Subpopulation_2"
"NGS_H19_Normal_Rep1","Read_1917",0.980304364132773,"Subpopulation_2"
"NGS_H19_Normal_Rep1","Read_1918",0.0201694140510573,"Subpopulation_1"
"NGS_H19_Normal_Rep1","Read_1919",0.0160574994537375,"Subpopulation_1"
"NGS_H19_Normal_Rep1","Read_1920",0.98895733127212,"Subpopulation_2"
"NGS_H19_Normal_Rep1","Read_1921",0.976469513574113,"Subpopulation_2"
"NGS_H19_Normal_Rep1","Read_1922",0.978493459805626,"Subpopulation_2"
"NGS_H19_Normal_Rep1","Read_1923",0.980757610297145,"Subpopulation_2"
"NGS_H19_Normal_Rep1","Read_1924",0.0274987574798062,"Subpopulation_1"
"NGS_H19_Normal_Rep1","Read_1925",0.022920554297305,"Subpopulation_1"
"NGS_H19_Normal_Rep1","Read_1926",0.981102109882698,"Subpopulation_2"
"NGS_H19_Normal_Rep1","Read_1927",0.975582399088745,"Subpopulation_2"
"NGS_H19_Normal_Rep1","Read_1928",0.97743043766625,"Subpopulation_2"
"NGS_H19_Normal_Rep1","Read_1929",0.0215432176570578,"Subpopulation_1"
"NGS_H19_Normal_Rep1","Read_1930",0.986846565146449,"Subpopulation_2"
"NGS_H19_Normal_Rep1","Read_1931",0.0201854426803183,"Subpopulation_1"
"NGS_H19_Normal_Rep1","Read_1932",0.0191856766748715,"Subpopulation_1"
"NGS_H19_Normal_Rep1","Read_1933",0.0175690729307286,"Subpopulation_1"
"NGS_H19_Normal_Rep1","Read_1934",0.978317603633178,"Subpopulation_2"
"NGS_H19_Normal_Rep1","Read_1935",0.97985103584833,"Subpopulation_2"
"NGS_H19_Normal_Rep1","Read_1936",0.0173634226565706,"Subpopulation_1"
"NGS_H19_Normal_Rep1","Read_1937",0.976217099175023,"Subpopulation_2"
"NGS_H19_Normal_Rep1","Read_1938",0.0190848738251108,"Subpopulation_1"
"NGS_H19_Normal_Rep1","Read_1939",0.0251234097733678,"Subpopulation_1"
"NGS_H19_Normal_Rep1","Read_1940",0.981236322474993,"Subpopulation_2"
"NGS_H19_Normal_Rep1","Read_1941",0.981416535614743,"Subpopulation_2"
"NGS_H19_Normal_Rep1","Read_1942",0.0247635382380136,"Subpopulation_1"
"NGS_H19_Normal_Rep1","Read_1943",0.0167963249095671,"Subpopulation_1"
"NGS_H19_Normal_Rep1","Read_1944",0.980213386010457,"Subpopulation_2"
"NGS_H19_Normal_Rep1","Read_1945",0.972048190579717,"Subpopulation_2"
"NGS_H19_Normal_Rep1","Read_1946",0.0250716613400867,"Subpopulation_1"
"NGS_H19_Normal_Rep1","Read_1947",0.0230683286774559,"Subpopulation_1"
"NGS_H19_Normal_Rep1","Read_1948",0.01566480788464,"Subpopulation_1"
"NGS_H19_Normal_Rep1","Read_1949",0.0229650558663676,"Subpopulation_1"
"NGS_H19_Normal_Rep1","Read_1950",0.0207247244368113,"Subpopulation_1"
"NGS_H19_Normal_Rep1","Read_1951",0.022025246902649,"Subpopulation_1"
"NGS_H19_Normal_Rep1","Read_1952",0.0232165141557724,"Subpopulation_1"
"NGS_H19_Normal_Rep1","Read_1953",0.979822919643982,"Subpopulation_2"
"NGS_H19_Normal_Rep1","Read_1954",0.971099540620484,"Subpopulation_2"
"NGS_H19_Normal_Rep1","Read_1955",0.986034528795478,"Subpopulation_2"
"NGS_H19_Normal_Rep1","Read_1956",0.976503790973881,"Subpopulation_2"
"NGS_H19_Normal_Rep1","Read_1957",0.976543152224853,"Subpopulation_2"
"NGS_H19_Normal_Rep1","Read_1958",0.0200820766447548,"Subpopulation_1"
"NGS_H19_Normal_Rep1","Read_1959",0.975428521248832,"Subpopulation_2"
"NGS_H19_Normal_Rep1","Read_1960",0.982084699813285,"Subpopulation_2"
"NGS_H19_Normal_Rep1","Read_1961",0.971541443386017,"Subpopulation_2"
"NGS_H19_Normal_Rep1","Read_1962",0.0286124078054331,"Subpopulation_1"
"NGS_H19_Normal_Rep1","Read_1963",0.0308844220579293,"Subpopulation_1"
"NGS_H19_Normal_Rep1","Read_1964",0.0245935226450682,"Subpopulation_1"
"NGS_H19_Normal_Rep1","Read_1965",0.0144165511664039,"Subpopulation_1"
"NGS_H19_Normal_Rep1","Read_1966",0.98560893572294,"Subpopulation_2"
"NGS_H19_Normal_Rep1","Read_1967",0.0173056316535436,"Subpopulation_1"
"NGS_H19_Normal_Rep1","Read_1968",0.979510775581112,"Subpopulation_2"
"NGS_H19_Normal_Rep1","Read_1969",0.980077285557548,"Subpopulation_2"
"NGS_H19_Normal_Rep1","Read_1970",0.0165428702293393,"Subpopulation_1"
"NGS_H19_Normal_Rep1","Read_1971",0.964169382941718,"Subpopulation_2"
"NGS_H19_Normal_Rep1","Read_1972",0.0215968913634692,"Subpopulation_1"
"NGS_H19_Normal_Rep1","Read_1973",0.0262109496561385,"Subpopulation_1"
"NGS_H19_Normal_Rep1","Read_1974",0.0157435128900448,"Subpopulation_1"
"NGS_H19_Normal_Rep1","Read_1975",0.0162574970115453,"Subpopulation_1"
"NGS_H19_Normal_Rep1","Read_1976",0.0271234987035651,"Subpopulation_1"
"NGS_H19_Normal_Rep1","Read_1977",0.0215235332789856,"Subpopulation_1"
"NGS_H19_Normal_Rep1","Read_1978",0.019380943505531,"Subpopulation_1"
"NGS_H19_Normal_Rep1","Read_1979",0.979761858195677,"Subpopulation_2"
"NGS_H19_Normal_Rep1","Read_1980",0.978934717500138,"Subpopulation_2"
"NGS_H19_Normal_Rep1","Read_1981",0.0163301226658639,"Subpopulation_1"
"NGS_H19_Normal_Rep1","Read_1982",0.0137179245865944,"Subpopulation_1"
"NGS_H19_Normal_Rep1","Read_1983",0.0144777528383978,"Subpopulation_1"
"NGS_H19_Normal_Rep1","Read_1984",0.022670750780425,"Subpopulation_1"
"NGS_H19_Normal_Rep1","Read_1985",0.0323587907167106,"Subpopulation_1"
"NGS_H19_Normal_Rep1","Read_1986",0.979076863503492,"Subpopulation_2"
"NGS_H19_Normal_Rep1","Read_1987",0.0210231294698811,"Subpopulation_1"
"NGS_H19_Normal_Rep1","Read_1988",0.985690586977724,"Subpopulation_2"
"NGS_H19_Normal_Rep1","Read_1989",0.982150640892482,"Subpopulation_2"
"NGS_H19_Normal_Rep1","Read_1990",0.0293951983944035,"Subpopulation_1"
"NGS_H19_Normal_Rep1","Read_1991",0.981745348954524,"Subpopulation_2"
"NGS_H19_Normal_Rep1","Read_1992",0.0217322971490422,"Subpopulation_1"
"NGS_H19_Normal_Rep1","Read_1993",0.0189032495960532,"Subpopulation_1"
"NGS_H19_Normal_Rep1","Read_1994",0.0164295667898084,"Subpopulation_1"
"NGS_H19_Normal_Rep1","Read_1995",0.977791504354492,"Subpopulation_2"
"NGS_H19_Normal_Rep1","Read_1996",0.977898530015277,"Subpopulation_2"
"NGS_H19_Normal_Rep1","Read_1997",0.0179426220335248,"Subpopulation_1"
"NGS_H19_Normal_Rep1","Read_1998",0.0237102082297447,"Subpopulation_1"
"NGS_H19_Normal_Rep1","Read_1999",0.0246355592327723,"Subpopulation_1"
"NGS_H19_Normal_Rep1","Read_2000",0.978788366413935,"Subpopulation_2"
"NGS_H19_Normal_Rep1","Read_2001",0.976550400659702,"Subpopulation_2"
"NGS_H19_Normal_Rep1","Read_2002",0.97205702919427,"Subpopulation_2"
"NGS_H19_Normal_Rep1","Read_2003",0.982190831100432,"Subpopulation_2"
"NGS_H19_Normal_Rep1","Read_2004",0.0242052155814071,"Subpopulation_1"
"NGS_H19_Normal_Rep1","Read_2005",0.0245122638011931,"Subpopulation_1"
"NGS_H19_Normal_Rep1","Read_2006",0.981053715340501,"Subpopulation_2"
"NGS_H19_Normal_Rep1","Read_2007",0.981242807772318,"Subpopulation_2"
"NGS_H19_Normal_Rep1","Read_2008",0.97279709704424,"Subpopulation_2"
"NGS_H19_Normal_Rep1","Read_2009",0.0251433706673355,"Subpopulation_1"
"NGS_H19_Normal_Rep1","Read_2010",0.981703848628554,"Subpopulation_2"
"NGS_H19_Normal_Rep1","Read_2011",0.983364228375062,"Subpopulation_2"
"NGS_H19_Normal_Rep1","Read_2012",0.0258128974929791,"Subpopulation_1"
"NGS_H19_Normal_Rep1","Read_2013",0.0200095742897505,"Subpopulation_1"
"NGS_H19_Normal_Rep1","Read_2014",0.0289915824729741,"Subpopulation_1"
"NGS_H19_Normal_Rep1","Read_2015",0.97975807208956,"Subpopulation_2"
"NGS_H19_Normal_Rep1","Read_2016",0.0135271401687282,"Subpopulation_1"
"NGS_H19_Normal_Rep1","Read_2017",0.0104398583188997,"Subpopulation_1"
"NGS_H19_Normal_Rep1","Read_2018",0.988069704219582,"Subpopulation_2"
"NGS_H19_Normal_Rep1","Read_2019",0.0248050139755876,"Subpopulation_1"
"NGS_H19_Normal_Rep1","Read_2020",0.0214462369711137,"Subpopulation_1"
"NGS_H19_Normal_Rep1","Read_2021",0.979012624138858,"Subpopulation_2"
"NGS_H19_Normal_Rep1","Read_2022",0.985865615273784,"Subpopulation_2"
"NGS_H19_Normal_Rep1","Read_2023",0.0192091642992975,"Subpopulation_1"
"NGS_H19_Normal_Rep1","Read_2024",0.0199066195244232,"Subpopulation_1"
"NGS_H19_Normal_Rep1","Read_2025",0.984981481001403,"Subpopulation_2"
"NGS_H19_Normal_Rep1","Read_2026",0.0185197565762411,"Subpopulation_1"
"NGS_H19_Normal_Rep1","Read_2027",0.0241388411973775,"Subpopulation_1"
"NGS_H19_Normal_Rep1","Read_2028",0.0260424392346319,"Subpopulation_1"
"NGS_H19_Normal_Rep1","Read_2029",0.975989408464198,"Subpopulation_2"
"NGS_H19_Normal_Rep1","Read_2030",0.0151733673448998,"Subpopulation_1"
"NGS_H19_Normal_Rep1","Read_2031",0.982293200615207,"Subpopulation_2"
"NGS_H19_Normal_Rep1","Read_2032",0.0120481106014468,"Subpopulation_1"
"NGS_H19_Normal_Rep1","Read_2033",0.0190159907889174,"Subpopulation_1"
"NGS_H19_Normal_Rep1","Read_2034",0.976723351308017,"Subpopulation_2"
"NGS_H19_Normal_Rep1","Read_2035",0.983987195957568,"Subpopulation_2"
"NGS_H19_Normal_Rep1","Read_2036",0.0170726778939299,"Subpopulation_1"
"NGS_H19_Normal_Rep1","Read_2037",0.0170372294531561,"Subpopulation_1"
"NGS_H19_Normal_Rep1","Read_2038",0.977434431426577,"Subpopulation_2"
"NGS_H19_Normal_Rep1","Read_2039",0.979797738623879,"Subpopulation_2"
"NGS_H19_Normal_Rep1","Read_2040",0.0211655356791424,"Subpopulation_1"
"NGS_H19_Normal_Rep1","Read_2041",0.983827977442295,"Subpopulation_2"
"NGS_H19_Normal_Rep1","Read_2042",0.985397115336934,"Subpopulation_2"
"NGS_H19_Normal_Rep1","Read_2043",0.977215854583365,"Subpopulation_2"
"NGS_H19_Normal_Rep1","Read_2044",0.977900513947024,"Subpopulation_2"
"NGS_H19_Normal_Rep1","Read_2045",0.0166454230082306,"Subpopulation_1"
"NGS_H19_Normal_Rep1","Read_2046",0.0182045106156546,"Subpopulation_1"
"NGS_H19_Normal_Rep1","Read_2047",0.0192197931562277,"Subpopulation_1"
"NGS_H19_Normal_Rep1","Read_2048",0.0214591085606996,"Subpopulation_1"
"NGS_H19_Normal_Rep1","Read_2049",0.0173355178898719,"Subpopulation_1"
"NGS_H19_Normal_Rep1","Read_2050",0.0278691316818068,"Subpopulation_1"
"NGS_H19_Normal_Rep1","Read_2051",0.0263318794675304,"Subpopulation_1"
"NGS_H19_Normal_Rep1","Read_2052",0.973980679684589,"Subpopulation_2"
"NGS_H19_Normal_Rep1","Read_2053",0.0270176650692874,"Subpopulation_1"
"NGS_H19_Normal_Rep1","Read_2054",0.97894499272584,"Subpopulation_2"
"NGS_H19_Normal_Rep1","Read_2055",0.0190169960180536,"Subpopulation_1"
"NGS_H19_Normal_Rep1","Read_2056",0.0148808446557814,"Subpopulation_1"
"NGS_H19_Normal_Rep1","Read_2057",0.0236291376930529,"Subpopulation_1"
"NGS_H19_Normal_Rep1","Read_2058",0.98317281847908,"Subpopulation_2"
"NGS_H19_Normal_Rep1","Read_2059",0.987075534335797,"Subpopulation_2"
"NGS_H19_Normal_Rep1","Read_2060",0.97752495540978,"Subpopulation_2"
"NGS_H19_Normal_Rep1","Read_2061",0.0241164456021811,"Subpopulation_1"
"NGS_H19_Normal_Rep1","Read_2062",0.986423570974319,"Subpopulation_2"
"NGS_H19_Normal_Rep1","Read_2063",0.016867791433586,"Subpopulation_1"
"NGS_H19_Normal_Rep1","Read_2064",0.980794390388956,"Subpopulation_2"
"NGS_H19_Normal_Rep1","Read_2065",0.981638048954355,"Subpopulation_2"
"NGS_H19_Normal_Rep1","Read_2066",0.975680949452942,"Subpopulation_2"
"NGS_H19_Normal_Rep1","Read_2067",0.974050369255622,"Subpopulation_2"
"NGS_H19_Normal_Rep1","Read_2068",0.0201327557085568,"Subpopulation_1"
"NGS_H19_Normal_Rep1","Read_2069",0.988623093538271,"Subpopulation_2"
"NGS_H19_Normal_Rep1","Read_2070",0.0199222328573792,"Subpopulation_1"
"NGS_H19_Normal_Rep1","Read_2071",0.969614267574776,"Subpopulation_2"
"NGS_H19_Normal_Rep1","Read_2072",0.982277887937674,"Subpopulation_2"
"NGS_H19_Normal_Rep1","Read_2073",0.0227263214407203,"Subpopulation_1"
"NGS_H19_Normal_Rep1","Read_2074",0.0238719284349876,"Subpopulation_1"
"NGS_H19_Normal_Rep1","Read_2075",0.976587332529525,"Subpopulation_2"
"NGS_H19_Normal_Rep1","Read_2076",0.0207576529757034,"Subpopulation_1"
"NGS_H19_Normal_Rep1","Read_2077",0.975861296686919,"Subpopulation_2"
"NGS_H19_Normal_Rep1","Read_2078",0.977412829566064,"Subpopulation_2"
"NGS_H19_Normal_Rep1","Read_2079",0.0235630527902048,"Subpopulation_1"
"NGS_H19_Normal_Rep1","Read_2080",0.0246806790539242,"Subpopulation_1"
"NGS_H19_Normal_Rep1","Read_2081",0.0270545392730285,"Subpopulation_1"
"NGS_H19_Normal_Rep1","Read_2082",0.0232789694530426,"Subpopulation_1"
"NGS_H19_Normal_Rep1","Read_2083",0.980132550534187,"Subpopulation_2"
"NGS_H19_Normal_Rep1","Read_2084",0.0122516601013066,"Subpopulation_1"
"NGS_H19_Normal_Rep1","Read_2085",0.982948766805817,"Subpopulation_2"
"NGS_H19_Normal_Rep1","Read_2086",0.978584276610218,"Subpopulation_2"
"NGS_H19_Normal_Rep1","Read_2087",0.0196827657636721,"Subpopulation_1"
"NGS_H19_Normal_Rep1","Read_2088",0.983478753043491,"Subpopulation_2"
"NGS_H19_Normal_Rep1","Read_2089",0.0231435334995317,"Subpopulation_1"
"NGS_H19_Normal_Rep1","Read_2090",0.022135145564471,"Subpopulation_1"
"NGS_H19_Normal_Rep1","Read_2091",0.0182621203363186,"Subpopulation_1"
"NGS_H19_Normal_Rep1","Read_2092",0.978835008381366,"Subpopulation_2"
"NGS_H19_Normal_Rep1","Read_2093",0.02486805174744,"Subpopulation_1"
"NGS_H19_Normal_Rep1","Read_2094",0.977216951081164,"Subpopulation_2"
"NGS_H19_Normal_Rep1","Read_2095",0.979528422974228,"Subpopulation_2"
"NGS_H19_Normal_Rep1","Read_2096",0.973959926890898,"Subpopulation_2"
"NGS_H19_Normal_Rep1","Read_2097",0.980050500714802,"Subpopulation_2"
"NGS_H19_Normal_Rep1","Read_2098",0.0161589310599252,"Subpopulation_1"
"NGS_H19_Normal_Rep1","Read_2099",0.0256718373874314,"Subpopulation_1"
"NGS_H19_Normal_Rep1","Read_2100",0.01951278787411,"Subpopulation_1"
"NGS_H19_Normal_Rep1","Read_2101",0.0165120703914573,"Subpopulation_1"
"NGS_H19_Normal_Rep1","Read_2102",0.0244117357345547,"Subpopulation_1"
"NGS_H19_Normal_Rep1","Read_2103",0.982032254009049,"Subpopulation_2"
"NGS_H19_Normal_Rep1","Read_2104",0.0217842780686725,"Subpopulation_1"
"NGS_H19_Normal_Rep1","Read_2105",0.976233863503321,"Subpopulation_2"
"NGS_H19_Normal_Rep1","Read_2106",0.0217510123969158,"Subpopulation_1"
"NGS_H19_Normal_Rep1","Read_2107",0.0192475735852498,"Subpopulation_1"
"NGS_H19_Normal_Rep1","Read_2108",0.0187327681862695,"Subpopulation_1"
"NGS_H19_Normal_Rep1","Read_2109",0.975296393122722,"Subpopulation_2"
"NGS_H19_Normal_Rep1","Read_2110",0.969804279562769,"Subpopulation_2"
"NGS_H19_Normal_Rep1","Read_2111",0.977099975786902,"Subpopulation_2"
"NGS_H19_Normal_Rep1","Read_2112",0.0201697525491858,"Subpopulation_1"
"NGS_H19_Normal_Rep1","Read_2113",0.975248042653096,"Subpopulation_2"
"NGS_H19_Normal_Rep1","Read_2114",0.0269217382796948,"Subpopulation_1"
"NGS_H19_Normal_Rep1","Read_2115",0.0231937654259384,"Subpopulation_1"
"NGS_H19_Normal_Rep1","Read_2116",0.976251168709585,"Subpopulation_2"
"NGS_H19_Normal_Rep1","Read_2117",0.015002333523371,"Subpopulation_1"
"NGS_H19_Normal_Rep1","Read_2118",0.974947514831658,"Subpopulation_2"
"NGS_H19_Normal_Rep1","Read_2119",0.0184814166533596,"Subpopulation_1"
"NGS_H19_Normal_Rep1","Read_2120",0.017632592107063,"Subpopulation_1"
"NGS_H19_Normal_Rep1","Read_2121",0.0254798918020033,"Subpopulation_1"
"NGS_H19_Normal_Rep1","Read_2122",0.0110898968408038,"Subpopulation_1"
"NGS_H19_Normal_Rep1","Read_2123",0.0212991203240405,"Subpopulation_1"
"NGS_H19_Normal_Rep1","Read_2124",0.98238076420096,"Subpopulation_2"
"NGS_H19_Normal_Rep1","Read_2125",0.0136091832901035,"Subpopulation_1"
"NGS_H19_Normal_Rep1","Read_2126",0.0164427045030574,"Subpopulation_1"
"NGS_H19_Normal_Rep1","Read_2127",0.983319213279966,"Subpopulation_2"
"NGS_H19_Normal_Rep1","Read_2128",0.0208478472716458,"Subpopulation_1"
"NGS_H19_Normal_Rep1","Read_2129",0.0123619802403263,"Subpopulation_1"
"NGS_H19_Normal_Rep1","Read_2130",0.973691428105126,"Subpopulation_2"
"NGS_H19_Normal_Rep1","Read_2131",0.979092553904233,"Subpopulation_2"
"NGS_H19_Normal_Rep1","Read_2132",0.0260548172926732,"Subpopulation_1"
"NGS_H19_Normal_Rep1","Read_2133",0.0185716528854609,"Subpopulation_1"
"NGS_H19_Normal_Rep1","Read_2134",0.0153787674617232,"Subpopulation_1"
"NGS_H19_Normal_Rep1","Read_2135",0.977493973369681,"Subpopulation_2"
"NGS_H19_Normal_Rep1","Read_2136",0.0156495016075008,"Subpopulation_1"
"NGS_H19_Normal_Rep1","Read_2137",0.979886356761612,"Subpopulation_2"
"NGS_H19_Normal_Rep1","Read_2138",0.981809212649886,"Subpopulation_2"
"NGS_H19_Normal_Rep1","Read_2139",0.0170956229290173,"Subpopulation_1"
"NGS_H19_Normal_Rep1","Read_2140",0.978301064943886,"Subpopulation_2"
"NGS_H19_Normal_Rep1","Read_2141",0.98301384095037,"Subpopulation_2"
"NGS_H19_Normal_Rep1","Read_2142",0.0208265415365547,"Subpopulation_1"
"NGS_H19_Normal_Rep1","Read_2143",0.020508754665502,"Subpopulation_1"
"NGS_H19_Normal_Rep1","Read_2144",0.985787884703926,"Subpopulation_2"
"NGS_H19_Normal_Rep1","Read_2145",0.984249885899972,"Subpopulation_2"
"NGS_H19_Normal_Rep1","Read_2146",0.985847647747652,"Subpopulation_2"
"NGS_H19_Normal_Rep1","Read_2147",0.974488976259915,"Subpopulation_2"
"NGS_H19_Normal_Rep1","Read_2148",0.025805628551013,"Subpopulation_1"
"NGS_H19_Normal_Rep1","Read_2149",0.981623725681621,"Subpopulation_2"
"NGS_H19_Normal_Rep1","Read_2150",0.981125862602594,"Subpopulation_2"
"NGS_H19_Normal_Rep1","Read_2151",0.979381052735302,"Subpopulation_2"
"NGS_H19_Normal_Rep1","Read_2152",0.0189432851448136,"Subpopulation_1"
"NGS_H19_Normal_Rep1","Read_2153",0.986973097274946,"Subpopulation_2"
"NGS_H19_Normal_Rep1","Read_2154",0.0181485698317638,"Subpopulation_1"
"NGS_H19_Normal_Rep1","Read_2155",0.0285004496263919,"Subpopulation_1"
"NGS_H19_Normal_Rep1","Read_2156",0.991194376179235,"Subpopulation_2"
"NGS_H19_Normal_Rep1","Read_2157",0.977022680041803,"Subpopulation_2"
"NGS_H19_Normal_Rep1","Read_2158",0.976979282607051,"Subpopulation_2"
"NGS_H19_Normal_Rep1","Read_2159",0.025883132271645,"Subpopulation_1"
"NGS_H19_Normal_Rep1","Read_2160",0.0249723461596769,"Subpopulation_1"
"NGS_H19_Normal_Rep1","Read_2161",0.984481502977212,"Subpopulation_2"
"NGS_H19_Normal_Rep1","Read_2162",0.0210422135046676,"Subpopulation_1"
"NGS_H19_Normal_Rep1","Read_2163",0.984461491689341,"Subpopulation_2"
"NGS_H19_Normal_Rep1","Read_2164",0.975423828601649,"Subpopulation_2"
"NGS_H19_Normal_Rep1","Read_2165",0.0284310539257464,"Subpopulation_1"
"NGS_H19_Normal_Rep1","Read_2166",0.975411043364484,"Subpopulation_2"
"NGS_H19_Normal_Rep1","Read_2167",0.0214318125323501,"Subpopulation_1"
"NGS_H19_Normal_Rep1","Read_2168",0.991075122107772,"Subpopulation_2"
"NGS_H19_Normal_Rep1","Read_2169",0.0132902315859035,"Subpopulation_1"
"NGS_H19_Normal_Rep1","Read_2170",0.0254780945326685,"Subpopulation_1"
"NGS_H19_Normal_Rep1","Read_2171",0.0173487960935971,"Subpopulation_1"
"NGS_H19_Normal_Rep1","Read_2172",0.970087920897718,"Subpopulation_2"
"NGS_H19_Normal_Rep1","Read_2173",0.0188537434711349,"Subpopulation_1"
"NGS_H19_Normal_Rep1","Read_2174",0.0218256621468845,"Subpopulation_1"
"NGS_H19_Normal_Rep1","Read_2175",0.976400836193839,"Subpopulation_2"
"NGS_H19_Normal_Rep1","Read_2176",0.0219811011567274,"Subpopulation_1"
"NGS_H19_Normal_Rep1","Read_2177",0.0164958170508797,"Subpopulation_1"
"NGS_H19_Normal_Rep1","Read_2178",0.982188568480732,"Subpopulation_2"
"NGS_H19_Normal_Rep1","Read_2179",0.981745515741149,"Subpopulation_2"
"NGS_H19_Normal_Rep1","Read_2180",0.984703985650613,"Subpopulation_2"
"NGS_H19_Normal_Rep1","Read_2181",0.0172518490229761,"Subpopulation_1"
"NGS_H19_Normal_Rep1","Read_2182",0.975124048508857,"Subpopulation_2"
"NGS_H19_Normal_Rep1","Read_2183",0.978067699417357,"Subpopulation_2"
"NGS_H19_Normal_Rep1","Read_2184",0.979365177828466,"Subpopulation_2"
"NGS_H19_Normal_Rep1","Read_2185",0.0187268939063808,"Subpopulation_1"
"NGS_H19_Normal_Rep1","Read_2186",0.0210763931708203,"Subpopulation_1"
"NGS_H19_Normal_Rep1","Read_2187",0.0194054777060703,"Subpopulation_1"
"NGS_H19_Normal_Rep1","Read_2188",0.985008901595565,"Subpopulation_2"
"NGS_H19_Normal_Rep1","Read_2189",0.0221369934843316,"Subpopulation_1"
"NGS_H19_Normal_Rep1","Read_2190",0.982343837577709,"Subpopulation_2"
"NGS_H19_Normal_Rep1","Read_2191",0.978217378840949,"Subpopulation_2"
"NGS_H19_Normal_Rep1","Read_2192",0.0167491281536172,"Subpopulation_1"
"NGS_H19_Normal_Rep1","Read_2193",0.0196668359350164,"Subpopulation_1"
"NGS_H19_Normal_Rep1","Read_2194",0.012565355485402,"Subpopulation_1"
"NGS_H19_Normal_Rep1","Read_2195",0.0221500908529209,"Subpopulation_1"
"NGS_H19_Normal_Rep1","Read_2196",0.0189016650796636,"Subpopulation_1"
"NGS_H19_Normal_Rep1","Read_2197",0.982062272060552,"Subpopulation_2"
"NGS_H19_Normal_Rep1","Read_2198",0.975315837649387,"Subpopulation_2"
"NGS_H19_Normal_Rep1","Read_2199",0.0172092013893803,"Subpopulation_1"
"NGS_H19_Normal_Rep1","Read_2200",0.0154855851934007,"Subpopulation_1"
"NGS_H19_Normal_Rep1","Read_2201",0.980440868392239,"Subpopulation_2"
"NGS_H19_Normal_Rep1","Read_2202",0.0228820711511123,"Subpopulation_1"
"NGS_H19_Normal_Rep1","Read_2203",0.0224596370690317,"Subpopulation_1"
"NGS_H19_Normal_Rep1","Read_2204",0.979539617379722,"Subpopulation_2"
"NGS_H19_Normal_Rep1","Read_2205",0.9795906048002,"Subpopulation_2"
"NGS_H19_Normal_Rep1","Read_2206",0.0157214699104568,"Subpopulation_1"
"NGS_H19_Normal_Rep1","Read_2207",0.0155208615663483,"Subpopulation_1"
"NGS_H19_Normal_Rep1","Read_2208",0.015697286404242,"Subpopulation_1"
"NGS_H19_Normal_Rep1","Read_2209",0.978830908095986,"Subpopulation_2"
"NGS_H19_Normal_Rep1","Read_2210",0.984876454520517,"Subpopulation_2"
"NGS_H19_Normal_Rep1","Read_2211",0.980301011705326,"Subpopulation_2"
"NGS_H19_Normal_Rep1","Read_2212",0.97462968264656,"Subpopulation_2"
"NGS_H19_Normal_Rep1","Read_2213",0.0203458321455923,"Subpopulation_1"
"NGS_H19_Normal_Rep1","Read_2214",0.0194576146905466,"Subpopulation_1"
"NGS_H19_Normal_Rep1","Read_2215",0.982478142647585,"Subpopulation_2"
"NGS_H19_Normal_Rep1","Read_2216",0.98008880103085,"Subpopulation_2"
"NGS_H19_Normal_Rep1","Read_2217",0.0199124843874918,"Subpopulation_1"
"NGS_H19_Normal_Rep1","Read_2218",0.0180394745339927,"Subpopulation_1"
"NGS_H19_Normal_Rep1","Read_2219",0.0166477914429736,"Subpopulation_1"
"NGS_H19_Normal_Rep1","Read_2220",0.981471292813006,"Subpopulation_2"
"NGS_H19_Normal_Rep1","Read_2221",0.976887830269586,"Subpopulation_2"
"NGS_H19_Normal_Rep1","Read_2222",0.0355862942175915,"Subpopulation_1"
"NGS_H19_Normal_Rep1","Read_2223",0.0193641519276013,"Subpopulation_1"
"NGS_H19_Normal_Rep1","Read_2224",0.980810898230714,"Subpopulation_2"
"NGS_H19_Normal_Rep1","Read_2225",0.980134752518682,"Subpopulation_2"
"NGS_H19_Normal_Rep1","Read_2226",0.0260368879290757,"Subpopulation_1"
"NGS_H19_Normal_Rep1","Read_2227",0.977915039372037,"Subpopulation_2"
"NGS_H19_Normal_Rep1","Read_2228",0.980893701307856,"Subpopulation_2"
"NGS_H19_Normal_Rep1","Read_2229",0.0304029001821858,"Subpopulation_1"
"NGS_H19_Normal_Rep1","Read_2230",0.0155699005723864,"Subpopulation_1"
"NGS_H19_Normal_Rep1","Read_2231",0.980831984848106,"Subpopulation_2"
"NGS_H19_Normal_Rep1","Read_2232",0.981342927862086,"Subpopulation_2"
"NGS_H19_Normal_Rep1","Read_2233",0.0156527674490095,"Subpopulation_1"
"NGS_H19_Normal_Rep1","Read_2234",0.985593464477299,"Subpopulation_2"
"NGS_H19_Normal_Rep1","Read_2235",0.976981732648016,"Subpopulation_2"
"NGS_H19_Normal_Rep1","Read_2236",0.0193592017265524,"Subpopulation_1"
"NGS_H19_Normal_Rep1","Read_2237",0.0197503907330641,"Subpopulation_1"
"NGS_H19_Normal_Rep1","Read_2238",0.0194756180296894,"Subpopulation_1"
"NGS_H19_Normal_Rep1","Read_2239",0.0254098106740812,"Subpopulation_1"
"NGS_H19_Normal_Rep1","Read_2240",0.0148660978520748,"Subpopulation_1"
"NGS_H19_Normal_Rep1","Read_2241",0.979464229726093,"Subpopulation_2"
"NGS_H19_Normal_Rep1","Read_2242",0.976538947612751,"Subpopulation_2"
"NGS_H19_Normal_Rep1","Read_2243",0.0168159482923482,"Subpopulation_1"
"NGS_H19_Normal_Rep1","Read_2244",0.976906598055034,"Subpopulation_2"
"NGS_H19_Normal_Rep1","Read_2245",0.0220949911230737,"Subpopulation_1"
"NGS_H19_Normal_Rep1","Read_2246",0.983119997536611,"Subpopulation_2"
"NGS_H19_Normal_Rep1","Read_2247",0.982099640403009,"Subpopulation_2"
"NGS_H19_Normal_Rep1","Read_2248",0.977692622440526,"Subpopulation_2"
"NGS_H19_Normal_Rep1","Read_2249",0.0191282376895115,"Subpopulation_1"
"NGS_H19_Normal_Rep1","Read_2250",0.0172122028809911,"Subpopulation_1"
"NGS_H19_Normal_Rep1","Read_2251",0.0159174622938658,"Subpopulation_1"
"NGS_H19_Normal_Rep1","Read_2252",0.983934936764887,"Subpopulation_2"
"NGS_H19_Normal_Rep1","Read_2253",0.982842498824874,"Subpopulation_2"
"NGS_H19_Normal_Rep1","Read_2254",0.984962864659997,"Subpopulation_2"
"NGS_H19_Normal_Rep1","Read_2255",0.0238827594996715,"Subpopulation_1"
"NGS_H19_Normal_Rep1","Read_2256",0.980810668231498,"Subpopulation_2"
"NGS_H19_Normal_Rep1","Read_2257",0.0206714823739689,"Subpopulation_1"
"NGS_H19_Normal_Rep1","Read_2258",0.9772208578689,"Subpopulation_2"
"NGS_H19_Normal_Rep1","Read_2259",0.0199651127052771,"Subpopulation_1"
"NGS_H19_Normal_Rep1","Read_2260",0.0123516976721465,"Subpopulation_1"
"NGS_H19_Normal_Rep1","Read_2261",0.0247041738639233,"Subpopulation_1"
"NGS_H19_Normal_Rep1","Read_2262",0.0242349245771475,"Subpopulation_1"
"NGS_H19_Normal_Rep1","Read_2263",0.0172962105154377,"Subpopulation_1"
"NGS_H19_Normal_Rep1","Read_2264",0.0144596508820406,"Subpopulation_1"
"NGS_H19_Normal_Rep1","Read_2265",0.0284085324567223,"Subpopulation_1"
"NGS_H19_Normal_Rep1","Read_2266",0.0170482054261316,"Subpopulation_1"
"NGS_H19_Normal_Rep1","Read_2267",0.984387554808918,"Subpopulation_2"
"NGS_H19_Normal_Rep1","Read_2268",0.0259031111438723,"Subpopulation_1"
"NGS_H19_Normal_Rep1","Read_2269",0.0178961144046465,"Subpopulation_1"
"NGS_H19_Normal_Rep1","Read_2270",0.0288649030126534,"Subpopulation_1"
"NGS_H19_Normal_Rep1","Read_2271",0.977650638966375,"Subpopulation_2"
"NGS_H19_Normal_Rep1","Read_2272",0.0176362028902052,"Subpopulation_1"
"NGS_H19_Normal_Rep1","Read_2273",0.978491860462402,"Subpopulation_2"
"NGS_H19_Normal_Rep1","Read_2274",0.019800103295268,"Subpopulation_1"
"NGS_H19_Normal_Rep1","Read_2275",0.981438642293839,"Subpopulation_2"
"NGS_H19_Normal_Rep1","Read_2276",0.0168280199187677,"Subpopulation_1"
"NGS_H19_Normal_Rep1","Read_2277",0.981626585083379,"Subpopulation_2"
"NGS_H19_Normal_Rep1","Read_2278",0.0177883977053058,"Subpopulation_1"
"NGS_H19_Normal_Rep1","Read_2279",0.0185579621568256,"Subpopulation_1"
"NGS_H19_Normal_Rep1","Read_2280",0.0168301531396263,"Subpopulation_1"
"NGS_H19_Normal_Rep1","Read_2281",0.0141220296140349,"Subpopulation_1"
"NGS_H19_Normal_Rep1","Read_2282",0.982463132699353,"Subpopulation_2"
"NGS_H19_Normal_Rep1","Read_2283",0.982488908900767,"Subpopulation_2"
"NGS_H19_Normal_Rep1","Read_2284",0.0110341348007484,"Subpopulation_1"
"NGS_H19_Normal_Rep1","Read_2285",0.980708336896316,"Subpopulation_2"
"NGS_H19_Normal_Rep1","Read_2286",0.0197384562333795,"Subpopulation_1"
"NGS_H19_Normal_Rep1","Read_2287",0.978747698694608,"Subpopulation_2"
"NGS_H19_Normal_Rep1","Read_2288",0.0178161957069923,"Subpopulation_1"
"NGS_H19_Normal_Rep1","Read_2289",0.0293462403278235,"Subpopulation_1"
"NGS_H19_Normal_Rep1","Read_2290",0.983031568762306,"Subpopulation_2"
"NGS_H19_Normal_Rep1","Read_2291",0.0224226629748604,"Subpopulation_1"
"NGS_H19_Normal_Rep1","Read_2292",0.0157296641442681,"Subpopulation_1"
"NGS_H19_Normal_Rep1","Read_2293",0.983768778582036,"Subpopulation_2"
"NGS_H19_Normal_Rep1","Read_2294",0.0222580136467045,"Subpopulation_1"
"NGS_H19_Normal_Rep1","Read_2295",0.976708235610488,"Subpopulation_2"
"NGS_H19_Normal_Rep1","Read_2296",0.982180677212032,"Subpopulation_2"
"NGS_H19_Normal_Rep1","Read_2297",0.978456375417126,"Subpopulation_2"
"NGS_H19_Normal_Rep1","Read_2298",0.0256982550657389,"Subpopulation_1"
"NGS_H19_Normal_Rep1","Read_2299",0.0168965411406374,"Subpopulation_1"
"NGS_H19_Normal_Rep1","Read_2300",0.978236650825827,"Subpopulation_2"
"NGS_H19_Normal_Rep1","Read_2301",0.0219870471077929,"Subpopulation_1"
"NGS_H19_Normal_Rep1","Read_2302",0.02026257483742,"Subpopulation_1"
"NGS_H19_Normal_Rep1","Read_2303",0.979557702929724,"Subpopulation_2"
"NGS_H19_Normal_Rep1","Read_2304",0.0275918913499426,"Subpopulation_1"
"NGS_H19_Normal_Rep1","Read_2305",0.970865140449745,"Subpopulation_2"
"NGS_H19_Normal_Rep1","Read_2306",0.971205603684765,"Subpopulation_2"
"NGS_H19_Normal_Rep1","Read_2307",0.0145214143515766,"Subpopulation_1"
"NGS_H19_Normal_Rep1","Read_2308",0.015361803076884,"Subpopulation_1"
"NGS_H19_Normal_Rep1","Read_2309",0.983577229573804,"Subpopulation_2"
"NGS_H19_Normal_Rep1","Read_2310",0.983143144492565,"Subpopulation_2"
"NGS_H19_Normal_Rep1","Read_2311",0.980915868306408,"Subpopulation_2"
"NGS_H19_Normal_Rep1","Read_2312",0.976726645008084,"Subpopulation_2"
"NGS_H19_Normal_Rep1","Read_2313",0.98072624757981,"Subpopulation_2"
"NGS_H19_Normal_Rep1","Read_2314",0.981447431043172,"Subpopulation_2"
"NGS_H19_Normal_Rep1","Read_2315",0.981117716716268,"Subpopulation_2"
"NGS_H19_Normal_Rep1","Read_2316",0.0213396886334277,"Subpopulation_1"
"NGS_H19_Normal_Rep1","Read_2317",0.977391373575624,"Subpopulation_2"
"NGS_H19_Normal_Rep1","Read_2318",0.97874595339735,"Subpopulation_2"
"NGS_H19_Normal_Rep1","Read_2319",0.0197817149986719,"Subpopulation_1"
"NGS_H19_Normal_Rep1","Read_2320",0.0208012560823567,"Subpopulation_1"
"NGS_H19_Normal_Rep1","Read_2321",0.0186317252383827,"Subpopulation_1"
"NGS_H19_Normal_Rep1","Read_2322",0.0172274768873112,"Subpopulation_1"
"NGS_H19_Normal_Rep1","Read_2323",0.0181506581586878,"Subpopulation_1"
"NGS_H19_Normal_Rep1","Read_2324",0.0202676384341033,"Subpopulation_1"
"NGS_H19_Normal_Rep1","Read_2325",0.977089057858907,"Subpopulation_2"
"NGS_H19_Normal_Rep1","Read_2326",0.0197004312675734,"Subpopulation_1"
"NGS_H19_Normal_Rep1","Read_2327",0.975961228838273,"Subpopulation_2"
"NGS_H19_Normal_Rep1","Read_2328",0.977240987562372,"Subpopulation_2"
"NGS_H19_Normal_Rep1","Read_2329",0.972260504422054,"Subpopulation_2"
"NGS_H19_Normal_Rep1","Read_2330",0.0140524121955037,"Subpopulation_1"
"NGS_H19_Normal_Rep1","Read_2331",0.980886896741011,"Subpopulation_2"
"NGS_H19_Normal_Rep1","Read_2332",0.0162623497141007,"Subpopulation_1"
"NGS_H19_Normal_Rep1","Read_2333",0.981579308780791,"Subpopulation_2"
"NGS_H19_Normal_Rep1","Read_2334",0.9758428363955,"Subpopulation_2"
"NGS_H19_Normal_Rep1","Read_2335",0.980100245403502,"Subpopulation_2"
"NGS_H19_Normal_Rep1","Read_2336",0.0213188447575408,"Subpopulation_1"
"NGS_H19_Normal_Rep1","Read_2337",0.984116727454527,"Subpopulation_2"
"NGS_H19_Normal_Rep1","Read_2338",0.0220720787483084,"Subpopulation_1"
"NGS_H19_Normal_Rep1","Read_2339",0.0186739080695144,"Subpopulation_1"
"NGS_H19_Normal_Rep1","Read_2340",0.985026834797975,"Subpopulation_2"
"NGS_H19_Normal_Rep1","Read_2341",0.975562293533201,"Subpopulation_2"
"NGS_H19_Normal_Rep1","Read_2342",0.985409118442199,"Subpopulation_2"
"NGS_H19_Normal_Rep1","Read_2343",0.978839113547711,"Subpopulation_2"
"NGS_H19_Normal_Rep1","Read_2344",0.977388052999497,"Subpopulation_2"
"NGS_H19_Normal_Rep1","Read_2345",0.0225847631454129,"Subpopulation_1"
"NGS_H19_Normal_Rep1","Read_2346",0.021686922710237,"Subpopulation_1"
"NGS_H19_Normal_Rep1","Read_2347",0.971189447133342,"Subpopulation_2"
"NGS_H19_Normal_Rep1","Read_2348",0.0125377722113142,"Subpopulation_1"
"NGS_H19_Normal_Rep1","Read_2349",0.982163890272941,"Subpopulation_2"
"NGS_H19_Normal_Rep1","Read_2350",0.977765337582301,"Subpopulation_2"
"NGS_H19_Normal_Rep1","Read_2351",0.0230599315354553,"Subpopulation_1"
"NGS_H19_Normal_Rep1","Read_2352",0.0155322481339566,"Subpopulation_1"
"NGS_H19_Normal_Rep1","Read_2353",0.981029403829414,"Subpopulation_2"
"NGS_H19_Normal_Rep1","Read_2354",0.0193485152541774,"Subpopulation_1"
"NGS_H19_Normal_Rep1","Read_2355",0.981668731724364,"Subpopulation_2"
"NGS_H19_Normal_Rep1","Read_2356",0.0168844534014325,"Subpopulation_1"
"NGS_H19_Normal_Rep1","Read_2357",0.0158954229114031,"Subpopulation_1"
"NGS_H19_Normal_Rep1","Read_2358",0.977939211002116,"Subpopulation_2"
"NGS_H19_Normal_Rep1","Read_2359",0.984681343262962,"Subpopulation_2"
"NGS_H19_Normal_Rep1","Read_2360",0.0281503002387973,"Subpopulation_1"
"NGS_H19_Normal_Rep1","Read_2361",0.0170211791543653,"Subpopulation_1"
"NGS_H19_Normal_Rep1","Read_2362",0.016426240120367,"Subpopulation_1"
"NGS_H19_Normal_Rep1","Read_2363",0.0261292095555722,"Subpopulation_1"
"NGS_H19_Normal_Rep1","Read_2364",0.984596143319038,"Subpopulation_2"
"NGS_H19_Normal_Rep1","Read_2365",0.0219386422495785,"Subpopulation_1"
"NGS_H19_Normal_Rep1","Read_2366",0.975509916357753,"Subpopulation_2"
"NGS_H19_Normal_Rep1","Read_2367",0.0199108696516701,"Subpopulation_1"
"NGS_H19_Normal_Rep1","Read_2368",0.0256254852676151,"Subpopulation_1"
"NGS_H19_Normal_Rep1","Read_2369",0.0198894041506567,"Subpopulation_1"
"NGS_H19_Normal_Rep1","Read_2370",0.973279239539115,"Subpopulation_2"
"NGS_H19_Normal_Rep1","Read_2371",0.991956344209105,"Subpopulation_2"
"NGS_H19_Normal_Rep1","Read_2372",0.0100971067265158,"Subpopulation_1"
"NGS_H19_Normal_Rep1","Read_2373",0.0213987276277853,"Subpopulation_1"
"NGS_H19_Normal_Rep1","Read_2374",0.026954437923967,"Subpopulation_1"
"NGS_H19_Normal_Rep1","Read_2375",0.979709409351089,"Subpopulation_2"
"NGS_H19_Normal_Rep1","Read_2376",0.0188420364485307,"Subpopulation_1"
"NGS_H19_Normal_Rep1","Read_2377",0.023690365190375,"Subpopulation_1"
"NGS_H19_Normal_Rep1","Read_2378",0.01487884147637,"Subpopulation_1"
"NGS_H19_Normal_Rep1","Read_2379",0.0182194362606458,"Subpopulation_1"
"NGS_H19_Normal_Rep1","Read_2380",0.968019066937881,"Subpopulation_2"
"NGS_H19_Normal_Rep1","Read_2381",0.986285246738643,"Subpopulation_2"
"NGS_H19_Normal_Rep1","Read_2382",0.979511856088429,"Subpopulation_2"
"NGS_H19_Normal_Rep1","Read_2383",0.979946494769526,"Subpopulation_2"
"NGS_H19_Normal_Rep1","Read_2384",0.0191256238565015,"Subpopulation_1"
"NGS_H19_Normal_Rep1","Read_2385",0.018173302066948,"Subpopulation_1"
"NGS_H19_Normal_Rep1","Read_2386",0.0230447632961174,"Subpopulation_1"
"NGS_H19_Normal_Rep1","Read_2387",0.0220929159741874,"Subpopulation_1"
"NGS_H19_Normal_Rep1","Read_2388",0.0201430507350793,"Subpopulation_1"
"NGS_H19_Normal_Rep1","Read_2389",0.0127053723139247,"Subpopulation_1"
"NGS_H19_Normal_Rep1","Read_2390",0.981807988628015,"Subpopulation_2"
"NGS_H19_Normal_Rep1","Read_2391",0.0162073758127533,"Subpopulation_1"
"NGS_H19_Normal_Rep1","Read_2392",0.983842906135896,"Subpopulation_2"
"NGS_H19_Normal_Rep1","Read_2393",0.0222469607312936,"Subpopulation_1"
"NGS_H19_Normal_Rep1","Read_2394",0.0139935000342376,"Subpopulation_1"
"NGS_H19_Normal_Rep1","Read_2395",0.976294070262749,"Subpopulation_2"
"NGS_H19_Normal_Rep1","Read_2396",0.0204374431383924,"Subpopulation_1"
"NGS_H19_Normal_Rep1","Read_2397",0.972125472937465,"Subpopulation_2"
"NGS_H19_Normal_Rep1","Read_2398",0.983491231158472,"Subpopulation_2"
"NGS_H19_Normal_Rep1","Read_2399",0.988313129683642,"Subpopulation_2"
"NGS_H19_Normal_Rep1","Read_2400",0.0186812116730474,"Subpopulation_1"
"NGS_H19_Normal_Rep1","Read_2401",0.0162181339665689,"Subpopulation_1"
"NGS_H19_Normal_Rep1","Read_2402",0.0279693497284809,"Subpopulation_1"
"NGS_H19_Normal_Rep1","Read_2403",0.0172741213310196,"Subpopulation_1"
"NGS_H19_Normal_Rep1","Read_2404",0.983667418041823,"Subpopulation_2"
"NGS_H19_Normal_Rep1","Read_2405",0.0201899419779274,"Subpopulation_1"
"NGS_H19_Normal_Rep1","Read_2406",0.969443275886008,"Subpopulation_2"
"NGS_H19_Normal_Rep1","Read_2407",0.0148725398528465,"Subpopulation_1"
"NGS_H19_Normal_Rep1","Read_2408",0.978828196928251,"Subpopulation_2"
"NGS_H19_Normal_Rep1","Read_2409",0.98368125567376,"Subpopulation_2"
"NGS_H19_Normal_Rep1","Read_2410",0.0232734979760834,"Subpopulation_1"
"NGS_H19_Normal_Rep1","Read_2411",0.021224362966083,"Subpopulation_1"
"NGS_H19_Normal_Rep1","Read_2412",0.0226101822680611,"Subpopulation_1"
"NGS_H19_Normal_Rep1","Read_2413",0.976671759046507,"Subpopulation_2"
"NGS_H19_Normal_Rep1","Read_2414",0.0169855738145335,"Subpopulation_1"
"NGS_H19_Normal_Rep1","Read_2415",0.975281090093401,"Subpopulation_2"
"NGS_H19_Normal_Rep1","Read_2416",0.976124158431801,"Subpopulation_2"
"NGS_H19_Normal_Rep1","Read_2417",0.0241760892467495,"Subpopulation_1"
"NGS_H19_Normal_Rep1","Read_2418",0.981112178561676,"Subpopulation_2"
"NGS_H19_Normal_Rep1","Read_2419",0.0225084439267108,"Subpopulation_1"
"NGS_H19_Normal_Rep1","Read_2420",0.0262222186230539,"Subpopulation_1"
"NGS_H19_Normal_Rep1","Read_2421",0.0188571494443953,"Subpopulation_1"
"NGS_H19_Normal_Rep1","Read_2422",0.977984162074114,"Subpopulation_2"
"NGS_H19_Normal_Rep1","Read_2423",0.0181632917272237,"Subpopulation_1"
"NGS_H19_Normal_Rep1","Read_2424",0.976599107520887,"Subpopulation_2"
"NGS_H19_Normal_Rep1","Read_2425",0.0187560982329787,"Subpopulation_1"
"NGS_H19_Normal_Rep1","Read_2426",0.0173440134437579,"Subpopulation_1"
"NGS_H19_Normal_Rep1","Read_2427",0.983854942785135,"Subpopulation_2"
"NGS_H19_Normal_Rep1","Read_2428",0.0215420211589758,"Subpopulation_1"
"NGS_H19_Normal_Rep1","Read_2429",0.0162188609833101,"Subpopulation_1"
"NGS_H19_Normal_Rep1","Read_2430",0.978190069981906,"Subpopulation_2"
"NGS_H19_Normal_Rep1","Read_2431",0.985602039441923,"Subpopulation_2"
"NGS_H19_Normal_Rep1","Read_2432",0.981941321638816,"Subpopulation_2"
"NGS_H19_Normal_Rep1","Read_2433",0.978929916284002,"Subpopulation_2"
"NGS_H19_Normal_Rep1","Read_2434",0.0245112748809264,"Subpopulation_1"
"NGS_H19_Normal_Rep1","Read_2435",0.0226322534501255,"Subpopulation_1"
"NGS_H19_Normal_Rep1","Read_2436",0.0172993549757386,"Subpopulation_1"
"NGS_H19_Normal_Rep1","Read_2437",0.986996424905133,"Subpopulation_2"
"NGS_H19_Normal_Rep1","Read_2438",0.980832780829202,"Subpopulation_2"
"NGS_H19_Normal_Rep1","Read_2439",0.984107421811265,"Subpopulation_2"
"NGS_H19_Normal_Rep1","Read_2440",0.0165347009383538,"Subpopulation_1"
"NGS_H19_Normal_Rep1","Read_2441",0.984182519497503,"Subpopulation_2"
"NGS_H19_Normal_Rep1","Read_2442",0.0139490648719103,"Subpopulation_1"
"NGS_H19_Normal_Rep1","Read_2443",0.0279955728202699,"Subpopulation_1"
"NGS_H19_Normal_Rep1","Read_2444",0.0239993991544242,"Subpopulation_1"
"NGS_H19_Normal_Rep1","Read_2445",0.97663446549871,"Subpopulation_2"
"NGS_H19_Normal_Rep1","Read_2446",0.985260730464992,"Subpopulation_2"
"NGS_H19_Normal_Rep1","Read_2447",0.980205291519144,"Subpopulation_2"
"NGS_H19_Normal_Rep1","Read_2448",0.985483616666341,"Subpopulation_2"
"NGS_H19_Normal_Rep1","Read_2449",0.024900991774179,"Subpopulation_1"
"NGS_H19_Normal_Rep1","Read_2450",0.979659770066457,"Subpopulation_2"
"NGS_H19_Normal_Rep1","Read_2451",0.981093733869061,"Subpopulation_2"
"NGS_H19_Normal_Rep1","Read_2452",0.985708217997776,"Subpopulation_2"
"NGS_H19_Normal_Rep1","Read_2453",0.979871850158582,"Subpopulation_2"
"NGS_H19_Normal_Rep1","Read_2454",0.0169830353193177,"Subpopulation_1"
"NGS_H19_Normal_Rep1","Read_2455",0.984587421118354,"Subpopulation_2"
"NGS_H19_Normal_Rep1","Read_2456",0.0210525552417937,"Subpopulation_1"
"NGS_H19_Normal_Rep1","Read_2457",0.0230086773420506,"Subpopulation_1"
"NGS_H19_Normal_Rep1","Read_2458",0.0198293093395205,"Subpopulation_1"
"NGS_H19_Normal_Rep1","Read_2459",0.976142256271302,"Subpopulation_2"
"NGS_H19_Normal_Rep1","Read_2460",0.979912938378123,"Subpopulation_2"
"NGS_H19_Normal_Rep1","Read_2461",0.982171109724306,"Subpopulation_2"
"NGS_H19_Normal_Rep1","Read_2462",0.973726693325175,"Subpopulation_2"
"NGS_H19_Normal_Rep1","Read_2463",0.987298788694866,"Subpopulation_2"
"NGS_H19_Normal_Rep1","Read_2464",0.0208473397059398,"Subpopulation_1"
"NGS_H19_Normal_Rep1","Read_2465",0.973096171830337,"Subpopulation_2"
"NGS_H19_Normal_Rep1","Read_2466",0.0167657797049579,"Subpopulation_1"
"NGS_H19_Normal_Rep1","Read_2467",0.0212790177534835,"Subpopulation_1"
"NGS_H19_Normal_Rep1","Read_2468",0.975262853838228,"Subpopulation_2"
"NGS_H19_Normal_Rep1","Read_2469",0.979695427612124,"Subpopulation_2"
"NGS_H19_Normal_Rep1","Read_2470",0.0152703191218042,"Subpopulation_1"
"NGS_H19_Normal_Rep1","Read_2471",0.981478255340113,"Subpopulation_2"
"NGS_H19_Normal_Rep1","Read_2472",0.978109093937219,"Subpopulation_2"
"NGS_H19_Normal_Rep1","Read_2473",0.0140107977127071,"Subpopulation_1"
"NGS_H19_Normal_Rep1","Read_2474",0.980759378982268,"Subpopulation_2"
"NGS_H19_Normal_Rep1","Read_2475",0.0222288723028292,"Subpopulation_1"
"NGS_H19_Normal_Rep1","Read_2476",0.0147054556450361,"Subpopulation_1"
"NGS_H19_Normal_Rep1","Read_2477",0.978571131677959,"Subpopulation_2"
"NGS_H19_Normal_Rep1","Read_2478",0.0222485781375592,"Subpopulation_1"
"NGS_H19_Normal_Rep1","Read_2479",0.977129182996188,"Subpopulation_2"
"NGS_H19_Normal_Rep1","Read_2480",0.982438230587934,"Subpopulation_2"
"NGS_H19_Normal_Rep1","Read_2481",0.981347286647238,"Subpopulation_2"
"NGS_H19_Normal_Rep1","Read_2482",0.013378798613536,"Subpopulation_1"
"NGS_H19_Normal_Rep1","Read_2483",0.014807767771598,"Subpopulation_1"
"NGS_H19_Normal_Rep1","Read_2484",0.984789693648657,"Subpopulation_2"
"NGS_H19_Normal_Rep1","Read_2485",0.979513405039328,"Subpopulation_2"
"NGS_H19_Normal_Rep1","Read_2486",0.0254154753464743,"Subpopulation_1"
"NGS_H19_Normal_Rep1","Read_2487",0.0171722207881736,"Subpopulation_1"
"NGS_H19_Normal_Rep1","Read_2488",0.017467198074062,"Subpopulation_1"
"NGS_H19_Normal_Rep1","Read_2489",0.986600920142885,"Subpopulation_2"
"NGS_H19_Normal_Rep1","Read_2490",0.0248687209034015,"Subpopulation_1"
"NGS_H19_Normal_Rep1","Read_2491",0.0133449437180356,"Subpopulation_1"
"NGS_H19_Normal_Rep1","Read_2492",0.97957688125857,"Subpopulation_2"
"NGS_H19_Normal_Rep1","Read_2493",0.0232285555713009,"Subpopulation_1"
"NGS_H19_Normal_Rep1","Read_2494",0.0199723219445232,"Subpopulation_1"
"NGS_H19_Normal_Rep1","Read_2495",0.0228634946328509,"Subpopulation_1"
"NGS_H19_Normal_Rep1","Read_2496",0.979482670532799,"Subpopulation_2"
"NGS_H19_Normal_Rep1","Read_2497",0.0217887491433913,"Subpopulation_1"
"NGS_H19_Normal_Rep1","Read_2498",0.0206533909155173,"Subpopulation_1"
"NGS_H19_Normal_Rep1","Read_2499",0.980552465419722,"Subpopulation_2"
"NGS_H19_Normal_Rep1","Read_2500",0.0179326379431663,"Subpopulation_1"
"NGS_H19_Normal_Rep1","Read_2501",0.023146930189013,"Subpopulation_1"
"NGS_H19_Normal_Rep1","Read_2502",0.0201335795670474,"Subpopulation_1"
"NGS_H19_Normal_Rep1","Read_2503",0.971226206577753,"Subpopulation_2"
"NGS_H19_Normal_Rep1","Read_2504",0.0264546937573134,"Subpopulation_1"
"NGS_H19_Normal_Rep1","Read_2505",0.975369727481596,"Subpopulation_2"
"NGS_H19_Normal_Rep1","Read_2506",0.0185976953560829,"Subpopulation_1"
"NGS_H19_Normal_Rep1","Read_2507",0.0148872497971783,"Subpopulation_1"
"NGS_H19_Normal_Rep1","Read_2508",0.0128555097938173,"Subpopulation_1"
"NGS_H19_Normal_Rep1","Read_2509",0.0156694051916533,"Subpopulation_1"
"NGS_H19_Normal_Rep1","Read_2510",0.0186762649976769,"Subpopulation_1"
"NGS_H19_Normal_Rep1","Read_2511",0.0229305214579558,"Subpopulation_1"
"NGS_H19_Normal_Rep1","Read_2512",0.973190209500706,"Subpopulation_2"
"NGS_H19_Normal_Rep1","Read_2513",0.979388785097251,"Subpopulation_2"
"NGS_H19_Normal_Rep1","Read_2514",0.0197074416978108,"Subpopulation_1"
"NGS_H19_Normal_Rep1","Read_2515",0.0180452551091304,"Subpopulation_1"
"NGS_H19_Normal_Rep1","Read_2516",0.976036489213386,"Subpopulation_2"
"NGS_H19_Normal_Rep1","Read_2517",0.982305947533529,"Subpopulation_2"
"NGS_H19_Normal_Rep1","Read_2518",0.0210007512389919,"Subpopulation_1"
"NGS_H19_Normal_Rep1","Read_2519",0.0114794684592276,"Subpopulation_1"
"NGS_H19_Normal_Rep1","Read_2520",0.981435608925497,"Subpopulation_2"
"NGS_H19_Normal_Rep1","Read_2521",0.978775289074485,"Subpopulation_2"
"NGS_H19_Normal_Rep1","Read_2522",0.0172515154738233,"Subpopulation_1"
"NGS_H19_Normal_Rep1","Read_2523",0.0199112317907619,"Subpopulation_1"
"NGS_H19_Normal_Rep1","Read_2524",0.026097153451271,"Subpopulation_1"
"NGS_H19_Normal_Rep1","Read_2525",0.0237431129291514,"Subpopulation_1"
"NGS_H19_Normal_Rep1","Read_2526",0.982289651413711,"Subpopulation_2"
"NGS_H19_Normal_Rep1","Read_2527",0.0194771368768236,"Subpopulation_1"
"NGS_H19_Normal_Rep1","Read_2528",0.979062765345632,"Subpopulation_2"
"NGS_H19_Normal_Rep1","Read_2529",0.973613828600078,"Subpopulation_2"
"NGS_H19_Normal_Rep1","Read_2530",0.0219247266363197,"Subpopulation_1"
"NGS_H19_Normal_Rep1","Read_2531",0.0248202980542207,"Subpopulation_1"
"NGS_H19_Normal_Rep1","Read_2532",0.984407148692601,"Subpopulation_2"
"NGS_H19_Normal_Rep1","Read_2533",0.977645885875728,"Subpopulation_2"
"NGS_H19_Normal_Rep1","Read_2534",0.974204775738161,"Subpopulation_2"
"NGS_H19_Normal_Rep1","Read_2535",0.981740448454582,"Subpopulation_2"
"NGS_H19_Normal_Rep1","Read_2536",0.983174976919131,"Subpopulation_2"
"NGS_H19_Normal_Rep1","Read_2537",0.985011774472454,"Subpopulation_2"
"NGS_H19_Normal_Rep1","Read_2538",0.980564236045753,"Subpopulation_2"
"NGS_H19_Normal_Rep1","Read_2539",0.0202307417675977,"Subpopulation_1"
"NGS_H19_Normal_Rep1","Read_2540",0.983460809588033,"Subpopulation_2"
"NGS_H19_Normal_Rep1","Read_2541",0.982490787777351,"Subpopulation_2"
"NGS_H19_Normal_Rep1","Read_2542",0.0137694139039536,"Subpopulation_1"
"NGS_H19_Normal_Rep1","Read_2543",0.0205138448290062,"Subpopulation_1"
"NGS_H19_Normal_Rep1","Read_2544",0.980220869819785,"Subpopulation_2"
"NGS_H19_Normal_Rep1","Read_2545",0.970535355907733,"Subpopulation_2"
"NGS_H19_Normal_Rep1","Read_2546",0.977514038271995,"Subpopulation_2"
"NGS_H19_Normal_Rep1","Read_2547",0.0187834784296892,"Subpopulation_1"
"NGS_H19_Normal_Rep1","Read_2548",0.980056911951409,"Subpopulation_2"
"NGS_H19_Normal_Rep1","Read_2549",0.0215852351388184,"Subpopulation_1"
"NGS_H19_Normal_Rep1","Read_2550",0.0197205883718774,"Subpopulation_1"
"NGS_H19_Normal_Rep1","Read_2551",0.982543240328234,"Subpopulation_2"
"NGS_H19_Normal_Rep1","Read_2552",0.0195180179367828,"Subpopulation_1"
"NGS_H19_Normal_Rep1","Read_2553",0.0151212592943127,"Subpopulation_1"
"NGS_H19_Normal_Rep1","Read_2554",0.981878035617682,"Subpopulation_2"
"NGS_H19_Normal_Rep1","Read_2555",0.021684766298991,"Subpopulation_1"
"NGS_H19_Normal_Rep1","Read_2556",0.978279703123248,"Subpopulation_2"
"NGS_H19_Normal_Rep1","Read_2557",0.979570348996726,"Subpopulation_2"
"NGS_H19_Normal_Rep1","Read_2558",0.97181265037058,"Subpopulation_2"
"NGS_H19_Normal_Rep1","Read_2559",0.977225423562134,"Subpopulation_2"
"NGS_H19_Normal_Rep1","Read_2560",0.0197758944563627,"Subpopulation_1"
"NGS_H19_Normal_Rep1","Read_2561",0.0203970175418508,"Subpopulation_1"
"NGS_H19_Normal_Rep1","Read_2562",0.0331742999713675,"Subpopulation_1"
"NGS_H19_Normal_Rep1","Read_2563",0.982160906036875,"Subpopulation_2"
"NGS_H19_Normal_Rep1","Read_2564",0.986356899452492,"Subpopulation_2"
"NGS_H19_Normal_Rep1","Read_2565",0.988064577988387,"Subpopulation_2"
"NGS_H19_Normal_Rep1","Read_2566",0.979446880027174,"Subpopulation_2"
"NGS_H19_Normal_Rep1","Read_2567",0.983095373021408,"Subpopulation_2"
"NGS_H19_Normal_Rep1","Read_2568",0.978121339238455,"Subpopulation_2"
"NGS_H19_Normal_Rep1","Read_2569",0.979835794947563,"Subpopulation_2"
"NGS_H19_Normal_Rep1","Read_2570",0.0147065906622582,"Subpopulation_1"
"NGS_H19_Normal_Rep1","Read_2571",0.0123518289372037,"Subpopulation_1"
"NGS_H19_Normal_Rep1","Read_2572",0.970906304039688,"Subpopulation_2"
"NGS_H19_Normal_Rep1","Read_2573",0.021786861321435,"Subpopulation_1"
"NGS_H19_Normal_Rep1","Read_2574",0.0159573597601619,"Subpopulation_1"
"NGS_H19_Normal_Rep1","Read_2575",0.0196965545346389,"Subpopulation_1"
"NGS_H19_Normal_Rep1","Read_2576",0.98307368814921,"Subpopulation_2"
"NGS_H19_Normal_Rep1","Read_2577",0.0347662695119603,"Subpopulation_1"
"NGS_H19_Normal_Rep1","Read_2578",0.984561595204762,"Subpopulation_2"
"NGS_H19_Normal_Rep1","Read_2579",0.0151966771750649,"Subpopulation_1"
"NGS_H19_Normal_Rep1","Read_2580",0.0189629560846245,"Subpopulation_1"
"NGS_H19_Normal_Rep1","Read_2581",0.978300605690516,"Subpopulation_2"
"NGS_H19_Normal_Rep1","Read_2582",0.0144920257708294,"Subpopulation_1"
"NGS_H19_Normal_Rep1","Read_2583",0.0136618466823444,"Subpopulation_1"
"NGS_H19_Normal_Rep1","Read_2584",0.0228956777824444,"Subpopulation_1"
"NGS_H19_Normal_Rep1","Read_2585",0.98010201417747,"Subpopulation_2"
"NGS_H19_Normal_Rep1","Read_2586",0.975158122704554,"Subpopulation_2"
"NGS_H19_Normal_Rep1","Read_2587",0.0250104161008263,"Subpopulation_1"
"NGS_H19_Normal_Rep1","Read_2588",0.0221632825310328,"Subpopulation_1"
"NGS_H19_Normal_Rep1","Read_2589",0.0184583831696678,"Subpopulation_1"
"NGS_H19_Normal_Rep1","Read_2590",0.0174676657068114,"Subpopulation_1"
"NGS_H19_Normal_Rep1","Read_2591",0.0179531703995214,"Subpopulation_1"
"NGS_H19_Normal_Rep1","Read_2592",0.0179408784300505,"Subpopulation_1"
"NGS_H19_Normal_Rep1","Read_2593",0.0177367382108297,"Subpopulation_1"
"NGS_H19_Normal_Rep1","Read_2594",0.0171617882810323,"Subpopulation_1"
"NGS_H19_Normal_Rep1","Read_2595",0.0137785344525971,"Subpopulation_1"
"NGS_H19_Normal_Rep1","Read_2596",0.983792018823394,"Subpopulation_2"
"NGS_H19_Normal_Rep1","Read_2597",0.985323163919209,"Subpopulation_2"
"NGS_H19_Normal_Rep1","Read_2598",0.97872090884133,"Subpopulation_2"
"NGS_H19_Normal_Rep1","Read_2599",0.980585467738158,"Subpopulation_2"
"NGS_H19_Normal_Rep1","Read_2600",0.0215299675415718,"Subpopulation_1"
"NGS_H19_Normal_Rep1","Read_2601",0.982176988068354,"Subpopulation_2"
"NGS_H19_Normal_Rep1","Read_2602",0.0184938602309312,"Subpopulation_1"
"NGS_H19_Normal_Rep1","Read_2603",0.977803090930043,"Subpopulation_2"
"NGS_H19_Normal_Rep1","Read_2604",0.0201184042650001,"Subpopulation_1"
"NGS_H19_Normal_Rep1","Read_2605",0.0240633730108097,"Subpopulation_1"
"NGS_H19_Normal_Rep1","Read_2606",0.979926617433594,"Subpopulation_2"
"NGS_H19_Normal_Rep1","Read_2607",0.975898896981504,"Subpopulation_2"
"NGS_H19_Normal_Rep1","Read_2608",0.0269497078001897,"Subpopulation_1"
"NGS_H19_Normal_Rep1","Read_2609",0.974333684306173,"Subpopulation_2"
"NGS_H19_Normal_Rep1","Read_2610",0.982705798411926,"Subpopulation_2"
"NGS_H19_Normal_Rep1","Read_2611",0.0228383522992213,"Subpopulation_1"
"NGS_H19_Normal_Rep1","Read_2612",0.0195835376641825,"Subpopulation_1"
"NGS_H19_Normal_Rep1","Read_2613",0.0258372176636403,"Subpopulation_1"
"NGS_H19_Normal_Rep1","Read_2614",0.976539490375115,"Subpopulation_2"
"NGS_H19_Normal_Rep1","Read_2615",0.040131210116535,"Subpopulation_1"
"NGS_H19_Normal_Rep1","Read_2616",0.021735861914669,"Subpopulation_1"
"NGS_H19_Normal_Rep1","Read_2617",0.0260539975861359,"Subpopulation_1"
"NGS_H19_Normal_Rep1","Read_2618",0.014756078483196,"Subpopulation_1"
"NGS_H19_Normal_Rep1","Read_2619",0.985036492748705,"Subpopulation_2"
"NGS_H19_Normal_Rep1","Read_2620",0.017672814733904,"Subpopulation_1"
"NGS_H19_Normal_Rep1","Read_2621",0.0222306438254164,"Subpopulation_1"
"NGS_H19_Normal_Rep1","Read_2622",0.978589345789636,"Subpopulation_2"
"NGS_H19_Normal_Rep1","Read_2623",0.0175642235081689,"Subpopulation_1"
"NGS_H19_Normal_Rep1","Read_2624",0.0304217127836538,"Subpopulation_1"
"NGS_H19_Normal_Rep1","Read_2625",0.982695638727207,"Subpopulation_2"
"NGS_H19_Normal_Rep1","Read_2626",0.0113161059216434,"Subpopulation_1"
"NGS_H19_Normal_Rep1","Read_2627",0.0211304446696923,"Subpopulation_1"
"NGS_H19_Normal_Rep1","Read_2628",0.01877433385153,"Subpopulation_1"
"NGS_H19_Normal_Rep1","Read_2629",0.0114772309364958,"Subpopulation_1"
"NGS_H19_Normal_Rep1","Read_2630",0.979877620025776,"Subpopulation_2"
"NGS_H19_Normal_Rep1","Read_2631",0.0188087648106789,"Subpopulation_1"
"NGS_H19_Normal_Rep1","Read_2632",0.0135284492580355,"Subpopulation_1"
"NGS_H19_Normal_Rep1","Read_2633",0.0142848536717352,"Subpopulation_1"
"NGS_H19_Normal_Rep1","Read_2634",0.972807010271122,"Subpopulation_2"
"NGS_H19_Normal_Rep1","Read_2635",0.0200099060369985,"Subpopulation_1"
"NGS_H19_Normal_Rep1","Read_2636",0.977429845903116,"Subpopulation_2"
"NGS_H19_Normal_Rep1","Read_2637",0.0284877590018986,"Subpopulation_1"
"NGS_H19_Normal_Rep1","Read_2638",0.981177259446827,"Subpopulation_2"
"NGS_H19_Normal_Rep1","Read_2639",0.977053828330481,"Subpopulation_2"
"NGS_H19_Normal_Rep1","Read_2640",0.980099367213802,"Subpopulation_2"
"NGS_H19_Normal_Rep1","Read_2641",0.0125131698022821,"Subpopulation_1"
"NGS_H19_Normal_Rep1","Read_2642",0.973412166977148,"Subpopulation_2"
"NGS_H19_Normal_Rep1","Read_2643",0.0206118088796584,"Subpopulation_1"
"NGS_H19_Normal_Rep1","Read_2644",0.970744802859495,"Subpopulation_2"
"NGS_H19_Normal_Rep1","Read_2645",0.974953096463694,"Subpopulation_2"
"NGS_H19_Normal_Rep1","Read_2646",0.0267275457376584,"Subpopulation_1"
"NGS_H19_Normal_Rep1","Read_2647",0.0248884388240736,"Subpopulation_1"
"NGS_H19_Normal_Rep1","Read_2648",0.0149896997537841,"Subpopulation_1"
"NGS_H19_Normal_Rep1","Read_2649",0.981955886741064,"Subpopulation_2"
"NGS_H19_Normal_Rep1","Read_2650",0.97868582661125,"Subpopulation_2"
"NGS_H19_Normal_Rep1","Read_2651",0.0254059260715142,"Subpopulation_1"
"NGS_H19_Normal_Rep1","Read_2652",0.982943514754533,"Subpopulation_2"
"NGS_H19_Normal_Rep1","Read_2653",0.97909267985826,"Subpopulation_2"
"NGS_H19_Normal_Rep1","Read_2654",0.971979392322145,"Subpopulation_2"
"NGS_H19_Normal_Rep1","Read_2655",0.979882426630615,"Subpopulation_2"
"NGS_H19_Normal_Rep1","Read_2656",0.981043724591687,"Subpopulation_2"
"NGS_H19_Normal_Rep1","Read_2657",0.0203284579371348,"Subpopulation_1"
"NGS_H19_Normal_Rep1","Read_2658",0.987293679222252,"Subpopulation_2"
"NGS_H19_Normal_Rep1","Read_2659",0.978517127198296,"Subpopulation_2"
"NGS_H19_Normal_Rep1","Read_2660",0.0187356374158188,"Subpopulation_1"
"NGS_H19_Normal_Rep1","Read_2661",0.0162779230452374,"Subpopulation_1"
"NGS_H19_Normal_Rep1","Read_2662",0.0225019806667724,"Subpopulation_1"
"NGS_H19_Normal_Rep1","Read_2663",0.015719391290307,"Subpopulation_1"
"NGS_H19_Normal_Rep1","Read_2664",0.0162648934088541,"Subpopulation_1"
"NGS_H19_Normal_Rep1","Read_2665",0.0190880738339519,"Subpopulation_1"
"NGS_H19_Normal_Rep1","Read_2666",0.0212681887587385,"Subpopulation_1"
"NGS_H19_Normal_Rep1","Read_2667",0.978702596584453,"Subpopulation_2"
"NGS_H19_Normal_Rep1","Read_2668",0.0158789920532153,"Subpopulation_1"
"NGS_H19_Normal_Rep1","Read_2669",0.981596537452059,"Subpopulation_2"
"NGS_H19_Normal_Rep1","Read_2670",0.015227590216274,"Subpopulation_1"
"NGS_H19_Normal_Rep1","Read_2671",0.983553241332766,"Subpopulation_2"
"NGS_H19_Normal_Rep1","Read_2672",0.973965624894852,"Subpopulation_2"
"NGS_H19_Normal_Rep1","Read_2673",0.973530296780286,"Subpopulation_2"
"NGS_H19_Normal_Rep1","Read_2674",0.976329936680184,"Subpopulation_2"
"NGS_H19_Normal_Rep1","Read_2675",0.979645250344199,"Subpopulation_2"
"NGS_H19_Normal_Rep1","Read_2676",0.979854294590683,"Subpopulation_2"
"NGS_H19_Normal_Rep1","Read_2677",0.976695766824044,"Subpopulation_2"
"NGS_H19_Normal_Rep1","Read_2678",0.0122758159940122,"Subpopulation_1"
"NGS_H19_Normal_Rep1","Read_2679",0.0197590044818571,"Subpopulation_1"
"NGS_H19_Normal_Rep1","Read_2680",0.0245649068929231,"Subpopulation_1"
"NGS_H19_Normal_Rep1","Read_2681",0.0138111571221722,"Subpopulation_1"
"NGS_H19_Normal_Rep1","Read_2682",0.982388000398809,"Subpopulation_2"
"NGS_H19_Normal_Rep1","Read_2683",0.0204412395790666,"Subpopulation_1"
"NGS_H19_Normal_Rep1","Read_2684",0.979247402289288,"Subpopulation_2"
"NGS_H19_Normal_Rep1","Read_2685",0.0203840004779974,"Subpopulation_1"
"NGS_H19_Normal_Rep1","Read_2686",0.0217238377319727,"Subpopulation_1"
"NGS_H19_Normal_Rep1","Read_2687",0.979393504746367,"Subpopulation_2"
"NGS_H19_Normal_Rep1","Read_2688",0.0187697044530918,"Subpopulation_1"
"NGS_H19_Normal_Rep1","Read_2689",0.0190709548599492,"Subpopulation_1"
"NGS_H19_Normal_Rep1","Read_2690",0.97699319493065,"Subpopulation_2"
"NGS_H19_Normal_Rep1","Read_2691",0.982712621941935,"Subpopulation_2"
"NGS_H19_Normal_Rep1","Read_2692",0.0154012873550295,"Subpopulation_1"
"NGS_H19_Normal_Rep1","Read_2693",0.980165091495714,"Subpopulation_2"
"NGS_H19_Normal_Rep1","Read_2694",0.984390912868953,"Subpopulation_2"
"NGS_H19_Normal_Rep1","Read_2695",0.0155940083481893,"Subpopulation_1"
"NGS_H19_Normal_Rep1","Read_2696",0.974165883606995,"Subpopulation_2"
"NGS_H19_Normal_Rep1","Read_2697",0.984188792997012,"Subpopulation_2"
"NGS_H19_Normal_Rep1","Read_2698",0.0185266871483601,"Subpopulation_1"
"NGS_H19_Normal_Rep1","Read_2699",0.0198385680249753,"Subpopulation_1"
"NGS_H19_Normal_Rep1","Read_2700",0.0175993222432778,"Subpopulation_1"
"NGS_H19_Normal_Rep1","Read_2701",0.0198998893344493,"Subpopulation_1"
"NGS_H19_Normal_Rep1","Read_2702",0.973080110024129,"Subpopulation_2"
"NGS_H19_Normal_Rep1","Read_2703",0.978641976894283,"Subpopulation_2"
"NGS_H19_Normal_Rep1","Read_2704",0.976368477562221,"Subpopulation_2"
"NGS_H19_Normal_Rep1","Read_2705",0.979243345924893,"Subpopulation_2"
"NGS_H19_Normal_Rep1","Read_2706",0.987109469013468,"Subpopulation_2"
"NGS_H19_Normal_Rep1","Read_2707",0.0140456296394221,"Subpopulation_1"
"NGS_H19_Normal_Rep1","Read_2708",0.981011973234882,"Subpopulation_2"
"NGS_H19_Normal_Rep1","Read_2709",0.976355653887066,"Subpopulation_2"
"NGS_H19_Normal_Rep1","Read_2710",0.975722804733118,"Subpopulation_2"
"NGS_H19_Normal_Rep1","Read_2711",0.989000347436901,"Subpopulation_2"
"NGS_H19_Normal_Rep1","Read_2712",0.983233583285233,"Subpopulation_2"
"NGS_H19_Normal_Rep1","Read_2713",0.012256120281431,"Subpopulation_1"
"NGS_H19_Normal_Rep1","Read_2714",0.981862556851147,"Subpopulation_2"
"NGS_H19_Normal_Rep1","Read_2715",0.0259831007259783,"Subpopulation_1"
"NGS_H19_Normal_Rep1","Read_2716",0.980370784496032,"Subpopulation_2"
"NGS_H19_Normal_Rep1","Read_2717",0.0234321784314517,"Subpopulation_1"
"NGS_H19_Normal_Rep1","Read_2718",0.0166033121123393,"Subpopulation_1"
"NGS_H19_Normal_Rep1","Read_2719",0.0204758520530064,"Subpopulation_1"
"NGS_H19_Normal_Rep1","Read_2720",0.0317192125284134,"Subpopulation_1"
"NGS_H19_Normal_Rep1","Read_2721",0.969469703108862,"Subpopulation_2"
"NGS_H19_Normal_Rep1","Read_2722",0.980989138302789,"Subpopulation_2"
"NGS_H19_Normal_Rep1","Read_2723",0.983857992449102,"Subpopulation_2"
"NGS_H19_Normal_Rep1","Read_2724",0.014339114853354,"Subpopulation_1"
"NGS_H19_Normal_Rep1","Read_2725",0.981893409100211,"Subpopulation_2"
"NGS_H19_Normal_Rep1","Read_2726",0.981326024762165,"Subpopulation_2"
"NGS_H19_Normal_Rep1","Read_2727",0.0195763816012945,"Subpopulation_1"
"NGS_H19_Normal_Rep1","Read_2728",0.0155277194000284,"Subpopulation_1"
"NGS_H19_Normal_Rep1","Read_2729",0.984957919864078,"Subpopulation_2"
"NGS_H19_Normal_Rep1","Read_2730",0.981583607074015,"Subpopulation_2"
"NGS_H19_Normal_Rep1","Read_2731",0.0139000544363836,"Subpopulation_1"
"NGS_H19_Normal_Rep1","Read_2732",0.977054865522871,"Subpopulation_2"
"NGS_H19_Normal_Rep1","Read_2733",0.0247355001020179,"Subpopulation_1"
"NGS_H19_Normal_Rep1","Read_2734",0.0208195873291748,"Subpopulation_1"
"NGS_H19_Normal_Rep1","Read_2735",0.974125307761567,"Subpopulation_2"
"NGS_H19_Normal_Rep1","Read_2736",0.978162149745392,"Subpopulation_2"
"NGS_H19_Normal_Rep1","Read_2737",0.98770362664458,"Subpopulation_2"
"NGS_H19_Normal_Rep1","Read_2738",0.0242909556636837,"Subpopulation_1"
"NGS_H19_Normal_Rep1","Read_2739",0.0210635296030391,"Subpopulation_1"
"NGS_H19_Normal_Rep1","Read_2740",0.0255446216426008,"Subpopulation_1"
"NGS_H19_Normal_Rep1","Read_2741",0.980402593888392,"Subpopulation_2"
"NGS_H19_Normal_Rep1","Read_2742",0.981242290940804,"Subpopulation_2"
"NGS_H19_Normal_Rep1","Read_2743",0.0192610665876916,"Subpopulation_1"
"NGS_H19_Normal_Rep1","Read_2744",0.984517933600768,"Subpopulation_2"
"NGS_H19_Normal_Rep1","Read_2745",0.981849809782189,"Subpopulation_2"
"NGS_H19_Normal_Rep1","Read_2746",0.0259756530075614,"Subpopulation_1"
"NGS_H19_Normal_Rep1","Read_2747",0.021629104816137,"Subpopulation_1"
"NGS_H19_Normal_Rep1","Read_2748",0.975402807648985,"Subpopulation_2"
"NGS_H19_Normal_Rep1","Read_2749",0.981476959400495,"Subpopulation_2"
"NGS_H19_Normal_Rep1","Read_2750",0.983077673021868,"Subpopulation_2"
"NGS_H19_Normal_Rep1","Read_2751",0.987574628147058,"Subpopulation_2"
"NGS_H19_Normal_Rep1","Read_2752",0.982825087269296,"Subpopulation_2"
"NGS_H19_Normal_Rep1","Read_2753",0.979756810052363,"Subpopulation_2"
"NGS_H19_Normal_Rep1","Read_2754",0.982722932677809,"Subpopulation_2"
"NGS_H19_Normal_Rep1","Read_2755",0.0237520337462277,"Subpopulation_1"
"NGS_H19_Normal_Rep1","Read_2756",0.0193369358154183,"Subpopulation_1"
"NGS_H19_Normal_Rep1","Read_2757",0.0189814565637193,"Subpopulation_1"
"NGS_H19_Normal_Rep1","Read_2758",0.975190880591798,"Subpopulation_2"
"NGS_H19_Normal_Rep1","Read_2759",0.0140416794157939,"Subpopulation_1"
"NGS_H19_Normal_Rep1","Read_2760",0.0159689095495602,"Subpopulation_1"
"NGS_H19_Normal_Rep1","Read_2761",0.0212779328509199,"Subpopulation_1"
"NGS_H19_Normal_Rep1","Read_2762",0.0226139134628691,"Subpopulation_1"
"NGS_H19_Normal_Rep1","Read_2763",0.981044232278303,"Subpopulation_2"
"NGS_H19_Normal_Rep1","Read_2764",0.982800727310178,"Subpopulation_2"
"NGS_H19_Normal_Rep1","Read_2765",0.977165560523369,"Subpopulation_2"
"NGS_H19_Normal_Rep1","Read_2766",0.981740355238975,"Subpopulation_2"
"NGS_H19_Normal_Rep1","Read_2767",0.978300330650182,"Subpopulation_2"
"NGS_H19_Normal_Rep1","Read_2768",0.975296426632804,"Subpopulation_2"
"NGS_H19_Normal_Rep1","Read_2769",0.981139102479666,"Subpopulation_2"
"NGS_H19_Normal_Rep1","Read_2770",0.0201039544097386,"Subpopulation_1"
"NGS_H19_Normal_Rep1","Read_2771",0.0181517915475497,"Subpopulation_1"
"NGS_H19_Normal_Rep1","Read_2772",0.0189619986574458,"Subpopulation_1"
"NGS_H19_Normal_Rep1","Read_2773",0.978562793342051,"Subpopulation_2"
"NGS_H19_Normal_Rep1","Read_2774",0.0165454246685502,"Subpopulation_1"
"NGS_H19_Normal_Rep1","Read_2775",0.983589188814047,"Subpopulation_2"
"NGS_H19_Normal_Rep1","Read_2776",0.978387666341301,"Subpopulation_2"
"NGS_H19_Normal_Rep1","Read_2777",0.0130591958538463,"Subpopulation_1"
"NGS_H19_Normal_Rep1","Read_2778",0.978968701047696,"Subpopulation_2"
"NGS_H19_Normal_Rep1","Read_2779",0.98079286480656,"Subpopulation_2"
"NGS_H19_Normal_Rep1","Read_2780",0.0152240816742489,"Subpopulation_1"
"NGS_H19_Normal_Rep1","Read_2781",0.0236944838123071,"Subpopulation_1"
"NGS_H19_Normal_Rep1","Read_2782",0.979845300745115,"Subpopulation_2"
"NGS_H19_Normal_Rep1","Read_2783",0.97817144879596,"Subpopulation_2"
"NGS_H19_Normal_Rep1","Read_2784",0.979961610621783,"Subpopulation_2"
"NGS_H19_Normal_Rep1","Read_2785",0.0188482708765719,"Subpopulation_1"
"NGS_H19_Normal_Rep1","Read_2786",0.982761185443006,"Subpopulation_2"
"NGS_H19_Normal_Rep1","Read_2787",0.984187793119767,"Subpopulation_2"
"NGS_H19_Normal_Rep1","Read_2788",0.979621457732336,"Subpopulation_2"
"NGS_H19_Normal_Rep1","Read_2789",0.982285799840407,"Subpopulation_2"
"NGS_H19_Normal_Rep1","Read_2790",0.0226457401811387,"Subpopulation_1"
"NGS_H19_Normal_Rep1","Read_2791",0.0216974990181175,"Subpopulation_1"
"NGS_H19_Normal_Rep1","Read_2792",0.97883483342093,"Subpopulation_2"
"NGS_H19_Normal_Rep1","Read_2793",0.971593449125487,"Subpopulation_2"
"NGS_H19_Normal_Rep1","Read_2794",0.980205946771561,"Subpopulation_2"
"NGS_H19_Normal_Rep1","Read_2795",0.984011762607291,"Subpopulation_2"
"NGS_H19_Normal_Rep1","Read_2796",0.981909425493081,"Subpopulation_2"
"NGS_H19_Normal_Rep1","Read_2797",0.0195883186164317,"Subpopulation_1"
"NGS_H19_Normal_Rep1","Read_2798",0.0159023752209417,"Subpopulation_1"
"NGS_H19_Normal_Rep1","Read_2799",0.978755381435821,"Subpopulation_2"
"NGS_H19_Normal_Rep1","Read_2800",0.0275621844479789,"Subpopulation_1"
"NGS_H19_Normal_Rep1","Read_2801",0.981670796323005,"Subpopulation_2"
"NGS_H19_Normal_Rep1","Read_2802",0.0196140740401283,"Subpopulation_1"
"NGS_H19_Normal_Rep1","Read_2803",0.0140447863191729,"Subpopulation_1"
"NGS_H19_Normal_Rep1","Read_2804",0.0252666432046209,"Subpopulation_1"
"NGS_H19_Normal_Rep1","Read_2805",0.0213542989849685,"Subpopulation_1"
"NGS_H19_Normal_Rep1","Read_2806",0.0237063266289654,"Subpopulation_1"
"NGS_H19_Normal_Rep1","Read_2807",0.0189426564872321,"Subpopulation_1"
"NGS_H19_Normal_Rep1","Read_2808",0.986182131703722,"Subpopulation_2"
"NGS_H19_Normal_Rep1","Read_2809",0.0226225466363307,"Subpopulation_1"
"NGS_H19_Normal_Rep1","Read_2810",0.0190181989198826,"Subpopulation_1"
"NGS_H19_Normal_Rep1","Read_2811",0.0204412928316023,"Subpopulation_1"
"NGS_H19_Normal_Rep1","Read_2812",0.0228744491527163,"Subpopulation_1"
"NGS_H19_Normal_Rep1","Read_2813",0.0174670358138871,"Subpopulation_1"
"NGS_H19_Normal_Rep1","Read_2814",0.972252567104436,"Subpopulation_2"
"NGS_H19_Normal_Rep1","Read_2815",0.980989543798607,"Subpopulation_2"
"NGS_H19_Normal_Rep1","Read_2816",0.0151579997329242,"Subpopulation_1"
"NGS_H19_Normal_Rep1","Read_2817",0.981977865345805,"Subpopulation_2"
"NGS_H19_Normal_Rep1","Read_2818",0.980471534862593,"Subpopulation_2"
"NGS_H19_Normal_Rep1","Read_2819",0.97980618940904,"Subpopulation_2"
"NGS_H19_Normal_Rep1","Read_2820",0.976264120303358,"Subpopulation_2"
"NGS_H19_Normal_Rep1","Read_2821",0.0192472961540258,"Subpopulation_1"
"NGS_H19_Normal_Rep1","Read_2822",0.016554177196636,"Subpopulation_1"
"NGS_H19_Normal_Rep1","Read_2823",0.0158393461804905,"Subpopulation_1"
"NGS_H19_Normal_Rep1","Read_2824",0.0209883455039649,"Subpopulation_1"
"NGS_H19_Normal_Rep1","Read_2825",0.0196837189587092,"Subpopulation_1"
"NGS_H19_Normal_Rep1","Read_2826",0.975656330373582,"Subpopulation_2"
"NGS_H19_Normal_Rep1","Read_2827",0.0146758078091514,"Subpopulation_1"
"NGS_H19_Normal_Rep1","Read_2828",0.977138654000932,"Subpopulation_2"
"NGS_H19_Normal_Rep1","Read_2829",0.982688115487109,"Subpopulation_2"
"NGS_H19_Normal_Rep1","Read_2830",0.978374466775138,"Subpopulation_2"
"NGS_H19_Normal_Rep1","Read_2831",0.975574828559755,"Subpopulation_2"
"NGS_H19_Normal_Rep1","Read_2832",0.971408557278241,"Subpopulation_2"
"NGS_H19_Normal_Rep1","Read_2833",0.9710420643834,"Subpopulation_2"
"NGS_H19_Normal_Rep1","Read_2834",0.0229021482733504,"Subpopulation_1"
"NGS_H19_Normal_Rep1","Read_2835",0.984341496271532,"Subpopulation_2"
"NGS_H19_Normal_Rep1","Read_2836",0.978621274990067,"Subpopulation_2"
"NGS_H19_Normal_Rep1","Read_2837",0.986168156092391,"Subpopulation_2"
"NGS_H19_Normal_Rep1","Read_2838",0.98218996248915,"Subpopulation_2"
"NGS_H19_Normal_Rep1","Read_2839",0.987287230630384,"Subpopulation_2"
"NGS_H19_Normal_Rep1","Read_2840",0.982998639136762,"Subpopulation_2"
"NGS_H19_Normal_Rep1","Read_2841",0.980669569733143,"Subpopulation_2"
"NGS_H19_Normal_Rep1","Read_2842",0.016707760646562,"Subpopulation_1"
"NGS_H19_Normal_Rep1","Read_2843",0.985871503179788,"Subpopulation_2"
"NGS_H19_Normal_Rep1","Read_2844",0.980240415888742,"Subpopulation_2"
"NGS_H19_Normal_Rep1","Read_2845",0.0239655223472716,"Subpopulation_1"
"NGS_H19_Normal_Rep1","Read_2846",0.96567241212105,"Subpopulation_2"
"NGS_H19_Normal_Rep1","Read_2847",0.0155605624261939,"Subpopulation_1"
"NGS_H19_Normal_Rep1","Read_2848",0.0246866481769821,"Subpopulation_1"
"NGS_H19_Normal_Rep1","Read_2849",0.983580549708202,"Subpopulation_2"
"NGS_H19_Normal_Rep1","Read_2850",0.0203510376960372,"Subpopulation_1"
"NGS_H19_Normal_Rep1","Read_2851",0.0163456546941514,"Subpopulation_1"
"NGS_H19_Normal_Rep1","Read_2852",0.971790472027344,"Subpopulation_2"
"NGS_H19_Normal_Rep1","Read_2853",0.974317186757792,"Subpopulation_2"
"NGS_H19_Normal_Rep1","Read_2854",0.98245027071739,"Subpopulation_2"
"NGS_H19_Normal_Rep1","Read_2855",0.0258144230277075,"Subpopulation_1"
"NGS_H19_Normal_Rep1","Read_2856",0.0211931546972226,"Subpopulation_1"
"NGS_H19_Normal_Rep1","Read_2857",0.0138641874055785,"Subpopulation_1"
"NGS_H19_Normal_Rep1","Read_2858",0.978357704644191,"Subpopulation_2"
"NGS_H19_Normal_Rep1","Read_2859",0.968421978736699,"Subpopulation_2"
"NGS_H19_Normal_Rep1","Read_2860",0.972998741587219,"Subpopulation_2"
"NGS_H19_Normal_Rep1","Read_2861",0.974340463470214,"Subpopulation_2"
"NGS_H19_Normal_Rep1","Read_2862",0.979558291832879,"Subpopulation_2"
"NGS_H19_Normal_Rep1","Read_2863",0.976847951412344,"Subpopulation_2"
"NGS_H19_Normal_Rep1","Read_2864",0.0182276235333811,"Subpopulation_1"
"NGS_H19_Normal_Rep1","Read_2865",0.0266607041093473,"Subpopulation_1"
"NGS_H19_Normal_Rep1","Read_2866",0.980808309168476,"Subpopulation_2"
"NGS_H19_Normal_Rep1","Read_2867",0.984796903088761,"Subpopulation_2"
"NGS_H19_Normal_Rep1","Read_2868",0.983507715914371,"Subpopulation_2"
"NGS_H19_Normal_Rep1","Read_2869",0.0249269168384847,"Subpopulation_1"
"NGS_H19_Normal_Rep1","Read_2870",0.0194775204165501,"Subpopulation_1"
"NGS_H19_Normal_Rep1","Read_2871",0.983586786552132,"Subpopulation_2"
"NGS_H19_Normal_Rep1","Read_2872",0.014223883444088,"Subpopulation_1"
"NGS_H19_Normal_Rep1","Read_2873",0.0179335066888429,"Subpopulation_1"
"NGS_H19_Normal_Rep1","Read_2874",0.0187564597463696,"Subpopulation_1"
"NGS_H19_Normal_Rep1","Read_2875",0.965697379868685,"Subpopulation_2"
"NGS_H19_Normal_Rep1","Read_2876",0.0237709457883983,"Subpopulation_1"
"NGS_H19_Normal_Rep1","Read_2877",0.979480957399863,"Subpopulation_2"
"NGS_H19_Normal_Rep1","Read_2878",0.0184565990142972,"Subpopulation_1"
"NGS_H19_Normal_Rep1","Read_2879",0.984672981705411,"Subpopulation_2"
"NGS_H19_Normal_Rep1","Read_2880",0.984068411486987,"Subpopulation_2"
"NGS_H19_Normal_Rep1","Read_2881",0.973165735155575,"Subpopulation_2"
"NGS_H19_Normal_Rep1","Read_2882",0.0283740106499539,"Subpopulation_1"
"NGS_H19_Normal_Rep1","Read_2883",0.0110816703346587,"Subpopulation_1"
"NGS_H19_Normal_Rep1","Read_2884",0.0171622795842898,"Subpopulation_1"
"NGS_H19_Normal_Rep1","Read_2885",0.982713036904486,"Subpopulation_2"
"NGS_H19_Normal_Rep1","Read_2886",0.0216328028169336,"Subpopulation_1"
"NGS_H19_Normal_Rep1","Read_2887",0.0165146904836737,"Subpopulation_1"
"NGS_H19_Normal_Rep1","Read_2888",0.0227648086367064,"Subpopulation_1"
"NGS_H19_Normal_Rep1","Read_2889",0.0263994432110142,"Subpopulation_1"
"NGS_H19_Normal_Rep1","Read_2890",0.0187265601567429,"Subpopulation_1"
"NGS_H19_Normal_Rep1","Read_2891",0.0246283505453682,"Subpopulation_1"
"NGS_H19_Normal_Rep1","Read_2892",0.977004118723599,"Subpopulation_2"
"NGS_H19_Normal_Rep1","Read_2893",0.0166533987655695,"Subpopulation_1"
"NGS_H19_Normal_Rep1","Read_2894",0.031531321612715,"Subpopulation_1"
"NGS_H19_Normal_Rep1","Read_2895",0.0161218575639025,"Subpopulation_1"
"NGS_H19_Normal_Rep1","Read_2896",0.0162368566013397,"Subpopulation_1"
"NGS_H19_Normal_Rep1","Read_2897",0.98248638463807,"Subpopulation_2"
"NGS_H19_Normal_Rep1","Read_2898",0.983463486316381,"Subpopulation_2"
"NGS_H19_Normal_Rep1","Read_2899",0.976374709751003,"Subpopulation_2"
"NGS_H19_Normal_Rep1","Read_2900",0.0209405343664194,"Subpopulation_1"
"NGS_H19_Normal_Rep1","Read_2901",0.0207492758463828,"Subpopulation_1"
"NGS_H19_Normal_Rep1","Read_2902",0.0191640726963548,"Subpopulation_1"
"NGS_H19_Normal_Rep1","Read_2903",0.985998588431098,"Subpopulation_2"
"NGS_H19_Normal_Rep1","Read_2904",0.97837446535481,"Subpopulation_2"
"NGS_H19_Normal_Rep1","Read_2905",0.0195215417164558,"Subpopulation_1"
"NGS_H19_Normal_Rep1","Read_2906",0.0144324198180493,"Subpopulation_1"
"NGS_H19_Normal_Rep1","Read_2907",0.98007558188295,"Subpopulation_2"
"NGS_H19_Normal_Rep1","Read_2908",0.981401498294884,"Subpopulation_2"
"NGS_H19_Normal_Rep1","Read_2909",0.977185625386453,"Subpopulation_2"
"NGS_H19_Normal_Rep1","Read_2910",0.984763819368015,"Subpopulation_2"
"NGS_H19_Normal_Rep1","Read_2911",0.979065410695519,"Subpopulation_2"
"NGS_H19_Normal_Rep1","Read_2912",0.98819929800387,"Subpopulation_2"
"NGS_H19_Normal_Rep1","Read_2913",0.982350917067983,"Subpopulation_2"
"NGS_H19_Normal_Rep1","Read_2914",0.0210387387485297,"Subpopulation_1"
"NGS_H19_Normal_Rep1","Read_2915",0.0296182481085701,"Subpopulation_1"
"NGS_H19_Normal_Rep1","Read_2916",0.983028072710426,"Subpopulation_2"
"NGS_H19_Normal_Rep1","Read_2917",0.0217043274127899,"Subpopulation_1"
"NGS_H19_Normal_Rep1","Read_2918",0.0250863890919129,"Subpopulation_1"
"NGS_H19_Normal_Rep1","Read_2919",0.984243907100238,"Subpopulation_2"
"NGS_H19_Normal_Rep1","Read_2920",0.967256022551787,"Subpopulation_2"
"NGS_H19_Normal_Rep1","Read_2921",0.0255639078623233,"Subpopulation_1"
"NGS_H19_Normal_Rep1","Read_2922",0.985489772632257,"Subpopulation_2"
"NGS_H19_Normal_Rep1","Read_2923",0.0170432452991435,"Subpopulation_1"
"NGS_H19_Normal_Rep1","Read_2924",0.980433101090327,"Subpopulation_2"
"NGS_H19_Normal_Rep1","Read_2925",0.982937010054066,"Subpopulation_2"
"NGS_H19_Normal_Rep1","Read_2926",0.0258506055457547,"Subpopulation_1"
"NGS_H19_Normal_Rep1","Read_2927",0.0225478999982484,"Subpopulation_1"
"NGS_H19_Normal_Rep1","Read_2928",0.0221087015896653,"Subpopulation_1"
"NGS_H19_Normal_Rep1","Read_2929",0.978585291750638,"Subpopulation_2"
"NGS_H19_Normal_Rep1","Read_2930",0.979683711655646,"Subpopulation_2"
"NGS_H19_Normal_Rep1","Read_2931",0.980604933183354,"Subpopulation_2"
"NGS_H19_Normal_Rep1","Read_2932",0.0169379888813234,"Subpopulation_1"
"NGS_H19_Normal_Rep1","Read_2933",0.981919460904711,"Subpopulation_2"
"NGS_H19_Normal_Rep1","Read_2934",0.984702127376591,"Subpopulation_2"
"NGS_H19_Normal_Rep1","Read_2935",0.0273550047839689,"Subpopulation_1"
"NGS_H19_Normal_Rep1","Read_2936",0.0155992568290388,"Subpopulation_1"
"NGS_H19_Normal_Rep1","Read_2937",0.0140194538818122,"Subpopulation_1"
"NGS_H19_Normal_Rep1","Read_2938",0.0221659865714396,"Subpopulation_1"
"NGS_H19_Normal_Rep1","Read_2939",0.0193134249388358,"Subpopulation_1"
"NGS_H19_Normal_Rep1","Read_2940",0.0135853065581553,"Subpopulation_1"
"NGS_H19_Normal_Rep1","Read_2941",0.0228361474605373,"Subpopulation_1"
"NGS_H19_Normal_Rep1","Read_2942",0.0195663000777863,"Subpopulation_1"
"NGS_H19_Normal_Rep1","Read_2943",0.988631969295659,"Subpopulation_2"
"NGS_H19_Normal_Rep1","Read_2944",0.022686288031779,"Subpopulation_1"
"NGS_H19_Normal_Rep1","Read_2945",0.0231601487021096,"Subpopulation_1"
"NGS_H19_Normal_Rep1","Read_2946",0.0182609755227091,"Subpopulation_1"
"NGS_H19_Normal_Rep1","Read_2947",0.975155336129539,"Subpopulation_2"
"NGS_H19_Normal_Rep1","Read_2948",0.982384134719275,"Subpopulation_2"
"NGS_H19_Normal_Rep1","Read_2949",0.022319249671074,"Subpopulation_1"
"NGS_H19_Normal_Rep1","Read_2950",0.980642431526025,"Subpopulation_2"
"NGS_H19_Normal_Rep1","Read_2951",0.98385782654707,"Subpopulation_2"
"NGS_H19_Normal_Rep1","Read_2952",0.980355280559763,"Subpopulation_2"
"NGS_H19_Normal_Rep1","Read_2953",0.97880151815162,"Subpopulation_2"
"NGS_H19_Normal_Rep1","Read_2954",0.987337115461586,"Subpopulation_2"
"NGS_H19_Normal_Rep1","Read_2955",0.0227850565739842,"Subpopulation_1"
"NGS_H19_Normal_Rep1","Read_2956",0.0249872825500262,"Subpopulation_1"
"NGS_H19_Normal_Rep1","Read_2957",0.97393169652479,"Subpopulation_2"
"NGS_H19_Normal_Rep1","Read_2958",0.985837131319209,"Subpopulation_2"
"NGS_H19_Normal_Rep1","Read_2959",0.0221500747726179,"Subpopulation_1"
"NGS_H19_Normal_Rep1","Read_2960",0.978534087370974,"Subpopulation_2"
"NGS_H19_Normal_Rep1","Read_2961",0.985931359599511,"Subpopulation_2"
"NGS_H19_Normal_Rep1","Read_2962",0.015304038058308,"Subpopulation_1"
"NGS_H19_Normal_Rep1","Read_2963",0.0164535565501558,"Subpopulation_1"
"NGS_H19_Normal_Rep1","Read_2964",0.981342129936103,"Subpopulation_2"
"NGS_H19_Normal_Rep1","Read_2965",0.969137443881343,"Subpopulation_2"
"NGS_H19_Normal_Rep1","Read_2966",0.0145780865667248,"Subpopulation_1"
"NGS_H19_Normal_Rep1","Read_2967",0.02901632207361,"Subpopulation_1"
"NGS_H19_Normal_Rep1","Read_2968",0.0132477357314476,"Subpopulation_1"
"NGS_H19_Normal_Rep1","Read_2969",0.979300371077506,"Subpopulation_2"
"NGS_H19_Normal_Rep1","Read_2970",0.0154647071176407,"Subpopulation_1"
"NGS_H19_Normal_Rep1","Read_2971",0.0179062012620164,"Subpopulation_1"
"NGS_H19_Normal_Rep1","Read_2972",0.97345381407599,"Subpopulation_2"
"NGS_H19_Normal_Rep1","Read_2973",0.0239222855440566,"Subpopulation_1"
"NGS_H19_Normal_Rep1","Read_2974",0.987176882055623,"Subpopulation_2"
"NGS_H19_Normal_Rep1","Read_2975",0.0249849378362111,"Subpopulation_1"
"NGS_H19_Normal_Rep1","Read_2976",0.981453893649917,"Subpopulation_2"
"NGS_H19_Normal_Rep1","Read_2977",0.0193428980798955,"Subpopulation_1"
"NGS_H19_Normal_Rep1","Read_2978",0.984077537420524,"Subpopulation_2"
"NGS_H19_Normal_Rep1","Read_2979",0.97906213038313,"Subpopulation_2"
"NGS_H19_Normal_Rep1","Read_2980",0.977530100296158,"Subpopulation_2"
"NGS_H19_Normal_Rep1","Read_2981",0.982915614182274,"Subpopulation_2"
"NGS_H19_Normal_Rep1","Read_2982",0.0192255974656023,"Subpopulation_1"
"NGS_H19_Normal_Rep1","Read_2983",0.0209567305282111,"Subpopulation_1"
"NGS_H19_Normal_Rep1","Read_2984",0.987214147197628,"Subpopulation_2"
"NGS_H19_Normal_Rep1","Read_2985",0.983414389665259,"Subpopulation_2"
"NGS_H19_Normal_Rep1","Read_2986",0.979641065585493,"Subpopulation_2"
"NGS_H19_Normal_Rep1","Read_2987",0.978651481890873,"Subpopulation_2"
"NGS_H19_Normal_Rep1","Read_2988",0.0226033057867476,"Subpopulation_1"
"NGS_H19_Normal_Rep1","Read_2989",0.976474914339596,"Subpopulation_2"
"NGS_H19_Normal_Rep1","Read_2990",0.0143151511418607,"Subpopulation_1"
"NGS_H19_Normal_Rep1","Read_2991",0.0169590133885208,"Subpopulation_1"
"NGS_H19_Normal_Rep1","Read_2992",0.0231482507777955,"Subpopulation_1"
"NGS_H19_Normal_Rep1","Read_2993",0.985905126263042,"Subpopulation_2"
"NGS_H19_Normal_Rep1","Read_2994",0.0200214961552942,"Subpopulation_1"
"NGS_H19_Normal_Rep1","Read_2995",0.018091118168994,"Subpopulation_1"
"NGS_H19_Normal_Rep1","Read_2996",0.980016291650491,"Subpopulation_2"
"NGS_H19_Normal_Rep1","Read_2997",0.978272874000516,"Subpopulation_2"
"NGS_H19_Normal_Rep1","Read_2998",0.974170183653018,"Subpopulation_2"
"NGS_H19_Normal_Rep1","Read_2999",0.016984425060474,"Subpopulation_1"
"NGS_H19_Normal_Rep1","Read_3000",0.0205191818507572,"Subpopulation_1"
