"Sample","ReadID","sampled_methylation","allele"
"NGS_Nanog_WT_Rep2","Read_1",0.457329256195896,"Subpopulation_1"
"NGS_Nanog_WT_Rep2","Read_2",0.467149090433059,"Subpopulation_1"
"NGS_Nanog_WT_Rep2","Read_3",0.45520447916167,"Subpopulation_1"
"NGS_Nanog_WT_Rep2","Read_4",0.446415671766625,"Subpopulation_1"
"NGS_Nanog_WT_Rep2","Read_5",0.452191062108171,"Subpopulation_1"
"NGS_Nanog_WT_Rep2","Read_6",0.448372333834358,"Subpopulation_1"
"NGS_Nanog_WT_Rep2","Read_7",0.469951470734248,"Subpopulation_1"
"NGS_Nanog_WT_Rep2","Read_8",0.45008738673692,"Subpopulation_1"
"NGS_Nanog_WT_Rep2","Read_9",0.451562469823228,"Subpopulation_1"
"NGS_Nanog_WT_Rep2","Read_10",0.454143388067476,"Subpopulation_1"
"NGS_Nanog_WT_Rep2","Read_11",0.453663059723095,"Subpopulation_1"
"NGS_Nanog_WT_Rep2","Read_12",0.461318001101192,"Subpopulation_1"
"NGS_Nanog_WT_Rep2","Read_13",0.467140222301615,"Subpopulation_1"
"NGS_Nanog_WT_Rep2","Read_14",0.456542313538353,"Subpopulation_1"
"NGS_Nanog_WT_Rep2","Read_15",0.45477653221494,"Subpopulation_1"
"NGS_Nanog_WT_Rep2","Read_16",0.458504900715458,"Subpopulation_1"
"NGS_Nanog_WT_Rep2","Read_17",0.450812347384414,"Subpopulation_1"
"NGS_Nanog_WT_Rep2","Read_18",0.455738157099729,"Subpopulation_1"
"NGS_Nanog_WT_Rep2","Read_19",0.454726265925913,"Subpopulation_1"
"NGS_Nanog_WT_Rep2","Read_20",0.45186788868324,"Subpopulation_1"
"NGS_Nanog_WT_Rep2","Read_21",0.45870314316749,"Subpopulation_1"
"NGS_Nanog_WT_Rep2","Read_22",0.450977915663104,"Subpopulation_1"
"NGS_Nanog_WT_Rep2","Read_23",0.457729370374538,"Subpopulation_1"
"NGS_Nanog_WT_Rep2","Read_24",0.453115687378415,"Subpopulation_1"
"NGS_Nanog_WT_Rep2","Read_25",0.455378216142466,"Subpopulation_1"
"NGS_Nanog_WT_Rep2","Read_26",0.458465372838558,"Subpopulation_1"
"NGS_Nanog_WT_Rep2","Read_27",0.46318560793692,"Subpopulation_1"
"NGS_Nanog_WT_Rep2","Read_28",0.465594761669814,"Subpopulation_1"
"NGS_Nanog_WT_Rep2","Read_29",0.460029185643642,"Subpopulation_1"
"NGS_Nanog_WT_Rep2","Read_30",0.4594698817748,"Subpopulation_1"
"NGS_Nanog_WT_Rep2","Read_31",0.457303264608062,"Subpopulation_1"
"NGS_Nanog_WT_Rep2","Read_32",0.455682206043373,"Subpopulation_1"
"NGS_Nanog_WT_Rep2","Read_33",0.449059519784472,"Subpopulation_1"
"NGS_Nanog_WT_Rep2","Read_34",0.446627273834283,"Subpopulation_1"
"NGS_Nanog_WT_Rep2","Read_35",0.455785453689676,"Subpopulation_1"
"NGS_Nanog_WT_Rep2","Read_36",0.457036701636887,"Subpopulation_1"
"NGS_Nanog_WT_Rep2","Read_37",0.444397430686345,"Subpopulation_1"
"NGS_Nanog_WT_Rep2","Read_38",0.453870449836329,"Subpopulation_1"
"NGS_Nanog_WT_Rep2","Read_39",0.463004730188727,"Subpopulation_1"
"NGS_Nanog_WT_Rep2","Read_40",0.465490732946873,"Subpopulation_1"
"NGS_Nanog_WT_Rep2","Read_41",0.457298812419192,"Subpopulation_1"
"NGS_Nanog_WT_Rep2","Read_42",0.45713540876967,"Subpopulation_1"
"NGS_Nanog_WT_Rep2","Read_43",0.464711451539455,"Subpopulation_1"
"NGS_Nanog_WT_Rep2","Read_44",0.458398585436685,"Subpopulation_1"
"NGS_Nanog_WT_Rep2","Read_45",0.46660577022743,"Subpopulation_1"
"NGS_Nanog_WT_Rep2","Read_46",0.464677635561476,"Subpopulation_1"
"NGS_Nanog_WT_Rep2","Read_47",0.471213284120979,"Subpopulation_1"
"NGS_Nanog_WT_Rep2","Read_48",0.463837287630116,"Subpopulation_1"
"NGS_Nanog_WT_Rep2","Read_49",0.451451895762294,"Subpopulation_1"
"NGS_Nanog_WT_Rep2","Read_50",0.455720529138507,"Subpopulation_1"
"NGS_Nanog_WT_Rep2","Read_51",0.463364343843111,"Subpopulation_1"
"NGS_Nanog_WT_Rep2","Read_52",0.451929333994066,"Subpopulation_1"
"NGS_Nanog_WT_Rep2","Read_53",0.45340155706529,"Subpopulation_1"
"NGS_Nanog_WT_Rep2","Read_54",0.463920404656373,"Subpopulation_1"
"NGS_Nanog_WT_Rep2","Read_55",0.457992292140052,"Subpopulation_1"
"NGS_Nanog_WT_Rep2","Read_56",0.45426718542141,"Subpopulation_1"
"NGS_Nanog_WT_Rep2","Read_57",0.456824936749215,"Subpopulation_1"
"NGS_Nanog_WT_Rep2","Read_58",0.462085763632172,"Subpopulation_1"
"NGS_Nanog_WT_Rep2","Read_59",0.449462201525734,"Subpopulation_1"
"NGS_Nanog_WT_Rep2","Read_60",0.455298242960502,"Subpopulation_1"
"NGS_Nanog_WT_Rep2","Read_61",0.458740236938863,"Subpopulation_1"
"NGS_Nanog_WT_Rep2","Read_62",0.453608094081353,"Subpopulation_1"
"NGS_Nanog_WT_Rep2","Read_63",0.459266131826916,"Subpopulation_1"
"NGS_Nanog_WT_Rep2","Read_64",0.450884832255268,"Subpopulation_1"
"NGS_Nanog_WT_Rep2","Read_65",0.466306583774553,"Subpopulation_1"
"NGS_Nanog_WT_Rep2","Read_66",0.45595477747411,"Subpopulation_1"
"NGS_Nanog_WT_Rep2","Read_67",0.454768282937199,"Subpopulation_1"
"NGS_Nanog_WT_Rep2","Read_68",0.452292581545385,"Subpopulation_1"
"NGS_Nanog_WT_Rep2","Read_69",0.449906752675136,"Subpopulation_1"
"NGS_Nanog_WT_Rep2","Read_70",0.458681238169477,"Subpopulation_1"
"NGS_Nanog_WT_Rep2","Read_71",0.458693695676115,"Subpopulation_1"
"NGS_Nanog_WT_Rep2","Read_72",0.451855040782323,"Subpopulation_1"
"NGS_Nanog_WT_Rep2","Read_73",0.45880834338547,"Subpopulation_1"
"NGS_Nanog_WT_Rep2","Read_74",0.450989078443568,"Subpopulation_1"
"NGS_Nanog_WT_Rep2","Read_75",0.448104409500896,"Subpopulation_1"
"NGS_Nanog_WT_Rep2","Read_76",0.453926355302568,"Subpopulation_1"
"NGS_Nanog_WT_Rep2","Read_77",0.46247037650059,"Subpopulation_1"
"NGS_Nanog_WT_Rep2","Read_78",0.460592105101331,"Subpopulation_1"
"NGS_Nanog_WT_Rep2","Read_79",0.453937143754332,"Subpopulation_1"
"NGS_Nanog_WT_Rep2","Read_80",0.468820939408512,"Subpopulation_1"
"NGS_Nanog_WT_Rep2","Read_81",0.456280383989012,"Subpopulation_1"
"NGS_Nanog_WT_Rep2","Read_82",0.45859359162208,"Subpopulation_1"
"NGS_Nanog_WT_Rep2","Read_83",0.457774066468369,"Subpopulation_1"
"NGS_Nanog_WT_Rep2","Read_84",0.458569559363805,"Subpopulation_1"
"NGS_Nanog_WT_Rep2","Read_85",0.459705739630993,"Subpopulation_1"
"NGS_Nanog_WT_Rep2","Read_86",0.452217483976292,"Subpopulation_1"
"NGS_Nanog_WT_Rep2","Read_87",0.463330835106419,"Subpopulation_1"
"NGS_Nanog_WT_Rep2","Read_88",0.465987313145369,"Subpopulation_1"
"NGS_Nanog_WT_Rep2","Read_89",0.45095771528497,"Subpopulation_1"
"NGS_Nanog_WT_Rep2","Read_90",0.441125153571804,"Subpopulation_1"
"NGS_Nanog_WT_Rep2","Read_91",0.453120886388628,"Subpopulation_1"
"NGS_Nanog_WT_Rep2","Read_92",0.458075031641024,"Subpopulation_1"
"NGS_Nanog_WT_Rep2","Read_93",0.452350929392104,"Subpopulation_1"
"NGS_Nanog_WT_Rep2","Read_94",0.456288891206418,"Subpopulation_1"
"NGS_Nanog_WT_Rep2","Read_95",0.463829231186138,"Subpopulation_1"
"NGS_Nanog_WT_Rep2","Read_96",0.458934805173232,"Subpopulation_1"
"NGS_Nanog_WT_Rep2","Read_97",0.457525063065373,"Subpopulation_1"
"NGS_Nanog_WT_Rep2","Read_98",0.463957214991616,"Subpopulation_1"
"NGS_Nanog_WT_Rep2","Read_99",0.457685208511452,"Subpopulation_1"
"NGS_Nanog_WT_Rep2","Read_100",0.453860514680695,"Subpopulation_1"
"NGS_Nanog_WT_Rep2","Read_101",0.463814950373883,"Subpopulation_1"
"NGS_Nanog_WT_Rep2","Read_102",0.448403078282997,"Subpopulation_1"
"NGS_Nanog_WT_Rep2","Read_103",0.444661838282269,"Subpopulation_1"
"NGS_Nanog_WT_Rep2","Read_104",0.449883550619049,"Subpopulation_1"
"NGS_Nanog_WT_Rep2","Read_105",0.46445550231277,"Subpopulation_1"
"NGS_Nanog_WT_Rep2","Read_106",0.456383499112559,"Subpopulation_1"
"NGS_Nanog_WT_Rep2","Read_107",0.456757830383613,"Subpopulation_1"
"NGS_Nanog_WT_Rep2","Read_108",0.455857436177783,"Subpopulation_1"
"NGS_Nanog_WT_Rep2","Read_109",0.45569794693311,"Subpopulation_1"
"NGS_Nanog_WT_Rep2","Read_110",0.453975681150427,"Subpopulation_1"
"NGS_Nanog_WT_Rep2","Read_111",0.458144179608805,"Subpopulation_1"
"NGS_Nanog_WT_Rep2","Read_112",0.459317463072943,"Subpopulation_1"
"NGS_Nanog_WT_Rep2","Read_113",0.4597503781233,"Subpopulation_1"
"NGS_Nanog_WT_Rep2","Read_114",0.450263197097518,"Subpopulation_1"
"NGS_Nanog_WT_Rep2","Read_115",0.454262582620532,"Subpopulation_1"
"NGS_Nanog_WT_Rep2","Read_116",0.451938174869906,"Subpopulation_1"
"NGS_Nanog_WT_Rep2","Read_117",0.459163062422597,"Subpopulation_1"
"NGS_Nanog_WT_Rep2","Read_118",0.450615177899608,"Subpopulation_1"
"NGS_Nanog_WT_Rep2","Read_119",0.464678799684857,"Subpopulation_1"
"NGS_Nanog_WT_Rep2","Read_120",0.46343223972648,"Subpopulation_1"
"NGS_Nanog_WT_Rep2","Read_121",0.459657268837324,"Subpopulation_1"
"NGS_Nanog_WT_Rep2","Read_122",0.453258296976712,"Subpopulation_1"
"NGS_Nanog_WT_Rep2","Read_123",0.455196782448787,"Subpopulation_1"
"NGS_Nanog_WT_Rep2","Read_124",0.458281071887323,"Subpopulation_1"
"NGS_Nanog_WT_Rep2","Read_125",0.446679663451251,"Subpopulation_1"
"NGS_Nanog_WT_Rep2","Read_126",0.464841543911751,"Subpopulation_1"
"NGS_Nanog_WT_Rep2","Read_127",0.456965105887926,"Subpopulation_1"
"NGS_Nanog_WT_Rep2","Read_128",0.453573577273616,"Subpopulation_1"
"NGS_Nanog_WT_Rep2","Read_129",0.45922533028294,"Subpopulation_1"
"NGS_Nanog_WT_Rep2","Read_130",0.456082732062989,"Subpopulation_1"
"NGS_Nanog_WT_Rep2","Read_131",0.453725772482422,"Subpopulation_1"
"NGS_Nanog_WT_Rep2","Read_132",0.460969558756364,"Subpopulation_1"
"NGS_Nanog_WT_Rep2","Read_133",0.452685521854729,"Subpopulation_1"
"NGS_Nanog_WT_Rep2","Read_134",0.450330594856553,"Subpopulation_1"
"NGS_Nanog_WT_Rep2","Read_135",0.459732808115941,"Subpopulation_1"
"NGS_Nanog_WT_Rep2","Read_136",0.456138157233802,"Subpopulation_1"
"NGS_Nanog_WT_Rep2","Read_137",0.460364025469895,"Subpopulation_1"
"NGS_Nanog_WT_Rep2","Read_138",0.456323538696183,"Subpopulation_1"
"NGS_Nanog_WT_Rep2","Read_139",0.459157273396239,"Subpopulation_1"
"NGS_Nanog_WT_Rep2","Read_140",0.460256433217867,"Subpopulation_1"
"NGS_Nanog_WT_Rep2","Read_141",0.459814810788494,"Subpopulation_1"
"NGS_Nanog_WT_Rep2","Read_142",0.446428337356072,"Subpopulation_1"
"NGS_Nanog_WT_Rep2","Read_143",0.454272775888235,"Subpopulation_1"
"NGS_Nanog_WT_Rep2","Read_144",0.454016932330321,"Subpopulation_1"
"NGS_Nanog_WT_Rep2","Read_145",0.455169365575975,"Subpopulation_1"
"NGS_Nanog_WT_Rep2","Read_146",0.447226803051632,"Subpopulation_1"
"NGS_Nanog_WT_Rep2","Read_147",0.456591487298201,"Subpopulation_1"
"NGS_Nanog_WT_Rep2","Read_148",0.453000670253002,"Subpopulation_1"
"NGS_Nanog_WT_Rep2","Read_149",0.46205449854203,"Subpopulation_1"
"NGS_Nanog_WT_Rep2","Read_150",0.471040419813432,"Subpopulation_1"
"NGS_Nanog_WT_Rep2","Read_151",0.451830923426014,"Subpopulation_1"
"NGS_Nanog_WT_Rep2","Read_152",0.449916459542045,"Subpopulation_1"
"NGS_Nanog_WT_Rep2","Read_153",0.45156208164029,"Subpopulation_1"
"NGS_Nanog_WT_Rep2","Read_154",0.454545602096574,"Subpopulation_1"
"NGS_Nanog_WT_Rep2","Read_155",0.454976807881135,"Subpopulation_1"
"NGS_Nanog_WT_Rep2","Read_156",0.456287737749592,"Subpopulation_1"
"NGS_Nanog_WT_Rep2","Read_157",0.459505624475628,"Subpopulation_1"
"NGS_Nanog_WT_Rep2","Read_158",0.455030639626113,"Subpopulation_1"
"NGS_Nanog_WT_Rep2","Read_159",0.457659541931013,"Subpopulation_1"
"NGS_Nanog_WT_Rep2","Read_160",0.462531692753327,"Subpopulation_1"
"NGS_Nanog_WT_Rep2","Read_161",0.462254365215773,"Subpopulation_1"
"NGS_Nanog_WT_Rep2","Read_162",0.452072148511474,"Subpopulation_1"
"NGS_Nanog_WT_Rep2","Read_163",0.442448542046,"Subpopulation_1"
"NGS_Nanog_WT_Rep2","Read_164",0.45607056066736,"Subpopulation_1"
"NGS_Nanog_WT_Rep2","Read_165",0.458380866559932,"Subpopulation_1"
"NGS_Nanog_WT_Rep2","Read_166",0.463616015459242,"Subpopulation_1"
"NGS_Nanog_WT_Rep2","Read_167",0.456099321724837,"Subpopulation_1"
"NGS_Nanog_WT_Rep2","Read_168",0.460384560788194,"Subpopulation_1"
"NGS_Nanog_WT_Rep2","Read_169",0.456323550335796,"Subpopulation_1"
"NGS_Nanog_WT_Rep2","Read_170",0.466755929704299,"Subpopulation_1"
"NGS_Nanog_WT_Rep2","Read_171",0.452403721697347,"Subpopulation_1"
"NGS_Nanog_WT_Rep2","Read_172",0.458440726847425,"Subpopulation_1"
"NGS_Nanog_WT_Rep2","Read_173",0.466830557736856,"Subpopulation_1"
"NGS_Nanog_WT_Rep2","Read_174",0.447323480824276,"Subpopulation_1"
"NGS_Nanog_WT_Rep2","Read_175",0.454411412595104,"Subpopulation_1"
"NGS_Nanog_WT_Rep2","Read_176",0.457615316124606,"Subpopulation_1"
"NGS_Nanog_WT_Rep2","Read_177",0.455756112376779,"Subpopulation_1"
"NGS_Nanog_WT_Rep2","Read_178",0.442197053049799,"Subpopulation_1"
"NGS_Nanog_WT_Rep2","Read_179",0.45394370001429,"Subpopulation_1"
"NGS_Nanog_WT_Rep2","Read_180",0.462022955659106,"Subpopulation_1"
"NGS_Nanog_WT_Rep2","Read_181",0.459782011510983,"Subpopulation_1"
"NGS_Nanog_WT_Rep2","Read_182",0.457769829851201,"Subpopulation_1"
"NGS_Nanog_WT_Rep2","Read_183",0.46313617479754,"Subpopulation_1"
"NGS_Nanog_WT_Rep2","Read_184",0.46408717975912,"Subpopulation_1"
"NGS_Nanog_WT_Rep2","Read_185",0.461857792173562,"Subpopulation_1"
"NGS_Nanog_WT_Rep2","Read_186",0.457161310635584,"Subpopulation_1"
"NGS_Nanog_WT_Rep2","Read_187",0.45566169403518,"Subpopulation_1"
"NGS_Nanog_WT_Rep2","Read_188",0.454323828760828,"Subpopulation_1"
"NGS_Nanog_WT_Rep2","Read_189",0.459900820216156,"Subpopulation_1"
"NGS_Nanog_WT_Rep2","Read_190",0.455907321116897,"Subpopulation_1"
"NGS_Nanog_WT_Rep2","Read_191",0.457953247835182,"Subpopulation_1"
"NGS_Nanog_WT_Rep2","Read_192",0.459230344862984,"Subpopulation_1"
"NGS_Nanog_WT_Rep2","Read_193",0.461528388976414,"Subpopulation_1"
"NGS_Nanog_WT_Rep2","Read_194",0.455663549731075,"Subpopulation_1"
"NGS_Nanog_WT_Rep2","Read_195",0.45447804480462,"Subpopulation_1"
"NGS_Nanog_WT_Rep2","Read_196",0.458237245539506,"Subpopulation_1"
"NGS_Nanog_WT_Rep2","Read_197",0.455803930529446,"Subpopulation_1"
"NGS_Nanog_WT_Rep2","Read_198",0.461021971962417,"Subpopulation_1"
"NGS_Nanog_WT_Rep2","Read_199",0.456965104141111,"Subpopulation_1"
"NGS_Nanog_WT_Rep2","Read_200",0.452791889448935,"Subpopulation_1"
"NGS_Nanog_WT_Rep2","Read_201",0.452679339334515,"Subpopulation_1"
"NGS_Nanog_WT_Rep2","Read_202",0.462488754733707,"Subpopulation_1"
"NGS_Nanog_WT_Rep2","Read_203",0.450420090693119,"Subpopulation_1"
"NGS_Nanog_WT_Rep2","Read_204",0.461528554697038,"Subpopulation_1"
"NGS_Nanog_WT_Rep2","Read_205",0.461621774023289,"Subpopulation_1"
"NGS_Nanog_WT_Rep2","Read_206",0.451624138775126,"Subpopulation_1"
"NGS_Nanog_WT_Rep2","Read_207",0.457381117922694,"Subpopulation_1"
"NGS_Nanog_WT_Rep2","Read_208",0.459241988133049,"Subpopulation_1"
"NGS_Nanog_WT_Rep2","Read_209",0.458893369975954,"Subpopulation_1"
"NGS_Nanog_WT_Rep2","Read_210",0.456688565426884,"Subpopulation_1"
"NGS_Nanog_WT_Rep2","Read_211",0.455146178812621,"Subpopulation_1"
"NGS_Nanog_WT_Rep2","Read_212",0.45485374497694,"Subpopulation_1"
"NGS_Nanog_WT_Rep2","Read_213",0.459920226153682,"Subpopulation_1"
"NGS_Nanog_WT_Rep2","Read_214",0.45965149217671,"Subpopulation_1"
"NGS_Nanog_WT_Rep2","Read_215",0.452162736942319,"Subpopulation_1"
"NGS_Nanog_WT_Rep2","Read_216",0.448244300512378,"Subpopulation_1"
"NGS_Nanog_WT_Rep2","Read_217",0.454389846977759,"Subpopulation_1"
"NGS_Nanog_WT_Rep2","Read_218",0.46120450994375,"Subpopulation_1"
"NGS_Nanog_WT_Rep2","Read_219",0.461663909046129,"Subpopulation_1"
"NGS_Nanog_WT_Rep2","Read_220",0.450607234605048,"Subpopulation_1"
"NGS_Nanog_WT_Rep2","Read_221",0.457695202425573,"Subpopulation_1"
"NGS_Nanog_WT_Rep2","Read_222",0.460823410625031,"Subpopulation_1"
"NGS_Nanog_WT_Rep2","Read_223",0.460611556625685,"Subpopulation_1"
"NGS_Nanog_WT_Rep2","Read_224",0.461644663194503,"Subpopulation_1"
"NGS_Nanog_WT_Rep2","Read_225",0.456705588501667,"Subpopulation_1"
"NGS_Nanog_WT_Rep2","Read_226",0.448237740452989,"Subpopulation_1"
"NGS_Nanog_WT_Rep2","Read_227",0.452085853915127,"Subpopulation_1"
"NGS_Nanog_WT_Rep2","Read_228",0.451882654726468,"Subpopulation_1"
"NGS_Nanog_WT_Rep2","Read_229",0.454819638856283,"Subpopulation_1"
"NGS_Nanog_WT_Rep2","Read_230",0.459864589026817,"Subpopulation_1"
"NGS_Nanog_WT_Rep2","Read_231",0.45530955425579,"Subpopulation_1"
"NGS_Nanog_WT_Rep2","Read_232",0.444595823747233,"Subpopulation_1"
"NGS_Nanog_WT_Rep2","Read_233",0.463828078891429,"Subpopulation_1"
"NGS_Nanog_WT_Rep2","Read_234",0.454549115028357,"Subpopulation_1"
"NGS_Nanog_WT_Rep2","Read_235",0.456690538859366,"Subpopulation_1"
"NGS_Nanog_WT_Rep2","Read_236",0.455682471877512,"Subpopulation_1"
"NGS_Nanog_WT_Rep2","Read_237",0.460887178155632,"Subpopulation_1"
"NGS_Nanog_WT_Rep2","Read_238",0.46053917792219,"Subpopulation_1"
"NGS_Nanog_WT_Rep2","Read_239",0.460592548608988,"Subpopulation_1"
"NGS_Nanog_WT_Rep2","Read_240",0.463158067285513,"Subpopulation_1"
"NGS_Nanog_WT_Rep2","Read_241",0.455662850104585,"Subpopulation_1"
"NGS_Nanog_WT_Rep2","Read_242",0.46345839486476,"Subpopulation_1"
"NGS_Nanog_WT_Rep2","Read_243",0.452372284197711,"Subpopulation_1"
"NGS_Nanog_WT_Rep2","Read_244",0.446516724473632,"Subpopulation_1"
"NGS_Nanog_WT_Rep2","Read_245",0.446344128485341,"Subpopulation_1"
"NGS_Nanog_WT_Rep2","Read_246",0.449657803662219,"Subpopulation_1"
"NGS_Nanog_WT_Rep2","Read_247",0.472124917014891,"Subpopulation_1"
"NGS_Nanog_WT_Rep2","Read_248",0.459390951982328,"Subpopulation_1"
"NGS_Nanog_WT_Rep2","Read_249",0.456873021755939,"Subpopulation_1"
"NGS_Nanog_WT_Rep2","Read_250",0.458219360781191,"Subpopulation_1"
"NGS_Nanog_WT_Rep2","Read_251",0.451236875874299,"Subpopulation_1"
"NGS_Nanog_WT_Rep2","Read_252",0.455545109740284,"Subpopulation_1"
"NGS_Nanog_WT_Rep2","Read_253",0.459779825209164,"Subpopulation_1"
"NGS_Nanog_WT_Rep2","Read_254",0.462083351350383,"Subpopulation_1"
"NGS_Nanog_WT_Rep2","Read_255",0.462840891331167,"Subpopulation_1"
"NGS_Nanog_WT_Rep2","Read_256",0.455594642002412,"Subpopulation_1"
"NGS_Nanog_WT_Rep2","Read_257",0.447736161262748,"Subpopulation_1"
"NGS_Nanog_WT_Rep2","Read_258",0.454580325735384,"Subpopulation_1"
"NGS_Nanog_WT_Rep2","Read_259",0.459704750731018,"Subpopulation_1"
"NGS_Nanog_WT_Rep2","Read_260",0.448627254368589,"Subpopulation_1"
"NGS_Nanog_WT_Rep2","Read_261",0.457460696390779,"Subpopulation_1"
"NGS_Nanog_WT_Rep2","Read_262",0.460672831404068,"Subpopulation_1"
"NGS_Nanog_WT_Rep2","Read_263",0.453409992951143,"Subpopulation_1"
"NGS_Nanog_WT_Rep2","Read_264",0.454348245838551,"Subpopulation_1"
"NGS_Nanog_WT_Rep2","Read_265",0.452030732365399,"Subpopulation_1"
"NGS_Nanog_WT_Rep2","Read_266",0.448701972172069,"Subpopulation_1"
"NGS_Nanog_WT_Rep2","Read_267",0.458004266053055,"Subpopulation_1"
"NGS_Nanog_WT_Rep2","Read_268",0.454973305184962,"Subpopulation_1"
"NGS_Nanog_WT_Rep2","Read_269",0.455192617225861,"Subpopulation_1"
"NGS_Nanog_WT_Rep2","Read_270",0.459022112277849,"Subpopulation_1"
"NGS_Nanog_WT_Rep2","Read_271",0.453403548965426,"Subpopulation_1"
"NGS_Nanog_WT_Rep2","Read_272",0.454897831029373,"Subpopulation_1"
"NGS_Nanog_WT_Rep2","Read_273",0.452292908545363,"Subpopulation_1"
"NGS_Nanog_WT_Rep2","Read_274",0.457347510865634,"Subpopulation_1"
"NGS_Nanog_WT_Rep2","Read_275",0.457145237080893,"Subpopulation_1"
"NGS_Nanog_WT_Rep2","Read_276",0.46212131006846,"Subpopulation_1"
"NGS_Nanog_WT_Rep2","Read_277",0.457178653586728,"Subpopulation_1"
"NGS_Nanog_WT_Rep2","Read_278",0.468148393153222,"Subpopulation_1"
"NGS_Nanog_WT_Rep2","Read_279",0.456525749312091,"Subpopulation_1"
"NGS_Nanog_WT_Rep2","Read_280",0.457586960160774,"Subpopulation_1"
"NGS_Nanog_WT_Rep2","Read_281",0.463103309616754,"Subpopulation_1"
"NGS_Nanog_WT_Rep2","Read_282",0.454732685447967,"Subpopulation_1"
"NGS_Nanog_WT_Rep2","Read_283",0.450477128091879,"Subpopulation_1"
"NGS_Nanog_WT_Rep2","Read_284",0.455215525660731,"Subpopulation_1"
"NGS_Nanog_WT_Rep2","Read_285",0.451310496146602,"Subpopulation_1"
"NGS_Nanog_WT_Rep2","Read_286",0.452340363994512,"Subpopulation_1"
"NGS_Nanog_WT_Rep2","Read_287",0.457677550134289,"Subpopulation_1"
"NGS_Nanog_WT_Rep2","Read_288",0.451424308638645,"Subpopulation_1"
"NGS_Nanog_WT_Rep2","Read_289",0.454069188127161,"Subpopulation_1"
"NGS_Nanog_WT_Rep2","Read_290",0.456186903175644,"Subpopulation_1"
"NGS_Nanog_WT_Rep2","Read_291",0.454718814390124,"Subpopulation_1"
"NGS_Nanog_WT_Rep2","Read_292",0.451112892988429,"Subpopulation_1"
"NGS_Nanog_WT_Rep2","Read_293",0.461095022323117,"Subpopulation_1"
"NGS_Nanog_WT_Rep2","Read_294",0.461676849496665,"Subpopulation_1"
"NGS_Nanog_WT_Rep2","Read_295",0.454267715486082,"Subpopulation_1"
"NGS_Nanog_WT_Rep2","Read_296",0.45712459099383,"Subpopulation_1"
"NGS_Nanog_WT_Rep2","Read_297",0.457262590044907,"Subpopulation_1"
"NGS_Nanog_WT_Rep2","Read_298",0.461698117843735,"Subpopulation_1"
"NGS_Nanog_WT_Rep2","Read_299",0.448399099521343,"Subpopulation_1"
"NGS_Nanog_WT_Rep2","Read_300",0.456852292508984,"Subpopulation_1"
"NGS_Nanog_WT_Rep2","Read_301",0.460511016205769,"Subpopulation_1"
"NGS_Nanog_WT_Rep2","Read_302",0.463720976394987,"Subpopulation_1"
"NGS_Nanog_WT_Rep2","Read_303",0.449614424973416,"Subpopulation_1"
"NGS_Nanog_WT_Rep2","Read_304",0.453534264048759,"Subpopulation_1"
"NGS_Nanog_WT_Rep2","Read_305",0.47032990890816,"Subpopulation_1"
"NGS_Nanog_WT_Rep2","Read_306",0.461207996026308,"Subpopulation_1"
"NGS_Nanog_WT_Rep2","Read_307",0.458606803165657,"Subpopulation_1"
"NGS_Nanog_WT_Rep2","Read_308",0.449750270525551,"Subpopulation_1"
"NGS_Nanog_WT_Rep2","Read_309",0.459311956509893,"Subpopulation_1"
"NGS_Nanog_WT_Rep2","Read_310",0.452793520151218,"Subpopulation_1"
"NGS_Nanog_WT_Rep2","Read_311",0.46775114259895,"Subpopulation_1"
"NGS_Nanog_WT_Rep2","Read_312",0.457593708329717,"Subpopulation_1"
"NGS_Nanog_WT_Rep2","Read_313",0.453177295003287,"Subpopulation_1"
"NGS_Nanog_WT_Rep2","Read_314",0.452070074060081,"Subpopulation_1"
"NGS_Nanog_WT_Rep2","Read_315",0.455285619133519,"Subpopulation_1"
"NGS_Nanog_WT_Rep2","Read_316",0.455842106458201,"Subpopulation_1"
"NGS_Nanog_WT_Rep2","Read_317",0.463022022818483,"Subpopulation_1"
"NGS_Nanog_WT_Rep2","Read_318",0.456193432714429,"Subpopulation_1"
"NGS_Nanog_WT_Rep2","Read_319",0.462390939643191,"Subpopulation_1"
"NGS_Nanog_WT_Rep2","Read_320",0.457917109594687,"Subpopulation_1"
"NGS_Nanog_WT_Rep2","Read_321",0.455784627066601,"Subpopulation_1"
"NGS_Nanog_WT_Rep2","Read_322",0.468886696854049,"Subpopulation_1"
"NGS_Nanog_WT_Rep2","Read_323",0.455056189320731,"Subpopulation_1"
"NGS_Nanog_WT_Rep2","Read_324",0.455398128241566,"Subpopulation_1"
"NGS_Nanog_WT_Rep2","Read_325",0.448094843383937,"Subpopulation_1"
"NGS_Nanog_WT_Rep2","Read_326",0.448489167540042,"Subpopulation_1"
"NGS_Nanog_WT_Rep2","Read_327",0.45304663864523,"Subpopulation_1"
"NGS_Nanog_WT_Rep2","Read_328",0.454863160023,"Subpopulation_1"
"NGS_Nanog_WT_Rep2","Read_329",0.466865853956392,"Subpopulation_1"
"NGS_Nanog_WT_Rep2","Read_330",0.454725538567914,"Subpopulation_1"
"NGS_Nanog_WT_Rep2","Read_331",0.447654844738016,"Subpopulation_1"
"NGS_Nanog_WT_Rep2","Read_332",0.462804461391593,"Subpopulation_1"
"NGS_Nanog_WT_Rep2","Read_333",0.450843247399168,"Subpopulation_1"
"NGS_Nanog_WT_Rep2","Read_334",0.458936715364073,"Subpopulation_1"
"NGS_Nanog_WT_Rep2","Read_335",0.457968901351228,"Subpopulation_1"
"NGS_Nanog_WT_Rep2","Read_336",0.444711043558996,"Subpopulation_1"
"NGS_Nanog_WT_Rep2","Read_337",0.461540401131736,"Subpopulation_1"
"NGS_Nanog_WT_Rep2","Read_338",0.457151521629827,"Subpopulation_1"
"NGS_Nanog_WT_Rep2","Read_339",0.45008418738312,"Subpopulation_1"
"NGS_Nanog_WT_Rep2","Read_340",0.45499031358678,"Subpopulation_1"
"NGS_Nanog_WT_Rep2","Read_341",0.471078686471829,"Subpopulation_1"
"NGS_Nanog_WT_Rep2","Read_342",0.454424178803531,"Subpopulation_1"
"NGS_Nanog_WT_Rep2","Read_343",0.453933158334681,"Subpopulation_1"
"NGS_Nanog_WT_Rep2","Read_344",0.45591405407527,"Subpopulation_1"
"NGS_Nanog_WT_Rep2","Read_345",0.459280132357273,"Subpopulation_1"
"NGS_Nanog_WT_Rep2","Read_346",0.45645308623139,"Subpopulation_1"
"NGS_Nanog_WT_Rep2","Read_347",0.457214617976584,"Subpopulation_1"
"NGS_Nanog_WT_Rep2","Read_348",0.45160291316904,"Subpopulation_1"
"NGS_Nanog_WT_Rep2","Read_349",0.466732487363946,"Subpopulation_1"
"NGS_Nanog_WT_Rep2","Read_350",0.461393504716822,"Subpopulation_1"
"NGS_Nanog_WT_Rep2","Read_351",0.456010547326113,"Subpopulation_1"
"NGS_Nanog_WT_Rep2","Read_352",0.459849577096004,"Subpopulation_1"
"NGS_Nanog_WT_Rep2","Read_353",0.450486958877803,"Subpopulation_1"
"NGS_Nanog_WT_Rep2","Read_354",0.462181283412938,"Subpopulation_1"
"NGS_Nanog_WT_Rep2","Read_355",0.452857573916195,"Subpopulation_1"
"NGS_Nanog_WT_Rep2","Read_356",0.459783404286626,"Subpopulation_1"
"NGS_Nanog_WT_Rep2","Read_357",0.463637909526931,"Subpopulation_1"
"NGS_Nanog_WT_Rep2","Read_358",0.457789859808509,"Subpopulation_1"
"NGS_Nanog_WT_Rep2","Read_359",0.47223528771943,"Subpopulation_1"
"NGS_Nanog_WT_Rep2","Read_360",0.453579936812028,"Subpopulation_1"
"NGS_Nanog_WT_Rep2","Read_361",0.457784279572055,"Subpopulation_1"
"NGS_Nanog_WT_Rep2","Read_362",0.453266343619866,"Subpopulation_1"
"NGS_Nanog_WT_Rep2","Read_363",0.453511155460552,"Subpopulation_1"
"NGS_Nanog_WT_Rep2","Read_364",0.467702117296179,"Subpopulation_1"
"NGS_Nanog_WT_Rep2","Read_365",0.456718284883335,"Subpopulation_1"
"NGS_Nanog_WT_Rep2","Read_366",0.456310071498041,"Subpopulation_1"
"NGS_Nanog_WT_Rep2","Read_367",0.449852930478837,"Subpopulation_1"
"NGS_Nanog_WT_Rep2","Read_368",0.456850557504606,"Subpopulation_1"
"NGS_Nanog_WT_Rep2","Read_369",0.455870297376901,"Subpopulation_1"
"NGS_Nanog_WT_Rep2","Read_370",0.460121738914922,"Subpopulation_1"
"NGS_Nanog_WT_Rep2","Read_371",0.455962221245846,"Subpopulation_1"
"NGS_Nanog_WT_Rep2","Read_372",0.459182076316324,"Subpopulation_1"
"NGS_Nanog_WT_Rep2","Read_373",0.473973530863247,"Subpopulation_1"
"NGS_Nanog_WT_Rep2","Read_374",0.453087462146726,"Subpopulation_1"
"NGS_Nanog_WT_Rep2","Read_375",0.455236099449091,"Subpopulation_1"
"NGS_Nanog_WT_Rep2","Read_376",0.456438905680831,"Subpopulation_1"
"NGS_Nanog_WT_Rep2","Read_377",0.459832575024825,"Subpopulation_1"
"NGS_Nanog_WT_Rep2","Read_378",0.44974222431053,"Subpopulation_1"
"NGS_Nanog_WT_Rep2","Read_379",0.461790443040513,"Subpopulation_1"
"NGS_Nanog_WT_Rep2","Read_380",0.460494152500615,"Subpopulation_1"
"NGS_Nanog_WT_Rep2","Read_381",0.457453037980145,"Subpopulation_1"
"NGS_Nanog_WT_Rep2","Read_382",0.444470063877809,"Subpopulation_1"
"NGS_Nanog_WT_Rep2","Read_383",0.454015131670195,"Subpopulation_1"
"NGS_Nanog_WT_Rep2","Read_384",0.454061422669269,"Subpopulation_1"
"NGS_Nanog_WT_Rep2","Read_385",0.453778065665845,"Subpopulation_1"
"NGS_Nanog_WT_Rep2","Read_386",0.453410997907427,"Subpopulation_1"
"NGS_Nanog_WT_Rep2","Read_387",0.448624958460213,"Subpopulation_1"
"NGS_Nanog_WT_Rep2","Read_388",0.463317091025878,"Subpopulation_1"
"NGS_Nanog_WT_Rep2","Read_389",0.453586562867903,"Subpopulation_1"
"NGS_Nanog_WT_Rep2","Read_390",0.454487750755153,"Subpopulation_1"
"NGS_Nanog_WT_Rep2","Read_391",0.4594206095817,"Subpopulation_1"
"NGS_Nanog_WT_Rep2","Read_392",0.460780669857706,"Subpopulation_1"
"NGS_Nanog_WT_Rep2","Read_393",0.462324347569397,"Subpopulation_1"
"NGS_Nanog_WT_Rep2","Read_394",0.466516691728846,"Subpopulation_1"
"NGS_Nanog_WT_Rep2","Read_395",0.449946215451793,"Subpopulation_1"
"NGS_Nanog_WT_Rep2","Read_396",0.456785994980352,"Subpopulation_1"
"NGS_Nanog_WT_Rep2","Read_397",0.449247214746617,"Subpopulation_1"
"NGS_Nanog_WT_Rep2","Read_398",0.455253194496967,"Subpopulation_1"
"NGS_Nanog_WT_Rep2","Read_399",0.449657838297464,"Subpopulation_1"
"NGS_Nanog_WT_Rep2","Read_400",0.454872228695791,"Subpopulation_1"
"NGS_Nanog_WT_Rep2","Read_401",0.455928287619263,"Subpopulation_1"
"NGS_Nanog_WT_Rep2","Read_402",0.464463001699381,"Subpopulation_1"
"NGS_Nanog_WT_Rep2","Read_403",0.465332735733577,"Subpopulation_1"
"NGS_Nanog_WT_Rep2","Read_404",0.453165818447392,"Subpopulation_1"
"NGS_Nanog_WT_Rep2","Read_405",0.448267832936533,"Subpopulation_1"
"NGS_Nanog_WT_Rep2","Read_406",0.460826274999303,"Subpopulation_1"
"NGS_Nanog_WT_Rep2","Read_407",0.451977065075395,"Subpopulation_1"
"NGS_Nanog_WT_Rep2","Read_408",0.468045713855782,"Subpopulation_1"
"NGS_Nanog_WT_Rep2","Read_409",0.455029151660339,"Subpopulation_1"
"NGS_Nanog_WT_Rep2","Read_410",0.448303643919067,"Subpopulation_1"
"NGS_Nanog_WT_Rep2","Read_411",0.456578543961048,"Subpopulation_1"
"NGS_Nanog_WT_Rep2","Read_412",0.460090959313617,"Subpopulation_1"
"NGS_Nanog_WT_Rep2","Read_413",0.460196216458064,"Subpopulation_1"
"NGS_Nanog_WT_Rep2","Read_414",0.458444915895101,"Subpopulation_1"
"NGS_Nanog_WT_Rep2","Read_415",0.444158397349923,"Subpopulation_1"
"NGS_Nanog_WT_Rep2","Read_416",0.453979820112745,"Subpopulation_1"
"NGS_Nanog_WT_Rep2","Read_417",0.439358225598543,"Subpopulation_1"
"NGS_Nanog_WT_Rep2","Read_418",0.462992895606725,"Subpopulation_1"
"NGS_Nanog_WT_Rep2","Read_419",0.456289938064387,"Subpopulation_1"
"NGS_Nanog_WT_Rep2","Read_420",0.455758366127529,"Subpopulation_1"
"NGS_Nanog_WT_Rep2","Read_421",0.455931361892578,"Subpopulation_1"
"NGS_Nanog_WT_Rep2","Read_422",0.461163955806602,"Subpopulation_1"
"NGS_Nanog_WT_Rep2","Read_423",0.448959979963057,"Subpopulation_1"
"NGS_Nanog_WT_Rep2","Read_424",0.459931176490866,"Subpopulation_1"
"NGS_Nanog_WT_Rep2","Read_425",0.452544719067428,"Subpopulation_1"
"NGS_Nanog_WT_Rep2","Read_426",0.447776697400592,"Subpopulation_1"
"NGS_Nanog_WT_Rep2","Read_427",0.454969376012857,"Subpopulation_1"
"NGS_Nanog_WT_Rep2","Read_428",0.451232554109465,"Subpopulation_1"
"NGS_Nanog_WT_Rep2","Read_429",0.45830738952376,"Subpopulation_1"
"NGS_Nanog_WT_Rep2","Read_430",0.456265003379761,"Subpopulation_1"
"NGS_Nanog_WT_Rep2","Read_431",0.457820276042498,"Subpopulation_1"
"NGS_Nanog_WT_Rep2","Read_432",0.448866269748196,"Subpopulation_1"
"NGS_Nanog_WT_Rep2","Read_433",0.451676801952118,"Subpopulation_1"
"NGS_Nanog_WT_Rep2","Read_434",0.459192215144686,"Subpopulation_1"
"NGS_Nanog_WT_Rep2","Read_435",0.447904204241974,"Subpopulation_1"
"NGS_Nanog_WT_Rep2","Read_436",0.457425538579333,"Subpopulation_1"
"NGS_Nanog_WT_Rep2","Read_437",0.457807351331165,"Subpopulation_1"
"NGS_Nanog_WT_Rep2","Read_438",0.442122438594992,"Subpopulation_1"
"NGS_Nanog_WT_Rep2","Read_439",0.454754243035191,"Subpopulation_1"
"NGS_Nanog_WT_Rep2","Read_440",0.452290462980682,"Subpopulation_1"
"NGS_Nanog_WT_Rep2","Read_441",0.448479385161539,"Subpopulation_1"
"NGS_Nanog_WT_Rep2","Read_442",0.456457335681311,"Subpopulation_1"
"NGS_Nanog_WT_Rep2","Read_443",0.454302063722087,"Subpopulation_1"
"NGS_Nanog_WT_Rep2","Read_444",0.447150395678684,"Subpopulation_1"
"NGS_Nanog_WT_Rep2","Read_445",0.462698675448766,"Subpopulation_1"
"NGS_Nanog_WT_Rep2","Read_446",0.458354945166716,"Subpopulation_1"
"NGS_Nanog_WT_Rep2","Read_447",0.455313373029506,"Subpopulation_1"
"NGS_Nanog_WT_Rep2","Read_448",0.448902040885551,"Subpopulation_1"
"NGS_Nanog_WT_Rep2","Read_449",0.443454914075676,"Subpopulation_1"
"NGS_Nanog_WT_Rep2","Read_450",0.460003444018392,"Subpopulation_1"
"NGS_Nanog_WT_Rep2","Read_451",0.447726348425632,"Subpopulation_1"
"NGS_Nanog_WT_Rep2","Read_452",0.45649700554093,"Subpopulation_1"
"NGS_Nanog_WT_Rep2","Read_453",0.459641563736491,"Subpopulation_1"
"NGS_Nanog_WT_Rep2","Read_454",0.454365073521446,"Subpopulation_1"
"NGS_Nanog_WT_Rep2","Read_455",0.456050691215255,"Subpopulation_1"
"NGS_Nanog_WT_Rep2","Read_456",0.460780577226343,"Subpopulation_1"
"NGS_Nanog_WT_Rep2","Read_457",0.463767835495442,"Subpopulation_1"
"NGS_Nanog_WT_Rep2","Read_458",0.455376617404974,"Subpopulation_1"
"NGS_Nanog_WT_Rep2","Read_459",0.464081869733632,"Subpopulation_1"
"NGS_Nanog_WT_Rep2","Read_460",0.450130538979656,"Subpopulation_1"
"NGS_Nanog_WT_Rep2","Read_461",0.451970763440236,"Subpopulation_1"
"NGS_Nanog_WT_Rep2","Read_462",0.467244745719597,"Subpopulation_1"
"NGS_Nanog_WT_Rep2","Read_463",0.457447972191571,"Subpopulation_1"
"NGS_Nanog_WT_Rep2","Read_464",0.455131246024776,"Subpopulation_1"
"NGS_Nanog_WT_Rep2","Read_465",0.45380838786908,"Subpopulation_1"
"NGS_Nanog_WT_Rep2","Read_466",0.455460018699466,"Subpopulation_1"
"NGS_Nanog_WT_Rep2","Read_467",0.446932153354577,"Subpopulation_1"
"NGS_Nanog_WT_Rep2","Read_468",0.460912695392072,"Subpopulation_1"
"NGS_Nanog_WT_Rep2","Read_469",0.462449680198091,"Subpopulation_1"
"NGS_Nanog_WT_Rep2","Read_470",0.445203300004322,"Subpopulation_1"
"NGS_Nanog_WT_Rep2","Read_471",0.446623406671913,"Subpopulation_1"
"NGS_Nanog_WT_Rep2","Read_472",0.456810009579915,"Subpopulation_1"
"NGS_Nanog_WT_Rep2","Read_473",0.452046437686169,"Subpopulation_1"
"NGS_Nanog_WT_Rep2","Read_474",0.461171659839944,"Subpopulation_1"
"NGS_Nanog_WT_Rep2","Read_475",0.462956317556384,"Subpopulation_1"
"NGS_Nanog_WT_Rep2","Read_476",0.447565849869222,"Subpopulation_1"
"NGS_Nanog_WT_Rep2","Read_477",0.462637908334013,"Subpopulation_1"
"NGS_Nanog_WT_Rep2","Read_478",0.463864672092258,"Subpopulation_1"
"NGS_Nanog_WT_Rep2","Read_479",0.453435541902401,"Subpopulation_1"
"NGS_Nanog_WT_Rep2","Read_480",0.445783757531849,"Subpopulation_1"
"NGS_Nanog_WT_Rep2","Read_481",0.453790882989621,"Subpopulation_1"
"NGS_Nanog_WT_Rep2","Read_482",0.453406746418632,"Subpopulation_1"
"NGS_Nanog_WT_Rep2","Read_483",0.461142507016963,"Subpopulation_1"
"NGS_Nanog_WT_Rep2","Read_484",0.45052325815406,"Subpopulation_1"
"NGS_Nanog_WT_Rep2","Read_485",0.475207506601665,"Subpopulation_1"
"NGS_Nanog_WT_Rep2","Read_486",0.44739283564391,"Subpopulation_1"
"NGS_Nanog_WT_Rep2","Read_487",0.454947921404301,"Subpopulation_1"
"NGS_Nanog_WT_Rep2","Read_488",0.45213863268731,"Subpopulation_1"
"NGS_Nanog_WT_Rep2","Read_489",0.462818821728905,"Subpopulation_1"
"NGS_Nanog_WT_Rep2","Read_490",0.455194738951594,"Subpopulation_1"
"NGS_Nanog_WT_Rep2","Read_491",0.445634304915243,"Subpopulation_1"
"NGS_Nanog_WT_Rep2","Read_492",0.452917971703079,"Subpopulation_1"
"NGS_Nanog_WT_Rep2","Read_493",0.444901238457749,"Subpopulation_1"
"NGS_Nanog_WT_Rep2","Read_494",0.457993800603364,"Subpopulation_1"
"NGS_Nanog_WT_Rep2","Read_495",0.459422349927402,"Subpopulation_1"
"NGS_Nanog_WT_Rep2","Read_496",0.45493361979282,"Subpopulation_1"
"NGS_Nanog_WT_Rep2","Read_497",0.460295461331352,"Subpopulation_1"
"NGS_Nanog_WT_Rep2","Read_498",0.451616908407208,"Subpopulation_1"
"NGS_Nanog_WT_Rep2","Read_499",0.458993345212914,"Subpopulation_1"
"NGS_Nanog_WT_Rep2","Read_500",0.461787563478195,"Subpopulation_1"
"NGS_Nanog_WT_Rep2","Read_501",0.457455581462244,"Subpopulation_1"
"NGS_Nanog_WT_Rep2","Read_502",0.459831627898473,"Subpopulation_1"
"NGS_Nanog_WT_Rep2","Read_503",0.454188679987632,"Subpopulation_1"
"NGS_Nanog_WT_Rep2","Read_504",0.441440306257618,"Subpopulation_1"
"NGS_Nanog_WT_Rep2","Read_505",0.461134629335083,"Subpopulation_1"
"NGS_Nanog_WT_Rep2","Read_506",0.447714525240594,"Subpopulation_1"
"NGS_Nanog_WT_Rep2","Read_507",0.436499422057754,"Subpopulation_1"
"NGS_Nanog_WT_Rep2","Read_508",0.459397575252505,"Subpopulation_1"
"NGS_Nanog_WT_Rep2","Read_509",0.465878791986678,"Subpopulation_1"
"NGS_Nanog_WT_Rep2","Read_510",0.463049269469726,"Subpopulation_1"
"NGS_Nanog_WT_Rep2","Read_511",0.453660824279319,"Subpopulation_1"
"NGS_Nanog_WT_Rep2","Read_512",0.46720657069798,"Subpopulation_1"
"NGS_Nanog_WT_Rep2","Read_513",0.462440624060565,"Subpopulation_1"
"NGS_Nanog_WT_Rep2","Read_514",0.471307344904267,"Subpopulation_1"
"NGS_Nanog_WT_Rep2","Read_515",0.455830169181741,"Subpopulation_1"
"NGS_Nanog_WT_Rep2","Read_516",0.462837475556762,"Subpopulation_1"
"NGS_Nanog_WT_Rep2","Read_517",0.457038950617137,"Subpopulation_1"
"NGS_Nanog_WT_Rep2","Read_518",0.452108396419664,"Subpopulation_1"
"NGS_Nanog_WT_Rep2","Read_519",0.448471927816917,"Subpopulation_1"
"NGS_Nanog_WT_Rep2","Read_520",0.459348882960026,"Subpopulation_1"
"NGS_Nanog_WT_Rep2","Read_521",0.455087459034957,"Subpopulation_1"
"NGS_Nanog_WT_Rep2","Read_522",0.457303569394642,"Subpopulation_1"
"NGS_Nanog_WT_Rep2","Read_523",0.454111563662712,"Subpopulation_1"
"NGS_Nanog_WT_Rep2","Read_524",0.462203207961804,"Subpopulation_1"
"NGS_Nanog_WT_Rep2","Read_525",0.454674816027557,"Subpopulation_1"
"NGS_Nanog_WT_Rep2","Read_526",0.453773349393752,"Subpopulation_1"
"NGS_Nanog_WT_Rep2","Read_527",0.450086444705329,"Subpopulation_1"
"NGS_Nanog_WT_Rep2","Read_528",0.448854276199576,"Subpopulation_1"
"NGS_Nanog_WT_Rep2","Read_529",0.459914944414594,"Subpopulation_1"
"NGS_Nanog_WT_Rep2","Read_530",0.459288952026295,"Subpopulation_1"
"NGS_Nanog_WT_Rep2","Read_531",0.465837304044411,"Subpopulation_1"
"NGS_Nanog_WT_Rep2","Read_532",0.453145490680849,"Subpopulation_1"
"NGS_Nanog_WT_Rep2","Read_533",0.464179418040498,"Subpopulation_1"
"NGS_Nanog_WT_Rep2","Read_534",0.453233172269052,"Subpopulation_1"
"NGS_Nanog_WT_Rep2","Read_535",0.456830494868443,"Subpopulation_1"
"NGS_Nanog_WT_Rep2","Read_536",0.460581407777506,"Subpopulation_1"
"NGS_Nanog_WT_Rep2","Read_537",0.455962024120514,"Subpopulation_1"
"NGS_Nanog_WT_Rep2","Read_538",0.449352380228493,"Subpopulation_1"
"NGS_Nanog_WT_Rep2","Read_539",0.452305246402145,"Subpopulation_1"
"NGS_Nanog_WT_Rep2","Read_540",0.453261578651344,"Subpopulation_1"
"NGS_Nanog_WT_Rep2","Read_541",0.460418904174655,"Subpopulation_1"
"NGS_Nanog_WT_Rep2","Read_542",0.452486617988563,"Subpopulation_1"
"NGS_Nanog_WT_Rep2","Read_543",0.445479648120915,"Subpopulation_1"
"NGS_Nanog_WT_Rep2","Read_544",0.456145825698881,"Subpopulation_1"
"NGS_Nanog_WT_Rep2","Read_545",0.457426318034202,"Subpopulation_1"
"NGS_Nanog_WT_Rep2","Read_546",0.461216131901106,"Subpopulation_1"
"NGS_Nanog_WT_Rep2","Read_547",0.459042951602947,"Subpopulation_1"
"NGS_Nanog_WT_Rep2","Read_548",0.456346154051357,"Subpopulation_1"
"NGS_Nanog_WT_Rep2","Read_549",0.454206162414014,"Subpopulation_1"
"NGS_Nanog_WT_Rep2","Read_550",0.464201053232959,"Subpopulation_1"
"NGS_Nanog_WT_Rep2","Read_551",0.457714587662638,"Subpopulation_1"
"NGS_Nanog_WT_Rep2","Read_552",0.45929907931839,"Subpopulation_1"
"NGS_Nanog_WT_Rep2","Read_553",0.455511889399543,"Subpopulation_1"
"NGS_Nanog_WT_Rep2","Read_554",0.452809225923946,"Subpopulation_1"
"NGS_Nanog_WT_Rep2","Read_555",0.451908347843129,"Subpopulation_1"
"NGS_Nanog_WT_Rep2","Read_556",0.450862040445474,"Subpopulation_1"
"NGS_Nanog_WT_Rep2","Read_557",0.449909649419534,"Subpopulation_1"
"NGS_Nanog_WT_Rep2","Read_558",0.455991162021704,"Subpopulation_1"
"NGS_Nanog_WT_Rep2","Read_559",0.452813197780379,"Subpopulation_1"
"NGS_Nanog_WT_Rep2","Read_560",0.450633374412124,"Subpopulation_1"
"NGS_Nanog_WT_Rep2","Read_561",0.453484055236662,"Subpopulation_1"
"NGS_Nanog_WT_Rep2","Read_562",0.453870868727635,"Subpopulation_1"
"NGS_Nanog_WT_Rep2","Read_563",0.45956064624545,"Subpopulation_1"
"NGS_Nanog_WT_Rep2","Read_564",0.457750321022056,"Subpopulation_1"
"NGS_Nanog_WT_Rep2","Read_565",0.450508981116656,"Subpopulation_1"
"NGS_Nanog_WT_Rep2","Read_566",0.454232490331365,"Subpopulation_1"
"NGS_Nanog_WT_Rep2","Read_567",0.449347523202305,"Subpopulation_1"
"NGS_Nanog_WT_Rep2","Read_568",0.458866729312331,"Subpopulation_1"
"NGS_Nanog_WT_Rep2","Read_569",0.460374800946606,"Subpopulation_1"
"NGS_Nanog_WT_Rep2","Read_570",0.461250029088281,"Subpopulation_1"
"NGS_Nanog_WT_Rep2","Read_571",0.454574999052968,"Subpopulation_1"
"NGS_Nanog_WT_Rep2","Read_572",0.462127079726525,"Subpopulation_1"
"NGS_Nanog_WT_Rep2","Read_573",0.456161602855891,"Subpopulation_1"
"NGS_Nanog_WT_Rep2","Read_574",0.456037206729324,"Subpopulation_1"
"NGS_Nanog_WT_Rep2","Read_575",0.459426909643684,"Subpopulation_1"
"NGS_Nanog_WT_Rep2","Read_576",0.457628406752908,"Subpopulation_1"
"NGS_Nanog_WT_Rep2","Read_577",0.453484824619973,"Subpopulation_1"
"NGS_Nanog_WT_Rep2","Read_578",0.464570639769978,"Subpopulation_1"
"NGS_Nanog_WT_Rep2","Read_579",0.466780655434128,"Subpopulation_1"
"NGS_Nanog_WT_Rep2","Read_580",0.448774777951186,"Subpopulation_1"
"NGS_Nanog_WT_Rep2","Read_581",0.452841222817654,"Subpopulation_1"
"NGS_Nanog_WT_Rep2","Read_582",0.45800011182313,"Subpopulation_1"
"NGS_Nanog_WT_Rep2","Read_583",0.457984439442868,"Subpopulation_1"
"NGS_Nanog_WT_Rep2","Read_584",0.448426224196805,"Subpopulation_1"
"NGS_Nanog_WT_Rep2","Read_585",0.456910826736854,"Subpopulation_1"
"NGS_Nanog_WT_Rep2","Read_586",0.456884466205285,"Subpopulation_1"
"NGS_Nanog_WT_Rep2","Read_587",0.454907147557894,"Subpopulation_1"
"NGS_Nanog_WT_Rep2","Read_588",0.4540129898704,"Subpopulation_1"
"NGS_Nanog_WT_Rep2","Read_589",0.456100023092555,"Subpopulation_1"
"NGS_Nanog_WT_Rep2","Read_590",0.457657592564547,"Subpopulation_1"
"NGS_Nanog_WT_Rep2","Read_591",0.456021183538554,"Subpopulation_1"
"NGS_Nanog_WT_Rep2","Read_592",0.461245008646282,"Subpopulation_1"
"NGS_Nanog_WT_Rep2","Read_593",0.461199647827572,"Subpopulation_1"
"NGS_Nanog_WT_Rep2","Read_594",0.451615864321777,"Subpopulation_1"
"NGS_Nanog_WT_Rep2","Read_595",0.449997987119907,"Subpopulation_1"
"NGS_Nanog_WT_Rep2","Read_596",0.460538548870365,"Subpopulation_1"
"NGS_Nanog_WT_Rep2","Read_597",0.453487983899749,"Subpopulation_1"
"NGS_Nanog_WT_Rep2","Read_598",0.45416672354033,"Subpopulation_1"
"NGS_Nanog_WT_Rep2","Read_599",0.461811033014257,"Subpopulation_1"
"NGS_Nanog_WT_Rep2","Read_600",0.449186865237667,"Subpopulation_1"
"NGS_Nanog_WT_Rep2","Read_601",0.461165446693137,"Subpopulation_1"
"NGS_Nanog_WT_Rep2","Read_602",0.44885563809345,"Subpopulation_1"
"NGS_Nanog_WT_Rep2","Read_603",0.457763412152244,"Subpopulation_1"
"NGS_Nanog_WT_Rep2","Read_604",0.461777818315378,"Subpopulation_1"
"NGS_Nanog_WT_Rep2","Read_605",0.466740724547304,"Subpopulation_1"
"NGS_Nanog_WT_Rep2","Read_606",0.455518079880844,"Subpopulation_1"
"NGS_Nanog_WT_Rep2","Read_607",0.459581151244415,"Subpopulation_1"
"NGS_Nanog_WT_Rep2","Read_608",0.459452152137717,"Subpopulation_1"
"NGS_Nanog_WT_Rep2","Read_609",0.447886433904386,"Subpopulation_1"
"NGS_Nanog_WT_Rep2","Read_610",0.456657543919002,"Subpopulation_1"
"NGS_Nanog_WT_Rep2","Read_611",0.450167201397641,"Subpopulation_1"
"NGS_Nanog_WT_Rep2","Read_612",0.458665165164438,"Subpopulation_1"
"NGS_Nanog_WT_Rep2","Read_613",0.453035046701354,"Subpopulation_1"
"NGS_Nanog_WT_Rep2","Read_614",0.453548344935482,"Subpopulation_1"
"NGS_Nanog_WT_Rep2","Read_615",0.45606010970391,"Subpopulation_1"
"NGS_Nanog_WT_Rep2","Read_616",0.458521158711472,"Subpopulation_1"
"NGS_Nanog_WT_Rep2","Read_617",0.452923595239381,"Subpopulation_1"
"NGS_Nanog_WT_Rep2","Read_618",0.448228259633515,"Subpopulation_1"
"NGS_Nanog_WT_Rep2","Read_619",0.463839800463101,"Subpopulation_1"
"NGS_Nanog_WT_Rep2","Read_620",0.458946710478005,"Subpopulation_1"
"NGS_Nanog_WT_Rep2","Read_621",0.453730623316058,"Subpopulation_1"
"NGS_Nanog_WT_Rep2","Read_622",0.456355523301768,"Subpopulation_1"
"NGS_Nanog_WT_Rep2","Read_623",0.450906526380859,"Subpopulation_1"
"NGS_Nanog_WT_Rep2","Read_624",0.453119367790094,"Subpopulation_1"
"NGS_Nanog_WT_Rep2","Read_625",0.4603858724501,"Subpopulation_1"
"NGS_Nanog_WT_Rep2","Read_626",0.459882915555879,"Subpopulation_1"
"NGS_Nanog_WT_Rep2","Read_627",0.46064851805208,"Subpopulation_1"
"NGS_Nanog_WT_Rep2","Read_628",0.453052533239985,"Subpopulation_1"
"NGS_Nanog_WT_Rep2","Read_629",0.465176697129366,"Subpopulation_1"
"NGS_Nanog_WT_Rep2","Read_630",0.459549891037569,"Subpopulation_1"
"NGS_Nanog_WT_Rep2","Read_631",0.456090882787503,"Subpopulation_1"
"NGS_Nanog_WT_Rep2","Read_632",0.457319379548219,"Subpopulation_1"
"NGS_Nanog_WT_Rep2","Read_633",0.45540295169007,"Subpopulation_1"
"NGS_Nanog_WT_Rep2","Read_634",0.45371464086485,"Subpopulation_1"
"NGS_Nanog_WT_Rep2","Read_635",0.444852583086107,"Subpopulation_1"
"NGS_Nanog_WT_Rep2","Read_636",0.451079235414172,"Subpopulation_1"
"NGS_Nanog_WT_Rep2","Read_637",0.457825679974145,"Subpopulation_1"
"NGS_Nanog_WT_Rep2","Read_638",0.451114915814387,"Subpopulation_1"
"NGS_Nanog_WT_Rep2","Read_639",0.462647852294745,"Subpopulation_1"
"NGS_Nanog_WT_Rep2","Read_640",0.460458311898727,"Subpopulation_1"
"NGS_Nanog_WT_Rep2","Read_641",0.45779753481962,"Subpopulation_1"
"NGS_Nanog_WT_Rep2","Read_642",0.452457150457191,"Subpopulation_1"
"NGS_Nanog_WT_Rep2","Read_643",0.45551821933783,"Subpopulation_1"
"NGS_Nanog_WT_Rep2","Read_644",0.454307395949519,"Subpopulation_1"
"NGS_Nanog_WT_Rep2","Read_645",0.454455546994777,"Subpopulation_1"
"NGS_Nanog_WT_Rep2","Read_646",0.449669411561619,"Subpopulation_1"
"NGS_Nanog_WT_Rep2","Read_647",0.456732172319116,"Subpopulation_1"
"NGS_Nanog_WT_Rep2","Read_648",0.450349799509032,"Subpopulation_1"
"NGS_Nanog_WT_Rep2","Read_649",0.456005742407336,"Subpopulation_1"
"NGS_Nanog_WT_Rep2","Read_650",0.459977379483148,"Subpopulation_1"
"NGS_Nanog_WT_Rep2","Read_651",0.444823638515023,"Subpopulation_1"
"NGS_Nanog_WT_Rep2","Read_652",0.461170694952318,"Subpopulation_1"
"NGS_Nanog_WT_Rep2","Read_653",0.465606078841258,"Subpopulation_1"
"NGS_Nanog_WT_Rep2","Read_654",0.462463064729521,"Subpopulation_1"
"NGS_Nanog_WT_Rep2","Read_655",0.454796265724789,"Subpopulation_1"
"NGS_Nanog_WT_Rep2","Read_656",0.46044859922248,"Subpopulation_1"
"NGS_Nanog_WT_Rep2","Read_657",0.444892452415004,"Subpopulation_1"
"NGS_Nanog_WT_Rep2","Read_658",0.462588925303017,"Subpopulation_1"
"NGS_Nanog_WT_Rep2","Read_659",0.458886548802239,"Subpopulation_1"
"NGS_Nanog_WT_Rep2","Read_660",0.453522545447849,"Subpopulation_1"
"NGS_Nanog_WT_Rep2","Read_661",0.461997048479519,"Subpopulation_1"
"NGS_Nanog_WT_Rep2","Read_662",0.45398388806842,"Subpopulation_1"
"NGS_Nanog_WT_Rep2","Read_663",0.453804692117488,"Subpopulation_1"
"NGS_Nanog_WT_Rep2","Read_664",0.454835689843055,"Subpopulation_1"
"NGS_Nanog_WT_Rep2","Read_665",0.459461911615901,"Subpopulation_1"
"NGS_Nanog_WT_Rep2","Read_666",0.453247001804658,"Subpopulation_1"
"NGS_Nanog_WT_Rep2","Read_667",0.451113673974078,"Subpopulation_1"
"NGS_Nanog_WT_Rep2","Read_668",0.471843504038576,"Subpopulation_1"
"NGS_Nanog_WT_Rep2","Read_669",0.473477386128051,"Subpopulation_1"
"NGS_Nanog_WT_Rep2","Read_670",0.447596573773766,"Subpopulation_1"
"NGS_Nanog_WT_Rep2","Read_671",0.450772744481048,"Subpopulation_1"
"NGS_Nanog_WT_Rep2","Read_672",0.462701166760052,"Subpopulation_1"
"NGS_Nanog_WT_Rep2","Read_673",0.455664503517783,"Subpopulation_1"
"NGS_Nanog_WT_Rep2","Read_674",0.455567782831599,"Subpopulation_1"
"NGS_Nanog_WT_Rep2","Read_675",0.446916099168849,"Subpopulation_1"
"NGS_Nanog_WT_Rep2","Read_676",0.454518755587683,"Subpopulation_1"
"NGS_Nanog_WT_Rep2","Read_677",0.455254238017509,"Subpopulation_1"
"NGS_Nanog_WT_Rep2","Read_678",0.458734645417279,"Subpopulation_1"
"NGS_Nanog_WT_Rep2","Read_679",0.454749649869327,"Subpopulation_1"
"NGS_Nanog_WT_Rep2","Read_680",0.464412679947085,"Subpopulation_1"
"NGS_Nanog_WT_Rep2","Read_681",0.454651519094237,"Subpopulation_1"
"NGS_Nanog_WT_Rep2","Read_682",0.462200372530326,"Subpopulation_1"
"NGS_Nanog_WT_Rep2","Read_683",0.462633222322313,"Subpopulation_1"
"NGS_Nanog_WT_Rep2","Read_684",0.460116689189936,"Subpopulation_1"
"NGS_Nanog_WT_Rep2","Read_685",0.461671709067836,"Subpopulation_1"
"NGS_Nanog_WT_Rep2","Read_686",0.453260154732379,"Subpopulation_1"
"NGS_Nanog_WT_Rep2","Read_687",0.468834030415127,"Subpopulation_1"
"NGS_Nanog_WT_Rep2","Read_688",0.45534110570453,"Subpopulation_1"
"NGS_Nanog_WT_Rep2","Read_689",0.463050984308069,"Subpopulation_1"
"NGS_Nanog_WT_Rep2","Read_690",0.469177131138844,"Subpopulation_1"
"NGS_Nanog_WT_Rep2","Read_691",0.454153779497073,"Subpopulation_1"
"NGS_Nanog_WT_Rep2","Read_692",0.460493004141799,"Subpopulation_1"
"NGS_Nanog_WT_Rep2","Read_693",0.459143846563278,"Subpopulation_1"
"NGS_Nanog_WT_Rep2","Read_694",0.456896988955957,"Subpopulation_1"
"NGS_Nanog_WT_Rep2","Read_695",0.459152383967167,"Subpopulation_1"
"NGS_Nanog_WT_Rep2","Read_696",0.44330118191211,"Subpopulation_1"
"NGS_Nanog_WT_Rep2","Read_697",0.454379067262265,"Subpopulation_1"
"NGS_Nanog_WT_Rep2","Read_698",0.450852481033421,"Subpopulation_1"
"NGS_Nanog_WT_Rep2","Read_699",0.454925711398732,"Subpopulation_1"
"NGS_Nanog_WT_Rep2","Read_700",0.454054186842627,"Subpopulation_1"
"NGS_Nanog_WT_Rep2","Read_701",0.461682346352666,"Subpopulation_1"
"NGS_Nanog_WT_Rep2","Read_702",0.444048573897927,"Subpopulation_1"
"NGS_Nanog_WT_Rep2","Read_703",0.453948231916884,"Subpopulation_1"
"NGS_Nanog_WT_Rep2","Read_704",0.458846465428196,"Subpopulation_1"
"NGS_Nanog_WT_Rep2","Read_705",0.457786896927384,"Subpopulation_1"
"NGS_Nanog_WT_Rep2","Read_706",0.462216430510566,"Subpopulation_1"
"NGS_Nanog_WT_Rep2","Read_707",0.460509241720555,"Subpopulation_1"
"NGS_Nanog_WT_Rep2","Read_708",0.461909187672364,"Subpopulation_1"
"NGS_Nanog_WT_Rep2","Read_709",0.461702348935732,"Subpopulation_1"
"NGS_Nanog_WT_Rep2","Read_710",0.451398275911554,"Subpopulation_1"
"NGS_Nanog_WT_Rep2","Read_711",0.459365701961168,"Subpopulation_1"
"NGS_Nanog_WT_Rep2","Read_712",0.470507345092425,"Subpopulation_1"
"NGS_Nanog_WT_Rep2","Read_713",0.441067041063353,"Subpopulation_1"
"NGS_Nanog_WT_Rep2","Read_714",0.449732727593558,"Subpopulation_1"
"NGS_Nanog_WT_Rep2","Read_715",0.461616170448997,"Subpopulation_1"
"NGS_Nanog_WT_Rep2","Read_716",0.45817128148261,"Subpopulation_1"
"NGS_Nanog_WT_Rep2","Read_717",0.448799593750064,"Subpopulation_1"
"NGS_Nanog_WT_Rep2","Read_718",0.45591763881053,"Subpopulation_1"
"NGS_Nanog_WT_Rep2","Read_719",0.45722284083868,"Subpopulation_1"
"NGS_Nanog_WT_Rep2","Read_720",0.46740643903026,"Subpopulation_1"
"NGS_Nanog_WT_Rep2","Read_721",0.457831832883968,"Subpopulation_1"
"NGS_Nanog_WT_Rep2","Read_722",0.45507874559031,"Subpopulation_1"
"NGS_Nanog_WT_Rep2","Read_723",0.468561794847771,"Subpopulation_1"
"NGS_Nanog_WT_Rep2","Read_724",0.454910049689385,"Subpopulation_1"
"NGS_Nanog_WT_Rep2","Read_725",0.445529160309764,"Subpopulation_1"
"NGS_Nanog_WT_Rep2","Read_726",0.46967231264172,"Subpopulation_1"
"NGS_Nanog_WT_Rep2","Read_727",0.455119466676588,"Subpopulation_1"
"NGS_Nanog_WT_Rep2","Read_728",0.464031231647556,"Subpopulation_1"
"NGS_Nanog_WT_Rep2","Read_729",0.45535585041996,"Subpopulation_1"
"NGS_Nanog_WT_Rep2","Read_730",0.458469883665979,"Subpopulation_1"
"NGS_Nanog_WT_Rep2","Read_731",0.460429942716114,"Subpopulation_1"
"NGS_Nanog_WT_Rep2","Read_732",0.458372904242059,"Subpopulation_1"
"NGS_Nanog_WT_Rep2","Read_733",0.462219793649936,"Subpopulation_1"
"NGS_Nanog_WT_Rep2","Read_734",0.453971477120321,"Subpopulation_1"
"NGS_Nanog_WT_Rep2","Read_735",0.44829182911464,"Subpopulation_1"
"NGS_Nanog_WT_Rep2","Read_736",0.457429537496901,"Subpopulation_1"
"NGS_Nanog_WT_Rep2","Read_737",0.445519118984404,"Subpopulation_1"
"NGS_Nanog_WT_Rep2","Read_738",0.460351739569293,"Subpopulation_1"
"NGS_Nanog_WT_Rep2","Read_739",0.453214993722159,"Subpopulation_1"
"NGS_Nanog_WT_Rep2","Read_740",0.461752762460541,"Subpopulation_1"
"NGS_Nanog_WT_Rep2","Read_741",0.447591628534764,"Subpopulation_1"
"NGS_Nanog_WT_Rep2","Read_742",0.460702301837746,"Subpopulation_1"
"NGS_Nanog_WT_Rep2","Read_743",0.453512305596522,"Subpopulation_1"
"NGS_Nanog_WT_Rep2","Read_744",0.453589660337028,"Subpopulation_1"
"NGS_Nanog_WT_Rep2","Read_745",0.456783071516189,"Subpopulation_1"
"NGS_Nanog_WT_Rep2","Read_746",0.458829197511479,"Subpopulation_1"
"NGS_Nanog_WT_Rep2","Read_747",0.4672771238241,"Subpopulation_1"
"NGS_Nanog_WT_Rep2","Read_748",0.452037217500016,"Subpopulation_1"
"NGS_Nanog_WT_Rep2","Read_749",0.457683506666045,"Subpopulation_1"
"NGS_Nanog_WT_Rep2","Read_750",0.446143059747779,"Subpopulation_1"
"NGS_Nanog_WT_Rep2","Read_751",0.456154832278834,"Subpopulation_1"
"NGS_Nanog_WT_Rep2","Read_752",0.450017990866858,"Subpopulation_1"
"NGS_Nanog_WT_Rep2","Read_753",0.450329730762281,"Subpopulation_1"
"NGS_Nanog_WT_Rep2","Read_754",0.462457394534117,"Subpopulation_1"
"NGS_Nanog_WT_Rep2","Read_755",0.447272079429098,"Subpopulation_1"
"NGS_Nanog_WT_Rep2","Read_756",0.45152712051254,"Subpopulation_1"
"NGS_Nanog_WT_Rep2","Read_757",0.461418747568471,"Subpopulation_1"
"NGS_Nanog_WT_Rep2","Read_758",0.453730046227582,"Subpopulation_1"
"NGS_Nanog_WT_Rep2","Read_759",0.455460916173539,"Subpopulation_1"
"NGS_Nanog_WT_Rep2","Read_760",0.456021022549502,"Subpopulation_1"
"NGS_Nanog_WT_Rep2","Read_761",0.442716947372997,"Subpopulation_1"
"NGS_Nanog_WT_Rep2","Read_762",0.444437491777516,"Subpopulation_1"
"NGS_Nanog_WT_Rep2","Read_763",0.459828584211865,"Subpopulation_1"
"NGS_Nanog_WT_Rep2","Read_764",0.461404144596536,"Subpopulation_1"
"NGS_Nanog_WT_Rep2","Read_765",0.455629990613496,"Subpopulation_1"
"NGS_Nanog_WT_Rep2","Read_766",0.461264273638057,"Subpopulation_1"
"NGS_Nanog_WT_Rep2","Read_767",0.453250839866675,"Subpopulation_1"
"NGS_Nanog_WT_Rep2","Read_768",0.44968807340021,"Subpopulation_1"
"NGS_Nanog_WT_Rep2","Read_769",0.460178799749689,"Subpopulation_1"
"NGS_Nanog_WT_Rep2","Read_770",0.455548286421299,"Subpopulation_1"
"NGS_Nanog_WT_Rep2","Read_771",0.457650658722381,"Subpopulation_1"
"NGS_Nanog_WT_Rep2","Read_772",0.458191399411381,"Subpopulation_1"
"NGS_Nanog_WT_Rep2","Read_773",0.461053382873012,"Subpopulation_1"
"NGS_Nanog_WT_Rep2","Read_774",0.461544830164031,"Subpopulation_1"
"NGS_Nanog_WT_Rep2","Read_775",0.463268719146351,"Subpopulation_1"
"NGS_Nanog_WT_Rep2","Read_776",0.461003949163681,"Subpopulation_1"
"NGS_Nanog_WT_Rep2","Read_777",0.471647469701039,"Subpopulation_1"
"NGS_Nanog_WT_Rep2","Read_778",0.4487007082171,"Subpopulation_1"
"NGS_Nanog_WT_Rep2","Read_779",0.447673161441987,"Subpopulation_1"
"NGS_Nanog_WT_Rep2","Read_780",0.452021180013886,"Subpopulation_1"
"NGS_Nanog_WT_Rep2","Read_781",0.455847409474501,"Subpopulation_1"
"NGS_Nanog_WT_Rep2","Read_782",0.471842825906737,"Subpopulation_1"
"NGS_Nanog_WT_Rep2","Read_783",0.451071976680568,"Subpopulation_1"
"NGS_Nanog_WT_Rep2","Read_784",0.451560405881949,"Subpopulation_1"
"NGS_Nanog_WT_Rep2","Read_785",0.462019343898799,"Subpopulation_1"
"NGS_Nanog_WT_Rep2","Read_786",0.454269778265379,"Subpopulation_1"
"NGS_Nanog_WT_Rep2","Read_787",0.456443847356307,"Subpopulation_1"
"NGS_Nanog_WT_Rep2","Read_788",0.459632026515313,"Subpopulation_1"
"NGS_Nanog_WT_Rep2","Read_789",0.456306584933428,"Subpopulation_1"
"NGS_Nanog_WT_Rep2","Read_790",0.450833619197954,"Subpopulation_1"
"NGS_Nanog_WT_Rep2","Read_791",0.45378823488423,"Subpopulation_1"
"NGS_Nanog_WT_Rep2","Read_792",0.450606589342688,"Subpopulation_1"
"NGS_Nanog_WT_Rep2","Read_793",0.457419209728759,"Subpopulation_1"
"NGS_Nanog_WT_Rep2","Read_794",0.453022522036961,"Subpopulation_1"
"NGS_Nanog_WT_Rep2","Read_795",0.444907303139706,"Subpopulation_1"
"NGS_Nanog_WT_Rep2","Read_796",0.459505059992348,"Subpopulation_1"
"NGS_Nanog_WT_Rep2","Read_797",0.458951101554095,"Subpopulation_1"
"NGS_Nanog_WT_Rep2","Read_798",0.450363045346672,"Subpopulation_1"
"NGS_Nanog_WT_Rep2","Read_799",0.45802934167721,"Subpopulation_1"
"NGS_Nanog_WT_Rep2","Read_800",0.476896320944406,"Subpopulation_1"
"NGS_Nanog_WT_Rep2","Read_801",0.466191501477356,"Subpopulation_1"
"NGS_Nanog_WT_Rep2","Read_802",0.468664951886185,"Subpopulation_1"
"NGS_Nanog_WT_Rep2","Read_803",0.452917649262393,"Subpopulation_1"
"NGS_Nanog_WT_Rep2","Read_804",0.44909396746257,"Subpopulation_1"
"NGS_Nanog_WT_Rep2","Read_805",0.451608757894812,"Subpopulation_1"
"NGS_Nanog_WT_Rep2","Read_806",0.454752041590554,"Subpopulation_1"
"NGS_Nanog_WT_Rep2","Read_807",0.458764866774952,"Subpopulation_1"
"NGS_Nanog_WT_Rep2","Read_808",0.458596378545234,"Subpopulation_1"
"NGS_Nanog_WT_Rep2","Read_809",0.44808262928565,"Subpopulation_1"
"NGS_Nanog_WT_Rep2","Read_810",0.452306244685143,"Subpopulation_1"
"NGS_Nanog_WT_Rep2","Read_811",0.466053802316652,"Subpopulation_1"
"NGS_Nanog_WT_Rep2","Read_812",0.465570498333394,"Subpopulation_1"
"NGS_Nanog_WT_Rep2","Read_813",0.466390457762104,"Subpopulation_1"
"NGS_Nanog_WT_Rep2","Read_814",0.461846118494457,"Subpopulation_1"
"NGS_Nanog_WT_Rep2","Read_815",0.457860644798813,"Subpopulation_1"
"NGS_Nanog_WT_Rep2","Read_816",0.461803450267302,"Subpopulation_1"
"NGS_Nanog_WT_Rep2","Read_817",0.459608753204938,"Subpopulation_1"
"NGS_Nanog_WT_Rep2","Read_818",0.453165876727647,"Subpopulation_1"
"NGS_Nanog_WT_Rep2","Read_819",0.452437657088108,"Subpopulation_1"
"NGS_Nanog_WT_Rep2","Read_820",0.452677385478086,"Subpopulation_1"
"NGS_Nanog_WT_Rep2","Read_821",0.460932998820542,"Subpopulation_1"
"NGS_Nanog_WT_Rep2","Read_822",0.449041772344951,"Subpopulation_1"
"NGS_Nanog_WT_Rep2","Read_823",0.462364939351098,"Subpopulation_1"
"NGS_Nanog_WT_Rep2","Read_824",0.456567938600391,"Subpopulation_1"
"NGS_Nanog_WT_Rep2","Read_825",0.457678386858529,"Subpopulation_1"
"NGS_Nanog_WT_Rep2","Read_826",0.459265566871589,"Subpopulation_1"
"NGS_Nanog_WT_Rep2","Read_827",0.46030214424265,"Subpopulation_1"
"NGS_Nanog_WT_Rep2","Read_828",0.46351064530415,"Subpopulation_1"
"NGS_Nanog_WT_Rep2","Read_829",0.457931439074042,"Subpopulation_1"
"NGS_Nanog_WT_Rep2","Read_830",0.454769834340172,"Subpopulation_1"
"NGS_Nanog_WT_Rep2","Read_831",0.451751104703488,"Subpopulation_1"
"NGS_Nanog_WT_Rep2","Read_832",0.460565362047729,"Subpopulation_1"
"NGS_Nanog_WT_Rep2","Read_833",0.452078799893156,"Subpopulation_1"
"NGS_Nanog_WT_Rep2","Read_834",0.468271779556838,"Subpopulation_1"
"NGS_Nanog_WT_Rep2","Read_835",0.464774961440505,"Subpopulation_1"
"NGS_Nanog_WT_Rep2","Read_836",0.457301083930542,"Subpopulation_1"
"NGS_Nanog_WT_Rep2","Read_837",0.469660213150032,"Subpopulation_1"
"NGS_Nanog_WT_Rep2","Read_838",0.464103515018869,"Subpopulation_1"
"NGS_Nanog_WT_Rep2","Read_839",0.459901849495481,"Subpopulation_1"
"NGS_Nanog_WT_Rep2","Read_840",0.447768247175566,"Subpopulation_1"
"NGS_Nanog_WT_Rep2","Read_841",0.4490627960557,"Subpopulation_1"
"NGS_Nanog_WT_Rep2","Read_842",0.464359023817692,"Subpopulation_1"
"NGS_Nanog_WT_Rep2","Read_843",0.451586042913966,"Subpopulation_1"
"NGS_Nanog_WT_Rep2","Read_844",0.451294710500155,"Subpopulation_1"
"NGS_Nanog_WT_Rep2","Read_845",0.452533261043824,"Subpopulation_1"
"NGS_Nanog_WT_Rep2","Read_846",0.460458146516014,"Subpopulation_1"
"NGS_Nanog_WT_Rep2","Read_847",0.449874261993225,"Subpopulation_1"
"NGS_Nanog_WT_Rep2","Read_848",0.458585950084457,"Subpopulation_1"
"NGS_Nanog_WT_Rep2","Read_849",0.454681206281298,"Subpopulation_1"
"NGS_Nanog_WT_Rep2","Read_850",0.454080920377423,"Subpopulation_1"
"NGS_Nanog_WT_Rep2","Read_851",0.456210823637537,"Subpopulation_1"
"NGS_Nanog_WT_Rep2","Read_852",0.456177753255397,"Subpopulation_1"
"NGS_Nanog_WT_Rep2","Read_853",0.454925501541064,"Subpopulation_1"
"NGS_Nanog_WT_Rep2","Read_854",0.455667875983155,"Subpopulation_1"
"NGS_Nanog_WT_Rep2","Read_855",0.453096460759163,"Subpopulation_1"
"NGS_Nanog_WT_Rep2","Read_856",0.454746144703528,"Subpopulation_1"
"NGS_Nanog_WT_Rep2","Read_857",0.46915544792575,"Subpopulation_1"
"NGS_Nanog_WT_Rep2","Read_858",0.457979903391447,"Subpopulation_1"
"NGS_Nanog_WT_Rep2","Read_859",0.464107220998825,"Subpopulation_1"
"NGS_Nanog_WT_Rep2","Read_860",0.469835450715451,"Subpopulation_1"
"NGS_Nanog_WT_Rep2","Read_861",0.461964794437886,"Subpopulation_1"
"NGS_Nanog_WT_Rep2","Read_862",0.45247955004907,"Subpopulation_1"
"NGS_Nanog_WT_Rep2","Read_863",0.459544402240696,"Subpopulation_1"
"NGS_Nanog_WT_Rep2","Read_864",0.458101730230116,"Subpopulation_1"
"NGS_Nanog_WT_Rep2","Read_865",0.462269074002901,"Subpopulation_1"
"NGS_Nanog_WT_Rep2","Read_866",0.462773585414904,"Subpopulation_1"
"NGS_Nanog_WT_Rep2","Read_867",0.455219909694944,"Subpopulation_1"
"NGS_Nanog_WT_Rep2","Read_868",0.456664330199906,"Subpopulation_1"
"NGS_Nanog_WT_Rep2","Read_869",0.459056507395772,"Subpopulation_1"
"NGS_Nanog_WT_Rep2","Read_870",0.460449638257244,"Subpopulation_1"
"NGS_Nanog_WT_Rep2","Read_871",0.459431976347117,"Subpopulation_1"
"NGS_Nanog_WT_Rep2","Read_872",0.464883054468908,"Subpopulation_1"
"NGS_Nanog_WT_Rep2","Read_873",0.452503452985031,"Subpopulation_1"
"NGS_Nanog_WT_Rep2","Read_874",0.455141503853999,"Subpopulation_1"
"NGS_Nanog_WT_Rep2","Read_875",0.460651077043853,"Subpopulation_1"
"NGS_Nanog_WT_Rep2","Read_876",0.458033795945038,"Subpopulation_1"
"NGS_Nanog_WT_Rep2","Read_877",0.453603373572784,"Subpopulation_1"
"NGS_Nanog_WT_Rep2","Read_878",0.453069262475232,"Subpopulation_1"
"NGS_Nanog_WT_Rep2","Read_879",0.455698421027265,"Subpopulation_1"
"NGS_Nanog_WT_Rep2","Read_880",0.46014588526848,"Subpopulation_1"
"NGS_Nanog_WT_Rep2","Read_881",0.461153924511301,"Subpopulation_1"
"NGS_Nanog_WT_Rep2","Read_882",0.447953811354036,"Subpopulation_1"
"NGS_Nanog_WT_Rep2","Read_883",0.458274748261553,"Subpopulation_1"
"NGS_Nanog_WT_Rep2","Read_884",0.456740994426326,"Subpopulation_1"
"NGS_Nanog_WT_Rep2","Read_885",0.452454358372531,"Subpopulation_1"
"NGS_Nanog_WT_Rep2","Read_886",0.460515877587245,"Subpopulation_1"
"NGS_Nanog_WT_Rep2","Read_887",0.449678566095769,"Subpopulation_1"
"NGS_Nanog_WT_Rep2","Read_888",0.468407096869278,"Subpopulation_1"
"NGS_Nanog_WT_Rep2","Read_889",0.464575904530941,"Subpopulation_1"
"NGS_Nanog_WT_Rep2","Read_890",0.462888637745295,"Subpopulation_1"
"NGS_Nanog_WT_Rep2","Read_891",0.453422201784456,"Subpopulation_1"
"NGS_Nanog_WT_Rep2","Read_892",0.459484513022922,"Subpopulation_1"
"NGS_Nanog_WT_Rep2","Read_893",0.450102113080065,"Subpopulation_1"
"NGS_Nanog_WT_Rep2","Read_894",0.469482806876376,"Subpopulation_1"
"NGS_Nanog_WT_Rep2","Read_895",0.457078673890178,"Subpopulation_1"
"NGS_Nanog_WT_Rep2","Read_896",0.461098731838788,"Subpopulation_1"
"NGS_Nanog_WT_Rep2","Read_897",0.460941274954042,"Subpopulation_1"
"NGS_Nanog_WT_Rep2","Read_898",0.457400150899225,"Subpopulation_1"
"NGS_Nanog_WT_Rep2","Read_899",0.440001462944403,"Subpopulation_1"
"NGS_Nanog_WT_Rep2","Read_900",0.457845660822508,"Subpopulation_1"
"NGS_Nanog_WT_Rep2","Read_901",0.447744138111986,"Subpopulation_1"
"NGS_Nanog_WT_Rep2","Read_902",0.45257780482462,"Subpopulation_1"
"NGS_Nanog_WT_Rep2","Read_903",0.447228524953598,"Subpopulation_1"
"NGS_Nanog_WT_Rep2","Read_904",0.464798780046745,"Subpopulation_1"
"NGS_Nanog_WT_Rep2","Read_905",0.453905255335151,"Subpopulation_1"
"NGS_Nanog_WT_Rep2","Read_906",0.450593486886639,"Subpopulation_1"
"NGS_Nanog_WT_Rep2","Read_907",0.455848465778203,"Subpopulation_1"
"NGS_Nanog_WT_Rep2","Read_908",0.457273686742697,"Subpopulation_1"
"NGS_Nanog_WT_Rep2","Read_909",0.448957117645692,"Subpopulation_1"
"NGS_Nanog_WT_Rep2","Read_910",0.45718527903812,"Subpopulation_1"
"NGS_Nanog_WT_Rep2","Read_911",0.454020108892944,"Subpopulation_1"
"NGS_Nanog_WT_Rep2","Read_912",0.461320070247498,"Subpopulation_1"
"NGS_Nanog_WT_Rep2","Read_913",0.454424331586436,"Subpopulation_1"
"NGS_Nanog_WT_Rep2","Read_914",0.464093426447117,"Subpopulation_1"
"NGS_Nanog_WT_Rep2","Read_915",0.463732468051595,"Subpopulation_1"
"NGS_Nanog_WT_Rep2","Read_916",0.447177568429366,"Subpopulation_1"
"NGS_Nanog_WT_Rep2","Read_917",0.458612026147121,"Subpopulation_1"
"NGS_Nanog_WT_Rep2","Read_918",0.453280243797515,"Subpopulation_1"
"NGS_Nanog_WT_Rep2","Read_919",0.44962320535814,"Subpopulation_1"
"NGS_Nanog_WT_Rep2","Read_920",0.452234116834715,"Subpopulation_1"
"NGS_Nanog_WT_Rep2","Read_921",0.455339259845708,"Subpopulation_1"
"NGS_Nanog_WT_Rep2","Read_922",0.450808650741596,"Subpopulation_1"
"NGS_Nanog_WT_Rep2","Read_923",0.466238323422988,"Subpopulation_1"
"NGS_Nanog_WT_Rep2","Read_924",0.468011752333633,"Subpopulation_1"
"NGS_Nanog_WT_Rep2","Read_925",0.45122180525869,"Subpopulation_1"
"NGS_Nanog_WT_Rep2","Read_926",0.457022356256397,"Subpopulation_1"
"NGS_Nanog_WT_Rep2","Read_927",0.454837213248037,"Subpopulation_1"
"NGS_Nanog_WT_Rep2","Read_928",0.457768694494499,"Subpopulation_1"
"NGS_Nanog_WT_Rep2","Read_929",0.454870691562831,"Subpopulation_1"
"NGS_Nanog_WT_Rep2","Read_930",0.461361191352614,"Subpopulation_1"
"NGS_Nanog_WT_Rep2","Read_931",0.451561528998628,"Subpopulation_1"
"NGS_Nanog_WT_Rep2","Read_932",0.454582794257509,"Subpopulation_1"
"NGS_Nanog_WT_Rep2","Read_933",0.476535711592468,"Subpopulation_1"
"NGS_Nanog_WT_Rep2","Read_934",0.45800608593909,"Subpopulation_1"
"NGS_Nanog_WT_Rep2","Read_935",0.457840588780419,"Subpopulation_1"
"NGS_Nanog_WT_Rep2","Read_936",0.452620781484254,"Subpopulation_1"
"NGS_Nanog_WT_Rep2","Read_937",0.455468693512008,"Subpopulation_1"
"NGS_Nanog_WT_Rep2","Read_938",0.456257905147687,"Subpopulation_1"
"NGS_Nanog_WT_Rep2","Read_939",0.44805539567103,"Subpopulation_1"
"NGS_Nanog_WT_Rep2","Read_940",0.455715054002166,"Subpopulation_1"
"NGS_Nanog_WT_Rep2","Read_941",0.45636975695267,"Subpopulation_1"
"NGS_Nanog_WT_Rep2","Read_942",0.461378437559331,"Subpopulation_1"
"NGS_Nanog_WT_Rep2","Read_943",0.453226370676166,"Subpopulation_1"
"NGS_Nanog_WT_Rep2","Read_944",0.461691100256424,"Subpopulation_1"
"NGS_Nanog_WT_Rep2","Read_945",0.459054334116406,"Subpopulation_1"
"NGS_Nanog_WT_Rep2","Read_946",0.450958462095163,"Subpopulation_1"
"NGS_Nanog_WT_Rep2","Read_947",0.46689859110889,"Subpopulation_1"
"NGS_Nanog_WT_Rep2","Read_948",0.47166904062105,"Subpopulation_1"
"NGS_Nanog_WT_Rep2","Read_949",0.453500242578108,"Subpopulation_1"
"NGS_Nanog_WT_Rep2","Read_950",0.457771110441362,"Subpopulation_1"
"NGS_Nanog_WT_Rep2","Read_951",0.44517059674842,"Subpopulation_1"
"NGS_Nanog_WT_Rep2","Read_952",0.445446143926807,"Subpopulation_1"
"NGS_Nanog_WT_Rep2","Read_953",0.463243896202708,"Subpopulation_1"
"NGS_Nanog_WT_Rep2","Read_954",0.453095035121301,"Subpopulation_1"
"NGS_Nanog_WT_Rep2","Read_955",0.46470721682105,"Subpopulation_1"
"NGS_Nanog_WT_Rep2","Read_956",0.460308700264142,"Subpopulation_1"
"NGS_Nanog_WT_Rep2","Read_957",0.455514448902441,"Subpopulation_1"
"NGS_Nanog_WT_Rep2","Read_958",0.459467847903825,"Subpopulation_1"
"NGS_Nanog_WT_Rep2","Read_959",0.454947460687887,"Subpopulation_1"
"NGS_Nanog_WT_Rep2","Read_960",0.452731706462003,"Subpopulation_1"
"NGS_Nanog_WT_Rep2","Read_961",0.450756070467974,"Subpopulation_1"
"NGS_Nanog_WT_Rep2","Read_962",0.454670027317236,"Subpopulation_1"
"NGS_Nanog_WT_Rep2","Read_963",0.456558859160449,"Subpopulation_1"
"NGS_Nanog_WT_Rep2","Read_964",0.453161262593004,"Subpopulation_1"
"NGS_Nanog_WT_Rep2","Read_965",0.458011790108916,"Subpopulation_1"
"NGS_Nanog_WT_Rep2","Read_966",0.460008787837832,"Subpopulation_1"
"NGS_Nanog_WT_Rep2","Read_967",0.455368166119994,"Subpopulation_1"
"NGS_Nanog_WT_Rep2","Read_968",0.445193728311679,"Subpopulation_1"
"NGS_Nanog_WT_Rep2","Read_969",0.44700756539315,"Subpopulation_1"
"NGS_Nanog_WT_Rep2","Read_970",0.460184641692612,"Subpopulation_1"
"NGS_Nanog_WT_Rep2","Read_971",0.456326021358317,"Subpopulation_1"
"NGS_Nanog_WT_Rep2","Read_972",0.444165887698463,"Subpopulation_1"
"NGS_Nanog_WT_Rep2","Read_973",0.454944085732754,"Subpopulation_1"
"NGS_Nanog_WT_Rep2","Read_974",0.451456206640546,"Subpopulation_1"
"NGS_Nanog_WT_Rep2","Read_975",0.448895372674862,"Subpopulation_1"
"NGS_Nanog_WT_Rep2","Read_976",0.455528148538829,"Subpopulation_1"
"NGS_Nanog_WT_Rep2","Read_977",0.462500565340668,"Subpopulation_1"
"NGS_Nanog_WT_Rep2","Read_978",0.459512310362833,"Subpopulation_1"
"NGS_Nanog_WT_Rep2","Read_979",0.45805875420933,"Subpopulation_1"
"NGS_Nanog_WT_Rep2","Read_980",0.450351136432501,"Subpopulation_1"
"NGS_Nanog_WT_Rep2","Read_981",0.45219864370441,"Subpopulation_1"
"NGS_Nanog_WT_Rep2","Read_982",0.448784521068445,"Subpopulation_1"
"NGS_Nanog_WT_Rep2","Read_983",0.455144177374131,"Subpopulation_1"
"NGS_Nanog_WT_Rep2","Read_984",0.45470134504953,"Subpopulation_1"
"NGS_Nanog_WT_Rep2","Read_985",0.458920527031658,"Subpopulation_1"
"NGS_Nanog_WT_Rep2","Read_986",0.453152628002532,"Subpopulation_1"
"NGS_Nanog_WT_Rep2","Read_987",0.454348380500041,"Subpopulation_1"
"NGS_Nanog_WT_Rep2","Read_988",0.450829254055122,"Subpopulation_1"
"NGS_Nanog_WT_Rep2","Read_989",0.461762038757524,"Subpopulation_1"
"NGS_Nanog_WT_Rep2","Read_990",0.467850164993998,"Subpopulation_1"
"NGS_Nanog_WT_Rep2","Read_991",0.451837338876376,"Subpopulation_1"
"NGS_Nanog_WT_Rep2","Read_992",0.447747424465489,"Subpopulation_1"
"NGS_Nanog_WT_Rep2","Read_993",0.450848838280283,"Subpopulation_1"
"NGS_Nanog_WT_Rep2","Read_994",0.454445155676471,"Subpopulation_1"
"NGS_Nanog_WT_Rep2","Read_995",0.455951149950957,"Subpopulation_1"
"NGS_Nanog_WT_Rep2","Read_996",0.455875085705709,"Subpopulation_1"
"NGS_Nanog_WT_Rep2","Read_997",0.455608721104578,"Subpopulation_1"
"NGS_Nanog_WT_Rep2","Read_998",0.453961581906145,"Subpopulation_1"
"NGS_Nanog_WT_Rep2","Read_999",0.458667648564161,"Subpopulation_1"
"NGS_Nanog_WT_Rep2","Read_1000",0.461933685913685,"Subpopulation_1"
"NGS_Nanog_WT_Rep2","Read_1001",0.464472623447598,"Subpopulation_1"
"NGS_Nanog_WT_Rep2","Read_1002",0.460555272527448,"Subpopulation_1"
"NGS_Nanog_WT_Rep2","Read_1003",0.461304547367125,"Subpopulation_1"
"NGS_Nanog_WT_Rep2","Read_1004",0.459081030844078,"Subpopulation_1"
"NGS_Nanog_WT_Rep2","Read_1005",0.458460663112831,"Subpopulation_1"
"NGS_Nanog_WT_Rep2","Read_1006",0.451250504230991,"Subpopulation_1"
"NGS_Nanog_WT_Rep2","Read_1007",0.467257239371645,"Subpopulation_1"
"NGS_Nanog_WT_Rep2","Read_1008",0.455981971022647,"Subpopulation_1"
"NGS_Nanog_WT_Rep2","Read_1009",0.445491361056591,"Subpopulation_1"
"NGS_Nanog_WT_Rep2","Read_1010",0.454713609479429,"Subpopulation_1"
"NGS_Nanog_WT_Rep2","Read_1011",0.459127384920105,"Subpopulation_1"
"NGS_Nanog_WT_Rep2","Read_1012",0.458530934980695,"Subpopulation_1"
"NGS_Nanog_WT_Rep2","Read_1013",0.45974426137625,"Subpopulation_1"
"NGS_Nanog_WT_Rep2","Read_1014",0.460787923510813,"Subpopulation_1"
"NGS_Nanog_WT_Rep2","Read_1015",0.455718341934079,"Subpopulation_1"
"NGS_Nanog_WT_Rep2","Read_1016",0.451421489285101,"Subpopulation_1"
"NGS_Nanog_WT_Rep2","Read_1017",0.456698327271192,"Subpopulation_1"
"NGS_Nanog_WT_Rep2","Read_1018",0.451856721230845,"Subpopulation_1"
"NGS_Nanog_WT_Rep2","Read_1019",0.449797178862983,"Subpopulation_1"
"NGS_Nanog_WT_Rep2","Read_1020",0.461596424010585,"Subpopulation_1"
"NGS_Nanog_WT_Rep2","Read_1021",0.469491557991701,"Subpopulation_1"
"NGS_Nanog_WT_Rep2","Read_1022",0.457989604812393,"Subpopulation_1"
"NGS_Nanog_WT_Rep2","Read_1023",0.459840142972418,"Subpopulation_1"
"NGS_Nanog_WT_Rep2","Read_1024",0.451068500070982,"Subpopulation_1"
"NGS_Nanog_WT_Rep2","Read_1025",0.451139473922679,"Subpopulation_1"
"NGS_Nanog_WT_Rep2","Read_1026",0.461373482942848,"Subpopulation_1"
"NGS_Nanog_WT_Rep2","Read_1027",0.459842228169687,"Subpopulation_1"
"NGS_Nanog_WT_Rep2","Read_1028",0.446483971960486,"Subpopulation_1"
"NGS_Nanog_WT_Rep2","Read_1029",0.460013787148394,"Subpopulation_1"
"NGS_Nanog_WT_Rep2","Read_1030",0.468750885677666,"Subpopulation_1"
"NGS_Nanog_WT_Rep2","Read_1031",0.462810187680207,"Subpopulation_1"
"NGS_Nanog_WT_Rep2","Read_1032",0.457698142445441,"Subpopulation_1"
"NGS_Nanog_WT_Rep2","Read_1033",0.452062146777929,"Subpopulation_1"
"NGS_Nanog_WT_Rep2","Read_1034",0.457910702880921,"Subpopulation_1"
"NGS_Nanog_WT_Rep2","Read_1035",0.462230563081002,"Subpopulation_1"
"NGS_Nanog_WT_Rep2","Read_1036",0.454575497907911,"Subpopulation_1"
"NGS_Nanog_WT_Rep2","Read_1037",0.454910481760439,"Subpopulation_1"
"NGS_Nanog_WT_Rep2","Read_1038",0.454484066765436,"Subpopulation_1"
"NGS_Nanog_WT_Rep2","Read_1039",0.451011264477924,"Subpopulation_1"
"NGS_Nanog_WT_Rep2","Read_1040",0.448499474588292,"Subpopulation_1"
"NGS_Nanog_WT_Rep2","Read_1041",0.45408755882494,"Subpopulation_1"
"NGS_Nanog_WT_Rep2","Read_1042",0.463929550716187,"Subpopulation_1"
"NGS_Nanog_WT_Rep2","Read_1043",0.457308466975308,"Subpopulation_1"
"NGS_Nanog_WT_Rep2","Read_1044",0.451283254891244,"Subpopulation_1"
"NGS_Nanog_WT_Rep2","Read_1045",0.458565477619788,"Subpopulation_1"
"NGS_Nanog_WT_Rep2","Read_1046",0.462610250957479,"Subpopulation_1"
"NGS_Nanog_WT_Rep2","Read_1047",0.450887917760807,"Subpopulation_1"
"NGS_Nanog_WT_Rep2","Read_1048",0.463185867451819,"Subpopulation_1"
"NGS_Nanog_WT_Rep2","Read_1049",0.457573143481493,"Subpopulation_1"
"NGS_Nanog_WT_Rep2","Read_1050",0.463974414640621,"Subpopulation_1"
"NGS_Nanog_WT_Rep2","Read_1051",0.46416940147904,"Subpopulation_1"
"NGS_Nanog_WT_Rep2","Read_1052",0.456662865898542,"Subpopulation_1"
"NGS_Nanog_WT_Rep2","Read_1053",0.460768691552133,"Subpopulation_1"
"NGS_Nanog_WT_Rep2","Read_1054",0.45094322536264,"Subpopulation_1"
"NGS_Nanog_WT_Rep2","Read_1055",0.469825958331826,"Subpopulation_1"
"NGS_Nanog_WT_Rep2","Read_1056",0.458542942568717,"Subpopulation_1"
"NGS_Nanog_WT_Rep2","Read_1057",0.455248740700405,"Subpopulation_1"
"NGS_Nanog_WT_Rep2","Read_1058",0.45583316791949,"Subpopulation_1"
"NGS_Nanog_WT_Rep2","Read_1059",0.457434939218479,"Subpopulation_1"
"NGS_Nanog_WT_Rep2","Read_1060",0.460271637469599,"Subpopulation_1"
"NGS_Nanog_WT_Rep2","Read_1061",0.455953192235217,"Subpopulation_1"
"NGS_Nanog_WT_Rep2","Read_1062",0.453328812162697,"Subpopulation_1"
"NGS_Nanog_WT_Rep2","Read_1063",0.458897702147958,"Subpopulation_1"
"NGS_Nanog_WT_Rep2","Read_1064",0.467303658164881,"Subpopulation_1"
"NGS_Nanog_WT_Rep2","Read_1065",0.457529399193355,"Subpopulation_1"
"NGS_Nanog_WT_Rep2","Read_1066",0.453195512993153,"Subpopulation_1"
"NGS_Nanog_WT_Rep2","Read_1067",0.454877620395322,"Subpopulation_1"
"NGS_Nanog_WT_Rep2","Read_1068",0.465561059791636,"Subpopulation_1"
"NGS_Nanog_WT_Rep2","Read_1069",0.450678785751345,"Subpopulation_1"
"NGS_Nanog_WT_Rep2","Read_1070",0.460591894593171,"Subpopulation_1"
"NGS_Nanog_WT_Rep2","Read_1071",0.456196406145914,"Subpopulation_1"
"NGS_Nanog_WT_Rep2","Read_1072",0.459465831474798,"Subpopulation_1"
"NGS_Nanog_WT_Rep2","Read_1073",0.461988062892244,"Subpopulation_1"
"NGS_Nanog_WT_Rep2","Read_1074",0.452194680208667,"Subpopulation_1"
"NGS_Nanog_WT_Rep2","Read_1075",0.458751888432919,"Subpopulation_1"
"NGS_Nanog_WT_Rep2","Read_1076",0.467834497870911,"Subpopulation_1"
"NGS_Nanog_WT_Rep2","Read_1077",0.459893145586996,"Subpopulation_1"
"NGS_Nanog_WT_Rep2","Read_1078",0.460315329977547,"Subpopulation_1"
"NGS_Nanog_WT_Rep2","Read_1079",0.461947729379817,"Subpopulation_1"
"NGS_Nanog_WT_Rep2","Read_1080",0.448196929392484,"Subpopulation_1"
"NGS_Nanog_WT_Rep2","Read_1081",0.451846799708322,"Subpopulation_1"
"NGS_Nanog_WT_Rep2","Read_1082",0.458703022476911,"Subpopulation_1"
"NGS_Nanog_WT_Rep2","Read_1083",0.456423407875787,"Subpopulation_1"
"NGS_Nanog_WT_Rep2","Read_1084",0.458469868189638,"Subpopulation_1"
"NGS_Nanog_WT_Rep2","Read_1085",0.464873751030033,"Subpopulation_1"
"NGS_Nanog_WT_Rep2","Read_1086",0.457214536874808,"Subpopulation_1"
"NGS_Nanog_WT_Rep2","Read_1087",0.455844168884295,"Subpopulation_1"
"NGS_Nanog_WT_Rep2","Read_1088",0.448465685227775,"Subpopulation_1"
"NGS_Nanog_WT_Rep2","Read_1089",0.459601851976416,"Subpopulation_1"
"NGS_Nanog_WT_Rep2","Read_1090",0.459182390111122,"Subpopulation_1"
"NGS_Nanog_WT_Rep2","Read_1091",0.455914791514204,"Subpopulation_1"
"NGS_Nanog_WT_Rep2","Read_1092",0.44614227354196,"Subpopulation_1"
"NGS_Nanog_WT_Rep2","Read_1093",0.455972467221169,"Subpopulation_1"
"NGS_Nanog_WT_Rep2","Read_1094",0.45288081113258,"Subpopulation_1"
"NGS_Nanog_WT_Rep2","Read_1095",0.464065504368045,"Subpopulation_1"
"NGS_Nanog_WT_Rep2","Read_1096",0.452580822690362,"Subpopulation_1"
"NGS_Nanog_WT_Rep2","Read_1097",0.437836783659383,"Subpopulation_1"
"NGS_Nanog_WT_Rep2","Read_1098",0.450991658418456,"Subpopulation_1"
"NGS_Nanog_WT_Rep2","Read_1099",0.45808510302896,"Subpopulation_1"
"NGS_Nanog_WT_Rep2","Read_1100",0.459870604055317,"Subpopulation_1"
"NGS_Nanog_WT_Rep2","Read_1101",0.454072379543315,"Subpopulation_1"
"NGS_Nanog_WT_Rep2","Read_1102",0.474220287384191,"Subpopulation_1"
"NGS_Nanog_WT_Rep2","Read_1103",0.44718349889983,"Subpopulation_1"
"NGS_Nanog_WT_Rep2","Read_1104",0.459637986464903,"Subpopulation_1"
"NGS_Nanog_WT_Rep2","Read_1105",0.453675395357339,"Subpopulation_1"
"NGS_Nanog_WT_Rep2","Read_1106",0.465298025403778,"Subpopulation_1"
"NGS_Nanog_WT_Rep2","Read_1107",0.456223081259132,"Subpopulation_1"
"NGS_Nanog_WT_Rep2","Read_1108",0.442512572847491,"Subpopulation_1"
"NGS_Nanog_WT_Rep2","Read_1109",0.455418140351864,"Subpopulation_1"
"NGS_Nanog_WT_Rep2","Read_1110",0.457702937062131,"Subpopulation_1"
"NGS_Nanog_WT_Rep2","Read_1111",0.459018549872795,"Subpopulation_1"
"NGS_Nanog_WT_Rep2","Read_1112",0.453544313360028,"Subpopulation_1"
"NGS_Nanog_WT_Rep2","Read_1113",0.456434756952463,"Subpopulation_1"
"NGS_Nanog_WT_Rep2","Read_1114",0.455669665622959,"Subpopulation_1"
"NGS_Nanog_WT_Rep2","Read_1115",0.457687026114662,"Subpopulation_1"
"NGS_Nanog_WT_Rep2","Read_1116",0.461107072736123,"Subpopulation_1"
"NGS_Nanog_WT_Rep2","Read_1117",0.460273864746228,"Subpopulation_1"
"NGS_Nanog_WT_Rep2","Read_1118",0.455161857018536,"Subpopulation_1"
"NGS_Nanog_WT_Rep2","Read_1119",0.4589816460592,"Subpopulation_1"
"NGS_Nanog_WT_Rep2","Read_1120",0.455913544587724,"Subpopulation_1"
"NGS_Nanog_WT_Rep2","Read_1121",0.458340373429397,"Subpopulation_1"
"NGS_Nanog_WT_Rep2","Read_1122",0.461213308594779,"Subpopulation_1"
"NGS_Nanog_WT_Rep2","Read_1123",0.461090053292296,"Subpopulation_1"
"NGS_Nanog_WT_Rep2","Read_1124",0.460128800807548,"Subpopulation_1"
"NGS_Nanog_WT_Rep2","Read_1125",0.457055032362276,"Subpopulation_1"
"NGS_Nanog_WT_Rep2","Read_1126",0.451610940678612,"Subpopulation_1"
"NGS_Nanog_WT_Rep2","Read_1127",0.446769542587921,"Subpopulation_1"
"NGS_Nanog_WT_Rep2","Read_1128",0.453820263427688,"Subpopulation_1"
"NGS_Nanog_WT_Rep2","Read_1129",0.443122984750823,"Subpopulation_1"
"NGS_Nanog_WT_Rep2","Read_1130",0.454844685384,"Subpopulation_1"
"NGS_Nanog_WT_Rep2","Read_1131",0.45941664632596,"Subpopulation_1"
"NGS_Nanog_WT_Rep2","Read_1132",0.448787137111819,"Subpopulation_1"
"NGS_Nanog_WT_Rep2","Read_1133",0.449996258222704,"Subpopulation_1"
"NGS_Nanog_WT_Rep2","Read_1134",0.457986176700623,"Subpopulation_1"
"NGS_Nanog_WT_Rep2","Read_1135",0.47014886365136,"Subpopulation_1"
"NGS_Nanog_WT_Rep2","Read_1136",0.453879775084321,"Subpopulation_1"
"NGS_Nanog_WT_Rep2","Read_1137",0.456696443926601,"Subpopulation_1"
"NGS_Nanog_WT_Rep2","Read_1138",0.455772363790148,"Subpopulation_1"
"NGS_Nanog_WT_Rep2","Read_1139",0.462066367187556,"Subpopulation_1"
"NGS_Nanog_WT_Rep2","Read_1140",0.454262498677542,"Subpopulation_1"
"NGS_Nanog_WT_Rep2","Read_1141",0.45673403778297,"Subpopulation_1"
"NGS_Nanog_WT_Rep2","Read_1142",0.455244181559145,"Subpopulation_1"
"NGS_Nanog_WT_Rep2","Read_1143",0.445730093675966,"Subpopulation_1"
"NGS_Nanog_WT_Rep2","Read_1144",0.451998629444841,"Subpopulation_1"
"NGS_Nanog_WT_Rep2","Read_1145",0.444816872839786,"Subpopulation_1"
"NGS_Nanog_WT_Rep2","Read_1146",0.461311463175966,"Subpopulation_1"
"NGS_Nanog_WT_Rep2","Read_1147",0.460994829531229,"Subpopulation_1"
"NGS_Nanog_WT_Rep2","Read_1148",0.457104856330283,"Subpopulation_1"
"NGS_Nanog_WT_Rep2","Read_1149",0.453593447558657,"Subpopulation_1"
"NGS_Nanog_WT_Rep2","Read_1150",0.455947547097856,"Subpopulation_1"
"NGS_Nanog_WT_Rep2","Read_1151",0.453121108207506,"Subpopulation_1"
"NGS_Nanog_WT_Rep2","Read_1152",0.45545558020167,"Subpopulation_1"
"NGS_Nanog_WT_Rep2","Read_1153",0.466005015962558,"Subpopulation_1"
"NGS_Nanog_WT_Rep2","Read_1154",0.44836658115014,"Subpopulation_1"
"NGS_Nanog_WT_Rep2","Read_1155",0.460390689449859,"Subpopulation_1"
"NGS_Nanog_WT_Rep2","Read_1156",0.457987194732165,"Subpopulation_1"
"NGS_Nanog_WT_Rep2","Read_1157",0.463794453395787,"Subpopulation_1"
"NGS_Nanog_WT_Rep2","Read_1158",0.459633297620688,"Subpopulation_1"
"NGS_Nanog_WT_Rep2","Read_1159",0.460437677067791,"Subpopulation_1"
"NGS_Nanog_WT_Rep2","Read_1160",0.456491500644509,"Subpopulation_1"
"NGS_Nanog_WT_Rep2","Read_1161",0.452338470833963,"Subpopulation_1"
"NGS_Nanog_WT_Rep2","Read_1162",0.457511942957456,"Subpopulation_1"
"NGS_Nanog_WT_Rep2","Read_1163",0.464702080887235,"Subpopulation_1"
"NGS_Nanog_WT_Rep2","Read_1164",0.452286062149344,"Subpopulation_1"
"NGS_Nanog_WT_Rep2","Read_1165",0.458424037814736,"Subpopulation_1"
"NGS_Nanog_WT_Rep2","Read_1166",0.461167681448629,"Subpopulation_1"
"NGS_Nanog_WT_Rep2","Read_1167",0.462824334867011,"Subpopulation_1"
"NGS_Nanog_WT_Rep2","Read_1168",0.458530619223007,"Subpopulation_1"
"NGS_Nanog_WT_Rep2","Read_1169",0.462123169029889,"Subpopulation_1"
"NGS_Nanog_WT_Rep2","Read_1170",0.451416915276645,"Subpopulation_1"
"NGS_Nanog_WT_Rep2","Read_1171",0.462810343345913,"Subpopulation_1"
"NGS_Nanog_WT_Rep2","Read_1172",0.45435568492072,"Subpopulation_1"
"NGS_Nanog_WT_Rep2","Read_1173",0.455547950072461,"Subpopulation_1"
"NGS_Nanog_WT_Rep2","Read_1174",0.454176652219651,"Subpopulation_1"
"NGS_Nanog_WT_Rep2","Read_1175",0.459747768532838,"Subpopulation_1"
"NGS_Nanog_WT_Rep2","Read_1176",0.449676742062457,"Subpopulation_1"
"NGS_Nanog_WT_Rep2","Read_1177",0.456763073734179,"Subpopulation_1"
"NGS_Nanog_WT_Rep2","Read_1178",0.446098748755574,"Subpopulation_1"
"NGS_Nanog_WT_Rep2","Read_1179",0.450778231524815,"Subpopulation_1"
"NGS_Nanog_WT_Rep2","Read_1180",0.455306569415381,"Subpopulation_1"
"NGS_Nanog_WT_Rep2","Read_1181",0.460332206944744,"Subpopulation_1"
"NGS_Nanog_WT_Rep2","Read_1182",0.452619906886231,"Subpopulation_1"
"NGS_Nanog_WT_Rep2","Read_1183",0.449311715379135,"Subpopulation_1"
"NGS_Nanog_WT_Rep2","Read_1184",0.454043231596989,"Subpopulation_1"
"NGS_Nanog_WT_Rep2","Read_1185",0.451087539783971,"Subpopulation_1"
"NGS_Nanog_WT_Rep2","Read_1186",0.464462704349186,"Subpopulation_1"
"NGS_Nanog_WT_Rep2","Read_1187",0.450066937700342,"Subpopulation_1"
"NGS_Nanog_WT_Rep2","Read_1188",0.468728065807873,"Subpopulation_1"
"NGS_Nanog_WT_Rep2","Read_1189",0.4621582981388,"Subpopulation_1"
"NGS_Nanog_WT_Rep2","Read_1190",0.465807578635088,"Subpopulation_1"
"NGS_Nanog_WT_Rep2","Read_1191",0.447785139327256,"Subpopulation_1"
"NGS_Nanog_WT_Rep2","Read_1192",0.448334683194138,"Subpopulation_1"
"NGS_Nanog_WT_Rep2","Read_1193",0.450509235601552,"Subpopulation_1"
"NGS_Nanog_WT_Rep2","Read_1194",0.453862209326855,"Subpopulation_1"
"NGS_Nanog_WT_Rep2","Read_1195",0.443603885821367,"Subpopulation_1"
"NGS_Nanog_WT_Rep2","Read_1196",0.456354592969813,"Subpopulation_1"
"NGS_Nanog_WT_Rep2","Read_1197",0.462632725919006,"Subpopulation_1"
"NGS_Nanog_WT_Rep2","Read_1198",0.457390009736885,"Subpopulation_1"
"NGS_Nanog_WT_Rep2","Read_1199",0.458646418124676,"Subpopulation_1"
"NGS_Nanog_WT_Rep2","Read_1200",0.45865018335307,"Subpopulation_1"
"NGS_Nanog_WT_Rep2","Read_1201",0.451125969347903,"Subpopulation_1"
"NGS_Nanog_WT_Rep2","Read_1202",0.44911618042794,"Subpopulation_1"
"NGS_Nanog_WT_Rep2","Read_1203",0.466763974413376,"Subpopulation_1"
"NGS_Nanog_WT_Rep2","Read_1204",0.451980874698185,"Subpopulation_1"
"NGS_Nanog_WT_Rep2","Read_1205",0.452727369111052,"Subpopulation_1"
"NGS_Nanog_WT_Rep2","Read_1206",0.451821981153637,"Subpopulation_1"
"NGS_Nanog_WT_Rep2","Read_1207",0.461627472697199,"Subpopulation_1"
"NGS_Nanog_WT_Rep2","Read_1208",0.452865320244046,"Subpopulation_1"
"NGS_Nanog_WT_Rep2","Read_1209",0.449178155362681,"Subpopulation_1"
"NGS_Nanog_WT_Rep2","Read_1210",0.457350583505929,"Subpopulation_1"
"NGS_Nanog_WT_Rep2","Read_1211",0.446053656111623,"Subpopulation_1"
"NGS_Nanog_WT_Rep2","Read_1212",0.459396719302366,"Subpopulation_1"
"NGS_Nanog_WT_Rep2","Read_1213",0.461064101907041,"Subpopulation_1"
"NGS_Nanog_WT_Rep2","Read_1214",0.463652848257502,"Subpopulation_1"
"NGS_Nanog_WT_Rep2","Read_1215",0.454855250263552,"Subpopulation_1"
"NGS_Nanog_WT_Rep2","Read_1216",0.458812443879776,"Subpopulation_1"
"NGS_Nanog_WT_Rep2","Read_1217",0.458094178585999,"Subpopulation_1"
"NGS_Nanog_WT_Rep2","Read_1218",0.458004331895608,"Subpopulation_1"
"NGS_Nanog_WT_Rep2","Read_1219",0.461875829907872,"Subpopulation_1"
"NGS_Nanog_WT_Rep2","Read_1220",0.453466819500047,"Subpopulation_1"
"NGS_Nanog_WT_Rep2","Read_1221",0.462957543588618,"Subpopulation_1"
"NGS_Nanog_WT_Rep2","Read_1222",0.453553472405634,"Subpopulation_1"
"NGS_Nanog_WT_Rep2","Read_1223",0.460647971252429,"Subpopulation_1"
"NGS_Nanog_WT_Rep2","Read_1224",0.455352760886543,"Subpopulation_1"
"NGS_Nanog_WT_Rep2","Read_1225",0.455398293349006,"Subpopulation_1"
"NGS_Nanog_WT_Rep2","Read_1226",0.453442712603373,"Subpopulation_1"
"NGS_Nanog_WT_Rep2","Read_1227",0.461527811205953,"Subpopulation_1"
"NGS_Nanog_WT_Rep2","Read_1228",0.459164464043741,"Subpopulation_1"
"NGS_Nanog_WT_Rep2","Read_1229",0.442936078733154,"Subpopulation_1"
"NGS_Nanog_WT_Rep2","Read_1230",0.449141100737523,"Subpopulation_1"
"NGS_Nanog_WT_Rep2","Read_1231",0.454411850907621,"Subpopulation_1"
"NGS_Nanog_WT_Rep2","Read_1232",0.449406580847133,"Subpopulation_1"
"NGS_Nanog_WT_Rep2","Read_1233",0.450568957053393,"Subpopulation_1"
"NGS_Nanog_WT_Rep2","Read_1234",0.451987704189258,"Subpopulation_1"
"NGS_Nanog_WT_Rep2","Read_1235",0.46837738620528,"Subpopulation_1"
"NGS_Nanog_WT_Rep2","Read_1236",0.450961866680042,"Subpopulation_1"
"NGS_Nanog_WT_Rep2","Read_1237",0.462680231236563,"Subpopulation_1"
"NGS_Nanog_WT_Rep2","Read_1238",0.451425860420639,"Subpopulation_1"
"NGS_Nanog_WT_Rep2","Read_1239",0.45708283544634,"Subpopulation_1"
"NGS_Nanog_WT_Rep2","Read_1240",0.447102341968039,"Subpopulation_1"
"NGS_Nanog_WT_Rep2","Read_1241",0.462204622514544,"Subpopulation_1"
"NGS_Nanog_WT_Rep2","Read_1242",0.455989611283727,"Subpopulation_1"
"NGS_Nanog_WT_Rep2","Read_1243",0.454840959850133,"Subpopulation_1"
"NGS_Nanog_WT_Rep2","Read_1244",0.458747769491215,"Subpopulation_1"
"NGS_Nanog_WT_Rep2","Read_1245",0.452587150761035,"Subpopulation_1"
"NGS_Nanog_WT_Rep2","Read_1246",0.469073393817965,"Subpopulation_1"
"NGS_Nanog_WT_Rep2","Read_1247",0.462886709568703,"Subpopulation_1"
"NGS_Nanog_WT_Rep2","Read_1248",0.450554172637263,"Subpopulation_1"
"NGS_Nanog_WT_Rep2","Read_1249",0.442329917507427,"Subpopulation_1"
"NGS_Nanog_WT_Rep2","Read_1250",0.454727149593975,"Subpopulation_1"
"NGS_Nanog_WT_Rep2","Read_1251",0.4600928661612,"Subpopulation_1"
"NGS_Nanog_WT_Rep2","Read_1252",0.458032232542832,"Subpopulation_1"
"NGS_Nanog_WT_Rep2","Read_1253",0.463283258886824,"Subpopulation_1"
"NGS_Nanog_WT_Rep2","Read_1254",0.461711487323563,"Subpopulation_1"
"NGS_Nanog_WT_Rep2","Read_1255",0.457237080877999,"Subpopulation_1"
"NGS_Nanog_WT_Rep2","Read_1256",0.458368817298353,"Subpopulation_1"
"NGS_Nanog_WT_Rep2","Read_1257",0.456285391156143,"Subpopulation_1"
"NGS_Nanog_WT_Rep2","Read_1258",0.454527708008414,"Subpopulation_1"
"NGS_Nanog_WT_Rep2","Read_1259",0.458496799889937,"Subpopulation_1"
"NGS_Nanog_WT_Rep2","Read_1260",0.466199411259367,"Subpopulation_1"
"NGS_Nanog_WT_Rep2","Read_1261",0.454062243680957,"Subpopulation_1"
"NGS_Nanog_WT_Rep2","Read_1262",0.458605658137775,"Subpopulation_1"
"NGS_Nanog_WT_Rep2","Read_1263",0.448005695872972,"Subpopulation_1"
"NGS_Nanog_WT_Rep2","Read_1264",0.455477647717837,"Subpopulation_1"
"NGS_Nanog_WT_Rep2","Read_1265",0.450343724090316,"Subpopulation_1"
"NGS_Nanog_WT_Rep2","Read_1266",0.456773542568312,"Subpopulation_1"
"NGS_Nanog_WT_Rep2","Read_1267",0.457515873467545,"Subpopulation_1"
"NGS_Nanog_WT_Rep2","Read_1268",0.453480879859697,"Subpopulation_1"
"NGS_Nanog_WT_Rep2","Read_1269",0.455384898491706,"Subpopulation_1"
"NGS_Nanog_WT_Rep2","Read_1270",0.45102275653391,"Subpopulation_1"
"NGS_Nanog_WT_Rep2","Read_1271",0.456929472555657,"Subpopulation_1"
"NGS_Nanog_WT_Rep2","Read_1272",0.45137597344127,"Subpopulation_1"
"NGS_Nanog_WT_Rep2","Read_1273",0.450069991861823,"Subpopulation_1"
"NGS_Nanog_WT_Rep2","Read_1274",0.460496781819822,"Subpopulation_1"
"NGS_Nanog_WT_Rep2","Read_1275",0.455851893584739,"Subpopulation_1"
"NGS_Nanog_WT_Rep2","Read_1276",0.455253144066586,"Subpopulation_1"
"NGS_Nanog_WT_Rep2","Read_1277",0.458516686737473,"Subpopulation_1"
"NGS_Nanog_WT_Rep2","Read_1278",0.460491703195083,"Subpopulation_1"
"NGS_Nanog_WT_Rep2","Read_1279",0.456113939259164,"Subpopulation_1"
"NGS_Nanog_WT_Rep2","Read_1280",0.447429590500611,"Subpopulation_1"
"NGS_Nanog_WT_Rep2","Read_1281",0.460074078959597,"Subpopulation_1"
"NGS_Nanog_WT_Rep2","Read_1282",0.45551198729633,"Subpopulation_1"
"NGS_Nanog_WT_Rep2","Read_1283",0.463536189564614,"Subpopulation_1"
"NGS_Nanog_WT_Rep2","Read_1284",0.451671416112734,"Subpopulation_1"
"NGS_Nanog_WT_Rep2","Read_1285",0.447988098066433,"Subpopulation_1"
"NGS_Nanog_WT_Rep2","Read_1286",0.464718328761942,"Subpopulation_1"
"NGS_Nanog_WT_Rep2","Read_1287",0.454984324757717,"Subpopulation_1"
"NGS_Nanog_WT_Rep2","Read_1288",0.453800983353857,"Subpopulation_1"
"NGS_Nanog_WT_Rep2","Read_1289",0.464510507696933,"Subpopulation_1"
"NGS_Nanog_WT_Rep2","Read_1290",0.455295102626819,"Subpopulation_1"
"NGS_Nanog_WT_Rep2","Read_1291",0.45510571401679,"Subpopulation_1"
"NGS_Nanog_WT_Rep2","Read_1292",0.437797609333299,"Subpopulation_1"
"NGS_Nanog_WT_Rep2","Read_1293",0.459431598282132,"Subpopulation_1"
"NGS_Nanog_WT_Rep2","Read_1294",0.452441484994847,"Subpopulation_1"
"NGS_Nanog_WT_Rep2","Read_1295",0.455904845142723,"Subpopulation_1"
"NGS_Nanog_WT_Rep2","Read_1296",0.463487538879174,"Subpopulation_1"
"NGS_Nanog_WT_Rep2","Read_1297",0.45108183210692,"Subpopulation_1"
"NGS_Nanog_WT_Rep2","Read_1298",0.451271498511672,"Subpopulation_1"
"NGS_Nanog_WT_Rep2","Read_1299",0.452264143709281,"Subpopulation_1"
"NGS_Nanog_WT_Rep2","Read_1300",0.453660008115891,"Subpopulation_1"
"NGS_Nanog_WT_Rep2","Read_1301",0.445964695148078,"Subpopulation_1"
"NGS_Nanog_WT_Rep2","Read_1302",0.454312242991841,"Subpopulation_1"
"NGS_Nanog_WT_Rep2","Read_1303",0.460915796016413,"Subpopulation_1"
"NGS_Nanog_WT_Rep2","Read_1304",0.459324329898596,"Subpopulation_1"
"NGS_Nanog_WT_Rep2","Read_1305",0.463115832854326,"Subpopulation_1"
"NGS_Nanog_WT_Rep2","Read_1306",0.470419406213749,"Subpopulation_1"
"NGS_Nanog_WT_Rep2","Read_1307",0.449050291657499,"Subpopulation_1"
"NGS_Nanog_WT_Rep2","Read_1308",0.449392805354153,"Subpopulation_1"
"NGS_Nanog_WT_Rep2","Read_1309",0.4577946670401,"Subpopulation_1"
"NGS_Nanog_WT_Rep2","Read_1310",0.455613619174689,"Subpopulation_1"
"NGS_Nanog_WT_Rep2","Read_1311",0.462042306233201,"Subpopulation_1"
"NGS_Nanog_WT_Rep2","Read_1312",0.46160173965194,"Subpopulation_1"
"NGS_Nanog_WT_Rep2","Read_1313",0.464277568379293,"Subpopulation_1"
"NGS_Nanog_WT_Rep2","Read_1314",0.454681405699976,"Subpopulation_1"
"NGS_Nanog_WT_Rep2","Read_1315",0.458388522659894,"Subpopulation_1"
"NGS_Nanog_WT_Rep2","Read_1316",0.448915989902549,"Subpopulation_1"
"NGS_Nanog_WT_Rep2","Read_1317",0.452660945962544,"Subpopulation_1"
"NGS_Nanog_WT_Rep2","Read_1318",0.46108551807159,"Subpopulation_1"
"NGS_Nanog_WT_Rep2","Read_1319",0.454843897795034,"Subpopulation_1"
"NGS_Nanog_WT_Rep2","Read_1320",0.460481505116687,"Subpopulation_1"
"NGS_Nanog_WT_Rep2","Read_1321",0.461564709002307,"Subpopulation_1"
"NGS_Nanog_WT_Rep2","Read_1322",0.450527278207838,"Subpopulation_1"
"NGS_Nanog_WT_Rep2","Read_1323",0.452933378154172,"Subpopulation_1"
"NGS_Nanog_WT_Rep2","Read_1324",0.446264093462912,"Subpopulation_1"
"NGS_Nanog_WT_Rep2","Read_1325",0.460636669321159,"Subpopulation_1"
"NGS_Nanog_WT_Rep2","Read_1326",0.471670276814151,"Subpopulation_1"
"NGS_Nanog_WT_Rep2","Read_1327",0.470079177429907,"Subpopulation_1"
"NGS_Nanog_WT_Rep2","Read_1328",0.448645751318728,"Subpopulation_1"
"NGS_Nanog_WT_Rep2","Read_1329",0.45454028182749,"Subpopulation_1"
"NGS_Nanog_WT_Rep2","Read_1330",0.449826027332433,"Subpopulation_1"
"NGS_Nanog_WT_Rep2","Read_1331",0.450669551092675,"Subpopulation_1"
"NGS_Nanog_WT_Rep2","Read_1332",0.466784365906938,"Subpopulation_1"
"NGS_Nanog_WT_Rep2","Read_1333",0.455137900762601,"Subpopulation_1"
"NGS_Nanog_WT_Rep2","Read_1334",0.441101104652987,"Subpopulation_1"
"NGS_Nanog_WT_Rep2","Read_1335",0.463689421210749,"Subpopulation_1"
"NGS_Nanog_WT_Rep2","Read_1336",0.434659543629789,"Subpopulation_1"
"NGS_Nanog_WT_Rep2","Read_1337",0.452377762129523,"Subpopulation_1"
"NGS_Nanog_WT_Rep2","Read_1338",0.456655201794019,"Subpopulation_1"
"NGS_Nanog_WT_Rep2","Read_1339",0.462420036279283,"Subpopulation_1"
"NGS_Nanog_WT_Rep2","Read_1340",0.45733981852594,"Subpopulation_1"
"NGS_Nanog_WT_Rep2","Read_1341",0.469545997581347,"Subpopulation_1"
"NGS_Nanog_WT_Rep2","Read_1342",0.458288192979714,"Subpopulation_1"
"NGS_Nanog_WT_Rep2","Read_1343",0.461757045729773,"Subpopulation_1"
"NGS_Nanog_WT_Rep2","Read_1344",0.456669222700684,"Subpopulation_1"
"NGS_Nanog_WT_Rep2","Read_1345",0.45775045467227,"Subpopulation_1"
"NGS_Nanog_WT_Rep2","Read_1346",0.455097685054318,"Subpopulation_1"
"NGS_Nanog_WT_Rep2","Read_1347",0.46285286465437,"Subpopulation_1"
"NGS_Nanog_WT_Rep2","Read_1348",0.445622046195048,"Subpopulation_1"
"NGS_Nanog_WT_Rep2","Read_1349",0.464155890445868,"Subpopulation_1"
"NGS_Nanog_WT_Rep2","Read_1350",0.451790526442797,"Subpopulation_1"
"NGS_Nanog_WT_Rep2","Read_1351",0.448680076700971,"Subpopulation_1"
"NGS_Nanog_WT_Rep2","Read_1352",0.45060458013333,"Subpopulation_1"
"NGS_Nanog_WT_Rep2","Read_1353",0.456896513757964,"Subpopulation_1"
"NGS_Nanog_WT_Rep2","Read_1354",0.452813596872888,"Subpopulation_1"
"NGS_Nanog_WT_Rep2","Read_1355",0.450487940537758,"Subpopulation_1"
"NGS_Nanog_WT_Rep2","Read_1356",0.450359432146643,"Subpopulation_1"
"NGS_Nanog_WT_Rep2","Read_1357",0.466179247082748,"Subpopulation_1"
"NGS_Nanog_WT_Rep2","Read_1358",0.467545577496026,"Subpopulation_1"
"NGS_Nanog_WT_Rep2","Read_1359",0.440463779148793,"Subpopulation_1"
"NGS_Nanog_WT_Rep2","Read_1360",0.46306341419631,"Subpopulation_1"
"NGS_Nanog_WT_Rep2","Read_1361",0.460957763392823,"Subpopulation_1"
"NGS_Nanog_WT_Rep2","Read_1362",0.466448868941799,"Subpopulation_1"
"NGS_Nanog_WT_Rep2","Read_1363",0.452005999001022,"Subpopulation_1"
"NGS_Nanog_WT_Rep2","Read_1364",0.463888300471175,"Subpopulation_1"
"NGS_Nanog_WT_Rep2","Read_1365",0.448502940273008,"Subpopulation_1"
"NGS_Nanog_WT_Rep2","Read_1366",0.459204518080378,"Subpopulation_1"
"NGS_Nanog_WT_Rep2","Read_1367",0.452427805454746,"Subpopulation_1"
"NGS_Nanog_WT_Rep2","Read_1368",0.458413288240991,"Subpopulation_1"
"NGS_Nanog_WT_Rep2","Read_1369",0.454332915611496,"Subpopulation_1"
"NGS_Nanog_WT_Rep2","Read_1370",0.4628303077716,"Subpopulation_1"
"NGS_Nanog_WT_Rep2","Read_1371",0.463741883742277,"Subpopulation_1"
"NGS_Nanog_WT_Rep2","Read_1372",0.447683951242104,"Subpopulation_1"
"NGS_Nanog_WT_Rep2","Read_1373",0.465330650937238,"Subpopulation_1"
"NGS_Nanog_WT_Rep2","Read_1374",0.456623185689169,"Subpopulation_1"
"NGS_Nanog_WT_Rep2","Read_1375",0.450841006359934,"Subpopulation_1"
"NGS_Nanog_WT_Rep2","Read_1376",0.455309514818195,"Subpopulation_1"
"NGS_Nanog_WT_Rep2","Read_1377",0.45739776421902,"Subpopulation_1"
"NGS_Nanog_WT_Rep2","Read_1378",0.454522384155642,"Subpopulation_1"
"NGS_Nanog_WT_Rep2","Read_1379",0.456398118485968,"Subpopulation_1"
"NGS_Nanog_WT_Rep2","Read_1380",0.459827043024722,"Subpopulation_1"
"NGS_Nanog_WT_Rep2","Read_1381",0.454743257803486,"Subpopulation_1"
"NGS_Nanog_WT_Rep2","Read_1382",0.454563202126201,"Subpopulation_1"
"NGS_Nanog_WT_Rep2","Read_1383",0.471772792782447,"Subpopulation_1"
"NGS_Nanog_WT_Rep2","Read_1384",0.458872383842417,"Subpopulation_1"
"NGS_Nanog_WT_Rep2","Read_1385",0.457611856525306,"Subpopulation_1"
"NGS_Nanog_WT_Rep2","Read_1386",0.46300005274904,"Subpopulation_1"
"NGS_Nanog_WT_Rep2","Read_1387",0.456157305084699,"Subpopulation_1"
"NGS_Nanog_WT_Rep2","Read_1388",0.454712608166702,"Subpopulation_1"
"NGS_Nanog_WT_Rep2","Read_1389",0.455732833357552,"Subpopulation_1"
"NGS_Nanog_WT_Rep2","Read_1390",0.457919307070242,"Subpopulation_1"
"NGS_Nanog_WT_Rep2","Read_1391",0.455442121135803,"Subpopulation_1"
"NGS_Nanog_WT_Rep2","Read_1392",0.44925555014422,"Subpopulation_1"
"NGS_Nanog_WT_Rep2","Read_1393",0.457766197553464,"Subpopulation_1"
"NGS_Nanog_WT_Rep2","Read_1394",0.453896517992179,"Subpopulation_1"
"NGS_Nanog_WT_Rep2","Read_1395",0.460653642566066,"Subpopulation_1"
"NGS_Nanog_WT_Rep2","Read_1396",0.45898693172571,"Subpopulation_1"
"NGS_Nanog_WT_Rep2","Read_1397",0.458207885079181,"Subpopulation_1"
"NGS_Nanog_WT_Rep2","Read_1398",0.451688007793427,"Subpopulation_1"
"NGS_Nanog_WT_Rep2","Read_1399",0.45136957983882,"Subpopulation_1"
"NGS_Nanog_WT_Rep2","Read_1400",0.458173931204062,"Subpopulation_1"
"NGS_Nanog_WT_Rep2","Read_1401",0.45519451997768,"Subpopulation_1"
"NGS_Nanog_WT_Rep2","Read_1402",0.450673602556938,"Subpopulation_1"
"NGS_Nanog_WT_Rep2","Read_1403",0.449764346421619,"Subpopulation_1"
"NGS_Nanog_WT_Rep2","Read_1404",0.464168013379816,"Subpopulation_1"
"NGS_Nanog_WT_Rep2","Read_1405",0.456435777545413,"Subpopulation_1"
"NGS_Nanog_WT_Rep2","Read_1406",0.456056434987659,"Subpopulation_1"
"NGS_Nanog_WT_Rep2","Read_1407",0.452565092627967,"Subpopulation_1"
"NGS_Nanog_WT_Rep2","Read_1408",0.452031832354149,"Subpopulation_1"
"NGS_Nanog_WT_Rep2","Read_1409",0.443330418169838,"Subpopulation_1"
"NGS_Nanog_WT_Rep2","Read_1410",0.449423215888852,"Subpopulation_1"
"NGS_Nanog_WT_Rep2","Read_1411",0.456084518601131,"Subpopulation_1"
"NGS_Nanog_WT_Rep2","Read_1412",0.457354578587322,"Subpopulation_1"
"NGS_Nanog_WT_Rep2","Read_1413",0.455409228415308,"Subpopulation_1"
"NGS_Nanog_WT_Rep2","Read_1414",0.459574349720599,"Subpopulation_1"
"NGS_Nanog_WT_Rep2","Read_1415",0.452215621447116,"Subpopulation_1"
"NGS_Nanog_WT_Rep2","Read_1416",0.463403444119899,"Subpopulation_1"
"NGS_Nanog_WT_Rep2","Read_1417",0.448912472481292,"Subpopulation_1"
"NGS_Nanog_WT_Rep2","Read_1418",0.46899870039595,"Subpopulation_1"
"NGS_Nanog_WT_Rep2","Read_1419",0.455921349494892,"Subpopulation_1"
"NGS_Nanog_WT_Rep2","Read_1420",0.454556858993633,"Subpopulation_1"
"NGS_Nanog_WT_Rep2","Read_1421",0.451788660079078,"Subpopulation_1"
"NGS_Nanog_WT_Rep2","Read_1422",0.447429538460559,"Subpopulation_1"
"NGS_Nanog_WT_Rep2","Read_1423",0.464296293901258,"Subpopulation_1"
"NGS_Nanog_WT_Rep2","Read_1424",0.461676369797659,"Subpopulation_1"
"NGS_Nanog_WT_Rep2","Read_1425",0.459345598596573,"Subpopulation_1"
"NGS_Nanog_WT_Rep2","Read_1426",0.46908388132851,"Subpopulation_1"
"NGS_Nanog_WT_Rep2","Read_1427",0.45005070287279,"Subpopulation_1"
"NGS_Nanog_WT_Rep2","Read_1428",0.45586406313785,"Subpopulation_1"
"NGS_Nanog_WT_Rep2","Read_1429",0.454955176378754,"Subpopulation_1"
"NGS_Nanog_WT_Rep2","Read_1430",0.4481528618497,"Subpopulation_1"
"NGS_Nanog_WT_Rep2","Read_1431",0.458820224688165,"Subpopulation_1"
"NGS_Nanog_WT_Rep2","Read_1432",0.46616995925321,"Subpopulation_1"
"NGS_Nanog_WT_Rep2","Read_1433",0.460021677913276,"Subpopulation_1"
"NGS_Nanog_WT_Rep2","Read_1434",0.454350671700233,"Subpopulation_1"
"NGS_Nanog_WT_Rep2","Read_1435",0.458951606768113,"Subpopulation_1"
"NGS_Nanog_WT_Rep2","Read_1436",0.456969540727307,"Subpopulation_1"
"NGS_Nanog_WT_Rep2","Read_1437",0.454125520450242,"Subpopulation_1"
"NGS_Nanog_WT_Rep2","Read_1438",0.460480769041772,"Subpopulation_1"
"NGS_Nanog_WT_Rep2","Read_1439",0.458043677809404,"Subpopulation_1"
"NGS_Nanog_WT_Rep2","Read_1440",0.460605871011331,"Subpopulation_1"
"NGS_Nanog_WT_Rep2","Read_1441",0.460460467156605,"Subpopulation_1"
"NGS_Nanog_WT_Rep2","Read_1442",0.461902234733838,"Subpopulation_1"
"NGS_Nanog_WT_Rep2","Read_1443",0.464071096582664,"Subpopulation_1"
"NGS_Nanog_WT_Rep2","Read_1444",0.46122067509624,"Subpopulation_1"
"NGS_Nanog_WT_Rep2","Read_1445",0.457737209760132,"Subpopulation_1"
"NGS_Nanog_WT_Rep2","Read_1446",0.455545184655986,"Subpopulation_1"
"NGS_Nanog_WT_Rep2","Read_1447",0.451211527840569,"Subpopulation_1"
"NGS_Nanog_WT_Rep2","Read_1448",0.459382092677769,"Subpopulation_1"
"NGS_Nanog_WT_Rep2","Read_1449",0.466108400342075,"Subpopulation_1"
"NGS_Nanog_WT_Rep2","Read_1450",0.454643648945628,"Subpopulation_1"
"NGS_Nanog_WT_Rep2","Read_1451",0.459650700929711,"Subpopulation_1"
"NGS_Nanog_WT_Rep2","Read_1452",0.452811453841858,"Subpopulation_1"
"NGS_Nanog_WT_Rep2","Read_1453",0.450861126261706,"Subpopulation_1"
"NGS_Nanog_WT_Rep2","Read_1454",0.454744078638776,"Subpopulation_1"
"NGS_Nanog_WT_Rep2","Read_1455",0.458596757878292,"Subpopulation_1"
"NGS_Nanog_WT_Rep2","Read_1456",0.452130382484063,"Subpopulation_1"
"NGS_Nanog_WT_Rep2","Read_1457",0.45635486638906,"Subpopulation_1"
"NGS_Nanog_WT_Rep2","Read_1458",0.45503639190676,"Subpopulation_1"
"NGS_Nanog_WT_Rep2","Read_1459",0.461747808978676,"Subpopulation_1"
"NGS_Nanog_WT_Rep2","Read_1460",0.454057748164093,"Subpopulation_1"
"NGS_Nanog_WT_Rep2","Read_1461",0.449763809153603,"Subpopulation_1"
"NGS_Nanog_WT_Rep2","Read_1462",0.459374253569306,"Subpopulation_1"
"NGS_Nanog_WT_Rep2","Read_1463",0.467538623702058,"Subpopulation_1"
"NGS_Nanog_WT_Rep2","Read_1464",0.459093373965548,"Subpopulation_1"
"NGS_Nanog_WT_Rep2","Read_1465",0.460618035167601,"Subpopulation_1"
"NGS_Nanog_WT_Rep2","Read_1466",0.462852436116003,"Subpopulation_1"
"NGS_Nanog_WT_Rep2","Read_1467",0.453143599132339,"Subpopulation_1"
"NGS_Nanog_WT_Rep2","Read_1468",0.460830593790456,"Subpopulation_1"
"NGS_Nanog_WT_Rep2","Read_1469",0.436436167151615,"Subpopulation_1"
"NGS_Nanog_WT_Rep2","Read_1470",0.456551790581061,"Subpopulation_1"
"NGS_Nanog_WT_Rep2","Read_1471",0.450564697756998,"Subpopulation_1"
"NGS_Nanog_WT_Rep2","Read_1472",0.450305675480748,"Subpopulation_1"
"NGS_Nanog_WT_Rep2","Read_1473",0.46054114398578,"Subpopulation_1"
"NGS_Nanog_WT_Rep2","Read_1474",0.455624200738453,"Subpopulation_1"
"NGS_Nanog_WT_Rep2","Read_1475",0.451428655438735,"Subpopulation_1"
"NGS_Nanog_WT_Rep2","Read_1476",0.451520148908458,"Subpopulation_1"
"NGS_Nanog_WT_Rep2","Read_1477",0.462426407316543,"Subpopulation_1"
"NGS_Nanog_WT_Rep2","Read_1478",0.455994215909069,"Subpopulation_1"
"NGS_Nanog_WT_Rep2","Read_1479",0.454621172482216,"Subpopulation_1"
"NGS_Nanog_WT_Rep2","Read_1480",0.452909452988392,"Subpopulation_1"
"NGS_Nanog_WT_Rep2","Read_1481",0.460814005294538,"Subpopulation_1"
"NGS_Nanog_WT_Rep2","Read_1482",0.462425453886299,"Subpopulation_1"
"NGS_Nanog_WT_Rep2","Read_1483",0.456024460718416,"Subpopulation_1"
"NGS_Nanog_WT_Rep2","Read_1484",0.451162648354172,"Subpopulation_1"
"NGS_Nanog_WT_Rep2","Read_1485",0.455195062804225,"Subpopulation_1"
"NGS_Nanog_WT_Rep2","Read_1486",0.463877243495782,"Subpopulation_1"
"NGS_Nanog_WT_Rep2","Read_1487",0.456370074699253,"Subpopulation_1"
"NGS_Nanog_WT_Rep2","Read_1488",0.458510053411257,"Subpopulation_1"
"NGS_Nanog_WT_Rep2","Read_1489",0.455673642439037,"Subpopulation_1"
"NGS_Nanog_WT_Rep2","Read_1490",0.454071873730033,"Subpopulation_1"
"NGS_Nanog_WT_Rep2","Read_1491",0.466235324375377,"Subpopulation_1"
"NGS_Nanog_WT_Rep2","Read_1492",0.465281619615753,"Subpopulation_1"
"NGS_Nanog_WT_Rep2","Read_1493",0.456530049463769,"Subpopulation_1"
"NGS_Nanog_WT_Rep2","Read_1494",0.450706170198679,"Subpopulation_1"
"NGS_Nanog_WT_Rep2","Read_1495",0.461071986691444,"Subpopulation_1"
"NGS_Nanog_WT_Rep2","Read_1496",0.452831754754941,"Subpopulation_1"
"NGS_Nanog_WT_Rep2","Read_1497",0.447596965650317,"Subpopulation_1"
"NGS_Nanog_WT_Rep2","Read_1498",0.449834877225194,"Subpopulation_1"
"NGS_Nanog_WT_Rep2","Read_1499",0.464128040618244,"Subpopulation_1"
"NGS_Nanog_WT_Rep2","Read_1500",0.451769069144981,"Subpopulation_1"
"NGS_Nanog_WT_Rep2","Read_1501",0.447699473676549,"Subpopulation_1"
"NGS_Nanog_WT_Rep2","Read_1502",0.463395882746638,"Subpopulation_1"
"NGS_Nanog_WT_Rep2","Read_1503",0.454121204581907,"Subpopulation_1"
"NGS_Nanog_WT_Rep2","Read_1504",0.461719824981045,"Subpopulation_1"
"NGS_Nanog_WT_Rep2","Read_1505",0.442873753443203,"Subpopulation_1"
"NGS_Nanog_WT_Rep2","Read_1506",0.462416623138369,"Subpopulation_1"
"NGS_Nanog_WT_Rep2","Read_1507",0.452551682578276,"Subpopulation_1"
"NGS_Nanog_WT_Rep2","Read_1508",0.458108492338308,"Subpopulation_1"
"NGS_Nanog_WT_Rep2","Read_1509",0.447168794952699,"Subpopulation_1"
"NGS_Nanog_WT_Rep2","Read_1510",0.459007399137491,"Subpopulation_1"
"NGS_Nanog_WT_Rep2","Read_1511",0.458269551308137,"Subpopulation_1"
"NGS_Nanog_WT_Rep2","Read_1512",0.455408944075607,"Subpopulation_1"
"NGS_Nanog_WT_Rep2","Read_1513",0.463106065967724,"Subpopulation_1"
"NGS_Nanog_WT_Rep2","Read_1514",0.45932290491232,"Subpopulation_1"
"NGS_Nanog_WT_Rep2","Read_1515",0.455375887360326,"Subpopulation_1"
"NGS_Nanog_WT_Rep2","Read_1516",0.464670792563332,"Subpopulation_1"
"NGS_Nanog_WT_Rep2","Read_1517",0.45771036290284,"Subpopulation_1"
"NGS_Nanog_WT_Rep2","Read_1518",0.465094587759663,"Subpopulation_1"
"NGS_Nanog_WT_Rep2","Read_1519",0.458987588835595,"Subpopulation_1"
"NGS_Nanog_WT_Rep2","Read_1520",0.456830020232586,"Subpopulation_1"
"NGS_Nanog_WT_Rep2","Read_1521",0.452197593404393,"Subpopulation_1"
"NGS_Nanog_WT_Rep2","Read_1522",0.461388342015605,"Subpopulation_1"
"NGS_Nanog_WT_Rep2","Read_1523",0.457686220322314,"Subpopulation_1"
"NGS_Nanog_WT_Rep2","Read_1524",0.452924775016583,"Subpopulation_1"
"NGS_Nanog_WT_Rep2","Read_1525",0.453619811100149,"Subpopulation_1"
"NGS_Nanog_WT_Rep2","Read_1526",0.461209816344585,"Subpopulation_1"
"NGS_Nanog_WT_Rep2","Read_1527",0.453504231663099,"Subpopulation_1"
"NGS_Nanog_WT_Rep2","Read_1528",0.458798663507107,"Subpopulation_1"
"NGS_Nanog_WT_Rep2","Read_1529",0.459862327123845,"Subpopulation_1"
"NGS_Nanog_WT_Rep2","Read_1530",0.460367734683061,"Subpopulation_1"
"NGS_Nanog_WT_Rep2","Read_1531",0.456312471234924,"Subpopulation_1"
"NGS_Nanog_WT_Rep2","Read_1532",0.452289751153243,"Subpopulation_1"
"NGS_Nanog_WT_Rep2","Read_1533",0.456027993023556,"Subpopulation_1"
"NGS_Nanog_WT_Rep2","Read_1534",0.4693388432652,"Subpopulation_1"
"NGS_Nanog_WT_Rep2","Read_1535",0.449767643347233,"Subpopulation_1"
"NGS_Nanog_WT_Rep2","Read_1536",0.457393491069478,"Subpopulation_1"
"NGS_Nanog_WT_Rep2","Read_1537",0.461737011505531,"Subpopulation_1"
"NGS_Nanog_WT_Rep2","Read_1538",0.461346805013891,"Subpopulation_1"
"NGS_Nanog_WT_Rep2","Read_1539",0.461065053665933,"Subpopulation_1"
"NGS_Nanog_WT_Rep2","Read_1540",0.438685823381804,"Subpopulation_1"
"NGS_Nanog_WT_Rep2","Read_1541",0.453120864796648,"Subpopulation_1"
"NGS_Nanog_WT_Rep2","Read_1542",0.452483006899009,"Subpopulation_1"
"NGS_Nanog_WT_Rep2","Read_1543",0.461437103778856,"Subpopulation_1"
"NGS_Nanog_WT_Rep2","Read_1544",0.456191057498081,"Subpopulation_1"
"NGS_Nanog_WT_Rep2","Read_1545",0.452085448369253,"Subpopulation_1"
"NGS_Nanog_WT_Rep2","Read_1546",0.449871502225076,"Subpopulation_1"
"NGS_Nanog_WT_Rep2","Read_1547",0.459448627687492,"Subpopulation_1"
"NGS_Nanog_WT_Rep2","Read_1548",0.465104099482287,"Subpopulation_1"
"NGS_Nanog_WT_Rep2","Read_1549",0.465057501006852,"Subpopulation_1"
"NGS_Nanog_WT_Rep2","Read_1550",0.456064564134017,"Subpopulation_1"
"NGS_Nanog_WT_Rep2","Read_1551",0.466749357381045,"Subpopulation_1"
"NGS_Nanog_WT_Rep2","Read_1552",0.458224446835308,"Subpopulation_1"
"NGS_Nanog_WT_Rep2","Read_1553",0.455940758848211,"Subpopulation_1"
"NGS_Nanog_WT_Rep2","Read_1554",0.456161174860273,"Subpopulation_1"
"NGS_Nanog_WT_Rep2","Read_1555",0.450600565636777,"Subpopulation_1"
"NGS_Nanog_WT_Rep2","Read_1556",0.458267067245763,"Subpopulation_1"
"NGS_Nanog_WT_Rep2","Read_1557",0.453733725325953,"Subpopulation_1"
"NGS_Nanog_WT_Rep2","Read_1558",0.460272041943212,"Subpopulation_1"
"NGS_Nanog_WT_Rep2","Read_1559",0.457751596085232,"Subpopulation_1"
"NGS_Nanog_WT_Rep2","Read_1560",0.455223730835245,"Subpopulation_1"
"NGS_Nanog_WT_Rep2","Read_1561",0.462432427245838,"Subpopulation_1"
"NGS_Nanog_WT_Rep2","Read_1562",0.459868243775108,"Subpopulation_1"
"NGS_Nanog_WT_Rep2","Read_1563",0.457195965099506,"Subpopulation_1"
"NGS_Nanog_WT_Rep2","Read_1564",0.456567765886724,"Subpopulation_1"
"NGS_Nanog_WT_Rep2","Read_1565",0.449854561659082,"Subpopulation_1"
"NGS_Nanog_WT_Rep2","Read_1566",0.456972110118479,"Subpopulation_1"
"NGS_Nanog_WT_Rep2","Read_1567",0.458391178588736,"Subpopulation_1"
"NGS_Nanog_WT_Rep2","Read_1568",0.458592904453087,"Subpopulation_1"
"NGS_Nanog_WT_Rep2","Read_1569",0.453190116997764,"Subpopulation_1"
"NGS_Nanog_WT_Rep2","Read_1570",0.460566479906519,"Subpopulation_1"
"NGS_Nanog_WT_Rep2","Read_1571",0.459578823888875,"Subpopulation_1"
"NGS_Nanog_WT_Rep2","Read_1572",0.460891982534482,"Subpopulation_1"
"NGS_Nanog_WT_Rep2","Read_1573",0.455751943210414,"Subpopulation_1"
"NGS_Nanog_WT_Rep2","Read_1574",0.4516439327696,"Subpopulation_1"
"NGS_Nanog_WT_Rep2","Read_1575",0.465563672145002,"Subpopulation_1"
"NGS_Nanog_WT_Rep2","Read_1576",0.448722017259491,"Subpopulation_1"
"NGS_Nanog_WT_Rep2","Read_1577",0.452212588566617,"Subpopulation_1"
"NGS_Nanog_WT_Rep2","Read_1578",0.453865736383949,"Subpopulation_1"
"NGS_Nanog_WT_Rep2","Read_1579",0.450464491100577,"Subpopulation_1"
"NGS_Nanog_WT_Rep2","Read_1580",0.450000305093933,"Subpopulation_1"
"NGS_Nanog_WT_Rep2","Read_1581",0.452107051615525,"Subpopulation_1"
"NGS_Nanog_WT_Rep2","Read_1582",0.448947328006294,"Subpopulation_1"
"NGS_Nanog_WT_Rep2","Read_1583",0.458665585609762,"Subpopulation_1"
"NGS_Nanog_WT_Rep2","Read_1584",0.451349518140217,"Subpopulation_1"
"NGS_Nanog_WT_Rep2","Read_1585",0.467431673121106,"Subpopulation_1"
"NGS_Nanog_WT_Rep2","Read_1586",0.44965462776244,"Subpopulation_1"
"NGS_Nanog_WT_Rep2","Read_1587",0.463546452080831,"Subpopulation_1"
"NGS_Nanog_WT_Rep2","Read_1588",0.462881256425323,"Subpopulation_1"
"NGS_Nanog_WT_Rep2","Read_1589",0.464064650394232,"Subpopulation_1"
"NGS_Nanog_WT_Rep2","Read_1590",0.449486672517227,"Subpopulation_1"
"NGS_Nanog_WT_Rep2","Read_1591",0.463661010613845,"Subpopulation_1"
"NGS_Nanog_WT_Rep2","Read_1592",0.457639684859312,"Subpopulation_1"
"NGS_Nanog_WT_Rep2","Read_1593",0.452991274164378,"Subpopulation_1"
"NGS_Nanog_WT_Rep2","Read_1594",0.459316165210444,"Subpopulation_1"
"NGS_Nanog_WT_Rep2","Read_1595",0.450995483390933,"Subpopulation_1"
"NGS_Nanog_WT_Rep2","Read_1596",0.470312132235347,"Subpopulation_1"
"NGS_Nanog_WT_Rep2","Read_1597",0.458042125257945,"Subpopulation_1"
"NGS_Nanog_WT_Rep2","Read_1598",0.466763602272477,"Subpopulation_1"
"NGS_Nanog_WT_Rep2","Read_1599",0.455264375455666,"Subpopulation_1"
"NGS_Nanog_WT_Rep2","Read_1600",0.461096814772049,"Subpopulation_1"
"NGS_Nanog_WT_Rep2","Read_1601",0.460735174225392,"Subpopulation_1"
"NGS_Nanog_WT_Rep2","Read_1602",0.45286209452092,"Subpopulation_1"
"NGS_Nanog_WT_Rep2","Read_1603",0.452854336903374,"Subpopulation_1"
"NGS_Nanog_WT_Rep2","Read_1604",0.463088005787882,"Subpopulation_1"
"NGS_Nanog_WT_Rep2","Read_1605",0.453931669446493,"Subpopulation_1"
"NGS_Nanog_WT_Rep2","Read_1606",0.46234921949869,"Subpopulation_1"
"NGS_Nanog_WT_Rep2","Read_1607",0.461789650555478,"Subpopulation_1"
"NGS_Nanog_WT_Rep2","Read_1608",0.457904347847824,"Subpopulation_1"
"NGS_Nanog_WT_Rep2","Read_1609",0.452581670716011,"Subpopulation_1"
"NGS_Nanog_WT_Rep2","Read_1610",0.456570266158811,"Subpopulation_1"
"NGS_Nanog_WT_Rep2","Read_1611",0.458598209643898,"Subpopulation_1"
"NGS_Nanog_WT_Rep2","Read_1612",0.465728339135588,"Subpopulation_1"
"NGS_Nanog_WT_Rep2","Read_1613",0.464254767356657,"Subpopulation_1"
"NGS_Nanog_WT_Rep2","Read_1614",0.457940738259152,"Subpopulation_1"
"NGS_Nanog_WT_Rep2","Read_1615",0.448828721779043,"Subpopulation_1"
"NGS_Nanog_WT_Rep2","Read_1616",0.453828675533938,"Subpopulation_1"
"NGS_Nanog_WT_Rep2","Read_1617",0.443582174309703,"Subpopulation_1"
"NGS_Nanog_WT_Rep2","Read_1618",0.459240916220831,"Subpopulation_1"
"NGS_Nanog_WT_Rep2","Read_1619",0.451934584552347,"Subpopulation_1"
"NGS_Nanog_WT_Rep2","Read_1620",0.461702253068981,"Subpopulation_1"
"NGS_Nanog_WT_Rep2","Read_1621",0.454245820412717,"Subpopulation_1"
"NGS_Nanog_WT_Rep2","Read_1622",0.465303178618857,"Subpopulation_1"
"NGS_Nanog_WT_Rep2","Read_1623",0.453423076776957,"Subpopulation_1"
"NGS_Nanog_WT_Rep2","Read_1624",0.451481147185324,"Subpopulation_1"
"NGS_Nanog_WT_Rep2","Read_1625",0.462239309141229,"Subpopulation_1"
"NGS_Nanog_WT_Rep2","Read_1626",0.459738410978884,"Subpopulation_1"
"NGS_Nanog_WT_Rep2","Read_1627",0.457350330575906,"Subpopulation_1"
"NGS_Nanog_WT_Rep2","Read_1628",0.466474759836313,"Subpopulation_1"
"NGS_Nanog_WT_Rep2","Read_1629",0.455268725281978,"Subpopulation_1"
"NGS_Nanog_WT_Rep2","Read_1630",0.453179546797657,"Subpopulation_1"
"NGS_Nanog_WT_Rep2","Read_1631",0.461895094858699,"Subpopulation_1"
"NGS_Nanog_WT_Rep2","Read_1632",0.455478414016269,"Subpopulation_1"
"NGS_Nanog_WT_Rep2","Read_1633",0.45520418910921,"Subpopulation_1"
"NGS_Nanog_WT_Rep2","Read_1634",0.454401984545387,"Subpopulation_1"
"NGS_Nanog_WT_Rep2","Read_1635",0.45719959811057,"Subpopulation_1"
"NGS_Nanog_WT_Rep2","Read_1636",0.461193856201677,"Subpopulation_1"
"NGS_Nanog_WT_Rep2","Read_1637",0.455112820947692,"Subpopulation_1"
"NGS_Nanog_WT_Rep2","Read_1638",0.447013716574055,"Subpopulation_1"
"NGS_Nanog_WT_Rep2","Read_1639",0.454951542557572,"Subpopulation_1"
"NGS_Nanog_WT_Rep2","Read_1640",0.458844107073659,"Subpopulation_1"
"NGS_Nanog_WT_Rep2","Read_1641",0.458823047680901,"Subpopulation_1"
"NGS_Nanog_WT_Rep2","Read_1642",0.458983185174929,"Subpopulation_1"
"NGS_Nanog_WT_Rep2","Read_1643",0.456147227861134,"Subpopulation_1"
"NGS_Nanog_WT_Rep2","Read_1644",0.449501167874806,"Subpopulation_1"
"NGS_Nanog_WT_Rep2","Read_1645",0.463915016023046,"Subpopulation_1"
"NGS_Nanog_WT_Rep2","Read_1646",0.448891936161024,"Subpopulation_1"
"NGS_Nanog_WT_Rep2","Read_1647",0.448386152148551,"Subpopulation_1"
"NGS_Nanog_WT_Rep2","Read_1648",0.449925356545031,"Subpopulation_1"
"NGS_Nanog_WT_Rep2","Read_1649",0.455089148516455,"Subpopulation_1"
"NGS_Nanog_WT_Rep2","Read_1650",0.457437743694057,"Subpopulation_1"
"NGS_Nanog_WT_Rep2","Read_1651",0.460561737709092,"Subpopulation_1"
"NGS_Nanog_WT_Rep2","Read_1652",0.453550913862602,"Subpopulation_1"
"NGS_Nanog_WT_Rep2","Read_1653",0.462926015451582,"Subpopulation_1"
"NGS_Nanog_WT_Rep2","Read_1654",0.457112934097371,"Subpopulation_1"
"NGS_Nanog_WT_Rep2","Read_1655",0.45912725407182,"Subpopulation_1"
"NGS_Nanog_WT_Rep2","Read_1656",0.463617212652113,"Subpopulation_1"
"NGS_Nanog_WT_Rep2","Read_1657",0.450268443472266,"Subpopulation_1"
"NGS_Nanog_WT_Rep2","Read_1658",0.461371044413293,"Subpopulation_1"
"NGS_Nanog_WT_Rep2","Read_1659",0.46660897316604,"Subpopulation_1"
"NGS_Nanog_WT_Rep2","Read_1660",0.460212835177217,"Subpopulation_1"
"NGS_Nanog_WT_Rep2","Read_1661",0.452130586212279,"Subpopulation_1"
"NGS_Nanog_WT_Rep2","Read_1662",0.441045790056643,"Subpopulation_1"
"NGS_Nanog_WT_Rep2","Read_1663",0.452395773805027,"Subpopulation_1"
"NGS_Nanog_WT_Rep2","Read_1664",0.447512035456574,"Subpopulation_1"
"NGS_Nanog_WT_Rep2","Read_1665",0.453531446285418,"Subpopulation_1"
"NGS_Nanog_WT_Rep2","Read_1666",0.45146548661589,"Subpopulation_1"
"NGS_Nanog_WT_Rep2","Read_1667",0.457545113616525,"Subpopulation_1"
"NGS_Nanog_WT_Rep2","Read_1668",0.463712826296205,"Subpopulation_1"
"NGS_Nanog_WT_Rep2","Read_1669",0.455196097974105,"Subpopulation_1"
"NGS_Nanog_WT_Rep2","Read_1670",0.459432800119878,"Subpopulation_1"
"NGS_Nanog_WT_Rep2","Read_1671",0.458757224510344,"Subpopulation_1"
"NGS_Nanog_WT_Rep2","Read_1672",0.450851760890528,"Subpopulation_1"
"NGS_Nanog_WT_Rep2","Read_1673",0.456015064290682,"Subpopulation_1"
"NGS_Nanog_WT_Rep2","Read_1674",0.449592271643081,"Subpopulation_1"
"NGS_Nanog_WT_Rep2","Read_1675",0.459833726609732,"Subpopulation_1"
"NGS_Nanog_WT_Rep2","Read_1676",0.45994866565728,"Subpopulation_1"
"NGS_Nanog_WT_Rep2","Read_1677",0.464890258778181,"Subpopulation_1"
"NGS_Nanog_WT_Rep2","Read_1678",0.455210128466137,"Subpopulation_1"
"NGS_Nanog_WT_Rep2","Read_1679",0.462242556824379,"Subpopulation_1"
"NGS_Nanog_WT_Rep2","Read_1680",0.456037441348695,"Subpopulation_1"
"NGS_Nanog_WT_Rep2","Read_1681",0.458651346529611,"Subpopulation_1"
"NGS_Nanog_WT_Rep2","Read_1682",0.45174967258187,"Subpopulation_1"
"NGS_Nanog_WT_Rep2","Read_1683",0.461055750931199,"Subpopulation_1"
"NGS_Nanog_WT_Rep2","Read_1684",0.458574347214049,"Subpopulation_1"
"NGS_Nanog_WT_Rep2","Read_1685",0.446317623506704,"Subpopulation_1"
"NGS_Nanog_WT_Rep2","Read_1686",0.451882012288179,"Subpopulation_1"
"NGS_Nanog_WT_Rep2","Read_1687",0.456620485940146,"Subpopulation_1"
"NGS_Nanog_WT_Rep2","Read_1688",0.449652191162689,"Subpopulation_1"
"NGS_Nanog_WT_Rep2","Read_1689",0.459203509023304,"Subpopulation_1"
"NGS_Nanog_WT_Rep2","Read_1690",0.462490283440822,"Subpopulation_1"
"NGS_Nanog_WT_Rep2","Read_1691",0.467724723037796,"Subpopulation_1"
"NGS_Nanog_WT_Rep2","Read_1692",0.460852925785987,"Subpopulation_1"
"NGS_Nanog_WT_Rep2","Read_1693",0.463486195587616,"Subpopulation_1"
"NGS_Nanog_WT_Rep2","Read_1694",0.465493930529025,"Subpopulation_1"
"NGS_Nanog_WT_Rep2","Read_1695",0.452812296066912,"Subpopulation_1"
"NGS_Nanog_WT_Rep2","Read_1696",0.472928601224124,"Subpopulation_1"
"NGS_Nanog_WT_Rep2","Read_1697",0.459983001093173,"Subpopulation_1"
"NGS_Nanog_WT_Rep2","Read_1698",0.459045040136044,"Subpopulation_1"
"NGS_Nanog_WT_Rep2","Read_1699",0.460659853060902,"Subpopulation_1"
"NGS_Nanog_WT_Rep2","Read_1700",0.452570990151738,"Subpopulation_1"
"NGS_Nanog_WT_Rep2","Read_1701",0.462051725916229,"Subpopulation_1"
"NGS_Nanog_WT_Rep2","Read_1702",0.462534497912087,"Subpopulation_1"
"NGS_Nanog_WT_Rep2","Read_1703",0.446747077459216,"Subpopulation_1"
"NGS_Nanog_WT_Rep2","Read_1704",0.459662424189075,"Subpopulation_1"
"NGS_Nanog_WT_Rep2","Read_1705",0.457132031964908,"Subpopulation_1"
"NGS_Nanog_WT_Rep2","Read_1706",0.456853891255029,"Subpopulation_1"
"NGS_Nanog_WT_Rep2","Read_1707",0.470607124219164,"Subpopulation_1"
"NGS_Nanog_WT_Rep2","Read_1708",0.458644686755521,"Subpopulation_1"
"NGS_Nanog_WT_Rep2","Read_1709",0.457984658993683,"Subpopulation_1"
"NGS_Nanog_WT_Rep2","Read_1710",0.462873093316958,"Subpopulation_1"
"NGS_Nanog_WT_Rep2","Read_1711",0.444886616419176,"Subpopulation_1"
"NGS_Nanog_WT_Rep2","Read_1712",0.442883596827482,"Subpopulation_1"
"NGS_Nanog_WT_Rep2","Read_1713",0.455858188211296,"Subpopulation_1"
"NGS_Nanog_WT_Rep2","Read_1714",0.453098385682357,"Subpopulation_1"
"NGS_Nanog_WT_Rep2","Read_1715",0.454715347010383,"Subpopulation_1"
"NGS_Nanog_WT_Rep2","Read_1716",0.455650813465197,"Subpopulation_1"
"NGS_Nanog_WT_Rep2","Read_1717",0.467159913823555,"Subpopulation_1"
"NGS_Nanog_WT_Rep2","Read_1718",0.455681134247564,"Subpopulation_1"
"NGS_Nanog_WT_Rep2","Read_1719",0.447669048806547,"Subpopulation_1"
"NGS_Nanog_WT_Rep2","Read_1720",0.45770122765669,"Subpopulation_1"
"NGS_Nanog_WT_Rep2","Read_1721",0.449691531897024,"Subpopulation_1"
"NGS_Nanog_WT_Rep2","Read_1722",0.453533785580167,"Subpopulation_1"
"NGS_Nanog_WT_Rep2","Read_1723",0.452402961072613,"Subpopulation_1"
"NGS_Nanog_WT_Rep2","Read_1724",0.459331627952993,"Subpopulation_1"
"NGS_Nanog_WT_Rep2","Read_1725",0.454641709103543,"Subpopulation_1"
"NGS_Nanog_WT_Rep2","Read_1726",0.44936687712071,"Subpopulation_1"
"NGS_Nanog_WT_Rep2","Read_1727",0.45790182955352,"Subpopulation_1"
"NGS_Nanog_WT_Rep2","Read_1728",0.453489498761034,"Subpopulation_1"
"NGS_Nanog_WT_Rep2","Read_1729",0.467517970252666,"Subpopulation_1"
"NGS_Nanog_WT_Rep2","Read_1730",0.451188006767198,"Subpopulation_1"
"NGS_Nanog_WT_Rep2","Read_1731",0.451918516465027,"Subpopulation_1"
"NGS_Nanog_WT_Rep2","Read_1732",0.45048829043515,"Subpopulation_1"
"NGS_Nanog_WT_Rep2","Read_1733",0.463281412596862,"Subpopulation_1"
"NGS_Nanog_WT_Rep2","Read_1734",0.462869017589132,"Subpopulation_1"
"NGS_Nanog_WT_Rep2","Read_1735",0.452415236186495,"Subpopulation_1"
"NGS_Nanog_WT_Rep2","Read_1736",0.457775720440972,"Subpopulation_1"
"NGS_Nanog_WT_Rep2","Read_1737",0.449267842866781,"Subpopulation_1"
"NGS_Nanog_WT_Rep2","Read_1738",0.460329839538122,"Subpopulation_1"
"NGS_Nanog_WT_Rep2","Read_1739",0.457150240733672,"Subpopulation_1"
"NGS_Nanog_WT_Rep2","Read_1740",0.462074830764843,"Subpopulation_1"
"NGS_Nanog_WT_Rep2","Read_1741",0.465375406128701,"Subpopulation_1"
"NGS_Nanog_WT_Rep2","Read_1742",0.455321864397622,"Subpopulation_1"
"NGS_Nanog_WT_Rep2","Read_1743",0.460843684101884,"Subpopulation_1"
"NGS_Nanog_WT_Rep2","Read_1744",0.457420109585374,"Subpopulation_1"
"NGS_Nanog_WT_Rep2","Read_1745",0.453650678764483,"Subpopulation_1"
"NGS_Nanog_WT_Rep2","Read_1746",0.451594991253308,"Subpopulation_1"
"NGS_Nanog_WT_Rep2","Read_1747",0.45544455777856,"Subpopulation_1"
"NGS_Nanog_WT_Rep2","Read_1748",0.448933973677904,"Subpopulation_1"
"NGS_Nanog_WT_Rep2","Read_1749",0.455022642107934,"Subpopulation_1"
"NGS_Nanog_WT_Rep2","Read_1750",0.459702677913654,"Subpopulation_1"
"NGS_Nanog_WT_Rep2","Read_1751",0.460079936311299,"Subpopulation_1"
"NGS_Nanog_WT_Rep2","Read_1752",0.456214342148787,"Subpopulation_1"
"NGS_Nanog_WT_Rep2","Read_1753",0.459861782350031,"Subpopulation_1"
"NGS_Nanog_WT_Rep2","Read_1754",0.452490467326187,"Subpopulation_1"
"NGS_Nanog_WT_Rep2","Read_1755",0.468311122934623,"Subpopulation_1"
"NGS_Nanog_WT_Rep2","Read_1756",0.450672362738152,"Subpopulation_1"
"NGS_Nanog_WT_Rep2","Read_1757",0.459548325090986,"Subpopulation_1"
"NGS_Nanog_WT_Rep2","Read_1758",0.454570350898375,"Subpopulation_1"
"NGS_Nanog_WT_Rep2","Read_1759",0.453775763461064,"Subpopulation_1"
"NGS_Nanog_WT_Rep2","Read_1760",0.457082607579905,"Subpopulation_1"
"NGS_Nanog_WT_Rep2","Read_1761",0.454511311302931,"Subpopulation_1"
"NGS_Nanog_WT_Rep2","Read_1762",0.44906244022374,"Subpopulation_1"
"NGS_Nanog_WT_Rep2","Read_1763",0.454996102898206,"Subpopulation_1"
"NGS_Nanog_WT_Rep2","Read_1764",0.460201102912271,"Subpopulation_1"
"NGS_Nanog_WT_Rep2","Read_1765",0.454235689797033,"Subpopulation_1"
"NGS_Nanog_WT_Rep2","Read_1766",0.459418938994808,"Subpopulation_1"
"NGS_Nanog_WT_Rep2","Read_1767",0.462537766395524,"Subpopulation_1"
"NGS_Nanog_WT_Rep2","Read_1768",0.457804851627631,"Subpopulation_1"
"NGS_Nanog_WT_Rep2","Read_1769",0.453908858692943,"Subpopulation_1"
"NGS_Nanog_WT_Rep2","Read_1770",0.449369125647241,"Subpopulation_1"
"NGS_Nanog_WT_Rep2","Read_1771",0.459802586902568,"Subpopulation_1"
"NGS_Nanog_WT_Rep2","Read_1772",0.451545332236663,"Subpopulation_1"
"NGS_Nanog_WT_Rep2","Read_1773",0.458102242469283,"Subpopulation_1"
"NGS_Nanog_WT_Rep2","Read_1774",0.448292962208608,"Subpopulation_1"
"NGS_Nanog_WT_Rep2","Read_1775",0.446556292249019,"Subpopulation_1"
"NGS_Nanog_WT_Rep2","Read_1776",0.456596543063733,"Subpopulation_1"
"NGS_Nanog_WT_Rep2","Read_1777",0.447234159770625,"Subpopulation_1"
"NGS_Nanog_WT_Rep2","Read_1778",0.455523084739814,"Subpopulation_1"
"NGS_Nanog_WT_Rep2","Read_1779",0.452584497065501,"Subpopulation_1"
"NGS_Nanog_WT_Rep2","Read_1780",0.454446434997386,"Subpopulation_1"
"NGS_Nanog_WT_Rep2","Read_1781",0.456773018389872,"Subpopulation_1"
"NGS_Nanog_WT_Rep2","Read_1782",0.456990352615942,"Subpopulation_1"
"NGS_Nanog_WT_Rep2","Read_1783",0.45829857423437,"Subpopulation_1"
"NGS_Nanog_WT_Rep2","Read_1784",0.455490098112562,"Subpopulation_1"
"NGS_Nanog_WT_Rep2","Read_1785",0.451666406552101,"Subpopulation_1"
"NGS_Nanog_WT_Rep2","Read_1786",0.458883258549197,"Subpopulation_1"
"NGS_Nanog_WT_Rep2","Read_1787",0.458261395012044,"Subpopulation_1"
"NGS_Nanog_WT_Rep2","Read_1788",0.46480462063255,"Subpopulation_1"
"NGS_Nanog_WT_Rep2","Read_1789",0.468364077280916,"Subpopulation_1"
"NGS_Nanog_WT_Rep2","Read_1790",0.458838067804278,"Subpopulation_1"
"NGS_Nanog_WT_Rep2","Read_1791",0.452013878504212,"Subpopulation_1"
"NGS_Nanog_WT_Rep2","Read_1792",0.455739575379234,"Subpopulation_1"
"NGS_Nanog_WT_Rep2","Read_1793",0.455100239444908,"Subpopulation_1"
"NGS_Nanog_WT_Rep2","Read_1794",0.462648851413413,"Subpopulation_1"
"NGS_Nanog_WT_Rep2","Read_1795",0.453461210170966,"Subpopulation_1"
"NGS_Nanog_WT_Rep2","Read_1796",0.450182614391588,"Subpopulation_1"
"NGS_Nanog_WT_Rep2","Read_1797",0.458987446369053,"Subpopulation_1"
"NGS_Nanog_WT_Rep2","Read_1798",0.453051590714844,"Subpopulation_1"
"NGS_Nanog_WT_Rep2","Read_1799",0.458756369700535,"Subpopulation_1"
"NGS_Nanog_WT_Rep2","Read_1800",0.452674534190434,"Subpopulation_1"
"NGS_Nanog_WT_Rep2","Read_1801",0.460337683832614,"Subpopulation_1"
"NGS_Nanog_WT_Rep2","Read_1802",0.44806263130597,"Subpopulation_1"
"NGS_Nanog_WT_Rep2","Read_1803",0.455720183210362,"Subpopulation_1"
"NGS_Nanog_WT_Rep2","Read_1804",0.457574617735414,"Subpopulation_1"
"NGS_Nanog_WT_Rep2","Read_1805",0.466681560243508,"Subpopulation_1"
"NGS_Nanog_WT_Rep2","Read_1806",0.450363126894209,"Subpopulation_1"
"NGS_Nanog_WT_Rep2","Read_1807",0.466479315597147,"Subpopulation_1"
"NGS_Nanog_WT_Rep2","Read_1808",0.444177895435179,"Subpopulation_1"
"NGS_Nanog_WT_Rep2","Read_1809",0.459926814197245,"Subpopulation_1"
"NGS_Nanog_WT_Rep2","Read_1810",0.451451434372182,"Subpopulation_1"
"NGS_Nanog_WT_Rep2","Read_1811",0.452166142511179,"Subpopulation_1"
"NGS_Nanog_WT_Rep2","Read_1812",0.459140053454329,"Subpopulation_1"
"NGS_Nanog_WT_Rep2","Read_1813",0.452261482915511,"Subpopulation_1"
"NGS_Nanog_WT_Rep2","Read_1814",0.456438293478612,"Subpopulation_1"
"NGS_Nanog_WT_Rep2","Read_1815",0.452172272557563,"Subpopulation_1"
"NGS_Nanog_WT_Rep2","Read_1816",0.456231357394712,"Subpopulation_1"
"NGS_Nanog_WT_Rep2","Read_1817",0.47039673342924,"Subpopulation_1"
"NGS_Nanog_WT_Rep2","Read_1818",0.452070827345405,"Subpopulation_1"
"NGS_Nanog_WT_Rep2","Read_1819",0.458055192548432,"Subpopulation_1"
"NGS_Nanog_WT_Rep2","Read_1820",0.460332006542528,"Subpopulation_1"
"NGS_Nanog_WT_Rep2","Read_1821",0.452219573472937,"Subpopulation_1"
"NGS_Nanog_WT_Rep2","Read_1822",0.448086406845781,"Subpopulation_1"
"NGS_Nanog_WT_Rep2","Read_1823",0.46431213643575,"Subpopulation_1"
"NGS_Nanog_WT_Rep2","Read_1824",0.45245306472371,"Subpopulation_1"
"NGS_Nanog_WT_Rep2","Read_1825",0.45280390809848,"Subpopulation_1"
"NGS_Nanog_WT_Rep2","Read_1826",0.453516020982467,"Subpopulation_1"
"NGS_Nanog_WT_Rep2","Read_1827",0.45866029642626,"Subpopulation_1"
"NGS_Nanog_WT_Rep2","Read_1828",0.458409777529973,"Subpopulation_1"
"NGS_Nanog_WT_Rep2","Read_1829",0.451750662451249,"Subpopulation_1"
"NGS_Nanog_WT_Rep2","Read_1830",0.453074853660216,"Subpopulation_1"
"NGS_Nanog_WT_Rep2","Read_1831",0.459363385061714,"Subpopulation_1"
"NGS_Nanog_WT_Rep2","Read_1832",0.464994860264873,"Subpopulation_1"
"NGS_Nanog_WT_Rep2","Read_1833",0.461562144739912,"Subpopulation_1"
"NGS_Nanog_WT_Rep2","Read_1834",0.460653280013096,"Subpopulation_1"
"NGS_Nanog_WT_Rep2","Read_1835",0.450544843182884,"Subpopulation_1"
"NGS_Nanog_WT_Rep2","Read_1836",0.448076364210791,"Subpopulation_1"
"NGS_Nanog_WT_Rep2","Read_1837",0.456037475926991,"Subpopulation_1"
"NGS_Nanog_WT_Rep2","Read_1838",0.458598410186935,"Subpopulation_1"
"NGS_Nanog_WT_Rep2","Read_1839",0.45742179852109,"Subpopulation_1"
"NGS_Nanog_WT_Rep2","Read_1840",0.451641083072246,"Subpopulation_1"
"NGS_Nanog_WT_Rep2","Read_1841",0.455245962878554,"Subpopulation_1"
"NGS_Nanog_WT_Rep2","Read_1842",0.450246774563706,"Subpopulation_1"
"NGS_Nanog_WT_Rep2","Read_1843",0.450622992065982,"Subpopulation_1"
"NGS_Nanog_WT_Rep2","Read_1844",0.462058347609144,"Subpopulation_1"
"NGS_Nanog_WT_Rep2","Read_1845",0.452449664236039,"Subpopulation_1"
"NGS_Nanog_WT_Rep2","Read_1846",0.463186678390363,"Subpopulation_1"
"NGS_Nanog_WT_Rep2","Read_1847",0.45130885019779,"Subpopulation_1"
"NGS_Nanog_WT_Rep2","Read_1848",0.45695663287153,"Subpopulation_1"
"NGS_Nanog_WT_Rep2","Read_1849",0.450336807656764,"Subpopulation_1"
"NGS_Nanog_WT_Rep2","Read_1850",0.454694634663905,"Subpopulation_1"
"NGS_Nanog_WT_Rep2","Read_1851",0.453864772753068,"Subpopulation_1"
"NGS_Nanog_WT_Rep2","Read_1852",0.44820731371503,"Subpopulation_1"
"NGS_Nanog_WT_Rep2","Read_1853",0.454356363963125,"Subpopulation_1"
"NGS_Nanog_WT_Rep2","Read_1854",0.451540835281109,"Subpopulation_1"
"NGS_Nanog_WT_Rep2","Read_1855",0.449679968502108,"Subpopulation_1"
"NGS_Nanog_WT_Rep2","Read_1856",0.460795485924708,"Subpopulation_1"
"NGS_Nanog_WT_Rep2","Read_1857",0.453527167309425,"Subpopulation_1"
"NGS_Nanog_WT_Rep2","Read_1858",0.452248165240278,"Subpopulation_1"
"NGS_Nanog_WT_Rep2","Read_1859",0.453556473973359,"Subpopulation_1"
"NGS_Nanog_WT_Rep2","Read_1860",0.460701680757329,"Subpopulation_1"
"NGS_Nanog_WT_Rep2","Read_1861",0.448099291903365,"Subpopulation_1"
"NGS_Nanog_WT_Rep2","Read_1862",0.455644223352102,"Subpopulation_1"
"NGS_Nanog_WT_Rep2","Read_1863",0.458416430211092,"Subpopulation_1"
"NGS_Nanog_WT_Rep2","Read_1864",0.451256661334106,"Subpopulation_1"
"NGS_Nanog_WT_Rep2","Read_1865",0.466413264575442,"Subpopulation_1"
"NGS_Nanog_WT_Rep2","Read_1866",0.456204927010129,"Subpopulation_1"
"NGS_Nanog_WT_Rep2","Read_1867",0.453339152037834,"Subpopulation_1"
"NGS_Nanog_WT_Rep2","Read_1868",0.457231001783644,"Subpopulation_1"
"NGS_Nanog_WT_Rep2","Read_1869",0.457291236255716,"Subpopulation_1"
"NGS_Nanog_WT_Rep2","Read_1870",0.465444970222359,"Subpopulation_1"
"NGS_Nanog_WT_Rep2","Read_1871",0.452251438197349,"Subpopulation_1"
"NGS_Nanog_WT_Rep2","Read_1872",0.450786516517238,"Subpopulation_1"
"NGS_Nanog_WT_Rep2","Read_1873",0.453692015655041,"Subpopulation_1"
"NGS_Nanog_WT_Rep2","Read_1874",0.4569351320073,"Subpopulation_1"
"NGS_Nanog_WT_Rep2","Read_1875",0.455613428546238,"Subpopulation_1"
"NGS_Nanog_WT_Rep2","Read_1876",0.454921496822509,"Subpopulation_1"
"NGS_Nanog_WT_Rep2","Read_1877",0.457299461965865,"Subpopulation_1"
"NGS_Nanog_WT_Rep2","Read_1878",0.459064727194478,"Subpopulation_1"
"NGS_Nanog_WT_Rep2","Read_1879",0.45975947218125,"Subpopulation_1"
"NGS_Nanog_WT_Rep2","Read_1880",0.455905718518737,"Subpopulation_1"
"NGS_Nanog_WT_Rep2","Read_1881",0.456976528992255,"Subpopulation_1"
"NGS_Nanog_WT_Rep2","Read_1882",0.452488323470505,"Subpopulation_1"
"NGS_Nanog_WT_Rep2","Read_1883",0.452072977545339,"Subpopulation_1"
"NGS_Nanog_WT_Rep2","Read_1884",0.456924895560669,"Subpopulation_1"
"NGS_Nanog_WT_Rep2","Read_1885",0.448849930265149,"Subpopulation_1"
"NGS_Nanog_WT_Rep2","Read_1886",0.455333711537405,"Subpopulation_1"
"NGS_Nanog_WT_Rep2","Read_1887",0.458196481575032,"Subpopulation_1"
"NGS_Nanog_WT_Rep2","Read_1888",0.451392080936549,"Subpopulation_1"
"NGS_Nanog_WT_Rep2","Read_1889",0.45177372201204,"Subpopulation_1"
"NGS_Nanog_WT_Rep2","Read_1890",0.468680247649402,"Subpopulation_1"
"NGS_Nanog_WT_Rep2","Read_1891",0.455085787347869,"Subpopulation_1"
"NGS_Nanog_WT_Rep2","Read_1892",0.454112262734652,"Subpopulation_1"
"NGS_Nanog_WT_Rep2","Read_1893",0.462419061945994,"Subpopulation_1"
"NGS_Nanog_WT_Rep2","Read_1894",0.456233926566713,"Subpopulation_1"
"NGS_Nanog_WT_Rep2","Read_1895",0.464212101898811,"Subpopulation_1"
"NGS_Nanog_WT_Rep2","Read_1896",0.458285365411849,"Subpopulation_1"
"NGS_Nanog_WT_Rep2","Read_1897",0.459786380263048,"Subpopulation_1"
"NGS_Nanog_WT_Rep2","Read_1898",0.466691082171627,"Subpopulation_1"
"NGS_Nanog_WT_Rep2","Read_1899",0.450512242172477,"Subpopulation_1"
"NGS_Nanog_WT_Rep2","Read_1900",0.450549152848085,"Subpopulation_1"
"NGS_Nanog_WT_Rep2","Read_1901",0.44781054060739,"Subpopulation_1"
"NGS_Nanog_WT_Rep2","Read_1902",0.455834707394227,"Subpopulation_1"
"NGS_Nanog_WT_Rep2","Read_1903",0.463264203275818,"Subpopulation_1"
"NGS_Nanog_WT_Rep2","Read_1904",0.449735154395187,"Subpopulation_1"
"NGS_Nanog_WT_Rep2","Read_1905",0.45204442377211,"Subpopulation_1"
"NGS_Nanog_WT_Rep2","Read_1906",0.454466611753187,"Subpopulation_1"
"NGS_Nanog_WT_Rep2","Read_1907",0.455387136863292,"Subpopulation_1"
"NGS_Nanog_WT_Rep2","Read_1908",0.456704677600236,"Subpopulation_1"
"NGS_Nanog_WT_Rep2","Read_1909",0.454310012309313,"Subpopulation_1"
"NGS_Nanog_WT_Rep2","Read_1910",0.450470888883678,"Subpopulation_1"
"NGS_Nanog_WT_Rep2","Read_1911",0.453626822933488,"Subpopulation_1"
"NGS_Nanog_WT_Rep2","Read_1912",0.454626202821031,"Subpopulation_1"
"NGS_Nanog_WT_Rep2","Read_1913",0.4574922040504,"Subpopulation_1"
"NGS_Nanog_WT_Rep2","Read_1914",0.465862687713145,"Subpopulation_1"
"NGS_Nanog_WT_Rep2","Read_1915",0.450682258674471,"Subpopulation_1"
"NGS_Nanog_WT_Rep2","Read_1916",0.467388402982654,"Subpopulation_1"
"NGS_Nanog_WT_Rep2","Read_1917",0.456266031068677,"Subpopulation_1"
"NGS_Nanog_WT_Rep2","Read_1918",0.459418360277315,"Subpopulation_1"
"NGS_Nanog_WT_Rep2","Read_1919",0.451946873668759,"Subpopulation_1"
"NGS_Nanog_WT_Rep2","Read_1920",0.447283533729862,"Subpopulation_1"
"NGS_Nanog_WT_Rep2","Read_1921",0.457658657549532,"Subpopulation_1"
"NGS_Nanog_WT_Rep2","Read_1922",0.45268341141512,"Subpopulation_1"
"NGS_Nanog_WT_Rep2","Read_1923",0.461899942118729,"Subpopulation_1"
"NGS_Nanog_WT_Rep2","Read_1924",0.455771159430069,"Subpopulation_1"
"NGS_Nanog_WT_Rep2","Read_1925",0.45602353587208,"Subpopulation_1"
"NGS_Nanog_WT_Rep2","Read_1926",0.461535232522854,"Subpopulation_1"
"NGS_Nanog_WT_Rep2","Read_1927",0.447983315561971,"Subpopulation_1"
"NGS_Nanog_WT_Rep2","Read_1928",0.453699739192143,"Subpopulation_1"
"NGS_Nanog_WT_Rep2","Read_1929",0.448047223079324,"Subpopulation_1"
"NGS_Nanog_WT_Rep2","Read_1930",0.453857674702949,"Subpopulation_1"
"NGS_Nanog_WT_Rep2","Read_1931",0.463771604793077,"Subpopulation_1"
"NGS_Nanog_WT_Rep2","Read_1932",0.449016427718276,"Subpopulation_1"
"NGS_Nanog_WT_Rep2","Read_1933",0.452498611105399,"Subpopulation_1"
"NGS_Nanog_WT_Rep2","Read_1934",0.454136686595523,"Subpopulation_1"
"NGS_Nanog_WT_Rep2","Read_1935",0.45392713822419,"Subpopulation_1"
"NGS_Nanog_WT_Rep2","Read_1936",0.454423052865186,"Subpopulation_1"
"NGS_Nanog_WT_Rep2","Read_1937",0.459391583978481,"Subpopulation_1"
"NGS_Nanog_WT_Rep2","Read_1938",0.470069544643068,"Subpopulation_1"
"NGS_Nanog_WT_Rep2","Read_1939",0.45804268087537,"Subpopulation_1"
"NGS_Nanog_WT_Rep2","Read_1940",0.456826424800245,"Subpopulation_1"
"NGS_Nanog_WT_Rep2","Read_1941",0.460307617102771,"Subpopulation_1"
"NGS_Nanog_WT_Rep2","Read_1942",0.462580071176222,"Subpopulation_1"
"NGS_Nanog_WT_Rep2","Read_1943",0.46465716599547,"Subpopulation_1"
"NGS_Nanog_WT_Rep2","Read_1944",0.463060359353454,"Subpopulation_1"
"NGS_Nanog_WT_Rep2","Read_1945",0.455779103466078,"Subpopulation_1"
"NGS_Nanog_WT_Rep2","Read_1946",0.449738005795026,"Subpopulation_1"
"NGS_Nanog_WT_Rep2","Read_1947",0.45584641516843,"Subpopulation_1"
"NGS_Nanog_WT_Rep2","Read_1948",0.4609307265152,"Subpopulation_1"
"NGS_Nanog_WT_Rep2","Read_1949",0.459851702554047,"Subpopulation_1"
"NGS_Nanog_WT_Rep2","Read_1950",0.444150425483685,"Subpopulation_1"
"NGS_Nanog_WT_Rep2","Read_1951",0.457728616184955,"Subpopulation_1"
"NGS_Nanog_WT_Rep2","Read_1952",0.452794024518596,"Subpopulation_1"
"NGS_Nanog_WT_Rep2","Read_1953",0.450616524943781,"Subpopulation_1"
"NGS_Nanog_WT_Rep2","Read_1954",0.457346511932659,"Subpopulation_1"
"NGS_Nanog_WT_Rep2","Read_1955",0.448414218333126,"Subpopulation_1"
"NGS_Nanog_WT_Rep2","Read_1956",0.461004207860055,"Subpopulation_1"
"NGS_Nanog_WT_Rep2","Read_1957",0.457283033600388,"Subpopulation_1"
"NGS_Nanog_WT_Rep2","Read_1958",0.459708684273113,"Subpopulation_1"
"NGS_Nanog_WT_Rep2","Read_1959",0.461632713560505,"Subpopulation_1"
"NGS_Nanog_WT_Rep2","Read_1960",0.467630088224432,"Subpopulation_1"
"NGS_Nanog_WT_Rep2","Read_1961",0.456364159113415,"Subpopulation_1"
"NGS_Nanog_WT_Rep2","Read_1962",0.452768652361581,"Subpopulation_1"
"NGS_Nanog_WT_Rep2","Read_1963",0.445616930966076,"Subpopulation_1"
"NGS_Nanog_WT_Rep2","Read_1964",0.453148593603966,"Subpopulation_1"
"NGS_Nanog_WT_Rep2","Read_1965",0.443587567017421,"Subpopulation_1"
"NGS_Nanog_WT_Rep2","Read_1966",0.45547776573612,"Subpopulation_1"
"NGS_Nanog_WT_Rep2","Read_1967",0.453677723242781,"Subpopulation_1"
"NGS_Nanog_WT_Rep2","Read_1968",0.457380784184137,"Subpopulation_1"
"NGS_Nanog_WT_Rep2","Read_1969",0.457141787893209,"Subpopulation_1"
"NGS_Nanog_WT_Rep2","Read_1970",0.45991303964308,"Subpopulation_1"
"NGS_Nanog_WT_Rep2","Read_1971",0.457840593451703,"Subpopulation_1"
"NGS_Nanog_WT_Rep2","Read_1972",0.457661756397674,"Subpopulation_1"
"NGS_Nanog_WT_Rep2","Read_1973",0.449975744369653,"Subpopulation_1"
"NGS_Nanog_WT_Rep2","Read_1974",0.449095861002928,"Subpopulation_1"
"NGS_Nanog_WT_Rep2","Read_1975",0.453332296207984,"Subpopulation_1"
"NGS_Nanog_WT_Rep2","Read_1976",0.456848249174869,"Subpopulation_1"
"NGS_Nanog_WT_Rep2","Read_1977",0.460707025304816,"Subpopulation_1"
"NGS_Nanog_WT_Rep2","Read_1978",0.458835390172103,"Subpopulation_1"
"NGS_Nanog_WT_Rep2","Read_1979",0.449970927418208,"Subpopulation_1"
"NGS_Nanog_WT_Rep2","Read_1980",0.450067277350192,"Subpopulation_1"
"NGS_Nanog_WT_Rep2","Read_1981",0.454422837846797,"Subpopulation_1"
"NGS_Nanog_WT_Rep2","Read_1982",0.463697307953986,"Subpopulation_1"
"NGS_Nanog_WT_Rep2","Read_1983",0.454019744306189,"Subpopulation_1"
"NGS_Nanog_WT_Rep2","Read_1984",0.45994908492996,"Subpopulation_1"
"NGS_Nanog_WT_Rep2","Read_1985",0.461227614810704,"Subpopulation_1"
"NGS_Nanog_WT_Rep2","Read_1986",0.458452995249647,"Subpopulation_1"
"NGS_Nanog_WT_Rep2","Read_1987",0.462262786230861,"Subpopulation_1"
"NGS_Nanog_WT_Rep2","Read_1988",0.456111452533656,"Subpopulation_1"
"NGS_Nanog_WT_Rep2","Read_1989",0.467006964215478,"Subpopulation_1"
"NGS_Nanog_WT_Rep2","Read_1990",0.452304361142128,"Subpopulation_1"
"NGS_Nanog_WT_Rep2","Read_1991",0.456292272971466,"Subpopulation_1"
"NGS_Nanog_WT_Rep2","Read_1992",0.45067812425997,"Subpopulation_1"
"NGS_Nanog_WT_Rep2","Read_1993",0.454212386814161,"Subpopulation_1"
"NGS_Nanog_WT_Rep2","Read_1994",0.440823090673342,"Subpopulation_1"
"NGS_Nanog_WT_Rep2","Read_1995",0.461708823142415,"Subpopulation_1"
"NGS_Nanog_WT_Rep2","Read_1996",0.457135051827595,"Subpopulation_1"
"NGS_Nanog_WT_Rep2","Read_1997",0.462363822265,"Subpopulation_1"
"NGS_Nanog_WT_Rep2","Read_1998",0.456557563902132,"Subpopulation_1"
"NGS_Nanog_WT_Rep2","Read_1999",0.454085730960795,"Subpopulation_1"
"NGS_Nanog_WT_Rep2","Read_2000",0.456666539332929,"Subpopulation_1"
"NGS_Nanog_WT_Rep2","Read_2001",0.458333746447234,"Subpopulation_1"
"NGS_Nanog_WT_Rep2","Read_2002",0.461349123270174,"Subpopulation_1"
"NGS_Nanog_WT_Rep2","Read_2003",0.455019092062563,"Subpopulation_1"
"NGS_Nanog_WT_Rep2","Read_2004",0.45858640337416,"Subpopulation_1"
"NGS_Nanog_WT_Rep2","Read_2005",0.461346439147445,"Subpopulation_1"
"NGS_Nanog_WT_Rep2","Read_2006",0.457670635295137,"Subpopulation_1"
"NGS_Nanog_WT_Rep2","Read_2007",0.45262228554426,"Subpopulation_1"
"NGS_Nanog_WT_Rep2","Read_2008",0.458739512655215,"Subpopulation_1"
"NGS_Nanog_WT_Rep2","Read_2009",0.474559686766899,"Subpopulation_1"
"NGS_Nanog_WT_Rep2","Read_2010",0.457093623244524,"Subpopulation_1"
"NGS_Nanog_WT_Rep2","Read_2011",0.452169812811873,"Subpopulation_1"
"NGS_Nanog_WT_Rep2","Read_2012",0.454798890119952,"Subpopulation_1"
"NGS_Nanog_WT_Rep2","Read_2013",0.45383856213337,"Subpopulation_1"
"NGS_Nanog_WT_Rep2","Read_2014",0.450343525955144,"Subpopulation_1"
"NGS_Nanog_WT_Rep2","Read_2015",0.456422857830725,"Subpopulation_1"
"NGS_Nanog_WT_Rep2","Read_2016",0.452072807522731,"Subpopulation_1"
"NGS_Nanog_WT_Rep2","Read_2017",0.454814994935423,"Subpopulation_1"
"NGS_Nanog_WT_Rep2","Read_2018",0.454514675005304,"Subpopulation_1"
"NGS_Nanog_WT_Rep2","Read_2019",0.455318037597957,"Subpopulation_1"
"NGS_Nanog_WT_Rep2","Read_2020",0.461612078548326,"Subpopulation_1"
"NGS_Nanog_WT_Rep2","Read_2021",0.455034018861336,"Subpopulation_1"
"NGS_Nanog_WT_Rep2","Read_2022",0.459809718639888,"Subpopulation_1"
"NGS_Nanog_WT_Rep2","Read_2023",0.469461592389644,"Subpopulation_1"
"NGS_Nanog_WT_Rep2","Read_2024",0.450600325463246,"Subpopulation_1"
"NGS_Nanog_WT_Rep2","Read_2025",0.461247927829072,"Subpopulation_1"
"NGS_Nanog_WT_Rep2","Read_2026",0.460667510735392,"Subpopulation_1"
"NGS_Nanog_WT_Rep2","Read_2027",0.465540208206869,"Subpopulation_1"
"NGS_Nanog_WT_Rep2","Read_2028",0.457743062097232,"Subpopulation_1"
"NGS_Nanog_WT_Rep2","Read_2029",0.462033168619012,"Subpopulation_1"
"NGS_Nanog_WT_Rep2","Read_2030",0.46204506402832,"Subpopulation_1"
"NGS_Nanog_WT_Rep2","Read_2031",0.449747406052026,"Subpopulation_1"
"NGS_Nanog_WT_Rep2","Read_2032",0.453040777569932,"Subpopulation_1"
"NGS_Nanog_WT_Rep2","Read_2033",0.452780967960244,"Subpopulation_1"
"NGS_Nanog_WT_Rep2","Read_2034",0.458561324028619,"Subpopulation_1"
"NGS_Nanog_WT_Rep2","Read_2035",0.46279825544203,"Subpopulation_1"
"NGS_Nanog_WT_Rep2","Read_2036",0.46262753234785,"Subpopulation_1"
"NGS_Nanog_WT_Rep2","Read_2037",0.460879268884478,"Subpopulation_1"
"NGS_Nanog_WT_Rep2","Read_2038",0.459688849609736,"Subpopulation_1"
"NGS_Nanog_WT_Rep2","Read_2039",0.463653056661247,"Subpopulation_1"
"NGS_Nanog_WT_Rep2","Read_2040",0.442181970367356,"Subpopulation_1"
"NGS_Nanog_WT_Rep2","Read_2041",0.462723966950209,"Subpopulation_1"
"NGS_Nanog_WT_Rep2","Read_2042",0.461519335659938,"Subpopulation_1"
"NGS_Nanog_WT_Rep2","Read_2043",0.465261427200715,"Subpopulation_1"
"NGS_Nanog_WT_Rep2","Read_2044",0.468028957393728,"Subpopulation_1"
"NGS_Nanog_WT_Rep2","Read_2045",0.458292767143209,"Subpopulation_1"
"NGS_Nanog_WT_Rep2","Read_2046",0.452792236609128,"Subpopulation_1"
"NGS_Nanog_WT_Rep2","Read_2047",0.445200306004489,"Subpopulation_1"
"NGS_Nanog_WT_Rep2","Read_2048",0.462853414751807,"Subpopulation_1"
"NGS_Nanog_WT_Rep2","Read_2049",0.458124532258128,"Subpopulation_1"
"NGS_Nanog_WT_Rep2","Read_2050",0.459295904182521,"Subpopulation_1"
"NGS_Nanog_WT_Rep2","Read_2051",0.454128792080948,"Subpopulation_1"
"NGS_Nanog_WT_Rep2","Read_2052",0.452486431409231,"Subpopulation_1"
"NGS_Nanog_WT_Rep2","Read_2053",0.462516631018687,"Subpopulation_1"
"NGS_Nanog_WT_Rep2","Read_2054",0.461813092372613,"Subpopulation_1"
"NGS_Nanog_WT_Rep2","Read_2055",0.455819196404553,"Subpopulation_1"
"NGS_Nanog_WT_Rep2","Read_2056",0.459532531196412,"Subpopulation_1"
"NGS_Nanog_WT_Rep2","Read_2057",0.46061762339143,"Subpopulation_1"
"NGS_Nanog_WT_Rep2","Read_2058",0.444091590066914,"Subpopulation_1"
"NGS_Nanog_WT_Rep2","Read_2059",0.453680658176947,"Subpopulation_1"
"NGS_Nanog_WT_Rep2","Read_2060",0.458243767483029,"Subpopulation_1"
"NGS_Nanog_WT_Rep2","Read_2061",0.459818870383612,"Subpopulation_1"
"NGS_Nanog_WT_Rep2","Read_2062",0.459538131439727,"Subpopulation_1"
"NGS_Nanog_WT_Rep2","Read_2063",0.461934281566245,"Subpopulation_1"
"NGS_Nanog_WT_Rep2","Read_2064",0.462074614706563,"Subpopulation_1"
"NGS_Nanog_WT_Rep2","Read_2065",0.451602772164017,"Subpopulation_1"
"NGS_Nanog_WT_Rep2","Read_2066",0.464490612003351,"Subpopulation_1"
"NGS_Nanog_WT_Rep2","Read_2067",0.454358434056678,"Subpopulation_1"
"NGS_Nanog_WT_Rep2","Read_2068",0.447883363179719,"Subpopulation_1"
"NGS_Nanog_WT_Rep2","Read_2069",0.450272538240258,"Subpopulation_1"
"NGS_Nanog_WT_Rep2","Read_2070",0.459325509263725,"Subpopulation_1"
"NGS_Nanog_WT_Rep2","Read_2071",0.451712017840048,"Subpopulation_1"
"NGS_Nanog_WT_Rep2","Read_2072",0.466002632949154,"Subpopulation_1"
"NGS_Nanog_WT_Rep2","Read_2073",0.448531729356452,"Subpopulation_1"
"NGS_Nanog_WT_Rep2","Read_2074",0.455359391456238,"Subpopulation_1"
"NGS_Nanog_WT_Rep2","Read_2075",0.452449730714851,"Subpopulation_1"
"NGS_Nanog_WT_Rep2","Read_2076",0.454242159038075,"Subpopulation_1"
"NGS_Nanog_WT_Rep2","Read_2077",0.464917627900348,"Subpopulation_1"
"NGS_Nanog_WT_Rep2","Read_2078",0.464828828984556,"Subpopulation_1"
"NGS_Nanog_WT_Rep2","Read_2079",0.460228059548621,"Subpopulation_1"
"NGS_Nanog_WT_Rep2","Read_2080",0.456019316092585,"Subpopulation_1"
"NGS_Nanog_WT_Rep2","Read_2081",0.448321156968778,"Subpopulation_1"
"NGS_Nanog_WT_Rep2","Read_2082",0.458139668852847,"Subpopulation_1"
"NGS_Nanog_WT_Rep2","Read_2083",0.45887503607399,"Subpopulation_1"
"NGS_Nanog_WT_Rep2","Read_2084",0.455296411137222,"Subpopulation_1"
"NGS_Nanog_WT_Rep2","Read_2085",0.461286313360934,"Subpopulation_1"
"NGS_Nanog_WT_Rep2","Read_2086",0.454469433242831,"Subpopulation_1"
"NGS_Nanog_WT_Rep2","Read_2087",0.44919363732471,"Subpopulation_1"
"NGS_Nanog_WT_Rep2","Read_2088",0.450834056746018,"Subpopulation_1"
"NGS_Nanog_WT_Rep2","Read_2089",0.457008778152051,"Subpopulation_1"
"NGS_Nanog_WT_Rep2","Read_2090",0.450711119362013,"Subpopulation_1"
"NGS_Nanog_WT_Rep2","Read_2091",0.462579594618426,"Subpopulation_1"
"NGS_Nanog_WT_Rep2","Read_2092",0.458179274084801,"Subpopulation_1"
"NGS_Nanog_WT_Rep2","Read_2093",0.452791716472581,"Subpopulation_1"
"NGS_Nanog_WT_Rep2","Read_2094",0.452554973341316,"Subpopulation_1"
"NGS_Nanog_WT_Rep2","Read_2095",0.464248874975744,"Subpopulation_1"
"NGS_Nanog_WT_Rep2","Read_2096",0.460944052472584,"Subpopulation_1"
"NGS_Nanog_WT_Rep2","Read_2097",0.459824044419481,"Subpopulation_1"
"NGS_Nanog_WT_Rep2","Read_2098",0.458084568971847,"Subpopulation_1"
"NGS_Nanog_WT_Rep2","Read_2099",0.460865317846206,"Subpopulation_1"
"NGS_Nanog_WT_Rep2","Read_2100",0.455261984597499,"Subpopulation_1"
"NGS_Nanog_WT_Rep2","Read_2101",0.457504739882878,"Subpopulation_1"
"NGS_Nanog_WT_Rep2","Read_2102",0.456036438348975,"Subpopulation_1"
"NGS_Nanog_WT_Rep2","Read_2103",0.453909061987459,"Subpopulation_1"
"NGS_Nanog_WT_Rep2","Read_2104",0.462577010353899,"Subpopulation_1"
"NGS_Nanog_WT_Rep2","Read_2105",0.45484991097105,"Subpopulation_1"
"NGS_Nanog_WT_Rep2","Read_2106",0.457305815686458,"Subpopulation_1"
"NGS_Nanog_WT_Rep2","Read_2107",0.459882832587069,"Subpopulation_1"
"NGS_Nanog_WT_Rep2","Read_2108",0.45880756250146,"Subpopulation_1"
"NGS_Nanog_WT_Rep2","Read_2109",0.464185168591483,"Subpopulation_1"
"NGS_Nanog_WT_Rep2","Read_2110",0.439670604117342,"Subpopulation_1"
"NGS_Nanog_WT_Rep2","Read_2111",0.450015869743153,"Subpopulation_1"
"NGS_Nanog_WT_Rep2","Read_2112",0.454786251696639,"Subpopulation_1"
"NGS_Nanog_WT_Rep2","Read_2113",0.454994548618735,"Subpopulation_1"
"NGS_Nanog_WT_Rep2","Read_2114",0.456765161494045,"Subpopulation_1"
"NGS_Nanog_WT_Rep2","Read_2115",0.455402382588866,"Subpopulation_1"
"NGS_Nanog_WT_Rep2","Read_2116",0.455131062860457,"Subpopulation_1"
"NGS_Nanog_WT_Rep2","Read_2117",0.455742929464212,"Subpopulation_1"
"NGS_Nanog_WT_Rep2","Read_2118",0.456018034431591,"Subpopulation_1"
"NGS_Nanog_WT_Rep2","Read_2119",0.460601097192147,"Subpopulation_1"
"NGS_Nanog_WT_Rep2","Read_2120",0.459913402801542,"Subpopulation_1"
"NGS_Nanog_WT_Rep2","Read_2121",0.461947934455992,"Subpopulation_1"
"NGS_Nanog_WT_Rep2","Read_2122",0.452269854560087,"Subpopulation_1"
"NGS_Nanog_WT_Rep2","Read_2123",0.466368436850147,"Subpopulation_1"
"NGS_Nanog_WT_Rep2","Read_2124",0.444308817287629,"Subpopulation_1"
"NGS_Nanog_WT_Rep2","Read_2125",0.457983584373267,"Subpopulation_1"
"NGS_Nanog_WT_Rep2","Read_2126",0.460010073799323,"Subpopulation_1"
"NGS_Nanog_WT_Rep2","Read_2127",0.457825621447143,"Subpopulation_1"
"NGS_Nanog_WT_Rep2","Read_2128",0.460190411533564,"Subpopulation_1"
"NGS_Nanog_WT_Rep2","Read_2129",0.451851389154132,"Subpopulation_1"
"NGS_Nanog_WT_Rep2","Read_2130",0.4525680833831,"Subpopulation_1"
"NGS_Nanog_WT_Rep2","Read_2131",0.457387129670853,"Subpopulation_1"
"NGS_Nanog_WT_Rep2","Read_2132",0.461888267423057,"Subpopulation_1"
"NGS_Nanog_WT_Rep2","Read_2133",0.457560873475719,"Subpopulation_1"
"NGS_Nanog_WT_Rep2","Read_2134",0.459824861831725,"Subpopulation_1"
"NGS_Nanog_WT_Rep2","Read_2135",0.46444872522958,"Subpopulation_1"
"NGS_Nanog_WT_Rep2","Read_2136",0.45482759706639,"Subpopulation_1"
"NGS_Nanog_WT_Rep2","Read_2137",0.455207370652,"Subpopulation_1"
"NGS_Nanog_WT_Rep2","Read_2138",0.461589761816521,"Subpopulation_1"
"NGS_Nanog_WT_Rep2","Read_2139",0.463473062413743,"Subpopulation_1"
"NGS_Nanog_WT_Rep2","Read_2140",0.460551736261089,"Subpopulation_1"
"NGS_Nanog_WT_Rep2","Read_2141",0.45516439236206,"Subpopulation_1"
"NGS_Nanog_WT_Rep2","Read_2142",0.456710663453424,"Subpopulation_1"
"NGS_Nanog_WT_Rep2","Read_2143",0.464615606155267,"Subpopulation_1"
"NGS_Nanog_WT_Rep2","Read_2144",0.449563777150505,"Subpopulation_1"
"NGS_Nanog_WT_Rep2","Read_2145",0.461290121859896,"Subpopulation_1"
"NGS_Nanog_WT_Rep2","Read_2146",0.462691801089123,"Subpopulation_1"
"NGS_Nanog_WT_Rep2","Read_2147",0.455290839320034,"Subpopulation_1"
"NGS_Nanog_WT_Rep2","Read_2148",0.454361146575309,"Subpopulation_1"
"NGS_Nanog_WT_Rep2","Read_2149",0.447652414443195,"Subpopulation_1"
"NGS_Nanog_WT_Rep2","Read_2150",0.456442635793752,"Subpopulation_1"
"NGS_Nanog_WT_Rep2","Read_2151",0.464582515742029,"Subpopulation_1"
"NGS_Nanog_WT_Rep2","Read_2152",0.44944330240302,"Subpopulation_1"
"NGS_Nanog_WT_Rep2","Read_2153",0.455299560830348,"Subpopulation_1"
"NGS_Nanog_WT_Rep2","Read_2154",0.453749102901067,"Subpopulation_1"
"NGS_Nanog_WT_Rep2","Read_2155",0.448615592121636,"Subpopulation_1"
"NGS_Nanog_WT_Rep2","Read_2156",0.45200134458557,"Subpopulation_1"
"NGS_Nanog_WT_Rep2","Read_2157",0.462825558655863,"Subpopulation_1"
"NGS_Nanog_WT_Rep2","Read_2158",0.464504126994438,"Subpopulation_1"
"NGS_Nanog_WT_Rep2","Read_2159",0.460010310220908,"Subpopulation_1"
"NGS_Nanog_WT_Rep2","Read_2160",0.457764111855604,"Subpopulation_1"
"NGS_Nanog_WT_Rep2","Read_2161",0.455738026153405,"Subpopulation_1"
"NGS_Nanog_WT_Rep2","Read_2162",0.451398808124823,"Subpopulation_1"
"NGS_Nanog_WT_Rep2","Read_2163",0.466021642387901,"Subpopulation_1"
"NGS_Nanog_WT_Rep2","Read_2164",0.453851519149533,"Subpopulation_1"
"NGS_Nanog_WT_Rep2","Read_2165",0.453491103180188,"Subpopulation_1"
"NGS_Nanog_WT_Rep2","Read_2166",0.452775358962223,"Subpopulation_1"
"NGS_Nanog_WT_Rep2","Read_2167",0.46003644864248,"Subpopulation_1"
"NGS_Nanog_WT_Rep2","Read_2168",0.463870039303931,"Subpopulation_1"
"NGS_Nanog_WT_Rep2","Read_2169",0.441749833794291,"Subpopulation_1"
"NGS_Nanog_WT_Rep2","Read_2170",0.45477934293084,"Subpopulation_1"
"NGS_Nanog_WT_Rep2","Read_2171",0.45992528949531,"Subpopulation_1"
"NGS_Nanog_WT_Rep2","Read_2172",0.45073684856032,"Subpopulation_1"
"NGS_Nanog_WT_Rep2","Read_2173",0.462062420267663,"Subpopulation_1"
"NGS_Nanog_WT_Rep2","Read_2174",0.451672787106279,"Subpopulation_1"
"NGS_Nanog_WT_Rep2","Read_2175",0.453039719508635,"Subpopulation_1"
"NGS_Nanog_WT_Rep2","Read_2176",0.453053205895511,"Subpopulation_1"
"NGS_Nanog_WT_Rep2","Read_2177",0.458854482668134,"Subpopulation_1"
"NGS_Nanog_WT_Rep2","Read_2178",0.454937446047214,"Subpopulation_1"
"NGS_Nanog_WT_Rep2","Read_2179",0.454783367787717,"Subpopulation_1"
"NGS_Nanog_WT_Rep2","Read_2180",0.45143805347877,"Subpopulation_1"
"NGS_Nanog_WT_Rep2","Read_2181",0.453622539383599,"Subpopulation_1"
"NGS_Nanog_WT_Rep2","Read_2182",0.458053508593185,"Subpopulation_1"
"NGS_Nanog_WT_Rep2","Read_2183",0.452213911649725,"Subpopulation_1"
"NGS_Nanog_WT_Rep2","Read_2184",0.45562678960765,"Subpopulation_1"
"NGS_Nanog_WT_Rep2","Read_2185",0.461834131763999,"Subpopulation_1"
"NGS_Nanog_WT_Rep2","Read_2186",0.45458509983284,"Subpopulation_1"
"NGS_Nanog_WT_Rep2","Read_2187",0.467371680927165,"Subpopulation_1"
"NGS_Nanog_WT_Rep2","Read_2188",0.452766549392628,"Subpopulation_1"
"NGS_Nanog_WT_Rep2","Read_2189",0.451958601943474,"Subpopulation_1"
"NGS_Nanog_WT_Rep2","Read_2190",0.453886333172444,"Subpopulation_1"
"NGS_Nanog_WT_Rep2","Read_2191",0.456629533550422,"Subpopulation_1"
"NGS_Nanog_WT_Rep2","Read_2192",0.455103344740236,"Subpopulation_1"
"NGS_Nanog_WT_Rep2","Read_2193",0.451082581785113,"Subpopulation_1"
"NGS_Nanog_WT_Rep2","Read_2194",0.461373818167975,"Subpopulation_1"
"NGS_Nanog_WT_Rep2","Read_2195",0.448457731362232,"Subpopulation_1"
"NGS_Nanog_WT_Rep2","Read_2196",0.453865595588639,"Subpopulation_1"
"NGS_Nanog_WT_Rep2","Read_2197",0.451862772166591,"Subpopulation_1"
"NGS_Nanog_WT_Rep2","Read_2198",0.449652542354758,"Subpopulation_1"
"NGS_Nanog_WT_Rep2","Read_2199",0.454840869470721,"Subpopulation_1"
"NGS_Nanog_WT_Rep2","Read_2200",0.463682032356082,"Subpopulation_1"
"NGS_Nanog_WT_Rep2","Read_2201",0.461551544367964,"Subpopulation_1"
"NGS_Nanog_WT_Rep2","Read_2202",0.459253917705347,"Subpopulation_1"
"NGS_Nanog_WT_Rep2","Read_2203",0.45364632093049,"Subpopulation_1"
"NGS_Nanog_WT_Rep2","Read_2204",0.465585490551839,"Subpopulation_1"
"NGS_Nanog_WT_Rep2","Read_2205",0.458189895305002,"Subpopulation_1"
"NGS_Nanog_WT_Rep2","Read_2206",0.459458097635911,"Subpopulation_1"
"NGS_Nanog_WT_Rep2","Read_2207",0.459104114142959,"Subpopulation_1"
"NGS_Nanog_WT_Rep2","Read_2208",0.457979397898001,"Subpopulation_1"
"NGS_Nanog_WT_Rep2","Read_2209",0.446987322546057,"Subpopulation_1"
"NGS_Nanog_WT_Rep2","Read_2210",0.459790848507809,"Subpopulation_1"
"NGS_Nanog_WT_Rep2","Read_2211",0.459775165007378,"Subpopulation_1"
"NGS_Nanog_WT_Rep2","Read_2212",0.438174035098142,"Subpopulation_1"
"NGS_Nanog_WT_Rep2","Read_2213",0.437334413498413,"Subpopulation_1"
"NGS_Nanog_WT_Rep2","Read_2214",0.455663182126233,"Subpopulation_1"
"NGS_Nanog_WT_Rep2","Read_2215",0.46291530386304,"Subpopulation_1"
"NGS_Nanog_WT_Rep2","Read_2216",0.459487043392513,"Subpopulation_1"
"NGS_Nanog_WT_Rep2","Read_2217",0.469352778204963,"Subpopulation_1"
"NGS_Nanog_WT_Rep2","Read_2218",0.45718167543414,"Subpopulation_1"
"NGS_Nanog_WT_Rep2","Read_2219",0.449239095450289,"Subpopulation_1"
"NGS_Nanog_WT_Rep2","Read_2220",0.453530949587343,"Subpopulation_1"
"NGS_Nanog_WT_Rep2","Read_2221",0.458017609822452,"Subpopulation_1"
"NGS_Nanog_WT_Rep2","Read_2222",0.455692602455999,"Subpopulation_1"
"NGS_Nanog_WT_Rep2","Read_2223",0.455385878146315,"Subpopulation_1"
"NGS_Nanog_WT_Rep2","Read_2224",0.456905238502778,"Subpopulation_1"
"NGS_Nanog_WT_Rep2","Read_2225",0.464564343666775,"Subpopulation_1"
"NGS_Nanog_WT_Rep2","Read_2226",0.449634697506797,"Subpopulation_1"
"NGS_Nanog_WT_Rep2","Read_2227",0.452111579479774,"Subpopulation_1"
"NGS_Nanog_WT_Rep2","Read_2228",0.452166021618281,"Subpopulation_1"
"NGS_Nanog_WT_Rep2","Read_2229",0.467112922657125,"Subpopulation_1"
"NGS_Nanog_WT_Rep2","Read_2230",0.45176798634765,"Subpopulation_1"
"NGS_Nanog_WT_Rep2","Read_2231",0.459326912909584,"Subpopulation_1"
"NGS_Nanog_WT_Rep2","Read_2232",0.463841748911265,"Subpopulation_1"
"NGS_Nanog_WT_Rep2","Read_2233",0.445795069407993,"Subpopulation_1"
"NGS_Nanog_WT_Rep2","Read_2234",0.459250894888393,"Subpopulation_1"
"NGS_Nanog_WT_Rep2","Read_2235",0.457647014660362,"Subpopulation_1"
"NGS_Nanog_WT_Rep2","Read_2236",0.454469860159563,"Subpopulation_1"
"NGS_Nanog_WT_Rep2","Read_2237",0.456268582996526,"Subpopulation_1"
"NGS_Nanog_WT_Rep2","Read_2238",0.455621128154952,"Subpopulation_1"
"NGS_Nanog_WT_Rep2","Read_2239",0.451155556456256,"Subpopulation_1"
"NGS_Nanog_WT_Rep2","Read_2240",0.450873001342198,"Subpopulation_1"
"NGS_Nanog_WT_Rep2","Read_2241",0.459674211984154,"Subpopulation_1"
"NGS_Nanog_WT_Rep2","Read_2242",0.451070769399889,"Subpopulation_1"
"NGS_Nanog_WT_Rep2","Read_2243",0.459695262894883,"Subpopulation_1"
"NGS_Nanog_WT_Rep2","Read_2244",0.455278791526204,"Subpopulation_1"
"NGS_Nanog_WT_Rep2","Read_2245",0.460239479796674,"Subpopulation_1"
"NGS_Nanog_WT_Rep2","Read_2246",0.46731875778823,"Subpopulation_1"
"NGS_Nanog_WT_Rep2","Read_2247",0.449003306237886,"Subpopulation_1"
"NGS_Nanog_WT_Rep2","Read_2248",0.454734308526471,"Subpopulation_1"
"NGS_Nanog_WT_Rep2","Read_2249",0.45617379690752,"Subpopulation_1"
"NGS_Nanog_WT_Rep2","Read_2250",0.456473048485127,"Subpopulation_1"
"NGS_Nanog_WT_Rep2","Read_2251",0.454423760389548,"Subpopulation_1"
"NGS_Nanog_WT_Rep2","Read_2252",0.459137084522705,"Subpopulation_1"
"NGS_Nanog_WT_Rep2","Read_2253",0.459839579049342,"Subpopulation_1"
"NGS_Nanog_WT_Rep2","Read_2254",0.447596274536405,"Subpopulation_1"
"NGS_Nanog_WT_Rep2","Read_2255",0.451702969036316,"Subpopulation_1"
"NGS_Nanog_WT_Rep2","Read_2256",0.46126353255503,"Subpopulation_1"
"NGS_Nanog_WT_Rep2","Read_2257",0.458387595871991,"Subpopulation_1"
"NGS_Nanog_WT_Rep2","Read_2258",0.460574486814645,"Subpopulation_1"
"NGS_Nanog_WT_Rep2","Read_2259",0.453179403391557,"Subpopulation_1"
"NGS_Nanog_WT_Rep2","Read_2260",0.46170746574875,"Subpopulation_1"
"NGS_Nanog_WT_Rep2","Read_2261",0.462098893438833,"Subpopulation_1"
"NGS_Nanog_WT_Rep2","Read_2262",0.457329520666483,"Subpopulation_1"
"NGS_Nanog_WT_Rep2","Read_2263",0.466125808585449,"Subpopulation_1"
"NGS_Nanog_WT_Rep2","Read_2264",0.453992437534245,"Subpopulation_1"
"NGS_Nanog_WT_Rep2","Read_2265",0.469921455381759,"Subpopulation_1"
"NGS_Nanog_WT_Rep2","Read_2266",0.461215356904832,"Subpopulation_1"
"NGS_Nanog_WT_Rep2","Read_2267",0.462541211127256,"Subpopulation_1"
"NGS_Nanog_WT_Rep2","Read_2268",0.461275195875156,"Subpopulation_1"
"NGS_Nanog_WT_Rep2","Read_2269",0.454086710309782,"Subpopulation_1"
"NGS_Nanog_WT_Rep2","Read_2270",0.453472548730151,"Subpopulation_1"
"NGS_Nanog_WT_Rep2","Read_2271",0.452780087724762,"Subpopulation_1"
"NGS_Nanog_WT_Rep2","Read_2272",0.455367111827661,"Subpopulation_1"
"NGS_Nanog_WT_Rep2","Read_2273",0.452508013646967,"Subpopulation_1"
"NGS_Nanog_WT_Rep2","Read_2274",0.453018510665585,"Subpopulation_1"
"NGS_Nanog_WT_Rep2","Read_2275",0.456124258333156,"Subpopulation_1"
"NGS_Nanog_WT_Rep2","Read_2276",0.462923784705549,"Subpopulation_1"
"NGS_Nanog_WT_Rep2","Read_2277",0.455310108639327,"Subpopulation_1"
"NGS_Nanog_WT_Rep2","Read_2278",0.454575918382532,"Subpopulation_1"
"NGS_Nanog_WT_Rep2","Read_2279",0.455096993895609,"Subpopulation_1"
"NGS_Nanog_WT_Rep2","Read_2280",0.462130092851244,"Subpopulation_1"
"NGS_Nanog_WT_Rep2","Read_2281",0.454278858720713,"Subpopulation_1"
"NGS_Nanog_WT_Rep2","Read_2282",0.45188188450746,"Subpopulation_1"
"NGS_Nanog_WT_Rep2","Read_2283",0.455563483940819,"Subpopulation_1"
"NGS_Nanog_WT_Rep2","Read_2284",0.450411579274496,"Subpopulation_1"
"NGS_Nanog_WT_Rep2","Read_2285",0.452209225209034,"Subpopulation_1"
"NGS_Nanog_WT_Rep2","Read_2286",0.458727995339346,"Subpopulation_1"
"NGS_Nanog_WT_Rep2","Read_2287",0.449470865449641,"Subpopulation_1"
"NGS_Nanog_WT_Rep2","Read_2288",0.458256894067853,"Subpopulation_1"
"NGS_Nanog_WT_Rep2","Read_2289",0.452672749787747,"Subpopulation_1"
"NGS_Nanog_WT_Rep2","Read_2290",0.448188233611041,"Subpopulation_1"
"NGS_Nanog_WT_Rep2","Read_2291",0.447267703405379,"Subpopulation_1"
"NGS_Nanog_WT_Rep2","Read_2292",0.45268363652632,"Subpopulation_1"
"NGS_Nanog_WT_Rep2","Read_2293",0.448430964863989,"Subpopulation_1"
"NGS_Nanog_WT_Rep2","Read_2294",0.458440567978556,"Subpopulation_1"
"NGS_Nanog_WT_Rep2","Read_2295",0.465673423239156,"Subpopulation_1"
"NGS_Nanog_WT_Rep2","Read_2296",0.456195588257122,"Subpopulation_1"
"NGS_Nanog_WT_Rep2","Read_2297",0.456461298141704,"Subpopulation_1"
"NGS_Nanog_WT_Rep2","Read_2298",0.452502193685154,"Subpopulation_1"
"NGS_Nanog_WT_Rep2","Read_2299",0.451401373887687,"Subpopulation_1"
"NGS_Nanog_WT_Rep2","Read_2300",0.459106069758393,"Subpopulation_1"
"NGS_Nanog_WT_Rep2","Read_2301",0.454233270409972,"Subpopulation_1"
"NGS_Nanog_WT_Rep2","Read_2302",0.457121350107499,"Subpopulation_1"
"NGS_Nanog_WT_Rep2","Read_2303",0.457901732859327,"Subpopulation_1"
"NGS_Nanog_WT_Rep2","Read_2304",0.453169892891408,"Subpopulation_1"
"NGS_Nanog_WT_Rep2","Read_2305",0.461159293038163,"Subpopulation_1"
"NGS_Nanog_WT_Rep2","Read_2306",0.453371188491118,"Subpopulation_1"
"NGS_Nanog_WT_Rep2","Read_2307",0.461341311838741,"Subpopulation_1"
"NGS_Nanog_WT_Rep2","Read_2308",0.457349010223173,"Subpopulation_1"
"NGS_Nanog_WT_Rep2","Read_2309",0.456177762051816,"Subpopulation_1"
"NGS_Nanog_WT_Rep2","Read_2310",0.459174402422928,"Subpopulation_1"
"NGS_Nanog_WT_Rep2","Read_2311",0.449708619919847,"Subpopulation_1"
"NGS_Nanog_WT_Rep2","Read_2312",0.456683628239525,"Subpopulation_1"
"NGS_Nanog_WT_Rep2","Read_2313",0.462710448085896,"Subpopulation_1"
"NGS_Nanog_WT_Rep2","Read_2314",0.458554048455949,"Subpopulation_1"
"NGS_Nanog_WT_Rep2","Read_2315",0.45365529324577,"Subpopulation_1"
"NGS_Nanog_WT_Rep2","Read_2316",0.461228575632796,"Subpopulation_1"
"NGS_Nanog_WT_Rep2","Read_2317",0.469670965415654,"Subpopulation_1"
"NGS_Nanog_WT_Rep2","Read_2318",0.451857089404558,"Subpopulation_1"
"NGS_Nanog_WT_Rep2","Read_2319",0.459312383595776,"Subpopulation_1"
"NGS_Nanog_WT_Rep2","Read_2320",0.453991180291718,"Subpopulation_1"
"NGS_Nanog_WT_Rep2","Read_2321",0.453293681500219,"Subpopulation_1"
"NGS_Nanog_WT_Rep2","Read_2322",0.462910229208632,"Subpopulation_1"
"NGS_Nanog_WT_Rep2","Read_2323",0.448493682896574,"Subpopulation_1"
"NGS_Nanog_WT_Rep2","Read_2324",0.448887064401318,"Subpopulation_1"
"NGS_Nanog_WT_Rep2","Read_2325",0.449887282861997,"Subpopulation_1"
"NGS_Nanog_WT_Rep2","Read_2326",0.45948498841013,"Subpopulation_1"
"NGS_Nanog_WT_Rep2","Read_2327",0.457911000070259,"Subpopulation_1"
"NGS_Nanog_WT_Rep2","Read_2328",0.448281482913689,"Subpopulation_1"
"NGS_Nanog_WT_Rep2","Read_2329",0.441371334462753,"Subpopulation_1"
"NGS_Nanog_WT_Rep2","Read_2330",0.463167952543429,"Subpopulation_1"
"NGS_Nanog_WT_Rep2","Read_2331",0.45212349782942,"Subpopulation_1"
"NGS_Nanog_WT_Rep2","Read_2332",0.449308831203944,"Subpopulation_1"
"NGS_Nanog_WT_Rep2","Read_2333",0.454782719444778,"Subpopulation_1"
"NGS_Nanog_WT_Rep2","Read_2334",0.450100233715647,"Subpopulation_1"
"NGS_Nanog_WT_Rep2","Read_2335",0.455983427743697,"Subpopulation_1"
"NGS_Nanog_WT_Rep2","Read_2336",0.461520711844358,"Subpopulation_1"
"NGS_Nanog_WT_Rep2","Read_2337",0.45538153189023,"Subpopulation_1"
"NGS_Nanog_WT_Rep2","Read_2338",0.455989533580416,"Subpopulation_1"
"NGS_Nanog_WT_Rep2","Read_2339",0.456197264750579,"Subpopulation_1"
"NGS_Nanog_WT_Rep2","Read_2340",0.46915929720822,"Subpopulation_1"
"NGS_Nanog_WT_Rep2","Read_2341",0.457751139756353,"Subpopulation_1"
"NGS_Nanog_WT_Rep2","Read_2342",0.462148275140639,"Subpopulation_1"
"NGS_Nanog_WT_Rep2","Read_2343",0.459105188713242,"Subpopulation_1"
"NGS_Nanog_WT_Rep2","Read_2344",0.46259229863967,"Subpopulation_1"
"NGS_Nanog_WT_Rep2","Read_2345",0.456239703593073,"Subpopulation_1"
"NGS_Nanog_WT_Rep2","Read_2346",0.461195393438144,"Subpopulation_1"
"NGS_Nanog_WT_Rep2","Read_2347",0.459138205997816,"Subpopulation_1"
"NGS_Nanog_WT_Rep2","Read_2348",0.45799514066842,"Subpopulation_1"
"NGS_Nanog_WT_Rep2","Read_2349",0.467996237162965,"Subpopulation_1"
"NGS_Nanog_WT_Rep2","Read_2350",0.455542245156232,"Subpopulation_1"
"NGS_Nanog_WT_Rep2","Read_2351",0.469855316808903,"Subpopulation_1"
"NGS_Nanog_WT_Rep2","Read_2352",0.460878626961155,"Subpopulation_1"
"NGS_Nanog_WT_Rep2","Read_2353",0.454427909918548,"Subpopulation_1"
"NGS_Nanog_WT_Rep2","Read_2354",0.45545954158557,"Subpopulation_1"
"NGS_Nanog_WT_Rep2","Read_2355",0.450953459747453,"Subpopulation_1"
"NGS_Nanog_WT_Rep2","Read_2356",0.456719118199325,"Subpopulation_1"
"NGS_Nanog_WT_Rep2","Read_2357",0.453052314417027,"Subpopulation_1"
"NGS_Nanog_WT_Rep2","Read_2358",0.450582990417845,"Subpopulation_1"
"NGS_Nanog_WT_Rep2","Read_2359",0.459679780111054,"Subpopulation_1"
"NGS_Nanog_WT_Rep2","Read_2360",0.462673974850766,"Subpopulation_1"
"NGS_Nanog_WT_Rep2","Read_2361",0.45887114104301,"Subpopulation_1"
"NGS_Nanog_WT_Rep2","Read_2362",0.448743665466696,"Subpopulation_1"
"NGS_Nanog_WT_Rep2","Read_2363",0.455522472813417,"Subpopulation_1"
"NGS_Nanog_WT_Rep2","Read_2364",0.462809912608835,"Subpopulation_1"
"NGS_Nanog_WT_Rep2","Read_2365",0.460131311505192,"Subpopulation_1"
"NGS_Nanog_WT_Rep2","Read_2366",0.454699466241224,"Subpopulation_1"
"NGS_Nanog_WT_Rep2","Read_2367",0.455275001896239,"Subpopulation_1"
"NGS_Nanog_WT_Rep2","Read_2368",0.454327998287102,"Subpopulation_1"
"NGS_Nanog_WT_Rep2","Read_2369",0.457759316911256,"Subpopulation_1"
"NGS_Nanog_WT_Rep2","Read_2370",0.459169488599899,"Subpopulation_1"
"NGS_Nanog_WT_Rep2","Read_2371",0.468502716153566,"Subpopulation_1"
"NGS_Nanog_WT_Rep2","Read_2372",0.455435772069523,"Subpopulation_1"
"NGS_Nanog_WT_Rep2","Read_2373",0.447114902232341,"Subpopulation_1"
"NGS_Nanog_WT_Rep2","Read_2374",0.462291105250011,"Subpopulation_1"
"NGS_Nanog_WT_Rep2","Read_2375",0.457307225704407,"Subpopulation_1"
"NGS_Nanog_WT_Rep2","Read_2376",0.450776620979046,"Subpopulation_1"
"NGS_Nanog_WT_Rep2","Read_2377",0.454368560136095,"Subpopulation_1"
"NGS_Nanog_WT_Rep2","Read_2378",0.445532023940834,"Subpopulation_1"
"NGS_Nanog_WT_Rep2","Read_2379",0.455332647746568,"Subpopulation_1"
"NGS_Nanog_WT_Rep2","Read_2380",0.462687807732076,"Subpopulation_1"
"NGS_Nanog_WT_Rep2","Read_2381",0.452793731140294,"Subpopulation_1"
"NGS_Nanog_WT_Rep2","Read_2382",0.458250543846005,"Subpopulation_1"
"NGS_Nanog_WT_Rep2","Read_2383",0.45629022336025,"Subpopulation_1"
"NGS_Nanog_WT_Rep2","Read_2384",0.456024680534325,"Subpopulation_1"
"NGS_Nanog_WT_Rep2","Read_2385",0.447947441974606,"Subpopulation_1"
"NGS_Nanog_WT_Rep2","Read_2386",0.457479972292164,"Subpopulation_1"
"NGS_Nanog_WT_Rep2","Read_2387",0.441136200008982,"Subpopulation_1"
"NGS_Nanog_WT_Rep2","Read_2388",0.46095301805002,"Subpopulation_1"
"NGS_Nanog_WT_Rep2","Read_2389",0.455096481862101,"Subpopulation_1"
"NGS_Nanog_WT_Rep2","Read_2390",0.456805657701966,"Subpopulation_1"
"NGS_Nanog_WT_Rep2","Read_2391",0.460008768268451,"Subpopulation_1"
"NGS_Nanog_WT_Rep2","Read_2392",0.467331939997009,"Subpopulation_1"
"NGS_Nanog_WT_Rep2","Read_2393",0.463753601733226,"Subpopulation_1"
"NGS_Nanog_WT_Rep2","Read_2394",0.466289525300521,"Subpopulation_1"
"NGS_Nanog_WT_Rep2","Read_2395",0.454843477155938,"Subpopulation_1"
"NGS_Nanog_WT_Rep2","Read_2396",0.459395199239278,"Subpopulation_1"
"NGS_Nanog_WT_Rep2","Read_2397",0.451946266197247,"Subpopulation_1"
"NGS_Nanog_WT_Rep2","Read_2398",0.456705715791072,"Subpopulation_1"
"NGS_Nanog_WT_Rep2","Read_2399",0.45438290015861,"Subpopulation_1"
"NGS_Nanog_WT_Rep2","Read_2400",0.45122163744214,"Subpopulation_1"
"NGS_Nanog_WT_Rep2","Read_2401",0.46016603537349,"Subpopulation_1"
"NGS_Nanog_WT_Rep2","Read_2402",0.457127333295901,"Subpopulation_1"
"NGS_Nanog_WT_Rep2","Read_2403",0.457722319797107,"Subpopulation_1"
"NGS_Nanog_WT_Rep2","Read_2404",0.453602165407837,"Subpopulation_1"
"NGS_Nanog_WT_Rep2","Read_2405",0.45995343223379,"Subpopulation_1"
"NGS_Nanog_WT_Rep2","Read_2406",0.458974593768132,"Subpopulation_1"
"NGS_Nanog_WT_Rep2","Read_2407",0.454659154607698,"Subpopulation_1"
"NGS_Nanog_WT_Rep2","Read_2408",0.456976996612297,"Subpopulation_1"
"NGS_Nanog_WT_Rep2","Read_2409",0.453514618623021,"Subpopulation_1"
"NGS_Nanog_WT_Rep2","Read_2410",0.45745516430721,"Subpopulation_1"
"NGS_Nanog_WT_Rep2","Read_2411",0.447818000233926,"Subpopulation_1"
"NGS_Nanog_WT_Rep2","Read_2412",0.449812056414574,"Subpopulation_1"
"NGS_Nanog_WT_Rep2","Read_2413",0.455999957872541,"Subpopulation_1"
"NGS_Nanog_WT_Rep2","Read_2414",0.454405740477995,"Subpopulation_1"
"NGS_Nanog_WT_Rep2","Read_2415",0.453711428077665,"Subpopulation_1"
"NGS_Nanog_WT_Rep2","Read_2416",0.462854001323748,"Subpopulation_1"
"NGS_Nanog_WT_Rep2","Read_2417",0.448011013659958,"Subpopulation_1"
"NGS_Nanog_WT_Rep2","Read_2418",0.454619457736247,"Subpopulation_1"
"NGS_Nanog_WT_Rep2","Read_2419",0.445129997255072,"Subpopulation_1"
"NGS_Nanog_WT_Rep2","Read_2420",0.458998366676734,"Subpopulation_1"
"NGS_Nanog_WT_Rep2","Read_2421",0.453971186878622,"Subpopulation_1"
"NGS_Nanog_WT_Rep2","Read_2422",0.451146207925816,"Subpopulation_1"
"NGS_Nanog_WT_Rep2","Read_2423",0.456664120851047,"Subpopulation_1"
"NGS_Nanog_WT_Rep2","Read_2424",0.459157012998416,"Subpopulation_1"
"NGS_Nanog_WT_Rep2","Read_2425",0.457180481796064,"Subpopulation_1"
"NGS_Nanog_WT_Rep2","Read_2426",0.465518277938514,"Subpopulation_1"
"NGS_Nanog_WT_Rep2","Read_2427",0.462693568199613,"Subpopulation_1"
"NGS_Nanog_WT_Rep2","Read_2428",0.455253491280612,"Subpopulation_1"
"NGS_Nanog_WT_Rep2","Read_2429",0.4515504411389,"Subpopulation_1"
"NGS_Nanog_WT_Rep2","Read_2430",0.462151956622157,"Subpopulation_1"
"NGS_Nanog_WT_Rep2","Read_2431",0.462180946758725,"Subpopulation_1"
"NGS_Nanog_WT_Rep2","Read_2432",0.454944416549135,"Subpopulation_1"
"NGS_Nanog_WT_Rep2","Read_2433",0.446189329721348,"Subpopulation_1"
"NGS_Nanog_WT_Rep2","Read_2434",0.448900339832488,"Subpopulation_1"
"NGS_Nanog_WT_Rep2","Read_2435",0.456288957584626,"Subpopulation_1"
"NGS_Nanog_WT_Rep2","Read_2436",0.460079460087127,"Subpopulation_1"
"NGS_Nanog_WT_Rep2","Read_2437",0.453786588930968,"Subpopulation_1"
"NGS_Nanog_WT_Rep2","Read_2438",0.462854117707444,"Subpopulation_1"
"NGS_Nanog_WT_Rep2","Read_2439",0.45005015017859,"Subpopulation_1"
"NGS_Nanog_WT_Rep2","Read_2440",0.453767138008114,"Subpopulation_1"
"NGS_Nanog_WT_Rep2","Read_2441",0.448694700201679,"Subpopulation_1"
"NGS_Nanog_WT_Rep2","Read_2442",0.458730117454228,"Subpopulation_1"
"NGS_Nanog_WT_Rep2","Read_2443",0.45630504243591,"Subpopulation_1"
"NGS_Nanog_WT_Rep2","Read_2444",0.460718711705177,"Subpopulation_1"
"NGS_Nanog_WT_Rep2","Read_2445",0.453724093529697,"Subpopulation_1"
"NGS_Nanog_WT_Rep2","Read_2446",0.450235827303886,"Subpopulation_1"
"NGS_Nanog_WT_Rep2","Read_2447",0.462116930063781,"Subpopulation_1"
"NGS_Nanog_WT_Rep2","Read_2448",0.456142158800034,"Subpopulation_1"
"NGS_Nanog_WT_Rep2","Read_2449",0.468870827608059,"Subpopulation_1"
"NGS_Nanog_WT_Rep2","Read_2450",0.468026469497515,"Subpopulation_1"
"NGS_Nanog_WT_Rep2","Read_2451",0.459439028304656,"Subpopulation_1"
"NGS_Nanog_WT_Rep2","Read_2452",0.454831752036986,"Subpopulation_1"
"NGS_Nanog_WT_Rep2","Read_2453",0.452994178207231,"Subpopulation_1"
"NGS_Nanog_WT_Rep2","Read_2454",0.452388971238608,"Subpopulation_1"
"NGS_Nanog_WT_Rep2","Read_2455",0.452478989826732,"Subpopulation_1"
"NGS_Nanog_WT_Rep2","Read_2456",0.460293142392535,"Subpopulation_1"
"NGS_Nanog_WT_Rep2","Read_2457",0.455468672691798,"Subpopulation_1"
"NGS_Nanog_WT_Rep2","Read_2458",0.453961771515965,"Subpopulation_1"
"NGS_Nanog_WT_Rep2","Read_2459",0.464427933428209,"Subpopulation_1"
"NGS_Nanog_WT_Rep2","Read_2460",0.449117676068268,"Subpopulation_1"
"NGS_Nanog_WT_Rep2","Read_2461",0.456473634871146,"Subpopulation_1"
"NGS_Nanog_WT_Rep2","Read_2462",0.454263044694612,"Subpopulation_1"
"NGS_Nanog_WT_Rep2","Read_2463",0.451450827938148,"Subpopulation_1"
"NGS_Nanog_WT_Rep2","Read_2464",0.457077187875122,"Subpopulation_1"
"NGS_Nanog_WT_Rep2","Read_2465",0.449469681380889,"Subpopulation_1"
"NGS_Nanog_WT_Rep2","Read_2466",0.467454864544676,"Subpopulation_1"
"NGS_Nanog_WT_Rep2","Read_2467",0.459125588492271,"Subpopulation_1"
"NGS_Nanog_WT_Rep2","Read_2468",0.460528161350889,"Subpopulation_1"
"NGS_Nanog_WT_Rep2","Read_2469",0.460014669987399,"Subpopulation_1"
"NGS_Nanog_WT_Rep2","Read_2470",0.461516405280038,"Subpopulation_1"
"NGS_Nanog_WT_Rep2","Read_2471",0.458064032074363,"Subpopulation_1"
"NGS_Nanog_WT_Rep2","Read_2472",0.446304992465865,"Subpopulation_1"
"NGS_Nanog_WT_Rep2","Read_2473",0.454876500422991,"Subpopulation_1"
"NGS_Nanog_WT_Rep2","Read_2474",0.445945420485899,"Subpopulation_1"
"NGS_Nanog_WT_Rep2","Read_2475",0.451247909236377,"Subpopulation_1"
"NGS_Nanog_WT_Rep2","Read_2476",0.456713631076038,"Subpopulation_1"
"NGS_Nanog_WT_Rep2","Read_2477",0.457838444962249,"Subpopulation_1"
"NGS_Nanog_WT_Rep2","Read_2478",0.464491602386956,"Subpopulation_1"
"NGS_Nanog_WT_Rep2","Read_2479",0.446167420243852,"Subpopulation_1"
"NGS_Nanog_WT_Rep2","Read_2480",0.450894300933443,"Subpopulation_1"
"NGS_Nanog_WT_Rep2","Read_2481",0.452927841610686,"Subpopulation_1"
"NGS_Nanog_WT_Rep2","Read_2482",0.449050157073192,"Subpopulation_1"
"NGS_Nanog_WT_Rep2","Read_2483",0.449835225048566,"Subpopulation_1"
"NGS_Nanog_WT_Rep2","Read_2484",0.449592275855286,"Subpopulation_1"
"NGS_Nanog_WT_Rep2","Read_2485",0.449145722020032,"Subpopulation_1"
"NGS_Nanog_WT_Rep2","Read_2486",0.458420480458649,"Subpopulation_1"
"NGS_Nanog_WT_Rep2","Read_2487",0.454491444194136,"Subpopulation_1"
"NGS_Nanog_WT_Rep2","Read_2488",0.457464041337106,"Subpopulation_1"
"NGS_Nanog_WT_Rep2","Read_2489",0.460221880679306,"Subpopulation_1"
"NGS_Nanog_WT_Rep2","Read_2490",0.463826597236657,"Subpopulation_1"
"NGS_Nanog_WT_Rep2","Read_2491",0.457678165588092,"Subpopulation_1"
"NGS_Nanog_WT_Rep2","Read_2492",0.457974206185771,"Subpopulation_1"
"NGS_Nanog_WT_Rep2","Read_2493",0.457882911765948,"Subpopulation_1"
"NGS_Nanog_WT_Rep2","Read_2494",0.462566197544825,"Subpopulation_1"
"NGS_Nanog_WT_Rep2","Read_2495",0.461654066017073,"Subpopulation_1"
"NGS_Nanog_WT_Rep2","Read_2496",0.460460614857341,"Subpopulation_1"
"NGS_Nanog_WT_Rep2","Read_2497",0.457871998923755,"Subpopulation_1"
"NGS_Nanog_WT_Rep2","Read_2498",0.457470355198704,"Subpopulation_1"
"NGS_Nanog_WT_Rep2","Read_2499",0.456509442088511,"Subpopulation_1"
"NGS_Nanog_WT_Rep2","Read_2500",0.454279257968402,"Subpopulation_1"
"NGS_Nanog_WT_Rep2","Read_2501",0.460145188136409,"Subpopulation_1"
"NGS_Nanog_WT_Rep2","Read_2502",0.460150266201267,"Subpopulation_1"
"NGS_Nanog_WT_Rep2","Read_2503",0.454004521115904,"Subpopulation_1"
"NGS_Nanog_WT_Rep2","Read_2504",0.447142708433786,"Subpopulation_1"
"NGS_Nanog_WT_Rep2","Read_2505",0.450001772863961,"Subpopulation_1"
"NGS_Nanog_WT_Rep2","Read_2506",0.456231103698352,"Subpopulation_1"
"NGS_Nanog_WT_Rep2","Read_2507",0.464620665886794,"Subpopulation_1"
"NGS_Nanog_WT_Rep2","Read_2508",0.470764195912822,"Subpopulation_1"
"NGS_Nanog_WT_Rep2","Read_2509",0.460836818160123,"Subpopulation_1"
"NGS_Nanog_WT_Rep2","Read_2510",0.446253725839702,"Subpopulation_1"
"NGS_Nanog_WT_Rep2","Read_2511",0.457500983706145,"Subpopulation_1"
"NGS_Nanog_WT_Rep2","Read_2512",0.456400074546866,"Subpopulation_1"
"NGS_Nanog_WT_Rep2","Read_2513",0.468974182921539,"Subpopulation_1"
"NGS_Nanog_WT_Rep2","Read_2514",0.464584149372805,"Subpopulation_1"
"NGS_Nanog_WT_Rep2","Read_2515",0.457922561695665,"Subpopulation_1"
"NGS_Nanog_WT_Rep2","Read_2516",0.457900483965927,"Subpopulation_1"
"NGS_Nanog_WT_Rep2","Read_2517",0.458838810814652,"Subpopulation_1"
"NGS_Nanog_WT_Rep2","Read_2518",0.447276183832333,"Subpopulation_1"
"NGS_Nanog_WT_Rep2","Read_2519",0.459835281025599,"Subpopulation_1"
"NGS_Nanog_WT_Rep2","Read_2520",0.456722488357267,"Subpopulation_1"
"NGS_Nanog_WT_Rep2","Read_2521",0.451006867462725,"Subpopulation_1"
"NGS_Nanog_WT_Rep2","Read_2522",0.460214037021176,"Subpopulation_1"
"NGS_Nanog_WT_Rep2","Read_2523",0.45333712061845,"Subpopulation_1"
"NGS_Nanog_WT_Rep2","Read_2524",0.45099260306962,"Subpopulation_1"
"NGS_Nanog_WT_Rep2","Read_2525",0.455510860381489,"Subpopulation_1"
"NGS_Nanog_WT_Rep2","Read_2526",0.459928666635921,"Subpopulation_1"
"NGS_Nanog_WT_Rep2","Read_2527",0.450460052099576,"Subpopulation_1"
"NGS_Nanog_WT_Rep2","Read_2528",0.458692431245784,"Subpopulation_1"
"NGS_Nanog_WT_Rep2","Read_2529",0.468784552708459,"Subpopulation_1"
"NGS_Nanog_WT_Rep2","Read_2530",0.45856569041212,"Subpopulation_1"
"NGS_Nanog_WT_Rep2","Read_2531",0.451455331807545,"Subpopulation_1"
"NGS_Nanog_WT_Rep2","Read_2532",0.454265068937453,"Subpopulation_1"
"NGS_Nanog_WT_Rep2","Read_2533",0.461698441508792,"Subpopulation_1"
"NGS_Nanog_WT_Rep2","Read_2534",0.464524689983214,"Subpopulation_1"
"NGS_Nanog_WT_Rep2","Read_2535",0.447741389774126,"Subpopulation_1"
"NGS_Nanog_WT_Rep2","Read_2536",0.46124795144833,"Subpopulation_1"
"NGS_Nanog_WT_Rep2","Read_2537",0.468468936023036,"Subpopulation_1"
"NGS_Nanog_WT_Rep2","Read_2538",0.448240121357223,"Subpopulation_1"
"NGS_Nanog_WT_Rep2","Read_2539",0.451794652895537,"Subpopulation_1"
"NGS_Nanog_WT_Rep2","Read_2540",0.455281218266642,"Subpopulation_1"
"NGS_Nanog_WT_Rep2","Read_2541",0.453138564960503,"Subpopulation_1"
"NGS_Nanog_WT_Rep2","Read_2542",0.451402159762851,"Subpopulation_1"
"NGS_Nanog_WT_Rep2","Read_2543",0.459506692538642,"Subpopulation_1"
"NGS_Nanog_WT_Rep2","Read_2544",0.451108189387851,"Subpopulation_1"
"NGS_Nanog_WT_Rep2","Read_2545",0.461119708384146,"Subpopulation_1"
"NGS_Nanog_WT_Rep2","Read_2546",0.448948080579271,"Subpopulation_1"
"NGS_Nanog_WT_Rep2","Read_2547",0.456303367472441,"Subpopulation_1"
"NGS_Nanog_WT_Rep2","Read_2548",0.456694151928059,"Subpopulation_1"
"NGS_Nanog_WT_Rep2","Read_2549",0.455618590611039,"Subpopulation_1"
"NGS_Nanog_WT_Rep2","Read_2550",0.458757540496106,"Subpopulation_1"
"NGS_Nanog_WT_Rep2","Read_2551",0.4596023205556,"Subpopulation_1"
"NGS_Nanog_WT_Rep2","Read_2552",0.469527363843038,"Subpopulation_1"
"NGS_Nanog_WT_Rep2","Read_2553",0.458372172408124,"Subpopulation_1"
"NGS_Nanog_WT_Rep2","Read_2554",0.450722168314494,"Subpopulation_1"
"NGS_Nanog_WT_Rep2","Read_2555",0.456143409896717,"Subpopulation_1"
"NGS_Nanog_WT_Rep2","Read_2556",0.460047299709684,"Subpopulation_1"
"NGS_Nanog_WT_Rep2","Read_2557",0.457778298743376,"Subpopulation_1"
"NGS_Nanog_WT_Rep2","Read_2558",0.461181211594484,"Subpopulation_1"
"NGS_Nanog_WT_Rep2","Read_2559",0.465856374115747,"Subpopulation_1"
"NGS_Nanog_WT_Rep2","Read_2560",0.459171243429056,"Subpopulation_1"
"NGS_Nanog_WT_Rep2","Read_2561",0.454174661165956,"Subpopulation_1"
"NGS_Nanog_WT_Rep2","Read_2562",0.447372622439226,"Subpopulation_1"
"NGS_Nanog_WT_Rep2","Read_2563",0.449444792950647,"Subpopulation_1"
"NGS_Nanog_WT_Rep2","Read_2564",0.455200009955683,"Subpopulation_1"
"NGS_Nanog_WT_Rep2","Read_2565",0.449555185142055,"Subpopulation_1"
"NGS_Nanog_WT_Rep2","Read_2566",0.451400189929743,"Subpopulation_1"
"NGS_Nanog_WT_Rep2","Read_2567",0.45512618267801,"Subpopulation_1"
"NGS_Nanog_WT_Rep2","Read_2568",0.452112734832038,"Subpopulation_1"
"NGS_Nanog_WT_Rep2","Read_2569",0.458724712447967,"Subpopulation_1"
"NGS_Nanog_WT_Rep2","Read_2570",0.459746129134053,"Subpopulation_1"
"NGS_Nanog_WT_Rep2","Read_2571",0.453980841325629,"Subpopulation_1"
"NGS_Nanog_WT_Rep2","Read_2572",0.456298145113477,"Subpopulation_1"
"NGS_Nanog_WT_Rep2","Read_2573",0.457085246135414,"Subpopulation_1"
"NGS_Nanog_WT_Rep2","Read_2574",0.462619542847855,"Subpopulation_1"
"NGS_Nanog_WT_Rep2","Read_2575",0.451933794647389,"Subpopulation_1"
"NGS_Nanog_WT_Rep2","Read_2576",0.459204780363905,"Subpopulation_1"
"NGS_Nanog_WT_Rep2","Read_2577",0.455970257749802,"Subpopulation_1"
"NGS_Nanog_WT_Rep2","Read_2578",0.461054090547198,"Subpopulation_1"
"NGS_Nanog_WT_Rep2","Read_2579",0.458918126642834,"Subpopulation_1"
"NGS_Nanog_WT_Rep2","Read_2580",0.452503641267756,"Subpopulation_1"
"NGS_Nanog_WT_Rep2","Read_2581",0.46001368926513,"Subpopulation_1"
"NGS_Nanog_WT_Rep2","Read_2582",0.446835887342754,"Subpopulation_1"
"NGS_Nanog_WT_Rep2","Read_2583",0.456422363933019,"Subpopulation_1"
"NGS_Nanog_WT_Rep2","Read_2584",0.459705121646932,"Subpopulation_1"
"NGS_Nanog_WT_Rep2","Read_2585",0.443343045487011,"Subpopulation_1"
"NGS_Nanog_WT_Rep2","Read_2586",0.451937764697527,"Subpopulation_1"
"NGS_Nanog_WT_Rep2","Read_2587",0.455231065318718,"Subpopulation_1"
"NGS_Nanog_WT_Rep2","Read_2588",0.460518345095213,"Subpopulation_1"
"NGS_Nanog_WT_Rep2","Read_2589",0.464741901319639,"Subpopulation_1"
"NGS_Nanog_WT_Rep2","Read_2590",0.45416967367285,"Subpopulation_1"
"NGS_Nanog_WT_Rep2","Read_2591",0.461985387285868,"Subpopulation_1"
"NGS_Nanog_WT_Rep2","Read_2592",0.461390974276359,"Subpopulation_1"
"NGS_Nanog_WT_Rep2","Read_2593",0.450071136320361,"Subpopulation_1"
"NGS_Nanog_WT_Rep2","Read_2594",0.460715955248176,"Subpopulation_1"
"NGS_Nanog_WT_Rep2","Read_2595",0.459054351049665,"Subpopulation_1"
"NGS_Nanog_WT_Rep2","Read_2596",0.457304631409412,"Subpopulation_1"
"NGS_Nanog_WT_Rep2","Read_2597",0.458057642799974,"Subpopulation_1"
"NGS_Nanog_WT_Rep2","Read_2598",0.44777267081791,"Subpopulation_1"
"NGS_Nanog_WT_Rep2","Read_2599",0.453296813330099,"Subpopulation_1"
"NGS_Nanog_WT_Rep2","Read_2600",0.460147882014668,"Subpopulation_1"
"NGS_Nanog_WT_Rep2","Read_2601",0.445525099164707,"Subpopulation_1"
"NGS_Nanog_WT_Rep2","Read_2602",0.455941241723421,"Subpopulation_1"
"NGS_Nanog_WT_Rep2","Read_2603",0.45658082265363,"Subpopulation_1"
"NGS_Nanog_WT_Rep2","Read_2604",0.459702346322388,"Subpopulation_1"
"NGS_Nanog_WT_Rep2","Read_2605",0.45738406452667,"Subpopulation_1"
"NGS_Nanog_WT_Rep2","Read_2606",0.447896650741208,"Subpopulation_1"
"NGS_Nanog_WT_Rep2","Read_2607",0.449187613478942,"Subpopulation_1"
"NGS_Nanog_WT_Rep2","Read_2608",0.454064750559566,"Subpopulation_1"
"NGS_Nanog_WT_Rep2","Read_2609",0.463692627115922,"Subpopulation_1"
"NGS_Nanog_WT_Rep2","Read_2610",0.459255000517684,"Subpopulation_1"
"NGS_Nanog_WT_Rep2","Read_2611",0.46245317469368,"Subpopulation_1"
"NGS_Nanog_WT_Rep2","Read_2612",0.457340640271727,"Subpopulation_1"
"NGS_Nanog_WT_Rep2","Read_2613",0.452222741894835,"Subpopulation_1"
"NGS_Nanog_WT_Rep2","Read_2614",0.459626774168605,"Subpopulation_1"
"NGS_Nanog_WT_Rep2","Read_2615",0.449088578391456,"Subpopulation_1"
"NGS_Nanog_WT_Rep2","Read_2616",0.463636186838246,"Subpopulation_1"
"NGS_Nanog_WT_Rep2","Read_2617",0.461072890758525,"Subpopulation_1"
"NGS_Nanog_WT_Rep2","Read_2618",0.459000341101347,"Subpopulation_1"
"NGS_Nanog_WT_Rep2","Read_2619",0.449839420220803,"Subpopulation_1"
"NGS_Nanog_WT_Rep2","Read_2620",0.460408833216329,"Subpopulation_1"
"NGS_Nanog_WT_Rep2","Read_2621",0.461722878892471,"Subpopulation_1"
"NGS_Nanog_WT_Rep2","Read_2622",0.457227615737893,"Subpopulation_1"
"NGS_Nanog_WT_Rep2","Read_2623",0.455654406972233,"Subpopulation_1"
"NGS_Nanog_WT_Rep2","Read_2624",0.459459354329755,"Subpopulation_1"
"NGS_Nanog_WT_Rep2","Read_2625",0.453182011535545,"Subpopulation_1"
"NGS_Nanog_WT_Rep2","Read_2626",0.454766820079446,"Subpopulation_1"
"NGS_Nanog_WT_Rep2","Read_2627",0.453118778219388,"Subpopulation_1"
"NGS_Nanog_WT_Rep2","Read_2628",0.451380725523813,"Subpopulation_1"
"NGS_Nanog_WT_Rep2","Read_2629",0.454819345892486,"Subpopulation_1"
"NGS_Nanog_WT_Rep2","Read_2630",0.457371788060272,"Subpopulation_1"
"NGS_Nanog_WT_Rep2","Read_2631",0.464666020561321,"Subpopulation_1"
"NGS_Nanog_WT_Rep2","Read_2632",0.451482881098357,"Subpopulation_1"
"NGS_Nanog_WT_Rep2","Read_2633",0.465290565353322,"Subpopulation_1"
"NGS_Nanog_WT_Rep2","Read_2634",0.453392299597157,"Subpopulation_1"
"NGS_Nanog_WT_Rep2","Read_2635",0.458477673306707,"Subpopulation_1"
"NGS_Nanog_WT_Rep2","Read_2636",0.463828565194497,"Subpopulation_1"
"NGS_Nanog_WT_Rep2","Read_2637",0.459016346666189,"Subpopulation_1"
"NGS_Nanog_WT_Rep2","Read_2638",0.463631801421675,"Subpopulation_1"
"NGS_Nanog_WT_Rep2","Read_2639",0.445191016317571,"Subpopulation_1"
"NGS_Nanog_WT_Rep2","Read_2640",0.460757413386853,"Subpopulation_1"
"NGS_Nanog_WT_Rep2","Read_2641",0.45071598348824,"Subpopulation_1"
"NGS_Nanog_WT_Rep2","Read_2642",0.453413602016152,"Subpopulation_1"
"NGS_Nanog_WT_Rep2","Read_2643",0.443277712564457,"Subpopulation_1"
"NGS_Nanog_WT_Rep2","Read_2644",0.460095437089839,"Subpopulation_1"
"NGS_Nanog_WT_Rep2","Read_2645",0.464492767289286,"Subpopulation_1"
"NGS_Nanog_WT_Rep2","Read_2646",0.454520316638545,"Subpopulation_1"
"NGS_Nanog_WT_Rep2","Read_2647",0.464474545847423,"Subpopulation_1"
"NGS_Nanog_WT_Rep2","Read_2648",0.468774402928436,"Subpopulation_1"
"NGS_Nanog_WT_Rep2","Read_2649",0.456696625374765,"Subpopulation_1"
"NGS_Nanog_WT_Rep2","Read_2650",0.461626938457588,"Subpopulation_1"
"NGS_Nanog_WT_Rep2","Read_2651",0.461736746933729,"Subpopulation_1"
"NGS_Nanog_WT_Rep2","Read_2652",0.446416712227698,"Subpopulation_1"
"NGS_Nanog_WT_Rep2","Read_2653",0.459975863028295,"Subpopulation_1"
"NGS_Nanog_WT_Rep2","Read_2654",0.458893069825669,"Subpopulation_1"
"NGS_Nanog_WT_Rep2","Read_2655",0.456943189341994,"Subpopulation_1"
"NGS_Nanog_WT_Rep2","Read_2656",0.454787873500953,"Subpopulation_1"
"NGS_Nanog_WT_Rep2","Read_2657",0.453822057288838,"Subpopulation_1"
"NGS_Nanog_WT_Rep2","Read_2658",0.452499415751252,"Subpopulation_1"
"NGS_Nanog_WT_Rep2","Read_2659",0.463280725442049,"Subpopulation_1"
"NGS_Nanog_WT_Rep2","Read_2660",0.45985397277928,"Subpopulation_1"
"NGS_Nanog_WT_Rep2","Read_2661",0.44883818207302,"Subpopulation_1"
"NGS_Nanog_WT_Rep2","Read_2662",0.460191491738365,"Subpopulation_1"
"NGS_Nanog_WT_Rep2","Read_2663",0.4556158359192,"Subpopulation_1"
"NGS_Nanog_WT_Rep2","Read_2664",0.455547249529363,"Subpopulation_1"
"NGS_Nanog_WT_Rep2","Read_2665",0.450555925805765,"Subpopulation_1"
"NGS_Nanog_WT_Rep2","Read_2666",0.445939283015229,"Subpopulation_1"
"NGS_Nanog_WT_Rep2","Read_2667",0.451056808312535,"Subpopulation_1"
"NGS_Nanog_WT_Rep2","Read_2668",0.45841493781723,"Subpopulation_1"
"NGS_Nanog_WT_Rep2","Read_2669",0.464894755974865,"Subpopulation_1"
"NGS_Nanog_WT_Rep2","Read_2670",0.446385615468319,"Subpopulation_1"
"NGS_Nanog_WT_Rep2","Read_2671",0.451411140139332,"Subpopulation_1"
"NGS_Nanog_WT_Rep2","Read_2672",0.44018536900526,"Subpopulation_1"
"NGS_Nanog_WT_Rep2","Read_2673",0.463450338560585,"Subpopulation_1"
"NGS_Nanog_WT_Rep2","Read_2674",0.458352303558022,"Subpopulation_1"
"NGS_Nanog_WT_Rep2","Read_2675",0.450977154736919,"Subpopulation_1"
"NGS_Nanog_WT_Rep2","Read_2676",0.453144750549499,"Subpopulation_1"
"NGS_Nanog_WT_Rep2","Read_2677",0.443944871751123,"Subpopulation_1"
"NGS_Nanog_WT_Rep2","Read_2678",0.46120268280209,"Subpopulation_1"
"NGS_Nanog_WT_Rep2","Read_2679",0.455061651121097,"Subpopulation_1"
"NGS_Nanog_WT_Rep2","Read_2680",0.463215008203881,"Subpopulation_1"
"NGS_Nanog_WT_Rep2","Read_2681",0.459046793659808,"Subpopulation_1"
"NGS_Nanog_WT_Rep2","Read_2682",0.451013915448266,"Subpopulation_1"
"NGS_Nanog_WT_Rep2","Read_2683",0.468615432813894,"Subpopulation_1"
"NGS_Nanog_WT_Rep2","Read_2684",0.443924862647327,"Subpopulation_1"
"NGS_Nanog_WT_Rep2","Read_2685",0.463792245035859,"Subpopulation_1"
"NGS_Nanog_WT_Rep2","Read_2686",0.453809462170177,"Subpopulation_1"
"NGS_Nanog_WT_Rep2","Read_2687",0.450938102820155,"Subpopulation_1"
"NGS_Nanog_WT_Rep2","Read_2688",0.462568756052751,"Subpopulation_1"
"NGS_Nanog_WT_Rep2","Read_2689",0.458396994743131,"Subpopulation_1"
"NGS_Nanog_WT_Rep2","Read_2690",0.462307406803664,"Subpopulation_1"
"NGS_Nanog_WT_Rep2","Read_2691",0.454844618028524,"Subpopulation_1"
"NGS_Nanog_WT_Rep2","Read_2692",0.459881923084096,"Subpopulation_1"
"NGS_Nanog_WT_Rep2","Read_2693",0.441160882833993,"Subpopulation_1"
"NGS_Nanog_WT_Rep2","Read_2694",0.450730420466067,"Subpopulation_1"
"NGS_Nanog_WT_Rep2","Read_2695",0.45538249551113,"Subpopulation_1"
"NGS_Nanog_WT_Rep2","Read_2696",0.459634467346321,"Subpopulation_1"
"NGS_Nanog_WT_Rep2","Read_2697",0.449370039214921,"Subpopulation_1"
"NGS_Nanog_WT_Rep2","Read_2698",0.455644128548613,"Subpopulation_1"
"NGS_Nanog_WT_Rep2","Read_2699",0.457137847106789,"Subpopulation_1"
"NGS_Nanog_WT_Rep2","Read_2700",0.459616258542923,"Subpopulation_1"
"NGS_Nanog_WT_Rep2","Read_2701",0.461800978055023,"Subpopulation_1"
"NGS_Nanog_WT_Rep2","Read_2702",0.465460912364654,"Subpopulation_1"
"NGS_Nanog_WT_Rep2","Read_2703",0.454502720435273,"Subpopulation_1"
"NGS_Nanog_WT_Rep2","Read_2704",0.470868089221817,"Subpopulation_1"
"NGS_Nanog_WT_Rep2","Read_2705",0.458155665540884,"Subpopulation_1"
"NGS_Nanog_WT_Rep2","Read_2706",0.45018577220811,"Subpopulation_1"
"NGS_Nanog_WT_Rep2","Read_2707",0.457030326920754,"Subpopulation_1"
"NGS_Nanog_WT_Rep2","Read_2708",0.451748702379823,"Subpopulation_1"
"NGS_Nanog_WT_Rep2","Read_2709",0.458743628294093,"Subpopulation_1"
"NGS_Nanog_WT_Rep2","Read_2710",0.452826804464736,"Subpopulation_1"
"NGS_Nanog_WT_Rep2","Read_2711",0.456505529350906,"Subpopulation_1"
"NGS_Nanog_WT_Rep2","Read_2712",0.458953865246759,"Subpopulation_1"
"NGS_Nanog_WT_Rep2","Read_2713",0.46517775738277,"Subpopulation_1"
"NGS_Nanog_WT_Rep2","Read_2714",0.446694471091655,"Subpopulation_1"
"NGS_Nanog_WT_Rep2","Read_2715",0.453590841337173,"Subpopulation_1"
"NGS_Nanog_WT_Rep2","Read_2716",0.454850237698061,"Subpopulation_1"
"NGS_Nanog_WT_Rep2","Read_2717",0.451139843733865,"Subpopulation_1"
"NGS_Nanog_WT_Rep2","Read_2718",0.44167619242476,"Subpopulation_1"
"NGS_Nanog_WT_Rep2","Read_2719",0.461790723137144,"Subpopulation_1"
"NGS_Nanog_WT_Rep2","Read_2720",0.458103376800285,"Subpopulation_1"
"NGS_Nanog_WT_Rep2","Read_2721",0.458008623989072,"Subpopulation_1"
"NGS_Nanog_WT_Rep2","Read_2722",0.458700935098236,"Subpopulation_1"
"NGS_Nanog_WT_Rep2","Read_2723",0.456046727266616,"Subpopulation_1"
"NGS_Nanog_WT_Rep2","Read_2724",0.454647482672672,"Subpopulation_1"
"NGS_Nanog_WT_Rep2","Read_2725",0.446210750164538,"Subpopulation_1"
"NGS_Nanog_WT_Rep2","Read_2726",0.458578127811116,"Subpopulation_1"
"NGS_Nanog_WT_Rep2","Read_2727",0.464515480343265,"Subpopulation_1"
"NGS_Nanog_WT_Rep2","Read_2728",0.462139594826208,"Subpopulation_1"
"NGS_Nanog_WT_Rep2","Read_2729",0.456423058724268,"Subpopulation_1"
"NGS_Nanog_WT_Rep2","Read_2730",0.466141016251556,"Subpopulation_1"
"NGS_Nanog_WT_Rep2","Read_2731",0.450302907346788,"Subpopulation_1"
"NGS_Nanog_WT_Rep2","Read_2732",0.460445881738139,"Subpopulation_1"
"NGS_Nanog_WT_Rep2","Read_2733",0.452273401611176,"Subpopulation_1"
"NGS_Nanog_WT_Rep2","Read_2734",0.451267500619143,"Subpopulation_1"
"NGS_Nanog_WT_Rep2","Read_2735",0.453012219324185,"Subpopulation_1"
"NGS_Nanog_WT_Rep2","Read_2736",0.454496759133991,"Subpopulation_1"
"NGS_Nanog_WT_Rep2","Read_2737",0.458187443074583,"Subpopulation_1"
"NGS_Nanog_WT_Rep2","Read_2738",0.464260325043571,"Subpopulation_1"
"NGS_Nanog_WT_Rep2","Read_2739",0.447134885048824,"Subpopulation_1"
"NGS_Nanog_WT_Rep2","Read_2740",0.456036320021311,"Subpopulation_1"
"NGS_Nanog_WT_Rep2","Read_2741",0.453189445554996,"Subpopulation_1"
"NGS_Nanog_WT_Rep2","Read_2742",0.462097685832088,"Subpopulation_1"
"NGS_Nanog_WT_Rep2","Read_2743",0.457916422887794,"Subpopulation_1"
"NGS_Nanog_WT_Rep2","Read_2744",0.45427011188187,"Subpopulation_1"
"NGS_Nanog_WT_Rep2","Read_2745",0.464858100111554,"Subpopulation_1"
"NGS_Nanog_WT_Rep2","Read_2746",0.447148652853141,"Subpopulation_1"
"NGS_Nanog_WT_Rep2","Read_2747",0.4657542117872,"Subpopulation_1"
"NGS_Nanog_WT_Rep2","Read_2748",0.450607297215548,"Subpopulation_1"
"NGS_Nanog_WT_Rep2","Read_2749",0.461325058678395,"Subpopulation_1"
"NGS_Nanog_WT_Rep2","Read_2750",0.454017179006142,"Subpopulation_1"
"NGS_Nanog_WT_Rep2","Read_2751",0.461026784629073,"Subpopulation_1"
"NGS_Nanog_WT_Rep2","Read_2752",0.464426471176041,"Subpopulation_1"
"NGS_Nanog_WT_Rep2","Read_2753",0.448758552683105,"Subpopulation_1"
"NGS_Nanog_WT_Rep2","Read_2754",0.460308043631058,"Subpopulation_1"
"NGS_Nanog_WT_Rep2","Read_2755",0.458305687450479,"Subpopulation_1"
"NGS_Nanog_WT_Rep2","Read_2756",0.456605339233311,"Subpopulation_1"
"NGS_Nanog_WT_Rep2","Read_2757",0.451363339811889,"Subpopulation_1"
"NGS_Nanog_WT_Rep2","Read_2758",0.451642236485166,"Subpopulation_1"
"NGS_Nanog_WT_Rep2","Read_2759",0.456859980322109,"Subpopulation_1"
"NGS_Nanog_WT_Rep2","Read_2760",0.472968809786156,"Subpopulation_1"
"NGS_Nanog_WT_Rep2","Read_2761",0.457657535335992,"Subpopulation_1"
"NGS_Nanog_WT_Rep2","Read_2762",0.448626600054003,"Subpopulation_1"
"NGS_Nanog_WT_Rep2","Read_2763",0.452305549500265,"Subpopulation_1"
"NGS_Nanog_WT_Rep2","Read_2764",0.453633668725482,"Subpopulation_1"
"NGS_Nanog_WT_Rep2","Read_2765",0.454702553547756,"Subpopulation_1"
"NGS_Nanog_WT_Rep2","Read_2766",0.45334447303972,"Subpopulation_1"
"NGS_Nanog_WT_Rep2","Read_2767",0.462170226753072,"Subpopulation_1"
"NGS_Nanog_WT_Rep2","Read_2768",0.448456957993277,"Subpopulation_1"
"NGS_Nanog_WT_Rep2","Read_2769",0.452599348934996,"Subpopulation_1"
"NGS_Nanog_WT_Rep2","Read_2770",0.456384728307797,"Subpopulation_1"
"NGS_Nanog_WT_Rep2","Read_2771",0.459912104874348,"Subpopulation_1"
"NGS_Nanog_WT_Rep2","Read_2772",0.454414554575106,"Subpopulation_1"
"NGS_Nanog_WT_Rep2","Read_2773",0.453732600756642,"Subpopulation_1"
"NGS_Nanog_WT_Rep2","Read_2774",0.456808330005016,"Subpopulation_1"
"NGS_Nanog_WT_Rep2","Read_2775",0.4478879959975,"Subpopulation_1"
"NGS_Nanog_WT_Rep2","Read_2776",0.457417068808907,"Subpopulation_1"
"NGS_Nanog_WT_Rep2","Read_2777",0.464023537554351,"Subpopulation_1"
"NGS_Nanog_WT_Rep2","Read_2778",0.450807823586866,"Subpopulation_1"
"NGS_Nanog_WT_Rep2","Read_2779",0.462381604448671,"Subpopulation_1"
"NGS_Nanog_WT_Rep2","Read_2780",0.457093446515768,"Subpopulation_1"
"NGS_Nanog_WT_Rep2","Read_2781",0.459456361919864,"Subpopulation_1"
"NGS_Nanog_WT_Rep2","Read_2782",0.46077418370736,"Subpopulation_1"
"NGS_Nanog_WT_Rep2","Read_2783",0.464300655576715,"Subpopulation_1"
"NGS_Nanog_WT_Rep2","Read_2784",0.455191479027372,"Subpopulation_1"
"NGS_Nanog_WT_Rep2","Read_2785",0.465583401781816,"Subpopulation_1"
"NGS_Nanog_WT_Rep2","Read_2786",0.455961375825778,"Subpopulation_1"
"NGS_Nanog_WT_Rep2","Read_2787",0.453608324022656,"Subpopulation_1"
"NGS_Nanog_WT_Rep2","Read_2788",0.4576985999775,"Subpopulation_1"
"NGS_Nanog_WT_Rep2","Read_2789",0.454311220685485,"Subpopulation_1"
"NGS_Nanog_WT_Rep2","Read_2790",0.458812111878064,"Subpopulation_1"
"NGS_Nanog_WT_Rep2","Read_2791",0.454292017651767,"Subpopulation_1"
"NGS_Nanog_WT_Rep2","Read_2792",0.463586208707807,"Subpopulation_1"
"NGS_Nanog_WT_Rep2","Read_2793",0.448262829134664,"Subpopulation_1"
"NGS_Nanog_WT_Rep2","Read_2794",0.456867415069784,"Subpopulation_1"
"NGS_Nanog_WT_Rep2","Read_2795",0.454949928008033,"Subpopulation_1"
"NGS_Nanog_WT_Rep2","Read_2796",0.450915012134402,"Subpopulation_1"
"NGS_Nanog_WT_Rep2","Read_2797",0.456762823138394,"Subpopulation_1"
"NGS_Nanog_WT_Rep2","Read_2798",0.458621673162257,"Subpopulation_1"
"NGS_Nanog_WT_Rep2","Read_2799",0.453186763852423,"Subpopulation_1"
"NGS_Nanog_WT_Rep2","Read_2800",0.464470409486232,"Subpopulation_1"
"NGS_Nanog_WT_Rep2","Read_2801",0.460106748784584,"Subpopulation_1"
"NGS_Nanog_WT_Rep2","Read_2802",0.45365481038536,"Subpopulation_1"
"NGS_Nanog_WT_Rep2","Read_2803",0.465452862384304,"Subpopulation_1"
"NGS_Nanog_WT_Rep2","Read_2804",0.460248037631739,"Subpopulation_1"
"NGS_Nanog_WT_Rep2","Read_2805",0.441742092468579,"Subpopulation_1"
"NGS_Nanog_WT_Rep2","Read_2806",0.457027631202417,"Subpopulation_1"
"NGS_Nanog_WT_Rep2","Read_2807",0.461576514359567,"Subpopulation_1"
"NGS_Nanog_WT_Rep2","Read_2808",0.448702292155067,"Subpopulation_1"
"NGS_Nanog_WT_Rep2","Read_2809",0.460638068882913,"Subpopulation_1"
"NGS_Nanog_WT_Rep2","Read_2810",0.457696779962912,"Subpopulation_1"
"NGS_Nanog_WT_Rep2","Read_2811",0.453534963677547,"Subpopulation_1"
"NGS_Nanog_WT_Rep2","Read_2812",0.452587884260256,"Subpopulation_1"
"NGS_Nanog_WT_Rep2","Read_2813",0.45789124739573,"Subpopulation_1"
"NGS_Nanog_WT_Rep2","Read_2814",0.451887743962108,"Subpopulation_1"
"NGS_Nanog_WT_Rep2","Read_2815",0.460950463512554,"Subpopulation_1"
"NGS_Nanog_WT_Rep2","Read_2816",0.461505880897135,"Subpopulation_1"
"NGS_Nanog_WT_Rep2","Read_2817",0.451214414768127,"Subpopulation_1"
"NGS_Nanog_WT_Rep2","Read_2818",0.45522425725218,"Subpopulation_1"
"NGS_Nanog_WT_Rep2","Read_2819",0.453630895606974,"Subpopulation_1"
"NGS_Nanog_WT_Rep2","Read_2820",0.455405823461673,"Subpopulation_1"
"NGS_Nanog_WT_Rep2","Read_2821",0.464025027222081,"Subpopulation_1"
"NGS_Nanog_WT_Rep2","Read_2822",0.451362540700914,"Subpopulation_1"
"NGS_Nanog_WT_Rep2","Read_2823",0.456763572011934,"Subpopulation_1"
"NGS_Nanog_WT_Rep2","Read_2824",0.450584662573471,"Subpopulation_1"
"NGS_Nanog_WT_Rep2","Read_2825",0.453661111376488,"Subpopulation_1"
"NGS_Nanog_WT_Rep2","Read_2826",0.461482781418538,"Subpopulation_1"
"NGS_Nanog_WT_Rep2","Read_2827",0.459652147166657,"Subpopulation_1"
"NGS_Nanog_WT_Rep2","Read_2828",0.454862117341142,"Subpopulation_1"
"NGS_Nanog_WT_Rep2","Read_2829",0.456201528387061,"Subpopulation_1"
"NGS_Nanog_WT_Rep2","Read_2830",0.453120845749819,"Subpopulation_1"
"NGS_Nanog_WT_Rep2","Read_2831",0.460553500430124,"Subpopulation_1"
"NGS_Nanog_WT_Rep2","Read_2832",0.464669679085162,"Subpopulation_1"
"NGS_Nanog_WT_Rep2","Read_2833",0.462624858764729,"Subpopulation_1"
"NGS_Nanog_WT_Rep2","Read_2834",0.465925832080953,"Subpopulation_1"
"NGS_Nanog_WT_Rep2","Read_2835",0.454328528390283,"Subpopulation_1"
"NGS_Nanog_WT_Rep2","Read_2836",0.450813248618916,"Subpopulation_1"
"NGS_Nanog_WT_Rep2","Read_2837",0.457408098099455,"Subpopulation_1"
"NGS_Nanog_WT_Rep2","Read_2838",0.451898916610335,"Subpopulation_1"
"NGS_Nanog_WT_Rep2","Read_2839",0.459845103207768,"Subpopulation_1"
"NGS_Nanog_WT_Rep2","Read_2840",0.455062207418386,"Subpopulation_1"
"NGS_Nanog_WT_Rep2","Read_2841",0.455539237063942,"Subpopulation_1"
"NGS_Nanog_WT_Rep2","Read_2842",0.461045196885388,"Subpopulation_1"
"NGS_Nanog_WT_Rep2","Read_2843",0.451619678895212,"Subpopulation_1"
"NGS_Nanog_WT_Rep2","Read_2844",0.454634270394162,"Subpopulation_1"
"NGS_Nanog_WT_Rep2","Read_2845",0.459919642862277,"Subpopulation_1"
"NGS_Nanog_WT_Rep2","Read_2846",0.448387173214655,"Subpopulation_1"
"NGS_Nanog_WT_Rep2","Read_2847",0.455873000341038,"Subpopulation_1"
"NGS_Nanog_WT_Rep2","Read_2848",0.453112633027903,"Subpopulation_1"
"NGS_Nanog_WT_Rep2","Read_2849",0.44940109605208,"Subpopulation_1"
"NGS_Nanog_WT_Rep2","Read_2850",0.466511061276529,"Subpopulation_1"
"NGS_Nanog_WT_Rep2","Read_2851",0.460820025432719,"Subpopulation_1"
"NGS_Nanog_WT_Rep2","Read_2852",0.44979362565664,"Subpopulation_1"
"NGS_Nanog_WT_Rep2","Read_2853",0.459281163132826,"Subpopulation_1"
"NGS_Nanog_WT_Rep2","Read_2854",0.457149413300786,"Subpopulation_1"
"NGS_Nanog_WT_Rep2","Read_2855",0.454267867301932,"Subpopulation_1"
"NGS_Nanog_WT_Rep2","Read_2856",0.458482935693134,"Subpopulation_1"
"NGS_Nanog_WT_Rep2","Read_2857",0.449654099912926,"Subpopulation_1"
"NGS_Nanog_WT_Rep2","Read_2858",0.453129590008044,"Subpopulation_1"
"NGS_Nanog_WT_Rep2","Read_2859",0.451168876080696,"Subpopulation_1"
"NGS_Nanog_WT_Rep2","Read_2860",0.452265106182017,"Subpopulation_1"
"NGS_Nanog_WT_Rep2","Read_2861",0.457982692601575,"Subpopulation_1"
"NGS_Nanog_WT_Rep2","Read_2862",0.456789059442095,"Subpopulation_1"
"NGS_Nanog_WT_Rep2","Read_2863",0.457011108459553,"Subpopulation_1"
"NGS_Nanog_WT_Rep2","Read_2864",0.458003757667627,"Subpopulation_1"
"NGS_Nanog_WT_Rep2","Read_2865",0.466830468483783,"Subpopulation_1"
"NGS_Nanog_WT_Rep2","Read_2866",0.458443650068082,"Subpopulation_1"
"NGS_Nanog_WT_Rep2","Read_2867",0.452633260124703,"Subpopulation_1"
"NGS_Nanog_WT_Rep2","Read_2868",0.457639153198928,"Subpopulation_1"
"NGS_Nanog_WT_Rep2","Read_2869",0.456379545368613,"Subpopulation_1"
"NGS_Nanog_WT_Rep2","Read_2870",0.45748433150477,"Subpopulation_1"
"NGS_Nanog_WT_Rep2","Read_2871",0.45559863646785,"Subpopulation_1"
"NGS_Nanog_WT_Rep2","Read_2872",0.454036341503559,"Subpopulation_1"
"NGS_Nanog_WT_Rep2","Read_2873",0.455930006302054,"Subpopulation_1"
"NGS_Nanog_WT_Rep2","Read_2874",0.456423123830064,"Subpopulation_1"
"NGS_Nanog_WT_Rep2","Read_2875",0.471956811380108,"Subpopulation_1"
"NGS_Nanog_WT_Rep2","Read_2876",0.462773998767274,"Subpopulation_1"
"NGS_Nanog_WT_Rep2","Read_2877",0.455655656776141,"Subpopulation_1"
"NGS_Nanog_WT_Rep2","Read_2878",0.445110343065227,"Subpopulation_1"
"NGS_Nanog_WT_Rep2","Read_2879",0.45916322748897,"Subpopulation_1"
"NGS_Nanog_WT_Rep2","Read_2880",0.453666445125431,"Subpopulation_1"
"NGS_Nanog_WT_Rep2","Read_2881",0.455648185968611,"Subpopulation_1"
"NGS_Nanog_WT_Rep2","Read_2882",0.463024951491435,"Subpopulation_1"
"NGS_Nanog_WT_Rep2","Read_2883",0.457790848263541,"Subpopulation_1"
"NGS_Nanog_WT_Rep2","Read_2884",0.449559388607515,"Subpopulation_1"
"NGS_Nanog_WT_Rep2","Read_2885",0.452407585619005,"Subpopulation_1"
"NGS_Nanog_WT_Rep2","Read_2886",0.450335578570205,"Subpopulation_1"
"NGS_Nanog_WT_Rep2","Read_2887",0.458606451129556,"Subpopulation_1"
"NGS_Nanog_WT_Rep2","Read_2888",0.459619624745829,"Subpopulation_1"
"NGS_Nanog_WT_Rep2","Read_2889",0.457349468788296,"Subpopulation_1"
"NGS_Nanog_WT_Rep2","Read_2890",0.465789930119336,"Subpopulation_1"
"NGS_Nanog_WT_Rep2","Read_2891",0.452655363145184,"Subpopulation_1"
"NGS_Nanog_WT_Rep2","Read_2892",0.452477216094486,"Subpopulation_1"
"NGS_Nanog_WT_Rep2","Read_2893",0.463939881899757,"Subpopulation_1"
"NGS_Nanog_WT_Rep2","Read_2894",0.44557533669088,"Subpopulation_1"
"NGS_Nanog_WT_Rep2","Read_2895",0.45200779201676,"Subpopulation_1"
"NGS_Nanog_WT_Rep2","Read_2896",0.444177937616833,"Subpopulation_1"
"NGS_Nanog_WT_Rep2","Read_2897",0.453580435057503,"Subpopulation_1"
"NGS_Nanog_WT_Rep2","Read_2898",0.458304320767318,"Subpopulation_1"
"NGS_Nanog_WT_Rep2","Read_2899",0.45833370452389,"Subpopulation_1"
"NGS_Nanog_WT_Rep2","Read_2900",0.459146456285561,"Subpopulation_1"
"NGS_Nanog_WT_Rep2","Read_2901",0.452623280103744,"Subpopulation_1"
"NGS_Nanog_WT_Rep2","Read_2902",0.459272656264264,"Subpopulation_1"
"NGS_Nanog_WT_Rep2","Read_2903",0.451969636042203,"Subpopulation_1"
"NGS_Nanog_WT_Rep2","Read_2904",0.452388423539328,"Subpopulation_1"
"NGS_Nanog_WT_Rep2","Read_2905",0.449476322918672,"Subpopulation_1"
"NGS_Nanog_WT_Rep2","Read_2906",0.446175923766934,"Subpopulation_1"
"NGS_Nanog_WT_Rep2","Read_2907",0.460180499383886,"Subpopulation_1"
"NGS_Nanog_WT_Rep2","Read_2908",0.451960448697543,"Subpopulation_1"
"NGS_Nanog_WT_Rep2","Read_2909",0.454323700844669,"Subpopulation_1"
"NGS_Nanog_WT_Rep2","Read_2910",0.460611936546516,"Subpopulation_1"
"NGS_Nanog_WT_Rep2","Read_2911",0.459370907216494,"Subpopulation_1"
"NGS_Nanog_WT_Rep2","Read_2912",0.456540398211626,"Subpopulation_1"
"NGS_Nanog_WT_Rep2","Read_2913",0.448735516906786,"Subpopulation_1"
"NGS_Nanog_WT_Rep2","Read_2914",0.45755338526193,"Subpopulation_1"
"NGS_Nanog_WT_Rep2","Read_2915",0.453175390766398,"Subpopulation_1"
"NGS_Nanog_WT_Rep2","Read_2916",0.450939020218557,"Subpopulation_1"
"NGS_Nanog_WT_Rep2","Read_2917",0.46983498591962,"Subpopulation_1"
"NGS_Nanog_WT_Rep2","Read_2918",0.456421323132926,"Subpopulation_1"
"NGS_Nanog_WT_Rep2","Read_2919",0.455881304837733,"Subpopulation_1"
"NGS_Nanog_WT_Rep2","Read_2920",0.456932670201777,"Subpopulation_1"
"NGS_Nanog_WT_Rep2","Read_2921",0.457085299565093,"Subpopulation_1"
"NGS_Nanog_WT_Rep2","Read_2922",0.450814526546858,"Subpopulation_1"
"NGS_Nanog_WT_Rep2","Read_2923",0.460707942477329,"Subpopulation_1"
"NGS_Nanog_WT_Rep2","Read_2924",0.461263919947634,"Subpopulation_1"
"NGS_Nanog_WT_Rep2","Read_2925",0.447398366333311,"Subpopulation_1"
"NGS_Nanog_WT_Rep2","Read_2926",0.455572224447089,"Subpopulation_1"
"NGS_Nanog_WT_Rep2","Read_2927",0.449520883881714,"Subpopulation_1"
"NGS_Nanog_WT_Rep2","Read_2928",0.456580070146241,"Subpopulation_1"
"NGS_Nanog_WT_Rep2","Read_2929",0.460907311167845,"Subpopulation_1"
"NGS_Nanog_WT_Rep2","Read_2930",0.458033857356724,"Subpopulation_1"
"NGS_Nanog_WT_Rep2","Read_2931",0.45442471692757,"Subpopulation_1"
"NGS_Nanog_WT_Rep2","Read_2932",0.452861320966074,"Subpopulation_1"
"NGS_Nanog_WT_Rep2","Read_2933",0.450336264978601,"Subpopulation_1"
"NGS_Nanog_WT_Rep2","Read_2934",0.456566861045417,"Subpopulation_1"
"NGS_Nanog_WT_Rep2","Read_2935",0.462158653047994,"Subpopulation_1"
"NGS_Nanog_WT_Rep2","Read_2936",0.462466209454535,"Subpopulation_1"
"NGS_Nanog_WT_Rep2","Read_2937",0.454219893923258,"Subpopulation_1"
"NGS_Nanog_WT_Rep2","Read_2938",0.463997973407296,"Subpopulation_1"
"NGS_Nanog_WT_Rep2","Read_2939",0.454055300991466,"Subpopulation_1"
"NGS_Nanog_WT_Rep2","Read_2940",0.459725364424511,"Subpopulation_1"
"NGS_Nanog_WT_Rep2","Read_2941",0.457949387715269,"Subpopulation_1"
"NGS_Nanog_WT_Rep2","Read_2942",0.452191756167177,"Subpopulation_1"
"NGS_Nanog_WT_Rep2","Read_2943",0.447268180727602,"Subpopulation_1"
"NGS_Nanog_WT_Rep2","Read_2944",0.453717422705267,"Subpopulation_1"
"NGS_Nanog_WT_Rep2","Read_2945",0.45122972638985,"Subpopulation_1"
"NGS_Nanog_WT_Rep2","Read_2946",0.457039550453635,"Subpopulation_1"
"NGS_Nanog_WT_Rep2","Read_2947",0.45508678179116,"Subpopulation_1"
"NGS_Nanog_WT_Rep2","Read_2948",0.458894186727787,"Subpopulation_1"
"NGS_Nanog_WT_Rep2","Read_2949",0.448707380314492,"Subpopulation_1"
"NGS_Nanog_WT_Rep2","Read_2950",0.453629373736819,"Subpopulation_1"
"NGS_Nanog_WT_Rep2","Read_2951",0.457559014483519,"Subpopulation_1"
"NGS_Nanog_WT_Rep2","Read_2952",0.461330930346079,"Subpopulation_1"
"NGS_Nanog_WT_Rep2","Read_2953",0.453228938557846,"Subpopulation_1"
"NGS_Nanog_WT_Rep2","Read_2954",0.454629718819403,"Subpopulation_1"
"NGS_Nanog_WT_Rep2","Read_2955",0.46158565438063,"Subpopulation_1"
"NGS_Nanog_WT_Rep2","Read_2956",0.4562378793406,"Subpopulation_1"
"NGS_Nanog_WT_Rep2","Read_2957",0.458510759073725,"Subpopulation_1"
"NGS_Nanog_WT_Rep2","Read_2958",0.449891244782886,"Subpopulation_1"
"NGS_Nanog_WT_Rep2","Read_2959",0.458843347903454,"Subpopulation_1"
"NGS_Nanog_WT_Rep2","Read_2960",0.459322609945455,"Subpopulation_1"
"NGS_Nanog_WT_Rep2","Read_2961",0.452932550707023,"Subpopulation_1"
"NGS_Nanog_WT_Rep2","Read_2962",0.438853419847666,"Subpopulation_1"
"NGS_Nanog_WT_Rep2","Read_2963",0.442556111898729,"Subpopulation_1"
"NGS_Nanog_WT_Rep2","Read_2964",0.460134947065546,"Subpopulation_1"
"NGS_Nanog_WT_Rep2","Read_2965",0.475055455708649,"Subpopulation_1"
"NGS_Nanog_WT_Rep2","Read_2966",0.455748294126227,"Subpopulation_1"
"NGS_Nanog_WT_Rep2","Read_2967",0.459628121655501,"Subpopulation_1"
"NGS_Nanog_WT_Rep2","Read_2968",0.457633437622596,"Subpopulation_1"
"NGS_Nanog_WT_Rep2","Read_2969",0.44898955672024,"Subpopulation_1"
"NGS_Nanog_WT_Rep2","Read_2970",0.45836568048849,"Subpopulation_1"
"NGS_Nanog_WT_Rep2","Read_2971",0.449083148504536,"Subpopulation_1"
"NGS_Nanog_WT_Rep2","Read_2972",0.455648697404101,"Subpopulation_1"
"NGS_Nanog_WT_Rep2","Read_2973",0.455540144625157,"Subpopulation_1"
"NGS_Nanog_WT_Rep2","Read_2974",0.467275223690715,"Subpopulation_1"
"NGS_Nanog_WT_Rep2","Read_2975",0.445505961135173,"Subpopulation_1"
"NGS_Nanog_WT_Rep2","Read_2976",0.469134249607002,"Subpopulation_1"
"NGS_Nanog_WT_Rep2","Read_2977",0.462927139360539,"Subpopulation_1"
"NGS_Nanog_WT_Rep2","Read_2978",0.453759773101877,"Subpopulation_1"
"NGS_Nanog_WT_Rep2","Read_2979",0.448531803240661,"Subpopulation_1"
"NGS_Nanog_WT_Rep2","Read_2980",0.453544794230499,"Subpopulation_1"
"NGS_Nanog_WT_Rep2","Read_2981",0.45916066426015,"Subpopulation_1"
"NGS_Nanog_WT_Rep2","Read_2982",0.458183976521748,"Subpopulation_1"
"NGS_Nanog_WT_Rep2","Read_2983",0.448868916237223,"Subpopulation_1"
"NGS_Nanog_WT_Rep2","Read_2984",0.457458960228631,"Subpopulation_1"
"NGS_Nanog_WT_Rep2","Read_2985",0.46053533952474,"Subpopulation_1"
"NGS_Nanog_WT_Rep2","Read_2986",0.459505407526923,"Subpopulation_1"
"NGS_Nanog_WT_Rep2","Read_2987",0.459709499519568,"Subpopulation_1"
"NGS_Nanog_WT_Rep2","Read_2988",0.451056707798514,"Subpopulation_1"
"NGS_Nanog_WT_Rep2","Read_2989",0.459293685678984,"Subpopulation_1"
"NGS_Nanog_WT_Rep2","Read_2990",0.449696102056991,"Subpopulation_1"
"NGS_Nanog_WT_Rep2","Read_2991",0.455490723793687,"Subpopulation_1"
"NGS_Nanog_WT_Rep2","Read_2992",0.446830709033836,"Subpopulation_1"
"NGS_Nanog_WT_Rep2","Read_2993",0.456164536907642,"Subpopulation_1"
"NGS_Nanog_WT_Rep2","Read_2994",0.462578571051208,"Subpopulation_1"
"NGS_Nanog_WT_Rep2","Read_2995",0.460469183014222,"Subpopulation_1"
"NGS_Nanog_WT_Rep2","Read_2996",0.460034001962028,"Subpopulation_1"
"NGS_Nanog_WT_Rep2","Read_2997",0.455659878698507,"Subpopulation_1"
"NGS_Nanog_WT_Rep2","Read_2998",0.462492715536085,"Subpopulation_1"
"NGS_Nanog_WT_Rep2","Read_2999",0.454813857497904,"Subpopulation_1"
"NGS_Nanog_WT_Rep2","Read_3000",0.45109296363807,"Subpopulation_1"
