"Sample","ReadID","sampled_methylation","allele"
"NGS_Nanog_WT_Rep3","Read_1",0.459827299437159,"Subpopulation_1"
"NGS_Nanog_WT_Rep3","Read_2",0.455766377564924,"Subpopulation_1"
"NGS_Nanog_WT_Rep3","Read_3",0.457529537441605,"Subpopulation_1"
"NGS_Nanog_WT_Rep3","Read_4",0.451170186757496,"Subpopulation_1"
"NGS_Nanog_WT_Rep3","Read_5",0.451345346950014,"Subpopulation_1"
"NGS_Nanog_WT_Rep3","Read_6",0.450161563792492,"Subpopulation_1"
"NGS_Nanog_WT_Rep3","Read_7",0.459175236815958,"Subpopulation_1"
"NGS_Nanog_WT_Rep3","Read_8",0.454756195472204,"Subpopulation_1"
"NGS_Nanog_WT_Rep3","Read_9",0.458117325141212,"Subpopulation_1"
"NGS_Nanog_WT_Rep3","Read_10",0.462866578382436,"Subpopulation_1"
"NGS_Nanog_WT_Rep3","Read_11",0.452105125633267,"Subpopulation_1"
"NGS_Nanog_WT_Rep3","Read_12",0.451945813993267,"Subpopulation_1"
"NGS_Nanog_WT_Rep3","Read_13",0.454765412302032,"Subpopulation_1"
"NGS_Nanog_WT_Rep3","Read_14",0.452047203052747,"Subpopulation_1"
"NGS_Nanog_WT_Rep3","Read_15",0.456446853425288,"Subpopulation_1"
"NGS_Nanog_WT_Rep3","Read_16",0.451982705635203,"Subpopulation_1"
"NGS_Nanog_WT_Rep3","Read_17",0.450289082596124,"Subpopulation_1"
"NGS_Nanog_WT_Rep3","Read_18",0.45760823409642,"Subpopulation_1"
"NGS_Nanog_WT_Rep3","Read_19",0.450509062762963,"Subpopulation_1"
"NGS_Nanog_WT_Rep3","Read_20",0.446253551798424,"Subpopulation_1"
"NGS_Nanog_WT_Rep3","Read_21",0.460673184282763,"Subpopulation_1"
"NGS_Nanog_WT_Rep3","Read_22",0.446469598779993,"Subpopulation_1"
"NGS_Nanog_WT_Rep3","Read_23",0.459727338211751,"Subpopulation_1"
"NGS_Nanog_WT_Rep3","Read_24",0.458680027797289,"Subpopulation_1"
"NGS_Nanog_WT_Rep3","Read_25",0.449937700770423,"Subpopulation_1"
"NGS_Nanog_WT_Rep3","Read_26",0.45360540228653,"Subpopulation_1"
"NGS_Nanog_WT_Rep3","Read_27",0.452939519922927,"Subpopulation_1"
"NGS_Nanog_WT_Rep3","Read_28",0.457433996690907,"Subpopulation_1"
"NGS_Nanog_WT_Rep3","Read_29",0.45667213838121,"Subpopulation_1"
"NGS_Nanog_WT_Rep3","Read_30",0.468772078211951,"Subpopulation_1"
"NGS_Nanog_WT_Rep3","Read_31",0.464169515758618,"Subpopulation_1"
"NGS_Nanog_WT_Rep3","Read_32",0.454867720307021,"Subpopulation_1"
"NGS_Nanog_WT_Rep3","Read_33",0.456581077799423,"Subpopulation_1"
"NGS_Nanog_WT_Rep3","Read_34",0.456983835040223,"Subpopulation_1"
"NGS_Nanog_WT_Rep3","Read_35",0.453794022591233,"Subpopulation_1"
"NGS_Nanog_WT_Rep3","Read_36",0.453453155102569,"Subpopulation_1"
"NGS_Nanog_WT_Rep3","Read_37",0.448503077351262,"Subpopulation_1"
"NGS_Nanog_WT_Rep3","Read_38",0.454541809303728,"Subpopulation_1"
"NGS_Nanog_WT_Rep3","Read_39",0.460289580371,"Subpopulation_1"
"NGS_Nanog_WT_Rep3","Read_40",0.450777752996299,"Subpopulation_1"
"NGS_Nanog_WT_Rep3","Read_41",0.456145397410787,"Subpopulation_1"
"NGS_Nanog_WT_Rep3","Read_42",0.457788762491755,"Subpopulation_1"
"NGS_Nanog_WT_Rep3","Read_43",0.451809121989248,"Subpopulation_1"
"NGS_Nanog_WT_Rep3","Read_44",0.455461257921165,"Subpopulation_1"
"NGS_Nanog_WT_Rep3","Read_45",0.467771909909107,"Subpopulation_1"
"NGS_Nanog_WT_Rep3","Read_46",0.453849840822952,"Subpopulation_1"
"NGS_Nanog_WT_Rep3","Read_47",0.446105479812379,"Subpopulation_1"
"NGS_Nanog_WT_Rep3","Read_48",0.453496201608506,"Subpopulation_1"
"NGS_Nanog_WT_Rep3","Read_49",0.46029718301398,"Subpopulation_1"
"NGS_Nanog_WT_Rep3","Read_50",0.457063930584526,"Subpopulation_1"
"NGS_Nanog_WT_Rep3","Read_51",0.448624806238984,"Subpopulation_1"
"NGS_Nanog_WT_Rep3","Read_52",0.449946005967474,"Subpopulation_1"
"NGS_Nanog_WT_Rep3","Read_53",0.454875840675665,"Subpopulation_1"
"NGS_Nanog_WT_Rep3","Read_54",0.457178845334134,"Subpopulation_1"
"NGS_Nanog_WT_Rep3","Read_55",0.450392814610186,"Subpopulation_1"
"NGS_Nanog_WT_Rep3","Read_56",0.448344311725442,"Subpopulation_1"
"NGS_Nanog_WT_Rep3","Read_57",0.44707438444255,"Subpopulation_1"
"NGS_Nanog_WT_Rep3","Read_58",0.460422659504499,"Subpopulation_1"
"NGS_Nanog_WT_Rep3","Read_59",0.458261855563939,"Subpopulation_1"
"NGS_Nanog_WT_Rep3","Read_60",0.450337380424942,"Subpopulation_1"
"NGS_Nanog_WT_Rep3","Read_61",0.455642107508569,"Subpopulation_1"
"NGS_Nanog_WT_Rep3","Read_62",0.449482928979793,"Subpopulation_1"
"NGS_Nanog_WT_Rep3","Read_63",0.456748457739337,"Subpopulation_1"
"NGS_Nanog_WT_Rep3","Read_64",0.451108725706633,"Subpopulation_1"
"NGS_Nanog_WT_Rep3","Read_65",0.444278336733537,"Subpopulation_1"
"NGS_Nanog_WT_Rep3","Read_66",0.46359072724771,"Subpopulation_1"
"NGS_Nanog_WT_Rep3","Read_67",0.451331637513333,"Subpopulation_1"
"NGS_Nanog_WT_Rep3","Read_68",0.453734896489743,"Subpopulation_1"
"NGS_Nanog_WT_Rep3","Read_69",0.465363964183501,"Subpopulation_1"
"NGS_Nanog_WT_Rep3","Read_70",0.457537029837498,"Subpopulation_1"
"NGS_Nanog_WT_Rep3","Read_71",0.459868166108247,"Subpopulation_1"
"NGS_Nanog_WT_Rep3","Read_72",0.462931420954476,"Subpopulation_1"
"NGS_Nanog_WT_Rep3","Read_73",0.461542331694793,"Subpopulation_1"
"NGS_Nanog_WT_Rep3","Read_74",0.449309335040551,"Subpopulation_1"
"NGS_Nanog_WT_Rep3","Read_75",0.445975849651084,"Subpopulation_1"
"NGS_Nanog_WT_Rep3","Read_76",0.45621845951054,"Subpopulation_1"
"NGS_Nanog_WT_Rep3","Read_77",0.452968126640898,"Subpopulation_1"
"NGS_Nanog_WT_Rep3","Read_78",0.459941169721144,"Subpopulation_1"
"NGS_Nanog_WT_Rep3","Read_79",0.456903547411642,"Subpopulation_1"
"NGS_Nanog_WT_Rep3","Read_80",0.461495937955377,"Subpopulation_1"
"NGS_Nanog_WT_Rep3","Read_81",0.445691540354467,"Subpopulation_1"
"NGS_Nanog_WT_Rep3","Read_82",0.464434092752051,"Subpopulation_1"
"NGS_Nanog_WT_Rep3","Read_83",0.462710302798572,"Subpopulation_1"
"NGS_Nanog_WT_Rep3","Read_84",0.462007175295782,"Subpopulation_1"
"NGS_Nanog_WT_Rep3","Read_85",0.456087486677968,"Subpopulation_1"
"NGS_Nanog_WT_Rep3","Read_86",0.453489638250615,"Subpopulation_1"
"NGS_Nanog_WT_Rep3","Read_87",0.446936099035567,"Subpopulation_1"
"NGS_Nanog_WT_Rep3","Read_88",0.457611181939832,"Subpopulation_1"
"NGS_Nanog_WT_Rep3","Read_89",0.453345067737967,"Subpopulation_1"
"NGS_Nanog_WT_Rep3","Read_90",0.453868452762955,"Subpopulation_1"
"NGS_Nanog_WT_Rep3","Read_91",0.458518979739954,"Subpopulation_1"
"NGS_Nanog_WT_Rep3","Read_92",0.457270226885,"Subpopulation_1"
"NGS_Nanog_WT_Rep3","Read_93",0.452988293019931,"Subpopulation_1"
"NGS_Nanog_WT_Rep3","Read_94",0.461098845808875,"Subpopulation_1"
"NGS_Nanog_WT_Rep3","Read_95",0.462333288189426,"Subpopulation_1"
"NGS_Nanog_WT_Rep3","Read_96",0.456512866484466,"Subpopulation_1"
"NGS_Nanog_WT_Rep3","Read_97",0.453975341213633,"Subpopulation_1"
"NGS_Nanog_WT_Rep3","Read_98",0.451317394148262,"Subpopulation_1"
"NGS_Nanog_WT_Rep3","Read_99",0.458389014859681,"Subpopulation_1"
"NGS_Nanog_WT_Rep3","Read_100",0.451184424840171,"Subpopulation_1"
"NGS_Nanog_WT_Rep3","Read_101",0.451063319514539,"Subpopulation_1"
"NGS_Nanog_WT_Rep3","Read_102",0.458155662649583,"Subpopulation_1"
"NGS_Nanog_WT_Rep3","Read_103",0.459862857926568,"Subpopulation_1"
"NGS_Nanog_WT_Rep3","Read_104",0.458379155279619,"Subpopulation_1"
"NGS_Nanog_WT_Rep3","Read_105",0.460345327403417,"Subpopulation_1"
"NGS_Nanog_WT_Rep3","Read_106",0.453090035015446,"Subpopulation_1"
"NGS_Nanog_WT_Rep3","Read_107",0.454801610277038,"Subpopulation_1"
"NGS_Nanog_WT_Rep3","Read_108",0.456215002748334,"Subpopulation_1"
"NGS_Nanog_WT_Rep3","Read_109",0.450002287373797,"Subpopulation_1"
"NGS_Nanog_WT_Rep3","Read_110",0.453684473515957,"Subpopulation_1"
"NGS_Nanog_WT_Rep3","Read_111",0.454284455220054,"Subpopulation_1"
"NGS_Nanog_WT_Rep3","Read_112",0.457254064024155,"Subpopulation_1"
"NGS_Nanog_WT_Rep3","Read_113",0.459792105338504,"Subpopulation_1"
"NGS_Nanog_WT_Rep3","Read_114",0.44693695167783,"Subpopulation_1"
"NGS_Nanog_WT_Rep3","Read_115",0.459404324758013,"Subpopulation_1"
"NGS_Nanog_WT_Rep3","Read_116",0.463918999629632,"Subpopulation_1"
"NGS_Nanog_WT_Rep3","Read_117",0.462138800090605,"Subpopulation_1"
"NGS_Nanog_WT_Rep3","Read_118",0.455444486336893,"Subpopulation_1"
"NGS_Nanog_WT_Rep3","Read_119",0.456412069908752,"Subpopulation_1"
"NGS_Nanog_WT_Rep3","Read_120",0.461335711003308,"Subpopulation_1"
"NGS_Nanog_WT_Rep3","Read_121",0.460629042103074,"Subpopulation_1"
"NGS_Nanog_WT_Rep3","Read_122",0.460239279753758,"Subpopulation_1"
"NGS_Nanog_WT_Rep3","Read_123",0.453803159147684,"Subpopulation_1"
"NGS_Nanog_WT_Rep3","Read_124",0.454412490400705,"Subpopulation_1"
"NGS_Nanog_WT_Rep3","Read_125",0.456796047116897,"Subpopulation_1"
"NGS_Nanog_WT_Rep3","Read_126",0.458941316820187,"Subpopulation_1"
"NGS_Nanog_WT_Rep3","Read_127",0.458593366965612,"Subpopulation_1"
"NGS_Nanog_WT_Rep3","Read_128",0.457400343581531,"Subpopulation_1"
"NGS_Nanog_WT_Rep3","Read_129",0.446669265141917,"Subpopulation_1"
"NGS_Nanog_WT_Rep3","Read_130",0.457768728434204,"Subpopulation_1"
"NGS_Nanog_WT_Rep3","Read_131",0.449306745157811,"Subpopulation_1"
"NGS_Nanog_WT_Rep3","Read_132",0.461451742973974,"Subpopulation_1"
"NGS_Nanog_WT_Rep3","Read_133",0.457591847310337,"Subpopulation_1"
"NGS_Nanog_WT_Rep3","Read_134",0.457039381482341,"Subpopulation_1"
"NGS_Nanog_WT_Rep3","Read_135",0.47034000828522,"Subpopulation_1"
"NGS_Nanog_WT_Rep3","Read_136",0.453797404277792,"Subpopulation_1"
"NGS_Nanog_WT_Rep3","Read_137",0.464143142723245,"Subpopulation_1"
"NGS_Nanog_WT_Rep3","Read_138",0.46024850726518,"Subpopulation_1"
"NGS_Nanog_WT_Rep3","Read_139",0.462159085986104,"Subpopulation_1"
"NGS_Nanog_WT_Rep3","Read_140",0.453206660517225,"Subpopulation_1"
"NGS_Nanog_WT_Rep3","Read_141",0.458486574283129,"Subpopulation_1"
"NGS_Nanog_WT_Rep3","Read_142",0.457156895962226,"Subpopulation_1"
"NGS_Nanog_WT_Rep3","Read_143",0.464040536912298,"Subpopulation_1"
"NGS_Nanog_WT_Rep3","Read_144",0.45196024615129,"Subpopulation_1"
"NGS_Nanog_WT_Rep3","Read_145",0.450629794487424,"Subpopulation_1"
"NGS_Nanog_WT_Rep3","Read_146",0.457000624438751,"Subpopulation_1"
"NGS_Nanog_WT_Rep3","Read_147",0.448383231910418,"Subpopulation_1"
"NGS_Nanog_WT_Rep3","Read_148",0.448908780508333,"Subpopulation_1"
"NGS_Nanog_WT_Rep3","Read_149",0.448501236402747,"Subpopulation_1"
"NGS_Nanog_WT_Rep3","Read_150",0.455894368380838,"Subpopulation_1"
"NGS_Nanog_WT_Rep3","Read_151",0.4530524569832,"Subpopulation_1"
"NGS_Nanog_WT_Rep3","Read_152",0.461832501636626,"Subpopulation_1"
"NGS_Nanog_WT_Rep3","Read_153",0.458239213212052,"Subpopulation_1"
"NGS_Nanog_WT_Rep3","Read_154",0.453424107573665,"Subpopulation_1"
"NGS_Nanog_WT_Rep3","Read_155",0.458221882340248,"Subpopulation_1"
"NGS_Nanog_WT_Rep3","Read_156",0.456601892701709,"Subpopulation_1"
"NGS_Nanog_WT_Rep3","Read_157",0.450751459931917,"Subpopulation_1"
"NGS_Nanog_WT_Rep3","Read_158",0.458542644299142,"Subpopulation_1"
"NGS_Nanog_WT_Rep3","Read_159",0.450230384189943,"Subpopulation_1"
"NGS_Nanog_WT_Rep3","Read_160",0.446793459298762,"Subpopulation_1"
"NGS_Nanog_WT_Rep3","Read_161",0.460807455532331,"Subpopulation_1"
"NGS_Nanog_WT_Rep3","Read_162",0.458170728922143,"Subpopulation_1"
"NGS_Nanog_WT_Rep3","Read_163",0.45640582547551,"Subpopulation_1"
"NGS_Nanog_WT_Rep3","Read_164",0.447146638996022,"Subpopulation_1"
"NGS_Nanog_WT_Rep3","Read_165",0.446995378307251,"Subpopulation_1"
"NGS_Nanog_WT_Rep3","Read_166",0.46261733703063,"Subpopulation_1"
"NGS_Nanog_WT_Rep3","Read_167",0.449825485337657,"Subpopulation_1"
"NGS_Nanog_WT_Rep3","Read_168",0.455198828045178,"Subpopulation_1"
"NGS_Nanog_WT_Rep3","Read_169",0.442459219949358,"Subpopulation_1"
"NGS_Nanog_WT_Rep3","Read_170",0.453471101496305,"Subpopulation_1"
"NGS_Nanog_WT_Rep3","Read_171",0.464591268618181,"Subpopulation_1"
"NGS_Nanog_WT_Rep3","Read_172",0.453758052712358,"Subpopulation_1"
"NGS_Nanog_WT_Rep3","Read_173",0.449105323625603,"Subpopulation_1"
"NGS_Nanog_WT_Rep3","Read_174",0.447978463365366,"Subpopulation_1"
"NGS_Nanog_WT_Rep3","Read_175",0.45157943582739,"Subpopulation_1"
"NGS_Nanog_WT_Rep3","Read_176",0.457439379112007,"Subpopulation_1"
"NGS_Nanog_WT_Rep3","Read_177",0.456909730661242,"Subpopulation_1"
"NGS_Nanog_WT_Rep3","Read_178",0.460327407969067,"Subpopulation_1"
"NGS_Nanog_WT_Rep3","Read_179",0.451156661484979,"Subpopulation_1"
"NGS_Nanog_WT_Rep3","Read_180",0.454626539803452,"Subpopulation_1"
"NGS_Nanog_WT_Rep3","Read_181",0.452046417915502,"Subpopulation_1"
"NGS_Nanog_WT_Rep3","Read_182",0.466062855082084,"Subpopulation_1"
"NGS_Nanog_WT_Rep3","Read_183",0.461190856205347,"Subpopulation_1"
"NGS_Nanog_WT_Rep3","Read_184",0.462715265535013,"Subpopulation_1"
"NGS_Nanog_WT_Rep3","Read_185",0.453839277557149,"Subpopulation_1"
"NGS_Nanog_WT_Rep3","Read_186",0.45967838975261,"Subpopulation_1"
"NGS_Nanog_WT_Rep3","Read_187",0.457219722101166,"Subpopulation_1"
"NGS_Nanog_WT_Rep3","Read_188",0.462974940894563,"Subpopulation_1"
"NGS_Nanog_WT_Rep3","Read_189",0.460424137215567,"Subpopulation_1"
"NGS_Nanog_WT_Rep3","Read_190",0.44284137659042,"Subpopulation_1"
"NGS_Nanog_WT_Rep3","Read_191",0.468079736321111,"Subpopulation_1"
"NGS_Nanog_WT_Rep3","Read_192",0.448780154946776,"Subpopulation_1"
"NGS_Nanog_WT_Rep3","Read_193",0.459389121365476,"Subpopulation_1"
"NGS_Nanog_WT_Rep3","Read_194",0.447200988212495,"Subpopulation_1"
"NGS_Nanog_WT_Rep3","Read_195",0.454403618456221,"Subpopulation_1"
"NGS_Nanog_WT_Rep3","Read_196",0.453012790272643,"Subpopulation_1"
"NGS_Nanog_WT_Rep3","Read_197",0.463973446748172,"Subpopulation_1"
"NGS_Nanog_WT_Rep3","Read_198",0.458377583803162,"Subpopulation_1"
"NGS_Nanog_WT_Rep3","Read_199",0.450472668003158,"Subpopulation_1"
"NGS_Nanog_WT_Rep3","Read_200",0.458808911914991,"Subpopulation_1"
"NGS_Nanog_WT_Rep3","Read_201",0.459239387010261,"Subpopulation_1"
"NGS_Nanog_WT_Rep3","Read_202",0.444738901989967,"Subpopulation_1"
"NGS_Nanog_WT_Rep3","Read_203",0.451215823818644,"Subpopulation_1"
"NGS_Nanog_WT_Rep3","Read_204",0.458927795361033,"Subpopulation_1"
"NGS_Nanog_WT_Rep3","Read_205",0.46804318038887,"Subpopulation_1"
"NGS_Nanog_WT_Rep3","Read_206",0.451562849989591,"Subpopulation_1"
"NGS_Nanog_WT_Rep3","Read_207",0.463646144788616,"Subpopulation_1"
"NGS_Nanog_WT_Rep3","Read_208",0.460460359616774,"Subpopulation_1"
"NGS_Nanog_WT_Rep3","Read_209",0.460135211932819,"Subpopulation_1"
"NGS_Nanog_WT_Rep3","Read_210",0.447896093745591,"Subpopulation_1"
"NGS_Nanog_WT_Rep3","Read_211",0.456272609855253,"Subpopulation_1"
"NGS_Nanog_WT_Rep3","Read_212",0.454642698561504,"Subpopulation_1"
"NGS_Nanog_WT_Rep3","Read_213",0.454138267532554,"Subpopulation_1"
"NGS_Nanog_WT_Rep3","Read_214",0.465150196604023,"Subpopulation_1"
"NGS_Nanog_WT_Rep3","Read_215",0.460206084500562,"Subpopulation_1"
"NGS_Nanog_WT_Rep3","Read_216",0.451248073608015,"Subpopulation_1"
"NGS_Nanog_WT_Rep3","Read_217",0.464826403941231,"Subpopulation_1"
"NGS_Nanog_WT_Rep3","Read_218",0.464051618986644,"Subpopulation_1"
"NGS_Nanog_WT_Rep3","Read_219",0.458714899893932,"Subpopulation_1"
"NGS_Nanog_WT_Rep3","Read_220",0.462794827287442,"Subpopulation_1"
"NGS_Nanog_WT_Rep3","Read_221",0.455134808197492,"Subpopulation_1"
"NGS_Nanog_WT_Rep3","Read_222",0.462219070508593,"Subpopulation_1"
"NGS_Nanog_WT_Rep3","Read_223",0.454521152322238,"Subpopulation_1"
"NGS_Nanog_WT_Rep3","Read_224",0.466825689728079,"Subpopulation_1"
"NGS_Nanog_WT_Rep3","Read_225",0.457947375764786,"Subpopulation_1"
"NGS_Nanog_WT_Rep3","Read_226",0.454020988221019,"Subpopulation_1"
"NGS_Nanog_WT_Rep3","Read_227",0.46061773995032,"Subpopulation_1"
"NGS_Nanog_WT_Rep3","Read_228",0.4612347272338,"Subpopulation_1"
"NGS_Nanog_WT_Rep3","Read_229",0.449940306703079,"Subpopulation_1"
"NGS_Nanog_WT_Rep3","Read_230",0.455031941894288,"Subpopulation_1"
"NGS_Nanog_WT_Rep3","Read_231",0.456370984737966,"Subpopulation_1"
"NGS_Nanog_WT_Rep3","Read_232",0.450942018222412,"Subpopulation_1"
"NGS_Nanog_WT_Rep3","Read_233",0.44993270661406,"Subpopulation_1"
"NGS_Nanog_WT_Rep3","Read_234",0.457704731547323,"Subpopulation_1"
"NGS_Nanog_WT_Rep3","Read_235",0.456256607630163,"Subpopulation_1"
"NGS_Nanog_WT_Rep3","Read_236",0.455759858106934,"Subpopulation_1"
"NGS_Nanog_WT_Rep3","Read_237",0.44527422220651,"Subpopulation_1"
"NGS_Nanog_WT_Rep3","Read_238",0.461109813466184,"Subpopulation_1"
"NGS_Nanog_WT_Rep3","Read_239",0.456908722900376,"Subpopulation_1"
"NGS_Nanog_WT_Rep3","Read_240",0.470465389729911,"Subpopulation_1"
"NGS_Nanog_WT_Rep3","Read_241",0.450662514344874,"Subpopulation_1"
"NGS_Nanog_WT_Rep3","Read_242",0.465645116406702,"Subpopulation_1"
"NGS_Nanog_WT_Rep3","Read_243",0.454083229318568,"Subpopulation_1"
"NGS_Nanog_WT_Rep3","Read_244",0.466030833873861,"Subpopulation_1"
"NGS_Nanog_WT_Rep3","Read_245",0.453396218267253,"Subpopulation_1"
"NGS_Nanog_WT_Rep3","Read_246",0.452840262580823,"Subpopulation_1"
"NGS_Nanog_WT_Rep3","Read_247",0.452301811652344,"Subpopulation_1"
"NGS_Nanog_WT_Rep3","Read_248",0.456274882833939,"Subpopulation_1"
"NGS_Nanog_WT_Rep3","Read_249",0.457843012013481,"Subpopulation_1"
"NGS_Nanog_WT_Rep3","Read_250",0.453694126435239,"Subpopulation_1"
"NGS_Nanog_WT_Rep3","Read_251",0.461684212635439,"Subpopulation_1"
"NGS_Nanog_WT_Rep3","Read_252",0.445872177476582,"Subpopulation_1"
"NGS_Nanog_WT_Rep3","Read_253",0.462077283747861,"Subpopulation_1"
"NGS_Nanog_WT_Rep3","Read_254",0.44828540365837,"Subpopulation_1"
"NGS_Nanog_WT_Rep3","Read_255",0.455134508473487,"Subpopulation_1"
"NGS_Nanog_WT_Rep3","Read_256",0.460654933434003,"Subpopulation_1"
"NGS_Nanog_WT_Rep3","Read_257",0.45576608717608,"Subpopulation_1"
"NGS_Nanog_WT_Rep3","Read_258",0.460097501609376,"Subpopulation_1"
"NGS_Nanog_WT_Rep3","Read_259",0.459193037118029,"Subpopulation_1"
"NGS_Nanog_WT_Rep3","Read_260",0.452294641336118,"Subpopulation_1"
"NGS_Nanog_WT_Rep3","Read_261",0.455934980941685,"Subpopulation_1"
"NGS_Nanog_WT_Rep3","Read_262",0.462288927131417,"Subpopulation_1"
"NGS_Nanog_WT_Rep3","Read_263",0.453582531369729,"Subpopulation_1"
"NGS_Nanog_WT_Rep3","Read_264",0.444205299062576,"Subpopulation_1"
"NGS_Nanog_WT_Rep3","Read_265",0.462455265236836,"Subpopulation_1"
"NGS_Nanog_WT_Rep3","Read_266",0.459499284901718,"Subpopulation_1"
"NGS_Nanog_WT_Rep3","Read_267",0.465412429700553,"Subpopulation_1"
"NGS_Nanog_WT_Rep3","Read_268",0.453205913992848,"Subpopulation_1"
"NGS_Nanog_WT_Rep3","Read_269",0.464434431202851,"Subpopulation_1"
"NGS_Nanog_WT_Rep3","Read_270",0.45791013450023,"Subpopulation_1"
"NGS_Nanog_WT_Rep3","Read_271",0.455262793943624,"Subpopulation_1"
"NGS_Nanog_WT_Rep3","Read_272",0.45348480179959,"Subpopulation_1"
"NGS_Nanog_WT_Rep3","Read_273",0.462903346905426,"Subpopulation_1"
"NGS_Nanog_WT_Rep3","Read_274",0.454414097911749,"Subpopulation_1"
"NGS_Nanog_WT_Rep3","Read_275",0.455102378522503,"Subpopulation_1"
"NGS_Nanog_WT_Rep3","Read_276",0.463133457976611,"Subpopulation_1"
"NGS_Nanog_WT_Rep3","Read_277",0.471334626966487,"Subpopulation_1"
"NGS_Nanog_WT_Rep3","Read_278",0.463771063475236,"Subpopulation_1"
"NGS_Nanog_WT_Rep3","Read_279",0.454688935030502,"Subpopulation_1"
"NGS_Nanog_WT_Rep3","Read_280",0.454995494460895,"Subpopulation_1"
"NGS_Nanog_WT_Rep3","Read_281",0.453691438353487,"Subpopulation_1"
"NGS_Nanog_WT_Rep3","Read_282",0.448146086663396,"Subpopulation_1"
"NGS_Nanog_WT_Rep3","Read_283",0.452046270069494,"Subpopulation_1"
"NGS_Nanog_WT_Rep3","Read_284",0.459820008199528,"Subpopulation_1"
"NGS_Nanog_WT_Rep3","Read_285",0.451849536397555,"Subpopulation_1"
"NGS_Nanog_WT_Rep3","Read_286",0.460409591413912,"Subpopulation_1"
"NGS_Nanog_WT_Rep3","Read_287",0.457600128246788,"Subpopulation_1"
"NGS_Nanog_WT_Rep3","Read_288",0.450646797940444,"Subpopulation_1"
"NGS_Nanog_WT_Rep3","Read_289",0.461321697062184,"Subpopulation_1"
"NGS_Nanog_WT_Rep3","Read_290",0.44300132313714,"Subpopulation_1"
"NGS_Nanog_WT_Rep3","Read_291",0.439492545025625,"Subpopulation_1"
"NGS_Nanog_WT_Rep3","Read_292",0.449139830352905,"Subpopulation_1"
"NGS_Nanog_WT_Rep3","Read_293",0.455331682468478,"Subpopulation_1"
"NGS_Nanog_WT_Rep3","Read_294",0.445499655018436,"Subpopulation_1"
"NGS_Nanog_WT_Rep3","Read_295",0.457779089599213,"Subpopulation_1"
"NGS_Nanog_WT_Rep3","Read_296",0.443780282553994,"Subpopulation_1"
"NGS_Nanog_WT_Rep3","Read_297",0.458349961065649,"Subpopulation_1"
"NGS_Nanog_WT_Rep3","Read_298",0.449992986497905,"Subpopulation_1"
"NGS_Nanog_WT_Rep3","Read_299",0.455756450945014,"Subpopulation_1"
"NGS_Nanog_WT_Rep3","Read_300",0.458015120028851,"Subpopulation_1"
"NGS_Nanog_WT_Rep3","Read_301",0.453165708269853,"Subpopulation_1"
"NGS_Nanog_WT_Rep3","Read_302",0.460971855768019,"Subpopulation_1"
"NGS_Nanog_WT_Rep3","Read_303",0.454075967272006,"Subpopulation_1"
"NGS_Nanog_WT_Rep3","Read_304",0.452056814145789,"Subpopulation_1"
"NGS_Nanog_WT_Rep3","Read_305",0.462342957967684,"Subpopulation_1"
"NGS_Nanog_WT_Rep3","Read_306",0.453785545442716,"Subpopulation_1"
"NGS_Nanog_WT_Rep3","Read_307",0.445539173203078,"Subpopulation_1"
"NGS_Nanog_WT_Rep3","Read_308",0.450445767011949,"Subpopulation_1"
"NGS_Nanog_WT_Rep3","Read_309",0.455674995974384,"Subpopulation_1"
"NGS_Nanog_WT_Rep3","Read_310",0.461439971140672,"Subpopulation_1"
"NGS_Nanog_WT_Rep3","Read_311",0.455908643974013,"Subpopulation_1"
"NGS_Nanog_WT_Rep3","Read_312",0.448971754848726,"Subpopulation_1"
"NGS_Nanog_WT_Rep3","Read_313",0.449749104358756,"Subpopulation_1"
"NGS_Nanog_WT_Rep3","Read_314",0.456682973985246,"Subpopulation_1"
"NGS_Nanog_WT_Rep3","Read_315",0.451595372035779,"Subpopulation_1"
"NGS_Nanog_WT_Rep3","Read_316",0.460831559685862,"Subpopulation_1"
"NGS_Nanog_WT_Rep3","Read_317",0.459285645488008,"Subpopulation_1"
"NGS_Nanog_WT_Rep3","Read_318",0.438522679173157,"Subpopulation_1"
"NGS_Nanog_WT_Rep3","Read_319",0.458508537523047,"Subpopulation_1"
"NGS_Nanog_WT_Rep3","Read_320",0.456086368512012,"Subpopulation_1"
"NGS_Nanog_WT_Rep3","Read_321",0.461591254595069,"Subpopulation_1"
"NGS_Nanog_WT_Rep3","Read_322",0.454491605719915,"Subpopulation_1"
"NGS_Nanog_WT_Rep3","Read_323",0.462820805423768,"Subpopulation_1"
"NGS_Nanog_WT_Rep3","Read_324",0.460541927875595,"Subpopulation_1"
"NGS_Nanog_WT_Rep3","Read_325",0.458381050893625,"Subpopulation_1"
"NGS_Nanog_WT_Rep3","Read_326",0.454443409252123,"Subpopulation_1"
"NGS_Nanog_WT_Rep3","Read_327",0.448125030053926,"Subpopulation_1"
"NGS_Nanog_WT_Rep3","Read_328",0.448984284019292,"Subpopulation_1"
"NGS_Nanog_WT_Rep3","Read_329",0.466168303606158,"Subpopulation_1"
"NGS_Nanog_WT_Rep3","Read_330",0.456102115798943,"Subpopulation_1"
"NGS_Nanog_WT_Rep3","Read_331",0.45107453293847,"Subpopulation_1"
"NGS_Nanog_WT_Rep3","Read_332",0.461579714024277,"Subpopulation_1"
"NGS_Nanog_WT_Rep3","Read_333",0.470952199119496,"Subpopulation_1"
"NGS_Nanog_WT_Rep3","Read_334",0.448147969348019,"Subpopulation_1"
"NGS_Nanog_WT_Rep3","Read_335",0.449024663506101,"Subpopulation_1"
"NGS_Nanog_WT_Rep3","Read_336",0.451272795285616,"Subpopulation_1"
"NGS_Nanog_WT_Rep3","Read_337",0.463412769739185,"Subpopulation_1"
"NGS_Nanog_WT_Rep3","Read_338",0.45664392443102,"Subpopulation_1"
"NGS_Nanog_WT_Rep3","Read_339",0.452950565091049,"Subpopulation_1"
"NGS_Nanog_WT_Rep3","Read_340",0.458645766809716,"Subpopulation_1"
"NGS_Nanog_WT_Rep3","Read_341",0.457777442208485,"Subpopulation_1"
"NGS_Nanog_WT_Rep3","Read_342",0.452924920758017,"Subpopulation_1"
"NGS_Nanog_WT_Rep3","Read_343",0.460226156404711,"Subpopulation_1"
"NGS_Nanog_WT_Rep3","Read_344",0.454691314508204,"Subpopulation_1"
"NGS_Nanog_WT_Rep3","Read_345",0.449012694726151,"Subpopulation_1"
"NGS_Nanog_WT_Rep3","Read_346",0.445533480799182,"Subpopulation_1"
"NGS_Nanog_WT_Rep3","Read_347",0.454131501832307,"Subpopulation_1"
"NGS_Nanog_WT_Rep3","Read_348",0.458508620073771,"Subpopulation_1"
"NGS_Nanog_WT_Rep3","Read_349",0.462489304672196,"Subpopulation_1"
"NGS_Nanog_WT_Rep3","Read_350",0.459178540951196,"Subpopulation_1"
"NGS_Nanog_WT_Rep3","Read_351",0.454611221955904,"Subpopulation_1"
"NGS_Nanog_WT_Rep3","Read_352",0.449665438686289,"Subpopulation_1"
"NGS_Nanog_WT_Rep3","Read_353",0.454466814215821,"Subpopulation_1"
"NGS_Nanog_WT_Rep3","Read_354",0.463854827913147,"Subpopulation_1"
"NGS_Nanog_WT_Rep3","Read_355",0.452524194337422,"Subpopulation_1"
"NGS_Nanog_WT_Rep3","Read_356",0.462107062769182,"Subpopulation_1"
"NGS_Nanog_WT_Rep3","Read_357",0.458676570766667,"Subpopulation_1"
"NGS_Nanog_WT_Rep3","Read_358",0.448959570538056,"Subpopulation_1"
"NGS_Nanog_WT_Rep3","Read_359",0.450425452239058,"Subpopulation_1"
"NGS_Nanog_WT_Rep3","Read_360",0.453007021522251,"Subpopulation_1"
"NGS_Nanog_WT_Rep3","Read_361",0.456782850716013,"Subpopulation_1"
"NGS_Nanog_WT_Rep3","Read_362",0.455111586372112,"Subpopulation_1"
"NGS_Nanog_WT_Rep3","Read_363",0.453150292614965,"Subpopulation_1"
"NGS_Nanog_WT_Rep3","Read_364",0.461203394649012,"Subpopulation_1"
"NGS_Nanog_WT_Rep3","Read_365",0.457389305212674,"Subpopulation_1"
"NGS_Nanog_WT_Rep3","Read_366",0.457102861633247,"Subpopulation_1"
"NGS_Nanog_WT_Rep3","Read_367",0.465661380778176,"Subpopulation_1"
"NGS_Nanog_WT_Rep3","Read_368",0.448724320949782,"Subpopulation_1"
"NGS_Nanog_WT_Rep3","Read_369",0.459319710289543,"Subpopulation_1"
"NGS_Nanog_WT_Rep3","Read_370",0.452880489689561,"Subpopulation_1"
"NGS_Nanog_WT_Rep3","Read_371",0.454311364295341,"Subpopulation_1"
"NGS_Nanog_WT_Rep3","Read_372",0.460449355447163,"Subpopulation_1"
"NGS_Nanog_WT_Rep3","Read_373",0.456539170992759,"Subpopulation_1"
"NGS_Nanog_WT_Rep3","Read_374",0.451171582124114,"Subpopulation_1"
"NGS_Nanog_WT_Rep3","Read_375",0.453856605441973,"Subpopulation_1"
"NGS_Nanog_WT_Rep3","Read_376",0.461570413517543,"Subpopulation_1"
"NGS_Nanog_WT_Rep3","Read_377",0.462081086930232,"Subpopulation_1"
"NGS_Nanog_WT_Rep3","Read_378",0.462108041150128,"Subpopulation_1"
"NGS_Nanog_WT_Rep3","Read_379",0.454772081525372,"Subpopulation_1"
"NGS_Nanog_WT_Rep3","Read_380",0.461336235998316,"Subpopulation_1"
"NGS_Nanog_WT_Rep3","Read_381",0.456173332520467,"Subpopulation_1"
"NGS_Nanog_WT_Rep3","Read_382",0.453376148113133,"Subpopulation_1"
"NGS_Nanog_WT_Rep3","Read_383",0.463606649311382,"Subpopulation_1"
"NGS_Nanog_WT_Rep3","Read_384",0.45246720617738,"Subpopulation_1"
"NGS_Nanog_WT_Rep3","Read_385",0.453694298532718,"Subpopulation_1"
"NGS_Nanog_WT_Rep3","Read_386",0.461464742466982,"Subpopulation_1"
"NGS_Nanog_WT_Rep3","Read_387",0.459928767729971,"Subpopulation_1"
"NGS_Nanog_WT_Rep3","Read_388",0.460605284032922,"Subpopulation_1"
"NGS_Nanog_WT_Rep3","Read_389",0.444531591827106,"Subpopulation_1"
"NGS_Nanog_WT_Rep3","Read_390",0.455538187701714,"Subpopulation_1"
"NGS_Nanog_WT_Rep3","Read_391",0.454914952064133,"Subpopulation_1"
"NGS_Nanog_WT_Rep3","Read_392",0.460014677894077,"Subpopulation_1"
"NGS_Nanog_WT_Rep3","Read_393",0.453061827114454,"Subpopulation_1"
"NGS_Nanog_WT_Rep3","Read_394",0.461169956591174,"Subpopulation_1"
"NGS_Nanog_WT_Rep3","Read_395",0.464287366491945,"Subpopulation_1"
"NGS_Nanog_WT_Rep3","Read_396",0.462708321868012,"Subpopulation_1"
"NGS_Nanog_WT_Rep3","Read_397",0.461127136223735,"Subpopulation_1"
"NGS_Nanog_WT_Rep3","Read_398",0.441374489212449,"Subpopulation_1"
"NGS_Nanog_WT_Rep3","Read_399",0.460082515012769,"Subpopulation_1"
"NGS_Nanog_WT_Rep3","Read_400",0.454487565183623,"Subpopulation_1"
"NGS_Nanog_WT_Rep3","Read_401",0.454057187983302,"Subpopulation_1"
"NGS_Nanog_WT_Rep3","Read_402",0.45597051567276,"Subpopulation_1"
"NGS_Nanog_WT_Rep3","Read_403",0.45157605498873,"Subpopulation_1"
"NGS_Nanog_WT_Rep3","Read_404",0.446207844002935,"Subpopulation_1"
"NGS_Nanog_WT_Rep3","Read_405",0.446382616411515,"Subpopulation_1"
"NGS_Nanog_WT_Rep3","Read_406",0.452517267417461,"Subpopulation_1"
"NGS_Nanog_WT_Rep3","Read_407",0.450326623447477,"Subpopulation_1"
"NGS_Nanog_WT_Rep3","Read_408",0.453541500128682,"Subpopulation_1"
"NGS_Nanog_WT_Rep3","Read_409",0.464519039105266,"Subpopulation_1"
"NGS_Nanog_WT_Rep3","Read_410",0.447886726971363,"Subpopulation_1"
"NGS_Nanog_WT_Rep3","Read_411",0.461437173615325,"Subpopulation_1"
"NGS_Nanog_WT_Rep3","Read_412",0.451606495785527,"Subpopulation_1"
"NGS_Nanog_WT_Rep3","Read_413",0.448883483196414,"Subpopulation_1"
"NGS_Nanog_WT_Rep3","Read_414",0.461489006340047,"Subpopulation_1"
"NGS_Nanog_WT_Rep3","Read_415",0.455430007849409,"Subpopulation_1"
"NGS_Nanog_WT_Rep3","Read_416",0.45679349477513,"Subpopulation_1"
"NGS_Nanog_WT_Rep3","Read_417",0.442136412460654,"Subpopulation_1"
"NGS_Nanog_WT_Rep3","Read_418",0.455185103130396,"Subpopulation_1"
"NGS_Nanog_WT_Rep3","Read_419",0.455784691671331,"Subpopulation_1"
"NGS_Nanog_WT_Rep3","Read_420",0.455996458961456,"Subpopulation_1"
"NGS_Nanog_WT_Rep3","Read_421",0.448853873236636,"Subpopulation_1"
"NGS_Nanog_WT_Rep3","Read_422",0.457252941172453,"Subpopulation_1"
"NGS_Nanog_WT_Rep3","Read_423",0.459382951529007,"Subpopulation_1"
"NGS_Nanog_WT_Rep3","Read_424",0.470713034556391,"Subpopulation_1"
"NGS_Nanog_WT_Rep3","Read_425",0.461015516450469,"Subpopulation_1"
"NGS_Nanog_WT_Rep3","Read_426",0.453094758900898,"Subpopulation_1"
"NGS_Nanog_WT_Rep3","Read_427",0.460454941729402,"Subpopulation_1"
"NGS_Nanog_WT_Rep3","Read_428",0.45538156387061,"Subpopulation_1"
"NGS_Nanog_WT_Rep3","Read_429",0.459017804497202,"Subpopulation_1"
"NGS_Nanog_WT_Rep3","Read_430",0.454342245749595,"Subpopulation_1"
"NGS_Nanog_WT_Rep3","Read_431",0.459683922931676,"Subpopulation_1"
"NGS_Nanog_WT_Rep3","Read_432",0.454315815936314,"Subpopulation_1"
"NGS_Nanog_WT_Rep3","Read_433",0.454724584385646,"Subpopulation_1"
"NGS_Nanog_WT_Rep3","Read_434",0.454624310071563,"Subpopulation_1"
"NGS_Nanog_WT_Rep3","Read_435",0.453223799753151,"Subpopulation_1"
"NGS_Nanog_WT_Rep3","Read_436",0.467634980516738,"Subpopulation_1"
"NGS_Nanog_WT_Rep3","Read_437",0.454022964417144,"Subpopulation_1"
"NGS_Nanog_WT_Rep3","Read_438",0.466252634497296,"Subpopulation_1"
"NGS_Nanog_WT_Rep3","Read_439",0.457994696616285,"Subpopulation_1"
"NGS_Nanog_WT_Rep3","Read_440",0.463984562779994,"Subpopulation_1"
"NGS_Nanog_WT_Rep3","Read_441",0.460893485095028,"Subpopulation_1"
"NGS_Nanog_WT_Rep3","Read_442",0.450291062182987,"Subpopulation_1"
"NGS_Nanog_WT_Rep3","Read_443",0.457239771487334,"Subpopulation_1"
"NGS_Nanog_WT_Rep3","Read_444",0.453359637086884,"Subpopulation_1"
"NGS_Nanog_WT_Rep3","Read_445",0.459610071806254,"Subpopulation_1"
"NGS_Nanog_WT_Rep3","Read_446",0.462572323813554,"Subpopulation_1"
"NGS_Nanog_WT_Rep3","Read_447",0.452821730002175,"Subpopulation_1"
"NGS_Nanog_WT_Rep3","Read_448",0.456885012643243,"Subpopulation_1"
"NGS_Nanog_WT_Rep3","Read_449",0.462159292419517,"Subpopulation_1"
"NGS_Nanog_WT_Rep3","Read_450",0.453152917872324,"Subpopulation_1"
"NGS_Nanog_WT_Rep3","Read_451",0.45608456594278,"Subpopulation_1"
"NGS_Nanog_WT_Rep3","Read_452",0.455821853375716,"Subpopulation_1"
"NGS_Nanog_WT_Rep3","Read_453",0.445037204891405,"Subpopulation_1"
"NGS_Nanog_WT_Rep3","Read_454",0.461466138452014,"Subpopulation_1"
"NGS_Nanog_WT_Rep3","Read_455",0.448786204862787,"Subpopulation_1"
"NGS_Nanog_WT_Rep3","Read_456",0.45751192312297,"Subpopulation_1"
"NGS_Nanog_WT_Rep3","Read_457",0.450944993770055,"Subpopulation_1"
"NGS_Nanog_WT_Rep3","Read_458",0.473337388616689,"Subpopulation_1"
"NGS_Nanog_WT_Rep3","Read_459",0.463927043961121,"Subpopulation_1"
"NGS_Nanog_WT_Rep3","Read_460",0.456542282066968,"Subpopulation_1"
"NGS_Nanog_WT_Rep3","Read_461",0.453617837744737,"Subpopulation_1"
"NGS_Nanog_WT_Rep3","Read_462",0.454194652572521,"Subpopulation_1"
"NGS_Nanog_WT_Rep3","Read_463",0.443435377453074,"Subpopulation_1"
"NGS_Nanog_WT_Rep3","Read_464",0.459390812382829,"Subpopulation_1"
"NGS_Nanog_WT_Rep3","Read_465",0.456986573958476,"Subpopulation_1"
"NGS_Nanog_WT_Rep3","Read_466",0.450854670958149,"Subpopulation_1"
"NGS_Nanog_WT_Rep3","Read_467",0.462049146999802,"Subpopulation_1"
"NGS_Nanog_WT_Rep3","Read_468",0.458591420333642,"Subpopulation_1"
"NGS_Nanog_WT_Rep3","Read_469",0.446436547333023,"Subpopulation_1"
"NGS_Nanog_WT_Rep3","Read_470",0.459716903890396,"Subpopulation_1"
"NGS_Nanog_WT_Rep3","Read_471",0.457910005462375,"Subpopulation_1"
"NGS_Nanog_WT_Rep3","Read_472",0.448251154628267,"Subpopulation_1"
"NGS_Nanog_WT_Rep3","Read_473",0.456782153860291,"Subpopulation_1"
"NGS_Nanog_WT_Rep3","Read_474",0.460633145081621,"Subpopulation_1"
"NGS_Nanog_WT_Rep3","Read_475",0.454679952935728,"Subpopulation_1"
"NGS_Nanog_WT_Rep3","Read_476",0.459515485773764,"Subpopulation_1"
"NGS_Nanog_WT_Rep3","Read_477",0.480799163665297,"Subpopulation_1"
"NGS_Nanog_WT_Rep3","Read_478",0.459047490094714,"Subpopulation_1"
"NGS_Nanog_WT_Rep3","Read_479",0.448751089129509,"Subpopulation_1"
"NGS_Nanog_WT_Rep3","Read_480",0.450042393324069,"Subpopulation_1"
"NGS_Nanog_WT_Rep3","Read_481",0.450444254685798,"Subpopulation_1"
"NGS_Nanog_WT_Rep3","Read_482",0.451270052374658,"Subpopulation_1"
"NGS_Nanog_WT_Rep3","Read_483",0.448555536446091,"Subpopulation_1"
"NGS_Nanog_WT_Rep3","Read_484",0.461081821688212,"Subpopulation_1"
"NGS_Nanog_WT_Rep3","Read_485",0.452797470719146,"Subpopulation_1"
"NGS_Nanog_WT_Rep3","Read_486",0.457922403518137,"Subpopulation_1"
"NGS_Nanog_WT_Rep3","Read_487",0.463804236467063,"Subpopulation_1"
"NGS_Nanog_WT_Rep3","Read_488",0.454891585359689,"Subpopulation_1"
"NGS_Nanog_WT_Rep3","Read_489",0.455893687519929,"Subpopulation_1"
"NGS_Nanog_WT_Rep3","Read_490",0.457612143661553,"Subpopulation_1"
"NGS_Nanog_WT_Rep3","Read_491",0.460875373681258,"Subpopulation_1"
"NGS_Nanog_WT_Rep3","Read_492",0.457433020587808,"Subpopulation_1"
"NGS_Nanog_WT_Rep3","Read_493",0.453000973485888,"Subpopulation_1"
"NGS_Nanog_WT_Rep3","Read_494",0.458844556014676,"Subpopulation_1"
"NGS_Nanog_WT_Rep3","Read_495",0.453379489102662,"Subpopulation_1"
"NGS_Nanog_WT_Rep3","Read_496",0.457690580777385,"Subpopulation_1"
"NGS_Nanog_WT_Rep3","Read_497",0.457787660705134,"Subpopulation_1"
"NGS_Nanog_WT_Rep3","Read_498",0.462920081792558,"Subpopulation_1"
"NGS_Nanog_WT_Rep3","Read_499",0.456411714962297,"Subpopulation_1"
"NGS_Nanog_WT_Rep3","Read_500",0.458494726100581,"Subpopulation_1"
"NGS_Nanog_WT_Rep3","Read_501",0.449356956174936,"Subpopulation_1"
"NGS_Nanog_WT_Rep3","Read_502",0.467261471946331,"Subpopulation_1"
"NGS_Nanog_WT_Rep3","Read_503",0.465443099618663,"Subpopulation_1"
"NGS_Nanog_WT_Rep3","Read_504",0.459568563464005,"Subpopulation_1"
"NGS_Nanog_WT_Rep3","Read_505",0.445788626094761,"Subpopulation_1"
"NGS_Nanog_WT_Rep3","Read_506",0.44960194441827,"Subpopulation_1"
"NGS_Nanog_WT_Rep3","Read_507",0.450884150542582,"Subpopulation_1"
"NGS_Nanog_WT_Rep3","Read_508",0.454555942038825,"Subpopulation_1"
"NGS_Nanog_WT_Rep3","Read_509",0.456159290036402,"Subpopulation_1"
"NGS_Nanog_WT_Rep3","Read_510",0.460664470770374,"Subpopulation_1"
"NGS_Nanog_WT_Rep3","Read_511",0.445703312569543,"Subpopulation_1"
"NGS_Nanog_WT_Rep3","Read_512",0.459866376154091,"Subpopulation_1"
"NGS_Nanog_WT_Rep3","Read_513",0.459372604075197,"Subpopulation_1"
"NGS_Nanog_WT_Rep3","Read_514",0.456431731867846,"Subpopulation_1"
"NGS_Nanog_WT_Rep3","Read_515",0.448217954566035,"Subpopulation_1"
"NGS_Nanog_WT_Rep3","Read_516",0.462659272496943,"Subpopulation_1"
"NGS_Nanog_WT_Rep3","Read_517",0.471380497324755,"Subpopulation_1"
"NGS_Nanog_WT_Rep3","Read_518",0.4502557492798,"Subpopulation_1"
"NGS_Nanog_WT_Rep3","Read_519",0.452887421692046,"Subpopulation_1"
"NGS_Nanog_WT_Rep3","Read_520",0.438787489535781,"Subpopulation_1"
"NGS_Nanog_WT_Rep3","Read_521",0.451624911172385,"Subpopulation_1"
"NGS_Nanog_WT_Rep3","Read_522",0.445627336479231,"Subpopulation_1"
"NGS_Nanog_WT_Rep3","Read_523",0.458701642400238,"Subpopulation_1"
"NGS_Nanog_WT_Rep3","Read_524",0.455584638066248,"Subpopulation_1"
"NGS_Nanog_WT_Rep3","Read_525",0.457041548853753,"Subpopulation_1"
"NGS_Nanog_WT_Rep3","Read_526",0.453660521172622,"Subpopulation_1"
"NGS_Nanog_WT_Rep3","Read_527",0.457801033011623,"Subpopulation_1"
"NGS_Nanog_WT_Rep3","Read_528",0.453275853603507,"Subpopulation_1"
"NGS_Nanog_WT_Rep3","Read_529",0.453184551573782,"Subpopulation_1"
"NGS_Nanog_WT_Rep3","Read_530",0.466613884832453,"Subpopulation_1"
"NGS_Nanog_WT_Rep3","Read_531",0.456996705709326,"Subpopulation_1"
"NGS_Nanog_WT_Rep3","Read_532",0.449428875020033,"Subpopulation_1"
"NGS_Nanog_WT_Rep3","Read_533",0.452848825788882,"Subpopulation_1"
"NGS_Nanog_WT_Rep3","Read_534",0.459741218622096,"Subpopulation_1"
"NGS_Nanog_WT_Rep3","Read_535",0.464920604152828,"Subpopulation_1"
"NGS_Nanog_WT_Rep3","Read_536",0.459098414993091,"Subpopulation_1"
"NGS_Nanog_WT_Rep3","Read_537",0.45561646791037,"Subpopulation_1"
"NGS_Nanog_WT_Rep3","Read_538",0.450098248270005,"Subpopulation_1"
"NGS_Nanog_WT_Rep3","Read_539",0.462644106898494,"Subpopulation_1"
"NGS_Nanog_WT_Rep3","Read_540",0.45709988035853,"Subpopulation_1"
"NGS_Nanog_WT_Rep3","Read_541",0.446658179185875,"Subpopulation_1"
"NGS_Nanog_WT_Rep3","Read_542",0.453663097185513,"Subpopulation_1"
"NGS_Nanog_WT_Rep3","Read_543",0.464781679961656,"Subpopulation_1"
"NGS_Nanog_WT_Rep3","Read_544",0.458320241435103,"Subpopulation_1"
"NGS_Nanog_WT_Rep3","Read_545",0.457664060759828,"Subpopulation_1"
"NGS_Nanog_WT_Rep3","Read_546",0.457073497097616,"Subpopulation_1"
"NGS_Nanog_WT_Rep3","Read_547",0.451163507331586,"Subpopulation_1"
"NGS_Nanog_WT_Rep3","Read_548",0.45580998376444,"Subpopulation_1"
"NGS_Nanog_WT_Rep3","Read_549",0.453262235345864,"Subpopulation_1"
"NGS_Nanog_WT_Rep3","Read_550",0.458099391733912,"Subpopulation_1"
"NGS_Nanog_WT_Rep3","Read_551",0.461456088057032,"Subpopulation_1"
"NGS_Nanog_WT_Rep3","Read_552",0.452633214998938,"Subpopulation_1"
"NGS_Nanog_WT_Rep3","Read_553",0.447401023149712,"Subpopulation_1"
"NGS_Nanog_WT_Rep3","Read_554",0.447386503618077,"Subpopulation_1"
"NGS_Nanog_WT_Rep3","Read_555",0.459157729652169,"Subpopulation_1"
"NGS_Nanog_WT_Rep3","Read_556",0.459605451987276,"Subpopulation_1"
"NGS_Nanog_WT_Rep3","Read_557",0.450439356896192,"Subpopulation_1"
"NGS_Nanog_WT_Rep3","Read_558",0.452316158947731,"Subpopulation_1"
"NGS_Nanog_WT_Rep3","Read_559",0.459063062359004,"Subpopulation_1"
"NGS_Nanog_WT_Rep3","Read_560",0.459323252885103,"Subpopulation_1"
"NGS_Nanog_WT_Rep3","Read_561",0.448507252193041,"Subpopulation_1"
"NGS_Nanog_WT_Rep3","Read_562",0.461832760784639,"Subpopulation_1"
"NGS_Nanog_WT_Rep3","Read_563",0.459343160986293,"Subpopulation_1"
"NGS_Nanog_WT_Rep3","Read_564",0.454041458478011,"Subpopulation_1"
"NGS_Nanog_WT_Rep3","Read_565",0.462261810922284,"Subpopulation_1"
"NGS_Nanog_WT_Rep3","Read_566",0.460996495471359,"Subpopulation_1"
"NGS_Nanog_WT_Rep3","Read_567",0.46040243553316,"Subpopulation_1"
"NGS_Nanog_WT_Rep3","Read_568",0.448244326668061,"Subpopulation_1"
"NGS_Nanog_WT_Rep3","Read_569",0.461076812084579,"Subpopulation_1"
"NGS_Nanog_WT_Rep3","Read_570",0.454409065386762,"Subpopulation_1"
"NGS_Nanog_WT_Rep3","Read_571",0.459046627467075,"Subpopulation_1"
"NGS_Nanog_WT_Rep3","Read_572",0.459461673541784,"Subpopulation_1"
"NGS_Nanog_WT_Rep3","Read_573",0.44886698185728,"Subpopulation_1"
"NGS_Nanog_WT_Rep3","Read_574",0.45474889971287,"Subpopulation_1"
"NGS_Nanog_WT_Rep3","Read_575",0.463256484702595,"Subpopulation_1"
"NGS_Nanog_WT_Rep3","Read_576",0.457524156594752,"Subpopulation_1"
"NGS_Nanog_WT_Rep3","Read_577",0.457306988990522,"Subpopulation_1"
"NGS_Nanog_WT_Rep3","Read_578",0.455209448301394,"Subpopulation_1"
"NGS_Nanog_WT_Rep3","Read_579",0.456548261006747,"Subpopulation_1"
"NGS_Nanog_WT_Rep3","Read_580",0.453918099850789,"Subpopulation_1"
"NGS_Nanog_WT_Rep3","Read_581",0.449822938340482,"Subpopulation_1"
"NGS_Nanog_WT_Rep3","Read_582",0.461224768558542,"Subpopulation_1"
"NGS_Nanog_WT_Rep3","Read_583",0.458178971859223,"Subpopulation_1"
"NGS_Nanog_WT_Rep3","Read_584",0.451096821851418,"Subpopulation_1"
"NGS_Nanog_WT_Rep3","Read_585",0.456303202601955,"Subpopulation_1"
"NGS_Nanog_WT_Rep3","Read_586",0.457007194978427,"Subpopulation_1"
"NGS_Nanog_WT_Rep3","Read_587",0.468556659436302,"Subpopulation_1"
"NGS_Nanog_WT_Rep3","Read_588",0.456023050583676,"Subpopulation_1"
"NGS_Nanog_WT_Rep3","Read_589",0.454438708189191,"Subpopulation_1"
"NGS_Nanog_WT_Rep3","Read_590",0.455462631949077,"Subpopulation_1"
"NGS_Nanog_WT_Rep3","Read_591",0.460113846480096,"Subpopulation_1"
"NGS_Nanog_WT_Rep3","Read_592",0.452420189287285,"Subpopulation_1"
"NGS_Nanog_WT_Rep3","Read_593",0.457926784308635,"Subpopulation_1"
"NGS_Nanog_WT_Rep3","Read_594",0.457240637354706,"Subpopulation_1"
"NGS_Nanog_WT_Rep3","Read_595",0.458684564452228,"Subpopulation_1"
"NGS_Nanog_WT_Rep3","Read_596",0.460462896973415,"Subpopulation_1"
"NGS_Nanog_WT_Rep3","Read_597",0.458570872647377,"Subpopulation_1"
"NGS_Nanog_WT_Rep3","Read_598",0.448737686116673,"Subpopulation_1"
"NGS_Nanog_WT_Rep3","Read_599",0.458031706172523,"Subpopulation_1"
"NGS_Nanog_WT_Rep3","Read_600",0.468496994768883,"Subpopulation_1"
"NGS_Nanog_WT_Rep3","Read_601",0.449065304572063,"Subpopulation_1"
"NGS_Nanog_WT_Rep3","Read_602",0.456440882971517,"Subpopulation_1"
"NGS_Nanog_WT_Rep3","Read_603",0.455424786446783,"Subpopulation_1"
"NGS_Nanog_WT_Rep3","Read_604",0.462135200922092,"Subpopulation_1"
"NGS_Nanog_WT_Rep3","Read_605",0.456167884702961,"Subpopulation_1"
"NGS_Nanog_WT_Rep3","Read_606",0.451148377192527,"Subpopulation_1"
"NGS_Nanog_WT_Rep3","Read_607",0.456108990607552,"Subpopulation_1"
"NGS_Nanog_WT_Rep3","Read_608",0.455106117547019,"Subpopulation_1"
"NGS_Nanog_WT_Rep3","Read_609",0.464478799907062,"Subpopulation_1"
"NGS_Nanog_WT_Rep3","Read_610",0.464180548430195,"Subpopulation_1"
"NGS_Nanog_WT_Rep3","Read_611",0.459610292929602,"Subpopulation_1"
"NGS_Nanog_WT_Rep3","Read_612",0.454971827898655,"Subpopulation_1"
"NGS_Nanog_WT_Rep3","Read_613",0.456319325597418,"Subpopulation_1"
"NGS_Nanog_WT_Rep3","Read_614",0.457568700812622,"Subpopulation_1"
"NGS_Nanog_WT_Rep3","Read_615",0.452459131948588,"Subpopulation_1"
"NGS_Nanog_WT_Rep3","Read_616",0.465239478549433,"Subpopulation_1"
"NGS_Nanog_WT_Rep3","Read_617",0.455835436469678,"Subpopulation_1"
"NGS_Nanog_WT_Rep3","Read_618",0.456872257069033,"Subpopulation_1"
"NGS_Nanog_WT_Rep3","Read_619",0.450036090138499,"Subpopulation_1"
"NGS_Nanog_WT_Rep3","Read_620",0.453751955311469,"Subpopulation_1"
"NGS_Nanog_WT_Rep3","Read_621",0.454441946079053,"Subpopulation_1"
"NGS_Nanog_WT_Rep3","Read_622",0.452433398809516,"Subpopulation_1"
"NGS_Nanog_WT_Rep3","Read_623",0.457782518932836,"Subpopulation_1"
"NGS_Nanog_WT_Rep3","Read_624",0.457000842676805,"Subpopulation_1"
"NGS_Nanog_WT_Rep3","Read_625",0.461547332515344,"Subpopulation_1"
"NGS_Nanog_WT_Rep3","Read_626",0.458305961264059,"Subpopulation_1"
"NGS_Nanog_WT_Rep3","Read_627",0.458030453261391,"Subpopulation_1"
"NGS_Nanog_WT_Rep3","Read_628",0.456365795482381,"Subpopulation_1"
"NGS_Nanog_WT_Rep3","Read_629",0.455305135054077,"Subpopulation_1"
"NGS_Nanog_WT_Rep3","Read_630",0.46514423727626,"Subpopulation_1"
"NGS_Nanog_WT_Rep3","Read_631",0.451574303337434,"Subpopulation_1"
"NGS_Nanog_WT_Rep3","Read_632",0.464234149805056,"Subpopulation_1"
"NGS_Nanog_WT_Rep3","Read_633",0.455530219102223,"Subpopulation_1"
"NGS_Nanog_WT_Rep3","Read_634",0.44943739193266,"Subpopulation_1"
"NGS_Nanog_WT_Rep3","Read_635",0.456280203355978,"Subpopulation_1"
"NGS_Nanog_WT_Rep3","Read_636",0.461194970159415,"Subpopulation_1"
"NGS_Nanog_WT_Rep3","Read_637",0.459211844751295,"Subpopulation_1"
"NGS_Nanog_WT_Rep3","Read_638",0.470515469365591,"Subpopulation_1"
"NGS_Nanog_WT_Rep3","Read_639",0.456434058830327,"Subpopulation_1"
"NGS_Nanog_WT_Rep3","Read_640",0.453998832226764,"Subpopulation_1"
"NGS_Nanog_WT_Rep3","Read_641",0.461077079895998,"Subpopulation_1"
"NGS_Nanog_WT_Rep3","Read_642",0.457002636117302,"Subpopulation_1"
"NGS_Nanog_WT_Rep3","Read_643",0.460477268911262,"Subpopulation_1"
"NGS_Nanog_WT_Rep3","Read_644",0.442368213025392,"Subpopulation_1"
"NGS_Nanog_WT_Rep3","Read_645",0.45632439839916,"Subpopulation_1"
"NGS_Nanog_WT_Rep3","Read_646",0.466171154257892,"Subpopulation_1"
"NGS_Nanog_WT_Rep3","Read_647",0.451167637093391,"Subpopulation_1"
"NGS_Nanog_WT_Rep3","Read_648",0.458335640643897,"Subpopulation_1"
"NGS_Nanog_WT_Rep3","Read_649",0.454183109303211,"Subpopulation_1"
"NGS_Nanog_WT_Rep3","Read_650",0.460314988966713,"Subpopulation_1"
"NGS_Nanog_WT_Rep3","Read_651",0.467012180707483,"Subpopulation_1"
"NGS_Nanog_WT_Rep3","Read_652",0.460015486338254,"Subpopulation_1"
"NGS_Nanog_WT_Rep3","Read_653",0.449032273148594,"Subpopulation_1"
"NGS_Nanog_WT_Rep3","Read_654",0.458465836402791,"Subpopulation_1"
"NGS_Nanog_WT_Rep3","Read_655",0.446118930331085,"Subpopulation_1"
"NGS_Nanog_WT_Rep3","Read_656",0.456997771985821,"Subpopulation_1"
"NGS_Nanog_WT_Rep3","Read_657",0.459858921357295,"Subpopulation_1"
"NGS_Nanog_WT_Rep3","Read_658",0.451714108865698,"Subpopulation_1"
"NGS_Nanog_WT_Rep3","Read_659",0.457001855028718,"Subpopulation_1"
"NGS_Nanog_WT_Rep3","Read_660",0.455569758526226,"Subpopulation_1"
"NGS_Nanog_WT_Rep3","Read_661",0.455403803357337,"Subpopulation_1"
"NGS_Nanog_WT_Rep3","Read_662",0.449898623122116,"Subpopulation_1"
"NGS_Nanog_WT_Rep3","Read_663",0.458931719032611,"Subpopulation_1"
"NGS_Nanog_WT_Rep3","Read_664",0.462194689406314,"Subpopulation_1"
"NGS_Nanog_WT_Rep3","Read_665",0.452007438030597,"Subpopulation_1"
"NGS_Nanog_WT_Rep3","Read_666",0.451170807088476,"Subpopulation_1"
"NGS_Nanog_WT_Rep3","Read_667",0.460734711181934,"Subpopulation_1"
"NGS_Nanog_WT_Rep3","Read_668",0.45998898215142,"Subpopulation_1"
"NGS_Nanog_WT_Rep3","Read_669",0.464375822036058,"Subpopulation_1"
"NGS_Nanog_WT_Rep3","Read_670",0.459745185384,"Subpopulation_1"
"NGS_Nanog_WT_Rep3","Read_671",0.461587681134016,"Subpopulation_1"
"NGS_Nanog_WT_Rep3","Read_672",0.450502141970616,"Subpopulation_1"
"NGS_Nanog_WT_Rep3","Read_673",0.4446082647628,"Subpopulation_1"
"NGS_Nanog_WT_Rep3","Read_674",0.452855846322644,"Subpopulation_1"
"NGS_Nanog_WT_Rep3","Read_675",0.450595919806128,"Subpopulation_1"
"NGS_Nanog_WT_Rep3","Read_676",0.462757377186779,"Subpopulation_1"
"NGS_Nanog_WT_Rep3","Read_677",0.460047171773375,"Subpopulation_1"
"NGS_Nanog_WT_Rep3","Read_678",0.456830277354322,"Subpopulation_1"
"NGS_Nanog_WT_Rep3","Read_679",0.465917713341204,"Subpopulation_1"
"NGS_Nanog_WT_Rep3","Read_680",0.449944838474985,"Subpopulation_1"
"NGS_Nanog_WT_Rep3","Read_681",0.461626217190794,"Subpopulation_1"
"NGS_Nanog_WT_Rep3","Read_682",0.452209468146127,"Subpopulation_1"
"NGS_Nanog_WT_Rep3","Read_683",0.47428128507853,"Subpopulation_1"
"NGS_Nanog_WT_Rep3","Read_684",0.456323014282455,"Subpopulation_1"
"NGS_Nanog_WT_Rep3","Read_685",0.463106595569729,"Subpopulation_1"
"NGS_Nanog_WT_Rep3","Read_686",0.457443080626518,"Subpopulation_1"
"NGS_Nanog_WT_Rep3","Read_687",0.466374494653855,"Subpopulation_1"
"NGS_Nanog_WT_Rep3","Read_688",0.462091539664793,"Subpopulation_1"
"NGS_Nanog_WT_Rep3","Read_689",0.459027538947961,"Subpopulation_1"
"NGS_Nanog_WT_Rep3","Read_690",0.457144878412354,"Subpopulation_1"
"NGS_Nanog_WT_Rep3","Read_691",0.451135091558337,"Subpopulation_1"
"NGS_Nanog_WT_Rep3","Read_692",0.457581559903018,"Subpopulation_1"
"NGS_Nanog_WT_Rep3","Read_693",0.45480367325919,"Subpopulation_1"
"NGS_Nanog_WT_Rep3","Read_694",0.470957018182619,"Subpopulation_1"
"NGS_Nanog_WT_Rep3","Read_695",0.447705903844388,"Subpopulation_1"
"NGS_Nanog_WT_Rep3","Read_696",0.457346333688074,"Subpopulation_1"
"NGS_Nanog_WT_Rep3","Read_697",0.457449006372398,"Subpopulation_1"
"NGS_Nanog_WT_Rep3","Read_698",0.465133655316864,"Subpopulation_1"
"NGS_Nanog_WT_Rep3","Read_699",0.457932790411785,"Subpopulation_1"
"NGS_Nanog_WT_Rep3","Read_700",0.45248919190784,"Subpopulation_1"
"NGS_Nanog_WT_Rep3","Read_701",0.45201664441143,"Subpopulation_1"
"NGS_Nanog_WT_Rep3","Read_702",0.457897377457062,"Subpopulation_1"
"NGS_Nanog_WT_Rep3","Read_703",0.463594760777002,"Subpopulation_1"
"NGS_Nanog_WT_Rep3","Read_704",0.457053897334961,"Subpopulation_1"
"NGS_Nanog_WT_Rep3","Read_705",0.457428851788589,"Subpopulation_1"
"NGS_Nanog_WT_Rep3","Read_706",0.460565825206822,"Subpopulation_1"
"NGS_Nanog_WT_Rep3","Read_707",0.45785212683607,"Subpopulation_1"
"NGS_Nanog_WT_Rep3","Read_708",0.459061079130096,"Subpopulation_1"
"NGS_Nanog_WT_Rep3","Read_709",0.463089809191119,"Subpopulation_1"
"NGS_Nanog_WT_Rep3","Read_710",0.451747699683139,"Subpopulation_1"
"NGS_Nanog_WT_Rep3","Read_711",0.457565929053055,"Subpopulation_1"
"NGS_Nanog_WT_Rep3","Read_712",0.459096569269458,"Subpopulation_1"
"NGS_Nanog_WT_Rep3","Read_713",0.452398712476425,"Subpopulation_1"
"NGS_Nanog_WT_Rep3","Read_714",0.456057448394362,"Subpopulation_1"
"NGS_Nanog_WT_Rep3","Read_715",0.455179672976978,"Subpopulation_1"
"NGS_Nanog_WT_Rep3","Read_716",0.451886024851323,"Subpopulation_1"
"NGS_Nanog_WT_Rep3","Read_717",0.450253307012081,"Subpopulation_1"
"NGS_Nanog_WT_Rep3","Read_718",0.461723768068092,"Subpopulation_1"
"NGS_Nanog_WT_Rep3","Read_719",0.452116758571132,"Subpopulation_1"
"NGS_Nanog_WT_Rep3","Read_720",0.455076419847882,"Subpopulation_1"
"NGS_Nanog_WT_Rep3","Read_721",0.469360264038342,"Subpopulation_1"
"NGS_Nanog_WT_Rep3","Read_722",0.453633022358028,"Subpopulation_1"
"NGS_Nanog_WT_Rep3","Read_723",0.457343485667364,"Subpopulation_1"
"NGS_Nanog_WT_Rep3","Read_724",0.463557831386198,"Subpopulation_1"
"NGS_Nanog_WT_Rep3","Read_725",0.458076534267186,"Subpopulation_1"
"NGS_Nanog_WT_Rep3","Read_726",0.448367569920198,"Subpopulation_1"
"NGS_Nanog_WT_Rep3","Read_727",0.452774454771621,"Subpopulation_1"
"NGS_Nanog_WT_Rep3","Read_728",0.450756347456283,"Subpopulation_1"
"NGS_Nanog_WT_Rep3","Read_729",0.456668474129682,"Subpopulation_1"
"NGS_Nanog_WT_Rep3","Read_730",0.457585103990217,"Subpopulation_1"
"NGS_Nanog_WT_Rep3","Read_731",0.455366284240956,"Subpopulation_1"
"NGS_Nanog_WT_Rep3","Read_732",0.460563360568774,"Subpopulation_1"
"NGS_Nanog_WT_Rep3","Read_733",0.455888688346547,"Subpopulation_1"
"NGS_Nanog_WT_Rep3","Read_734",0.457196703300882,"Subpopulation_1"
"NGS_Nanog_WT_Rep3","Read_735",0.452470769761667,"Subpopulation_1"
"NGS_Nanog_WT_Rep3","Read_736",0.44831070736438,"Subpopulation_1"
"NGS_Nanog_WT_Rep3","Read_737",0.459375518104411,"Subpopulation_1"
"NGS_Nanog_WT_Rep3","Read_738",0.451991705379905,"Subpopulation_1"
"NGS_Nanog_WT_Rep3","Read_739",0.453856804531577,"Subpopulation_1"
"NGS_Nanog_WT_Rep3","Read_740",0.455657349911859,"Subpopulation_1"
"NGS_Nanog_WT_Rep3","Read_741",0.457813733588576,"Subpopulation_1"
"NGS_Nanog_WT_Rep3","Read_742",0.456012109773537,"Subpopulation_1"
"NGS_Nanog_WT_Rep3","Read_743",0.465023043548283,"Subpopulation_1"
"NGS_Nanog_WT_Rep3","Read_744",0.459971213448267,"Subpopulation_1"
"NGS_Nanog_WT_Rep3","Read_745",0.467777127894153,"Subpopulation_1"
"NGS_Nanog_WT_Rep3","Read_746",0.456288768952922,"Subpopulation_1"
"NGS_Nanog_WT_Rep3","Read_747",0.454314097677903,"Subpopulation_1"
"NGS_Nanog_WT_Rep3","Read_748",0.461667211456128,"Subpopulation_1"
"NGS_Nanog_WT_Rep3","Read_749",0.45966351277545,"Subpopulation_1"
"NGS_Nanog_WT_Rep3","Read_750",0.454320187254837,"Subpopulation_1"
"NGS_Nanog_WT_Rep3","Read_751",0.458545478660258,"Subpopulation_1"
"NGS_Nanog_WT_Rep3","Read_752",0.457835131462279,"Subpopulation_1"
"NGS_Nanog_WT_Rep3","Read_753",0.469195154776376,"Subpopulation_1"
"NGS_Nanog_WT_Rep3","Read_754",0.465389537559609,"Subpopulation_1"
"NGS_Nanog_WT_Rep3","Read_755",0.472923596144361,"Subpopulation_1"
"NGS_Nanog_WT_Rep3","Read_756",0.459784701392629,"Subpopulation_1"
"NGS_Nanog_WT_Rep3","Read_757",0.449409022530373,"Subpopulation_1"
"NGS_Nanog_WT_Rep3","Read_758",0.466329409692573,"Subpopulation_1"
"NGS_Nanog_WT_Rep3","Read_759",0.451139184740688,"Subpopulation_1"
"NGS_Nanog_WT_Rep3","Read_760",0.454639883729844,"Subpopulation_1"
"NGS_Nanog_WT_Rep3","Read_761",0.448535701656532,"Subpopulation_1"
"NGS_Nanog_WT_Rep3","Read_762",0.452907361506449,"Subpopulation_1"
"NGS_Nanog_WT_Rep3","Read_763",0.460516198805561,"Subpopulation_1"
"NGS_Nanog_WT_Rep3","Read_764",0.449977580951565,"Subpopulation_1"
"NGS_Nanog_WT_Rep3","Read_765",0.459685166715304,"Subpopulation_1"
"NGS_Nanog_WT_Rep3","Read_766",0.45125595831871,"Subpopulation_1"
"NGS_Nanog_WT_Rep3","Read_767",0.456254384779166,"Subpopulation_1"
"NGS_Nanog_WT_Rep3","Read_768",0.447215849240129,"Subpopulation_1"
"NGS_Nanog_WT_Rep3","Read_769",0.461156144662304,"Subpopulation_1"
"NGS_Nanog_WT_Rep3","Read_770",0.453793010416022,"Subpopulation_1"
"NGS_Nanog_WT_Rep3","Read_771",0.455144709697754,"Subpopulation_1"
"NGS_Nanog_WT_Rep3","Read_772",0.450718305309987,"Subpopulation_1"
"NGS_Nanog_WT_Rep3","Read_773",0.446809895827201,"Subpopulation_1"
"NGS_Nanog_WT_Rep3","Read_774",0.463996049134774,"Subpopulation_1"
"NGS_Nanog_WT_Rep3","Read_775",0.456155116313912,"Subpopulation_1"
"NGS_Nanog_WT_Rep3","Read_776",0.463746202109273,"Subpopulation_1"
"NGS_Nanog_WT_Rep3","Read_777",0.463976829924803,"Subpopulation_1"
"NGS_Nanog_WT_Rep3","Read_778",0.454918333642796,"Subpopulation_1"
"NGS_Nanog_WT_Rep3","Read_779",0.46427095931419,"Subpopulation_1"
"NGS_Nanog_WT_Rep3","Read_780",0.449985512697828,"Subpopulation_1"
"NGS_Nanog_WT_Rep3","Read_781",0.442170205546569,"Subpopulation_1"
"NGS_Nanog_WT_Rep3","Read_782",0.458524231825029,"Subpopulation_1"
"NGS_Nanog_WT_Rep3","Read_783",0.463088016129586,"Subpopulation_1"
"NGS_Nanog_WT_Rep3","Read_784",0.451303309786005,"Subpopulation_1"
"NGS_Nanog_WT_Rep3","Read_785",0.454877175567805,"Subpopulation_1"
"NGS_Nanog_WT_Rep3","Read_786",0.446063690416353,"Subpopulation_1"
"NGS_Nanog_WT_Rep3","Read_787",0.443425734375828,"Subpopulation_1"
"NGS_Nanog_WT_Rep3","Read_788",0.44443420737654,"Subpopulation_1"
"NGS_Nanog_WT_Rep3","Read_789",0.45771474444995,"Subpopulation_1"
"NGS_Nanog_WT_Rep3","Read_790",0.458289586572825,"Subpopulation_1"
"NGS_Nanog_WT_Rep3","Read_791",0.455567677116547,"Subpopulation_1"
"NGS_Nanog_WT_Rep3","Read_792",0.446144050812448,"Subpopulation_1"
"NGS_Nanog_WT_Rep3","Read_793",0.457943594469796,"Subpopulation_1"
"NGS_Nanog_WT_Rep3","Read_794",0.455471148852305,"Subpopulation_1"
"NGS_Nanog_WT_Rep3","Read_795",0.461488000067516,"Subpopulation_1"
"NGS_Nanog_WT_Rep3","Read_796",0.456262745205598,"Subpopulation_1"
"NGS_Nanog_WT_Rep3","Read_797",0.458270260953576,"Subpopulation_1"
"NGS_Nanog_WT_Rep3","Read_798",0.458692335555703,"Subpopulation_1"
"NGS_Nanog_WT_Rep3","Read_799",0.460534363077007,"Subpopulation_1"
"NGS_Nanog_WT_Rep3","Read_800",0.445155577549092,"Subpopulation_1"
"NGS_Nanog_WT_Rep3","Read_801",0.465869409374474,"Subpopulation_1"
"NGS_Nanog_WT_Rep3","Read_802",0.451619341202161,"Subpopulation_1"
"NGS_Nanog_WT_Rep3","Read_803",0.45283745217281,"Subpopulation_1"
"NGS_Nanog_WT_Rep3","Read_804",0.451358927992695,"Subpopulation_1"
"NGS_Nanog_WT_Rep3","Read_805",0.452310034442078,"Subpopulation_1"
"NGS_Nanog_WT_Rep3","Read_806",0.460211417663804,"Subpopulation_1"
"NGS_Nanog_WT_Rep3","Read_807",0.451736824626324,"Subpopulation_1"
"NGS_Nanog_WT_Rep3","Read_808",0.455296056143495,"Subpopulation_1"
"NGS_Nanog_WT_Rep3","Read_809",0.458657182224349,"Subpopulation_1"
"NGS_Nanog_WT_Rep3","Read_810",0.455888947611342,"Subpopulation_1"
"NGS_Nanog_WT_Rep3","Read_811",0.454051416264916,"Subpopulation_1"
"NGS_Nanog_WT_Rep3","Read_812",0.465259885389266,"Subpopulation_1"
"NGS_Nanog_WT_Rep3","Read_813",0.449188854799227,"Subpopulation_1"
"NGS_Nanog_WT_Rep3","Read_814",0.456455516944474,"Subpopulation_1"
"NGS_Nanog_WT_Rep3","Read_815",0.452665348206862,"Subpopulation_1"
"NGS_Nanog_WT_Rep3","Read_816",0.455153703203432,"Subpopulation_1"
"NGS_Nanog_WT_Rep3","Read_817",0.453139395905325,"Subpopulation_1"
"NGS_Nanog_WT_Rep3","Read_818",0.455586347994755,"Subpopulation_1"
"NGS_Nanog_WT_Rep3","Read_819",0.466644543208393,"Subpopulation_1"
"NGS_Nanog_WT_Rep3","Read_820",0.463463833191553,"Subpopulation_1"
"NGS_Nanog_WT_Rep3","Read_821",0.455969037964926,"Subpopulation_1"
"NGS_Nanog_WT_Rep3","Read_822",0.440019392362942,"Subpopulation_1"
"NGS_Nanog_WT_Rep3","Read_823",0.455390386696571,"Subpopulation_1"
"NGS_Nanog_WT_Rep3","Read_824",0.450892158444164,"Subpopulation_1"
"NGS_Nanog_WT_Rep3","Read_825",0.453887865235952,"Subpopulation_1"
"NGS_Nanog_WT_Rep3","Read_826",0.456960909817905,"Subpopulation_1"
"NGS_Nanog_WT_Rep3","Read_827",0.453512628073975,"Subpopulation_1"
"NGS_Nanog_WT_Rep3","Read_828",0.453890368256557,"Subpopulation_1"
"NGS_Nanog_WT_Rep3","Read_829",0.449244924114234,"Subpopulation_1"
"NGS_Nanog_WT_Rep3","Read_830",0.457134110846134,"Subpopulation_1"
"NGS_Nanog_WT_Rep3","Read_831",0.45402077274015,"Subpopulation_1"
"NGS_Nanog_WT_Rep3","Read_832",0.458085951395441,"Subpopulation_1"
"NGS_Nanog_WT_Rep3","Read_833",0.453995537689379,"Subpopulation_1"
"NGS_Nanog_WT_Rep3","Read_834",0.45201147220427,"Subpopulation_1"
"NGS_Nanog_WT_Rep3","Read_835",0.456289907610657,"Subpopulation_1"
"NGS_Nanog_WT_Rep3","Read_836",0.461548297739639,"Subpopulation_1"
"NGS_Nanog_WT_Rep3","Read_837",0.457244529129362,"Subpopulation_1"
"NGS_Nanog_WT_Rep3","Read_838",0.452939480536266,"Subpopulation_1"
"NGS_Nanog_WT_Rep3","Read_839",0.46465168095777,"Subpopulation_1"
"NGS_Nanog_WT_Rep3","Read_840",0.449048674313513,"Subpopulation_1"
"NGS_Nanog_WT_Rep3","Read_841",0.448784600815776,"Subpopulation_1"
"NGS_Nanog_WT_Rep3","Read_842",0.454375124798339,"Subpopulation_1"
"NGS_Nanog_WT_Rep3","Read_843",0.455990366809137,"Subpopulation_1"
"NGS_Nanog_WT_Rep3","Read_844",0.461627727534666,"Subpopulation_1"
"NGS_Nanog_WT_Rep3","Read_845",0.453612282595805,"Subpopulation_1"
"NGS_Nanog_WT_Rep3","Read_846",0.44188344792125,"Subpopulation_1"
"NGS_Nanog_WT_Rep3","Read_847",0.462852566705633,"Subpopulation_1"
"NGS_Nanog_WT_Rep3","Read_848",0.457564989919779,"Subpopulation_1"
"NGS_Nanog_WT_Rep3","Read_849",0.459244598889011,"Subpopulation_1"
"NGS_Nanog_WT_Rep3","Read_850",0.456900349303037,"Subpopulation_1"
"NGS_Nanog_WT_Rep3","Read_851",0.448427369632479,"Subpopulation_1"
"NGS_Nanog_WT_Rep3","Read_852",0.457659118088055,"Subpopulation_1"
"NGS_Nanog_WT_Rep3","Read_853",0.46129797763788,"Subpopulation_1"
"NGS_Nanog_WT_Rep3","Read_854",0.452202651101552,"Subpopulation_1"
"NGS_Nanog_WT_Rep3","Read_855",0.457634804278894,"Subpopulation_1"
"NGS_Nanog_WT_Rep3","Read_856",0.447134910986057,"Subpopulation_1"
"NGS_Nanog_WT_Rep3","Read_857",0.458942256303146,"Subpopulation_1"
"NGS_Nanog_WT_Rep3","Read_858",0.459434726408327,"Subpopulation_1"
"NGS_Nanog_WT_Rep3","Read_859",0.449158694085255,"Subpopulation_1"
"NGS_Nanog_WT_Rep3","Read_860",0.464674606186894,"Subpopulation_1"
"NGS_Nanog_WT_Rep3","Read_861",0.453479491983679,"Subpopulation_1"
"NGS_Nanog_WT_Rep3","Read_862",0.455875736414912,"Subpopulation_1"
"NGS_Nanog_WT_Rep3","Read_863",0.455194815448724,"Subpopulation_1"
"NGS_Nanog_WT_Rep3","Read_864",0.454397702375618,"Subpopulation_1"
"NGS_Nanog_WT_Rep3","Read_865",0.4523983246965,"Subpopulation_1"
"NGS_Nanog_WT_Rep3","Read_866",0.455542593259515,"Subpopulation_1"
"NGS_Nanog_WT_Rep3","Read_867",0.447417348342688,"Subpopulation_1"
"NGS_Nanog_WT_Rep3","Read_868",0.461431068019585,"Subpopulation_1"
"NGS_Nanog_WT_Rep3","Read_869",0.465312963184414,"Subpopulation_1"
"NGS_Nanog_WT_Rep3","Read_870",0.450932448256865,"Subpopulation_1"
"NGS_Nanog_WT_Rep3","Read_871",0.45576890237737,"Subpopulation_1"
"NGS_Nanog_WT_Rep3","Read_872",0.459405988470135,"Subpopulation_1"
"NGS_Nanog_WT_Rep3","Read_873",0.455126830833,"Subpopulation_1"
"NGS_Nanog_WT_Rep3","Read_874",0.462197200032958,"Subpopulation_1"
"NGS_Nanog_WT_Rep3","Read_875",0.451201481419092,"Subpopulation_1"
"NGS_Nanog_WT_Rep3","Read_876",0.467604287092642,"Subpopulation_1"
"NGS_Nanog_WT_Rep3","Read_877",0.467652508340894,"Subpopulation_1"
"NGS_Nanog_WT_Rep3","Read_878",0.46085403745365,"Subpopulation_1"
"NGS_Nanog_WT_Rep3","Read_879",0.452776968594215,"Subpopulation_1"
"NGS_Nanog_WT_Rep3","Read_880",0.459383334276994,"Subpopulation_1"
"NGS_Nanog_WT_Rep3","Read_881",0.457707404262934,"Subpopulation_1"
"NGS_Nanog_WT_Rep3","Read_882",0.444472001555722,"Subpopulation_1"
"NGS_Nanog_WT_Rep3","Read_883",0.459508756781268,"Subpopulation_1"
"NGS_Nanog_WT_Rep3","Read_884",0.450372861583256,"Subpopulation_1"
"NGS_Nanog_WT_Rep3","Read_885",0.457199163903246,"Subpopulation_1"
"NGS_Nanog_WT_Rep3","Read_886",0.463276839371668,"Subpopulation_1"
"NGS_Nanog_WT_Rep3","Read_887",0.456232702934658,"Subpopulation_1"
"NGS_Nanog_WT_Rep3","Read_888",0.461303182527183,"Subpopulation_1"
"NGS_Nanog_WT_Rep3","Read_889",0.470633276355272,"Subpopulation_1"
"NGS_Nanog_WT_Rep3","Read_890",0.456528019123524,"Subpopulation_1"
"NGS_Nanog_WT_Rep3","Read_891",0.45830289454918,"Subpopulation_1"
"NGS_Nanog_WT_Rep3","Read_892",0.45863848509748,"Subpopulation_1"
"NGS_Nanog_WT_Rep3","Read_893",0.447359504870541,"Subpopulation_1"
"NGS_Nanog_WT_Rep3","Read_894",0.449621738138926,"Subpopulation_1"
"NGS_Nanog_WT_Rep3","Read_895",0.438661879679794,"Subpopulation_1"
"NGS_Nanog_WT_Rep3","Read_896",0.461237279808536,"Subpopulation_1"
"NGS_Nanog_WT_Rep3","Read_897",0.460059468532656,"Subpopulation_1"
"NGS_Nanog_WT_Rep3","Read_898",0.46282243914301,"Subpopulation_1"
"NGS_Nanog_WT_Rep3","Read_899",0.439317080046307,"Subpopulation_1"
"NGS_Nanog_WT_Rep3","Read_900",0.460199530392274,"Subpopulation_1"
"NGS_Nanog_WT_Rep3","Read_901",0.454137601796739,"Subpopulation_1"
"NGS_Nanog_WT_Rep3","Read_902",0.460698338446754,"Subpopulation_1"
"NGS_Nanog_WT_Rep3","Read_903",0.456901258933141,"Subpopulation_1"
"NGS_Nanog_WT_Rep3","Read_904",0.456994714696974,"Subpopulation_1"
"NGS_Nanog_WT_Rep3","Read_905",0.463348735931805,"Subpopulation_1"
"NGS_Nanog_WT_Rep3","Read_906",0.462555428729473,"Subpopulation_1"
"NGS_Nanog_WT_Rep3","Read_907",0.454887023755456,"Subpopulation_1"
"NGS_Nanog_WT_Rep3","Read_908",0.455955738750377,"Subpopulation_1"
"NGS_Nanog_WT_Rep3","Read_909",0.456288336362057,"Subpopulation_1"
"NGS_Nanog_WT_Rep3","Read_910",0.460544862451121,"Subpopulation_1"
"NGS_Nanog_WT_Rep3","Read_911",0.453402043403399,"Subpopulation_1"
"NGS_Nanog_WT_Rep3","Read_912",0.458493518342867,"Subpopulation_1"
"NGS_Nanog_WT_Rep3","Read_913",0.460448878065811,"Subpopulation_1"
"NGS_Nanog_WT_Rep3","Read_914",0.454552096625825,"Subpopulation_1"
"NGS_Nanog_WT_Rep3","Read_915",0.455694252815467,"Subpopulation_1"
"NGS_Nanog_WT_Rep3","Read_916",0.452505723645122,"Subpopulation_1"
"NGS_Nanog_WT_Rep3","Read_917",0.459939756147957,"Subpopulation_1"
"NGS_Nanog_WT_Rep3","Read_918",0.458175614482513,"Subpopulation_1"
"NGS_Nanog_WT_Rep3","Read_919",0.458923915990583,"Subpopulation_1"
"NGS_Nanog_WT_Rep3","Read_920",0.454308141710551,"Subpopulation_1"
"NGS_Nanog_WT_Rep3","Read_921",0.461025723407731,"Subpopulation_1"
"NGS_Nanog_WT_Rep3","Read_922",0.450273768155973,"Subpopulation_1"
"NGS_Nanog_WT_Rep3","Read_923",0.450037665349487,"Subpopulation_1"
"NGS_Nanog_WT_Rep3","Read_924",0.462474315961389,"Subpopulation_1"
"NGS_Nanog_WT_Rep3","Read_925",0.455861234033062,"Subpopulation_1"
"NGS_Nanog_WT_Rep3","Read_926",0.452584181790767,"Subpopulation_1"
"NGS_Nanog_WT_Rep3","Read_927",0.461029738376264,"Subpopulation_1"
"NGS_Nanog_WT_Rep3","Read_928",0.453690574547693,"Subpopulation_1"
"NGS_Nanog_WT_Rep3","Read_929",0.453355772576433,"Subpopulation_1"
"NGS_Nanog_WT_Rep3","Read_930",0.449864380985898,"Subpopulation_1"
"NGS_Nanog_WT_Rep3","Read_931",0.462421570335054,"Subpopulation_1"
"NGS_Nanog_WT_Rep3","Read_932",0.460681994920983,"Subpopulation_1"
"NGS_Nanog_WT_Rep3","Read_933",0.453015605720446,"Subpopulation_1"
"NGS_Nanog_WT_Rep3","Read_934",0.444922055654544,"Subpopulation_1"
"NGS_Nanog_WT_Rep3","Read_935",0.454771527647835,"Subpopulation_1"
"NGS_Nanog_WT_Rep3","Read_936",0.451863580114631,"Subpopulation_1"
"NGS_Nanog_WT_Rep3","Read_937",0.459482081001077,"Subpopulation_1"
"NGS_Nanog_WT_Rep3","Read_938",0.459280390027497,"Subpopulation_1"
"NGS_Nanog_WT_Rep3","Read_939",0.461949182012348,"Subpopulation_1"
"NGS_Nanog_WT_Rep3","Read_940",0.464400147859372,"Subpopulation_1"
"NGS_Nanog_WT_Rep3","Read_941",0.451792547439488,"Subpopulation_1"
"NGS_Nanog_WT_Rep3","Read_942",0.462009934470635,"Subpopulation_1"
"NGS_Nanog_WT_Rep3","Read_943",0.458016205688008,"Subpopulation_1"
"NGS_Nanog_WT_Rep3","Read_944",0.452149162699194,"Subpopulation_1"
"NGS_Nanog_WT_Rep3","Read_945",0.447509423104864,"Subpopulation_1"
"NGS_Nanog_WT_Rep3","Read_946",0.456416516003854,"Subpopulation_1"
"NGS_Nanog_WT_Rep3","Read_947",0.452192317112498,"Subpopulation_1"
"NGS_Nanog_WT_Rep3","Read_948",0.448710314140029,"Subpopulation_1"
"NGS_Nanog_WT_Rep3","Read_949",0.458230039028825,"Subpopulation_1"
"NGS_Nanog_WT_Rep3","Read_950",0.454711387931941,"Subpopulation_1"
"NGS_Nanog_WT_Rep3","Read_951",0.458263399665423,"Subpopulation_1"
"NGS_Nanog_WT_Rep3","Read_952",0.439610351165497,"Subpopulation_1"
"NGS_Nanog_WT_Rep3","Read_953",0.449382777409173,"Subpopulation_1"
"NGS_Nanog_WT_Rep3","Read_954",0.455687950490516,"Subpopulation_1"
"NGS_Nanog_WT_Rep3","Read_955",0.461544608112503,"Subpopulation_1"
"NGS_Nanog_WT_Rep3","Read_956",0.455018282941854,"Subpopulation_1"
"NGS_Nanog_WT_Rep3","Read_957",0.450801532014988,"Subpopulation_1"
"NGS_Nanog_WT_Rep3","Read_958",0.454821023049942,"Subpopulation_1"
"NGS_Nanog_WT_Rep3","Read_959",0.449093465654964,"Subpopulation_1"
"NGS_Nanog_WT_Rep3","Read_960",0.459179760219862,"Subpopulation_1"
"NGS_Nanog_WT_Rep3","Read_961",0.464420439252135,"Subpopulation_1"
"NGS_Nanog_WT_Rep3","Read_962",0.453521126438659,"Subpopulation_1"
"NGS_Nanog_WT_Rep3","Read_963",0.467095366938409,"Subpopulation_1"
"NGS_Nanog_WT_Rep3","Read_964",0.465604994780005,"Subpopulation_1"
"NGS_Nanog_WT_Rep3","Read_965",0.458716617486846,"Subpopulation_1"
"NGS_Nanog_WT_Rep3","Read_966",0.460067249585226,"Subpopulation_1"
"NGS_Nanog_WT_Rep3","Read_967",0.449141822081449,"Subpopulation_1"
"NGS_Nanog_WT_Rep3","Read_968",0.460515670120684,"Subpopulation_1"
"NGS_Nanog_WT_Rep3","Read_969",0.452983445447213,"Subpopulation_1"
"NGS_Nanog_WT_Rep3","Read_970",0.451079917623619,"Subpopulation_1"
"NGS_Nanog_WT_Rep3","Read_971",0.453766232319758,"Subpopulation_1"
"NGS_Nanog_WT_Rep3","Read_972",0.448964878059903,"Subpopulation_1"
"NGS_Nanog_WT_Rep3","Read_973",0.444014314163226,"Subpopulation_1"
"NGS_Nanog_WT_Rep3","Read_974",0.463072449218829,"Subpopulation_1"
"NGS_Nanog_WT_Rep3","Read_975",0.454174521919788,"Subpopulation_1"
"NGS_Nanog_WT_Rep3","Read_976",0.457002944838825,"Subpopulation_1"
"NGS_Nanog_WT_Rep3","Read_977",0.451320071848072,"Subpopulation_1"
"NGS_Nanog_WT_Rep3","Read_978",0.468832310718729,"Subpopulation_1"
"NGS_Nanog_WT_Rep3","Read_979",0.459694519554839,"Subpopulation_1"
"NGS_Nanog_WT_Rep3","Read_980",0.452875796368424,"Subpopulation_1"
"NGS_Nanog_WT_Rep3","Read_981",0.457244005216992,"Subpopulation_1"
"NGS_Nanog_WT_Rep3","Read_982",0.457790996425139,"Subpopulation_1"
"NGS_Nanog_WT_Rep3","Read_983",0.457774819454197,"Subpopulation_1"
"NGS_Nanog_WT_Rep3","Read_984",0.460069682770799,"Subpopulation_1"
"NGS_Nanog_WT_Rep3","Read_985",0.451405073434247,"Subpopulation_1"
"NGS_Nanog_WT_Rep3","Read_986",0.466437275814294,"Subpopulation_1"
"NGS_Nanog_WT_Rep3","Read_987",0.450698960492454,"Subpopulation_1"
"NGS_Nanog_WT_Rep3","Read_988",0.446481015787035,"Subpopulation_1"
"NGS_Nanog_WT_Rep3","Read_989",0.452888138712916,"Subpopulation_1"
"NGS_Nanog_WT_Rep3","Read_990",0.452085725894216,"Subpopulation_1"
"NGS_Nanog_WT_Rep3","Read_991",0.454194153140549,"Subpopulation_1"
"NGS_Nanog_WT_Rep3","Read_992",0.46404700978617,"Subpopulation_1"
"NGS_Nanog_WT_Rep3","Read_993",0.454923763242544,"Subpopulation_1"
"NGS_Nanog_WT_Rep3","Read_994",0.450649003210073,"Subpopulation_1"
"NGS_Nanog_WT_Rep3","Read_995",0.452935191333934,"Subpopulation_1"
"NGS_Nanog_WT_Rep3","Read_996",0.456776022972753,"Subpopulation_1"
"NGS_Nanog_WT_Rep3","Read_997",0.461291010133383,"Subpopulation_1"
"NGS_Nanog_WT_Rep3","Read_998",0.452002337502899,"Subpopulation_1"
"NGS_Nanog_WT_Rep3","Read_999",0.460607152957184,"Subpopulation_1"
"NGS_Nanog_WT_Rep3","Read_1000",0.453730537739811,"Subpopulation_1"
"NGS_Nanog_WT_Rep3","Read_1001",0.470122587974746,"Subpopulation_1"
"NGS_Nanog_WT_Rep3","Read_1002",0.44809210554986,"Subpopulation_1"
"NGS_Nanog_WT_Rep3","Read_1003",0.46018456333791,"Subpopulation_1"
"NGS_Nanog_WT_Rep3","Read_1004",0.462441199811211,"Subpopulation_1"
"NGS_Nanog_WT_Rep3","Read_1005",0.454443713099495,"Subpopulation_1"
"NGS_Nanog_WT_Rep3","Read_1006",0.460367957289515,"Subpopulation_1"
"NGS_Nanog_WT_Rep3","Read_1007",0.457717184671588,"Subpopulation_1"
"NGS_Nanog_WT_Rep3","Read_1008",0.461075879954985,"Subpopulation_1"
"NGS_Nanog_WT_Rep3","Read_1009",0.449844956542318,"Subpopulation_1"
"NGS_Nanog_WT_Rep3","Read_1010",0.451408120808434,"Subpopulation_1"
"NGS_Nanog_WT_Rep3","Read_1011",0.46063545087584,"Subpopulation_1"
"NGS_Nanog_WT_Rep3","Read_1012",0.450913509327648,"Subpopulation_1"
"NGS_Nanog_WT_Rep3","Read_1013",0.451053414449079,"Subpopulation_1"
"NGS_Nanog_WT_Rep3","Read_1014",0.453111419882384,"Subpopulation_1"
"NGS_Nanog_WT_Rep3","Read_1015",0.453514069565784,"Subpopulation_1"
"NGS_Nanog_WT_Rep3","Read_1016",0.450745318882966,"Subpopulation_1"
"NGS_Nanog_WT_Rep3","Read_1017",0.456232850924387,"Subpopulation_1"
"NGS_Nanog_WT_Rep3","Read_1018",0.456120691917251,"Subpopulation_1"
"NGS_Nanog_WT_Rep3","Read_1019",0.459462649490941,"Subpopulation_1"
"NGS_Nanog_WT_Rep3","Read_1020",0.449830741784595,"Subpopulation_1"
"NGS_Nanog_WT_Rep3","Read_1021",0.457766980779438,"Subpopulation_1"
"NGS_Nanog_WT_Rep3","Read_1022",0.45782540720967,"Subpopulation_1"
"NGS_Nanog_WT_Rep3","Read_1023",0.45730619924153,"Subpopulation_1"
"NGS_Nanog_WT_Rep3","Read_1024",0.452094145593607,"Subpopulation_1"
"NGS_Nanog_WT_Rep3","Read_1025",0.448068103381535,"Subpopulation_1"
"NGS_Nanog_WT_Rep3","Read_1026",0.458219439410997,"Subpopulation_1"
"NGS_Nanog_WT_Rep3","Read_1027",0.458172952379985,"Subpopulation_1"
"NGS_Nanog_WT_Rep3","Read_1028",0.46875926677825,"Subpopulation_1"
"NGS_Nanog_WT_Rep3","Read_1029",0.452446777388373,"Subpopulation_1"
"NGS_Nanog_WT_Rep3","Read_1030",0.455189724450268,"Subpopulation_1"
"NGS_Nanog_WT_Rep3","Read_1031",0.447073698303094,"Subpopulation_1"
"NGS_Nanog_WT_Rep3","Read_1032",0.453757635346352,"Subpopulation_1"
"NGS_Nanog_WT_Rep3","Read_1033",0.454550461128535,"Subpopulation_1"
"NGS_Nanog_WT_Rep3","Read_1034",0.44568295288225,"Subpopulation_1"
"NGS_Nanog_WT_Rep3","Read_1035",0.45406327074693,"Subpopulation_1"
"NGS_Nanog_WT_Rep3","Read_1036",0.4481064298828,"Subpopulation_1"
"NGS_Nanog_WT_Rep3","Read_1037",0.461064359026433,"Subpopulation_1"
"NGS_Nanog_WT_Rep3","Read_1038",0.456213343972521,"Subpopulation_1"
"NGS_Nanog_WT_Rep3","Read_1039",0.459829695122948,"Subpopulation_1"
"NGS_Nanog_WT_Rep3","Read_1040",0.456871829477408,"Subpopulation_1"
"NGS_Nanog_WT_Rep3","Read_1041",0.455530678618242,"Subpopulation_1"
"NGS_Nanog_WT_Rep3","Read_1042",0.447066255023567,"Subpopulation_1"
"NGS_Nanog_WT_Rep3","Read_1043",0.451388569011815,"Subpopulation_1"
"NGS_Nanog_WT_Rep3","Read_1044",0.460256746255672,"Subpopulation_1"
"NGS_Nanog_WT_Rep3","Read_1045",0.465444471908586,"Subpopulation_1"
"NGS_Nanog_WT_Rep3","Read_1046",0.452193041961413,"Subpopulation_1"
"NGS_Nanog_WT_Rep3","Read_1047",0.450312254985585,"Subpopulation_1"
"NGS_Nanog_WT_Rep3","Read_1048",0.462534276244035,"Subpopulation_1"
"NGS_Nanog_WT_Rep3","Read_1049",0.458471044068806,"Subpopulation_1"
"NGS_Nanog_WT_Rep3","Read_1050",0.446683098517785,"Subpopulation_1"
"NGS_Nanog_WT_Rep3","Read_1051",0.461880687315245,"Subpopulation_1"
"NGS_Nanog_WT_Rep3","Read_1052",0.449287540624888,"Subpopulation_1"
"NGS_Nanog_WT_Rep3","Read_1053",0.456197149009185,"Subpopulation_1"
"NGS_Nanog_WT_Rep3","Read_1054",0.459674907857341,"Subpopulation_1"
"NGS_Nanog_WT_Rep3","Read_1055",0.470474751221861,"Subpopulation_1"
"NGS_Nanog_WT_Rep3","Read_1056",0.46299906750851,"Subpopulation_1"
"NGS_Nanog_WT_Rep3","Read_1057",0.456872600819956,"Subpopulation_1"
"NGS_Nanog_WT_Rep3","Read_1058",0.462578862216662,"Subpopulation_1"
"NGS_Nanog_WT_Rep3","Read_1059",0.45840133773995,"Subpopulation_1"
"NGS_Nanog_WT_Rep3","Read_1060",0.460934801407242,"Subpopulation_1"
"NGS_Nanog_WT_Rep3","Read_1061",0.462614263857315,"Subpopulation_1"
"NGS_Nanog_WT_Rep3","Read_1062",0.471064065283765,"Subpopulation_1"
"NGS_Nanog_WT_Rep3","Read_1063",0.462394010169002,"Subpopulation_1"
"NGS_Nanog_WT_Rep3","Read_1064",0.450755782612526,"Subpopulation_1"
"NGS_Nanog_WT_Rep3","Read_1065",0.464748274058451,"Subpopulation_1"
"NGS_Nanog_WT_Rep3","Read_1066",0.456226548745806,"Subpopulation_1"
"NGS_Nanog_WT_Rep3","Read_1067",0.453301959510862,"Subpopulation_1"
"NGS_Nanog_WT_Rep3","Read_1068",0.461803524729428,"Subpopulation_1"
"NGS_Nanog_WT_Rep3","Read_1069",0.446229509582792,"Subpopulation_1"
"NGS_Nanog_WT_Rep3","Read_1070",0.454206285158095,"Subpopulation_1"
"NGS_Nanog_WT_Rep3","Read_1071",0.458936376326618,"Subpopulation_1"
"NGS_Nanog_WT_Rep3","Read_1072",0.4602974710556,"Subpopulation_1"
"NGS_Nanog_WT_Rep3","Read_1073",0.453871689849624,"Subpopulation_1"
"NGS_Nanog_WT_Rep3","Read_1074",0.471056624407021,"Subpopulation_1"
"NGS_Nanog_WT_Rep3","Read_1075",0.453552659440994,"Subpopulation_1"
"NGS_Nanog_WT_Rep3","Read_1076",0.456963423001821,"Subpopulation_1"
"NGS_Nanog_WT_Rep3","Read_1077",0.455837165610076,"Subpopulation_1"
"NGS_Nanog_WT_Rep3","Read_1078",0.4577846398744,"Subpopulation_1"
"NGS_Nanog_WT_Rep3","Read_1079",0.451016778040167,"Subpopulation_1"
"NGS_Nanog_WT_Rep3","Read_1080",0.462733951721944,"Subpopulation_1"
"NGS_Nanog_WT_Rep3","Read_1081",0.446294412551933,"Subpopulation_1"
"NGS_Nanog_WT_Rep3","Read_1082",0.451265679468615,"Subpopulation_1"
"NGS_Nanog_WT_Rep3","Read_1083",0.459728756312214,"Subpopulation_1"
"NGS_Nanog_WT_Rep3","Read_1084",0.464535426287637,"Subpopulation_1"
"NGS_Nanog_WT_Rep3","Read_1085",0.456565221853388,"Subpopulation_1"
"NGS_Nanog_WT_Rep3","Read_1086",0.462742248923374,"Subpopulation_1"
"NGS_Nanog_WT_Rep3","Read_1087",0.465624679028539,"Subpopulation_1"
"NGS_Nanog_WT_Rep3","Read_1088",0.464605451785418,"Subpopulation_1"
"NGS_Nanog_WT_Rep3","Read_1089",0.459557893220305,"Subpopulation_1"
"NGS_Nanog_WT_Rep3","Read_1090",0.456799561942617,"Subpopulation_1"
"NGS_Nanog_WT_Rep3","Read_1091",0.473514549286538,"Subpopulation_1"
"NGS_Nanog_WT_Rep3","Read_1092",0.459756804923844,"Subpopulation_1"
"NGS_Nanog_WT_Rep3","Read_1093",0.447685464023767,"Subpopulation_1"
"NGS_Nanog_WT_Rep3","Read_1094",0.459498985646036,"Subpopulation_1"
"NGS_Nanog_WT_Rep3","Read_1095",0.461259043907364,"Subpopulation_1"
"NGS_Nanog_WT_Rep3","Read_1096",0.45711871335978,"Subpopulation_1"
"NGS_Nanog_WT_Rep3","Read_1097",0.448598035668919,"Subpopulation_1"
"NGS_Nanog_WT_Rep3","Read_1098",0.458541925423515,"Subpopulation_1"
"NGS_Nanog_WT_Rep3","Read_1099",0.446428311434845,"Subpopulation_1"
"NGS_Nanog_WT_Rep3","Read_1100",0.462333475953537,"Subpopulation_1"
"NGS_Nanog_WT_Rep3","Read_1101",0.453931069978468,"Subpopulation_1"
"NGS_Nanog_WT_Rep3","Read_1102",0.452828890511611,"Subpopulation_1"
"NGS_Nanog_WT_Rep3","Read_1103",0.449395002337747,"Subpopulation_1"
"NGS_Nanog_WT_Rep3","Read_1104",0.450548231963294,"Subpopulation_1"
"NGS_Nanog_WT_Rep3","Read_1105",0.464075453431615,"Subpopulation_1"
"NGS_Nanog_WT_Rep3","Read_1106",0.452089360072198,"Subpopulation_1"
"NGS_Nanog_WT_Rep3","Read_1107",0.460862157860776,"Subpopulation_1"
"NGS_Nanog_WT_Rep3","Read_1108",0.450148286741862,"Subpopulation_1"
"NGS_Nanog_WT_Rep3","Read_1109",0.455879534518611,"Subpopulation_1"
"NGS_Nanog_WT_Rep3","Read_1110",0.459756438187428,"Subpopulation_1"
"NGS_Nanog_WT_Rep3","Read_1111",0.451702926493489,"Subpopulation_1"
"NGS_Nanog_WT_Rep3","Read_1112",0.451035983167149,"Subpopulation_1"
"NGS_Nanog_WT_Rep3","Read_1113",0.446104598032364,"Subpopulation_1"
"NGS_Nanog_WT_Rep3","Read_1114",0.454564185843533,"Subpopulation_1"
"NGS_Nanog_WT_Rep3","Read_1115",0.466472860505627,"Subpopulation_1"
"NGS_Nanog_WT_Rep3","Read_1116",0.468791627712483,"Subpopulation_1"
"NGS_Nanog_WT_Rep3","Read_1117",0.448574788668207,"Subpopulation_1"
"NGS_Nanog_WT_Rep3","Read_1118",0.455100634687884,"Subpopulation_1"
"NGS_Nanog_WT_Rep3","Read_1119",0.452021620493438,"Subpopulation_1"
"NGS_Nanog_WT_Rep3","Read_1120",0.455649027082956,"Subpopulation_1"
"NGS_Nanog_WT_Rep3","Read_1121",0.453593895031427,"Subpopulation_1"
"NGS_Nanog_WT_Rep3","Read_1122",0.454836469095042,"Subpopulation_1"
"NGS_Nanog_WT_Rep3","Read_1123",0.466512779364324,"Subpopulation_1"
"NGS_Nanog_WT_Rep3","Read_1124",0.456212243147235,"Subpopulation_1"
"NGS_Nanog_WT_Rep3","Read_1125",0.449520731960418,"Subpopulation_1"
"NGS_Nanog_WT_Rep3","Read_1126",0.458288720367726,"Subpopulation_1"
"NGS_Nanog_WT_Rep3","Read_1127",0.45980962921942,"Subpopulation_1"
"NGS_Nanog_WT_Rep3","Read_1128",0.458068072261906,"Subpopulation_1"
"NGS_Nanog_WT_Rep3","Read_1129",0.46557404622523,"Subpopulation_1"
"NGS_Nanog_WT_Rep3","Read_1130",0.453728635576735,"Subpopulation_1"
"NGS_Nanog_WT_Rep3","Read_1131",0.462900969574677,"Subpopulation_1"
"NGS_Nanog_WT_Rep3","Read_1132",0.458466943305953,"Subpopulation_1"
"NGS_Nanog_WT_Rep3","Read_1133",0.463423763618666,"Subpopulation_1"
"NGS_Nanog_WT_Rep3","Read_1134",0.459143495678456,"Subpopulation_1"
"NGS_Nanog_WT_Rep3","Read_1135",0.460698212791736,"Subpopulation_1"
"NGS_Nanog_WT_Rep3","Read_1136",0.457838281731432,"Subpopulation_1"
"NGS_Nanog_WT_Rep3","Read_1137",0.44857575243325,"Subpopulation_1"
"NGS_Nanog_WT_Rep3","Read_1138",0.453279273473339,"Subpopulation_1"
"NGS_Nanog_WT_Rep3","Read_1139",0.457452520195577,"Subpopulation_1"
"NGS_Nanog_WT_Rep3","Read_1140",0.464286142869012,"Subpopulation_1"
"NGS_Nanog_WT_Rep3","Read_1141",0.455483234460802,"Subpopulation_1"
"NGS_Nanog_WT_Rep3","Read_1142",0.457904487971005,"Subpopulation_1"
"NGS_Nanog_WT_Rep3","Read_1143",0.455750640985317,"Subpopulation_1"
"NGS_Nanog_WT_Rep3","Read_1144",0.4565457344369,"Subpopulation_1"
"NGS_Nanog_WT_Rep3","Read_1145",0.448103768753252,"Subpopulation_1"
"NGS_Nanog_WT_Rep3","Read_1146",0.453577436332676,"Subpopulation_1"
"NGS_Nanog_WT_Rep3","Read_1147",0.457750081593298,"Subpopulation_1"
"NGS_Nanog_WT_Rep3","Read_1148",0.444195404361192,"Subpopulation_1"
"NGS_Nanog_WT_Rep3","Read_1149",0.455742403537124,"Subpopulation_1"
"NGS_Nanog_WT_Rep3","Read_1150",0.454242021606289,"Subpopulation_1"
"NGS_Nanog_WT_Rep3","Read_1151",0.458067561294449,"Subpopulation_1"
"NGS_Nanog_WT_Rep3","Read_1152",0.458143544395382,"Subpopulation_1"
"NGS_Nanog_WT_Rep3","Read_1153",0.457568307325417,"Subpopulation_1"
"NGS_Nanog_WT_Rep3","Read_1154",0.448455295580363,"Subpopulation_1"
"NGS_Nanog_WT_Rep3","Read_1155",0.457757791532606,"Subpopulation_1"
"NGS_Nanog_WT_Rep3","Read_1156",0.458113469572419,"Subpopulation_1"
"NGS_Nanog_WT_Rep3","Read_1157",0.467404966213524,"Subpopulation_1"
"NGS_Nanog_WT_Rep3","Read_1158",0.447799503866542,"Subpopulation_1"
"NGS_Nanog_WT_Rep3","Read_1159",0.45010841413688,"Subpopulation_1"
"NGS_Nanog_WT_Rep3","Read_1160",0.456673071365674,"Subpopulation_1"
"NGS_Nanog_WT_Rep3","Read_1161",0.464130694888752,"Subpopulation_1"
"NGS_Nanog_WT_Rep3","Read_1162",0.452612543755394,"Subpopulation_1"
"NGS_Nanog_WT_Rep3","Read_1163",0.449225798481196,"Subpopulation_1"
"NGS_Nanog_WT_Rep3","Read_1164",0.462647876817136,"Subpopulation_1"
"NGS_Nanog_WT_Rep3","Read_1165",0.460099382727445,"Subpopulation_1"
"NGS_Nanog_WT_Rep3","Read_1166",0.452439695214298,"Subpopulation_1"
"NGS_Nanog_WT_Rep3","Read_1167",0.461260029523302,"Subpopulation_1"
"NGS_Nanog_WT_Rep3","Read_1168",0.446513239135637,"Subpopulation_1"
"NGS_Nanog_WT_Rep3","Read_1169",0.454932366845163,"Subpopulation_1"
"NGS_Nanog_WT_Rep3","Read_1170",0.456782597396303,"Subpopulation_1"
"NGS_Nanog_WT_Rep3","Read_1171",0.452785184069286,"Subpopulation_1"
"NGS_Nanog_WT_Rep3","Read_1172",0.463037704530666,"Subpopulation_1"
"NGS_Nanog_WT_Rep3","Read_1173",0.456595733362992,"Subpopulation_1"
"NGS_Nanog_WT_Rep3","Read_1174",0.463772662960402,"Subpopulation_1"
"NGS_Nanog_WT_Rep3","Read_1175",0.449845473639509,"Subpopulation_1"
"NGS_Nanog_WT_Rep3","Read_1176",0.463172661367655,"Subpopulation_1"
"NGS_Nanog_WT_Rep3","Read_1177",0.448593294376059,"Subpopulation_1"
"NGS_Nanog_WT_Rep3","Read_1178",0.456609572006919,"Subpopulation_1"
"NGS_Nanog_WT_Rep3","Read_1179",0.460444803339158,"Subpopulation_1"
"NGS_Nanog_WT_Rep3","Read_1180",0.455064179177479,"Subpopulation_1"
"NGS_Nanog_WT_Rep3","Read_1181",0.451983811914663,"Subpopulation_1"
"NGS_Nanog_WT_Rep3","Read_1182",0.459135113667233,"Subpopulation_1"
"NGS_Nanog_WT_Rep3","Read_1183",0.464466389385563,"Subpopulation_1"
"NGS_Nanog_WT_Rep3","Read_1184",0.462659038352641,"Subpopulation_1"
"NGS_Nanog_WT_Rep3","Read_1185",0.452577099939909,"Subpopulation_1"
"NGS_Nanog_WT_Rep3","Read_1186",0.459847025165476,"Subpopulation_1"
"NGS_Nanog_WT_Rep3","Read_1187",0.451338497295434,"Subpopulation_1"
"NGS_Nanog_WT_Rep3","Read_1188",0.455311230503789,"Subpopulation_1"
"NGS_Nanog_WT_Rep3","Read_1189",0.459662642700962,"Subpopulation_1"
"NGS_Nanog_WT_Rep3","Read_1190",0.452472739724261,"Subpopulation_1"
"NGS_Nanog_WT_Rep3","Read_1191",0.46205595939361,"Subpopulation_1"
"NGS_Nanog_WT_Rep3","Read_1192",0.445973411472957,"Subpopulation_1"
"NGS_Nanog_WT_Rep3","Read_1193",0.456561045531038,"Subpopulation_1"
"NGS_Nanog_WT_Rep3","Read_1194",0.459968873152379,"Subpopulation_1"
"NGS_Nanog_WT_Rep3","Read_1195",0.45627744567084,"Subpopulation_1"
"NGS_Nanog_WT_Rep3","Read_1196",0.456273085532044,"Subpopulation_1"
"NGS_Nanog_WT_Rep3","Read_1197",0.456909280113074,"Subpopulation_1"
"NGS_Nanog_WT_Rep3","Read_1198",0.459755508251408,"Subpopulation_1"
"NGS_Nanog_WT_Rep3","Read_1199",0.456836680681073,"Subpopulation_1"
"NGS_Nanog_WT_Rep3","Read_1200",0.460928141709621,"Subpopulation_1"
"NGS_Nanog_WT_Rep3","Read_1201",0.468705660390367,"Subpopulation_1"
"NGS_Nanog_WT_Rep3","Read_1202",0.458307586367392,"Subpopulation_1"
"NGS_Nanog_WT_Rep3","Read_1203",0.463220119121055,"Subpopulation_1"
"NGS_Nanog_WT_Rep3","Read_1204",0.449578043078176,"Subpopulation_1"
"NGS_Nanog_WT_Rep3","Read_1205",0.451381154564166,"Subpopulation_1"
"NGS_Nanog_WT_Rep3","Read_1206",0.44974667478754,"Subpopulation_1"
"NGS_Nanog_WT_Rep3","Read_1207",0.453439038046203,"Subpopulation_1"
"NGS_Nanog_WT_Rep3","Read_1208",0.457336818756216,"Subpopulation_1"
"NGS_Nanog_WT_Rep3","Read_1209",0.453684004097541,"Subpopulation_1"
"NGS_Nanog_WT_Rep3","Read_1210",0.453035157626642,"Subpopulation_1"
"NGS_Nanog_WT_Rep3","Read_1211",0.449435598852005,"Subpopulation_1"
"NGS_Nanog_WT_Rep3","Read_1212",0.460567705776346,"Subpopulation_1"
"NGS_Nanog_WT_Rep3","Read_1213",0.46532296888911,"Subpopulation_1"
"NGS_Nanog_WT_Rep3","Read_1214",0.459323996474949,"Subpopulation_1"
"NGS_Nanog_WT_Rep3","Read_1215",0.451263095361544,"Subpopulation_1"
"NGS_Nanog_WT_Rep3","Read_1216",0.465607235062597,"Subpopulation_1"
"NGS_Nanog_WT_Rep3","Read_1217",0.449790045776367,"Subpopulation_1"
"NGS_Nanog_WT_Rep3","Read_1218",0.45015073090388,"Subpopulation_1"
"NGS_Nanog_WT_Rep3","Read_1219",0.446035106014655,"Subpopulation_1"
"NGS_Nanog_WT_Rep3","Read_1220",0.454236450870469,"Subpopulation_1"
"NGS_Nanog_WT_Rep3","Read_1221",0.458986095447545,"Subpopulation_1"
"NGS_Nanog_WT_Rep3","Read_1222",0.458978570756829,"Subpopulation_1"
"NGS_Nanog_WT_Rep3","Read_1223",0.458590734641319,"Subpopulation_1"
"NGS_Nanog_WT_Rep3","Read_1224",0.457012823744315,"Subpopulation_1"
"NGS_Nanog_WT_Rep3","Read_1225",0.462736308484769,"Subpopulation_1"
"NGS_Nanog_WT_Rep3","Read_1226",0.452831838507503,"Subpopulation_1"
"NGS_Nanog_WT_Rep3","Read_1227",0.448275097902675,"Subpopulation_1"
"NGS_Nanog_WT_Rep3","Read_1228",0.444964654109687,"Subpopulation_1"
"NGS_Nanog_WT_Rep3","Read_1229",0.461372675386757,"Subpopulation_1"
"NGS_Nanog_WT_Rep3","Read_1230",0.444974433201318,"Subpopulation_1"
"NGS_Nanog_WT_Rep3","Read_1231",0.444510868623669,"Subpopulation_1"
"NGS_Nanog_WT_Rep3","Read_1232",0.457766880029024,"Subpopulation_1"
"NGS_Nanog_WT_Rep3","Read_1233",0.461668733077838,"Subpopulation_1"
"NGS_Nanog_WT_Rep3","Read_1234",0.456924497962745,"Subpopulation_1"
"NGS_Nanog_WT_Rep3","Read_1235",0.456293726788715,"Subpopulation_1"
"NGS_Nanog_WT_Rep3","Read_1236",0.456805517207032,"Subpopulation_1"
"NGS_Nanog_WT_Rep3","Read_1237",0.460646422603013,"Subpopulation_1"
"NGS_Nanog_WT_Rep3","Read_1238",0.465315153985681,"Subpopulation_1"
"NGS_Nanog_WT_Rep3","Read_1239",0.455076047231909,"Subpopulation_1"
"NGS_Nanog_WT_Rep3","Read_1240",0.459499914880281,"Subpopulation_1"
"NGS_Nanog_WT_Rep3","Read_1241",0.454004624890823,"Subpopulation_1"
"NGS_Nanog_WT_Rep3","Read_1242",0.445309396164693,"Subpopulation_1"
"NGS_Nanog_WT_Rep3","Read_1243",0.443196896162753,"Subpopulation_1"
"NGS_Nanog_WT_Rep3","Read_1244",0.454262125201691,"Subpopulation_1"
"NGS_Nanog_WT_Rep3","Read_1245",0.45479186286191,"Subpopulation_1"
"NGS_Nanog_WT_Rep3","Read_1246",0.455192205253587,"Subpopulation_1"
"NGS_Nanog_WT_Rep3","Read_1247",0.45713844667537,"Subpopulation_1"
"NGS_Nanog_WT_Rep3","Read_1248",0.458946136667783,"Subpopulation_1"
"NGS_Nanog_WT_Rep3","Read_1249",0.452840092593671,"Subpopulation_1"
"NGS_Nanog_WT_Rep3","Read_1250",0.455442554603025,"Subpopulation_1"
"NGS_Nanog_WT_Rep3","Read_1251",0.458697808363438,"Subpopulation_1"
"NGS_Nanog_WT_Rep3","Read_1252",0.452636982979163,"Subpopulation_1"
"NGS_Nanog_WT_Rep3","Read_1253",0.450991934251374,"Subpopulation_1"
"NGS_Nanog_WT_Rep3","Read_1254",0.450349212115678,"Subpopulation_1"
"NGS_Nanog_WT_Rep3","Read_1255",0.464018914159787,"Subpopulation_1"
"NGS_Nanog_WT_Rep3","Read_1256",0.457904669399876,"Subpopulation_1"
"NGS_Nanog_WT_Rep3","Read_1257",0.455847804113049,"Subpopulation_1"
"NGS_Nanog_WT_Rep3","Read_1258",0.456146729217374,"Subpopulation_1"
"NGS_Nanog_WT_Rep3","Read_1259",0.454901812698671,"Subpopulation_1"
"NGS_Nanog_WT_Rep3","Read_1260",0.451071232816587,"Subpopulation_1"
"NGS_Nanog_WT_Rep3","Read_1261",0.460364550561585,"Subpopulation_1"
"NGS_Nanog_WT_Rep3","Read_1262",0.45838139160364,"Subpopulation_1"
"NGS_Nanog_WT_Rep3","Read_1263",0.460544725758277,"Subpopulation_1"
"NGS_Nanog_WT_Rep3","Read_1264",0.4514296935587,"Subpopulation_1"
"NGS_Nanog_WT_Rep3","Read_1265",0.451319401412474,"Subpopulation_1"
"NGS_Nanog_WT_Rep3","Read_1266",0.461048904949022,"Subpopulation_1"
"NGS_Nanog_WT_Rep3","Read_1267",0.452244903769859,"Subpopulation_1"
"NGS_Nanog_WT_Rep3","Read_1268",0.463110726559519,"Subpopulation_1"
"NGS_Nanog_WT_Rep3","Read_1269",0.458735797472462,"Subpopulation_1"
"NGS_Nanog_WT_Rep3","Read_1270",0.456758809111225,"Subpopulation_1"
"NGS_Nanog_WT_Rep3","Read_1271",0.461280180235871,"Subpopulation_1"
"NGS_Nanog_WT_Rep3","Read_1272",0.459225408709538,"Subpopulation_1"
"NGS_Nanog_WT_Rep3","Read_1273",0.465108411847148,"Subpopulation_1"
"NGS_Nanog_WT_Rep3","Read_1274",0.448307784430124,"Subpopulation_1"
"NGS_Nanog_WT_Rep3","Read_1275",0.45681623808495,"Subpopulation_1"
"NGS_Nanog_WT_Rep3","Read_1276",0.453077650415484,"Subpopulation_1"
"NGS_Nanog_WT_Rep3","Read_1277",0.454312271055537,"Subpopulation_1"
"NGS_Nanog_WT_Rep3","Read_1278",0.450759684989101,"Subpopulation_1"
"NGS_Nanog_WT_Rep3","Read_1279",0.46014122902823,"Subpopulation_1"
"NGS_Nanog_WT_Rep3","Read_1280",0.446701282709908,"Subpopulation_1"
"NGS_Nanog_WT_Rep3","Read_1281",0.453347206448652,"Subpopulation_1"
"NGS_Nanog_WT_Rep3","Read_1282",0.460282322719522,"Subpopulation_1"
"NGS_Nanog_WT_Rep3","Read_1283",0.468048574194633,"Subpopulation_1"
"NGS_Nanog_WT_Rep3","Read_1284",0.443518112616576,"Subpopulation_1"
"NGS_Nanog_WT_Rep3","Read_1285",0.45386148453444,"Subpopulation_1"
"NGS_Nanog_WT_Rep3","Read_1286",0.466022850375467,"Subpopulation_1"
"NGS_Nanog_WT_Rep3","Read_1287",0.447422293467584,"Subpopulation_1"
"NGS_Nanog_WT_Rep3","Read_1288",0.453593151058055,"Subpopulation_1"
"NGS_Nanog_WT_Rep3","Read_1289",0.455191085297241,"Subpopulation_1"
"NGS_Nanog_WT_Rep3","Read_1290",0.445568019542527,"Subpopulation_1"
"NGS_Nanog_WT_Rep3","Read_1291",0.451339092083717,"Subpopulation_1"
"NGS_Nanog_WT_Rep3","Read_1292",0.464420990682935,"Subpopulation_1"
"NGS_Nanog_WT_Rep3","Read_1293",0.458970059872992,"Subpopulation_1"
"NGS_Nanog_WT_Rep3","Read_1294",0.45558191759075,"Subpopulation_1"
"NGS_Nanog_WT_Rep3","Read_1295",0.451779303607074,"Subpopulation_1"
"NGS_Nanog_WT_Rep3","Read_1296",0.46150178857422,"Subpopulation_1"
"NGS_Nanog_WT_Rep3","Read_1297",0.461202406012986,"Subpopulation_1"
"NGS_Nanog_WT_Rep3","Read_1298",0.463009860435873,"Subpopulation_1"
"NGS_Nanog_WT_Rep3","Read_1299",0.451345656158473,"Subpopulation_1"
"NGS_Nanog_WT_Rep3","Read_1300",0.452372209224704,"Subpopulation_1"
"NGS_Nanog_WT_Rep3","Read_1301",0.462300633823449,"Subpopulation_1"
"NGS_Nanog_WT_Rep3","Read_1302",0.460477355312097,"Subpopulation_1"
"NGS_Nanog_WT_Rep3","Read_1303",0.454177138781932,"Subpopulation_1"
"NGS_Nanog_WT_Rep3","Read_1304",0.44583640926421,"Subpopulation_1"
"NGS_Nanog_WT_Rep3","Read_1305",0.447331723526743,"Subpopulation_1"
"NGS_Nanog_WT_Rep3","Read_1306",0.455253398772394,"Subpopulation_1"
"NGS_Nanog_WT_Rep3","Read_1307",0.458099939006648,"Subpopulation_1"
"NGS_Nanog_WT_Rep3","Read_1308",0.461510522217132,"Subpopulation_1"
"NGS_Nanog_WT_Rep3","Read_1309",0.453710942606407,"Subpopulation_1"
"NGS_Nanog_WT_Rep3","Read_1310",0.473431330506938,"Subpopulation_1"
"NGS_Nanog_WT_Rep3","Read_1311",0.456948280989287,"Subpopulation_1"
"NGS_Nanog_WT_Rep3","Read_1312",0.466467721090594,"Subpopulation_1"
"NGS_Nanog_WT_Rep3","Read_1313",0.458116154407858,"Subpopulation_1"
"NGS_Nanog_WT_Rep3","Read_1314",0.454528741095976,"Subpopulation_1"
"NGS_Nanog_WT_Rep3","Read_1315",0.442739705093562,"Subpopulation_1"
"NGS_Nanog_WT_Rep3","Read_1316",0.448459134407077,"Subpopulation_1"
"NGS_Nanog_WT_Rep3","Read_1317",0.448003835719687,"Subpopulation_1"
"NGS_Nanog_WT_Rep3","Read_1318",0.458140960160349,"Subpopulation_1"
"NGS_Nanog_WT_Rep3","Read_1319",0.463387048064203,"Subpopulation_1"
"NGS_Nanog_WT_Rep3","Read_1320",0.452265104303099,"Subpopulation_1"
"NGS_Nanog_WT_Rep3","Read_1321",0.451922185035571,"Subpopulation_1"
"NGS_Nanog_WT_Rep3","Read_1322",0.458540138207277,"Subpopulation_1"
"NGS_Nanog_WT_Rep3","Read_1323",0.448546607137549,"Subpopulation_1"
"NGS_Nanog_WT_Rep3","Read_1324",0.449029023726291,"Subpopulation_1"
"NGS_Nanog_WT_Rep3","Read_1325",0.455705989033133,"Subpopulation_1"
"NGS_Nanog_WT_Rep3","Read_1326",0.463816628138553,"Subpopulation_1"
"NGS_Nanog_WT_Rep3","Read_1327",0.457959693583754,"Subpopulation_1"
"NGS_Nanog_WT_Rep3","Read_1328",0.461109559473625,"Subpopulation_1"
"NGS_Nanog_WT_Rep3","Read_1329",0.458540027384752,"Subpopulation_1"
"NGS_Nanog_WT_Rep3","Read_1330",0.455688996156702,"Subpopulation_1"
"NGS_Nanog_WT_Rep3","Read_1331",0.467421870209177,"Subpopulation_1"
"NGS_Nanog_WT_Rep3","Read_1332",0.462792380761349,"Subpopulation_1"
"NGS_Nanog_WT_Rep3","Read_1333",0.45337180451366,"Subpopulation_1"
"NGS_Nanog_WT_Rep3","Read_1334",0.45077619049873,"Subpopulation_1"
"NGS_Nanog_WT_Rep3","Read_1335",0.442450486575563,"Subpopulation_1"
"NGS_Nanog_WT_Rep3","Read_1336",0.447269839019937,"Subpopulation_1"
"NGS_Nanog_WT_Rep3","Read_1337",0.449430184000567,"Subpopulation_1"
"NGS_Nanog_WT_Rep3","Read_1338",0.463144450125148,"Subpopulation_1"
"NGS_Nanog_WT_Rep3","Read_1339",0.456912650405727,"Subpopulation_1"
"NGS_Nanog_WT_Rep3","Read_1340",0.45720548937123,"Subpopulation_1"
"NGS_Nanog_WT_Rep3","Read_1341",0.464685064750742,"Subpopulation_1"
"NGS_Nanog_WT_Rep3","Read_1342",0.464368517646021,"Subpopulation_1"
"NGS_Nanog_WT_Rep3","Read_1343",0.458103967463022,"Subpopulation_1"
"NGS_Nanog_WT_Rep3","Read_1344",0.460492438452229,"Subpopulation_1"
"NGS_Nanog_WT_Rep3","Read_1345",0.445717091761163,"Subpopulation_1"
"NGS_Nanog_WT_Rep3","Read_1346",0.461233748952495,"Subpopulation_1"
"NGS_Nanog_WT_Rep3","Read_1347",0.452005316477355,"Subpopulation_1"
"NGS_Nanog_WT_Rep3","Read_1348",0.469433047413947,"Subpopulation_1"
"NGS_Nanog_WT_Rep3","Read_1349",0.453349879622628,"Subpopulation_1"
"NGS_Nanog_WT_Rep3","Read_1350",0.450958651254165,"Subpopulation_1"
"NGS_Nanog_WT_Rep3","Read_1351",0.44809790475217,"Subpopulation_1"
"NGS_Nanog_WT_Rep3","Read_1352",0.455049727526592,"Subpopulation_1"
"NGS_Nanog_WT_Rep3","Read_1353",0.449159035622544,"Subpopulation_1"
"NGS_Nanog_WT_Rep3","Read_1354",0.472502207790073,"Subpopulation_1"
"NGS_Nanog_WT_Rep3","Read_1355",0.459286015532426,"Subpopulation_1"
"NGS_Nanog_WT_Rep3","Read_1356",0.455866569105623,"Subpopulation_1"
"NGS_Nanog_WT_Rep3","Read_1357",0.448429855831362,"Subpopulation_1"
"NGS_Nanog_WT_Rep3","Read_1358",0.453956997039535,"Subpopulation_1"
"NGS_Nanog_WT_Rep3","Read_1359",0.452080976379764,"Subpopulation_1"
"NGS_Nanog_WT_Rep3","Read_1360",0.454778311109749,"Subpopulation_1"
"NGS_Nanog_WT_Rep3","Read_1361",0.459252586993799,"Subpopulation_1"
"NGS_Nanog_WT_Rep3","Read_1362",0.458480406612064,"Subpopulation_1"
"NGS_Nanog_WT_Rep3","Read_1363",0.450434190596278,"Subpopulation_1"
"NGS_Nanog_WT_Rep3","Read_1364",0.456064974735935,"Subpopulation_1"
"NGS_Nanog_WT_Rep3","Read_1365",0.450031545959418,"Subpopulation_1"
"NGS_Nanog_WT_Rep3","Read_1366",0.448725988671687,"Subpopulation_1"
"NGS_Nanog_WT_Rep3","Read_1367",0.449818556480451,"Subpopulation_1"
"NGS_Nanog_WT_Rep3","Read_1368",0.44986268291474,"Subpopulation_1"
"NGS_Nanog_WT_Rep3","Read_1369",0.450404223456847,"Subpopulation_1"
"NGS_Nanog_WT_Rep3","Read_1370",0.455886903658903,"Subpopulation_1"
"NGS_Nanog_WT_Rep3","Read_1371",0.459959012782643,"Subpopulation_1"
"NGS_Nanog_WT_Rep3","Read_1372",0.465232371302143,"Subpopulation_1"
"NGS_Nanog_WT_Rep3","Read_1373",0.463497959766579,"Subpopulation_1"
"NGS_Nanog_WT_Rep3","Read_1374",0.469343875002896,"Subpopulation_1"
"NGS_Nanog_WT_Rep3","Read_1375",0.448674211542578,"Subpopulation_1"
"NGS_Nanog_WT_Rep3","Read_1376",0.450473645786252,"Subpopulation_1"
"NGS_Nanog_WT_Rep3","Read_1377",0.452998078025589,"Subpopulation_1"
"NGS_Nanog_WT_Rep3","Read_1378",0.46119240985697,"Subpopulation_1"
"NGS_Nanog_WT_Rep3","Read_1379",0.448396421756163,"Subpopulation_1"
"NGS_Nanog_WT_Rep3","Read_1380",0.45763562488563,"Subpopulation_1"
"NGS_Nanog_WT_Rep3","Read_1381",0.456592805369243,"Subpopulation_1"
"NGS_Nanog_WT_Rep3","Read_1382",0.461102160612884,"Subpopulation_1"
"NGS_Nanog_WT_Rep3","Read_1383",0.456024306889282,"Subpopulation_1"
"NGS_Nanog_WT_Rep3","Read_1384",0.455715586457435,"Subpopulation_1"
"NGS_Nanog_WT_Rep3","Read_1385",0.464559651112781,"Subpopulation_1"
"NGS_Nanog_WT_Rep3","Read_1386",0.454928727783675,"Subpopulation_1"
"NGS_Nanog_WT_Rep3","Read_1387",0.452522669078669,"Subpopulation_1"
"NGS_Nanog_WT_Rep3","Read_1388",0.460571266660816,"Subpopulation_1"
"NGS_Nanog_WT_Rep3","Read_1389",0.445096073116212,"Subpopulation_1"
"NGS_Nanog_WT_Rep3","Read_1390",0.463080477142568,"Subpopulation_1"
"NGS_Nanog_WT_Rep3","Read_1391",0.449740421806064,"Subpopulation_1"
"NGS_Nanog_WT_Rep3","Read_1392",0.460385688317174,"Subpopulation_1"
"NGS_Nanog_WT_Rep3","Read_1393",0.457949182061677,"Subpopulation_1"
"NGS_Nanog_WT_Rep3","Read_1394",0.450380879223943,"Subpopulation_1"
"NGS_Nanog_WT_Rep3","Read_1395",0.449967427529053,"Subpopulation_1"
"NGS_Nanog_WT_Rep3","Read_1396",0.45855733561942,"Subpopulation_1"
"NGS_Nanog_WT_Rep3","Read_1397",0.459322278958584,"Subpopulation_1"
"NGS_Nanog_WT_Rep3","Read_1398",0.453720294110309,"Subpopulation_1"
"NGS_Nanog_WT_Rep3","Read_1399",0.470237052581393,"Subpopulation_1"
"NGS_Nanog_WT_Rep3","Read_1400",0.453686519963477,"Subpopulation_1"
"NGS_Nanog_WT_Rep3","Read_1401",0.44590104573494,"Subpopulation_1"
"NGS_Nanog_WT_Rep3","Read_1402",0.457118886909778,"Subpopulation_1"
"NGS_Nanog_WT_Rep3","Read_1403",0.468673008133597,"Subpopulation_1"
"NGS_Nanog_WT_Rep3","Read_1404",0.456400035301289,"Subpopulation_1"
"NGS_Nanog_WT_Rep3","Read_1405",0.452588559544422,"Subpopulation_1"
"NGS_Nanog_WT_Rep3","Read_1406",0.444333129490234,"Subpopulation_1"
"NGS_Nanog_WT_Rep3","Read_1407",0.45528271781884,"Subpopulation_1"
"NGS_Nanog_WT_Rep3","Read_1408",0.460254715998601,"Subpopulation_1"
"NGS_Nanog_WT_Rep3","Read_1409",0.449147151527092,"Subpopulation_1"
"NGS_Nanog_WT_Rep3","Read_1410",0.455994493858875,"Subpopulation_1"
"NGS_Nanog_WT_Rep3","Read_1411",0.453809891541867,"Subpopulation_1"
"NGS_Nanog_WT_Rep3","Read_1412",0.460341597636166,"Subpopulation_1"
"NGS_Nanog_WT_Rep3","Read_1413",0.450187762469151,"Subpopulation_1"
"NGS_Nanog_WT_Rep3","Read_1414",0.466190898308314,"Subpopulation_1"
"NGS_Nanog_WT_Rep3","Read_1415",0.477347811530639,"Subpopulation_1"
"NGS_Nanog_WT_Rep3","Read_1416",0.448544325652323,"Subpopulation_1"
"NGS_Nanog_WT_Rep3","Read_1417",0.444885451741699,"Subpopulation_1"
"NGS_Nanog_WT_Rep3","Read_1418",0.450654536403532,"Subpopulation_1"
"NGS_Nanog_WT_Rep3","Read_1419",0.464357937937456,"Subpopulation_1"
"NGS_Nanog_WT_Rep3","Read_1420",0.451646179661607,"Subpopulation_1"
"NGS_Nanog_WT_Rep3","Read_1421",0.442717747942982,"Subpopulation_1"
"NGS_Nanog_WT_Rep3","Read_1422",0.460410464826028,"Subpopulation_1"
"NGS_Nanog_WT_Rep3","Read_1423",0.458678976239869,"Subpopulation_1"
"NGS_Nanog_WT_Rep3","Read_1424",0.456632249462711,"Subpopulation_1"
"NGS_Nanog_WT_Rep3","Read_1425",0.456206645282815,"Subpopulation_1"
"NGS_Nanog_WT_Rep3","Read_1426",0.469739731428922,"Subpopulation_1"
"NGS_Nanog_WT_Rep3","Read_1427",0.469456350492311,"Subpopulation_1"
"NGS_Nanog_WT_Rep3","Read_1428",0.459690260944539,"Subpopulation_1"
"NGS_Nanog_WT_Rep3","Read_1429",0.449454719585441,"Subpopulation_1"
"NGS_Nanog_WT_Rep3","Read_1430",0.43672749599434,"Subpopulation_1"
"NGS_Nanog_WT_Rep3","Read_1431",0.449698103292456,"Subpopulation_1"
"NGS_Nanog_WT_Rep3","Read_1432",0.452784765957429,"Subpopulation_1"
"NGS_Nanog_WT_Rep3","Read_1433",0.45495122638244,"Subpopulation_1"
"NGS_Nanog_WT_Rep3","Read_1434",0.457399064115138,"Subpopulation_1"
"NGS_Nanog_WT_Rep3","Read_1435",0.45988522054142,"Subpopulation_1"
"NGS_Nanog_WT_Rep3","Read_1436",0.467569687803342,"Subpopulation_1"
"NGS_Nanog_WT_Rep3","Read_1437",0.464888855106534,"Subpopulation_1"
"NGS_Nanog_WT_Rep3","Read_1438",0.466030644724901,"Subpopulation_1"
"NGS_Nanog_WT_Rep3","Read_1439",0.449170395439557,"Subpopulation_1"
"NGS_Nanog_WT_Rep3","Read_1440",0.444845107474652,"Subpopulation_1"
"NGS_Nanog_WT_Rep3","Read_1441",0.447541674973922,"Subpopulation_1"
"NGS_Nanog_WT_Rep3","Read_1442",0.451398086798305,"Subpopulation_1"
"NGS_Nanog_WT_Rep3","Read_1443",0.445228624421893,"Subpopulation_1"
"NGS_Nanog_WT_Rep3","Read_1444",0.459098463471716,"Subpopulation_1"
"NGS_Nanog_WT_Rep3","Read_1445",0.457037208541172,"Subpopulation_1"
"NGS_Nanog_WT_Rep3","Read_1446",0.451772495473981,"Subpopulation_1"
"NGS_Nanog_WT_Rep3","Read_1447",0.453680692705903,"Subpopulation_1"
"NGS_Nanog_WT_Rep3","Read_1448",0.458608752094881,"Subpopulation_1"
"NGS_Nanog_WT_Rep3","Read_1449",0.46302740963868,"Subpopulation_1"
"NGS_Nanog_WT_Rep3","Read_1450",0.444682028875013,"Subpopulation_1"
"NGS_Nanog_WT_Rep3","Read_1451",0.460404193653449,"Subpopulation_1"
"NGS_Nanog_WT_Rep3","Read_1452",0.455727902735554,"Subpopulation_1"
"NGS_Nanog_WT_Rep3","Read_1453",0.464679130373284,"Subpopulation_1"
"NGS_Nanog_WT_Rep3","Read_1454",0.461499204476954,"Subpopulation_1"
"NGS_Nanog_WT_Rep3","Read_1455",0.463787301989326,"Subpopulation_1"
"NGS_Nanog_WT_Rep3","Read_1456",0.456069053811631,"Subpopulation_1"
"NGS_Nanog_WT_Rep3","Read_1457",0.456504430306111,"Subpopulation_1"
"NGS_Nanog_WT_Rep3","Read_1458",0.449147269203946,"Subpopulation_1"
"NGS_Nanog_WT_Rep3","Read_1459",0.456017493138783,"Subpopulation_1"
"NGS_Nanog_WT_Rep3","Read_1460",0.455243100336834,"Subpopulation_1"
"NGS_Nanog_WT_Rep3","Read_1461",0.461977967961628,"Subpopulation_1"
"NGS_Nanog_WT_Rep3","Read_1462",0.456222664539007,"Subpopulation_1"
"NGS_Nanog_WT_Rep3","Read_1463",0.448432050101586,"Subpopulation_1"
"NGS_Nanog_WT_Rep3","Read_1464",0.460538509933648,"Subpopulation_1"
"NGS_Nanog_WT_Rep3","Read_1465",0.45139972964601,"Subpopulation_1"
"NGS_Nanog_WT_Rep3","Read_1466",0.452542825995296,"Subpopulation_1"
"NGS_Nanog_WT_Rep3","Read_1467",0.448538524264642,"Subpopulation_1"
"NGS_Nanog_WT_Rep3","Read_1468",0.448392429464692,"Subpopulation_1"
"NGS_Nanog_WT_Rep3","Read_1469",0.458628588578143,"Subpopulation_1"
"NGS_Nanog_WT_Rep3","Read_1470",0.457744120560268,"Subpopulation_1"
"NGS_Nanog_WT_Rep3","Read_1471",0.446190487982139,"Subpopulation_1"
"NGS_Nanog_WT_Rep3","Read_1472",0.450418798252207,"Subpopulation_1"
"NGS_Nanog_WT_Rep3","Read_1473",0.463601931567614,"Subpopulation_1"
"NGS_Nanog_WT_Rep3","Read_1474",0.455602029249569,"Subpopulation_1"
"NGS_Nanog_WT_Rep3","Read_1475",0.453664910430048,"Subpopulation_1"
"NGS_Nanog_WT_Rep3","Read_1476",0.454505529313462,"Subpopulation_1"
"NGS_Nanog_WT_Rep3","Read_1477",0.469586574844204,"Subpopulation_1"
"NGS_Nanog_WT_Rep3","Read_1478",0.452003354921472,"Subpopulation_1"
"NGS_Nanog_WT_Rep3","Read_1479",0.453591014173392,"Subpopulation_1"
"NGS_Nanog_WT_Rep3","Read_1480",0.455614403026839,"Subpopulation_1"
"NGS_Nanog_WT_Rep3","Read_1481",0.454331896126454,"Subpopulation_1"
"NGS_Nanog_WT_Rep3","Read_1482",0.458329610918854,"Subpopulation_1"
"NGS_Nanog_WT_Rep3","Read_1483",0.447104702304678,"Subpopulation_1"
"NGS_Nanog_WT_Rep3","Read_1484",0.45690032948225,"Subpopulation_1"
"NGS_Nanog_WT_Rep3","Read_1485",0.460850292764665,"Subpopulation_1"
"NGS_Nanog_WT_Rep3","Read_1486",0.458083325581614,"Subpopulation_1"
"NGS_Nanog_WT_Rep3","Read_1487",0.455432803640501,"Subpopulation_1"
"NGS_Nanog_WT_Rep3","Read_1488",0.456271234563668,"Subpopulation_1"
"NGS_Nanog_WT_Rep3","Read_1489",0.459323477721942,"Subpopulation_1"
"NGS_Nanog_WT_Rep3","Read_1490",0.451513340683513,"Subpopulation_1"
"NGS_Nanog_WT_Rep3","Read_1491",0.455738519001916,"Subpopulation_1"
"NGS_Nanog_WT_Rep3","Read_1492",0.458171524028822,"Subpopulation_1"
"NGS_Nanog_WT_Rep3","Read_1493",0.468682965619789,"Subpopulation_1"
"NGS_Nanog_WT_Rep3","Read_1494",0.455806614821273,"Subpopulation_1"
"NGS_Nanog_WT_Rep3","Read_1495",0.46023968392677,"Subpopulation_1"
"NGS_Nanog_WT_Rep3","Read_1496",0.454104101765408,"Subpopulation_1"
"NGS_Nanog_WT_Rep3","Read_1497",0.451400098512394,"Subpopulation_1"
"NGS_Nanog_WT_Rep3","Read_1498",0.458384371750329,"Subpopulation_1"
"NGS_Nanog_WT_Rep3","Read_1499",0.458963134313751,"Subpopulation_1"
"NGS_Nanog_WT_Rep3","Read_1500",0.453965842716408,"Subpopulation_1"
"NGS_Nanog_WT_Rep3","Read_1501",0.452355671744856,"Subpopulation_1"
"NGS_Nanog_WT_Rep3","Read_1502",0.443846312011656,"Subpopulation_1"
"NGS_Nanog_WT_Rep3","Read_1503",0.459437011282049,"Subpopulation_1"
"NGS_Nanog_WT_Rep3","Read_1504",0.455963264167831,"Subpopulation_1"
"NGS_Nanog_WT_Rep3","Read_1505",0.452335725072174,"Subpopulation_1"
"NGS_Nanog_WT_Rep3","Read_1506",0.445553135772238,"Subpopulation_1"
"NGS_Nanog_WT_Rep3","Read_1507",0.453686868398039,"Subpopulation_1"
"NGS_Nanog_WT_Rep3","Read_1508",0.462799688364483,"Subpopulation_1"
"NGS_Nanog_WT_Rep3","Read_1509",0.458736504812444,"Subpopulation_1"
"NGS_Nanog_WT_Rep3","Read_1510",0.441112192257042,"Subpopulation_1"
"NGS_Nanog_WT_Rep3","Read_1511",0.44732433343712,"Subpopulation_1"
"NGS_Nanog_WT_Rep3","Read_1512",0.459455948274329,"Subpopulation_1"
"NGS_Nanog_WT_Rep3","Read_1513",0.457732208350968,"Subpopulation_1"
"NGS_Nanog_WT_Rep3","Read_1514",0.464725399973617,"Subpopulation_1"
"NGS_Nanog_WT_Rep3","Read_1515",0.463641680255041,"Subpopulation_1"
"NGS_Nanog_WT_Rep3","Read_1516",0.45581582620084,"Subpopulation_1"
"NGS_Nanog_WT_Rep3","Read_1517",0.461782064323273,"Subpopulation_1"
"NGS_Nanog_WT_Rep3","Read_1518",0.45797799426515,"Subpopulation_1"
"NGS_Nanog_WT_Rep3","Read_1519",0.451121643658826,"Subpopulation_1"
"NGS_Nanog_WT_Rep3","Read_1520",0.446760434635163,"Subpopulation_1"
"NGS_Nanog_WT_Rep3","Read_1521",0.456709891930173,"Subpopulation_1"
"NGS_Nanog_WT_Rep3","Read_1522",0.465619434379789,"Subpopulation_1"
"NGS_Nanog_WT_Rep3","Read_1523",0.455861554698741,"Subpopulation_1"
"NGS_Nanog_WT_Rep3","Read_1524",0.4489904967401,"Subpopulation_1"
"NGS_Nanog_WT_Rep3","Read_1525",0.45846727217567,"Subpopulation_1"
"NGS_Nanog_WT_Rep3","Read_1526",0.455452640783611,"Subpopulation_1"
"NGS_Nanog_WT_Rep3","Read_1527",0.467187334956225,"Subpopulation_1"
"NGS_Nanog_WT_Rep3","Read_1528",0.449338459444444,"Subpopulation_1"
"NGS_Nanog_WT_Rep3","Read_1529",0.465433592647034,"Subpopulation_1"
"NGS_Nanog_WT_Rep3","Read_1530",0.457348385517932,"Subpopulation_1"
"NGS_Nanog_WT_Rep3","Read_1531",0.458422742101524,"Subpopulation_1"
"NGS_Nanog_WT_Rep3","Read_1532",0.453099376439294,"Subpopulation_1"
"NGS_Nanog_WT_Rep3","Read_1533",0.451587716890588,"Subpopulation_1"
"NGS_Nanog_WT_Rep3","Read_1534",0.447318561745098,"Subpopulation_1"
"NGS_Nanog_WT_Rep3","Read_1535",0.45067634350812,"Subpopulation_1"
"NGS_Nanog_WT_Rep3","Read_1536",0.450102711770775,"Subpopulation_1"
"NGS_Nanog_WT_Rep3","Read_1537",0.44503234223943,"Subpopulation_1"
"NGS_Nanog_WT_Rep3","Read_1538",0.449318934518708,"Subpopulation_1"
"NGS_Nanog_WT_Rep3","Read_1539",0.456389806100456,"Subpopulation_1"
"NGS_Nanog_WT_Rep3","Read_1540",0.458075810373225,"Subpopulation_1"
"NGS_Nanog_WT_Rep3","Read_1541",0.452977628132316,"Subpopulation_1"
"NGS_Nanog_WT_Rep3","Read_1542",0.461167318070165,"Subpopulation_1"
"NGS_Nanog_WT_Rep3","Read_1543",0.467292952610399,"Subpopulation_1"
"NGS_Nanog_WT_Rep3","Read_1544",0.455235149945927,"Subpopulation_1"
"NGS_Nanog_WT_Rep3","Read_1545",0.452382314805549,"Subpopulation_1"
"NGS_Nanog_WT_Rep3","Read_1546",0.454513286782173,"Subpopulation_1"
"NGS_Nanog_WT_Rep3","Read_1547",0.452035122291892,"Subpopulation_1"
"NGS_Nanog_WT_Rep3","Read_1548",0.456699917739212,"Subpopulation_1"
"NGS_Nanog_WT_Rep3","Read_1549",0.446866134919021,"Subpopulation_1"
"NGS_Nanog_WT_Rep3","Read_1550",0.458514582719476,"Subpopulation_1"
"NGS_Nanog_WT_Rep3","Read_1551",0.458691853686956,"Subpopulation_1"
"NGS_Nanog_WT_Rep3","Read_1552",0.460016594607778,"Subpopulation_1"
"NGS_Nanog_WT_Rep3","Read_1553",0.46625913309725,"Subpopulation_1"
"NGS_Nanog_WT_Rep3","Read_1554",0.449878957402449,"Subpopulation_1"
"NGS_Nanog_WT_Rep3","Read_1555",0.452234643252664,"Subpopulation_1"
"NGS_Nanog_WT_Rep3","Read_1556",0.455731921723015,"Subpopulation_1"
"NGS_Nanog_WT_Rep3","Read_1557",0.449406511167093,"Subpopulation_1"
"NGS_Nanog_WT_Rep3","Read_1558",0.460498981678094,"Subpopulation_1"
"NGS_Nanog_WT_Rep3","Read_1559",0.448617698979619,"Subpopulation_1"
"NGS_Nanog_WT_Rep3","Read_1560",0.4608629738291,"Subpopulation_1"
"NGS_Nanog_WT_Rep3","Read_1561",0.45336636223198,"Subpopulation_1"
"NGS_Nanog_WT_Rep3","Read_1562",0.452649762683669,"Subpopulation_1"
"NGS_Nanog_WT_Rep3","Read_1563",0.452336349264233,"Subpopulation_1"
"NGS_Nanog_WT_Rep3","Read_1564",0.458322694193152,"Subpopulation_1"
"NGS_Nanog_WT_Rep3","Read_1565",0.459821012296157,"Subpopulation_1"
"NGS_Nanog_WT_Rep3","Read_1566",0.449886423846375,"Subpopulation_1"
"NGS_Nanog_WT_Rep3","Read_1567",0.466581379602328,"Subpopulation_1"
"NGS_Nanog_WT_Rep3","Read_1568",0.451936063088435,"Subpopulation_1"
"NGS_Nanog_WT_Rep3","Read_1569",0.454904135433433,"Subpopulation_1"
"NGS_Nanog_WT_Rep3","Read_1570",0.449702609792195,"Subpopulation_1"
"NGS_Nanog_WT_Rep3","Read_1571",0.44974477655338,"Subpopulation_1"
"NGS_Nanog_WT_Rep3","Read_1572",0.449956776906165,"Subpopulation_1"
"NGS_Nanog_WT_Rep3","Read_1573",0.449440597047991,"Subpopulation_1"
"NGS_Nanog_WT_Rep3","Read_1574",0.459506384853854,"Subpopulation_1"
"NGS_Nanog_WT_Rep3","Read_1575",0.458779592885746,"Subpopulation_1"
"NGS_Nanog_WT_Rep3","Read_1576",0.455625660689491,"Subpopulation_1"
"NGS_Nanog_WT_Rep3","Read_1577",0.451945153668456,"Subpopulation_1"
"NGS_Nanog_WT_Rep3","Read_1578",0.46050834332575,"Subpopulation_1"
"NGS_Nanog_WT_Rep3","Read_1579",0.459365570418657,"Subpopulation_1"
"NGS_Nanog_WT_Rep3","Read_1580",0.449277610637558,"Subpopulation_1"
"NGS_Nanog_WT_Rep3","Read_1581",0.462130481813638,"Subpopulation_1"
"NGS_Nanog_WT_Rep3","Read_1582",0.45587198117241,"Subpopulation_1"
"NGS_Nanog_WT_Rep3","Read_1583",0.448770101265909,"Subpopulation_1"
"NGS_Nanog_WT_Rep3","Read_1584",0.451417669682577,"Subpopulation_1"
"NGS_Nanog_WT_Rep3","Read_1585",0.459023804532741,"Subpopulation_1"
"NGS_Nanog_WT_Rep3","Read_1586",0.452973827582302,"Subpopulation_1"
"NGS_Nanog_WT_Rep3","Read_1587",0.459195311246909,"Subpopulation_1"
"NGS_Nanog_WT_Rep3","Read_1588",0.455805301580537,"Subpopulation_1"
"NGS_Nanog_WT_Rep3","Read_1589",0.459372687950392,"Subpopulation_1"
"NGS_Nanog_WT_Rep3","Read_1590",0.4672916738932,"Subpopulation_1"
"NGS_Nanog_WT_Rep3","Read_1591",0.458030755731775,"Subpopulation_1"
"NGS_Nanog_WT_Rep3","Read_1592",0.463178500505924,"Subpopulation_1"
"NGS_Nanog_WT_Rep3","Read_1593",0.445135694016988,"Subpopulation_1"
"NGS_Nanog_WT_Rep3","Read_1594",0.447390434264289,"Subpopulation_1"
"NGS_Nanog_WT_Rep3","Read_1595",0.448242192983614,"Subpopulation_1"
"NGS_Nanog_WT_Rep3","Read_1596",0.450777233880477,"Subpopulation_1"
"NGS_Nanog_WT_Rep3","Read_1597",0.464407693026867,"Subpopulation_1"
"NGS_Nanog_WT_Rep3","Read_1598",0.468357904100754,"Subpopulation_1"
"NGS_Nanog_WT_Rep3","Read_1599",0.455392648749363,"Subpopulation_1"
"NGS_Nanog_WT_Rep3","Read_1600",0.454276073829485,"Subpopulation_1"
"NGS_Nanog_WT_Rep3","Read_1601",0.464054440017486,"Subpopulation_1"
"NGS_Nanog_WT_Rep3","Read_1602",0.46265704480874,"Subpopulation_1"
"NGS_Nanog_WT_Rep3","Read_1603",0.452114021634651,"Subpopulation_1"
"NGS_Nanog_WT_Rep3","Read_1604",0.444433283259352,"Subpopulation_1"
"NGS_Nanog_WT_Rep3","Read_1605",0.453142962225034,"Subpopulation_1"
"NGS_Nanog_WT_Rep3","Read_1606",0.46059873342673,"Subpopulation_1"
"NGS_Nanog_WT_Rep3","Read_1607",0.456722429113244,"Subpopulation_1"
"NGS_Nanog_WT_Rep3","Read_1608",0.455767190743479,"Subpopulation_1"
"NGS_Nanog_WT_Rep3","Read_1609",0.453571413817596,"Subpopulation_1"
"NGS_Nanog_WT_Rep3","Read_1610",0.457099658581587,"Subpopulation_1"
"NGS_Nanog_WT_Rep3","Read_1611",0.465325494106093,"Subpopulation_1"
"NGS_Nanog_WT_Rep3","Read_1612",0.447459319235285,"Subpopulation_1"
"NGS_Nanog_WT_Rep3","Read_1613",0.449472943774813,"Subpopulation_1"
"NGS_Nanog_WT_Rep3","Read_1614",0.457942077384745,"Subpopulation_1"
"NGS_Nanog_WT_Rep3","Read_1615",0.461574777016191,"Subpopulation_1"
"NGS_Nanog_WT_Rep3","Read_1616",0.456654226080863,"Subpopulation_1"
"NGS_Nanog_WT_Rep3","Read_1617",0.461990247071323,"Subpopulation_1"
"NGS_Nanog_WT_Rep3","Read_1618",0.465845315066671,"Subpopulation_1"
"NGS_Nanog_WT_Rep3","Read_1619",0.456979414902577,"Subpopulation_1"
"NGS_Nanog_WT_Rep3","Read_1620",0.44410037153586,"Subpopulation_1"
"NGS_Nanog_WT_Rep3","Read_1621",0.458013810965299,"Subpopulation_1"
"NGS_Nanog_WT_Rep3","Read_1622",0.448209851600574,"Subpopulation_1"
"NGS_Nanog_WT_Rep3","Read_1623",0.458198497873303,"Subpopulation_1"
"NGS_Nanog_WT_Rep3","Read_1624",0.460485722020921,"Subpopulation_1"
"NGS_Nanog_WT_Rep3","Read_1625",0.452460226614848,"Subpopulation_1"
"NGS_Nanog_WT_Rep3","Read_1626",0.443806928636855,"Subpopulation_1"
"NGS_Nanog_WT_Rep3","Read_1627",0.457484095865162,"Subpopulation_1"
"NGS_Nanog_WT_Rep3","Read_1628",0.453038817349173,"Subpopulation_1"
"NGS_Nanog_WT_Rep3","Read_1629",0.455247259161097,"Subpopulation_1"
"NGS_Nanog_WT_Rep3","Read_1630",0.461133061524976,"Subpopulation_1"
"NGS_Nanog_WT_Rep3","Read_1631",0.449662908465778,"Subpopulation_1"
"NGS_Nanog_WT_Rep3","Read_1632",0.455365823896607,"Subpopulation_1"
"NGS_Nanog_WT_Rep3","Read_1633",0.458559872006786,"Subpopulation_1"
"NGS_Nanog_WT_Rep3","Read_1634",0.453871291740155,"Subpopulation_1"
"NGS_Nanog_WT_Rep3","Read_1635",0.463089375969151,"Subpopulation_1"
"NGS_Nanog_WT_Rep3","Read_1636",0.452615138385076,"Subpopulation_1"
"NGS_Nanog_WT_Rep3","Read_1637",0.455516575398109,"Subpopulation_1"
"NGS_Nanog_WT_Rep3","Read_1638",0.456090322871983,"Subpopulation_1"
"NGS_Nanog_WT_Rep3","Read_1639",0.457296940899343,"Subpopulation_1"
"NGS_Nanog_WT_Rep3","Read_1640",0.450199021780917,"Subpopulation_1"
"NGS_Nanog_WT_Rep3","Read_1641",0.453203632547269,"Subpopulation_1"
"NGS_Nanog_WT_Rep3","Read_1642",0.451232668119397,"Subpopulation_1"
"NGS_Nanog_WT_Rep3","Read_1643",0.464372530618711,"Subpopulation_1"
"NGS_Nanog_WT_Rep3","Read_1644",0.464994492825409,"Subpopulation_1"
"NGS_Nanog_WT_Rep3","Read_1645",0.457163224201783,"Subpopulation_1"
"NGS_Nanog_WT_Rep3","Read_1646",0.450561852103993,"Subpopulation_1"
"NGS_Nanog_WT_Rep3","Read_1647",0.454702245554167,"Subpopulation_1"
"NGS_Nanog_WT_Rep3","Read_1648",0.452487754380064,"Subpopulation_1"
"NGS_Nanog_WT_Rep3","Read_1649",0.459333771876164,"Subpopulation_1"
"NGS_Nanog_WT_Rep3","Read_1650",0.455237443369384,"Subpopulation_1"
"NGS_Nanog_WT_Rep3","Read_1651",0.453601838525396,"Subpopulation_1"
"NGS_Nanog_WT_Rep3","Read_1652",0.455597974610657,"Subpopulation_1"
"NGS_Nanog_WT_Rep3","Read_1653",0.462091086871596,"Subpopulation_1"
"NGS_Nanog_WT_Rep3","Read_1654",0.451283550077547,"Subpopulation_1"
"NGS_Nanog_WT_Rep3","Read_1655",0.447433165105269,"Subpopulation_1"
"NGS_Nanog_WT_Rep3","Read_1656",0.449709471808367,"Subpopulation_1"
"NGS_Nanog_WT_Rep3","Read_1657",0.455633610293193,"Subpopulation_1"
"NGS_Nanog_WT_Rep3","Read_1658",0.45410419663077,"Subpopulation_1"
"NGS_Nanog_WT_Rep3","Read_1659",0.465736905090236,"Subpopulation_1"
"NGS_Nanog_WT_Rep3","Read_1660",0.442554808856485,"Subpopulation_1"
"NGS_Nanog_WT_Rep3","Read_1661",0.458624581813867,"Subpopulation_1"
"NGS_Nanog_WT_Rep3","Read_1662",0.464136021141849,"Subpopulation_1"
"NGS_Nanog_WT_Rep3","Read_1663",0.457302302873738,"Subpopulation_1"
"NGS_Nanog_WT_Rep3","Read_1664",0.451599964120473,"Subpopulation_1"
"NGS_Nanog_WT_Rep3","Read_1665",0.445840961450596,"Subpopulation_1"
"NGS_Nanog_WT_Rep3","Read_1666",0.46075021712257,"Subpopulation_1"
"NGS_Nanog_WT_Rep3","Read_1667",0.454085479263358,"Subpopulation_1"
"NGS_Nanog_WT_Rep3","Read_1668",0.44842327845136,"Subpopulation_1"
"NGS_Nanog_WT_Rep3","Read_1669",0.449619099745866,"Subpopulation_1"
"NGS_Nanog_WT_Rep3","Read_1670",0.460414046887237,"Subpopulation_1"
"NGS_Nanog_WT_Rep3","Read_1671",0.450018485981735,"Subpopulation_1"
"NGS_Nanog_WT_Rep3","Read_1672",0.453732021345785,"Subpopulation_1"
"NGS_Nanog_WT_Rep3","Read_1673",0.45359783854037,"Subpopulation_1"
"NGS_Nanog_WT_Rep3","Read_1674",0.456694713032958,"Subpopulation_1"
"NGS_Nanog_WT_Rep3","Read_1675",0.452602941835616,"Subpopulation_1"
"NGS_Nanog_WT_Rep3","Read_1676",0.45468575972327,"Subpopulation_1"
"NGS_Nanog_WT_Rep3","Read_1677",0.45303729279569,"Subpopulation_1"
"NGS_Nanog_WT_Rep3","Read_1678",0.463781262595478,"Subpopulation_1"
"NGS_Nanog_WT_Rep3","Read_1679",0.455932785750011,"Subpopulation_1"
"NGS_Nanog_WT_Rep3","Read_1680",0.456860130770756,"Subpopulation_1"
"NGS_Nanog_WT_Rep3","Read_1681",0.456497338142982,"Subpopulation_1"
"NGS_Nanog_WT_Rep3","Read_1682",0.454877503482153,"Subpopulation_1"
"NGS_Nanog_WT_Rep3","Read_1683",0.453067918046158,"Subpopulation_1"
"NGS_Nanog_WT_Rep3","Read_1684",0.462501044740703,"Subpopulation_1"
"NGS_Nanog_WT_Rep3","Read_1685",0.455645264912303,"Subpopulation_1"
"NGS_Nanog_WT_Rep3","Read_1686",0.456878842936278,"Subpopulation_1"
"NGS_Nanog_WT_Rep3","Read_1687",0.457807550560507,"Subpopulation_1"
"NGS_Nanog_WT_Rep3","Read_1688",0.453551722053681,"Subpopulation_1"
"NGS_Nanog_WT_Rep3","Read_1689",0.462187634080372,"Subpopulation_1"
"NGS_Nanog_WT_Rep3","Read_1690",0.456921654196097,"Subpopulation_1"
"NGS_Nanog_WT_Rep3","Read_1691",0.454345284392927,"Subpopulation_1"
"NGS_Nanog_WT_Rep3","Read_1692",0.45892588362839,"Subpopulation_1"
"NGS_Nanog_WT_Rep3","Read_1693",0.461735432047319,"Subpopulation_1"
"NGS_Nanog_WT_Rep3","Read_1694",0.455199439700394,"Subpopulation_1"
"NGS_Nanog_WT_Rep3","Read_1695",0.454793394735703,"Subpopulation_1"
"NGS_Nanog_WT_Rep3","Read_1696",0.459145684963722,"Subpopulation_1"
"NGS_Nanog_WT_Rep3","Read_1697",0.444908610436617,"Subpopulation_1"
"NGS_Nanog_WT_Rep3","Read_1698",0.456798924339198,"Subpopulation_1"
"NGS_Nanog_WT_Rep3","Read_1699",0.452983751360338,"Subpopulation_1"
"NGS_Nanog_WT_Rep3","Read_1700",0.459743263514611,"Subpopulation_1"
"NGS_Nanog_WT_Rep3","Read_1701",0.453083258926148,"Subpopulation_1"
"NGS_Nanog_WT_Rep3","Read_1702",0.453851802972057,"Subpopulation_1"
"NGS_Nanog_WT_Rep3","Read_1703",0.457710267787034,"Subpopulation_1"
"NGS_Nanog_WT_Rep3","Read_1704",0.454841198988226,"Subpopulation_1"
"NGS_Nanog_WT_Rep3","Read_1705",0.452461578252244,"Subpopulation_1"
"NGS_Nanog_WT_Rep3","Read_1706",0.453342691187564,"Subpopulation_1"
"NGS_Nanog_WT_Rep3","Read_1707",0.450508462705712,"Subpopulation_1"
"NGS_Nanog_WT_Rep3","Read_1708",0.456271875928794,"Subpopulation_1"
"NGS_Nanog_WT_Rep3","Read_1709",0.465630343004531,"Subpopulation_1"
"NGS_Nanog_WT_Rep3","Read_1710",0.457309063240914,"Subpopulation_1"
"NGS_Nanog_WT_Rep3","Read_1711",0.446719605689046,"Subpopulation_1"
"NGS_Nanog_WT_Rep3","Read_1712",0.459098638346082,"Subpopulation_1"
"NGS_Nanog_WT_Rep3","Read_1713",0.446659389920351,"Subpopulation_1"
"NGS_Nanog_WT_Rep3","Read_1714",0.453806856930468,"Subpopulation_1"
"NGS_Nanog_WT_Rep3","Read_1715",0.451270494601972,"Subpopulation_1"
"NGS_Nanog_WT_Rep3","Read_1716",0.455895410529083,"Subpopulation_1"
"NGS_Nanog_WT_Rep3","Read_1717",0.447647827118936,"Subpopulation_1"
"NGS_Nanog_WT_Rep3","Read_1718",0.455215044459225,"Subpopulation_1"
"NGS_Nanog_WT_Rep3","Read_1719",0.454230267272189,"Subpopulation_1"
"NGS_Nanog_WT_Rep3","Read_1720",0.45575716398586,"Subpopulation_1"
"NGS_Nanog_WT_Rep3","Read_1721",0.458498403588793,"Subpopulation_1"
"NGS_Nanog_WT_Rep3","Read_1722",0.451140018618709,"Subpopulation_1"
"NGS_Nanog_WT_Rep3","Read_1723",0.45282431609873,"Subpopulation_1"
"NGS_Nanog_WT_Rep3","Read_1724",0.462609504180107,"Subpopulation_1"
"NGS_Nanog_WT_Rep3","Read_1725",0.453024961776553,"Subpopulation_1"
"NGS_Nanog_WT_Rep3","Read_1726",0.452848799260836,"Subpopulation_1"
"NGS_Nanog_WT_Rep3","Read_1727",0.459874117551838,"Subpopulation_1"
"NGS_Nanog_WT_Rep3","Read_1728",0.459122618882806,"Subpopulation_1"
"NGS_Nanog_WT_Rep3","Read_1729",0.460305147788821,"Subpopulation_1"
"NGS_Nanog_WT_Rep3","Read_1730",0.458671976420103,"Subpopulation_1"
"NGS_Nanog_WT_Rep3","Read_1731",0.452804768454838,"Subpopulation_1"
"NGS_Nanog_WT_Rep3","Read_1732",0.439940284942119,"Subpopulation_1"
"NGS_Nanog_WT_Rep3","Read_1733",0.45573555617048,"Subpopulation_1"
"NGS_Nanog_WT_Rep3","Read_1734",0.451487755816389,"Subpopulation_1"
"NGS_Nanog_WT_Rep3","Read_1735",0.465451170078932,"Subpopulation_1"
"NGS_Nanog_WT_Rep3","Read_1736",0.451746553241439,"Subpopulation_1"
"NGS_Nanog_WT_Rep3","Read_1737",0.450888379576587,"Subpopulation_1"
"NGS_Nanog_WT_Rep3","Read_1738",0.456655306535595,"Subpopulation_1"
"NGS_Nanog_WT_Rep3","Read_1739",0.454717328966619,"Subpopulation_1"
"NGS_Nanog_WT_Rep3","Read_1740",0.459837360401026,"Subpopulation_1"
"NGS_Nanog_WT_Rep3","Read_1741",0.460293400429615,"Subpopulation_1"
"NGS_Nanog_WT_Rep3","Read_1742",0.449286062004008,"Subpopulation_1"
"NGS_Nanog_WT_Rep3","Read_1743",0.454885672834787,"Subpopulation_1"
"NGS_Nanog_WT_Rep3","Read_1744",0.458736042853181,"Subpopulation_1"
"NGS_Nanog_WT_Rep3","Read_1745",0.451540110454824,"Subpopulation_1"
"NGS_Nanog_WT_Rep3","Read_1746",0.454712101350602,"Subpopulation_1"
"NGS_Nanog_WT_Rep3","Read_1747",0.454452984322399,"Subpopulation_1"
"NGS_Nanog_WT_Rep3","Read_1748",0.459319922576569,"Subpopulation_1"
"NGS_Nanog_WT_Rep3","Read_1749",0.45941819215071,"Subpopulation_1"
"NGS_Nanog_WT_Rep3","Read_1750",0.453230456222606,"Subpopulation_1"
"NGS_Nanog_WT_Rep3","Read_1751",0.452051590684851,"Subpopulation_1"
"NGS_Nanog_WT_Rep3","Read_1752",0.455694219035228,"Subpopulation_1"
"NGS_Nanog_WT_Rep3","Read_1753",0.457125155372107,"Subpopulation_1"
"NGS_Nanog_WT_Rep3","Read_1754",0.456279498231937,"Subpopulation_1"
"NGS_Nanog_WT_Rep3","Read_1755",0.462436268378732,"Subpopulation_1"
"NGS_Nanog_WT_Rep3","Read_1756",0.460792489753234,"Subpopulation_1"
"NGS_Nanog_WT_Rep3","Read_1757",0.455748995137949,"Subpopulation_1"
"NGS_Nanog_WT_Rep3","Read_1758",0.459889020550029,"Subpopulation_1"
"NGS_Nanog_WT_Rep3","Read_1759",0.444060935766384,"Subpopulation_1"
"NGS_Nanog_WT_Rep3","Read_1760",0.462668858179299,"Subpopulation_1"
"NGS_Nanog_WT_Rep3","Read_1761",0.458538754423626,"Subpopulation_1"
"NGS_Nanog_WT_Rep3","Read_1762",0.456734552749527,"Subpopulation_1"
"NGS_Nanog_WT_Rep3","Read_1763",0.450044968095723,"Subpopulation_1"
"NGS_Nanog_WT_Rep3","Read_1764",0.465301385433341,"Subpopulation_1"
"NGS_Nanog_WT_Rep3","Read_1765",0.433308267682522,"Subpopulation_1"
"NGS_Nanog_WT_Rep3","Read_1766",0.44992725942164,"Subpopulation_1"
"NGS_Nanog_WT_Rep3","Read_1767",0.455594069912278,"Subpopulation_1"
"NGS_Nanog_WT_Rep3","Read_1768",0.459911858072538,"Subpopulation_1"
"NGS_Nanog_WT_Rep3","Read_1769",0.449181176127099,"Subpopulation_1"
"NGS_Nanog_WT_Rep3","Read_1770",0.457019401644139,"Subpopulation_1"
"NGS_Nanog_WT_Rep3","Read_1771",0.455017864793402,"Subpopulation_1"
"NGS_Nanog_WT_Rep3","Read_1772",0.452083883315055,"Subpopulation_1"
"NGS_Nanog_WT_Rep3","Read_1773",0.450736094850072,"Subpopulation_1"
"NGS_Nanog_WT_Rep3","Read_1774",0.452169276963322,"Subpopulation_1"
"NGS_Nanog_WT_Rep3","Read_1775",0.454145586201325,"Subpopulation_1"
"NGS_Nanog_WT_Rep3","Read_1776",0.452236212662786,"Subpopulation_1"
"NGS_Nanog_WT_Rep3","Read_1777",0.459068818950357,"Subpopulation_1"
"NGS_Nanog_WT_Rep3","Read_1778",0.452517577294824,"Subpopulation_1"
"NGS_Nanog_WT_Rep3","Read_1779",0.460040067847642,"Subpopulation_1"
"NGS_Nanog_WT_Rep3","Read_1780",0.456420865938,"Subpopulation_1"
"NGS_Nanog_WT_Rep3","Read_1781",0.462446152749846,"Subpopulation_1"
"NGS_Nanog_WT_Rep3","Read_1782",0.460665311889239,"Subpopulation_1"
"NGS_Nanog_WT_Rep3","Read_1783",0.451758650451128,"Subpopulation_1"
"NGS_Nanog_WT_Rep3","Read_1784",0.461295700581416,"Subpopulation_1"
"NGS_Nanog_WT_Rep3","Read_1785",0.443340219517865,"Subpopulation_1"
"NGS_Nanog_WT_Rep3","Read_1786",0.450548125218044,"Subpopulation_1"
"NGS_Nanog_WT_Rep3","Read_1787",0.461019550750922,"Subpopulation_1"
"NGS_Nanog_WT_Rep3","Read_1788",0.464935300866715,"Subpopulation_1"
"NGS_Nanog_WT_Rep3","Read_1789",0.46321482598117,"Subpopulation_1"
"NGS_Nanog_WT_Rep3","Read_1790",0.452568039022832,"Subpopulation_1"
"NGS_Nanog_WT_Rep3","Read_1791",0.448951420235434,"Subpopulation_1"
"NGS_Nanog_WT_Rep3","Read_1792",0.459886856864405,"Subpopulation_1"
"NGS_Nanog_WT_Rep3","Read_1793",0.453422250113019,"Subpopulation_1"
"NGS_Nanog_WT_Rep3","Read_1794",0.465472180493522,"Subpopulation_1"
"NGS_Nanog_WT_Rep3","Read_1795",0.451730790681682,"Subpopulation_1"
"NGS_Nanog_WT_Rep3","Read_1796",0.469532247737442,"Subpopulation_1"
"NGS_Nanog_WT_Rep3","Read_1797",0.451508042348042,"Subpopulation_1"
"NGS_Nanog_WT_Rep3","Read_1798",0.450939126588956,"Subpopulation_1"
"NGS_Nanog_WT_Rep3","Read_1799",0.456413965094723,"Subpopulation_1"
"NGS_Nanog_WT_Rep3","Read_1800",0.463417070324352,"Subpopulation_1"
"NGS_Nanog_WT_Rep3","Read_1801",0.447869247630954,"Subpopulation_1"
"NGS_Nanog_WT_Rep3","Read_1802",0.451461732672389,"Subpopulation_1"
"NGS_Nanog_WT_Rep3","Read_1803",0.456053086771518,"Subpopulation_1"
"NGS_Nanog_WT_Rep3","Read_1804",0.455278656806161,"Subpopulation_1"
"NGS_Nanog_WT_Rep3","Read_1805",0.449687430034768,"Subpopulation_1"
"NGS_Nanog_WT_Rep3","Read_1806",0.4571071709913,"Subpopulation_1"
"NGS_Nanog_WT_Rep3","Read_1807",0.45246927193875,"Subpopulation_1"
"NGS_Nanog_WT_Rep3","Read_1808",0.456446485550491,"Subpopulation_1"
"NGS_Nanog_WT_Rep3","Read_1809",0.444868840238881,"Subpopulation_1"
"NGS_Nanog_WT_Rep3","Read_1810",0.45313880583729,"Subpopulation_1"
"NGS_Nanog_WT_Rep3","Read_1811",0.451504138368225,"Subpopulation_1"
"NGS_Nanog_WT_Rep3","Read_1812",0.458045077422074,"Subpopulation_1"
"NGS_Nanog_WT_Rep3","Read_1813",0.450011434829947,"Subpopulation_1"
"NGS_Nanog_WT_Rep3","Read_1814",0.446996086843652,"Subpopulation_1"
"NGS_Nanog_WT_Rep3","Read_1815",0.457993849158405,"Subpopulation_1"
"NGS_Nanog_WT_Rep3","Read_1816",0.452386581451062,"Subpopulation_1"
"NGS_Nanog_WT_Rep3","Read_1817",0.461626772218289,"Subpopulation_1"
"NGS_Nanog_WT_Rep3","Read_1818",0.448246772264286,"Subpopulation_1"
"NGS_Nanog_WT_Rep3","Read_1819",0.449316163345954,"Subpopulation_1"
"NGS_Nanog_WT_Rep3","Read_1820",0.466253954201006,"Subpopulation_1"
"NGS_Nanog_WT_Rep3","Read_1821",0.462034147962411,"Subpopulation_1"
"NGS_Nanog_WT_Rep3","Read_1822",0.465368450620112,"Subpopulation_1"
"NGS_Nanog_WT_Rep3","Read_1823",0.458698698356902,"Subpopulation_1"
"NGS_Nanog_WT_Rep3","Read_1824",0.459637284662483,"Subpopulation_1"
"NGS_Nanog_WT_Rep3","Read_1825",0.454724419112428,"Subpopulation_1"
"NGS_Nanog_WT_Rep3","Read_1826",0.463211531023693,"Subpopulation_1"
"NGS_Nanog_WT_Rep3","Read_1827",0.46553322532026,"Subpopulation_1"
"NGS_Nanog_WT_Rep3","Read_1828",0.451578167949099,"Subpopulation_1"
"NGS_Nanog_WT_Rep3","Read_1829",0.461633022944445,"Subpopulation_1"
"NGS_Nanog_WT_Rep3","Read_1830",0.447593707406159,"Subpopulation_1"
"NGS_Nanog_WT_Rep3","Read_1831",0.455442689538115,"Subpopulation_1"
"NGS_Nanog_WT_Rep3","Read_1832",0.455896488292315,"Subpopulation_1"
"NGS_Nanog_WT_Rep3","Read_1833",0.455190758774918,"Subpopulation_1"
"NGS_Nanog_WT_Rep3","Read_1834",0.452864829055031,"Subpopulation_1"
"NGS_Nanog_WT_Rep3","Read_1835",0.464859353641737,"Subpopulation_1"
"NGS_Nanog_WT_Rep3","Read_1836",0.464983253399352,"Subpopulation_1"
"NGS_Nanog_WT_Rep3","Read_1837",0.451365633419748,"Subpopulation_1"
"NGS_Nanog_WT_Rep3","Read_1838",0.45644728110157,"Subpopulation_1"
"NGS_Nanog_WT_Rep3","Read_1839",0.455218874195947,"Subpopulation_1"
"NGS_Nanog_WT_Rep3","Read_1840",0.45508055876575,"Subpopulation_1"
"NGS_Nanog_WT_Rep3","Read_1841",0.446611579842779,"Subpopulation_1"
"NGS_Nanog_WT_Rep3","Read_1842",0.455454843851852,"Subpopulation_1"
"NGS_Nanog_WT_Rep3","Read_1843",0.451205675057938,"Subpopulation_1"
"NGS_Nanog_WT_Rep3","Read_1844",0.458032411657047,"Subpopulation_1"
"NGS_Nanog_WT_Rep3","Read_1845",0.447305340153009,"Subpopulation_1"
"NGS_Nanog_WT_Rep3","Read_1846",0.457125965584488,"Subpopulation_1"
"NGS_Nanog_WT_Rep3","Read_1847",0.451172955215462,"Subpopulation_1"
"NGS_Nanog_WT_Rep3","Read_1848",0.451480239263152,"Subpopulation_1"
"NGS_Nanog_WT_Rep3","Read_1849",0.470237145881089,"Subpopulation_1"
"NGS_Nanog_WT_Rep3","Read_1850",0.450387531060641,"Subpopulation_1"
"NGS_Nanog_WT_Rep3","Read_1851",0.452761986568493,"Subpopulation_1"
"NGS_Nanog_WT_Rep3","Read_1852",0.457333840268127,"Subpopulation_1"
"NGS_Nanog_WT_Rep3","Read_1853",0.451317229415019,"Subpopulation_1"
"NGS_Nanog_WT_Rep3","Read_1854",0.450598656796714,"Subpopulation_1"
"NGS_Nanog_WT_Rep3","Read_1855",0.457358677925832,"Subpopulation_1"
"NGS_Nanog_WT_Rep3","Read_1856",0.459169260087382,"Subpopulation_1"
"NGS_Nanog_WT_Rep3","Read_1857",0.453805477615904,"Subpopulation_1"
"NGS_Nanog_WT_Rep3","Read_1858",0.472345568986635,"Subpopulation_1"
"NGS_Nanog_WT_Rep3","Read_1859",0.456396977914654,"Subpopulation_1"
"NGS_Nanog_WT_Rep3","Read_1860",0.456305960718202,"Subpopulation_1"
"NGS_Nanog_WT_Rep3","Read_1861",0.451104732626827,"Subpopulation_1"
"NGS_Nanog_WT_Rep3","Read_1862",0.455418580446005,"Subpopulation_1"
"NGS_Nanog_WT_Rep3","Read_1863",0.443786933016645,"Subpopulation_1"
"NGS_Nanog_WT_Rep3","Read_1864",0.456182956557666,"Subpopulation_1"
"NGS_Nanog_WT_Rep3","Read_1865",0.459531091100986,"Subpopulation_1"
"NGS_Nanog_WT_Rep3","Read_1866",0.462280480598223,"Subpopulation_1"
"NGS_Nanog_WT_Rep3","Read_1867",0.460092253840511,"Subpopulation_1"
"NGS_Nanog_WT_Rep3","Read_1868",0.463933963967965,"Subpopulation_1"
"NGS_Nanog_WT_Rep3","Read_1869",0.458591005927999,"Subpopulation_1"
"NGS_Nanog_WT_Rep3","Read_1870",0.455235023199402,"Subpopulation_1"
"NGS_Nanog_WT_Rep3","Read_1871",0.460548647295438,"Subpopulation_1"
"NGS_Nanog_WT_Rep3","Read_1872",0.451415288332799,"Subpopulation_1"
"NGS_Nanog_WT_Rep3","Read_1873",0.453796083155307,"Subpopulation_1"
"NGS_Nanog_WT_Rep3","Read_1874",0.458433184717423,"Subpopulation_1"
"NGS_Nanog_WT_Rep3","Read_1875",0.460891862253561,"Subpopulation_1"
"NGS_Nanog_WT_Rep3","Read_1876",0.463074036765391,"Subpopulation_1"
"NGS_Nanog_WT_Rep3","Read_1877",0.457565889228422,"Subpopulation_1"
"NGS_Nanog_WT_Rep3","Read_1878",0.451776444635191,"Subpopulation_1"
"NGS_Nanog_WT_Rep3","Read_1879",0.453327990170224,"Subpopulation_1"
"NGS_Nanog_WT_Rep3","Read_1880",0.454728767679458,"Subpopulation_1"
"NGS_Nanog_WT_Rep3","Read_1881",0.46553488587173,"Subpopulation_1"
"NGS_Nanog_WT_Rep3","Read_1882",0.459819233972008,"Subpopulation_1"
"NGS_Nanog_WT_Rep3","Read_1883",0.44571741959404,"Subpopulation_1"
"NGS_Nanog_WT_Rep3","Read_1884",0.452120804150673,"Subpopulation_1"
"NGS_Nanog_WT_Rep3","Read_1885",0.460619607956504,"Subpopulation_1"
"NGS_Nanog_WT_Rep3","Read_1886",0.444002424331802,"Subpopulation_1"
"NGS_Nanog_WT_Rep3","Read_1887",0.458865898108277,"Subpopulation_1"
"NGS_Nanog_WT_Rep3","Read_1888",0.459803190813333,"Subpopulation_1"
"NGS_Nanog_WT_Rep3","Read_1889",0.451313156125315,"Subpopulation_1"
"NGS_Nanog_WT_Rep3","Read_1890",0.459289387867894,"Subpopulation_1"
"NGS_Nanog_WT_Rep3","Read_1891",0.461136640481185,"Subpopulation_1"
"NGS_Nanog_WT_Rep3","Read_1892",0.454900030070812,"Subpopulation_1"
"NGS_Nanog_WT_Rep3","Read_1893",0.457425955747134,"Subpopulation_1"
"NGS_Nanog_WT_Rep3","Read_1894",0.45573078393389,"Subpopulation_1"
"NGS_Nanog_WT_Rep3","Read_1895",0.44617684295445,"Subpopulation_1"
"NGS_Nanog_WT_Rep3","Read_1896",0.446725140360573,"Subpopulation_1"
"NGS_Nanog_WT_Rep3","Read_1897",0.453792854199837,"Subpopulation_1"
"NGS_Nanog_WT_Rep3","Read_1898",0.452049396995597,"Subpopulation_1"
"NGS_Nanog_WT_Rep3","Read_1899",0.459721613285986,"Subpopulation_1"
"NGS_Nanog_WT_Rep3","Read_1900",0.450461118858028,"Subpopulation_1"
"NGS_Nanog_WT_Rep3","Read_1901",0.450374336814962,"Subpopulation_1"
"NGS_Nanog_WT_Rep3","Read_1902",0.45428081481675,"Subpopulation_1"
"NGS_Nanog_WT_Rep3","Read_1903",0.450372456074096,"Subpopulation_1"
"NGS_Nanog_WT_Rep3","Read_1904",0.45645763237692,"Subpopulation_1"
"NGS_Nanog_WT_Rep3","Read_1905",0.450311511210126,"Subpopulation_1"
"NGS_Nanog_WT_Rep3","Read_1906",0.451681174163456,"Subpopulation_1"
"NGS_Nanog_WT_Rep3","Read_1907",0.452341429110667,"Subpopulation_1"
"NGS_Nanog_WT_Rep3","Read_1908",0.452226585852618,"Subpopulation_1"
"NGS_Nanog_WT_Rep3","Read_1909",0.45930118550386,"Subpopulation_1"
"NGS_Nanog_WT_Rep3","Read_1910",0.46030974033453,"Subpopulation_1"
"NGS_Nanog_WT_Rep3","Read_1911",0.467188930461138,"Subpopulation_1"
"NGS_Nanog_WT_Rep3","Read_1912",0.456031474276046,"Subpopulation_1"
"NGS_Nanog_WT_Rep3","Read_1913",0.448370094463583,"Subpopulation_1"
"NGS_Nanog_WT_Rep3","Read_1914",0.455973286992324,"Subpopulation_1"
"NGS_Nanog_WT_Rep3","Read_1915",0.451695629235341,"Subpopulation_1"
"NGS_Nanog_WT_Rep3","Read_1916",0.459100781148653,"Subpopulation_1"
"NGS_Nanog_WT_Rep3","Read_1917",0.453181697194333,"Subpopulation_1"
"NGS_Nanog_WT_Rep3","Read_1918",0.454970031970085,"Subpopulation_1"
"NGS_Nanog_WT_Rep3","Read_1919",0.444370607071149,"Subpopulation_1"
"NGS_Nanog_WT_Rep3","Read_1920",0.463835512376,"Subpopulation_1"
"NGS_Nanog_WT_Rep3","Read_1921",0.461350899775255,"Subpopulation_1"
"NGS_Nanog_WT_Rep3","Read_1922",0.465066483260425,"Subpopulation_1"
"NGS_Nanog_WT_Rep3","Read_1923",0.458847277101896,"Subpopulation_1"
"NGS_Nanog_WT_Rep3","Read_1924",0.457283569517201,"Subpopulation_1"
"NGS_Nanog_WT_Rep3","Read_1925",0.465757708729419,"Subpopulation_1"
"NGS_Nanog_WT_Rep3","Read_1926",0.45770603385959,"Subpopulation_1"
"NGS_Nanog_WT_Rep3","Read_1927",0.440611726984081,"Subpopulation_1"
"NGS_Nanog_WT_Rep3","Read_1928",0.454943315303746,"Subpopulation_1"
"NGS_Nanog_WT_Rep3","Read_1929",0.461147884957764,"Subpopulation_1"
"NGS_Nanog_WT_Rep3","Read_1930",0.453941930205419,"Subpopulation_1"
"NGS_Nanog_WT_Rep3","Read_1931",0.4565701256885,"Subpopulation_1"
"NGS_Nanog_WT_Rep3","Read_1932",0.45809757419277,"Subpopulation_1"
"NGS_Nanog_WT_Rep3","Read_1933",0.473808704665055,"Subpopulation_1"
"NGS_Nanog_WT_Rep3","Read_1934",0.460683629274758,"Subpopulation_1"
"NGS_Nanog_WT_Rep3","Read_1935",0.447847488284298,"Subpopulation_1"
"NGS_Nanog_WT_Rep3","Read_1936",0.461010291082895,"Subpopulation_1"
"NGS_Nanog_WT_Rep3","Read_1937",0.454617075597611,"Subpopulation_1"
"NGS_Nanog_WT_Rep3","Read_1938",0.45943424655534,"Subpopulation_1"
"NGS_Nanog_WT_Rep3","Read_1939",0.456544303061068,"Subpopulation_1"
"NGS_Nanog_WT_Rep3","Read_1940",0.464141885487518,"Subpopulation_1"
"NGS_Nanog_WT_Rep3","Read_1941",0.452493438562514,"Subpopulation_1"
"NGS_Nanog_WT_Rep3","Read_1942",0.456007404519621,"Subpopulation_1"
"NGS_Nanog_WT_Rep3","Read_1943",0.455850703876271,"Subpopulation_1"
"NGS_Nanog_WT_Rep3","Read_1944",0.466434515593838,"Subpopulation_1"
"NGS_Nanog_WT_Rep3","Read_1945",0.461051552740829,"Subpopulation_1"
"NGS_Nanog_WT_Rep3","Read_1946",0.455970598175016,"Subpopulation_1"
"NGS_Nanog_WT_Rep3","Read_1947",0.458519821004374,"Subpopulation_1"
"NGS_Nanog_WT_Rep3","Read_1948",0.453278457724644,"Subpopulation_1"
"NGS_Nanog_WT_Rep3","Read_1949",0.461595516013461,"Subpopulation_1"
"NGS_Nanog_WT_Rep3","Read_1950",0.436836182002533,"Subpopulation_1"
"NGS_Nanog_WT_Rep3","Read_1951",0.452339269914223,"Subpopulation_1"
"NGS_Nanog_WT_Rep3","Read_1952",0.455180745274962,"Subpopulation_1"
"NGS_Nanog_WT_Rep3","Read_1953",0.466618378838649,"Subpopulation_1"
"NGS_Nanog_WT_Rep3","Read_1954",0.465511695115126,"Subpopulation_1"
"NGS_Nanog_WT_Rep3","Read_1955",0.447900462879319,"Subpopulation_1"
"NGS_Nanog_WT_Rep3","Read_1956",0.453033847280365,"Subpopulation_1"
"NGS_Nanog_WT_Rep3","Read_1957",0.462606940898103,"Subpopulation_1"
"NGS_Nanog_WT_Rep3","Read_1958",0.440966699287505,"Subpopulation_1"
"NGS_Nanog_WT_Rep3","Read_1959",0.459892785750574,"Subpopulation_1"
"NGS_Nanog_WT_Rep3","Read_1960",0.451656386735598,"Subpopulation_1"
"NGS_Nanog_WT_Rep3","Read_1961",0.455435493026325,"Subpopulation_1"
"NGS_Nanog_WT_Rep3","Read_1962",0.467039517636345,"Subpopulation_1"
"NGS_Nanog_WT_Rep3","Read_1963",0.446237636862889,"Subpopulation_1"
"NGS_Nanog_WT_Rep3","Read_1964",0.453145393107375,"Subpopulation_1"
"NGS_Nanog_WT_Rep3","Read_1965",0.451469427673534,"Subpopulation_1"
"NGS_Nanog_WT_Rep3","Read_1966",0.45744824964512,"Subpopulation_1"
"NGS_Nanog_WT_Rep3","Read_1967",0.456980827975924,"Subpopulation_1"
"NGS_Nanog_WT_Rep3","Read_1968",0.454920546490197,"Subpopulation_1"
"NGS_Nanog_WT_Rep3","Read_1969",0.456270149039101,"Subpopulation_1"
"NGS_Nanog_WT_Rep3","Read_1970",0.454724624596751,"Subpopulation_1"
"NGS_Nanog_WT_Rep3","Read_1971",0.454132774344648,"Subpopulation_1"
"NGS_Nanog_WT_Rep3","Read_1972",0.457696206265765,"Subpopulation_1"
"NGS_Nanog_WT_Rep3","Read_1973",0.462193139537111,"Subpopulation_1"
"NGS_Nanog_WT_Rep3","Read_1974",0.457518619918494,"Subpopulation_1"
"NGS_Nanog_WT_Rep3","Read_1975",0.464388711207681,"Subpopulation_1"
"NGS_Nanog_WT_Rep3","Read_1976",0.454685342596192,"Subpopulation_1"
"NGS_Nanog_WT_Rep3","Read_1977",0.463864511807583,"Subpopulation_1"
"NGS_Nanog_WT_Rep3","Read_1978",0.454633864602732,"Subpopulation_1"
"NGS_Nanog_WT_Rep3","Read_1979",0.456377351626456,"Subpopulation_1"
"NGS_Nanog_WT_Rep3","Read_1980",0.448726663844249,"Subpopulation_1"
"NGS_Nanog_WT_Rep3","Read_1981",0.450687762722316,"Subpopulation_1"
"NGS_Nanog_WT_Rep3","Read_1982",0.459056292638849,"Subpopulation_1"
"NGS_Nanog_WT_Rep3","Read_1983",0.463431252542999,"Subpopulation_1"
"NGS_Nanog_WT_Rep3","Read_1984",0.461218261758897,"Subpopulation_1"
"NGS_Nanog_WT_Rep3","Read_1985",0.458392808398744,"Subpopulation_1"
"NGS_Nanog_WT_Rep3","Read_1986",0.47109861064683,"Subpopulation_1"
"NGS_Nanog_WT_Rep3","Read_1987",0.455641538037416,"Subpopulation_1"
"NGS_Nanog_WT_Rep3","Read_1988",0.443592399076904,"Subpopulation_1"
"NGS_Nanog_WT_Rep3","Read_1989",0.453801184692915,"Subpopulation_1"
"NGS_Nanog_WT_Rep3","Read_1990",0.453314046263302,"Subpopulation_1"
"NGS_Nanog_WT_Rep3","Read_1991",0.458753674579651,"Subpopulation_1"
"NGS_Nanog_WT_Rep3","Read_1992",0.458639849827577,"Subpopulation_1"
"NGS_Nanog_WT_Rep3","Read_1993",0.456717105747849,"Subpopulation_1"
"NGS_Nanog_WT_Rep3","Read_1994",0.466190711203676,"Subpopulation_1"
"NGS_Nanog_WT_Rep3","Read_1995",0.461984541253529,"Subpopulation_1"
"NGS_Nanog_WT_Rep3","Read_1996",0.444224499673349,"Subpopulation_1"
"NGS_Nanog_WT_Rep3","Read_1997",0.459637750350715,"Subpopulation_1"
"NGS_Nanog_WT_Rep3","Read_1998",0.45011903905321,"Subpopulation_1"
"NGS_Nanog_WT_Rep3","Read_1999",0.460380383021258,"Subpopulation_1"
"NGS_Nanog_WT_Rep3","Read_2000",0.457806132919782,"Subpopulation_1"
"NGS_Nanog_WT_Rep3","Read_2001",0.443370913524727,"Subpopulation_1"
"NGS_Nanog_WT_Rep3","Read_2002",0.456479871847647,"Subpopulation_1"
"NGS_Nanog_WT_Rep3","Read_2003",0.452625930844434,"Subpopulation_1"
"NGS_Nanog_WT_Rep3","Read_2004",0.462308236840761,"Subpopulation_1"
"NGS_Nanog_WT_Rep3","Read_2005",0.454185823448955,"Subpopulation_1"
"NGS_Nanog_WT_Rep3","Read_2006",0.451220165412877,"Subpopulation_1"
"NGS_Nanog_WT_Rep3","Read_2007",0.460252901995939,"Subpopulation_1"
"NGS_Nanog_WT_Rep3","Read_2008",0.45034555580742,"Subpopulation_1"
"NGS_Nanog_WT_Rep3","Read_2009",0.464516300447382,"Subpopulation_1"
"NGS_Nanog_WT_Rep3","Read_2010",0.456101696849256,"Subpopulation_1"
"NGS_Nanog_WT_Rep3","Read_2011",0.473976712582718,"Subpopulation_1"
"NGS_Nanog_WT_Rep3","Read_2012",0.466232281414656,"Subpopulation_1"
"NGS_Nanog_WT_Rep3","Read_2013",0.450383525876675,"Subpopulation_1"
"NGS_Nanog_WT_Rep3","Read_2014",0.463156152614847,"Subpopulation_1"
"NGS_Nanog_WT_Rep3","Read_2015",0.435589337198729,"Subpopulation_1"
"NGS_Nanog_WT_Rep3","Read_2016",0.462205863811402,"Subpopulation_1"
"NGS_Nanog_WT_Rep3","Read_2017",0.450433912338538,"Subpopulation_1"
"NGS_Nanog_WT_Rep3","Read_2018",0.456050536514084,"Subpopulation_1"
"NGS_Nanog_WT_Rep3","Read_2019",0.468013980970806,"Subpopulation_1"
"NGS_Nanog_WT_Rep3","Read_2020",0.453066437541725,"Subpopulation_1"
"NGS_Nanog_WT_Rep3","Read_2021",0.472933980126277,"Subpopulation_1"
"NGS_Nanog_WT_Rep3","Read_2022",0.461485740038881,"Subpopulation_1"
"NGS_Nanog_WT_Rep3","Read_2023",0.462189448039589,"Subpopulation_1"
"NGS_Nanog_WT_Rep3","Read_2024",0.464529855408418,"Subpopulation_1"
"NGS_Nanog_WT_Rep3","Read_2025",0.452188689665562,"Subpopulation_1"
"NGS_Nanog_WT_Rep3","Read_2026",0.443069296313947,"Subpopulation_1"
"NGS_Nanog_WT_Rep3","Read_2027",0.44744667383953,"Subpopulation_1"
"NGS_Nanog_WT_Rep3","Read_2028",0.463309895254824,"Subpopulation_1"
"NGS_Nanog_WT_Rep3","Read_2029",0.458791624888751,"Subpopulation_1"
"NGS_Nanog_WT_Rep3","Read_2030",0.444334745799164,"Subpopulation_1"
"NGS_Nanog_WT_Rep3","Read_2031",0.466506775728268,"Subpopulation_1"
"NGS_Nanog_WT_Rep3","Read_2032",0.452155588521395,"Subpopulation_1"
"NGS_Nanog_WT_Rep3","Read_2033",0.450357846537608,"Subpopulation_1"
"NGS_Nanog_WT_Rep3","Read_2034",0.444868992835276,"Subpopulation_1"
"NGS_Nanog_WT_Rep3","Read_2035",0.455443785728723,"Subpopulation_1"
"NGS_Nanog_WT_Rep3","Read_2036",0.458286428095086,"Subpopulation_1"
"NGS_Nanog_WT_Rep3","Read_2037",0.461180199112774,"Subpopulation_1"
"NGS_Nanog_WT_Rep3","Read_2038",0.464133389398779,"Subpopulation_1"
"NGS_Nanog_WT_Rep3","Read_2039",0.45924412772557,"Subpopulation_1"
"NGS_Nanog_WT_Rep3","Read_2040",0.446657535649362,"Subpopulation_1"
"NGS_Nanog_WT_Rep3","Read_2041",0.448774508850531,"Subpopulation_1"
"NGS_Nanog_WT_Rep3","Read_2042",0.456148526698804,"Subpopulation_1"
"NGS_Nanog_WT_Rep3","Read_2043",0.459256397740175,"Subpopulation_1"
"NGS_Nanog_WT_Rep3","Read_2044",0.458480413198515,"Subpopulation_1"
"NGS_Nanog_WT_Rep3","Read_2045",0.457971987085998,"Subpopulation_1"
"NGS_Nanog_WT_Rep3","Read_2046",0.461421817164838,"Subpopulation_1"
"NGS_Nanog_WT_Rep3","Read_2047",0.448457743038531,"Subpopulation_1"
"NGS_Nanog_WT_Rep3","Read_2048",0.450666472500734,"Subpopulation_1"
"NGS_Nanog_WT_Rep3","Read_2049",0.466642080984356,"Subpopulation_1"
"NGS_Nanog_WT_Rep3","Read_2050",0.461762673586597,"Subpopulation_1"
"NGS_Nanog_WT_Rep3","Read_2051",0.465694438571433,"Subpopulation_1"
"NGS_Nanog_WT_Rep3","Read_2052",0.449492837934618,"Subpopulation_1"
"NGS_Nanog_WT_Rep3","Read_2053",0.452119344866233,"Subpopulation_1"
"NGS_Nanog_WT_Rep3","Read_2054",0.465386535283344,"Subpopulation_1"
"NGS_Nanog_WT_Rep3","Read_2055",0.451128239588568,"Subpopulation_1"
"NGS_Nanog_WT_Rep3","Read_2056",0.465417036901669,"Subpopulation_1"
"NGS_Nanog_WT_Rep3","Read_2057",0.453774614817657,"Subpopulation_1"
"NGS_Nanog_WT_Rep3","Read_2058",0.459029261570917,"Subpopulation_1"
"NGS_Nanog_WT_Rep3","Read_2059",0.446440325474016,"Subpopulation_1"
"NGS_Nanog_WT_Rep3","Read_2060",0.467871119211967,"Subpopulation_1"
"NGS_Nanog_WT_Rep3","Read_2061",0.452888910537283,"Subpopulation_1"
"NGS_Nanog_WT_Rep3","Read_2062",0.454941612930309,"Subpopulation_1"
"NGS_Nanog_WT_Rep3","Read_2063",0.45610081892566,"Subpopulation_1"
"NGS_Nanog_WT_Rep3","Read_2064",0.459146316445157,"Subpopulation_1"
"NGS_Nanog_WT_Rep3","Read_2065",0.456910598595332,"Subpopulation_1"
"NGS_Nanog_WT_Rep3","Read_2066",0.458286857600766,"Subpopulation_1"
"NGS_Nanog_WT_Rep3","Read_2067",0.461226661256068,"Subpopulation_1"
"NGS_Nanog_WT_Rep3","Read_2068",0.454068994212298,"Subpopulation_1"
"NGS_Nanog_WT_Rep3","Read_2069",0.460734938864415,"Subpopulation_1"
"NGS_Nanog_WT_Rep3","Read_2070",0.457717850759267,"Subpopulation_1"
"NGS_Nanog_WT_Rep3","Read_2071",0.460589265179035,"Subpopulation_1"
"NGS_Nanog_WT_Rep3","Read_2072",0.473095717424434,"Subpopulation_1"
"NGS_Nanog_WT_Rep3","Read_2073",0.446465270233206,"Subpopulation_1"
"NGS_Nanog_WT_Rep3","Read_2074",0.454225495493222,"Subpopulation_1"
"NGS_Nanog_WT_Rep3","Read_2075",0.462478109230336,"Subpopulation_1"
"NGS_Nanog_WT_Rep3","Read_2076",0.459597816769065,"Subpopulation_1"
"NGS_Nanog_WT_Rep3","Read_2077",0.435421588943736,"Subpopulation_1"
"NGS_Nanog_WT_Rep3","Read_2078",0.451965726784348,"Subpopulation_1"
"NGS_Nanog_WT_Rep3","Read_2079",0.452538411650521,"Subpopulation_1"
"NGS_Nanog_WT_Rep3","Read_2080",0.446475471941929,"Subpopulation_1"
"NGS_Nanog_WT_Rep3","Read_2081",0.449398006656215,"Subpopulation_1"
"NGS_Nanog_WT_Rep3","Read_2082",0.460494014914632,"Subpopulation_1"
"NGS_Nanog_WT_Rep3","Read_2083",0.452493965173686,"Subpopulation_1"
"NGS_Nanog_WT_Rep3","Read_2084",0.449773565828448,"Subpopulation_1"
"NGS_Nanog_WT_Rep3","Read_2085",0.455183928515358,"Subpopulation_1"
"NGS_Nanog_WT_Rep3","Read_2086",0.44434638955976,"Subpopulation_1"
"NGS_Nanog_WT_Rep3","Read_2087",0.454050208400803,"Subpopulation_1"
"NGS_Nanog_WT_Rep3","Read_2088",0.465999647733996,"Subpopulation_1"
"NGS_Nanog_WT_Rep3","Read_2089",0.454685637521656,"Subpopulation_1"
"NGS_Nanog_WT_Rep3","Read_2090",0.462590575272564,"Subpopulation_1"
"NGS_Nanog_WT_Rep3","Read_2091",0.454746307128262,"Subpopulation_1"
"NGS_Nanog_WT_Rep3","Read_2092",0.456494814745809,"Subpopulation_1"
"NGS_Nanog_WT_Rep3","Read_2093",0.446931197296481,"Subpopulation_1"
"NGS_Nanog_WT_Rep3","Read_2094",0.443185190698475,"Subpopulation_1"
"NGS_Nanog_WT_Rep3","Read_2095",0.455848496347681,"Subpopulation_1"
"NGS_Nanog_WT_Rep3","Read_2096",0.457780796024761,"Subpopulation_1"
"NGS_Nanog_WT_Rep3","Read_2097",0.45254860640532,"Subpopulation_1"
"NGS_Nanog_WT_Rep3","Read_2098",0.458156446165031,"Subpopulation_1"
"NGS_Nanog_WT_Rep3","Read_2099",0.461610252201168,"Subpopulation_1"
"NGS_Nanog_WT_Rep3","Read_2100",0.460140264501353,"Subpopulation_1"
"NGS_Nanog_WT_Rep3","Read_2101",0.460903046070068,"Subpopulation_1"
"NGS_Nanog_WT_Rep3","Read_2102",0.455609670006359,"Subpopulation_1"
"NGS_Nanog_WT_Rep3","Read_2103",0.453174635438278,"Subpopulation_1"
"NGS_Nanog_WT_Rep3","Read_2104",0.454794713114582,"Subpopulation_1"
"NGS_Nanog_WT_Rep3","Read_2105",0.459747093677399,"Subpopulation_1"
"NGS_Nanog_WT_Rep3","Read_2106",0.45804807873503,"Subpopulation_1"
"NGS_Nanog_WT_Rep3","Read_2107",0.459277889045723,"Subpopulation_1"
"NGS_Nanog_WT_Rep3","Read_2108",0.460582949322399,"Subpopulation_1"
"NGS_Nanog_WT_Rep3","Read_2109",0.459658331869695,"Subpopulation_1"
"NGS_Nanog_WT_Rep3","Read_2110",0.456520650448478,"Subpopulation_1"
"NGS_Nanog_WT_Rep3","Read_2111",0.456989814579808,"Subpopulation_1"
"NGS_Nanog_WT_Rep3","Read_2112",0.454848737871069,"Subpopulation_1"
"NGS_Nanog_WT_Rep3","Read_2113",0.444386790038199,"Subpopulation_1"
"NGS_Nanog_WT_Rep3","Read_2114",0.448806028994665,"Subpopulation_1"
"NGS_Nanog_WT_Rep3","Read_2115",0.454976377281866,"Subpopulation_1"
"NGS_Nanog_WT_Rep3","Read_2116",0.456748295402915,"Subpopulation_1"
"NGS_Nanog_WT_Rep3","Read_2117",0.457353949157756,"Subpopulation_1"
"NGS_Nanog_WT_Rep3","Read_2118",0.45698993054177,"Subpopulation_1"
"NGS_Nanog_WT_Rep3","Read_2119",0.466571967853522,"Subpopulation_1"
"NGS_Nanog_WT_Rep3","Read_2120",0.450576962831584,"Subpopulation_1"
"NGS_Nanog_WT_Rep3","Read_2121",0.452393983968444,"Subpopulation_1"
"NGS_Nanog_WT_Rep3","Read_2122",0.452041429526658,"Subpopulation_1"
"NGS_Nanog_WT_Rep3","Read_2123",0.453108229145263,"Subpopulation_1"
"NGS_Nanog_WT_Rep3","Read_2124",0.453797077662632,"Subpopulation_1"
"NGS_Nanog_WT_Rep3","Read_2125",0.466503802991282,"Subpopulation_1"
"NGS_Nanog_WT_Rep3","Read_2126",0.46701262126001,"Subpopulation_1"
"NGS_Nanog_WT_Rep3","Read_2127",0.458871751900222,"Subpopulation_1"
"NGS_Nanog_WT_Rep3","Read_2128",0.453019332055615,"Subpopulation_1"
"NGS_Nanog_WT_Rep3","Read_2129",0.447838446502221,"Subpopulation_1"
"NGS_Nanog_WT_Rep3","Read_2130",0.455949828173246,"Subpopulation_1"
"NGS_Nanog_WT_Rep3","Read_2131",0.456662071389444,"Subpopulation_1"
"NGS_Nanog_WT_Rep3","Read_2132",0.451590557972746,"Subpopulation_1"
"NGS_Nanog_WT_Rep3","Read_2133",0.461198497258892,"Subpopulation_1"
"NGS_Nanog_WT_Rep3","Read_2134",0.454411589054475,"Subpopulation_1"
"NGS_Nanog_WT_Rep3","Read_2135",0.447505974318235,"Subpopulation_1"
"NGS_Nanog_WT_Rep3","Read_2136",0.464127382814747,"Subpopulation_1"
"NGS_Nanog_WT_Rep3","Read_2137",0.464032886548775,"Subpopulation_1"
"NGS_Nanog_WT_Rep3","Read_2138",0.461300745756815,"Subpopulation_1"
"NGS_Nanog_WT_Rep3","Read_2139",0.450805079483536,"Subpopulation_1"
"NGS_Nanog_WT_Rep3","Read_2140",0.453983574928001,"Subpopulation_1"
"NGS_Nanog_WT_Rep3","Read_2141",0.444650781757378,"Subpopulation_1"
"NGS_Nanog_WT_Rep3","Read_2142",0.456165205714608,"Subpopulation_1"
"NGS_Nanog_WT_Rep3","Read_2143",0.449753215565121,"Subpopulation_1"
"NGS_Nanog_WT_Rep3","Read_2144",0.4602824166562,"Subpopulation_1"
"NGS_Nanog_WT_Rep3","Read_2145",0.456441535648693,"Subpopulation_1"
"NGS_Nanog_WT_Rep3","Read_2146",0.455999710749402,"Subpopulation_1"
"NGS_Nanog_WT_Rep3","Read_2147",0.455299333390247,"Subpopulation_1"
"NGS_Nanog_WT_Rep3","Read_2148",0.462400155531737,"Subpopulation_1"
"NGS_Nanog_WT_Rep3","Read_2149",0.44917947370848,"Subpopulation_1"
"NGS_Nanog_WT_Rep3","Read_2150",0.454488042038552,"Subpopulation_1"
"NGS_Nanog_WT_Rep3","Read_2151",0.458991998204666,"Subpopulation_1"
"NGS_Nanog_WT_Rep3","Read_2152",0.466116083063402,"Subpopulation_1"
"NGS_Nanog_WT_Rep3","Read_2153",0.454928755445225,"Subpopulation_1"
"NGS_Nanog_WT_Rep3","Read_2154",0.455567347393699,"Subpopulation_1"
"NGS_Nanog_WT_Rep3","Read_2155",0.458807737830065,"Subpopulation_1"
"NGS_Nanog_WT_Rep3","Read_2156",0.459768058196893,"Subpopulation_1"
"NGS_Nanog_WT_Rep3","Read_2157",0.442055082484131,"Subpopulation_1"
"NGS_Nanog_WT_Rep3","Read_2158",0.447838735399155,"Subpopulation_1"
"NGS_Nanog_WT_Rep3","Read_2159",0.456913614245939,"Subpopulation_1"
"NGS_Nanog_WT_Rep3","Read_2160",0.454715581427173,"Subpopulation_1"
"NGS_Nanog_WT_Rep3","Read_2161",0.454929413000958,"Subpopulation_1"
"NGS_Nanog_WT_Rep3","Read_2162",0.465022075975719,"Subpopulation_1"
"NGS_Nanog_WT_Rep3","Read_2163",0.469409032073288,"Subpopulation_1"
"NGS_Nanog_WT_Rep3","Read_2164",0.456229979903428,"Subpopulation_1"
"NGS_Nanog_WT_Rep3","Read_2165",0.469853987793326,"Subpopulation_1"
"NGS_Nanog_WT_Rep3","Read_2166",0.461331037601946,"Subpopulation_1"
"NGS_Nanog_WT_Rep3","Read_2167",0.454759246547453,"Subpopulation_1"
"NGS_Nanog_WT_Rep3","Read_2168",0.45318642166606,"Subpopulation_1"
"NGS_Nanog_WT_Rep3","Read_2169",0.447364346602335,"Subpopulation_1"
"NGS_Nanog_WT_Rep3","Read_2170",0.460253604314251,"Subpopulation_1"
"NGS_Nanog_WT_Rep3","Read_2171",0.460196370799093,"Subpopulation_1"
"NGS_Nanog_WT_Rep3","Read_2172",0.449725947474131,"Subpopulation_1"
"NGS_Nanog_WT_Rep3","Read_2173",0.459624453804187,"Subpopulation_1"
"NGS_Nanog_WT_Rep3","Read_2174",0.458132702392246,"Subpopulation_1"
"NGS_Nanog_WT_Rep3","Read_2175",0.456514198572484,"Subpopulation_1"
"NGS_Nanog_WT_Rep3","Read_2176",0.450235154886851,"Subpopulation_1"
"NGS_Nanog_WT_Rep3","Read_2177",0.46147869577459,"Subpopulation_1"
"NGS_Nanog_WT_Rep3","Read_2178",0.458968549323462,"Subpopulation_1"
"NGS_Nanog_WT_Rep3","Read_2179",0.463822396767303,"Subpopulation_1"
"NGS_Nanog_WT_Rep3","Read_2180",0.449759403362491,"Subpopulation_1"
"NGS_Nanog_WT_Rep3","Read_2181",0.460373866078768,"Subpopulation_1"
"NGS_Nanog_WT_Rep3","Read_2182",0.448136210589695,"Subpopulation_1"
"NGS_Nanog_WT_Rep3","Read_2183",0.444148934034444,"Subpopulation_1"
"NGS_Nanog_WT_Rep3","Read_2184",0.4497342473861,"Subpopulation_1"
"NGS_Nanog_WT_Rep3","Read_2185",0.452095191561008,"Subpopulation_1"
"NGS_Nanog_WT_Rep3","Read_2186",0.452019998547135,"Subpopulation_1"
"NGS_Nanog_WT_Rep3","Read_2187",0.459546287599516,"Subpopulation_1"
"NGS_Nanog_WT_Rep3","Read_2188",0.461952132787267,"Subpopulation_1"
"NGS_Nanog_WT_Rep3","Read_2189",0.453220348676011,"Subpopulation_1"
"NGS_Nanog_WT_Rep3","Read_2190",0.448510072063981,"Subpopulation_1"
"NGS_Nanog_WT_Rep3","Read_2191",0.461387817764808,"Subpopulation_1"
"NGS_Nanog_WT_Rep3","Read_2192",0.455372140014978,"Subpopulation_1"
"NGS_Nanog_WT_Rep3","Read_2193",0.459090792823081,"Subpopulation_1"
"NGS_Nanog_WT_Rep3","Read_2194",0.460891963703449,"Subpopulation_1"
"NGS_Nanog_WT_Rep3","Read_2195",0.467216862012175,"Subpopulation_1"
"NGS_Nanog_WT_Rep3","Read_2196",0.451426258502525,"Subpopulation_1"
"NGS_Nanog_WT_Rep3","Read_2197",0.453866124348297,"Subpopulation_1"
"NGS_Nanog_WT_Rep3","Read_2198",0.459138706543049,"Subpopulation_1"
"NGS_Nanog_WT_Rep3","Read_2199",0.461452919400098,"Subpopulation_1"
"NGS_Nanog_WT_Rep3","Read_2200",0.452253836190561,"Subpopulation_1"
"NGS_Nanog_WT_Rep3","Read_2201",0.458618030096779,"Subpopulation_1"
"NGS_Nanog_WT_Rep3","Read_2202",0.451199080303427,"Subpopulation_1"
"NGS_Nanog_WT_Rep3","Read_2203",0.458974116002846,"Subpopulation_1"
"NGS_Nanog_WT_Rep3","Read_2204",0.449480323123847,"Subpopulation_1"
"NGS_Nanog_WT_Rep3","Read_2205",0.458516908101263,"Subpopulation_1"
"NGS_Nanog_WT_Rep3","Read_2206",0.44899729243737,"Subpopulation_1"
"NGS_Nanog_WT_Rep3","Read_2207",0.457699751404022,"Subpopulation_1"
"NGS_Nanog_WT_Rep3","Read_2208",0.478445650234966,"Subpopulation_1"
"NGS_Nanog_WT_Rep3","Read_2209",0.45853776640634,"Subpopulation_1"
"NGS_Nanog_WT_Rep3","Read_2210",0.45735265522029,"Subpopulation_1"
"NGS_Nanog_WT_Rep3","Read_2211",0.461201541755534,"Subpopulation_1"
"NGS_Nanog_WT_Rep3","Read_2212",0.467060708883504,"Subpopulation_1"
"NGS_Nanog_WT_Rep3","Read_2213",0.462182639419033,"Subpopulation_1"
"NGS_Nanog_WT_Rep3","Read_2214",0.461560620264042,"Subpopulation_1"
"NGS_Nanog_WT_Rep3","Read_2215",0.454253016931633,"Subpopulation_1"
"NGS_Nanog_WT_Rep3","Read_2216",0.452240315104906,"Subpopulation_1"
"NGS_Nanog_WT_Rep3","Read_2217",0.447995239525098,"Subpopulation_1"
"NGS_Nanog_WT_Rep3","Read_2218",0.469240070552005,"Subpopulation_1"
"NGS_Nanog_WT_Rep3","Read_2219",0.454469820310508,"Subpopulation_1"
"NGS_Nanog_WT_Rep3","Read_2220",0.462893845496613,"Subpopulation_1"
"NGS_Nanog_WT_Rep3","Read_2221",0.460502198646929,"Subpopulation_1"
"NGS_Nanog_WT_Rep3","Read_2222",0.455011816407586,"Subpopulation_1"
"NGS_Nanog_WT_Rep3","Read_2223",0.447757858029661,"Subpopulation_1"
"NGS_Nanog_WT_Rep3","Read_2224",0.45086953523151,"Subpopulation_1"
"NGS_Nanog_WT_Rep3","Read_2225",0.45145422227381,"Subpopulation_1"
"NGS_Nanog_WT_Rep3","Read_2226",0.460197724591406,"Subpopulation_1"
"NGS_Nanog_WT_Rep3","Read_2227",0.460682030703815,"Subpopulation_1"
"NGS_Nanog_WT_Rep3","Read_2228",0.456523642768219,"Subpopulation_1"
"NGS_Nanog_WT_Rep3","Read_2229",0.460464877999979,"Subpopulation_1"
"NGS_Nanog_WT_Rep3","Read_2230",0.453557361444305,"Subpopulation_1"
"NGS_Nanog_WT_Rep3","Read_2231",0.448452098945302,"Subpopulation_1"
"NGS_Nanog_WT_Rep3","Read_2232",0.44667379152095,"Subpopulation_1"
"NGS_Nanog_WT_Rep3","Read_2233",0.454561757678089,"Subpopulation_1"
"NGS_Nanog_WT_Rep3","Read_2234",0.456456415921597,"Subpopulation_1"
"NGS_Nanog_WT_Rep3","Read_2235",0.459278810599693,"Subpopulation_1"
"NGS_Nanog_WT_Rep3","Read_2236",0.448855965462059,"Subpopulation_1"
"NGS_Nanog_WT_Rep3","Read_2237",0.444583853638058,"Subpopulation_1"
"NGS_Nanog_WT_Rep3","Read_2238",0.457966253810827,"Subpopulation_1"
"NGS_Nanog_WT_Rep3","Read_2239",0.454548619282227,"Subpopulation_1"
"NGS_Nanog_WT_Rep3","Read_2240",0.452853993675303,"Subpopulation_1"
"NGS_Nanog_WT_Rep3","Read_2241",0.462200599673339,"Subpopulation_1"
"NGS_Nanog_WT_Rep3","Read_2242",0.457470358501818,"Subpopulation_1"
"NGS_Nanog_WT_Rep3","Read_2243",0.464894428471712,"Subpopulation_1"
"NGS_Nanog_WT_Rep3","Read_2244",0.452315450605385,"Subpopulation_1"
"NGS_Nanog_WT_Rep3","Read_2245",0.454910908761495,"Subpopulation_1"
"NGS_Nanog_WT_Rep3","Read_2246",0.45507501436732,"Subpopulation_1"
"NGS_Nanog_WT_Rep3","Read_2247",0.457139799060135,"Subpopulation_1"
"NGS_Nanog_WT_Rep3","Read_2248",0.461322560621131,"Subpopulation_1"
"NGS_Nanog_WT_Rep3","Read_2249",0.448107569984433,"Subpopulation_1"
"NGS_Nanog_WT_Rep3","Read_2250",0.458228451274105,"Subpopulation_1"
"NGS_Nanog_WT_Rep3","Read_2251",0.454978748405482,"Subpopulation_1"
"NGS_Nanog_WT_Rep3","Read_2252",0.458903266540821,"Subpopulation_1"
"NGS_Nanog_WT_Rep3","Read_2253",0.458829207266177,"Subpopulation_1"
"NGS_Nanog_WT_Rep3","Read_2254",0.447870043296577,"Subpopulation_1"
"NGS_Nanog_WT_Rep3","Read_2255",0.456879944564974,"Subpopulation_1"
"NGS_Nanog_WT_Rep3","Read_2256",0.456916980513764,"Subpopulation_1"
"NGS_Nanog_WT_Rep3","Read_2257",0.465677759008517,"Subpopulation_1"
"NGS_Nanog_WT_Rep3","Read_2258",0.458963414655477,"Subpopulation_1"
"NGS_Nanog_WT_Rep3","Read_2259",0.454945894344943,"Subpopulation_1"
"NGS_Nanog_WT_Rep3","Read_2260",0.453789640432106,"Subpopulation_1"
"NGS_Nanog_WT_Rep3","Read_2261",0.461281415007491,"Subpopulation_1"
"NGS_Nanog_WT_Rep3","Read_2262",0.45816586205507,"Subpopulation_1"
"NGS_Nanog_WT_Rep3","Read_2263",0.444386007028686,"Subpopulation_1"
"NGS_Nanog_WT_Rep3","Read_2264",0.450300349238126,"Subpopulation_1"
"NGS_Nanog_WT_Rep3","Read_2265",0.472901053753653,"Subpopulation_1"
"NGS_Nanog_WT_Rep3","Read_2266",0.455525588812725,"Subpopulation_1"
"NGS_Nanog_WT_Rep3","Read_2267",0.447670483867504,"Subpopulation_1"
"NGS_Nanog_WT_Rep3","Read_2268",0.453704620110199,"Subpopulation_1"
"NGS_Nanog_WT_Rep3","Read_2269",0.452615479460304,"Subpopulation_1"
"NGS_Nanog_WT_Rep3","Read_2270",0.457217305899116,"Subpopulation_1"
"NGS_Nanog_WT_Rep3","Read_2271",0.448450307633844,"Subpopulation_1"
"NGS_Nanog_WT_Rep3","Read_2272",0.459702461461071,"Subpopulation_1"
"NGS_Nanog_WT_Rep3","Read_2273",0.450778556577819,"Subpopulation_1"
"NGS_Nanog_WT_Rep3","Read_2274",0.457534040784254,"Subpopulation_1"
"NGS_Nanog_WT_Rep3","Read_2275",0.459520702136199,"Subpopulation_1"
"NGS_Nanog_WT_Rep3","Read_2276",0.45355106072592,"Subpopulation_1"
"NGS_Nanog_WT_Rep3","Read_2277",0.459022255870558,"Subpopulation_1"
"NGS_Nanog_WT_Rep3","Read_2278",0.455675378799118,"Subpopulation_1"
"NGS_Nanog_WT_Rep3","Read_2279",0.455974670163795,"Subpopulation_1"
"NGS_Nanog_WT_Rep3","Read_2280",0.462707105523924,"Subpopulation_1"
"NGS_Nanog_WT_Rep3","Read_2281",0.463817813532453,"Subpopulation_1"
"NGS_Nanog_WT_Rep3","Read_2282",0.46055491931026,"Subpopulation_1"
"NGS_Nanog_WT_Rep3","Read_2283",0.457863243995159,"Subpopulation_1"
"NGS_Nanog_WT_Rep3","Read_2284",0.462232319212879,"Subpopulation_1"
"NGS_Nanog_WT_Rep3","Read_2285",0.448177740996427,"Subpopulation_1"
"NGS_Nanog_WT_Rep3","Read_2286",0.446727158010783,"Subpopulation_1"
"NGS_Nanog_WT_Rep3","Read_2287",0.455196242938139,"Subpopulation_1"
"NGS_Nanog_WT_Rep3","Read_2288",0.451068668993508,"Subpopulation_1"
"NGS_Nanog_WT_Rep3","Read_2289",0.450149868589453,"Subpopulation_1"
"NGS_Nanog_WT_Rep3","Read_2290",0.453300039270855,"Subpopulation_1"
"NGS_Nanog_WT_Rep3","Read_2291",0.453317928636249,"Subpopulation_1"
"NGS_Nanog_WT_Rep3","Read_2292",0.4542067874192,"Subpopulation_1"
"NGS_Nanog_WT_Rep3","Read_2293",0.458402897004142,"Subpopulation_1"
"NGS_Nanog_WT_Rep3","Read_2294",0.457726622919998,"Subpopulation_1"
"NGS_Nanog_WT_Rep3","Read_2295",0.459900730275064,"Subpopulation_1"
"NGS_Nanog_WT_Rep3","Read_2296",0.467053688793673,"Subpopulation_1"
"NGS_Nanog_WT_Rep3","Read_2297",0.457988417198803,"Subpopulation_1"
"NGS_Nanog_WT_Rep3","Read_2298",0.44809810727648,"Subpopulation_1"
"NGS_Nanog_WT_Rep3","Read_2299",0.462240198044448,"Subpopulation_1"
"NGS_Nanog_WT_Rep3","Read_2300",0.461455098773897,"Subpopulation_1"
"NGS_Nanog_WT_Rep3","Read_2301",0.450461546933993,"Subpopulation_1"
"NGS_Nanog_WT_Rep3","Read_2302",0.463348516865605,"Subpopulation_1"
"NGS_Nanog_WT_Rep3","Read_2303",0.452267728835194,"Subpopulation_1"
"NGS_Nanog_WT_Rep3","Read_2304",0.455918457134213,"Subpopulation_1"
"NGS_Nanog_WT_Rep3","Read_2305",0.465160844379887,"Subpopulation_1"
"NGS_Nanog_WT_Rep3","Read_2306",0.451981272096674,"Subpopulation_1"
"NGS_Nanog_WT_Rep3","Read_2307",0.453723833868015,"Subpopulation_1"
"NGS_Nanog_WT_Rep3","Read_2308",0.455838022424946,"Subpopulation_1"
"NGS_Nanog_WT_Rep3","Read_2309",0.462615478527114,"Subpopulation_1"
"NGS_Nanog_WT_Rep3","Read_2310",0.45344829456245,"Subpopulation_1"
"NGS_Nanog_WT_Rep3","Read_2311",0.463239707103817,"Subpopulation_1"
"NGS_Nanog_WT_Rep3","Read_2312",0.44379647221927,"Subpopulation_1"
"NGS_Nanog_WT_Rep3","Read_2313",0.458027185337509,"Subpopulation_1"
"NGS_Nanog_WT_Rep3","Read_2314",0.460716841224756,"Subpopulation_1"
"NGS_Nanog_WT_Rep3","Read_2315",0.462604971190313,"Subpopulation_1"
"NGS_Nanog_WT_Rep3","Read_2316",0.463377695822423,"Subpopulation_1"
"NGS_Nanog_WT_Rep3","Read_2317",0.449312482706802,"Subpopulation_1"
"NGS_Nanog_WT_Rep3","Read_2318",0.452767799895564,"Subpopulation_1"
"NGS_Nanog_WT_Rep3","Read_2319",0.454251118421298,"Subpopulation_1"
"NGS_Nanog_WT_Rep3","Read_2320",0.45550523825462,"Subpopulation_1"
"NGS_Nanog_WT_Rep3","Read_2321",0.449052066346107,"Subpopulation_1"
"NGS_Nanog_WT_Rep3","Read_2322",0.454080546611263,"Subpopulation_1"
"NGS_Nanog_WT_Rep3","Read_2323",0.458404789840554,"Subpopulation_1"
"NGS_Nanog_WT_Rep3","Read_2324",0.44338338486474,"Subpopulation_1"
"NGS_Nanog_WT_Rep3","Read_2325",0.449846986948854,"Subpopulation_1"
"NGS_Nanog_WT_Rep3","Read_2326",0.457428798707087,"Subpopulation_1"
"NGS_Nanog_WT_Rep3","Read_2327",0.45029123138304,"Subpopulation_1"
"NGS_Nanog_WT_Rep3","Read_2328",0.455956675375516,"Subpopulation_1"
"NGS_Nanog_WT_Rep3","Read_2329",0.448575835883747,"Subpopulation_1"
"NGS_Nanog_WT_Rep3","Read_2330",0.453060310689634,"Subpopulation_1"
"NGS_Nanog_WT_Rep3","Read_2331",0.452345444983347,"Subpopulation_1"
"NGS_Nanog_WT_Rep3","Read_2332",0.456702138735972,"Subpopulation_1"
"NGS_Nanog_WT_Rep3","Read_2333",0.45459406903081,"Subpopulation_1"
"NGS_Nanog_WT_Rep3","Read_2334",0.461719404478223,"Subpopulation_1"
"NGS_Nanog_WT_Rep3","Read_2335",0.44735447773368,"Subpopulation_1"
"NGS_Nanog_WT_Rep3","Read_2336",0.460768187995031,"Subpopulation_1"
"NGS_Nanog_WT_Rep3","Read_2337",0.450464013614057,"Subpopulation_1"
"NGS_Nanog_WT_Rep3","Read_2338",0.455082753951456,"Subpopulation_1"
"NGS_Nanog_WT_Rep3","Read_2339",0.46292355846857,"Subpopulation_1"
"NGS_Nanog_WT_Rep3","Read_2340",0.458655259497493,"Subpopulation_1"
"NGS_Nanog_WT_Rep3","Read_2341",0.461821389753481,"Subpopulation_1"
"NGS_Nanog_WT_Rep3","Read_2342",0.470132958229367,"Subpopulation_1"
"NGS_Nanog_WT_Rep3","Read_2343",0.454804299817535,"Subpopulation_1"
"NGS_Nanog_WT_Rep3","Read_2344",0.463796597669136,"Subpopulation_1"
"NGS_Nanog_WT_Rep3","Read_2345",0.453495839327763,"Subpopulation_1"
"NGS_Nanog_WT_Rep3","Read_2346",0.459135474809715,"Subpopulation_1"
"NGS_Nanog_WT_Rep3","Read_2347",0.459378148526751,"Subpopulation_1"
"NGS_Nanog_WT_Rep3","Read_2348",0.45770679400766,"Subpopulation_1"
"NGS_Nanog_WT_Rep3","Read_2349",0.458653823081506,"Subpopulation_1"
"NGS_Nanog_WT_Rep3","Read_2350",0.454296174249815,"Subpopulation_1"
"NGS_Nanog_WT_Rep3","Read_2351",0.448454964951622,"Subpopulation_1"
"NGS_Nanog_WT_Rep3","Read_2352",0.457831665231199,"Subpopulation_1"
"NGS_Nanog_WT_Rep3","Read_2353",0.456627599026035,"Subpopulation_1"
"NGS_Nanog_WT_Rep3","Read_2354",0.452537975987103,"Subpopulation_1"
"NGS_Nanog_WT_Rep3","Read_2355",0.462683263972115,"Subpopulation_1"
"NGS_Nanog_WT_Rep3","Read_2356",0.448000262571943,"Subpopulation_1"
"NGS_Nanog_WT_Rep3","Read_2357",0.450875119662399,"Subpopulation_1"
"NGS_Nanog_WT_Rep3","Read_2358",0.457584950857489,"Subpopulation_1"
"NGS_Nanog_WT_Rep3","Read_2359",0.459699207597552,"Subpopulation_1"
"NGS_Nanog_WT_Rep3","Read_2360",0.45648943712142,"Subpopulation_1"
"NGS_Nanog_WT_Rep3","Read_2361",0.463903603341159,"Subpopulation_1"
"NGS_Nanog_WT_Rep3","Read_2362",0.459158737859127,"Subpopulation_1"
"NGS_Nanog_WT_Rep3","Read_2363",0.473013629191088,"Subpopulation_1"
"NGS_Nanog_WT_Rep3","Read_2364",0.457252115800901,"Subpopulation_1"
"NGS_Nanog_WT_Rep3","Read_2365",0.448996904467546,"Subpopulation_1"
"NGS_Nanog_WT_Rep3","Read_2366",0.459800539398733,"Subpopulation_1"
"NGS_Nanog_WT_Rep3","Read_2367",0.456790993169368,"Subpopulation_1"
"NGS_Nanog_WT_Rep3","Read_2368",0.46917735984099,"Subpopulation_1"
"NGS_Nanog_WT_Rep3","Read_2369",0.45520586717206,"Subpopulation_1"
"NGS_Nanog_WT_Rep3","Read_2370",0.449510868711048,"Subpopulation_1"
"NGS_Nanog_WT_Rep3","Read_2371",0.467554095009932,"Subpopulation_1"
"NGS_Nanog_WT_Rep3","Read_2372",0.45809332697318,"Subpopulation_1"
"NGS_Nanog_WT_Rep3","Read_2373",0.457819645926818,"Subpopulation_1"
"NGS_Nanog_WT_Rep3","Read_2374",0.455020380679069,"Subpopulation_1"
"NGS_Nanog_WT_Rep3","Read_2375",0.458034438647169,"Subpopulation_1"
"NGS_Nanog_WT_Rep3","Read_2376",0.456504196122664,"Subpopulation_1"
"NGS_Nanog_WT_Rep3","Read_2377",0.455485443933156,"Subpopulation_1"
"NGS_Nanog_WT_Rep3","Read_2378",0.459515111145883,"Subpopulation_1"
"NGS_Nanog_WT_Rep3","Read_2379",0.458879649296075,"Subpopulation_1"
"NGS_Nanog_WT_Rep3","Read_2380",0.45323745339522,"Subpopulation_1"
"NGS_Nanog_WT_Rep3","Read_2381",0.448844952972567,"Subpopulation_1"
"NGS_Nanog_WT_Rep3","Read_2382",0.449983846245837,"Subpopulation_1"
"NGS_Nanog_WT_Rep3","Read_2383",0.454648295886522,"Subpopulation_1"
"NGS_Nanog_WT_Rep3","Read_2384",0.454999190508303,"Subpopulation_1"
"NGS_Nanog_WT_Rep3","Read_2385",0.454866910956296,"Subpopulation_1"
"NGS_Nanog_WT_Rep3","Read_2386",0.454732247779293,"Subpopulation_1"
"NGS_Nanog_WT_Rep3","Read_2387",0.460395176572449,"Subpopulation_1"
"NGS_Nanog_WT_Rep3","Read_2388",0.453832068488204,"Subpopulation_1"
"NGS_Nanog_WT_Rep3","Read_2389",0.455110725266821,"Subpopulation_1"
"NGS_Nanog_WT_Rep3","Read_2390",0.45509495036168,"Subpopulation_1"
"NGS_Nanog_WT_Rep3","Read_2391",0.457300980941677,"Subpopulation_1"
"NGS_Nanog_WT_Rep3","Read_2392",0.454808062090321,"Subpopulation_1"
"NGS_Nanog_WT_Rep3","Read_2393",0.461520002563532,"Subpopulation_1"
"NGS_Nanog_WT_Rep3","Read_2394",0.44793154666412,"Subpopulation_1"
"NGS_Nanog_WT_Rep3","Read_2395",0.459919821410507,"Subpopulation_1"
"NGS_Nanog_WT_Rep3","Read_2396",0.457546037328191,"Subpopulation_1"
"NGS_Nanog_WT_Rep3","Read_2397",0.454707169595324,"Subpopulation_1"
"NGS_Nanog_WT_Rep3","Read_2398",0.449806072882086,"Subpopulation_1"
"NGS_Nanog_WT_Rep3","Read_2399",0.447211294977108,"Subpopulation_1"
"NGS_Nanog_WT_Rep3","Read_2400",0.45432899896291,"Subpopulation_1"
"NGS_Nanog_WT_Rep3","Read_2401",0.458132173131808,"Subpopulation_1"
"NGS_Nanog_WT_Rep3","Read_2402",0.463869508385496,"Subpopulation_1"
"NGS_Nanog_WT_Rep3","Read_2403",0.448897333954324,"Subpopulation_1"
"NGS_Nanog_WT_Rep3","Read_2404",0.459861227660239,"Subpopulation_1"
"NGS_Nanog_WT_Rep3","Read_2405",0.455103910095219,"Subpopulation_1"
"NGS_Nanog_WT_Rep3","Read_2406",0.456247942272155,"Subpopulation_1"
"NGS_Nanog_WT_Rep3","Read_2407",0.456563061277859,"Subpopulation_1"
"NGS_Nanog_WT_Rep3","Read_2408",0.46137644564258,"Subpopulation_1"
"NGS_Nanog_WT_Rep3","Read_2409",0.441786372829036,"Subpopulation_1"
"NGS_Nanog_WT_Rep3","Read_2410",0.458818887459487,"Subpopulation_1"
"NGS_Nanog_WT_Rep3","Read_2411",0.454480771660845,"Subpopulation_1"
"NGS_Nanog_WT_Rep3","Read_2412",0.459415833911769,"Subpopulation_1"
"NGS_Nanog_WT_Rep3","Read_2413",0.456221654199232,"Subpopulation_1"
"NGS_Nanog_WT_Rep3","Read_2414",0.455223744526322,"Subpopulation_1"
"NGS_Nanog_WT_Rep3","Read_2415",0.448520247423874,"Subpopulation_1"
"NGS_Nanog_WT_Rep3","Read_2416",0.467589816535303,"Subpopulation_1"
"NGS_Nanog_WT_Rep3","Read_2417",0.463382003037309,"Subpopulation_1"
"NGS_Nanog_WT_Rep3","Read_2418",0.449674235170739,"Subpopulation_1"
"NGS_Nanog_WT_Rep3","Read_2419",0.451678240157073,"Subpopulation_1"
"NGS_Nanog_WT_Rep3","Read_2420",0.454012674138633,"Subpopulation_1"
"NGS_Nanog_WT_Rep3","Read_2421",0.457964934977443,"Subpopulation_1"
"NGS_Nanog_WT_Rep3","Read_2422",0.459540224640348,"Subpopulation_1"
"NGS_Nanog_WT_Rep3","Read_2423",0.452382856589031,"Subpopulation_1"
"NGS_Nanog_WT_Rep3","Read_2424",0.462487584782015,"Subpopulation_1"
"NGS_Nanog_WT_Rep3","Read_2425",0.473911226926503,"Subpopulation_1"
"NGS_Nanog_WT_Rep3","Read_2426",0.4578145674026,"Subpopulation_1"
"NGS_Nanog_WT_Rep3","Read_2427",0.454926541234028,"Subpopulation_1"
"NGS_Nanog_WT_Rep3","Read_2428",0.461520113557868,"Subpopulation_1"
"NGS_Nanog_WT_Rep3","Read_2429",0.449063024227257,"Subpopulation_1"
"NGS_Nanog_WT_Rep3","Read_2430",0.461783666171174,"Subpopulation_1"
"NGS_Nanog_WT_Rep3","Read_2431",0.455933378301511,"Subpopulation_1"
"NGS_Nanog_WT_Rep3","Read_2432",0.451374264079344,"Subpopulation_1"
"NGS_Nanog_WT_Rep3","Read_2433",0.462447861174421,"Subpopulation_1"
"NGS_Nanog_WT_Rep3","Read_2434",0.460979219336015,"Subpopulation_1"
"NGS_Nanog_WT_Rep3","Read_2435",0.449079295953923,"Subpopulation_1"
"NGS_Nanog_WT_Rep3","Read_2436",0.451659911419732,"Subpopulation_1"
"NGS_Nanog_WT_Rep3","Read_2437",0.460625937883747,"Subpopulation_1"
"NGS_Nanog_WT_Rep3","Read_2438",0.454357708669246,"Subpopulation_1"
"NGS_Nanog_WT_Rep3","Read_2439",0.455245780950264,"Subpopulation_1"
"NGS_Nanog_WT_Rep3","Read_2440",0.459481690785431,"Subpopulation_1"
"NGS_Nanog_WT_Rep3","Read_2441",0.454558605561401,"Subpopulation_1"
"NGS_Nanog_WT_Rep3","Read_2442",0.453559774204661,"Subpopulation_1"
"NGS_Nanog_WT_Rep3","Read_2443",0.462118440004888,"Subpopulation_1"
"NGS_Nanog_WT_Rep3","Read_2444",0.465344667576755,"Subpopulation_1"
"NGS_Nanog_WT_Rep3","Read_2445",0.454988946063386,"Subpopulation_1"
"NGS_Nanog_WT_Rep3","Read_2446",0.46175270527467,"Subpopulation_1"
"NGS_Nanog_WT_Rep3","Read_2447",0.455525348708127,"Subpopulation_1"
"NGS_Nanog_WT_Rep3","Read_2448",0.452683793220937,"Subpopulation_1"
"NGS_Nanog_WT_Rep3","Read_2449",0.46100404211215,"Subpopulation_1"
"NGS_Nanog_WT_Rep3","Read_2450",0.454447439323597,"Subpopulation_1"
"NGS_Nanog_WT_Rep3","Read_2451",0.444356580619648,"Subpopulation_1"
"NGS_Nanog_WT_Rep3","Read_2452",0.469176657090759,"Subpopulation_1"
"NGS_Nanog_WT_Rep3","Read_2453",0.452185573403118,"Subpopulation_1"
"NGS_Nanog_WT_Rep3","Read_2454",0.460952721139891,"Subpopulation_1"
"NGS_Nanog_WT_Rep3","Read_2455",0.45191184721926,"Subpopulation_1"
"NGS_Nanog_WT_Rep3","Read_2456",0.465763352073581,"Subpopulation_1"
"NGS_Nanog_WT_Rep3","Read_2457",0.450516939309708,"Subpopulation_1"
"NGS_Nanog_WT_Rep3","Read_2458",0.468422590585552,"Subpopulation_1"
"NGS_Nanog_WT_Rep3","Read_2459",0.461337584863617,"Subpopulation_1"
"NGS_Nanog_WT_Rep3","Read_2460",0.456008419687115,"Subpopulation_1"
"NGS_Nanog_WT_Rep3","Read_2461",0.457502333948581,"Subpopulation_1"
"NGS_Nanog_WT_Rep3","Read_2462",0.457850457615504,"Subpopulation_1"
"NGS_Nanog_WT_Rep3","Read_2463",0.457352258033575,"Subpopulation_1"
"NGS_Nanog_WT_Rep3","Read_2464",0.461129099734904,"Subpopulation_1"
"NGS_Nanog_WT_Rep3","Read_2465",0.450232757108881,"Subpopulation_1"
"NGS_Nanog_WT_Rep3","Read_2466",0.452114663371661,"Subpopulation_1"
"NGS_Nanog_WT_Rep3","Read_2467",0.456148901891399,"Subpopulation_1"
"NGS_Nanog_WT_Rep3","Read_2468",0.456319570897614,"Subpopulation_1"
"NGS_Nanog_WT_Rep3","Read_2469",0.439620233136758,"Subpopulation_1"
"NGS_Nanog_WT_Rep3","Read_2470",0.454706096684319,"Subpopulation_1"
"NGS_Nanog_WT_Rep3","Read_2471",0.451614743045789,"Subpopulation_1"
"NGS_Nanog_WT_Rep3","Read_2472",0.444159287491537,"Subpopulation_1"
"NGS_Nanog_WT_Rep3","Read_2473",0.462770136461583,"Subpopulation_1"
"NGS_Nanog_WT_Rep3","Read_2474",0.453452509373276,"Subpopulation_1"
"NGS_Nanog_WT_Rep3","Read_2475",0.460595707584455,"Subpopulation_1"
"NGS_Nanog_WT_Rep3","Read_2476",0.457651877844505,"Subpopulation_1"
"NGS_Nanog_WT_Rep3","Read_2477",0.461843568740829,"Subpopulation_1"
"NGS_Nanog_WT_Rep3","Read_2478",0.44702622820835,"Subpopulation_1"
"NGS_Nanog_WT_Rep3","Read_2479",0.449137639359586,"Subpopulation_1"
"NGS_Nanog_WT_Rep3","Read_2480",0.457420002418628,"Subpopulation_1"
"NGS_Nanog_WT_Rep3","Read_2481",0.459985298616033,"Subpopulation_1"
"NGS_Nanog_WT_Rep3","Read_2482",0.455385385578313,"Subpopulation_1"
"NGS_Nanog_WT_Rep3","Read_2483",0.454327965929966,"Subpopulation_1"
"NGS_Nanog_WT_Rep3","Read_2484",0.460946324524354,"Subpopulation_1"
"NGS_Nanog_WT_Rep3","Read_2485",0.457573578897468,"Subpopulation_1"
"NGS_Nanog_WT_Rep3","Read_2486",0.438534012404686,"Subpopulation_1"
"NGS_Nanog_WT_Rep3","Read_2487",0.453568976027263,"Subpopulation_1"
"NGS_Nanog_WT_Rep3","Read_2488",0.461163218228965,"Subpopulation_1"
"NGS_Nanog_WT_Rep3","Read_2489",0.456224088645791,"Subpopulation_1"
"NGS_Nanog_WT_Rep3","Read_2490",0.455893269872889,"Subpopulation_1"
"NGS_Nanog_WT_Rep3","Read_2491",0.456097055124757,"Subpopulation_1"
"NGS_Nanog_WT_Rep3","Read_2492",0.45327408570443,"Subpopulation_1"
"NGS_Nanog_WT_Rep3","Read_2493",0.45850647057547,"Subpopulation_1"
"NGS_Nanog_WT_Rep3","Read_2494",0.449286274924963,"Subpopulation_1"
"NGS_Nanog_WT_Rep3","Read_2495",0.451136732223573,"Subpopulation_1"
"NGS_Nanog_WT_Rep3","Read_2496",0.448500924031068,"Subpopulation_1"
"NGS_Nanog_WT_Rep3","Read_2497",0.462666137114599,"Subpopulation_1"
"NGS_Nanog_WT_Rep3","Read_2498",0.448670397556412,"Subpopulation_1"
"NGS_Nanog_WT_Rep3","Read_2499",0.471350920125509,"Subpopulation_1"
"NGS_Nanog_WT_Rep3","Read_2500",0.460633801503425,"Subpopulation_1"
"NGS_Nanog_WT_Rep3","Read_2501",0.455678125029312,"Subpopulation_1"
"NGS_Nanog_WT_Rep3","Read_2502",0.451728466504252,"Subpopulation_1"
"NGS_Nanog_WT_Rep3","Read_2503",0.462743483245296,"Subpopulation_1"
"NGS_Nanog_WT_Rep3","Read_2504",0.461015181338378,"Subpopulation_1"
"NGS_Nanog_WT_Rep3","Read_2505",0.468247876393908,"Subpopulation_1"
"NGS_Nanog_WT_Rep3","Read_2506",0.447879062982025,"Subpopulation_1"
"NGS_Nanog_WT_Rep3","Read_2507",0.449526652172258,"Subpopulation_1"
"NGS_Nanog_WT_Rep3","Read_2508",0.451999884853719,"Subpopulation_1"
"NGS_Nanog_WT_Rep3","Read_2509",0.45401808217538,"Subpopulation_1"
"NGS_Nanog_WT_Rep3","Read_2510",0.44773299006115,"Subpopulation_1"
"NGS_Nanog_WT_Rep3","Read_2511",0.45020234534529,"Subpopulation_1"
"NGS_Nanog_WT_Rep3","Read_2512",0.449477399117669,"Subpopulation_1"
"NGS_Nanog_WT_Rep3","Read_2513",0.454089897523348,"Subpopulation_1"
"NGS_Nanog_WT_Rep3","Read_2514",0.458235278227739,"Subpopulation_1"
"NGS_Nanog_WT_Rep3","Read_2515",0.447211136016557,"Subpopulation_1"
"NGS_Nanog_WT_Rep3","Read_2516",0.455754842559231,"Subpopulation_1"
"NGS_Nanog_WT_Rep3","Read_2517",0.460866687401006,"Subpopulation_1"
"NGS_Nanog_WT_Rep3","Read_2518",0.451012238928777,"Subpopulation_1"
"NGS_Nanog_WT_Rep3","Read_2519",0.46593104493655,"Subpopulation_1"
"NGS_Nanog_WT_Rep3","Read_2520",0.464288772094278,"Subpopulation_1"
"NGS_Nanog_WT_Rep3","Read_2521",0.461101976528821,"Subpopulation_1"
"NGS_Nanog_WT_Rep3","Read_2522",0.449351503251468,"Subpopulation_1"
"NGS_Nanog_WT_Rep3","Read_2523",0.459080192091779,"Subpopulation_1"
"NGS_Nanog_WT_Rep3","Read_2524",0.446710525243239,"Subpopulation_1"
"NGS_Nanog_WT_Rep3","Read_2525",0.446143683986788,"Subpopulation_1"
"NGS_Nanog_WT_Rep3","Read_2526",0.457114224158946,"Subpopulation_1"
"NGS_Nanog_WT_Rep3","Read_2527",0.462141196222101,"Subpopulation_1"
"NGS_Nanog_WT_Rep3","Read_2528",0.45920025541756,"Subpopulation_1"
"NGS_Nanog_WT_Rep3","Read_2529",0.459375351763854,"Subpopulation_1"
"NGS_Nanog_WT_Rep3","Read_2530",0.454189238473521,"Subpopulation_1"
"NGS_Nanog_WT_Rep3","Read_2531",0.451671648524699,"Subpopulation_1"
"NGS_Nanog_WT_Rep3","Read_2532",0.454236599975353,"Subpopulation_1"
"NGS_Nanog_WT_Rep3","Read_2533",0.460989537165746,"Subpopulation_1"
"NGS_Nanog_WT_Rep3","Read_2534",0.465265832190927,"Subpopulation_1"
"NGS_Nanog_WT_Rep3","Read_2535",0.461242333065416,"Subpopulation_1"
"NGS_Nanog_WT_Rep3","Read_2536",0.458060155837989,"Subpopulation_1"
"NGS_Nanog_WT_Rep3","Read_2537",0.45872978814885,"Subpopulation_1"
"NGS_Nanog_WT_Rep3","Read_2538",0.450484234686999,"Subpopulation_1"
"NGS_Nanog_WT_Rep3","Read_2539",0.459640353016451,"Subpopulation_1"
"NGS_Nanog_WT_Rep3","Read_2540",0.463206898147279,"Subpopulation_1"
"NGS_Nanog_WT_Rep3","Read_2541",0.462871598554762,"Subpopulation_1"
"NGS_Nanog_WT_Rep3","Read_2542",0.46581308479214,"Subpopulation_1"
"NGS_Nanog_WT_Rep3","Read_2543",0.461210068414094,"Subpopulation_1"
"NGS_Nanog_WT_Rep3","Read_2544",0.462576608265933,"Subpopulation_1"
"NGS_Nanog_WT_Rep3","Read_2545",0.46141436438234,"Subpopulation_1"
"NGS_Nanog_WT_Rep3","Read_2546",0.453075650064864,"Subpopulation_1"
"NGS_Nanog_WT_Rep3","Read_2547",0.440591903865234,"Subpopulation_1"
"NGS_Nanog_WT_Rep3","Read_2548",0.464005286557495,"Subpopulation_1"
"NGS_Nanog_WT_Rep3","Read_2549",0.445164840753818,"Subpopulation_1"
"NGS_Nanog_WT_Rep3","Read_2550",0.457938696179619,"Subpopulation_1"
"NGS_Nanog_WT_Rep3","Read_2551",0.440375867684305,"Subpopulation_1"
"NGS_Nanog_WT_Rep3","Read_2552",0.457679676943228,"Subpopulation_1"
"NGS_Nanog_WT_Rep3","Read_2553",0.450353282700341,"Subpopulation_1"
"NGS_Nanog_WT_Rep3","Read_2554",0.449554976394615,"Subpopulation_1"
"NGS_Nanog_WT_Rep3","Read_2555",0.458409505279787,"Subpopulation_1"
"NGS_Nanog_WT_Rep3","Read_2556",0.460677433937729,"Subpopulation_1"
"NGS_Nanog_WT_Rep3","Read_2557",0.451316876945356,"Subpopulation_1"
"NGS_Nanog_WT_Rep3","Read_2558",0.456064618029432,"Subpopulation_1"
"NGS_Nanog_WT_Rep3","Read_2559",0.448741203257453,"Subpopulation_1"
"NGS_Nanog_WT_Rep3","Read_2560",0.453666860351332,"Subpopulation_1"
"NGS_Nanog_WT_Rep3","Read_2561",0.452990895129875,"Subpopulation_1"
"NGS_Nanog_WT_Rep3","Read_2562",0.458354936048199,"Subpopulation_1"
"NGS_Nanog_WT_Rep3","Read_2563",0.455802267994139,"Subpopulation_1"
"NGS_Nanog_WT_Rep3","Read_2564",0.457066278392715,"Subpopulation_1"
"NGS_Nanog_WT_Rep3","Read_2565",0.455190898062363,"Subpopulation_1"
"NGS_Nanog_WT_Rep3","Read_2566",0.456813604953285,"Subpopulation_1"
"NGS_Nanog_WT_Rep3","Read_2567",0.456828972788603,"Subpopulation_1"
"NGS_Nanog_WT_Rep3","Read_2568",0.461421367068182,"Subpopulation_1"
"NGS_Nanog_WT_Rep3","Read_2569",0.464916255367448,"Subpopulation_1"
"NGS_Nanog_WT_Rep3","Read_2570",0.457482911058037,"Subpopulation_1"
"NGS_Nanog_WT_Rep3","Read_2571",0.460216523659099,"Subpopulation_1"
"NGS_Nanog_WT_Rep3","Read_2572",0.459178809347191,"Subpopulation_1"
"NGS_Nanog_WT_Rep3","Read_2573",0.450557775264968,"Subpopulation_1"
"NGS_Nanog_WT_Rep3","Read_2574",0.449483981703249,"Subpopulation_1"
"NGS_Nanog_WT_Rep3","Read_2575",0.466782021069374,"Subpopulation_1"
"NGS_Nanog_WT_Rep3","Read_2576",0.450563038266164,"Subpopulation_1"
"NGS_Nanog_WT_Rep3","Read_2577",0.465562939343225,"Subpopulation_1"
"NGS_Nanog_WT_Rep3","Read_2578",0.454115169183049,"Subpopulation_1"
"NGS_Nanog_WT_Rep3","Read_2579",0.454175827232222,"Subpopulation_1"
"NGS_Nanog_WT_Rep3","Read_2580",0.452527697364944,"Subpopulation_1"
"NGS_Nanog_WT_Rep3","Read_2581",0.450018903174973,"Subpopulation_1"
"NGS_Nanog_WT_Rep3","Read_2582",0.447474209591056,"Subpopulation_1"
"NGS_Nanog_WT_Rep3","Read_2583",0.449846552624949,"Subpopulation_1"
"NGS_Nanog_WT_Rep3","Read_2584",0.460566158431115,"Subpopulation_1"
"NGS_Nanog_WT_Rep3","Read_2585",0.457223159486407,"Subpopulation_1"
"NGS_Nanog_WT_Rep3","Read_2586",0.450442374187747,"Subpopulation_1"
"NGS_Nanog_WT_Rep3","Read_2587",0.464028576230688,"Subpopulation_1"
"NGS_Nanog_WT_Rep3","Read_2588",0.454269855166993,"Subpopulation_1"
"NGS_Nanog_WT_Rep3","Read_2589",0.455219568820262,"Subpopulation_1"
"NGS_Nanog_WT_Rep3","Read_2590",0.464070754481762,"Subpopulation_1"
"NGS_Nanog_WT_Rep3","Read_2591",0.460989749291472,"Subpopulation_1"
"NGS_Nanog_WT_Rep3","Read_2592",0.462447043378382,"Subpopulation_1"
"NGS_Nanog_WT_Rep3","Read_2593",0.453432994377426,"Subpopulation_1"
"NGS_Nanog_WT_Rep3","Read_2594",0.449025058054747,"Subpopulation_1"
"NGS_Nanog_WT_Rep3","Read_2595",0.458566096524406,"Subpopulation_1"
"NGS_Nanog_WT_Rep3","Read_2596",0.450679841580283,"Subpopulation_1"
"NGS_Nanog_WT_Rep3","Read_2597",0.461085755664962,"Subpopulation_1"
"NGS_Nanog_WT_Rep3","Read_2598",0.446765800800175,"Subpopulation_1"
"NGS_Nanog_WT_Rep3","Read_2599",0.456461428834062,"Subpopulation_1"
"NGS_Nanog_WT_Rep3","Read_2600",0.452822927424297,"Subpopulation_1"
"NGS_Nanog_WT_Rep3","Read_2601",0.453422186656356,"Subpopulation_1"
"NGS_Nanog_WT_Rep3","Read_2602",0.455056902676644,"Subpopulation_1"
"NGS_Nanog_WT_Rep3","Read_2603",0.455452893435281,"Subpopulation_1"
"NGS_Nanog_WT_Rep3","Read_2604",0.448453186867796,"Subpopulation_1"
"NGS_Nanog_WT_Rep3","Read_2605",0.458755420628796,"Subpopulation_1"
"NGS_Nanog_WT_Rep3","Read_2606",0.458549200152519,"Subpopulation_1"
"NGS_Nanog_WT_Rep3","Read_2607",0.465726841676695,"Subpopulation_1"
"NGS_Nanog_WT_Rep3","Read_2608",0.460316523206196,"Subpopulation_1"
"NGS_Nanog_WT_Rep3","Read_2609",0.455945679095069,"Subpopulation_1"
"NGS_Nanog_WT_Rep3","Read_2610",0.456754653147962,"Subpopulation_1"
"NGS_Nanog_WT_Rep3","Read_2611",0.463723928286035,"Subpopulation_1"
"NGS_Nanog_WT_Rep3","Read_2612",0.451703401041028,"Subpopulation_1"
"NGS_Nanog_WT_Rep3","Read_2613",0.46710165163413,"Subpopulation_1"
"NGS_Nanog_WT_Rep3","Read_2614",0.44568921250259,"Subpopulation_1"
"NGS_Nanog_WT_Rep3","Read_2615",0.46179928099468,"Subpopulation_1"
"NGS_Nanog_WT_Rep3","Read_2616",0.45637645585916,"Subpopulation_1"
"NGS_Nanog_WT_Rep3","Read_2617",0.467152720353789,"Subpopulation_1"
"NGS_Nanog_WT_Rep3","Read_2618",0.461551775575892,"Subpopulation_1"
"NGS_Nanog_WT_Rep3","Read_2619",0.456507274159798,"Subpopulation_1"
"NGS_Nanog_WT_Rep3","Read_2620",0.453714087430966,"Subpopulation_1"
"NGS_Nanog_WT_Rep3","Read_2621",0.444779825054686,"Subpopulation_1"
"NGS_Nanog_WT_Rep3","Read_2622",0.455658563144951,"Subpopulation_1"
"NGS_Nanog_WT_Rep3","Read_2623",0.453530504003949,"Subpopulation_1"
"NGS_Nanog_WT_Rep3","Read_2624",0.462593378875127,"Subpopulation_1"
"NGS_Nanog_WT_Rep3","Read_2625",0.448567140564262,"Subpopulation_1"
"NGS_Nanog_WT_Rep3","Read_2626",0.454222035978146,"Subpopulation_1"
"NGS_Nanog_WT_Rep3","Read_2627",0.457585722752513,"Subpopulation_1"
"NGS_Nanog_WT_Rep3","Read_2628",0.448987219446761,"Subpopulation_1"
"NGS_Nanog_WT_Rep3","Read_2629",0.452798029273436,"Subpopulation_1"
"NGS_Nanog_WT_Rep3","Read_2630",0.454343539659366,"Subpopulation_1"
"NGS_Nanog_WT_Rep3","Read_2631",0.445416625369963,"Subpopulation_1"
"NGS_Nanog_WT_Rep3","Read_2632",0.458529019850604,"Subpopulation_1"
"NGS_Nanog_WT_Rep3","Read_2633",0.464565940605653,"Subpopulation_1"
"NGS_Nanog_WT_Rep3","Read_2634",0.456551902299731,"Subpopulation_1"
"NGS_Nanog_WT_Rep3","Read_2635",0.454328262461977,"Subpopulation_1"
"NGS_Nanog_WT_Rep3","Read_2636",0.453028118176041,"Subpopulation_1"
"NGS_Nanog_WT_Rep3","Read_2637",0.463285538863437,"Subpopulation_1"
"NGS_Nanog_WT_Rep3","Read_2638",0.449211237685488,"Subpopulation_1"
"NGS_Nanog_WT_Rep3","Read_2639",0.450675954849338,"Subpopulation_1"
"NGS_Nanog_WT_Rep3","Read_2640",0.455490641838895,"Subpopulation_1"
"NGS_Nanog_WT_Rep3","Read_2641",0.456186575748474,"Subpopulation_1"
"NGS_Nanog_WT_Rep3","Read_2642",0.459543875658732,"Subpopulation_1"
"NGS_Nanog_WT_Rep3","Read_2643",0.453374805177079,"Subpopulation_1"
"NGS_Nanog_WT_Rep3","Read_2644",0.463954392933079,"Subpopulation_1"
"NGS_Nanog_WT_Rep3","Read_2645",0.458266167555985,"Subpopulation_1"
"NGS_Nanog_WT_Rep3","Read_2646",0.457920787644042,"Subpopulation_1"
"NGS_Nanog_WT_Rep3","Read_2647",0.454764824471771,"Subpopulation_1"
"NGS_Nanog_WT_Rep3","Read_2648",0.448640251532872,"Subpopulation_1"
"NGS_Nanog_WT_Rep3","Read_2649",0.457840735378586,"Subpopulation_1"
"NGS_Nanog_WT_Rep3","Read_2650",0.457784037719639,"Subpopulation_1"
"NGS_Nanog_WT_Rep3","Read_2651",0.452831166609154,"Subpopulation_1"
"NGS_Nanog_WT_Rep3","Read_2652",0.458984860641963,"Subpopulation_1"
"NGS_Nanog_WT_Rep3","Read_2653",0.468570808384494,"Subpopulation_1"
"NGS_Nanog_WT_Rep3","Read_2654",0.456580368672293,"Subpopulation_1"
"NGS_Nanog_WT_Rep3","Read_2655",0.468998049993724,"Subpopulation_1"
"NGS_Nanog_WT_Rep3","Read_2656",0.45416746363192,"Subpopulation_1"
"NGS_Nanog_WT_Rep3","Read_2657",0.453756106700705,"Subpopulation_1"
"NGS_Nanog_WT_Rep3","Read_2658",0.466158774360297,"Subpopulation_1"
"NGS_Nanog_WT_Rep3","Read_2659",0.459149159145586,"Subpopulation_1"
"NGS_Nanog_WT_Rep3","Read_2660",0.451448042188831,"Subpopulation_1"
"NGS_Nanog_WT_Rep3","Read_2661",0.458820196630634,"Subpopulation_1"
"NGS_Nanog_WT_Rep3","Read_2662",0.452259284625329,"Subpopulation_1"
"NGS_Nanog_WT_Rep3","Read_2663",0.460628561254135,"Subpopulation_1"
"NGS_Nanog_WT_Rep3","Read_2664",0.454530858970058,"Subpopulation_1"
"NGS_Nanog_WT_Rep3","Read_2665",0.45724119602595,"Subpopulation_1"
"NGS_Nanog_WT_Rep3","Read_2666",0.450129690419943,"Subpopulation_1"
"NGS_Nanog_WT_Rep3","Read_2667",0.462749466532235,"Subpopulation_1"
"NGS_Nanog_WT_Rep3","Read_2668",0.455865487288266,"Subpopulation_1"
"NGS_Nanog_WT_Rep3","Read_2669",0.453292591605426,"Subpopulation_1"
"NGS_Nanog_WT_Rep3","Read_2670",0.462163312688186,"Subpopulation_1"
"NGS_Nanog_WT_Rep3","Read_2671",0.452969997550108,"Subpopulation_1"
"NGS_Nanog_WT_Rep3","Read_2672",0.449113191648581,"Subpopulation_1"
"NGS_Nanog_WT_Rep3","Read_2673",0.458098934361666,"Subpopulation_1"
"NGS_Nanog_WT_Rep3","Read_2674",0.450916483349405,"Subpopulation_1"
"NGS_Nanog_WT_Rep3","Read_2675",0.459067220189769,"Subpopulation_1"
"NGS_Nanog_WT_Rep3","Read_2676",0.452261318010772,"Subpopulation_1"
"NGS_Nanog_WT_Rep3","Read_2677",0.445114519998007,"Subpopulation_1"
"NGS_Nanog_WT_Rep3","Read_2678",0.463306192034176,"Subpopulation_1"
"NGS_Nanog_WT_Rep3","Read_2679",0.460300735763413,"Subpopulation_1"
"NGS_Nanog_WT_Rep3","Read_2680",0.4576793871213,"Subpopulation_1"
"NGS_Nanog_WT_Rep3","Read_2681",0.44627760203494,"Subpopulation_1"
"NGS_Nanog_WT_Rep3","Read_2682",0.438069985392302,"Subpopulation_1"
"NGS_Nanog_WT_Rep3","Read_2683",0.476430906624563,"Subpopulation_1"
"NGS_Nanog_WT_Rep3","Read_2684",0.4539544966865,"Subpopulation_1"
"NGS_Nanog_WT_Rep3","Read_2685",0.459995829685825,"Subpopulation_1"
"NGS_Nanog_WT_Rep3","Read_2686",0.450575158308687,"Subpopulation_1"
"NGS_Nanog_WT_Rep3","Read_2687",0.46260807433429,"Subpopulation_1"
"NGS_Nanog_WT_Rep3","Read_2688",0.466042610329148,"Subpopulation_1"
"NGS_Nanog_WT_Rep3","Read_2689",0.455839939044818,"Subpopulation_1"
"NGS_Nanog_WT_Rep3","Read_2690",0.458364883221597,"Subpopulation_1"
"NGS_Nanog_WT_Rep3","Read_2691",0.457573691618237,"Subpopulation_1"
"NGS_Nanog_WT_Rep3","Read_2692",0.45667653067617,"Subpopulation_1"
"NGS_Nanog_WT_Rep3","Read_2693",0.452777907717456,"Subpopulation_1"
"NGS_Nanog_WT_Rep3","Read_2694",0.460078901575979,"Subpopulation_1"
"NGS_Nanog_WT_Rep3","Read_2695",0.455991657517304,"Subpopulation_1"
"NGS_Nanog_WT_Rep3","Read_2696",0.463460353392017,"Subpopulation_1"
"NGS_Nanog_WT_Rep3","Read_2697",0.454963351392494,"Subpopulation_1"
"NGS_Nanog_WT_Rep3","Read_2698",0.456096466971004,"Subpopulation_1"
"NGS_Nanog_WT_Rep3","Read_2699",0.452883044117867,"Subpopulation_1"
"NGS_Nanog_WT_Rep3","Read_2700",0.460466789669103,"Subpopulation_1"
"NGS_Nanog_WT_Rep3","Read_2701",0.464562026314465,"Subpopulation_1"
"NGS_Nanog_WT_Rep3","Read_2702",0.457535728991197,"Subpopulation_1"
"NGS_Nanog_WT_Rep3","Read_2703",0.45355832831608,"Subpopulation_1"
"NGS_Nanog_WT_Rep3","Read_2704",0.45035126107779,"Subpopulation_1"
"NGS_Nanog_WT_Rep3","Read_2705",0.452213222501772,"Subpopulation_1"
"NGS_Nanog_WT_Rep3","Read_2706",0.460664465198508,"Subpopulation_1"
"NGS_Nanog_WT_Rep3","Read_2707",0.447906144720015,"Subpopulation_1"
"NGS_Nanog_WT_Rep3","Read_2708",0.450931907635545,"Subpopulation_1"
"NGS_Nanog_WT_Rep3","Read_2709",0.453011139997853,"Subpopulation_1"
"NGS_Nanog_WT_Rep3","Read_2710",0.453208347692534,"Subpopulation_1"
"NGS_Nanog_WT_Rep3","Read_2711",0.45199836487594,"Subpopulation_1"
"NGS_Nanog_WT_Rep3","Read_2712",0.466838206220419,"Subpopulation_1"
"NGS_Nanog_WT_Rep3","Read_2713",0.46019367455251,"Subpopulation_1"
"NGS_Nanog_WT_Rep3","Read_2714",0.453325582622326,"Subpopulation_1"
"NGS_Nanog_WT_Rep3","Read_2715",0.465276356108701,"Subpopulation_1"
"NGS_Nanog_WT_Rep3","Read_2716",0.449807120714005,"Subpopulation_1"
"NGS_Nanog_WT_Rep3","Read_2717",0.443228556370182,"Subpopulation_1"
"NGS_Nanog_WT_Rep3","Read_2718",0.462258127226966,"Subpopulation_1"
"NGS_Nanog_WT_Rep3","Read_2719",0.459606786472602,"Subpopulation_1"
"NGS_Nanog_WT_Rep3","Read_2720",0.458550121502684,"Subpopulation_1"
"NGS_Nanog_WT_Rep3","Read_2721",0.447853607543336,"Subpopulation_1"
"NGS_Nanog_WT_Rep3","Read_2722",0.462019738208131,"Subpopulation_1"
"NGS_Nanog_WT_Rep3","Read_2723",0.46200310591876,"Subpopulation_1"
"NGS_Nanog_WT_Rep3","Read_2724",0.463601941697792,"Subpopulation_1"
"NGS_Nanog_WT_Rep3","Read_2725",0.458657900210778,"Subpopulation_1"
"NGS_Nanog_WT_Rep3","Read_2726",0.454528337205572,"Subpopulation_1"
"NGS_Nanog_WT_Rep3","Read_2727",0.46049307445226,"Subpopulation_1"
"NGS_Nanog_WT_Rep3","Read_2728",0.459797813864063,"Subpopulation_1"
"NGS_Nanog_WT_Rep3","Read_2729",0.467569976055183,"Subpopulation_1"
"NGS_Nanog_WT_Rep3","Read_2730",0.456807852389061,"Subpopulation_1"
"NGS_Nanog_WT_Rep3","Read_2731",0.454627741154662,"Subpopulation_1"
"NGS_Nanog_WT_Rep3","Read_2732",0.455067894480432,"Subpopulation_1"
"NGS_Nanog_WT_Rep3","Read_2733",0.443113693067585,"Subpopulation_1"
"NGS_Nanog_WT_Rep3","Read_2734",0.458535358991456,"Subpopulation_1"
"NGS_Nanog_WT_Rep3","Read_2735",0.462756922683749,"Subpopulation_1"
"NGS_Nanog_WT_Rep3","Read_2736",0.454882210149915,"Subpopulation_1"
"NGS_Nanog_WT_Rep3","Read_2737",0.455863486831951,"Subpopulation_1"
"NGS_Nanog_WT_Rep3","Read_2738",0.446777030238883,"Subpopulation_1"
"NGS_Nanog_WT_Rep3","Read_2739",0.451838942455952,"Subpopulation_1"
"NGS_Nanog_WT_Rep3","Read_2740",0.447914402035214,"Subpopulation_1"
"NGS_Nanog_WT_Rep3","Read_2741",0.456059105063593,"Subpopulation_1"
"NGS_Nanog_WT_Rep3","Read_2742",0.444900232207883,"Subpopulation_1"
"NGS_Nanog_WT_Rep3","Read_2743",0.455632920991887,"Subpopulation_1"
"NGS_Nanog_WT_Rep3","Read_2744",0.459338664507151,"Subpopulation_1"
"NGS_Nanog_WT_Rep3","Read_2745",0.449766532150305,"Subpopulation_1"
"NGS_Nanog_WT_Rep3","Read_2746",0.445258575107322,"Subpopulation_1"
"NGS_Nanog_WT_Rep3","Read_2747",0.458370666974098,"Subpopulation_1"
"NGS_Nanog_WT_Rep3","Read_2748",0.455798186911007,"Subpopulation_1"
"NGS_Nanog_WT_Rep3","Read_2749",0.439464753725448,"Subpopulation_1"
"NGS_Nanog_WT_Rep3","Read_2750",0.452374029389345,"Subpopulation_1"
"NGS_Nanog_WT_Rep3","Read_2751",0.458703183484201,"Subpopulation_1"
"NGS_Nanog_WT_Rep3","Read_2752",0.45037175427831,"Subpopulation_1"
"NGS_Nanog_WT_Rep3","Read_2753",0.452709361910431,"Subpopulation_1"
"NGS_Nanog_WT_Rep3","Read_2754",0.455835798713492,"Subpopulation_1"
"NGS_Nanog_WT_Rep3","Read_2755",0.450002006069776,"Subpopulation_1"
"NGS_Nanog_WT_Rep3","Read_2756",0.460876330871753,"Subpopulation_1"
"NGS_Nanog_WT_Rep3","Read_2757",0.456528540436986,"Subpopulation_1"
"NGS_Nanog_WT_Rep3","Read_2758",0.461306715871465,"Subpopulation_1"
"NGS_Nanog_WT_Rep3","Read_2759",0.454709330779481,"Subpopulation_1"
"NGS_Nanog_WT_Rep3","Read_2760",0.454200011666791,"Subpopulation_1"
"NGS_Nanog_WT_Rep3","Read_2761",0.431959745193755,"Subpopulation_1"
"NGS_Nanog_WT_Rep3","Read_2762",0.459329835584993,"Subpopulation_1"
"NGS_Nanog_WT_Rep3","Read_2763",0.464136188381128,"Subpopulation_1"
"NGS_Nanog_WT_Rep3","Read_2764",0.452283105206984,"Subpopulation_1"
"NGS_Nanog_WT_Rep3","Read_2765",0.452269401698526,"Subpopulation_1"
"NGS_Nanog_WT_Rep3","Read_2766",0.450982102292956,"Subpopulation_1"
"NGS_Nanog_WT_Rep3","Read_2767",0.459048929787572,"Subpopulation_1"
"NGS_Nanog_WT_Rep3","Read_2768",0.445287116117435,"Subpopulation_1"
"NGS_Nanog_WT_Rep3","Read_2769",0.456646252968454,"Subpopulation_1"
"NGS_Nanog_WT_Rep3","Read_2770",0.460304737224554,"Subpopulation_1"
"NGS_Nanog_WT_Rep3","Read_2771",0.452710211229423,"Subpopulation_1"
"NGS_Nanog_WT_Rep3","Read_2772",0.446463429567946,"Subpopulation_1"
"NGS_Nanog_WT_Rep3","Read_2773",0.456417591609566,"Subpopulation_1"
"NGS_Nanog_WT_Rep3","Read_2774",0.455765295421278,"Subpopulation_1"
"NGS_Nanog_WT_Rep3","Read_2775",0.459179608037381,"Subpopulation_1"
"NGS_Nanog_WT_Rep3","Read_2776",0.458556694575558,"Subpopulation_1"
"NGS_Nanog_WT_Rep3","Read_2777",0.462529764284702,"Subpopulation_1"
"NGS_Nanog_WT_Rep3","Read_2778",0.45628943079385,"Subpopulation_1"
"NGS_Nanog_WT_Rep3","Read_2779",0.463945071872728,"Subpopulation_1"
"NGS_Nanog_WT_Rep3","Read_2780",0.461918886476974,"Subpopulation_1"
"NGS_Nanog_WT_Rep3","Read_2781",0.453897210680047,"Subpopulation_1"
"NGS_Nanog_WT_Rep3","Read_2782",0.456460584259715,"Subpopulation_1"
"NGS_Nanog_WT_Rep3","Read_2783",0.466479238786083,"Subpopulation_1"
"NGS_Nanog_WT_Rep3","Read_2784",0.446475501755709,"Subpopulation_1"
"NGS_Nanog_WT_Rep3","Read_2785",0.449710705485674,"Subpopulation_1"
"NGS_Nanog_WT_Rep3","Read_2786",0.45569816989047,"Subpopulation_1"
"NGS_Nanog_WT_Rep3","Read_2787",0.465984237589675,"Subpopulation_1"
"NGS_Nanog_WT_Rep3","Read_2788",0.458636670430984,"Subpopulation_1"
"NGS_Nanog_WT_Rep3","Read_2789",0.450712908783721,"Subpopulation_1"
"NGS_Nanog_WT_Rep3","Read_2790",0.459785900270682,"Subpopulation_1"
"NGS_Nanog_WT_Rep3","Read_2791",0.453072507861402,"Subpopulation_1"
"NGS_Nanog_WT_Rep3","Read_2792",0.449974358349586,"Subpopulation_1"
"NGS_Nanog_WT_Rep3","Read_2793",0.451947743127668,"Subpopulation_1"
"NGS_Nanog_WT_Rep3","Read_2794",0.451370818735042,"Subpopulation_1"
"NGS_Nanog_WT_Rep3","Read_2795",0.456167518575543,"Subpopulation_1"
"NGS_Nanog_WT_Rep3","Read_2796",0.455510863766232,"Subpopulation_1"
"NGS_Nanog_WT_Rep3","Read_2797",0.461495858783138,"Subpopulation_1"
"NGS_Nanog_WT_Rep3","Read_2798",0.449675256925564,"Subpopulation_1"
"NGS_Nanog_WT_Rep3","Read_2799",0.449130675469111,"Subpopulation_1"
"NGS_Nanog_WT_Rep3","Read_2800",0.454980956948248,"Subpopulation_1"
"NGS_Nanog_WT_Rep3","Read_2801",0.467951515085773,"Subpopulation_1"
"NGS_Nanog_WT_Rep3","Read_2802",0.456918996626242,"Subpopulation_1"
"NGS_Nanog_WT_Rep3","Read_2803",0.451373821962986,"Subpopulation_1"
"NGS_Nanog_WT_Rep3","Read_2804",0.456549228105444,"Subpopulation_1"
"NGS_Nanog_WT_Rep3","Read_2805",0.462907755822379,"Subpopulation_1"
"NGS_Nanog_WT_Rep3","Read_2806",0.447001731855442,"Subpopulation_1"
"NGS_Nanog_WT_Rep3","Read_2807",0.459180452274573,"Subpopulation_1"
"NGS_Nanog_WT_Rep3","Read_2808",0.458729364114283,"Subpopulation_1"
"NGS_Nanog_WT_Rep3","Read_2809",0.458083823578919,"Subpopulation_1"
"NGS_Nanog_WT_Rep3","Read_2810",0.461304519350588,"Subpopulation_1"
"NGS_Nanog_WT_Rep3","Read_2811",0.452279894760487,"Subpopulation_1"
"NGS_Nanog_WT_Rep3","Read_2812",0.454944323330182,"Subpopulation_1"
"NGS_Nanog_WT_Rep3","Read_2813",0.441742882762813,"Subpopulation_1"
"NGS_Nanog_WT_Rep3","Read_2814",0.456536877905889,"Subpopulation_1"
"NGS_Nanog_WT_Rep3","Read_2815",0.456416491593114,"Subpopulation_1"
"NGS_Nanog_WT_Rep3","Read_2816",0.448558645537985,"Subpopulation_1"
"NGS_Nanog_WT_Rep3","Read_2817",0.466961038917802,"Subpopulation_1"
"NGS_Nanog_WT_Rep3","Read_2818",0.459284796419141,"Subpopulation_1"
"NGS_Nanog_WT_Rep3","Read_2819",0.446788422809918,"Subpopulation_1"
"NGS_Nanog_WT_Rep3","Read_2820",0.449412167844835,"Subpopulation_1"
"NGS_Nanog_WT_Rep3","Read_2821",0.454329753048075,"Subpopulation_1"
"NGS_Nanog_WT_Rep3","Read_2822",0.451499767284979,"Subpopulation_1"
"NGS_Nanog_WT_Rep3","Read_2823",0.449332116819534,"Subpopulation_1"
"NGS_Nanog_WT_Rep3","Read_2824",0.457948959750849,"Subpopulation_1"
"NGS_Nanog_WT_Rep3","Read_2825",0.457240068078166,"Subpopulation_1"
"NGS_Nanog_WT_Rep3","Read_2826",0.458878213084871,"Subpopulation_1"
"NGS_Nanog_WT_Rep3","Read_2827",0.458978753119674,"Subpopulation_1"
"NGS_Nanog_WT_Rep3","Read_2828",0.462035718302414,"Subpopulation_1"
"NGS_Nanog_WT_Rep3","Read_2829",0.456016362320514,"Subpopulation_1"
"NGS_Nanog_WT_Rep3","Read_2830",0.455836472180599,"Subpopulation_1"
"NGS_Nanog_WT_Rep3","Read_2831",0.458033057679735,"Subpopulation_1"
"NGS_Nanog_WT_Rep3","Read_2832",0.450319776070387,"Subpopulation_1"
"NGS_Nanog_WT_Rep3","Read_2833",0.457549342156594,"Subpopulation_1"
"NGS_Nanog_WT_Rep3","Read_2834",0.461178590955758,"Subpopulation_1"
"NGS_Nanog_WT_Rep3","Read_2835",0.464158668747896,"Subpopulation_1"
"NGS_Nanog_WT_Rep3","Read_2836",0.45557758847225,"Subpopulation_1"
"NGS_Nanog_WT_Rep3","Read_2837",0.463306539040761,"Subpopulation_1"
"NGS_Nanog_WT_Rep3","Read_2838",0.453097290701343,"Subpopulation_1"
"NGS_Nanog_WT_Rep3","Read_2839",0.453504441335291,"Subpopulation_1"
"NGS_Nanog_WT_Rep3","Read_2840",0.455952387358686,"Subpopulation_1"
"NGS_Nanog_WT_Rep3","Read_2841",0.449786866782542,"Subpopulation_1"
"NGS_Nanog_WT_Rep3","Read_2842",0.457816955283254,"Subpopulation_1"
"NGS_Nanog_WT_Rep3","Read_2843",0.46117166811359,"Subpopulation_1"
"NGS_Nanog_WT_Rep3","Read_2844",0.452333540850389,"Subpopulation_1"
"NGS_Nanog_WT_Rep3","Read_2845",0.449827958006123,"Subpopulation_1"
"NGS_Nanog_WT_Rep3","Read_2846",0.462494223655201,"Subpopulation_1"
"NGS_Nanog_WT_Rep3","Read_2847",0.457983973908894,"Subpopulation_1"
"NGS_Nanog_WT_Rep3","Read_2848",0.461842640020296,"Subpopulation_1"
"NGS_Nanog_WT_Rep3","Read_2849",0.462168810994632,"Subpopulation_1"
"NGS_Nanog_WT_Rep3","Read_2850",0.453570161446531,"Subpopulation_1"
"NGS_Nanog_WT_Rep3","Read_2851",0.453759536373474,"Subpopulation_1"
"NGS_Nanog_WT_Rep3","Read_2852",0.454085829292227,"Subpopulation_1"
"NGS_Nanog_WT_Rep3","Read_2853",0.456336696006814,"Subpopulation_1"
"NGS_Nanog_WT_Rep3","Read_2854",0.448285434725496,"Subpopulation_1"
"NGS_Nanog_WT_Rep3","Read_2855",0.454599044615297,"Subpopulation_1"
"NGS_Nanog_WT_Rep3","Read_2856",0.456914478287066,"Subpopulation_1"
"NGS_Nanog_WT_Rep3","Read_2857",0.439450704798511,"Subpopulation_1"
"NGS_Nanog_WT_Rep3","Read_2858",0.456525825439083,"Subpopulation_1"
"NGS_Nanog_WT_Rep3","Read_2859",0.450287860981409,"Subpopulation_1"
"NGS_Nanog_WT_Rep3","Read_2860",0.4600894412099,"Subpopulation_1"
"NGS_Nanog_WT_Rep3","Read_2861",0.46073760558837,"Subpopulation_1"
"NGS_Nanog_WT_Rep3","Read_2862",0.455518282820765,"Subpopulation_1"
"NGS_Nanog_WT_Rep3","Read_2863",0.459276203488284,"Subpopulation_1"
"NGS_Nanog_WT_Rep3","Read_2864",0.457509553038341,"Subpopulation_1"
"NGS_Nanog_WT_Rep3","Read_2865",0.460069678736747,"Subpopulation_1"
"NGS_Nanog_WT_Rep3","Read_2866",0.460952429770266,"Subpopulation_1"
"NGS_Nanog_WT_Rep3","Read_2867",0.46806375369707,"Subpopulation_1"
"NGS_Nanog_WT_Rep3","Read_2868",0.456557384976473,"Subpopulation_1"
"NGS_Nanog_WT_Rep3","Read_2869",0.459873336310164,"Subpopulation_1"
"NGS_Nanog_WT_Rep3","Read_2870",0.445205682906038,"Subpopulation_1"
"NGS_Nanog_WT_Rep3","Read_2871",0.447842835909224,"Subpopulation_1"
"NGS_Nanog_WT_Rep3","Read_2872",0.460442916605568,"Subpopulation_1"
"NGS_Nanog_WT_Rep3","Read_2873",0.459462277508453,"Subpopulation_1"
"NGS_Nanog_WT_Rep3","Read_2874",0.455381122354748,"Subpopulation_1"
"NGS_Nanog_WT_Rep3","Read_2875",0.455624867199641,"Subpopulation_1"
"NGS_Nanog_WT_Rep3","Read_2876",0.458178588050404,"Subpopulation_1"
"NGS_Nanog_WT_Rep3","Read_2877",0.478204127610326,"Subpopulation_1"
"NGS_Nanog_WT_Rep3","Read_2878",0.452835458467371,"Subpopulation_1"
"NGS_Nanog_WT_Rep3","Read_2879",0.451617640049705,"Subpopulation_1"
"NGS_Nanog_WT_Rep3","Read_2880",0.464518021620345,"Subpopulation_1"
"NGS_Nanog_WT_Rep3","Read_2881",0.455677454614364,"Subpopulation_1"
"NGS_Nanog_WT_Rep3","Read_2882",0.459906503491123,"Subpopulation_1"
"NGS_Nanog_WT_Rep3","Read_2883",0.465404709766458,"Subpopulation_1"
"NGS_Nanog_WT_Rep3","Read_2884",0.446260435729351,"Subpopulation_1"
"NGS_Nanog_WT_Rep3","Read_2885",0.453462936602839,"Subpopulation_1"
"NGS_Nanog_WT_Rep3","Read_2886",0.444946455509237,"Subpopulation_1"
"NGS_Nanog_WT_Rep3","Read_2887",0.453821714362011,"Subpopulation_1"
"NGS_Nanog_WT_Rep3","Read_2888",0.453111768443263,"Subpopulation_1"
"NGS_Nanog_WT_Rep3","Read_2889",0.450950264137784,"Subpopulation_1"
"NGS_Nanog_WT_Rep3","Read_2890",0.467737341286322,"Subpopulation_1"
"NGS_Nanog_WT_Rep3","Read_2891",0.462286788165117,"Subpopulation_1"
"NGS_Nanog_WT_Rep3","Read_2892",0.441407809353599,"Subpopulation_1"
"NGS_Nanog_WT_Rep3","Read_2893",0.458011330700517,"Subpopulation_1"
"NGS_Nanog_WT_Rep3","Read_2894",0.445317878349591,"Subpopulation_1"
"NGS_Nanog_WT_Rep3","Read_2895",0.450427174411212,"Subpopulation_1"
"NGS_Nanog_WT_Rep3","Read_2896",0.463858416285682,"Subpopulation_1"
"NGS_Nanog_WT_Rep3","Read_2897",0.4547022072387,"Subpopulation_1"
"NGS_Nanog_WT_Rep3","Read_2898",0.456412381177661,"Subpopulation_1"
"NGS_Nanog_WT_Rep3","Read_2899",0.453664265518362,"Subpopulation_1"
"NGS_Nanog_WT_Rep3","Read_2900",0.456275819549838,"Subpopulation_1"
"NGS_Nanog_WT_Rep3","Read_2901",0.456106972496856,"Subpopulation_1"
"NGS_Nanog_WT_Rep3","Read_2902",0.460251295194924,"Subpopulation_1"
"NGS_Nanog_WT_Rep3","Read_2903",0.456182674462637,"Subpopulation_1"
"NGS_Nanog_WT_Rep3","Read_2904",0.457712196997421,"Subpopulation_1"
"NGS_Nanog_WT_Rep3","Read_2905",0.460576963338054,"Subpopulation_1"
"NGS_Nanog_WT_Rep3","Read_2906",0.467685233900634,"Subpopulation_1"
"NGS_Nanog_WT_Rep3","Read_2907",0.460181050335342,"Subpopulation_1"
"NGS_Nanog_WT_Rep3","Read_2908",0.454080729010934,"Subpopulation_1"
"NGS_Nanog_WT_Rep3","Read_2909",0.451497415231001,"Subpopulation_1"
"NGS_Nanog_WT_Rep3","Read_2910",0.459385468186961,"Subpopulation_1"
"NGS_Nanog_WT_Rep3","Read_2911",0.449640871755593,"Subpopulation_1"
"NGS_Nanog_WT_Rep3","Read_2912",0.468640701695377,"Subpopulation_1"
"NGS_Nanog_WT_Rep3","Read_2913",0.449975075028005,"Subpopulation_1"
"NGS_Nanog_WT_Rep3","Read_2914",0.451358011546638,"Subpopulation_1"
"NGS_Nanog_WT_Rep3","Read_2915",0.459641610758232,"Subpopulation_1"
"NGS_Nanog_WT_Rep3","Read_2916",0.461447618382848,"Subpopulation_1"
"NGS_Nanog_WT_Rep3","Read_2917",0.461683323530732,"Subpopulation_1"
"NGS_Nanog_WT_Rep3","Read_2918",0.458895629987293,"Subpopulation_1"
"NGS_Nanog_WT_Rep3","Read_2919",0.463555072896471,"Subpopulation_1"
"NGS_Nanog_WT_Rep3","Read_2920",0.45479478655736,"Subpopulation_1"
"NGS_Nanog_WT_Rep3","Read_2921",0.45816990396816,"Subpopulation_1"
"NGS_Nanog_WT_Rep3","Read_2922",0.466780220295042,"Subpopulation_1"
"NGS_Nanog_WT_Rep3","Read_2923",0.450214171553965,"Subpopulation_1"
"NGS_Nanog_WT_Rep3","Read_2924",0.449568587864594,"Subpopulation_1"
"NGS_Nanog_WT_Rep3","Read_2925",0.452489224664474,"Subpopulation_1"
"NGS_Nanog_WT_Rep3","Read_2926",0.452530190950236,"Subpopulation_1"
"NGS_Nanog_WT_Rep3","Read_2927",0.468783254254517,"Subpopulation_1"
"NGS_Nanog_WT_Rep3","Read_2928",0.460414934909099,"Subpopulation_1"
"NGS_Nanog_WT_Rep3","Read_2929",0.461520519354197,"Subpopulation_1"
"NGS_Nanog_WT_Rep3","Read_2930",0.453636943637564,"Subpopulation_1"
"NGS_Nanog_WT_Rep3","Read_2931",0.456533835303314,"Subpopulation_1"
"NGS_Nanog_WT_Rep3","Read_2932",0.458054879062211,"Subpopulation_1"
"NGS_Nanog_WT_Rep3","Read_2933",0.45587694457825,"Subpopulation_1"
"NGS_Nanog_WT_Rep3","Read_2934",0.454749542644379,"Subpopulation_1"
"NGS_Nanog_WT_Rep3","Read_2935",0.453727609358361,"Subpopulation_1"
"NGS_Nanog_WT_Rep3","Read_2936",0.458913237168979,"Subpopulation_1"
"NGS_Nanog_WT_Rep3","Read_2937",0.455251092967534,"Subpopulation_1"
"NGS_Nanog_WT_Rep3","Read_2938",0.459507040855305,"Subpopulation_1"
"NGS_Nanog_WT_Rep3","Read_2939",0.456335951097082,"Subpopulation_1"
"NGS_Nanog_WT_Rep3","Read_2940",0.452619762680288,"Subpopulation_1"
"NGS_Nanog_WT_Rep3","Read_2941",0.460685736589702,"Subpopulation_1"
"NGS_Nanog_WT_Rep3","Read_2942",0.458799594097895,"Subpopulation_1"
"NGS_Nanog_WT_Rep3","Read_2943",0.45646080359175,"Subpopulation_1"
"NGS_Nanog_WT_Rep3","Read_2944",0.45227251110682,"Subpopulation_1"
"NGS_Nanog_WT_Rep3","Read_2945",0.459362724698321,"Subpopulation_1"
"NGS_Nanog_WT_Rep3","Read_2946",0.45463389395432,"Subpopulation_1"
"NGS_Nanog_WT_Rep3","Read_2947",0.457480731857359,"Subpopulation_1"
"NGS_Nanog_WT_Rep3","Read_2948",0.458088002752655,"Subpopulation_1"
"NGS_Nanog_WT_Rep3","Read_2949",0.449795456474664,"Subpopulation_1"
"NGS_Nanog_WT_Rep3","Read_2950",0.445531992110025,"Subpopulation_1"
"NGS_Nanog_WT_Rep3","Read_2951",0.447600005866426,"Subpopulation_1"
"NGS_Nanog_WT_Rep3","Read_2952",0.453038202748132,"Subpopulation_1"
"NGS_Nanog_WT_Rep3","Read_2953",0.460598757237914,"Subpopulation_1"
"NGS_Nanog_WT_Rep3","Read_2954",0.460216994591467,"Subpopulation_1"
"NGS_Nanog_WT_Rep3","Read_2955",0.468502030684725,"Subpopulation_1"
"NGS_Nanog_WT_Rep3","Read_2956",0.460552978961991,"Subpopulation_1"
"NGS_Nanog_WT_Rep3","Read_2957",0.462185910089357,"Subpopulation_1"
"NGS_Nanog_WT_Rep3","Read_2958",0.447176766594866,"Subpopulation_1"
"NGS_Nanog_WT_Rep3","Read_2959",0.446653062031067,"Subpopulation_1"
"NGS_Nanog_WT_Rep3","Read_2960",0.449084514436945,"Subpopulation_1"
"NGS_Nanog_WT_Rep3","Read_2961",0.463189838369291,"Subpopulation_1"
"NGS_Nanog_WT_Rep3","Read_2962",0.455935784682839,"Subpopulation_1"
"NGS_Nanog_WT_Rep3","Read_2963",0.454889051425257,"Subpopulation_1"
"NGS_Nanog_WT_Rep3","Read_2964",0.460067939218442,"Subpopulation_1"
"NGS_Nanog_WT_Rep3","Read_2965",0.456840833730597,"Subpopulation_1"
"NGS_Nanog_WT_Rep3","Read_2966",0.444132584940195,"Subpopulation_1"
"NGS_Nanog_WT_Rep3","Read_2967",0.462114968369695,"Subpopulation_1"
"NGS_Nanog_WT_Rep3","Read_2968",0.453721660388949,"Subpopulation_1"
"NGS_Nanog_WT_Rep3","Read_2969",0.449336528581,"Subpopulation_1"
"NGS_Nanog_WT_Rep3","Read_2970",0.462868952243894,"Subpopulation_1"
"NGS_Nanog_WT_Rep3","Read_2971",0.456730328252323,"Subpopulation_1"
"NGS_Nanog_WT_Rep3","Read_2972",0.445448379969001,"Subpopulation_1"
"NGS_Nanog_WT_Rep3","Read_2973",0.460370625200342,"Subpopulation_1"
"NGS_Nanog_WT_Rep3","Read_2974",0.465930418766136,"Subpopulation_1"
"NGS_Nanog_WT_Rep3","Read_2975",0.458938453358973,"Subpopulation_1"
"NGS_Nanog_WT_Rep3","Read_2976",0.453509971574199,"Subpopulation_1"
"NGS_Nanog_WT_Rep3","Read_2977",0.460059957964025,"Subpopulation_1"
"NGS_Nanog_WT_Rep3","Read_2978",0.454929475588949,"Subpopulation_1"
"NGS_Nanog_WT_Rep3","Read_2979",0.461173394365135,"Subpopulation_1"
"NGS_Nanog_WT_Rep3","Read_2980",0.455612100347381,"Subpopulation_1"
"NGS_Nanog_WT_Rep3","Read_2981",0.453574577404904,"Subpopulation_1"
"NGS_Nanog_WT_Rep3","Read_2982",0.458863030422662,"Subpopulation_1"
"NGS_Nanog_WT_Rep3","Read_2983",0.456021859736939,"Subpopulation_1"
"NGS_Nanog_WT_Rep3","Read_2984",0.460278088830546,"Subpopulation_1"
"NGS_Nanog_WT_Rep3","Read_2985",0.447174960278974,"Subpopulation_1"
"NGS_Nanog_WT_Rep3","Read_2986",0.454515943892711,"Subpopulation_1"
"NGS_Nanog_WT_Rep3","Read_2987",0.457334949090318,"Subpopulation_1"
"NGS_Nanog_WT_Rep3","Read_2988",0.456463108425603,"Subpopulation_1"
"NGS_Nanog_WT_Rep3","Read_2989",0.452111925798252,"Subpopulation_1"
"NGS_Nanog_WT_Rep3","Read_2990",0.447812102327508,"Subpopulation_1"
"NGS_Nanog_WT_Rep3","Read_2991",0.448299876474838,"Subpopulation_1"
"NGS_Nanog_WT_Rep3","Read_2992",0.464944737873239,"Subpopulation_1"
"NGS_Nanog_WT_Rep3","Read_2993",0.458443083165879,"Subpopulation_1"
"NGS_Nanog_WT_Rep3","Read_2994",0.452662342826263,"Subpopulation_1"
"NGS_Nanog_WT_Rep3","Read_2995",0.449270369187129,"Subpopulation_1"
"NGS_Nanog_WT_Rep3","Read_2996",0.44512088434606,"Subpopulation_1"
"NGS_Nanog_WT_Rep3","Read_2997",0.455585082858527,"Subpopulation_1"
"NGS_Nanog_WT_Rep3","Read_2998",0.459551208493034,"Subpopulation_1"
"NGS_Nanog_WT_Rep3","Read_2999",0.462569089410314,"Subpopulation_1"
"NGS_Nanog_WT_Rep3","Read_3000",0.454908204643775,"Subpopulation_1"
