"Sample","ReadID","sampled_methylation","allele"
"NGS_Nanog_KO_Rep3","Read_1",0.719500452803026,"Subpopulation_1"
"NGS_Nanog_KO_Rep3","Read_2",0.722292641794366,"Subpopulation_1"
"NGS_Nanog_KO_Rep3","Read_3",0.72011329434009,"Subpopulation_1"
"NGS_Nanog_KO_Rep3","Read_4",0.713414099113442,"Subpopulation_1"
"NGS_Nanog_KO_Rep3","Read_5",0.720410031205143,"Subpopulation_1"
"NGS_Nanog_KO_Rep3","Read_6",0.709654727636765,"Subpopulation_1"
"NGS_Nanog_KO_Rep3","Read_7",0.717140893190756,"Subpopulation_1"
"NGS_Nanog_KO_Rep3","Read_8",0.71613095618315,"Subpopulation_1"
"NGS_Nanog_KO_Rep3","Read_9",0.709389829636546,"Subpopulation_1"
"NGS_Nanog_KO_Rep3","Read_10",0.730592511499114,"Subpopulation_1"
"NGS_Nanog_KO_Rep3","Read_11",0.720416679025933,"Subpopulation_1"
"NGS_Nanog_KO_Rep3","Read_12",0.70925319443486,"Subpopulation_1"
"NGS_Nanog_KO_Rep3","Read_13",0.714785217759679,"Subpopulation_1"
"NGS_Nanog_KO_Rep3","Read_14",0.716500134828782,"Subpopulation_1"
"NGS_Nanog_KO_Rep3","Read_15",0.72028930585712,"Subpopulation_1"
"NGS_Nanog_KO_Rep3","Read_16",0.719552910950864,"Subpopulation_1"
"NGS_Nanog_KO_Rep3","Read_17",0.726163686277446,"Subpopulation_1"
"NGS_Nanog_KO_Rep3","Read_18",0.720472009561965,"Subpopulation_1"
"NGS_Nanog_KO_Rep3","Read_19",0.718535176278676,"Subpopulation_1"
"NGS_Nanog_KO_Rep3","Read_20",0.721673370384526,"Subpopulation_1"
"NGS_Nanog_KO_Rep3","Read_21",0.72414486003395,"Subpopulation_1"
"NGS_Nanog_KO_Rep3","Read_22",0.719060398997811,"Subpopulation_1"
"NGS_Nanog_KO_Rep3","Read_23",0.721444141799882,"Subpopulation_1"
"NGS_Nanog_KO_Rep3","Read_24",0.716831993377592,"Subpopulation_1"
"NGS_Nanog_KO_Rep3","Read_25",0.722808247893104,"Subpopulation_1"
"NGS_Nanog_KO_Rep3","Read_26",0.724622702662815,"Subpopulation_1"
"NGS_Nanog_KO_Rep3","Read_27",0.718179664343727,"Subpopulation_1"
"NGS_Nanog_KO_Rep3","Read_28",0.71316780447108,"Subpopulation_1"
"NGS_Nanog_KO_Rep3","Read_29",0.722600754482327,"Subpopulation_1"
"NGS_Nanog_KO_Rep3","Read_30",0.716934156100503,"Subpopulation_1"
"NGS_Nanog_KO_Rep3","Read_31",0.734603424477742,"Subpopulation_1"
"NGS_Nanog_KO_Rep3","Read_32",0.716343058741744,"Subpopulation_1"
"NGS_Nanog_KO_Rep3","Read_33",0.71897055717166,"Subpopulation_1"
"NGS_Nanog_KO_Rep3","Read_34",0.713819472758926,"Subpopulation_1"
"NGS_Nanog_KO_Rep3","Read_35",0.725287993930054,"Subpopulation_1"
"NGS_Nanog_KO_Rep3","Read_36",0.714893781834582,"Subpopulation_1"
"NGS_Nanog_KO_Rep3","Read_37",0.724202972661561,"Subpopulation_1"
"NGS_Nanog_KO_Rep3","Read_38",0.725406304752741,"Subpopulation_1"
"NGS_Nanog_KO_Rep3","Read_39",0.715169317967581,"Subpopulation_1"
"NGS_Nanog_KO_Rep3","Read_40",0.728138261229653,"Subpopulation_1"
"NGS_Nanog_KO_Rep3","Read_41",0.71349080861259,"Subpopulation_1"
"NGS_Nanog_KO_Rep3","Read_42",0.718992507069577,"Subpopulation_1"
"NGS_Nanog_KO_Rep3","Read_43",0.720502328301386,"Subpopulation_1"
"NGS_Nanog_KO_Rep3","Read_44",0.724759650223011,"Subpopulation_1"
"NGS_Nanog_KO_Rep3","Read_45",0.730359389347695,"Subpopulation_1"
"NGS_Nanog_KO_Rep3","Read_46",0.725971630480527,"Subpopulation_1"
"NGS_Nanog_KO_Rep3","Read_47",0.719595848801851,"Subpopulation_1"
"NGS_Nanog_KO_Rep3","Read_48",0.721925005579298,"Subpopulation_1"
"NGS_Nanog_KO_Rep3","Read_49",0.721668183548064,"Subpopulation_1"
"NGS_Nanog_KO_Rep3","Read_50",0.713281457651302,"Subpopulation_1"
"NGS_Nanog_KO_Rep3","Read_51",0.717713762234784,"Subpopulation_1"
"NGS_Nanog_KO_Rep3","Read_52",0.716430313909873,"Subpopulation_1"
"NGS_Nanog_KO_Rep3","Read_53",0.711349667359803,"Subpopulation_1"
"NGS_Nanog_KO_Rep3","Read_54",0.726355103415612,"Subpopulation_1"
"NGS_Nanog_KO_Rep3","Read_55",0.72479867545114,"Subpopulation_1"
"NGS_Nanog_KO_Rep3","Read_56",0.71734918261682,"Subpopulation_1"
"NGS_Nanog_KO_Rep3","Read_57",0.719110285454184,"Subpopulation_1"
"NGS_Nanog_KO_Rep3","Read_58",0.711489386204054,"Subpopulation_1"
"NGS_Nanog_KO_Rep3","Read_59",0.716923589161254,"Subpopulation_1"
"NGS_Nanog_KO_Rep3","Read_60",0.72707499987986,"Subpopulation_1"
"NGS_Nanog_KO_Rep3","Read_61",0.720191978783731,"Subpopulation_1"
"NGS_Nanog_KO_Rep3","Read_62",0.716534602023019,"Subpopulation_1"
"NGS_Nanog_KO_Rep3","Read_63",0.727570753253245,"Subpopulation_1"
"NGS_Nanog_KO_Rep3","Read_64",0.706885297788716,"Subpopulation_1"
"NGS_Nanog_KO_Rep3","Read_65",0.718368894572536,"Subpopulation_1"
"NGS_Nanog_KO_Rep3","Read_66",0.727056258309419,"Subpopulation_1"
"NGS_Nanog_KO_Rep3","Read_67",0.712787495477405,"Subpopulation_1"
"NGS_Nanog_KO_Rep3","Read_68",0.711279081138373,"Subpopulation_1"
"NGS_Nanog_KO_Rep3","Read_69",0.723489678833785,"Subpopulation_1"
"NGS_Nanog_KO_Rep3","Read_70",0.722916787679165,"Subpopulation_1"
"NGS_Nanog_KO_Rep3","Read_71",0.7252319898821,"Subpopulation_1"
"NGS_Nanog_KO_Rep3","Read_72",0.728321048479964,"Subpopulation_1"
"NGS_Nanog_KO_Rep3","Read_73",0.713316245245728,"Subpopulation_1"
"NGS_Nanog_KO_Rep3","Read_74",0.7124933101993,"Subpopulation_1"
"NGS_Nanog_KO_Rep3","Read_75",0.717872246179178,"Subpopulation_1"
"NGS_Nanog_KO_Rep3","Read_76",0.723545812522062,"Subpopulation_1"
"NGS_Nanog_KO_Rep3","Read_77",0.722776292458242,"Subpopulation_1"
"NGS_Nanog_KO_Rep3","Read_78",0.726361552405832,"Subpopulation_1"
"NGS_Nanog_KO_Rep3","Read_79",0.718204918093675,"Subpopulation_1"
"NGS_Nanog_KO_Rep3","Read_80",0.721483657072856,"Subpopulation_1"
"NGS_Nanog_KO_Rep3","Read_81",0.71097594936899,"Subpopulation_1"
"NGS_Nanog_KO_Rep3","Read_82",0.70671121200492,"Subpopulation_1"
"NGS_Nanog_KO_Rep3","Read_83",0.721729968499509,"Subpopulation_1"
"NGS_Nanog_KO_Rep3","Read_84",0.719625633824025,"Subpopulation_1"
"NGS_Nanog_KO_Rep3","Read_85",0.715627884181567,"Subpopulation_1"
"NGS_Nanog_KO_Rep3","Read_86",0.71969747367013,"Subpopulation_1"
"NGS_Nanog_KO_Rep3","Read_87",0.710809170864219,"Subpopulation_1"
"NGS_Nanog_KO_Rep3","Read_88",0.723342916964319,"Subpopulation_1"
"NGS_Nanog_KO_Rep3","Read_89",0.716689242918203,"Subpopulation_1"
"NGS_Nanog_KO_Rep3","Read_90",0.716325668309618,"Subpopulation_1"
"NGS_Nanog_KO_Rep3","Read_91",0.726566661138138,"Subpopulation_1"
"NGS_Nanog_KO_Rep3","Read_92",0.704894203849758,"Subpopulation_1"
"NGS_Nanog_KO_Rep3","Read_93",0.720300589318894,"Subpopulation_1"
"NGS_Nanog_KO_Rep3","Read_94",0.725506279497855,"Subpopulation_1"
"NGS_Nanog_KO_Rep3","Read_95",0.718889045258068,"Subpopulation_1"
"NGS_Nanog_KO_Rep3","Read_96",0.720637776203508,"Subpopulation_1"
"NGS_Nanog_KO_Rep3","Read_97",0.702272870635522,"Subpopulation_1"
"NGS_Nanog_KO_Rep3","Read_98",0.718829081074418,"Subpopulation_1"
"NGS_Nanog_KO_Rep3","Read_99",0.710569994020648,"Subpopulation_1"
"NGS_Nanog_KO_Rep3","Read_100",0.721927615103682,"Subpopulation_1"
"NGS_Nanog_KO_Rep3","Read_101",0.715035270454315,"Subpopulation_1"
"NGS_Nanog_KO_Rep3","Read_102",0.719239182915802,"Subpopulation_1"
"NGS_Nanog_KO_Rep3","Read_103",0.716204733069039,"Subpopulation_1"
"NGS_Nanog_KO_Rep3","Read_104",0.715457098117117,"Subpopulation_1"
"NGS_Nanog_KO_Rep3","Read_105",0.717972361917759,"Subpopulation_1"
"NGS_Nanog_KO_Rep3","Read_106",0.713112383373125,"Subpopulation_1"
"NGS_Nanog_KO_Rep3","Read_107",0.707794792181915,"Subpopulation_1"
"NGS_Nanog_KO_Rep3","Read_108",0.709827284720766,"Subpopulation_1"
"NGS_Nanog_KO_Rep3","Read_109",0.719604085728281,"Subpopulation_1"
"NGS_Nanog_KO_Rep3","Read_110",0.716805908872498,"Subpopulation_1"
"NGS_Nanog_KO_Rep3","Read_111",0.712160140193536,"Subpopulation_1"
"NGS_Nanog_KO_Rep3","Read_112",0.726671943469477,"Subpopulation_1"
"NGS_Nanog_KO_Rep3","Read_113",0.724615724368639,"Subpopulation_1"
"NGS_Nanog_KO_Rep3","Read_114",0.724261389069533,"Subpopulation_1"
"NGS_Nanog_KO_Rep3","Read_115",0.720841783850203,"Subpopulation_1"
"NGS_Nanog_KO_Rep3","Read_116",0.718341913289146,"Subpopulation_1"
"NGS_Nanog_KO_Rep3","Read_117",0.704950735109216,"Subpopulation_1"
"NGS_Nanog_KO_Rep3","Read_118",0.715193933021787,"Subpopulation_1"
"NGS_Nanog_KO_Rep3","Read_119",0.719102936160624,"Subpopulation_1"
"NGS_Nanog_KO_Rep3","Read_120",0.70600092799795,"Subpopulation_1"
"NGS_Nanog_KO_Rep3","Read_121",0.73451919216441,"Subpopulation_1"
"NGS_Nanog_KO_Rep3","Read_122",0.705796393075616,"Subpopulation_1"
"NGS_Nanog_KO_Rep3","Read_123",0.720090511728875,"Subpopulation_1"
"NGS_Nanog_KO_Rep3","Read_124",0.724513420275241,"Subpopulation_1"
"NGS_Nanog_KO_Rep3","Read_125",0.719656999153749,"Subpopulation_1"
"NGS_Nanog_KO_Rep3","Read_126",0.71092434659114,"Subpopulation_1"
"NGS_Nanog_KO_Rep3","Read_127",0.716678661499296,"Subpopulation_1"
"NGS_Nanog_KO_Rep3","Read_128",0.718321596384513,"Subpopulation_1"
"NGS_Nanog_KO_Rep3","Read_129",0.716379314416823,"Subpopulation_1"
"NGS_Nanog_KO_Rep3","Read_130",0.720007373396293,"Subpopulation_1"
"NGS_Nanog_KO_Rep3","Read_131",0.718840836697082,"Subpopulation_1"
"NGS_Nanog_KO_Rep3","Read_132",0.720061068004213,"Subpopulation_1"
"NGS_Nanog_KO_Rep3","Read_133",0.722879439620789,"Subpopulation_1"
"NGS_Nanog_KO_Rep3","Read_134",0.71379219415684,"Subpopulation_1"
"NGS_Nanog_KO_Rep3","Read_135",0.724107878426637,"Subpopulation_1"
"NGS_Nanog_KO_Rep3","Read_136",0.712295946399498,"Subpopulation_1"
"NGS_Nanog_KO_Rep3","Read_137",0.709708585665888,"Subpopulation_1"
"NGS_Nanog_KO_Rep3","Read_138",0.718218830714465,"Subpopulation_1"
"NGS_Nanog_KO_Rep3","Read_139",0.720596470733074,"Subpopulation_1"
"NGS_Nanog_KO_Rep3","Read_140",0.719200264563422,"Subpopulation_1"
"NGS_Nanog_KO_Rep3","Read_141",0.71713656535194,"Subpopulation_1"
"NGS_Nanog_KO_Rep3","Read_142",0.708485248613536,"Subpopulation_1"
"NGS_Nanog_KO_Rep3","Read_143",0.710568720513381,"Subpopulation_1"
"NGS_Nanog_KO_Rep3","Read_144",0.712914801587399,"Subpopulation_1"
"NGS_Nanog_KO_Rep3","Read_145",0.718869349561467,"Subpopulation_1"
"NGS_Nanog_KO_Rep3","Read_146",0.722911118783468,"Subpopulation_1"
"NGS_Nanog_KO_Rep3","Read_147",0.721458005258966,"Subpopulation_1"
"NGS_Nanog_KO_Rep3","Read_148",0.722428780182688,"Subpopulation_1"
"NGS_Nanog_KO_Rep3","Read_149",0.722614535713696,"Subpopulation_1"
"NGS_Nanog_KO_Rep3","Read_150",0.710549401087314,"Subpopulation_1"
"NGS_Nanog_KO_Rep3","Read_151",0.727962039653711,"Subpopulation_1"
"NGS_Nanog_KO_Rep3","Read_152",0.723792338560984,"Subpopulation_1"
"NGS_Nanog_KO_Rep3","Read_153",0.725738624469927,"Subpopulation_1"
"NGS_Nanog_KO_Rep3","Read_154",0.72873264066781,"Subpopulation_1"
"NGS_Nanog_KO_Rep3","Read_155",0.717333660017918,"Subpopulation_1"
"NGS_Nanog_KO_Rep3","Read_156",0.71300423953783,"Subpopulation_1"
"NGS_Nanog_KO_Rep3","Read_157",0.715944681444098,"Subpopulation_1"
"NGS_Nanog_KO_Rep3","Read_158",0.717787331780514,"Subpopulation_1"
"NGS_Nanog_KO_Rep3","Read_159",0.722459352808479,"Subpopulation_1"
"NGS_Nanog_KO_Rep3","Read_160",0.718402392624504,"Subpopulation_1"
"NGS_Nanog_KO_Rep3","Read_161",0.716277885032168,"Subpopulation_1"
"NGS_Nanog_KO_Rep3","Read_162",0.715942542719967,"Subpopulation_1"
"NGS_Nanog_KO_Rep3","Read_163",0.725014011330482,"Subpopulation_1"
"NGS_Nanog_KO_Rep3","Read_164",0.733735183608346,"Subpopulation_1"
"NGS_Nanog_KO_Rep3","Read_165",0.705991802361228,"Subpopulation_1"
"NGS_Nanog_KO_Rep3","Read_166",0.719519589846136,"Subpopulation_1"
"NGS_Nanog_KO_Rep3","Read_167",0.725215676802972,"Subpopulation_1"
"NGS_Nanog_KO_Rep3","Read_168",0.714618063669826,"Subpopulation_1"
"NGS_Nanog_KO_Rep3","Read_169",0.712479953207899,"Subpopulation_1"
"NGS_Nanog_KO_Rep3","Read_170",0.723418773758764,"Subpopulation_1"
"NGS_Nanog_KO_Rep3","Read_171",0.719482059323645,"Subpopulation_1"
"NGS_Nanog_KO_Rep3","Read_172",0.723918945369541,"Subpopulation_1"
"NGS_Nanog_KO_Rep3","Read_173",0.717960237760497,"Subpopulation_1"
"NGS_Nanog_KO_Rep3","Read_174",0.72227537344163,"Subpopulation_1"
"NGS_Nanog_KO_Rep3","Read_175",0.721658382860542,"Subpopulation_1"
"NGS_Nanog_KO_Rep3","Read_176",0.719414707833528,"Subpopulation_1"
"NGS_Nanog_KO_Rep3","Read_177",0.715913308419565,"Subpopulation_1"
"NGS_Nanog_KO_Rep3","Read_178",0.711375898118639,"Subpopulation_1"
"NGS_Nanog_KO_Rep3","Read_179",0.728023910641283,"Subpopulation_1"
"NGS_Nanog_KO_Rep3","Read_180",0.716674387621707,"Subpopulation_1"
"NGS_Nanog_KO_Rep3","Read_181",0.710588196560928,"Subpopulation_1"
"NGS_Nanog_KO_Rep3","Read_182",0.704740104107724,"Subpopulation_1"
"NGS_Nanog_KO_Rep3","Read_183",0.723648986097004,"Subpopulation_1"
"NGS_Nanog_KO_Rep3","Read_184",0.72033584253182,"Subpopulation_1"
"NGS_Nanog_KO_Rep3","Read_185",0.724998195538198,"Subpopulation_1"
"NGS_Nanog_KO_Rep3","Read_186",0.710535877244807,"Subpopulation_1"
"NGS_Nanog_KO_Rep3","Read_187",0.717368294368476,"Subpopulation_1"
"NGS_Nanog_KO_Rep3","Read_188",0.7181970256774,"Subpopulation_1"
"NGS_Nanog_KO_Rep3","Read_189",0.725994811047822,"Subpopulation_1"
"NGS_Nanog_KO_Rep3","Read_190",0.722786912843792,"Subpopulation_1"
"NGS_Nanog_KO_Rep3","Read_191",0.723562730140726,"Subpopulation_1"
"NGS_Nanog_KO_Rep3","Read_192",0.706437783790203,"Subpopulation_1"
"NGS_Nanog_KO_Rep3","Read_193",0.721585843410114,"Subpopulation_1"
"NGS_Nanog_KO_Rep3","Read_194",0.718594214230738,"Subpopulation_1"
"NGS_Nanog_KO_Rep3","Read_195",0.712900062079886,"Subpopulation_1"
"NGS_Nanog_KO_Rep3","Read_196",0.715700906574037,"Subpopulation_1"
"NGS_Nanog_KO_Rep3","Read_197",0.711099131104827,"Subpopulation_1"
"NGS_Nanog_KO_Rep3","Read_198",0.728426534012114,"Subpopulation_1"
"NGS_Nanog_KO_Rep3","Read_199",0.712795609387483,"Subpopulation_1"
"NGS_Nanog_KO_Rep3","Read_200",0.720917486037148,"Subpopulation_1"
"NGS_Nanog_KO_Rep3","Read_201",0.716859084075395,"Subpopulation_1"
"NGS_Nanog_KO_Rep3","Read_202",0.719804876262283,"Subpopulation_1"
"NGS_Nanog_KO_Rep3","Read_203",0.720539764730677,"Subpopulation_1"
"NGS_Nanog_KO_Rep3","Read_204",0.712204037518994,"Subpopulation_1"
"NGS_Nanog_KO_Rep3","Read_205",0.716135018416267,"Subpopulation_1"
"NGS_Nanog_KO_Rep3","Read_206",0.720529740891893,"Subpopulation_1"
"NGS_Nanog_KO_Rep3","Read_207",0.723738855993119,"Subpopulation_1"
"NGS_Nanog_KO_Rep3","Read_208",0.72413073659396,"Subpopulation_1"
"NGS_Nanog_KO_Rep3","Read_209",0.714418002370691,"Subpopulation_1"
"NGS_Nanog_KO_Rep3","Read_210",0.716877328254514,"Subpopulation_1"
"NGS_Nanog_KO_Rep3","Read_211",0.716617880857577,"Subpopulation_1"
"NGS_Nanog_KO_Rep3","Read_212",0.722932192890947,"Subpopulation_1"
"NGS_Nanog_KO_Rep3","Read_213",0.722746684013358,"Subpopulation_1"
"NGS_Nanog_KO_Rep3","Read_214",0.717209430436708,"Subpopulation_1"
"NGS_Nanog_KO_Rep3","Read_215",0.722872616178159,"Subpopulation_1"
"NGS_Nanog_KO_Rep3","Read_216",0.723219136226233,"Subpopulation_1"
"NGS_Nanog_KO_Rep3","Read_217",0.710911740151733,"Subpopulation_1"
"NGS_Nanog_KO_Rep3","Read_218",0.710110189123679,"Subpopulation_1"
"NGS_Nanog_KO_Rep3","Read_219",0.723913396507759,"Subpopulation_1"
"NGS_Nanog_KO_Rep3","Read_220",0.717893867718711,"Subpopulation_1"
"NGS_Nanog_KO_Rep3","Read_221",0.71416973484681,"Subpopulation_1"
"NGS_Nanog_KO_Rep3","Read_222",0.721768208636776,"Subpopulation_1"
"NGS_Nanog_KO_Rep3","Read_223",0.703111533133563,"Subpopulation_1"
"NGS_Nanog_KO_Rep3","Read_224",0.708754623630857,"Subpopulation_1"
"NGS_Nanog_KO_Rep3","Read_225",0.723135312533977,"Subpopulation_1"
"NGS_Nanog_KO_Rep3","Read_226",0.713690933036425,"Subpopulation_1"
"NGS_Nanog_KO_Rep3","Read_227",0.712292877486635,"Subpopulation_1"
"NGS_Nanog_KO_Rep3","Read_228",0.726491881093412,"Subpopulation_1"
"NGS_Nanog_KO_Rep3","Read_229",0.706420754566563,"Subpopulation_1"
"NGS_Nanog_KO_Rep3","Read_230",0.716065224114875,"Subpopulation_1"
"NGS_Nanog_KO_Rep3","Read_231",0.715613580850134,"Subpopulation_1"
"NGS_Nanog_KO_Rep3","Read_232",0.715832150905772,"Subpopulation_1"
"NGS_Nanog_KO_Rep3","Read_233",0.711590433669115,"Subpopulation_1"
"NGS_Nanog_KO_Rep3","Read_234",0.714638779266435,"Subpopulation_1"
"NGS_Nanog_KO_Rep3","Read_235",0.711648131678124,"Subpopulation_1"
"NGS_Nanog_KO_Rep3","Read_236",0.714942988284991,"Subpopulation_1"
"NGS_Nanog_KO_Rep3","Read_237",0.721532308365965,"Subpopulation_1"
"NGS_Nanog_KO_Rep3","Read_238",0.719827076823566,"Subpopulation_1"
"NGS_Nanog_KO_Rep3","Read_239",0.714346771108178,"Subpopulation_1"
"NGS_Nanog_KO_Rep3","Read_240",0.723961241596416,"Subpopulation_1"
"NGS_Nanog_KO_Rep3","Read_241",0.714591480702454,"Subpopulation_1"
"NGS_Nanog_KO_Rep3","Read_242",0.723599231508251,"Subpopulation_1"
"NGS_Nanog_KO_Rep3","Read_243",0.720121292480755,"Subpopulation_1"
"NGS_Nanog_KO_Rep3","Read_244",0.726130613709393,"Subpopulation_1"
"NGS_Nanog_KO_Rep3","Read_245",0.717861348473735,"Subpopulation_1"
"NGS_Nanog_KO_Rep3","Read_246",0.725273211565567,"Subpopulation_1"
"NGS_Nanog_KO_Rep3","Read_247",0.721969699317708,"Subpopulation_1"
"NGS_Nanog_KO_Rep3","Read_248",0.724006676387593,"Subpopulation_1"
"NGS_Nanog_KO_Rep3","Read_249",0.717517648928661,"Subpopulation_1"
"NGS_Nanog_KO_Rep3","Read_250",0.719971714100479,"Subpopulation_1"
"NGS_Nanog_KO_Rep3","Read_251",0.715031387788929,"Subpopulation_1"
"NGS_Nanog_KO_Rep3","Read_252",0.719828109089568,"Subpopulation_1"
"NGS_Nanog_KO_Rep3","Read_253",0.718988777593808,"Subpopulation_1"
"NGS_Nanog_KO_Rep3","Read_254",0.713413039471898,"Subpopulation_1"
"NGS_Nanog_KO_Rep3","Read_255",0.716500139074512,"Subpopulation_1"
"NGS_Nanog_KO_Rep3","Read_256",0.707144781782816,"Subpopulation_1"
"NGS_Nanog_KO_Rep3","Read_257",0.727807654008807,"Subpopulation_1"
"NGS_Nanog_KO_Rep3","Read_258",0.723512674693854,"Subpopulation_1"
"NGS_Nanog_KO_Rep3","Read_259",0.712857746636314,"Subpopulation_1"
"NGS_Nanog_KO_Rep3","Read_260",0.715686259561639,"Subpopulation_1"
"NGS_Nanog_KO_Rep3","Read_261",0.719787790395201,"Subpopulation_1"
"NGS_Nanog_KO_Rep3","Read_262",0.718267429688757,"Subpopulation_1"
"NGS_Nanog_KO_Rep3","Read_263",0.721136694293716,"Subpopulation_1"
"NGS_Nanog_KO_Rep3","Read_264",0.718165269923275,"Subpopulation_1"
"NGS_Nanog_KO_Rep3","Read_265",0.720289954355608,"Subpopulation_1"
"NGS_Nanog_KO_Rep3","Read_266",0.718619712723207,"Subpopulation_1"
"NGS_Nanog_KO_Rep3","Read_267",0.716196648565794,"Subpopulation_1"
"NGS_Nanog_KO_Rep3","Read_268",0.722558810761872,"Subpopulation_1"
"NGS_Nanog_KO_Rep3","Read_269",0.724021443501272,"Subpopulation_1"
"NGS_Nanog_KO_Rep3","Read_270",0.722849114594053,"Subpopulation_1"
"NGS_Nanog_KO_Rep3","Read_271",0.728260906027034,"Subpopulation_1"
"NGS_Nanog_KO_Rep3","Read_272",0.721632817159551,"Subpopulation_1"
"NGS_Nanog_KO_Rep3","Read_273",0.717591496718871,"Subpopulation_1"
"NGS_Nanog_KO_Rep3","Read_274",0.722338627312561,"Subpopulation_1"
"NGS_Nanog_KO_Rep3","Read_275",0.716192161476393,"Subpopulation_1"
"NGS_Nanog_KO_Rep3","Read_276",0.727664471559407,"Subpopulation_1"
"NGS_Nanog_KO_Rep3","Read_277",0.72275495315462,"Subpopulation_1"
"NGS_Nanog_KO_Rep3","Read_278",0.7119513274191,"Subpopulation_1"
"NGS_Nanog_KO_Rep3","Read_279",0.724856294472282,"Subpopulation_1"
"NGS_Nanog_KO_Rep3","Read_280",0.716511441437807,"Subpopulation_1"
"NGS_Nanog_KO_Rep3","Read_281",0.718254593939767,"Subpopulation_1"
"NGS_Nanog_KO_Rep3","Read_282",0.720713311388498,"Subpopulation_1"
"NGS_Nanog_KO_Rep3","Read_283",0.716582744009,"Subpopulation_1"
"NGS_Nanog_KO_Rep3","Read_284",0.714930778451497,"Subpopulation_1"
"NGS_Nanog_KO_Rep3","Read_285",0.710028512760058,"Subpopulation_1"
"NGS_Nanog_KO_Rep3","Read_286",0.717122191612401,"Subpopulation_1"
"NGS_Nanog_KO_Rep3","Read_287",0.725586542827316,"Subpopulation_1"
"NGS_Nanog_KO_Rep3","Read_288",0.711652721725063,"Subpopulation_1"
"NGS_Nanog_KO_Rep3","Read_289",0.69586385563415,"Subpopulation_1"
"NGS_Nanog_KO_Rep3","Read_290",0.716264944476716,"Subpopulation_1"
"NGS_Nanog_KO_Rep3","Read_291",0.724284293096836,"Subpopulation_1"
"NGS_Nanog_KO_Rep3","Read_292",0.712950057565825,"Subpopulation_1"
"NGS_Nanog_KO_Rep3","Read_293",0.724546680794735,"Subpopulation_1"
"NGS_Nanog_KO_Rep3","Read_294",0.725105971950742,"Subpopulation_1"
"NGS_Nanog_KO_Rep3","Read_295",0.708455354316771,"Subpopulation_1"
"NGS_Nanog_KO_Rep3","Read_296",0.722741040832452,"Subpopulation_1"
"NGS_Nanog_KO_Rep3","Read_297",0.717116973837071,"Subpopulation_1"
"NGS_Nanog_KO_Rep3","Read_298",0.718005172418228,"Subpopulation_1"
"NGS_Nanog_KO_Rep3","Read_299",0.724726017956763,"Subpopulation_1"
"NGS_Nanog_KO_Rep3","Read_300",0.709702411215463,"Subpopulation_1"
"NGS_Nanog_KO_Rep3","Read_301",0.725626757135602,"Subpopulation_1"
"NGS_Nanog_KO_Rep3","Read_302",0.714900410420933,"Subpopulation_1"
"NGS_Nanog_KO_Rep3","Read_303",0.726970792303228,"Subpopulation_1"
"NGS_Nanog_KO_Rep3","Read_304",0.7137207702033,"Subpopulation_1"
"NGS_Nanog_KO_Rep3","Read_305",0.720766818382462,"Subpopulation_1"
"NGS_Nanog_KO_Rep3","Read_306",0.713621906758477,"Subpopulation_1"
"NGS_Nanog_KO_Rep3","Read_307",0.718457077604118,"Subpopulation_1"
"NGS_Nanog_KO_Rep3","Read_308",0.712064588803719,"Subpopulation_1"
"NGS_Nanog_KO_Rep3","Read_309",0.720238862768877,"Subpopulation_1"
"NGS_Nanog_KO_Rep3","Read_310",0.720907257497535,"Subpopulation_1"
"NGS_Nanog_KO_Rep3","Read_311",0.722116189043713,"Subpopulation_1"
"NGS_Nanog_KO_Rep3","Read_312",0.727827768526153,"Subpopulation_1"
"NGS_Nanog_KO_Rep3","Read_313",0.721743626917313,"Subpopulation_1"
"NGS_Nanog_KO_Rep3","Read_314",0.711174609454644,"Subpopulation_1"
"NGS_Nanog_KO_Rep3","Read_315",0.719995774691686,"Subpopulation_1"
"NGS_Nanog_KO_Rep3","Read_316",0.7120713470567,"Subpopulation_1"
"NGS_Nanog_KO_Rep3","Read_317",0.72399027381816,"Subpopulation_1"
"NGS_Nanog_KO_Rep3","Read_318",0.709456797533817,"Subpopulation_1"
"NGS_Nanog_KO_Rep3","Read_319",0.722917984094108,"Subpopulation_1"
"NGS_Nanog_KO_Rep3","Read_320",0.719378538428834,"Subpopulation_1"
"NGS_Nanog_KO_Rep3","Read_321",0.725595532810218,"Subpopulation_1"
"NGS_Nanog_KO_Rep3","Read_322",0.722771011036724,"Subpopulation_1"
"NGS_Nanog_KO_Rep3","Read_323",0.712010360631282,"Subpopulation_1"
"NGS_Nanog_KO_Rep3","Read_324",0.724874719980108,"Subpopulation_1"
"NGS_Nanog_KO_Rep3","Read_325",0.707334095141311,"Subpopulation_1"
"NGS_Nanog_KO_Rep3","Read_326",0.72178349588964,"Subpopulation_1"
"NGS_Nanog_KO_Rep3","Read_327",0.707605246767262,"Subpopulation_1"
"NGS_Nanog_KO_Rep3","Read_328",0.713529415205287,"Subpopulation_1"
"NGS_Nanog_KO_Rep3","Read_329",0.710856038880171,"Subpopulation_1"
"NGS_Nanog_KO_Rep3","Read_330",0.719553023444457,"Subpopulation_1"
"NGS_Nanog_KO_Rep3","Read_331",0.719229743063782,"Subpopulation_1"
"NGS_Nanog_KO_Rep3","Read_332",0.71331166144191,"Subpopulation_1"
"NGS_Nanog_KO_Rep3","Read_333",0.718197615859277,"Subpopulation_1"
"NGS_Nanog_KO_Rep3","Read_334",0.71172060012136,"Subpopulation_1"
"NGS_Nanog_KO_Rep3","Read_335",0.717657809706599,"Subpopulation_1"
"NGS_Nanog_KO_Rep3","Read_336",0.719748892598104,"Subpopulation_1"
"NGS_Nanog_KO_Rep3","Read_337",0.717492575637843,"Subpopulation_1"
"NGS_Nanog_KO_Rep3","Read_338",0.723885787024339,"Subpopulation_1"
"NGS_Nanog_KO_Rep3","Read_339",0.715093804508423,"Subpopulation_1"
"NGS_Nanog_KO_Rep3","Read_340",0.715961416803539,"Subpopulation_1"
"NGS_Nanog_KO_Rep3","Read_341",0.717978021163315,"Subpopulation_1"
"NGS_Nanog_KO_Rep3","Read_342",0.722732854812852,"Subpopulation_1"
"NGS_Nanog_KO_Rep3","Read_343",0.724192316540033,"Subpopulation_1"
"NGS_Nanog_KO_Rep3","Read_344",0.724228878427664,"Subpopulation_1"
"NGS_Nanog_KO_Rep3","Read_345",0.71542944891808,"Subpopulation_1"
"NGS_Nanog_KO_Rep3","Read_346",0.716385698489773,"Subpopulation_1"
"NGS_Nanog_KO_Rep3","Read_347",0.724523324215171,"Subpopulation_1"
"NGS_Nanog_KO_Rep3","Read_348",0.709099178862716,"Subpopulation_1"
"NGS_Nanog_KO_Rep3","Read_349",0.717837997071058,"Subpopulation_1"
"NGS_Nanog_KO_Rep3","Read_350",0.719846014219854,"Subpopulation_1"
"NGS_Nanog_KO_Rep3","Read_351",0.719810656455328,"Subpopulation_1"
"NGS_Nanog_KO_Rep3","Read_352",0.725638689504287,"Subpopulation_1"
"NGS_Nanog_KO_Rep3","Read_353",0.710827490468889,"Subpopulation_1"
"NGS_Nanog_KO_Rep3","Read_354",0.715578485042543,"Subpopulation_1"
"NGS_Nanog_KO_Rep3","Read_355",0.721443164510978,"Subpopulation_1"
"NGS_Nanog_KO_Rep3","Read_356",0.71424055439338,"Subpopulation_1"
"NGS_Nanog_KO_Rep3","Read_357",0.724701337885954,"Subpopulation_1"
"NGS_Nanog_KO_Rep3","Read_358",0.725425548929495,"Subpopulation_1"
"NGS_Nanog_KO_Rep3","Read_359",0.724725667264093,"Subpopulation_1"
"NGS_Nanog_KO_Rep3","Read_360",0.720851235163933,"Subpopulation_1"
"NGS_Nanog_KO_Rep3","Read_361",0.712980814537653,"Subpopulation_1"
"NGS_Nanog_KO_Rep3","Read_362",0.712810866564092,"Subpopulation_1"
"NGS_Nanog_KO_Rep3","Read_363",0.729247967159452,"Subpopulation_1"
"NGS_Nanog_KO_Rep3","Read_364",0.721745656582218,"Subpopulation_1"
"NGS_Nanog_KO_Rep3","Read_365",0.723294829057239,"Subpopulation_1"
"NGS_Nanog_KO_Rep3","Read_366",0.700365178006951,"Subpopulation_1"
"NGS_Nanog_KO_Rep3","Read_367",0.724037888884188,"Subpopulation_1"
"NGS_Nanog_KO_Rep3","Read_368",0.721823914455808,"Subpopulation_1"
"NGS_Nanog_KO_Rep3","Read_369",0.721106556023954,"Subpopulation_1"
"NGS_Nanog_KO_Rep3","Read_370",0.72067448720694,"Subpopulation_1"
"NGS_Nanog_KO_Rep3","Read_371",0.708952283427567,"Subpopulation_1"
"NGS_Nanog_KO_Rep3","Read_372",0.717821563661614,"Subpopulation_1"
"NGS_Nanog_KO_Rep3","Read_373",0.717029802213012,"Subpopulation_1"
"NGS_Nanog_KO_Rep3","Read_374",0.72352058444504,"Subpopulation_1"
"NGS_Nanog_KO_Rep3","Read_375",0.725696181427903,"Subpopulation_1"
"NGS_Nanog_KO_Rep3","Read_376",0.721302528179041,"Subpopulation_1"
"NGS_Nanog_KO_Rep3","Read_377",0.707535475441395,"Subpopulation_1"
"NGS_Nanog_KO_Rep3","Read_378",0.714124945829106,"Subpopulation_1"
"NGS_Nanog_KO_Rep3","Read_379",0.713145349936575,"Subpopulation_1"
"NGS_Nanog_KO_Rep3","Read_380",0.713796637034361,"Subpopulation_1"
"NGS_Nanog_KO_Rep3","Read_381",0.724953153247995,"Subpopulation_1"
"NGS_Nanog_KO_Rep3","Read_382",0.725221314978627,"Subpopulation_1"
"NGS_Nanog_KO_Rep3","Read_383",0.712427112693959,"Subpopulation_1"
"NGS_Nanog_KO_Rep3","Read_384",0.71969049009227,"Subpopulation_1"
"NGS_Nanog_KO_Rep3","Read_385",0.726257521178583,"Subpopulation_1"
"NGS_Nanog_KO_Rep3","Read_386",0.717489890325335,"Subpopulation_1"
"NGS_Nanog_KO_Rep3","Read_387",0.715488779061939,"Subpopulation_1"
"NGS_Nanog_KO_Rep3","Read_388",0.716133529937005,"Subpopulation_1"
"NGS_Nanog_KO_Rep3","Read_389",0.724690201096204,"Subpopulation_1"
"NGS_Nanog_KO_Rep3","Read_390",0.724473860095372,"Subpopulation_1"
"NGS_Nanog_KO_Rep3","Read_391",0.723616229553243,"Subpopulation_1"
"NGS_Nanog_KO_Rep3","Read_392",0.722520112401778,"Subpopulation_1"
"NGS_Nanog_KO_Rep3","Read_393",0.719485135269442,"Subpopulation_1"
"NGS_Nanog_KO_Rep3","Read_394",0.721326881625915,"Subpopulation_1"
"NGS_Nanog_KO_Rep3","Read_395",0.720662927006818,"Subpopulation_1"
"NGS_Nanog_KO_Rep3","Read_396",0.72207928086875,"Subpopulation_1"
"NGS_Nanog_KO_Rep3","Read_397",0.718444590505744,"Subpopulation_1"
"NGS_Nanog_KO_Rep3","Read_398",0.724781528356246,"Subpopulation_1"
"NGS_Nanog_KO_Rep3","Read_399",0.713243908083037,"Subpopulation_1"
"NGS_Nanog_KO_Rep3","Read_400",0.721737886734742,"Subpopulation_1"
"NGS_Nanog_KO_Rep3","Read_401",0.710165333014889,"Subpopulation_1"
"NGS_Nanog_KO_Rep3","Read_402",0.719187396602251,"Subpopulation_1"
"NGS_Nanog_KO_Rep3","Read_403",0.719137212706113,"Subpopulation_1"
"NGS_Nanog_KO_Rep3","Read_404",0.713822481401329,"Subpopulation_1"
"NGS_Nanog_KO_Rep3","Read_405",0.725939228171897,"Subpopulation_1"
"NGS_Nanog_KO_Rep3","Read_406",0.710627332531034,"Subpopulation_1"
"NGS_Nanog_KO_Rep3","Read_407",0.717592581798951,"Subpopulation_1"
"NGS_Nanog_KO_Rep3","Read_408",0.715161325280336,"Subpopulation_1"
"NGS_Nanog_KO_Rep3","Read_409",0.716472218648509,"Subpopulation_1"
"NGS_Nanog_KO_Rep3","Read_410",0.724859109281374,"Subpopulation_1"
"NGS_Nanog_KO_Rep3","Read_411",0.72089559204287,"Subpopulation_1"
"NGS_Nanog_KO_Rep3","Read_412",0.703414673571194,"Subpopulation_1"
"NGS_Nanog_KO_Rep3","Read_413",0.711370035220921,"Subpopulation_1"
"NGS_Nanog_KO_Rep3","Read_414",0.725143053753804,"Subpopulation_1"
"NGS_Nanog_KO_Rep3","Read_415",0.720223304272501,"Subpopulation_1"
"NGS_Nanog_KO_Rep3","Read_416",0.723485020452039,"Subpopulation_1"
"NGS_Nanog_KO_Rep3","Read_417",0.717533441624279,"Subpopulation_1"
"NGS_Nanog_KO_Rep3","Read_418",0.724068217711369,"Subpopulation_1"
"NGS_Nanog_KO_Rep3","Read_419",0.722484315336747,"Subpopulation_1"
"NGS_Nanog_KO_Rep3","Read_420",0.718233589669403,"Subpopulation_1"
"NGS_Nanog_KO_Rep3","Read_421",0.719001621886401,"Subpopulation_1"
"NGS_Nanog_KO_Rep3","Read_422",0.717938233039661,"Subpopulation_1"
"NGS_Nanog_KO_Rep3","Read_423",0.71366261637522,"Subpopulation_1"
"NGS_Nanog_KO_Rep3","Read_424",0.718003216028916,"Subpopulation_1"
"NGS_Nanog_KO_Rep3","Read_425",0.713668078138534,"Subpopulation_1"
"NGS_Nanog_KO_Rep3","Read_426",0.71752827985931,"Subpopulation_1"
"NGS_Nanog_KO_Rep3","Read_427",0.713364720892872,"Subpopulation_1"
"NGS_Nanog_KO_Rep3","Read_428",0.718988635119807,"Subpopulation_1"
"NGS_Nanog_KO_Rep3","Read_429",0.726539823466293,"Subpopulation_1"
"NGS_Nanog_KO_Rep3","Read_430",0.721456041489189,"Subpopulation_1"
"NGS_Nanog_KO_Rep3","Read_431",0.713322972627389,"Subpopulation_1"
"NGS_Nanog_KO_Rep3","Read_432",0.725083480098932,"Subpopulation_1"
"NGS_Nanog_KO_Rep3","Read_433",0.72475252370499,"Subpopulation_1"
"NGS_Nanog_KO_Rep3","Read_434",0.724934344947321,"Subpopulation_1"
"NGS_Nanog_KO_Rep3","Read_435",0.713711459150337,"Subpopulation_1"
"NGS_Nanog_KO_Rep3","Read_436",0.721124996124896,"Subpopulation_1"
"NGS_Nanog_KO_Rep3","Read_437",0.716176798957476,"Subpopulation_1"
"NGS_Nanog_KO_Rep3","Read_438",0.719031317021809,"Subpopulation_1"
"NGS_Nanog_KO_Rep3","Read_439",0.723698127292249,"Subpopulation_1"
"NGS_Nanog_KO_Rep3","Read_440",0.714261945174249,"Subpopulation_1"
"NGS_Nanog_KO_Rep3","Read_441",0.719262030227885,"Subpopulation_1"
"NGS_Nanog_KO_Rep3","Read_442",0.713992451091963,"Subpopulation_1"
"NGS_Nanog_KO_Rep3","Read_443",0.708294317892306,"Subpopulation_1"
"NGS_Nanog_KO_Rep3","Read_444",0.70586323457072,"Subpopulation_1"
"NGS_Nanog_KO_Rep3","Read_445",0.732057344431095,"Subpopulation_1"
"NGS_Nanog_KO_Rep3","Read_446",0.7265007039276,"Subpopulation_1"
"NGS_Nanog_KO_Rep3","Read_447",0.721380401477677,"Subpopulation_1"
"NGS_Nanog_KO_Rep3","Read_448",0.713069084768091,"Subpopulation_1"
"NGS_Nanog_KO_Rep3","Read_449",0.716558855925853,"Subpopulation_1"
"NGS_Nanog_KO_Rep3","Read_450",0.720912772282153,"Subpopulation_1"
"NGS_Nanog_KO_Rep3","Read_451",0.709186709967488,"Subpopulation_1"
"NGS_Nanog_KO_Rep3","Read_452",0.711930059015058,"Subpopulation_1"
"NGS_Nanog_KO_Rep3","Read_453",0.718590332274775,"Subpopulation_1"
"NGS_Nanog_KO_Rep3","Read_454",0.721726190187312,"Subpopulation_1"
"NGS_Nanog_KO_Rep3","Read_455",0.716690929491981,"Subpopulation_1"
"NGS_Nanog_KO_Rep3","Read_456",0.706327784190214,"Subpopulation_1"
"NGS_Nanog_KO_Rep3","Read_457",0.710574056610816,"Subpopulation_1"
"NGS_Nanog_KO_Rep3","Read_458",0.722431714696052,"Subpopulation_1"
"NGS_Nanog_KO_Rep3","Read_459",0.722141620618595,"Subpopulation_1"
"NGS_Nanog_KO_Rep3","Read_460",0.72148306789567,"Subpopulation_1"
"NGS_Nanog_KO_Rep3","Read_461",0.721950976080316,"Subpopulation_1"
"NGS_Nanog_KO_Rep3","Read_462",0.717022446227024,"Subpopulation_1"
"NGS_Nanog_KO_Rep3","Read_463",0.709460644389716,"Subpopulation_1"
"NGS_Nanog_KO_Rep3","Read_464",0.721454963895504,"Subpopulation_1"
"NGS_Nanog_KO_Rep3","Read_465",0.724102260854529,"Subpopulation_1"
"NGS_Nanog_KO_Rep3","Read_466",0.719116007173788,"Subpopulation_1"
"NGS_Nanog_KO_Rep3","Read_467",0.719214000987927,"Subpopulation_1"
"NGS_Nanog_KO_Rep3","Read_468",0.718384934838545,"Subpopulation_1"
"NGS_Nanog_KO_Rep3","Read_469",0.717172147393982,"Subpopulation_1"
"NGS_Nanog_KO_Rep3","Read_470",0.721888445501723,"Subpopulation_1"
"NGS_Nanog_KO_Rep3","Read_471",0.725634174570562,"Subpopulation_1"
"NGS_Nanog_KO_Rep3","Read_472",0.722161524105689,"Subpopulation_1"
"NGS_Nanog_KO_Rep3","Read_473",0.720178926470284,"Subpopulation_1"
"NGS_Nanog_KO_Rep3","Read_474",0.71938485361377,"Subpopulation_1"
"NGS_Nanog_KO_Rep3","Read_475",0.716090684508383,"Subpopulation_1"
"NGS_Nanog_KO_Rep3","Read_476",0.720726669068001,"Subpopulation_1"
"NGS_Nanog_KO_Rep3","Read_477",0.723107824834618,"Subpopulation_1"
"NGS_Nanog_KO_Rep3","Read_478",0.716514169278249,"Subpopulation_1"
"NGS_Nanog_KO_Rep3","Read_479",0.717218107814674,"Subpopulation_1"
"NGS_Nanog_KO_Rep3","Read_480",0.714399675316428,"Subpopulation_1"
"NGS_Nanog_KO_Rep3","Read_481",0.716632220372557,"Subpopulation_1"
"NGS_Nanog_KO_Rep3","Read_482",0.725016821196258,"Subpopulation_1"
"NGS_Nanog_KO_Rep3","Read_483",0.715876665520247,"Subpopulation_1"
"NGS_Nanog_KO_Rep3","Read_484",0.71663335874339,"Subpopulation_1"
"NGS_Nanog_KO_Rep3","Read_485",0.72347450434791,"Subpopulation_1"
"NGS_Nanog_KO_Rep3","Read_486",0.709672175446089,"Subpopulation_1"
"NGS_Nanog_KO_Rep3","Read_487",0.716567168336868,"Subpopulation_1"
"NGS_Nanog_KO_Rep3","Read_488",0.709006432739488,"Subpopulation_1"
"NGS_Nanog_KO_Rep3","Read_489",0.70710595894166,"Subpopulation_1"
"NGS_Nanog_KO_Rep3","Read_490",0.71358640234458,"Subpopulation_1"
"NGS_Nanog_KO_Rep3","Read_491",0.716424102724524,"Subpopulation_1"
"NGS_Nanog_KO_Rep3","Read_492",0.717943216737539,"Subpopulation_1"
"NGS_Nanog_KO_Rep3","Read_493",0.711087907057629,"Subpopulation_1"
"NGS_Nanog_KO_Rep3","Read_494",0.719214830067118,"Subpopulation_1"
"NGS_Nanog_KO_Rep3","Read_495",0.718842986511858,"Subpopulation_1"
"NGS_Nanog_KO_Rep3","Read_496",0.719039607141001,"Subpopulation_1"
"NGS_Nanog_KO_Rep3","Read_497",0.707969994358845,"Subpopulation_1"
"NGS_Nanog_KO_Rep3","Read_498",0.713360101210306,"Subpopulation_1"
"NGS_Nanog_KO_Rep3","Read_499",0.71706377220999,"Subpopulation_1"
"NGS_Nanog_KO_Rep3","Read_500",0.707740946842312,"Subpopulation_1"
"NGS_Nanog_KO_Rep3","Read_501",0.715326258629099,"Subpopulation_1"
"NGS_Nanog_KO_Rep3","Read_502",0.717680985461584,"Subpopulation_1"
"NGS_Nanog_KO_Rep3","Read_503",0.724585332398461,"Subpopulation_1"
"NGS_Nanog_KO_Rep3","Read_504",0.719678599785329,"Subpopulation_1"
"NGS_Nanog_KO_Rep3","Read_505",0.727149503172418,"Subpopulation_1"
"NGS_Nanog_KO_Rep3","Read_506",0.726307063853702,"Subpopulation_1"
"NGS_Nanog_KO_Rep3","Read_507",0.716587149001922,"Subpopulation_1"
"NGS_Nanog_KO_Rep3","Read_508",0.726428843881083,"Subpopulation_1"
"NGS_Nanog_KO_Rep3","Read_509",0.719606767804136,"Subpopulation_1"
"NGS_Nanog_KO_Rep3","Read_510",0.717343413055541,"Subpopulation_1"
"NGS_Nanog_KO_Rep3","Read_511",0.719324804841109,"Subpopulation_1"
"NGS_Nanog_KO_Rep3","Read_512",0.724138213593791,"Subpopulation_1"
"NGS_Nanog_KO_Rep3","Read_513",0.709075603929036,"Subpopulation_1"
"NGS_Nanog_KO_Rep3","Read_514",0.718562977024127,"Subpopulation_1"
"NGS_Nanog_KO_Rep3","Read_515",0.711650152368582,"Subpopulation_1"
"NGS_Nanog_KO_Rep3","Read_516",0.728712827314194,"Subpopulation_1"
"NGS_Nanog_KO_Rep3","Read_517",0.718635088801976,"Subpopulation_1"
"NGS_Nanog_KO_Rep3","Read_518",0.718861302888107,"Subpopulation_1"
"NGS_Nanog_KO_Rep3","Read_519",0.715753959723338,"Subpopulation_1"
"NGS_Nanog_KO_Rep3","Read_520",0.722462430672503,"Subpopulation_1"
"NGS_Nanog_KO_Rep3","Read_521",0.721980532004885,"Subpopulation_1"
"NGS_Nanog_KO_Rep3","Read_522",0.720137140556207,"Subpopulation_1"
"NGS_Nanog_KO_Rep3","Read_523",0.711970268271573,"Subpopulation_1"
"NGS_Nanog_KO_Rep3","Read_524",0.720812443704614,"Subpopulation_1"
"NGS_Nanog_KO_Rep3","Read_525",0.720979722574577,"Subpopulation_1"
"NGS_Nanog_KO_Rep3","Read_526",0.71621091723059,"Subpopulation_1"
"NGS_Nanog_KO_Rep3","Read_527",0.712203003754183,"Subpopulation_1"
"NGS_Nanog_KO_Rep3","Read_528",0.720689139758355,"Subpopulation_1"
"NGS_Nanog_KO_Rep3","Read_529",0.711721715412229,"Subpopulation_1"
"NGS_Nanog_KO_Rep3","Read_530",0.715255704582482,"Subpopulation_1"
"NGS_Nanog_KO_Rep3","Read_531",0.718540839226289,"Subpopulation_1"
"NGS_Nanog_KO_Rep3","Read_532",0.717198695349885,"Subpopulation_1"
"NGS_Nanog_KO_Rep3","Read_533",0.740076592617981,"Subpopulation_1"
"NGS_Nanog_KO_Rep3","Read_534",0.697908695247469,"Subpopulation_1"
"NGS_Nanog_KO_Rep3","Read_535",0.719052836060808,"Subpopulation_1"
"NGS_Nanog_KO_Rep3","Read_536",0.723683763609381,"Subpopulation_1"
"NGS_Nanog_KO_Rep3","Read_537",0.717086949904705,"Subpopulation_1"
"NGS_Nanog_KO_Rep3","Read_538",0.720346885569909,"Subpopulation_1"
"NGS_Nanog_KO_Rep3","Read_539",0.702963518352828,"Subpopulation_1"
"NGS_Nanog_KO_Rep3","Read_540",0.724528189889289,"Subpopulation_1"
"NGS_Nanog_KO_Rep3","Read_541",0.718046714345066,"Subpopulation_1"
"NGS_Nanog_KO_Rep3","Read_542",0.712077502138654,"Subpopulation_1"
"NGS_Nanog_KO_Rep3","Read_543",0.718172278901418,"Subpopulation_1"
"NGS_Nanog_KO_Rep3","Read_544",0.728501013302774,"Subpopulation_1"
"NGS_Nanog_KO_Rep3","Read_545",0.720647938078145,"Subpopulation_1"
"NGS_Nanog_KO_Rep3","Read_546",0.716309719673965,"Subpopulation_1"
"NGS_Nanog_KO_Rep3","Read_547",0.70669867583764,"Subpopulation_1"
"NGS_Nanog_KO_Rep3","Read_548",0.727020856305491,"Subpopulation_1"
"NGS_Nanog_KO_Rep3","Read_549",0.716600531319813,"Subpopulation_1"
"NGS_Nanog_KO_Rep3","Read_550",0.712520354726065,"Subpopulation_1"
"NGS_Nanog_KO_Rep3","Read_551",0.720159360481958,"Subpopulation_1"
"NGS_Nanog_KO_Rep3","Read_552",0.718759258008975,"Subpopulation_1"
"NGS_Nanog_KO_Rep3","Read_553",0.72359487804045,"Subpopulation_1"
"NGS_Nanog_KO_Rep3","Read_554",0.718788734392008,"Subpopulation_1"
"NGS_Nanog_KO_Rep3","Read_555",0.716021682025791,"Subpopulation_1"
"NGS_Nanog_KO_Rep3","Read_556",0.719143728749103,"Subpopulation_1"
"NGS_Nanog_KO_Rep3","Read_557",0.718496653234409,"Subpopulation_1"
"NGS_Nanog_KO_Rep3","Read_558",0.724101928679527,"Subpopulation_1"
"NGS_Nanog_KO_Rep3","Read_559",0.71965948065925,"Subpopulation_1"
"NGS_Nanog_KO_Rep3","Read_560",0.714351644399989,"Subpopulation_1"
"NGS_Nanog_KO_Rep3","Read_561",0.716791597640215,"Subpopulation_1"
"NGS_Nanog_KO_Rep3","Read_562",0.72338765437518,"Subpopulation_1"
"NGS_Nanog_KO_Rep3","Read_563",0.721913373088862,"Subpopulation_1"
"NGS_Nanog_KO_Rep3","Read_564",0.71829859544287,"Subpopulation_1"
"NGS_Nanog_KO_Rep3","Read_565",0.714432928934851,"Subpopulation_1"
"NGS_Nanog_KO_Rep3","Read_566",0.712430980075286,"Subpopulation_1"
"NGS_Nanog_KO_Rep3","Read_567",0.708322034025625,"Subpopulation_1"
"NGS_Nanog_KO_Rep3","Read_568",0.707530627835421,"Subpopulation_1"
"NGS_Nanog_KO_Rep3","Read_569",0.722335430942116,"Subpopulation_1"
"NGS_Nanog_KO_Rep3","Read_570",0.717320202441204,"Subpopulation_1"
"NGS_Nanog_KO_Rep3","Read_571",0.728241978396582,"Subpopulation_1"
"NGS_Nanog_KO_Rep3","Read_572",0.717987559573331,"Subpopulation_1"
"NGS_Nanog_KO_Rep3","Read_573",0.723282989927915,"Subpopulation_1"
"NGS_Nanog_KO_Rep3","Read_574",0.717445452679541,"Subpopulation_1"
"NGS_Nanog_KO_Rep3","Read_575",0.702090315448039,"Subpopulation_1"
"NGS_Nanog_KO_Rep3","Read_576",0.722173620174786,"Subpopulation_1"
"NGS_Nanog_KO_Rep3","Read_577",0.71788387622122,"Subpopulation_1"
"NGS_Nanog_KO_Rep3","Read_578",0.718578639951423,"Subpopulation_1"
"NGS_Nanog_KO_Rep3","Read_579",0.718951660991909,"Subpopulation_1"
"NGS_Nanog_KO_Rep3","Read_580",0.712297825850095,"Subpopulation_1"
"NGS_Nanog_KO_Rep3","Read_581",0.719148816354643,"Subpopulation_1"
"NGS_Nanog_KO_Rep3","Read_582",0.720652264705078,"Subpopulation_1"
"NGS_Nanog_KO_Rep3","Read_583",0.72110297708191,"Subpopulation_1"
"NGS_Nanog_KO_Rep3","Read_584",0.729563914596638,"Subpopulation_1"
"NGS_Nanog_KO_Rep3","Read_585",0.736195023413306,"Subpopulation_1"
"NGS_Nanog_KO_Rep3","Read_586",0.730149762946841,"Subpopulation_1"
"NGS_Nanog_KO_Rep3","Read_587",0.709639947741563,"Subpopulation_1"
"NGS_Nanog_KO_Rep3","Read_588",0.715324348422807,"Subpopulation_1"
"NGS_Nanog_KO_Rep3","Read_589",0.717321068500496,"Subpopulation_1"
"NGS_Nanog_KO_Rep3","Read_590",0.71719166293272,"Subpopulation_1"
"NGS_Nanog_KO_Rep3","Read_591",0.719288271464784,"Subpopulation_1"
"NGS_Nanog_KO_Rep3","Read_592",0.720122917258784,"Subpopulation_1"
"NGS_Nanog_KO_Rep3","Read_593",0.721127558718458,"Subpopulation_1"
"NGS_Nanog_KO_Rep3","Read_594",0.7309075729078,"Subpopulation_1"
"NGS_Nanog_KO_Rep3","Read_595",0.720696842403766,"Subpopulation_1"
"NGS_Nanog_KO_Rep3","Read_596",0.727349507375142,"Subpopulation_1"
"NGS_Nanog_KO_Rep3","Read_597",0.722339916664308,"Subpopulation_1"
"NGS_Nanog_KO_Rep3","Read_598",0.7069254427044,"Subpopulation_1"
"NGS_Nanog_KO_Rep3","Read_599",0.719375764480172,"Subpopulation_1"
"NGS_Nanog_KO_Rep3","Read_600",0.716699939819844,"Subpopulation_1"
"NGS_Nanog_KO_Rep3","Read_601",0.724741833403497,"Subpopulation_1"
"NGS_Nanog_KO_Rep3","Read_602",0.712798967799975,"Subpopulation_1"
"NGS_Nanog_KO_Rep3","Read_603",0.717859297853379,"Subpopulation_1"
"NGS_Nanog_KO_Rep3","Read_604",0.71694868081181,"Subpopulation_1"
"NGS_Nanog_KO_Rep3","Read_605",0.724818818272995,"Subpopulation_1"
"NGS_Nanog_KO_Rep3","Read_606",0.719756761959105,"Subpopulation_1"
"NGS_Nanog_KO_Rep3","Read_607",0.712676644796297,"Subpopulation_1"
"NGS_Nanog_KO_Rep3","Read_608",0.714881035842962,"Subpopulation_1"
"NGS_Nanog_KO_Rep3","Read_609",0.716414001345269,"Subpopulation_1"
"NGS_Nanog_KO_Rep3","Read_610",0.70893818711573,"Subpopulation_1"
"NGS_Nanog_KO_Rep3","Read_611",0.705397352115703,"Subpopulation_1"
"NGS_Nanog_KO_Rep3","Read_612",0.717860570368807,"Subpopulation_1"
"NGS_Nanog_KO_Rep3","Read_613",0.726887258750042,"Subpopulation_1"
"NGS_Nanog_KO_Rep3","Read_614",0.732872769392539,"Subpopulation_1"
"NGS_Nanog_KO_Rep3","Read_615",0.714473243756039,"Subpopulation_1"
"NGS_Nanog_KO_Rep3","Read_616",0.725672515766396,"Subpopulation_1"
"NGS_Nanog_KO_Rep3","Read_617",0.719037889466603,"Subpopulation_1"
"NGS_Nanog_KO_Rep3","Read_618",0.719685369342333,"Subpopulation_1"
"NGS_Nanog_KO_Rep3","Read_619",0.721727258050359,"Subpopulation_1"
"NGS_Nanog_KO_Rep3","Read_620",0.718481250825243,"Subpopulation_1"
"NGS_Nanog_KO_Rep3","Read_621",0.712652020400403,"Subpopulation_1"
"NGS_Nanog_KO_Rep3","Read_622",0.709380250674479,"Subpopulation_1"
"NGS_Nanog_KO_Rep3","Read_623",0.716102900317282,"Subpopulation_1"
"NGS_Nanog_KO_Rep3","Read_624",0.720687324772201,"Subpopulation_1"
"NGS_Nanog_KO_Rep3","Read_625",0.724783794100107,"Subpopulation_1"
"NGS_Nanog_KO_Rep3","Read_626",0.711213238203184,"Subpopulation_1"
"NGS_Nanog_KO_Rep3","Read_627",0.713334517687769,"Subpopulation_1"
"NGS_Nanog_KO_Rep3","Read_628",0.715567785910396,"Subpopulation_1"
"NGS_Nanog_KO_Rep3","Read_629",0.724657244869897,"Subpopulation_1"
"NGS_Nanog_KO_Rep3","Read_630",0.718802896747187,"Subpopulation_1"
"NGS_Nanog_KO_Rep3","Read_631",0.720411169014947,"Subpopulation_1"
"NGS_Nanog_KO_Rep3","Read_632",0.717772794392743,"Subpopulation_1"
"NGS_Nanog_KO_Rep3","Read_633",0.723027040739674,"Subpopulation_1"
"NGS_Nanog_KO_Rep3","Read_634",0.718589990660701,"Subpopulation_1"
"NGS_Nanog_KO_Rep3","Read_635",0.723397319762466,"Subpopulation_1"
"NGS_Nanog_KO_Rep3","Read_636",0.719869228881386,"Subpopulation_1"
"NGS_Nanog_KO_Rep3","Read_637",0.724686295783158,"Subpopulation_1"
"NGS_Nanog_KO_Rep3","Read_638",0.723357218567614,"Subpopulation_1"
"NGS_Nanog_KO_Rep3","Read_639",0.714764311667784,"Subpopulation_1"
"NGS_Nanog_KO_Rep3","Read_640",0.714000941901786,"Subpopulation_1"
"NGS_Nanog_KO_Rep3","Read_641",0.724941801539179,"Subpopulation_1"
"NGS_Nanog_KO_Rep3","Read_642",0.717723476540357,"Subpopulation_1"
"NGS_Nanog_KO_Rep3","Read_643",0.709417112770848,"Subpopulation_1"
"NGS_Nanog_KO_Rep3","Read_644",0.72789390486102,"Subpopulation_1"
"NGS_Nanog_KO_Rep3","Read_645",0.719846417474872,"Subpopulation_1"
"NGS_Nanog_KO_Rep3","Read_646",0.710855490756876,"Subpopulation_1"
"NGS_Nanog_KO_Rep3","Read_647",0.710315686133388,"Subpopulation_1"
"NGS_Nanog_KO_Rep3","Read_648",0.723175473714282,"Subpopulation_1"
"NGS_Nanog_KO_Rep3","Read_649",0.717237358487194,"Subpopulation_1"
"NGS_Nanog_KO_Rep3","Read_650",0.718865458703611,"Subpopulation_1"
"NGS_Nanog_KO_Rep3","Read_651",0.722338854691334,"Subpopulation_1"
"NGS_Nanog_KO_Rep3","Read_652",0.705438304384489,"Subpopulation_1"
"NGS_Nanog_KO_Rep3","Read_653",0.723795764373149,"Subpopulation_1"
"NGS_Nanog_KO_Rep3","Read_654",0.718835983803302,"Subpopulation_1"
"NGS_Nanog_KO_Rep3","Read_655",0.717490385473573,"Subpopulation_1"
"NGS_Nanog_KO_Rep3","Read_656",0.717619200447642,"Subpopulation_1"
"NGS_Nanog_KO_Rep3","Read_657",0.716541385954685,"Subpopulation_1"
"NGS_Nanog_KO_Rep3","Read_658",0.714623077329437,"Subpopulation_1"
"NGS_Nanog_KO_Rep3","Read_659",0.70941257160068,"Subpopulation_1"
"NGS_Nanog_KO_Rep3","Read_660",0.718303306180647,"Subpopulation_1"
"NGS_Nanog_KO_Rep3","Read_661",0.714244418491327,"Subpopulation_1"
"NGS_Nanog_KO_Rep3","Read_662",0.711657304653367,"Subpopulation_1"
"NGS_Nanog_KO_Rep3","Read_663",0.712934541544572,"Subpopulation_1"
"NGS_Nanog_KO_Rep3","Read_664",0.722175329712018,"Subpopulation_1"
"NGS_Nanog_KO_Rep3","Read_665",0.720659157671889,"Subpopulation_1"
"NGS_Nanog_KO_Rep3","Read_666",0.717454674157872,"Subpopulation_1"
"NGS_Nanog_KO_Rep3","Read_667",0.724946755383327,"Subpopulation_1"
"NGS_Nanog_KO_Rep3","Read_668",0.720906398460184,"Subpopulation_1"
"NGS_Nanog_KO_Rep3","Read_669",0.719178890397403,"Subpopulation_1"
"NGS_Nanog_KO_Rep3","Read_670",0.729009154355059,"Subpopulation_1"
"NGS_Nanog_KO_Rep3","Read_671",0.720039515394476,"Subpopulation_1"
"NGS_Nanog_KO_Rep3","Read_672",0.7144937293371,"Subpopulation_1"
"NGS_Nanog_KO_Rep3","Read_673",0.725512297355262,"Subpopulation_1"
"NGS_Nanog_KO_Rep3","Read_674",0.711373599546441,"Subpopulation_1"
"NGS_Nanog_KO_Rep3","Read_675",0.708197111582801,"Subpopulation_1"
"NGS_Nanog_KO_Rep3","Read_676",0.71662164961456,"Subpopulation_1"
"NGS_Nanog_KO_Rep3","Read_677",0.721953265842352,"Subpopulation_1"
"NGS_Nanog_KO_Rep3","Read_678",0.726537190165737,"Subpopulation_1"
"NGS_Nanog_KO_Rep3","Read_679",0.722447909739808,"Subpopulation_1"
"NGS_Nanog_KO_Rep3","Read_680",0.725307039001996,"Subpopulation_1"
"NGS_Nanog_KO_Rep3","Read_681",0.717692428381856,"Subpopulation_1"
"NGS_Nanog_KO_Rep3","Read_682",0.704668461292716,"Subpopulation_1"
"NGS_Nanog_KO_Rep3","Read_683",0.725678893416652,"Subpopulation_1"
"NGS_Nanog_KO_Rep3","Read_684",0.722368213584215,"Subpopulation_1"
"NGS_Nanog_KO_Rep3","Read_685",0.719525935898725,"Subpopulation_1"
"NGS_Nanog_KO_Rep3","Read_686",0.714253820841366,"Subpopulation_1"
"NGS_Nanog_KO_Rep3","Read_687",0.727842297032334,"Subpopulation_1"
"NGS_Nanog_KO_Rep3","Read_688",0.707190463391475,"Subpopulation_1"
"NGS_Nanog_KO_Rep3","Read_689",0.715247581669073,"Subpopulation_1"
"NGS_Nanog_KO_Rep3","Read_690",0.721504158288977,"Subpopulation_1"
"NGS_Nanog_KO_Rep3","Read_691",0.711377831591092,"Subpopulation_1"
"NGS_Nanog_KO_Rep3","Read_692",0.717688986689506,"Subpopulation_1"
"NGS_Nanog_KO_Rep3","Read_693",0.718248693090894,"Subpopulation_1"
"NGS_Nanog_KO_Rep3","Read_694",0.719786880741002,"Subpopulation_1"
"NGS_Nanog_KO_Rep3","Read_695",0.712177399462555,"Subpopulation_1"
"NGS_Nanog_KO_Rep3","Read_696",0.703787238082222,"Subpopulation_1"
"NGS_Nanog_KO_Rep3","Read_697",0.715537115981564,"Subpopulation_1"
"NGS_Nanog_KO_Rep3","Read_698",0.72244593279869,"Subpopulation_1"
"NGS_Nanog_KO_Rep3","Read_699",0.722673430111346,"Subpopulation_1"
"NGS_Nanog_KO_Rep3","Read_700",0.723653745058389,"Subpopulation_1"
"NGS_Nanog_KO_Rep3","Read_701",0.723775510303298,"Subpopulation_1"
"NGS_Nanog_KO_Rep3","Read_702",0.710170914260694,"Subpopulation_1"
"NGS_Nanog_KO_Rep3","Read_703",0.722965387956093,"Subpopulation_1"
"NGS_Nanog_KO_Rep3","Read_704",0.716646970987842,"Subpopulation_1"
"NGS_Nanog_KO_Rep3","Read_705",0.729676192728155,"Subpopulation_1"
"NGS_Nanog_KO_Rep3","Read_706",0.715588956203482,"Subpopulation_1"
"NGS_Nanog_KO_Rep3","Read_707",0.72446218528318,"Subpopulation_1"
"NGS_Nanog_KO_Rep3","Read_708",0.720144219734125,"Subpopulation_1"
"NGS_Nanog_KO_Rep3","Read_709",0.72726648764128,"Subpopulation_1"
"NGS_Nanog_KO_Rep3","Read_710",0.716982538660352,"Subpopulation_1"
"NGS_Nanog_KO_Rep3","Read_711",0.722201616852205,"Subpopulation_1"
"NGS_Nanog_KO_Rep3","Read_712",0.703658973283647,"Subpopulation_1"
"NGS_Nanog_KO_Rep3","Read_713",0.715271098311633,"Subpopulation_1"
"NGS_Nanog_KO_Rep3","Read_714",0.720917343383285,"Subpopulation_1"
"NGS_Nanog_KO_Rep3","Read_715",0.722113007212141,"Subpopulation_1"
"NGS_Nanog_KO_Rep3","Read_716",0.720469797065279,"Subpopulation_1"
"NGS_Nanog_KO_Rep3","Read_717",0.71984575584487,"Subpopulation_1"
"NGS_Nanog_KO_Rep3","Read_718",0.71591443360844,"Subpopulation_1"
"NGS_Nanog_KO_Rep3","Read_719",0.709910690468659,"Subpopulation_1"
"NGS_Nanog_KO_Rep3","Read_720",0.721218604639653,"Subpopulation_1"
"NGS_Nanog_KO_Rep3","Read_721",0.731888083824389,"Subpopulation_1"
"NGS_Nanog_KO_Rep3","Read_722",0.720105553456051,"Subpopulation_1"
"NGS_Nanog_KO_Rep3","Read_723",0.72675673313139,"Subpopulation_1"
"NGS_Nanog_KO_Rep3","Read_724",0.723530439302466,"Subpopulation_1"
"NGS_Nanog_KO_Rep3","Read_725",0.719647731412827,"Subpopulation_1"
"NGS_Nanog_KO_Rep3","Read_726",0.716157162063659,"Subpopulation_1"
"NGS_Nanog_KO_Rep3","Read_727",0.714334465796451,"Subpopulation_1"
"NGS_Nanog_KO_Rep3","Read_728",0.719125404367587,"Subpopulation_1"
"NGS_Nanog_KO_Rep3","Read_729",0.723779276868659,"Subpopulation_1"
"NGS_Nanog_KO_Rep3","Read_730",0.72032535621601,"Subpopulation_1"
"NGS_Nanog_KO_Rep3","Read_731",0.723222166036024,"Subpopulation_1"
"NGS_Nanog_KO_Rep3","Read_732",0.718580979328452,"Subpopulation_1"
"NGS_Nanog_KO_Rep3","Read_733",0.714444726489311,"Subpopulation_1"
"NGS_Nanog_KO_Rep3","Read_734",0.712330331766406,"Subpopulation_1"
"NGS_Nanog_KO_Rep3","Read_735",0.713979473036193,"Subpopulation_1"
"NGS_Nanog_KO_Rep3","Read_736",0.724588326927339,"Subpopulation_1"
"NGS_Nanog_KO_Rep3","Read_737",0.72802559745585,"Subpopulation_1"
"NGS_Nanog_KO_Rep3","Read_738",0.717779649084342,"Subpopulation_1"
"NGS_Nanog_KO_Rep3","Read_739",0.708442334815098,"Subpopulation_1"
"NGS_Nanog_KO_Rep3","Read_740",0.717913099394472,"Subpopulation_1"
"NGS_Nanog_KO_Rep3","Read_741",0.712474052267766,"Subpopulation_1"
"NGS_Nanog_KO_Rep3","Read_742",0.718676932602063,"Subpopulation_1"
"NGS_Nanog_KO_Rep3","Read_743",0.730332860819287,"Subpopulation_1"
"NGS_Nanog_KO_Rep3","Read_744",0.716343843642876,"Subpopulation_1"
"NGS_Nanog_KO_Rep3","Read_745",0.723074539143378,"Subpopulation_1"
"NGS_Nanog_KO_Rep3","Read_746",0.704559233496872,"Subpopulation_1"
"NGS_Nanog_KO_Rep3","Read_747",0.72584216057281,"Subpopulation_1"
"NGS_Nanog_KO_Rep3","Read_748",0.707411679537288,"Subpopulation_1"
"NGS_Nanog_KO_Rep3","Read_749",0.713022690649661,"Subpopulation_1"
"NGS_Nanog_KO_Rep3","Read_750",0.719974300055937,"Subpopulation_1"
"NGS_Nanog_KO_Rep3","Read_751",0.718875607681009,"Subpopulation_1"
"NGS_Nanog_KO_Rep3","Read_752",0.712752803117808,"Subpopulation_1"
"NGS_Nanog_KO_Rep3","Read_753",0.719758833255314,"Subpopulation_1"
"NGS_Nanog_KO_Rep3","Read_754",0.714247538024652,"Subpopulation_1"
"NGS_Nanog_KO_Rep3","Read_755",0.724545946094902,"Subpopulation_1"
"NGS_Nanog_KO_Rep3","Read_756",0.70284872323818,"Subpopulation_1"
"NGS_Nanog_KO_Rep3","Read_757",0.713872888621529,"Subpopulation_1"
"NGS_Nanog_KO_Rep3","Read_758",0.715353531958908,"Subpopulation_1"
"NGS_Nanog_KO_Rep3","Read_759",0.721380500356565,"Subpopulation_1"
"NGS_Nanog_KO_Rep3","Read_760",0.720757157273883,"Subpopulation_1"
"NGS_Nanog_KO_Rep3","Read_761",0.713522251758246,"Subpopulation_1"
"NGS_Nanog_KO_Rep3","Read_762",0.729013613141312,"Subpopulation_1"
"NGS_Nanog_KO_Rep3","Read_763",0.713657012282118,"Subpopulation_1"
"NGS_Nanog_KO_Rep3","Read_764",0.71164215483622,"Subpopulation_1"
"NGS_Nanog_KO_Rep3","Read_765",0.713463654441708,"Subpopulation_1"
"NGS_Nanog_KO_Rep3","Read_766",0.718186997391024,"Subpopulation_1"
"NGS_Nanog_KO_Rep3","Read_767",0.713150642129689,"Subpopulation_1"
"NGS_Nanog_KO_Rep3","Read_768",0.720033244186807,"Subpopulation_1"
"NGS_Nanog_KO_Rep3","Read_769",0.714023668591814,"Subpopulation_1"
"NGS_Nanog_KO_Rep3","Read_770",0.717035806461209,"Subpopulation_1"
"NGS_Nanog_KO_Rep3","Read_771",0.705159764385566,"Subpopulation_1"
"NGS_Nanog_KO_Rep3","Read_772",0.724162395633442,"Subpopulation_1"
"NGS_Nanog_KO_Rep3","Read_773",0.724205017887819,"Subpopulation_1"
"NGS_Nanog_KO_Rep3","Read_774",0.716839253193154,"Subpopulation_1"
"NGS_Nanog_KO_Rep3","Read_775",0.71885994639573,"Subpopulation_1"
"NGS_Nanog_KO_Rep3","Read_776",0.711100020693291,"Subpopulation_1"
"NGS_Nanog_KO_Rep3","Read_777",0.724199512937995,"Subpopulation_1"
"NGS_Nanog_KO_Rep3","Read_778",0.73002353606613,"Subpopulation_1"
"NGS_Nanog_KO_Rep3","Read_779",0.711981226586553,"Subpopulation_1"
"NGS_Nanog_KO_Rep3","Read_780",0.724119704155566,"Subpopulation_1"
"NGS_Nanog_KO_Rep3","Read_781",0.721248146101461,"Subpopulation_1"
"NGS_Nanog_KO_Rep3","Read_782",0.713703185480136,"Subpopulation_1"
"NGS_Nanog_KO_Rep3","Read_783",0.711529984460067,"Subpopulation_1"
"NGS_Nanog_KO_Rep3","Read_784",0.717195202488733,"Subpopulation_1"
"NGS_Nanog_KO_Rep3","Read_785",0.706591883158556,"Subpopulation_1"
"NGS_Nanog_KO_Rep3","Read_786",0.721902311693706,"Subpopulation_1"
"NGS_Nanog_KO_Rep3","Read_787",0.721364851038712,"Subpopulation_1"
"NGS_Nanog_KO_Rep3","Read_788",0.722069582554489,"Subpopulation_1"
"NGS_Nanog_KO_Rep3","Read_789",0.708435682363988,"Subpopulation_1"
"NGS_Nanog_KO_Rep3","Read_790",0.714576753730493,"Subpopulation_1"
"NGS_Nanog_KO_Rep3","Read_791",0.719127147515559,"Subpopulation_1"
"NGS_Nanog_KO_Rep3","Read_792",0.720078426360084,"Subpopulation_1"
"NGS_Nanog_KO_Rep3","Read_793",0.726732461755296,"Subpopulation_1"
"NGS_Nanog_KO_Rep3","Read_794",0.720081116132011,"Subpopulation_1"
"NGS_Nanog_KO_Rep3","Read_795",0.721311054084421,"Subpopulation_1"
"NGS_Nanog_KO_Rep3","Read_796",0.713489850877856,"Subpopulation_1"
"NGS_Nanog_KO_Rep3","Read_797",0.717906001777475,"Subpopulation_1"
"NGS_Nanog_KO_Rep3","Read_798",0.72491530485063,"Subpopulation_1"
"NGS_Nanog_KO_Rep3","Read_799",0.720447159989798,"Subpopulation_1"
"NGS_Nanog_KO_Rep3","Read_800",0.711578230391194,"Subpopulation_1"
"NGS_Nanog_KO_Rep3","Read_801",0.723288589719449,"Subpopulation_1"
"NGS_Nanog_KO_Rep3","Read_802",0.723086635719334,"Subpopulation_1"
"NGS_Nanog_KO_Rep3","Read_803",0.709468160430501,"Subpopulation_1"
"NGS_Nanog_KO_Rep3","Read_804",0.713498736006096,"Subpopulation_1"
"NGS_Nanog_KO_Rep3","Read_805",0.711492815898616,"Subpopulation_1"
"NGS_Nanog_KO_Rep3","Read_806",0.723217575337181,"Subpopulation_1"
"NGS_Nanog_KO_Rep3","Read_807",0.720086174867732,"Subpopulation_1"
"NGS_Nanog_KO_Rep3","Read_808",0.716898081392669,"Subpopulation_1"
"NGS_Nanog_KO_Rep3","Read_809",0.70982117022288,"Subpopulation_1"
"NGS_Nanog_KO_Rep3","Read_810",0.726316634070843,"Subpopulation_1"
"NGS_Nanog_KO_Rep3","Read_811",0.7171282526765,"Subpopulation_1"
"NGS_Nanog_KO_Rep3","Read_812",0.714164754023214,"Subpopulation_1"
"NGS_Nanog_KO_Rep3","Read_813",0.722497205829936,"Subpopulation_1"
"NGS_Nanog_KO_Rep3","Read_814",0.722794992314273,"Subpopulation_1"
"NGS_Nanog_KO_Rep3","Read_815",0.716496538685344,"Subpopulation_1"
"NGS_Nanog_KO_Rep3","Read_816",0.71769141628054,"Subpopulation_1"
"NGS_Nanog_KO_Rep3","Read_817",0.718582668069722,"Subpopulation_1"
"NGS_Nanog_KO_Rep3","Read_818",0.707865260128639,"Subpopulation_1"
"NGS_Nanog_KO_Rep3","Read_819",0.708858106666489,"Subpopulation_1"
"NGS_Nanog_KO_Rep3","Read_820",0.71308453970577,"Subpopulation_1"
"NGS_Nanog_KO_Rep3","Read_821",0.727103542662747,"Subpopulation_1"
"NGS_Nanog_KO_Rep3","Read_822",0.704763979807846,"Subpopulation_1"
"NGS_Nanog_KO_Rep3","Read_823",0.723346387051638,"Subpopulation_1"
"NGS_Nanog_KO_Rep3","Read_824",0.717356193512412,"Subpopulation_1"
"NGS_Nanog_KO_Rep3","Read_825",0.70902801175519,"Subpopulation_1"
"NGS_Nanog_KO_Rep3","Read_826",0.719237314985395,"Subpopulation_1"
"NGS_Nanog_KO_Rep3","Read_827",0.709811509970155,"Subpopulation_1"
"NGS_Nanog_KO_Rep3","Read_828",0.720706995587962,"Subpopulation_1"
"NGS_Nanog_KO_Rep3","Read_829",0.713197437256879,"Subpopulation_1"
"NGS_Nanog_KO_Rep3","Read_830",0.714819780855605,"Subpopulation_1"
"NGS_Nanog_KO_Rep3","Read_831",0.717275853375523,"Subpopulation_1"
"NGS_Nanog_KO_Rep3","Read_832",0.723498093130024,"Subpopulation_1"
"NGS_Nanog_KO_Rep3","Read_833",0.720780235508321,"Subpopulation_1"
"NGS_Nanog_KO_Rep3","Read_834",0.722067604867879,"Subpopulation_1"
"NGS_Nanog_KO_Rep3","Read_835",0.715440507736435,"Subpopulation_1"
"NGS_Nanog_KO_Rep3","Read_836",0.71601424818021,"Subpopulation_1"
"NGS_Nanog_KO_Rep3","Read_837",0.712673580520419,"Subpopulation_1"
"NGS_Nanog_KO_Rep3","Read_838",0.722063335917106,"Subpopulation_1"
"NGS_Nanog_KO_Rep3","Read_839",0.724587370487981,"Subpopulation_1"
"NGS_Nanog_KO_Rep3","Read_840",0.72012655468918,"Subpopulation_1"
"NGS_Nanog_KO_Rep3","Read_841",0.716437544473584,"Subpopulation_1"
"NGS_Nanog_KO_Rep3","Read_842",0.725846373095223,"Subpopulation_1"
"NGS_Nanog_KO_Rep3","Read_843",0.716568797186864,"Subpopulation_1"
"NGS_Nanog_KO_Rep3","Read_844",0.713537303761864,"Subpopulation_1"
"NGS_Nanog_KO_Rep3","Read_845",0.724055249836941,"Subpopulation_1"
"NGS_Nanog_KO_Rep3","Read_846",0.715150892398008,"Subpopulation_1"
"NGS_Nanog_KO_Rep3","Read_847",0.717940033234808,"Subpopulation_1"
"NGS_Nanog_KO_Rep3","Read_848",0.722636446783641,"Subpopulation_1"
"NGS_Nanog_KO_Rep3","Read_849",0.733390882478973,"Subpopulation_1"
"NGS_Nanog_KO_Rep3","Read_850",0.715758116195578,"Subpopulation_1"
"NGS_Nanog_KO_Rep3","Read_851",0.718014471051388,"Subpopulation_1"
"NGS_Nanog_KO_Rep3","Read_852",0.710353731661249,"Subpopulation_1"
"NGS_Nanog_KO_Rep3","Read_853",0.723411877388988,"Subpopulation_1"
"NGS_Nanog_KO_Rep3","Read_854",0.719116915520492,"Subpopulation_1"
"NGS_Nanog_KO_Rep3","Read_855",0.722882702738017,"Subpopulation_1"
"NGS_Nanog_KO_Rep3","Read_856",0.714021064198138,"Subpopulation_1"
"NGS_Nanog_KO_Rep3","Read_857",0.723483175206323,"Subpopulation_1"
"NGS_Nanog_KO_Rep3","Read_858",0.709549019564153,"Subpopulation_1"
"NGS_Nanog_KO_Rep3","Read_859",0.711538063861922,"Subpopulation_1"
"NGS_Nanog_KO_Rep3","Read_860",0.721156772611416,"Subpopulation_1"
"NGS_Nanog_KO_Rep3","Read_861",0.718785712482144,"Subpopulation_1"
"NGS_Nanog_KO_Rep3","Read_862",0.724482544910823,"Subpopulation_1"
"NGS_Nanog_KO_Rep3","Read_863",0.715091795213192,"Subpopulation_1"
"NGS_Nanog_KO_Rep3","Read_864",0.708038081486598,"Subpopulation_1"
"NGS_Nanog_KO_Rep3","Read_865",0.719927926236685,"Subpopulation_1"
"NGS_Nanog_KO_Rep3","Read_866",0.718435985849744,"Subpopulation_1"
"NGS_Nanog_KO_Rep3","Read_867",0.723820289042342,"Subpopulation_1"
"NGS_Nanog_KO_Rep3","Read_868",0.718304476785714,"Subpopulation_1"
"NGS_Nanog_KO_Rep3","Read_869",0.726618926440763,"Subpopulation_1"
"NGS_Nanog_KO_Rep3","Read_870",0.71719881057274,"Subpopulation_1"
"NGS_Nanog_KO_Rep3","Read_871",0.712555030466724,"Subpopulation_1"
"NGS_Nanog_KO_Rep3","Read_872",0.716454208489806,"Subpopulation_1"
"NGS_Nanog_KO_Rep3","Read_873",0.72055148696777,"Subpopulation_1"
"NGS_Nanog_KO_Rep3","Read_874",0.717525098947852,"Subpopulation_1"
"NGS_Nanog_KO_Rep3","Read_875",0.719447703041574,"Subpopulation_1"
"NGS_Nanog_KO_Rep3","Read_876",0.714511337254318,"Subpopulation_1"
"NGS_Nanog_KO_Rep3","Read_877",0.721846769520893,"Subpopulation_1"
"NGS_Nanog_KO_Rep3","Read_878",0.722054094397462,"Subpopulation_1"
"NGS_Nanog_KO_Rep3","Read_879",0.717553635225924,"Subpopulation_1"
"NGS_Nanog_KO_Rep3","Read_880",0.716306578584501,"Subpopulation_1"
"NGS_Nanog_KO_Rep3","Read_881",0.7221749100544,"Subpopulation_1"
"NGS_Nanog_KO_Rep3","Read_882",0.710322525797836,"Subpopulation_1"
"NGS_Nanog_KO_Rep3","Read_883",0.712088242043947,"Subpopulation_1"
"NGS_Nanog_KO_Rep3","Read_884",0.7133442117389,"Subpopulation_1"
"NGS_Nanog_KO_Rep3","Read_885",0.715242960376965,"Subpopulation_1"
"NGS_Nanog_KO_Rep3","Read_886",0.717827141340326,"Subpopulation_1"
"NGS_Nanog_KO_Rep3","Read_887",0.721775870253633,"Subpopulation_1"
"NGS_Nanog_KO_Rep3","Read_888",0.720759898217777,"Subpopulation_1"
"NGS_Nanog_KO_Rep3","Read_889",0.710181889199042,"Subpopulation_1"
"NGS_Nanog_KO_Rep3","Read_890",0.723462022874977,"Subpopulation_1"
"NGS_Nanog_KO_Rep3","Read_891",0.720058223746672,"Subpopulation_1"
"NGS_Nanog_KO_Rep3","Read_892",0.714900862332617,"Subpopulation_1"
"NGS_Nanog_KO_Rep3","Read_893",0.728348914160042,"Subpopulation_1"
"NGS_Nanog_KO_Rep3","Read_894",0.71919110339436,"Subpopulation_1"
"NGS_Nanog_KO_Rep3","Read_895",0.71648344598288,"Subpopulation_1"
"NGS_Nanog_KO_Rep3","Read_896",0.716625789625945,"Subpopulation_1"
"NGS_Nanog_KO_Rep3","Read_897",0.719534011326219,"Subpopulation_1"
"NGS_Nanog_KO_Rep3","Read_898",0.715983394302405,"Subpopulation_1"
"NGS_Nanog_KO_Rep3","Read_899",0.707105312258575,"Subpopulation_1"
"NGS_Nanog_KO_Rep3","Read_900",0.710838505671196,"Subpopulation_1"
"NGS_Nanog_KO_Rep3","Read_901",0.724412439395396,"Subpopulation_1"
"NGS_Nanog_KO_Rep3","Read_902",0.718502558369346,"Subpopulation_1"
"NGS_Nanog_KO_Rep3","Read_903",0.721170437176122,"Subpopulation_1"
"NGS_Nanog_KO_Rep3","Read_904",0.714752065844427,"Subpopulation_1"
"NGS_Nanog_KO_Rep3","Read_905",0.721056287373133,"Subpopulation_1"
"NGS_Nanog_KO_Rep3","Read_906",0.7182333119248,"Subpopulation_1"
"NGS_Nanog_KO_Rep3","Read_907",0.717012315138858,"Subpopulation_1"
"NGS_Nanog_KO_Rep3","Read_908",0.709069451250401,"Subpopulation_1"
"NGS_Nanog_KO_Rep3","Read_909",0.709754826623809,"Subpopulation_1"
"NGS_Nanog_KO_Rep3","Read_910",0.723342634988233,"Subpopulation_1"
"NGS_Nanog_KO_Rep3","Read_911",0.72096212447116,"Subpopulation_1"
"NGS_Nanog_KO_Rep3","Read_912",0.721669181784404,"Subpopulation_1"
"NGS_Nanog_KO_Rep3","Read_913",0.717806359391472,"Subpopulation_1"
"NGS_Nanog_KO_Rep3","Read_914",0.722404832719475,"Subpopulation_1"
"NGS_Nanog_KO_Rep3","Read_915",0.714817081890857,"Subpopulation_1"
"NGS_Nanog_KO_Rep3","Read_916",0.714541935484654,"Subpopulation_1"
"NGS_Nanog_KO_Rep3","Read_917",0.71326746409765,"Subpopulation_1"
"NGS_Nanog_KO_Rep3","Read_918",0.722802260123838,"Subpopulation_1"
"NGS_Nanog_KO_Rep3","Read_919",0.713568535224305,"Subpopulation_1"
"NGS_Nanog_KO_Rep3","Read_920",0.727023056033498,"Subpopulation_1"
"NGS_Nanog_KO_Rep3","Read_921",0.713779141323423,"Subpopulation_1"
"NGS_Nanog_KO_Rep3","Read_922",0.720531995433559,"Subpopulation_1"
"NGS_Nanog_KO_Rep3","Read_923",0.710490140404146,"Subpopulation_1"
"NGS_Nanog_KO_Rep3","Read_924",0.715793092068331,"Subpopulation_1"
"NGS_Nanog_KO_Rep3","Read_925",0.71387861343666,"Subpopulation_1"
"NGS_Nanog_KO_Rep3","Read_926",0.720235488518342,"Subpopulation_1"
"NGS_Nanog_KO_Rep3","Read_927",0.720798927045652,"Subpopulation_1"
"NGS_Nanog_KO_Rep3","Read_928",0.734767155993998,"Subpopulation_1"
"NGS_Nanog_KO_Rep3","Read_929",0.731489529757004,"Subpopulation_1"
"NGS_Nanog_KO_Rep3","Read_930",0.715906117306213,"Subpopulation_1"
"NGS_Nanog_KO_Rep3","Read_931",0.723249699177303,"Subpopulation_1"
"NGS_Nanog_KO_Rep3","Read_932",0.728491122448461,"Subpopulation_1"
"NGS_Nanog_KO_Rep3","Read_933",0.726652676150434,"Subpopulation_1"
"NGS_Nanog_KO_Rep3","Read_934",0.709849811857894,"Subpopulation_1"
"NGS_Nanog_KO_Rep3","Read_935",0.721532544546722,"Subpopulation_1"
"NGS_Nanog_KO_Rep3","Read_936",0.720279530705058,"Subpopulation_1"
"NGS_Nanog_KO_Rep3","Read_937",0.723006953015989,"Subpopulation_1"
"NGS_Nanog_KO_Rep3","Read_938",0.717000373458169,"Subpopulation_1"
"NGS_Nanog_KO_Rep3","Read_939",0.720561311977824,"Subpopulation_1"
"NGS_Nanog_KO_Rep3","Read_940",0.714820117646025,"Subpopulation_1"
"NGS_Nanog_KO_Rep3","Read_941",0.725492620317729,"Subpopulation_1"
"NGS_Nanog_KO_Rep3","Read_942",0.724031877367897,"Subpopulation_1"
"NGS_Nanog_KO_Rep3","Read_943",0.706641697498296,"Subpopulation_1"
"NGS_Nanog_KO_Rep3","Read_944",0.717348099445962,"Subpopulation_1"
"NGS_Nanog_KO_Rep3","Read_945",0.7169335762815,"Subpopulation_1"
"NGS_Nanog_KO_Rep3","Read_946",0.717353370890524,"Subpopulation_1"
"NGS_Nanog_KO_Rep3","Read_947",0.720672597473518,"Subpopulation_1"
"NGS_Nanog_KO_Rep3","Read_948",0.718659125428096,"Subpopulation_1"
"NGS_Nanog_KO_Rep3","Read_949",0.715965543745042,"Subpopulation_1"
"NGS_Nanog_KO_Rep3","Read_950",0.706841093239662,"Subpopulation_1"
"NGS_Nanog_KO_Rep3","Read_951",0.719614541513677,"Subpopulation_1"
"NGS_Nanog_KO_Rep3","Read_952",0.724566502199065,"Subpopulation_1"
"NGS_Nanog_KO_Rep3","Read_953",0.717061190979092,"Subpopulation_1"
"NGS_Nanog_KO_Rep3","Read_954",0.726268836086214,"Subpopulation_1"
"NGS_Nanog_KO_Rep3","Read_955",0.728321284884531,"Subpopulation_1"
"NGS_Nanog_KO_Rep3","Read_956",0.719448827093272,"Subpopulation_1"
"NGS_Nanog_KO_Rep3","Read_957",0.722379143171618,"Subpopulation_1"
"NGS_Nanog_KO_Rep3","Read_958",0.716673881826943,"Subpopulation_1"
"NGS_Nanog_KO_Rep3","Read_959",0.712015577169379,"Subpopulation_1"
"NGS_Nanog_KO_Rep3","Read_960",0.71134560845229,"Subpopulation_1"
"NGS_Nanog_KO_Rep3","Read_961",0.725457589162351,"Subpopulation_1"
"NGS_Nanog_KO_Rep3","Read_962",0.71470819466423,"Subpopulation_1"
"NGS_Nanog_KO_Rep3","Read_963",0.715199951896298,"Subpopulation_1"
"NGS_Nanog_KO_Rep3","Read_964",0.710744097525401,"Subpopulation_1"
"NGS_Nanog_KO_Rep3","Read_965",0.717068312535103,"Subpopulation_1"
"NGS_Nanog_KO_Rep3","Read_966",0.721747108847641,"Subpopulation_1"
"NGS_Nanog_KO_Rep3","Read_967",0.724346089508627,"Subpopulation_1"
"NGS_Nanog_KO_Rep3","Read_968",0.718988268700525,"Subpopulation_1"
"NGS_Nanog_KO_Rep3","Read_969",0.729031642223678,"Subpopulation_1"
"NGS_Nanog_KO_Rep3","Read_970",0.716165074240892,"Subpopulation_1"
"NGS_Nanog_KO_Rep3","Read_971",0.712762005398801,"Subpopulation_1"
"NGS_Nanog_KO_Rep3","Read_972",0.7138068783796,"Subpopulation_1"
"NGS_Nanog_KO_Rep3","Read_973",0.713425537901235,"Subpopulation_1"
"NGS_Nanog_KO_Rep3","Read_974",0.71655094951275,"Subpopulation_1"
"NGS_Nanog_KO_Rep3","Read_975",0.727402339550329,"Subpopulation_1"
"NGS_Nanog_KO_Rep3","Read_976",0.722609381106,"Subpopulation_1"
"NGS_Nanog_KO_Rep3","Read_977",0.705109698588295,"Subpopulation_1"
"NGS_Nanog_KO_Rep3","Read_978",0.717699852548897,"Subpopulation_1"
"NGS_Nanog_KO_Rep3","Read_979",0.716417343396888,"Subpopulation_1"
"NGS_Nanog_KO_Rep3","Read_980",0.715105058995904,"Subpopulation_1"
"NGS_Nanog_KO_Rep3","Read_981",0.709915117196738,"Subpopulation_1"
"NGS_Nanog_KO_Rep3","Read_982",0.713363391098507,"Subpopulation_1"
"NGS_Nanog_KO_Rep3","Read_983",0.712960850646392,"Subpopulation_1"
"NGS_Nanog_KO_Rep3","Read_984",0.726418771701883,"Subpopulation_1"
"NGS_Nanog_KO_Rep3","Read_985",0.720723428196809,"Subpopulation_1"
"NGS_Nanog_KO_Rep3","Read_986",0.713320645181214,"Subpopulation_1"
"NGS_Nanog_KO_Rep3","Read_987",0.725900955120188,"Subpopulation_1"
"NGS_Nanog_KO_Rep3","Read_988",0.718606173780287,"Subpopulation_1"
"NGS_Nanog_KO_Rep3","Read_989",0.725956072340413,"Subpopulation_1"
"NGS_Nanog_KO_Rep3","Read_990",0.719796309651775,"Subpopulation_1"
"NGS_Nanog_KO_Rep3","Read_991",0.713441921290472,"Subpopulation_1"
"NGS_Nanog_KO_Rep3","Read_992",0.715368251348044,"Subpopulation_1"
"NGS_Nanog_KO_Rep3","Read_993",0.715282665576429,"Subpopulation_1"
"NGS_Nanog_KO_Rep3","Read_994",0.717676976110356,"Subpopulation_1"
"NGS_Nanog_KO_Rep3","Read_995",0.721465731628092,"Subpopulation_1"
"NGS_Nanog_KO_Rep3","Read_996",0.713558981360625,"Subpopulation_1"
"NGS_Nanog_KO_Rep3","Read_997",0.725247237577224,"Subpopulation_1"
"NGS_Nanog_KO_Rep3","Read_998",0.725485228018657,"Subpopulation_1"
"NGS_Nanog_KO_Rep3","Read_999",0.726812560565124,"Subpopulation_1"
"NGS_Nanog_KO_Rep3","Read_1000",0.71567542057533,"Subpopulation_1"
"NGS_Nanog_KO_Rep3","Read_1001",0.717250134576012,"Subpopulation_1"
"NGS_Nanog_KO_Rep3","Read_1002",0.720173811941301,"Subpopulation_1"
"NGS_Nanog_KO_Rep3","Read_1003",0.722791006143685,"Subpopulation_1"
"NGS_Nanog_KO_Rep3","Read_1004",0.709218271142312,"Subpopulation_1"
"NGS_Nanog_KO_Rep3","Read_1005",0.721907138565228,"Subpopulation_1"
"NGS_Nanog_KO_Rep3","Read_1006",0.72353002818951,"Subpopulation_1"
"NGS_Nanog_KO_Rep3","Read_1007",0.720045101055322,"Subpopulation_1"
"NGS_Nanog_KO_Rep3","Read_1008",0.719139665255578,"Subpopulation_1"
"NGS_Nanog_KO_Rep3","Read_1009",0.720998093192604,"Subpopulation_1"
"NGS_Nanog_KO_Rep3","Read_1010",0.721817895788457,"Subpopulation_1"
"NGS_Nanog_KO_Rep3","Read_1011",0.717277597278671,"Subpopulation_1"
"NGS_Nanog_KO_Rep3","Read_1012",0.726642052231002,"Subpopulation_1"
"NGS_Nanog_KO_Rep3","Read_1013",0.716973674014671,"Subpopulation_1"
"NGS_Nanog_KO_Rep3","Read_1014",0.723820792726813,"Subpopulation_1"
"NGS_Nanog_KO_Rep3","Read_1015",0.721464852428742,"Subpopulation_1"
"NGS_Nanog_KO_Rep3","Read_1016",0.710651258508266,"Subpopulation_1"
"NGS_Nanog_KO_Rep3","Read_1017",0.719505993024766,"Subpopulation_1"
"NGS_Nanog_KO_Rep3","Read_1018",0.720306378448927,"Subpopulation_1"
"NGS_Nanog_KO_Rep3","Read_1019",0.710736401897715,"Subpopulation_1"
"NGS_Nanog_KO_Rep3","Read_1020",0.719929189159619,"Subpopulation_1"
"NGS_Nanog_KO_Rep3","Read_1021",0.719564454106698,"Subpopulation_1"
"NGS_Nanog_KO_Rep3","Read_1022",0.722344798486623,"Subpopulation_1"
"NGS_Nanog_KO_Rep3","Read_1023",0.71033607607796,"Subpopulation_1"
"NGS_Nanog_KO_Rep3","Read_1024",0.72180090534132,"Subpopulation_1"
"NGS_Nanog_KO_Rep3","Read_1025",0.723330935270987,"Subpopulation_1"
"NGS_Nanog_KO_Rep3","Read_1026",0.710149220571736,"Subpopulation_1"
"NGS_Nanog_KO_Rep3","Read_1027",0.725245576428578,"Subpopulation_1"
"NGS_Nanog_KO_Rep3","Read_1028",0.71129779620399,"Subpopulation_1"
"NGS_Nanog_KO_Rep3","Read_1029",0.719283736359738,"Subpopulation_1"
"NGS_Nanog_KO_Rep3","Read_1030",0.714542032502003,"Subpopulation_1"
"NGS_Nanog_KO_Rep3","Read_1031",0.714403004284289,"Subpopulation_1"
"NGS_Nanog_KO_Rep3","Read_1032",0.720011711194616,"Subpopulation_1"
"NGS_Nanog_KO_Rep3","Read_1033",0.72396929811127,"Subpopulation_1"
"NGS_Nanog_KO_Rep3","Read_1034",0.726195284726435,"Subpopulation_1"
"NGS_Nanog_KO_Rep3","Read_1035",0.725031253500967,"Subpopulation_1"
"NGS_Nanog_KO_Rep3","Read_1036",0.710494902085854,"Subpopulation_1"
"NGS_Nanog_KO_Rep3","Read_1037",0.711352113217256,"Subpopulation_1"
"NGS_Nanog_KO_Rep3","Read_1038",0.706950450163729,"Subpopulation_1"
"NGS_Nanog_KO_Rep3","Read_1039",0.723247770568079,"Subpopulation_1"
"NGS_Nanog_KO_Rep3","Read_1040",0.729516937708443,"Subpopulation_1"
"NGS_Nanog_KO_Rep3","Read_1041",0.721919033843642,"Subpopulation_1"
"NGS_Nanog_KO_Rep3","Read_1042",0.713834847636984,"Subpopulation_1"
"NGS_Nanog_KO_Rep3","Read_1043",0.713513216488879,"Subpopulation_1"
"NGS_Nanog_KO_Rep3","Read_1044",0.711945895257607,"Subpopulation_1"
"NGS_Nanog_KO_Rep3","Read_1045",0.714432989000133,"Subpopulation_1"
"NGS_Nanog_KO_Rep3","Read_1046",0.720882330377899,"Subpopulation_1"
"NGS_Nanog_KO_Rep3","Read_1047",0.713081044502994,"Subpopulation_1"
"NGS_Nanog_KO_Rep3","Read_1048",0.712006420080559,"Subpopulation_1"
"NGS_Nanog_KO_Rep3","Read_1049",0.714553017902107,"Subpopulation_1"
"NGS_Nanog_KO_Rep3","Read_1050",0.72023334385535,"Subpopulation_1"
"NGS_Nanog_KO_Rep3","Read_1051",0.719847851114731,"Subpopulation_1"
"NGS_Nanog_KO_Rep3","Read_1052",0.708036063489965,"Subpopulation_1"
"NGS_Nanog_KO_Rep3","Read_1053",0.719573323133877,"Subpopulation_1"
"NGS_Nanog_KO_Rep3","Read_1054",0.717951027817519,"Subpopulation_1"
"NGS_Nanog_KO_Rep3","Read_1055",0.722045354179394,"Subpopulation_1"
"NGS_Nanog_KO_Rep3","Read_1056",0.723975474106176,"Subpopulation_1"
"NGS_Nanog_KO_Rep3","Read_1057",0.725117628303772,"Subpopulation_1"
"NGS_Nanog_KO_Rep3","Read_1058",0.716409914703969,"Subpopulation_1"
"NGS_Nanog_KO_Rep3","Read_1059",0.709379543561157,"Subpopulation_1"
"NGS_Nanog_KO_Rep3","Read_1060",0.708587483631357,"Subpopulation_1"
"NGS_Nanog_KO_Rep3","Read_1061",0.714562686958803,"Subpopulation_1"
"NGS_Nanog_KO_Rep3","Read_1062",0.688506527012935,"Subpopulation_1"
"NGS_Nanog_KO_Rep3","Read_1063",0.718436684202148,"Subpopulation_1"
"NGS_Nanog_KO_Rep3","Read_1064",0.718394313248026,"Subpopulation_1"
"NGS_Nanog_KO_Rep3","Read_1065",0.719593977858429,"Subpopulation_1"
"NGS_Nanog_KO_Rep3","Read_1066",0.715617857167476,"Subpopulation_1"
"NGS_Nanog_KO_Rep3","Read_1067",0.719846757192884,"Subpopulation_1"
"NGS_Nanog_KO_Rep3","Read_1068",0.722341236704033,"Subpopulation_1"
"NGS_Nanog_KO_Rep3","Read_1069",0.721303126334331,"Subpopulation_1"
"NGS_Nanog_KO_Rep3","Read_1070",0.71500202995403,"Subpopulation_1"
"NGS_Nanog_KO_Rep3","Read_1071",0.728468105106897,"Subpopulation_1"
"NGS_Nanog_KO_Rep3","Read_1072",0.71931660330821,"Subpopulation_1"
"NGS_Nanog_KO_Rep3","Read_1073",0.72671480370635,"Subpopulation_1"
"NGS_Nanog_KO_Rep3","Read_1074",0.717348783301512,"Subpopulation_1"
"NGS_Nanog_KO_Rep3","Read_1075",0.722612881388907,"Subpopulation_1"
"NGS_Nanog_KO_Rep3","Read_1076",0.71671151527203,"Subpopulation_1"
"NGS_Nanog_KO_Rep3","Read_1077",0.718796550173575,"Subpopulation_1"
"NGS_Nanog_KO_Rep3","Read_1078",0.715375611643784,"Subpopulation_1"
"NGS_Nanog_KO_Rep3","Read_1079",0.718510394354408,"Subpopulation_1"
"NGS_Nanog_KO_Rep3","Read_1080",0.714170282920202,"Subpopulation_1"
"NGS_Nanog_KO_Rep3","Read_1081",0.719994255387577,"Subpopulation_1"
"NGS_Nanog_KO_Rep3","Read_1082",0.720226916393457,"Subpopulation_1"
"NGS_Nanog_KO_Rep3","Read_1083",0.712007982402087,"Subpopulation_1"
"NGS_Nanog_KO_Rep3","Read_1084",0.716883591486964,"Subpopulation_1"
"NGS_Nanog_KO_Rep3","Read_1085",0.720931485096869,"Subpopulation_1"
"NGS_Nanog_KO_Rep3","Read_1086",0.725982776758589,"Subpopulation_1"
"NGS_Nanog_KO_Rep3","Read_1087",0.705486913293552,"Subpopulation_1"
"NGS_Nanog_KO_Rep3","Read_1088",0.7217950217978,"Subpopulation_1"
"NGS_Nanog_KO_Rep3","Read_1089",0.725834263990082,"Subpopulation_1"
"NGS_Nanog_KO_Rep3","Read_1090",0.717203730279466,"Subpopulation_1"
"NGS_Nanog_KO_Rep3","Read_1091",0.722813496570137,"Subpopulation_1"
"NGS_Nanog_KO_Rep3","Read_1092",0.718760499236717,"Subpopulation_1"
"NGS_Nanog_KO_Rep3","Read_1093",0.712007428009997,"Subpopulation_1"
"NGS_Nanog_KO_Rep3","Read_1094",0.711832904486836,"Subpopulation_1"
"NGS_Nanog_KO_Rep3","Read_1095",0.715470565319537,"Subpopulation_1"
"NGS_Nanog_KO_Rep3","Read_1096",0.721309528715244,"Subpopulation_1"
"NGS_Nanog_KO_Rep3","Read_1097",0.723201244189458,"Subpopulation_1"
"NGS_Nanog_KO_Rep3","Read_1098",0.72135022812919,"Subpopulation_1"
"NGS_Nanog_KO_Rep3","Read_1099",0.722551727095912,"Subpopulation_1"
"NGS_Nanog_KO_Rep3","Read_1100",0.719023619827345,"Subpopulation_1"
"NGS_Nanog_KO_Rep3","Read_1101",0.71114463571623,"Subpopulation_1"
"NGS_Nanog_KO_Rep3","Read_1102",0.717137625012055,"Subpopulation_1"
"NGS_Nanog_KO_Rep3","Read_1103",0.717608585960355,"Subpopulation_1"
"NGS_Nanog_KO_Rep3","Read_1104",0.723102619811737,"Subpopulation_1"
"NGS_Nanog_KO_Rep3","Read_1105",0.711951219353164,"Subpopulation_1"
"NGS_Nanog_KO_Rep3","Read_1106",0.720154456409399,"Subpopulation_1"
"NGS_Nanog_KO_Rep3","Read_1107",0.722433063743706,"Subpopulation_1"
"NGS_Nanog_KO_Rep3","Read_1108",0.717394890675354,"Subpopulation_1"
"NGS_Nanog_KO_Rep3","Read_1109",0.710148800137863,"Subpopulation_1"
"NGS_Nanog_KO_Rep3","Read_1110",0.718659044785071,"Subpopulation_1"
"NGS_Nanog_KO_Rep3","Read_1111",0.713515825436429,"Subpopulation_1"
"NGS_Nanog_KO_Rep3","Read_1112",0.722747914779657,"Subpopulation_1"
"NGS_Nanog_KO_Rep3","Read_1113",0.714062168381121,"Subpopulation_1"
"NGS_Nanog_KO_Rep3","Read_1114",0.719093917710252,"Subpopulation_1"
"NGS_Nanog_KO_Rep3","Read_1115",0.715721378597671,"Subpopulation_1"
"NGS_Nanog_KO_Rep3","Read_1116",0.717642817338979,"Subpopulation_1"
"NGS_Nanog_KO_Rep3","Read_1117",0.716291031663078,"Subpopulation_1"
"NGS_Nanog_KO_Rep3","Read_1118",0.713785024123739,"Subpopulation_1"
"NGS_Nanog_KO_Rep3","Read_1119",0.732040778290215,"Subpopulation_1"
"NGS_Nanog_KO_Rep3","Read_1120",0.722996822576159,"Subpopulation_1"
"NGS_Nanog_KO_Rep3","Read_1121",0.718306581249298,"Subpopulation_1"
"NGS_Nanog_KO_Rep3","Read_1122",0.724979283550683,"Subpopulation_1"
"NGS_Nanog_KO_Rep3","Read_1123",0.712521008205459,"Subpopulation_1"
"NGS_Nanog_KO_Rep3","Read_1124",0.723959400354588,"Subpopulation_1"
"NGS_Nanog_KO_Rep3","Read_1125",0.711036221509323,"Subpopulation_1"
"NGS_Nanog_KO_Rep3","Read_1126",0.710923481014321,"Subpopulation_1"
"NGS_Nanog_KO_Rep3","Read_1127",0.717212479074923,"Subpopulation_1"
"NGS_Nanog_KO_Rep3","Read_1128",0.723353210449524,"Subpopulation_1"
"NGS_Nanog_KO_Rep3","Read_1129",0.719023148593459,"Subpopulation_1"
"NGS_Nanog_KO_Rep3","Read_1130",0.712405776387054,"Subpopulation_1"
"NGS_Nanog_KO_Rep3","Read_1131",0.716922957460303,"Subpopulation_1"
"NGS_Nanog_KO_Rep3","Read_1132",0.71618973695579,"Subpopulation_1"
"NGS_Nanog_KO_Rep3","Read_1133",0.710440714621833,"Subpopulation_1"
"NGS_Nanog_KO_Rep3","Read_1134",0.717104919428061,"Subpopulation_1"
"NGS_Nanog_KO_Rep3","Read_1135",0.720572750553706,"Subpopulation_1"
"NGS_Nanog_KO_Rep3","Read_1136",0.710509373941114,"Subpopulation_1"
"NGS_Nanog_KO_Rep3","Read_1137",0.729135694152438,"Subpopulation_1"
"NGS_Nanog_KO_Rep3","Read_1138",0.707988431988431,"Subpopulation_1"
"NGS_Nanog_KO_Rep3","Read_1139",0.710159723840221,"Subpopulation_1"
"NGS_Nanog_KO_Rep3","Read_1140",0.719545756233913,"Subpopulation_1"
"NGS_Nanog_KO_Rep3","Read_1141",0.716450755376225,"Subpopulation_1"
"NGS_Nanog_KO_Rep3","Read_1142",0.71219244671132,"Subpopulation_1"
"NGS_Nanog_KO_Rep3","Read_1143",0.718279176150564,"Subpopulation_1"
"NGS_Nanog_KO_Rep3","Read_1144",0.721471910402607,"Subpopulation_1"
"NGS_Nanog_KO_Rep3","Read_1145",0.719448128448234,"Subpopulation_1"
"NGS_Nanog_KO_Rep3","Read_1146",0.719464959145486,"Subpopulation_1"
"NGS_Nanog_KO_Rep3","Read_1147",0.719038050019604,"Subpopulation_1"
"NGS_Nanog_KO_Rep3","Read_1148",0.708004673026391,"Subpopulation_1"
"NGS_Nanog_KO_Rep3","Read_1149",0.718964227209721,"Subpopulation_1"
"NGS_Nanog_KO_Rep3","Read_1150",0.716643457264248,"Subpopulation_1"
"NGS_Nanog_KO_Rep3","Read_1151",0.709110870615706,"Subpopulation_1"
"NGS_Nanog_KO_Rep3","Read_1152",0.709301424963714,"Subpopulation_1"
"NGS_Nanog_KO_Rep3","Read_1153",0.717724569508411,"Subpopulation_1"
"NGS_Nanog_KO_Rep3","Read_1154",0.720201241737584,"Subpopulation_1"
"NGS_Nanog_KO_Rep3","Read_1155",0.708388433182109,"Subpopulation_1"
"NGS_Nanog_KO_Rep3","Read_1156",0.729004531875321,"Subpopulation_1"
"NGS_Nanog_KO_Rep3","Read_1157",0.705464934299731,"Subpopulation_1"
"NGS_Nanog_KO_Rep3","Read_1158",0.725447053007234,"Subpopulation_1"
"NGS_Nanog_KO_Rep3","Read_1159",0.720037234498861,"Subpopulation_1"
"NGS_Nanog_KO_Rep3","Read_1160",0.713671762867711,"Subpopulation_1"
"NGS_Nanog_KO_Rep3","Read_1161",0.727358472376151,"Subpopulation_1"
"NGS_Nanog_KO_Rep3","Read_1162",0.719766206303867,"Subpopulation_1"
"NGS_Nanog_KO_Rep3","Read_1163",0.720841158614917,"Subpopulation_1"
"NGS_Nanog_KO_Rep3","Read_1164",0.720238522120773,"Subpopulation_1"
"NGS_Nanog_KO_Rep3","Read_1165",0.71871919180509,"Subpopulation_1"
"NGS_Nanog_KO_Rep3","Read_1166",0.730453763563073,"Subpopulation_1"
"NGS_Nanog_KO_Rep3","Read_1167",0.723648291195774,"Subpopulation_1"
"NGS_Nanog_KO_Rep3","Read_1168",0.725097705004466,"Subpopulation_1"
"NGS_Nanog_KO_Rep3","Read_1169",0.724118333422441,"Subpopulation_1"
"NGS_Nanog_KO_Rep3","Read_1170",0.716716857178001,"Subpopulation_1"
"NGS_Nanog_KO_Rep3","Read_1171",0.719609499393064,"Subpopulation_1"
"NGS_Nanog_KO_Rep3","Read_1172",0.70522414536792,"Subpopulation_1"
"NGS_Nanog_KO_Rep3","Read_1173",0.722208305918451,"Subpopulation_1"
"NGS_Nanog_KO_Rep3","Read_1174",0.708327006928122,"Subpopulation_1"
"NGS_Nanog_KO_Rep3","Read_1175",0.722734028923028,"Subpopulation_1"
"NGS_Nanog_KO_Rep3","Read_1176",0.714244355070469,"Subpopulation_1"
"NGS_Nanog_KO_Rep3","Read_1177",0.713653938191874,"Subpopulation_1"
"NGS_Nanog_KO_Rep3","Read_1178",0.718316015763076,"Subpopulation_1"
"NGS_Nanog_KO_Rep3","Read_1179",0.730792354567961,"Subpopulation_1"
"NGS_Nanog_KO_Rep3","Read_1180",0.718916686649767,"Subpopulation_1"
"NGS_Nanog_KO_Rep3","Read_1181",0.71800201731586,"Subpopulation_1"
"NGS_Nanog_KO_Rep3","Read_1182",0.718040882924884,"Subpopulation_1"
"NGS_Nanog_KO_Rep3","Read_1183",0.717915311905571,"Subpopulation_1"
"NGS_Nanog_KO_Rep3","Read_1184",0.7214494042116,"Subpopulation_1"
"NGS_Nanog_KO_Rep3","Read_1185",0.716122725581175,"Subpopulation_1"
"NGS_Nanog_KO_Rep3","Read_1186",0.71704727918089,"Subpopulation_1"
"NGS_Nanog_KO_Rep3","Read_1187",0.715019164635081,"Subpopulation_1"
"NGS_Nanog_KO_Rep3","Read_1188",0.713536483426686,"Subpopulation_1"
"NGS_Nanog_KO_Rep3","Read_1189",0.727589813528587,"Subpopulation_1"
"NGS_Nanog_KO_Rep3","Read_1190",0.71002806283352,"Subpopulation_1"
"NGS_Nanog_KO_Rep3","Read_1191",0.712251371442484,"Subpopulation_1"
"NGS_Nanog_KO_Rep3","Read_1192",0.716612502343295,"Subpopulation_1"
"NGS_Nanog_KO_Rep3","Read_1193",0.72082896854853,"Subpopulation_1"
"NGS_Nanog_KO_Rep3","Read_1194",0.712268294982234,"Subpopulation_1"
"NGS_Nanog_KO_Rep3","Read_1195",0.718350643890471,"Subpopulation_1"
"NGS_Nanog_KO_Rep3","Read_1196",0.711100921643325,"Subpopulation_1"
"NGS_Nanog_KO_Rep3","Read_1197",0.713394767501609,"Subpopulation_1"
"NGS_Nanog_KO_Rep3","Read_1198",0.719045718316328,"Subpopulation_1"
"NGS_Nanog_KO_Rep3","Read_1199",0.721518281137719,"Subpopulation_1"
"NGS_Nanog_KO_Rep3","Read_1200",0.737839564841443,"Subpopulation_1"
"NGS_Nanog_KO_Rep3","Read_1201",0.715831391951244,"Subpopulation_1"
"NGS_Nanog_KO_Rep3","Read_1202",0.717519332156182,"Subpopulation_1"
"NGS_Nanog_KO_Rep3","Read_1203",0.724978650422003,"Subpopulation_1"
"NGS_Nanog_KO_Rep3","Read_1204",0.731783715301441,"Subpopulation_1"
"NGS_Nanog_KO_Rep3","Read_1205",0.726857520768899,"Subpopulation_1"
"NGS_Nanog_KO_Rep3","Read_1206",0.721367637015912,"Subpopulation_1"
"NGS_Nanog_KO_Rep3","Read_1207",0.714566043123494,"Subpopulation_1"
"NGS_Nanog_KO_Rep3","Read_1208",0.715204257547822,"Subpopulation_1"
"NGS_Nanog_KO_Rep3","Read_1209",0.722306801837883,"Subpopulation_1"
"NGS_Nanog_KO_Rep3","Read_1210",0.722582737357926,"Subpopulation_1"
"NGS_Nanog_KO_Rep3","Read_1211",0.71750347638577,"Subpopulation_1"
"NGS_Nanog_KO_Rep3","Read_1212",0.723732684492744,"Subpopulation_1"
"NGS_Nanog_KO_Rep3","Read_1213",0.711824664505724,"Subpopulation_1"
"NGS_Nanog_KO_Rep3","Read_1214",0.724523642936885,"Subpopulation_1"
"NGS_Nanog_KO_Rep3","Read_1215",0.713886361060385,"Subpopulation_1"
"NGS_Nanog_KO_Rep3","Read_1216",0.714095589202765,"Subpopulation_1"
"NGS_Nanog_KO_Rep3","Read_1217",0.724161302632924,"Subpopulation_1"
"NGS_Nanog_KO_Rep3","Read_1218",0.721058160447073,"Subpopulation_1"
"NGS_Nanog_KO_Rep3","Read_1219",0.711348554142603,"Subpopulation_1"
"NGS_Nanog_KO_Rep3","Read_1220",0.710208180868081,"Subpopulation_1"
"NGS_Nanog_KO_Rep3","Read_1221",0.713448208715818,"Subpopulation_1"
"NGS_Nanog_KO_Rep3","Read_1222",0.719643271764492,"Subpopulation_1"
"NGS_Nanog_KO_Rep3","Read_1223",0.716306444735089,"Subpopulation_1"
"NGS_Nanog_KO_Rep3","Read_1224",0.71553418312956,"Subpopulation_1"
"NGS_Nanog_KO_Rep3","Read_1225",0.721201421383982,"Subpopulation_1"
"NGS_Nanog_KO_Rep3","Read_1226",0.719145685821098,"Subpopulation_1"
"NGS_Nanog_KO_Rep3","Read_1227",0.720671703593955,"Subpopulation_1"
"NGS_Nanog_KO_Rep3","Read_1228",0.719733595851225,"Subpopulation_1"
"NGS_Nanog_KO_Rep3","Read_1229",0.716464725598628,"Subpopulation_1"
"NGS_Nanog_KO_Rep3","Read_1230",0.723157987322199,"Subpopulation_1"
"NGS_Nanog_KO_Rep3","Read_1231",0.724872479761196,"Subpopulation_1"
"NGS_Nanog_KO_Rep3","Read_1232",0.717877682637861,"Subpopulation_1"
"NGS_Nanog_KO_Rep3","Read_1233",0.724285830424303,"Subpopulation_1"
"NGS_Nanog_KO_Rep3","Read_1234",0.711861491879684,"Subpopulation_1"
"NGS_Nanog_KO_Rep3","Read_1235",0.718022342107693,"Subpopulation_1"
"NGS_Nanog_KO_Rep3","Read_1236",0.713927240001562,"Subpopulation_1"
"NGS_Nanog_KO_Rep3","Read_1237",0.726322445131559,"Subpopulation_1"
"NGS_Nanog_KO_Rep3","Read_1238",0.711997269451052,"Subpopulation_1"
"NGS_Nanog_KO_Rep3","Read_1239",0.723704739780591,"Subpopulation_1"
"NGS_Nanog_KO_Rep3","Read_1240",0.721390133492766,"Subpopulation_1"
"NGS_Nanog_KO_Rep3","Read_1241",0.720243281251128,"Subpopulation_1"
"NGS_Nanog_KO_Rep3","Read_1242",0.722632779709005,"Subpopulation_1"
"NGS_Nanog_KO_Rep3","Read_1243",0.720668841170308,"Subpopulation_1"
"NGS_Nanog_KO_Rep3","Read_1244",0.712392711945814,"Subpopulation_1"
"NGS_Nanog_KO_Rep3","Read_1245",0.714967735774379,"Subpopulation_1"
"NGS_Nanog_KO_Rep3","Read_1246",0.716451017172368,"Subpopulation_1"
"NGS_Nanog_KO_Rep3","Read_1247",0.71640695626848,"Subpopulation_1"
"NGS_Nanog_KO_Rep3","Read_1248",0.711415751936594,"Subpopulation_1"
"NGS_Nanog_KO_Rep3","Read_1249",0.710537527940488,"Subpopulation_1"
"NGS_Nanog_KO_Rep3","Read_1250",0.714954779360958,"Subpopulation_1"
"NGS_Nanog_KO_Rep3","Read_1251",0.713518296446561,"Subpopulation_1"
"NGS_Nanog_KO_Rep3","Read_1252",0.721989250287237,"Subpopulation_1"
"NGS_Nanog_KO_Rep3","Read_1253",0.711430173182077,"Subpopulation_1"
"NGS_Nanog_KO_Rep3","Read_1254",0.725243217029845,"Subpopulation_1"
"NGS_Nanog_KO_Rep3","Read_1255",0.718526040606466,"Subpopulation_1"
"NGS_Nanog_KO_Rep3","Read_1256",0.709879089858804,"Subpopulation_1"
"NGS_Nanog_KO_Rep3","Read_1257",0.709630951721043,"Subpopulation_1"
"NGS_Nanog_KO_Rep3","Read_1258",0.70966864900649,"Subpopulation_1"
"NGS_Nanog_KO_Rep3","Read_1259",0.725378338221639,"Subpopulation_1"
"NGS_Nanog_KO_Rep3","Read_1260",0.714934615965382,"Subpopulation_1"
"NGS_Nanog_KO_Rep3","Read_1261",0.714189002583988,"Subpopulation_1"
"NGS_Nanog_KO_Rep3","Read_1262",0.715347520105315,"Subpopulation_1"
"NGS_Nanog_KO_Rep3","Read_1263",0.715770964427464,"Subpopulation_1"
"NGS_Nanog_KO_Rep3","Read_1264",0.710496022738314,"Subpopulation_1"
"NGS_Nanog_KO_Rep3","Read_1265",0.719094999449051,"Subpopulation_1"
"NGS_Nanog_KO_Rep3","Read_1266",0.718133973738782,"Subpopulation_1"
"NGS_Nanog_KO_Rep3","Read_1267",0.719081164222194,"Subpopulation_1"
"NGS_Nanog_KO_Rep3","Read_1268",0.721525123190114,"Subpopulation_1"
"NGS_Nanog_KO_Rep3","Read_1269",0.708282697498179,"Subpopulation_1"
"NGS_Nanog_KO_Rep3","Read_1270",0.707965383319847,"Subpopulation_1"
"NGS_Nanog_KO_Rep3","Read_1271",0.712899749690988,"Subpopulation_1"
"NGS_Nanog_KO_Rep3","Read_1272",0.724938453381111,"Subpopulation_1"
"NGS_Nanog_KO_Rep3","Read_1273",0.715628356603951,"Subpopulation_1"
"NGS_Nanog_KO_Rep3","Read_1274",0.709089900144252,"Subpopulation_1"
"NGS_Nanog_KO_Rep3","Read_1275",0.717630057963605,"Subpopulation_1"
"NGS_Nanog_KO_Rep3","Read_1276",0.712601864825854,"Subpopulation_1"
"NGS_Nanog_KO_Rep3","Read_1277",0.722895152209842,"Subpopulation_1"
"NGS_Nanog_KO_Rep3","Read_1278",0.717474899367366,"Subpopulation_1"
"NGS_Nanog_KO_Rep3","Read_1279",0.721639775231882,"Subpopulation_1"
"NGS_Nanog_KO_Rep3","Read_1280",0.728211238557663,"Subpopulation_1"
"NGS_Nanog_KO_Rep3","Read_1281",0.711622020835172,"Subpopulation_1"
"NGS_Nanog_KO_Rep3","Read_1282",0.725296046343136,"Subpopulation_1"
"NGS_Nanog_KO_Rep3","Read_1283",0.716032281891196,"Subpopulation_1"
"NGS_Nanog_KO_Rep3","Read_1284",0.717083964581561,"Subpopulation_1"
"NGS_Nanog_KO_Rep3","Read_1285",0.718763030315827,"Subpopulation_1"
"NGS_Nanog_KO_Rep3","Read_1286",0.705047069805637,"Subpopulation_1"
"NGS_Nanog_KO_Rep3","Read_1287",0.711396885712516,"Subpopulation_1"
"NGS_Nanog_KO_Rep3","Read_1288",0.713601797984287,"Subpopulation_1"
"NGS_Nanog_KO_Rep3","Read_1289",0.712077598710007,"Subpopulation_1"
"NGS_Nanog_KO_Rep3","Read_1290",0.711883555839958,"Subpopulation_1"
"NGS_Nanog_KO_Rep3","Read_1291",0.72134785931824,"Subpopulation_1"
"NGS_Nanog_KO_Rep3","Read_1292",0.724792648875086,"Subpopulation_1"
"NGS_Nanog_KO_Rep3","Read_1293",0.720941890191174,"Subpopulation_1"
"NGS_Nanog_KO_Rep3","Read_1294",0.717264747198923,"Subpopulation_1"
"NGS_Nanog_KO_Rep3","Read_1295",0.724097727841503,"Subpopulation_1"
"NGS_Nanog_KO_Rep3","Read_1296",0.717271033969418,"Subpopulation_1"
"NGS_Nanog_KO_Rep3","Read_1297",0.717733218852837,"Subpopulation_1"
"NGS_Nanog_KO_Rep3","Read_1298",0.72260381421726,"Subpopulation_1"
"NGS_Nanog_KO_Rep3","Read_1299",0.715258526257587,"Subpopulation_1"
"NGS_Nanog_KO_Rep3","Read_1300",0.703914651908685,"Subpopulation_1"
"NGS_Nanog_KO_Rep3","Read_1301",0.716360413767126,"Subpopulation_1"
"NGS_Nanog_KO_Rep3","Read_1302",0.718365350980039,"Subpopulation_1"
"NGS_Nanog_KO_Rep3","Read_1303",0.725427791748437,"Subpopulation_1"
"NGS_Nanog_KO_Rep3","Read_1304",0.711395547279876,"Subpopulation_1"
"NGS_Nanog_KO_Rep3","Read_1305",0.730398300749853,"Subpopulation_1"
"NGS_Nanog_KO_Rep3","Read_1306",0.717986312819312,"Subpopulation_1"
"NGS_Nanog_KO_Rep3","Read_1307",0.72645933821726,"Subpopulation_1"
"NGS_Nanog_KO_Rep3","Read_1308",0.715020209671304,"Subpopulation_1"
"NGS_Nanog_KO_Rep3","Read_1309",0.71649456940745,"Subpopulation_1"
"NGS_Nanog_KO_Rep3","Read_1310",0.718850960876525,"Subpopulation_1"
"NGS_Nanog_KO_Rep3","Read_1311",0.723478123863273,"Subpopulation_1"
"NGS_Nanog_KO_Rep3","Read_1312",0.718129600450559,"Subpopulation_1"
"NGS_Nanog_KO_Rep3","Read_1313",0.716476711108553,"Subpopulation_1"
"NGS_Nanog_KO_Rep3","Read_1314",0.719902503728939,"Subpopulation_1"
"NGS_Nanog_KO_Rep3","Read_1315",0.717769885386217,"Subpopulation_1"
"NGS_Nanog_KO_Rep3","Read_1316",0.708238516129297,"Subpopulation_1"
"NGS_Nanog_KO_Rep3","Read_1317",0.707315436260752,"Subpopulation_1"
"NGS_Nanog_KO_Rep3","Read_1318",0.721955832359337,"Subpopulation_1"
"NGS_Nanog_KO_Rep3","Read_1319",0.720462510155793,"Subpopulation_1"
"NGS_Nanog_KO_Rep3","Read_1320",0.716447551492105,"Subpopulation_1"
"NGS_Nanog_KO_Rep3","Read_1321",0.715333292605139,"Subpopulation_1"
"NGS_Nanog_KO_Rep3","Read_1322",0.728957119880607,"Subpopulation_1"
"NGS_Nanog_KO_Rep3","Read_1323",0.711254794769149,"Subpopulation_1"
"NGS_Nanog_KO_Rep3","Read_1324",0.720438650905221,"Subpopulation_1"
"NGS_Nanog_KO_Rep3","Read_1325",0.727614829177181,"Subpopulation_1"
"NGS_Nanog_KO_Rep3","Read_1326",0.715768568327936,"Subpopulation_1"
"NGS_Nanog_KO_Rep3","Read_1327",0.714043062134647,"Subpopulation_1"
"NGS_Nanog_KO_Rep3","Read_1328",0.717643844150129,"Subpopulation_1"
"NGS_Nanog_KO_Rep3","Read_1329",0.718508404944317,"Subpopulation_1"
"NGS_Nanog_KO_Rep3","Read_1330",0.720326575555071,"Subpopulation_1"
"NGS_Nanog_KO_Rep3","Read_1331",0.725232647133394,"Subpopulation_1"
"NGS_Nanog_KO_Rep3","Read_1332",0.713265560729961,"Subpopulation_1"
"NGS_Nanog_KO_Rep3","Read_1333",0.715201890155975,"Subpopulation_1"
"NGS_Nanog_KO_Rep3","Read_1334",0.716587900639602,"Subpopulation_1"
"NGS_Nanog_KO_Rep3","Read_1335",0.715900551451676,"Subpopulation_1"
"NGS_Nanog_KO_Rep3","Read_1336",0.724979253689688,"Subpopulation_1"
"NGS_Nanog_KO_Rep3","Read_1337",0.717872326010355,"Subpopulation_1"
"NGS_Nanog_KO_Rep3","Read_1338",0.718100480617673,"Subpopulation_1"
"NGS_Nanog_KO_Rep3","Read_1339",0.716818710929004,"Subpopulation_1"
"NGS_Nanog_KO_Rep3","Read_1340",0.723339253747368,"Subpopulation_1"
"NGS_Nanog_KO_Rep3","Read_1341",0.709770112561395,"Subpopulation_1"
"NGS_Nanog_KO_Rep3","Read_1342",0.722387898223612,"Subpopulation_1"
"NGS_Nanog_KO_Rep3","Read_1343",0.716213572338021,"Subpopulation_1"
"NGS_Nanog_KO_Rep3","Read_1344",0.723539113716581,"Subpopulation_1"
"NGS_Nanog_KO_Rep3","Read_1345",0.711158732130286,"Subpopulation_1"
"NGS_Nanog_KO_Rep3","Read_1346",0.729792311048098,"Subpopulation_1"
"NGS_Nanog_KO_Rep3","Read_1347",0.714573996577319,"Subpopulation_1"
"NGS_Nanog_KO_Rep3","Read_1348",0.711263055155968,"Subpopulation_1"
"NGS_Nanog_KO_Rep3","Read_1349",0.720565377869318,"Subpopulation_1"
"NGS_Nanog_KO_Rep3","Read_1350",0.722244051301476,"Subpopulation_1"
"NGS_Nanog_KO_Rep3","Read_1351",0.717639038931365,"Subpopulation_1"
"NGS_Nanog_KO_Rep3","Read_1352",0.72113826024361,"Subpopulation_1"
"NGS_Nanog_KO_Rep3","Read_1353",0.724624261613639,"Subpopulation_1"
"NGS_Nanog_KO_Rep3","Read_1354",0.726218676502408,"Subpopulation_1"
"NGS_Nanog_KO_Rep3","Read_1355",0.713275249631825,"Subpopulation_1"
"NGS_Nanog_KO_Rep3","Read_1356",0.721674462829281,"Subpopulation_1"
"NGS_Nanog_KO_Rep3","Read_1357",0.712082187817229,"Subpopulation_1"
"NGS_Nanog_KO_Rep3","Read_1358",0.722343771635437,"Subpopulation_1"
"NGS_Nanog_KO_Rep3","Read_1359",0.716704732254166,"Subpopulation_1"
"NGS_Nanog_KO_Rep3","Read_1360",0.711435764980984,"Subpopulation_1"
"NGS_Nanog_KO_Rep3","Read_1361",0.718318695699377,"Subpopulation_1"
"NGS_Nanog_KO_Rep3","Read_1362",0.720524472202606,"Subpopulation_1"
"NGS_Nanog_KO_Rep3","Read_1363",0.716440553940391,"Subpopulation_1"
"NGS_Nanog_KO_Rep3","Read_1364",0.719853133039452,"Subpopulation_1"
"NGS_Nanog_KO_Rep3","Read_1365",0.71830835007243,"Subpopulation_1"
"NGS_Nanog_KO_Rep3","Read_1366",0.708898740771105,"Subpopulation_1"
"NGS_Nanog_KO_Rep3","Read_1367",0.712137611240381,"Subpopulation_1"
"NGS_Nanog_KO_Rep3","Read_1368",0.703225851167448,"Subpopulation_1"
"NGS_Nanog_KO_Rep3","Read_1369",0.724510973139021,"Subpopulation_1"
"NGS_Nanog_KO_Rep3","Read_1370",0.717170082159714,"Subpopulation_1"
"NGS_Nanog_KO_Rep3","Read_1371",0.722800030167278,"Subpopulation_1"
"NGS_Nanog_KO_Rep3","Read_1372",0.713390981079072,"Subpopulation_1"
"NGS_Nanog_KO_Rep3","Read_1373",0.716568522101458,"Subpopulation_1"
"NGS_Nanog_KO_Rep3","Read_1374",0.722184109837004,"Subpopulation_1"
"NGS_Nanog_KO_Rep3","Read_1375",0.717996154174324,"Subpopulation_1"
"NGS_Nanog_KO_Rep3","Read_1376",0.717706008047031,"Subpopulation_1"
"NGS_Nanog_KO_Rep3","Read_1377",0.721077765000066,"Subpopulation_1"
"NGS_Nanog_KO_Rep3","Read_1378",0.716864292230292,"Subpopulation_1"
"NGS_Nanog_KO_Rep3","Read_1379",0.713118999579067,"Subpopulation_1"
"NGS_Nanog_KO_Rep3","Read_1380",0.708902314384247,"Subpopulation_1"
"NGS_Nanog_KO_Rep3","Read_1381",0.714033262355177,"Subpopulation_1"
"NGS_Nanog_KO_Rep3","Read_1382",0.721613819565027,"Subpopulation_1"
"NGS_Nanog_KO_Rep3","Read_1383",0.719555535490169,"Subpopulation_1"
"NGS_Nanog_KO_Rep3","Read_1384",0.718873118986194,"Subpopulation_1"
"NGS_Nanog_KO_Rep3","Read_1385",0.722007423341535,"Subpopulation_1"
"NGS_Nanog_KO_Rep3","Read_1386",0.710640698415474,"Subpopulation_1"
"NGS_Nanog_KO_Rep3","Read_1387",0.721250781786503,"Subpopulation_1"
"NGS_Nanog_KO_Rep3","Read_1388",0.717533546799332,"Subpopulation_1"
"NGS_Nanog_KO_Rep3","Read_1389",0.721853655049172,"Subpopulation_1"
"NGS_Nanog_KO_Rep3","Read_1390",0.724939258510508,"Subpopulation_1"
"NGS_Nanog_KO_Rep3","Read_1391",0.725019422503988,"Subpopulation_1"
"NGS_Nanog_KO_Rep3","Read_1392",0.713200083798849,"Subpopulation_1"
"NGS_Nanog_KO_Rep3","Read_1393",0.719005169823821,"Subpopulation_1"
"NGS_Nanog_KO_Rep3","Read_1394",0.714214248800656,"Subpopulation_1"
"NGS_Nanog_KO_Rep3","Read_1395",0.720207591192818,"Subpopulation_1"
"NGS_Nanog_KO_Rep3","Read_1396",0.717010858734814,"Subpopulation_1"
"NGS_Nanog_KO_Rep3","Read_1397",0.723206625760441,"Subpopulation_1"
"NGS_Nanog_KO_Rep3","Read_1398",0.72628056419254,"Subpopulation_1"
"NGS_Nanog_KO_Rep3","Read_1399",0.727368058484697,"Subpopulation_1"
"NGS_Nanog_KO_Rep3","Read_1400",0.72234633105685,"Subpopulation_1"
"NGS_Nanog_KO_Rep3","Read_1401",0.71847118493343,"Subpopulation_1"
"NGS_Nanog_KO_Rep3","Read_1402",0.718749029886122,"Subpopulation_1"
"NGS_Nanog_KO_Rep3","Read_1403",0.709859059275241,"Subpopulation_1"
"NGS_Nanog_KO_Rep3","Read_1404",0.728179445762675,"Subpopulation_1"
"NGS_Nanog_KO_Rep3","Read_1405",0.708305601645732,"Subpopulation_1"
"NGS_Nanog_KO_Rep3","Read_1406",0.720888404885334,"Subpopulation_1"
"NGS_Nanog_KO_Rep3","Read_1407",0.716319364222216,"Subpopulation_1"
"NGS_Nanog_KO_Rep3","Read_1408",0.730239557432465,"Subpopulation_1"
"NGS_Nanog_KO_Rep3","Read_1409",0.71527145880782,"Subpopulation_1"
"NGS_Nanog_KO_Rep3","Read_1410",0.712519076639764,"Subpopulation_1"
"NGS_Nanog_KO_Rep3","Read_1411",0.718253588401508,"Subpopulation_1"
"NGS_Nanog_KO_Rep3","Read_1412",0.718324481503896,"Subpopulation_1"
"NGS_Nanog_KO_Rep3","Read_1413",0.732051340427458,"Subpopulation_1"
"NGS_Nanog_KO_Rep3","Read_1414",0.717966879865362,"Subpopulation_1"
"NGS_Nanog_KO_Rep3","Read_1415",0.708183087612455,"Subpopulation_1"
"NGS_Nanog_KO_Rep3","Read_1416",0.719847394236098,"Subpopulation_1"
"NGS_Nanog_KO_Rep3","Read_1417",0.720371429372458,"Subpopulation_1"
"NGS_Nanog_KO_Rep3","Read_1418",0.724028929244112,"Subpopulation_1"
"NGS_Nanog_KO_Rep3","Read_1419",0.70581617649951,"Subpopulation_1"
"NGS_Nanog_KO_Rep3","Read_1420",0.721542355316141,"Subpopulation_1"
"NGS_Nanog_KO_Rep3","Read_1421",0.715618575453927,"Subpopulation_1"
"NGS_Nanog_KO_Rep3","Read_1422",0.725512852868766,"Subpopulation_1"
"NGS_Nanog_KO_Rep3","Read_1423",0.71838342719347,"Subpopulation_1"
"NGS_Nanog_KO_Rep3","Read_1424",0.721983986001407,"Subpopulation_1"
"NGS_Nanog_KO_Rep3","Read_1425",0.719908974413203,"Subpopulation_1"
"NGS_Nanog_KO_Rep3","Read_1426",0.719740038271373,"Subpopulation_1"
"NGS_Nanog_KO_Rep3","Read_1427",0.720094524171297,"Subpopulation_1"
"NGS_Nanog_KO_Rep3","Read_1428",0.721621325194393,"Subpopulation_1"
"NGS_Nanog_KO_Rep3","Read_1429",0.7154526675613,"Subpopulation_1"
"NGS_Nanog_KO_Rep3","Read_1430",0.719142009706164,"Subpopulation_1"
"NGS_Nanog_KO_Rep3","Read_1431",0.724702933188238,"Subpopulation_1"
"NGS_Nanog_KO_Rep3","Read_1432",0.719844218815357,"Subpopulation_1"
"NGS_Nanog_KO_Rep3","Read_1433",0.73062395561226,"Subpopulation_1"
"NGS_Nanog_KO_Rep3","Read_1434",0.715047588290717,"Subpopulation_1"
"NGS_Nanog_KO_Rep3","Read_1435",0.732121930607947,"Subpopulation_1"
"NGS_Nanog_KO_Rep3","Read_1436",0.71751657937013,"Subpopulation_1"
"NGS_Nanog_KO_Rep3","Read_1437",0.711239801722529,"Subpopulation_1"
"NGS_Nanog_KO_Rep3","Read_1438",0.719215397329388,"Subpopulation_1"
"NGS_Nanog_KO_Rep3","Read_1439",0.72543442791955,"Subpopulation_1"
"NGS_Nanog_KO_Rep3","Read_1440",0.725042510972478,"Subpopulation_1"
"NGS_Nanog_KO_Rep3","Read_1441",0.723601580769157,"Subpopulation_1"
"NGS_Nanog_KO_Rep3","Read_1442",0.720031272178395,"Subpopulation_1"
"NGS_Nanog_KO_Rep3","Read_1443",0.711965505916609,"Subpopulation_1"
"NGS_Nanog_KO_Rep3","Read_1444",0.718439387038189,"Subpopulation_1"
"NGS_Nanog_KO_Rep3","Read_1445",0.715074363789004,"Subpopulation_1"
"NGS_Nanog_KO_Rep3","Read_1446",0.708003528667864,"Subpopulation_1"
"NGS_Nanog_KO_Rep3","Read_1447",0.713390452434521,"Subpopulation_1"
"NGS_Nanog_KO_Rep3","Read_1448",0.721175722419397,"Subpopulation_1"
"NGS_Nanog_KO_Rep3","Read_1449",0.72767661603297,"Subpopulation_1"
"NGS_Nanog_KO_Rep3","Read_1450",0.717744499411212,"Subpopulation_1"
"NGS_Nanog_KO_Rep3","Read_1451",0.715013887037102,"Subpopulation_1"
"NGS_Nanog_KO_Rep3","Read_1452",0.719008200171089,"Subpopulation_1"
"NGS_Nanog_KO_Rep3","Read_1453",0.714532189647145,"Subpopulation_1"
"NGS_Nanog_KO_Rep3","Read_1454",0.709799709812149,"Subpopulation_1"
"NGS_Nanog_KO_Rep3","Read_1455",0.71647062539201,"Subpopulation_1"
"NGS_Nanog_KO_Rep3","Read_1456",0.721508063368759,"Subpopulation_1"
"NGS_Nanog_KO_Rep3","Read_1457",0.708439804961615,"Subpopulation_1"
"NGS_Nanog_KO_Rep3","Read_1458",0.720939893062331,"Subpopulation_1"
"NGS_Nanog_KO_Rep3","Read_1459",0.70934330425071,"Subpopulation_1"
"NGS_Nanog_KO_Rep3","Read_1460",0.716553912991715,"Subpopulation_1"
"NGS_Nanog_KO_Rep3","Read_1461",0.717157038235651,"Subpopulation_1"
"NGS_Nanog_KO_Rep3","Read_1462",0.720163166614064,"Subpopulation_1"
"NGS_Nanog_KO_Rep3","Read_1463",0.72875236504576,"Subpopulation_1"
"NGS_Nanog_KO_Rep3","Read_1464",0.726728546157741,"Subpopulation_1"
"NGS_Nanog_KO_Rep3","Read_1465",0.724559124827728,"Subpopulation_1"
"NGS_Nanog_KO_Rep3","Read_1466",0.723244822155257,"Subpopulation_1"
"NGS_Nanog_KO_Rep3","Read_1467",0.717723018905412,"Subpopulation_1"
"NGS_Nanog_KO_Rep3","Read_1468",0.712378686988596,"Subpopulation_1"
"NGS_Nanog_KO_Rep3","Read_1469",0.716247497993295,"Subpopulation_1"
"NGS_Nanog_KO_Rep3","Read_1470",0.71309428111955,"Subpopulation_1"
"NGS_Nanog_KO_Rep3","Read_1471",0.719778927126165,"Subpopulation_1"
"NGS_Nanog_KO_Rep3","Read_1472",0.708044105103738,"Subpopulation_1"
"NGS_Nanog_KO_Rep3","Read_1473",0.712655697154457,"Subpopulation_1"
"NGS_Nanog_KO_Rep3","Read_1474",0.721355246638359,"Subpopulation_1"
"NGS_Nanog_KO_Rep3","Read_1475",0.721936896706575,"Subpopulation_1"
"NGS_Nanog_KO_Rep3","Read_1476",0.712832433670867,"Subpopulation_1"
"NGS_Nanog_KO_Rep3","Read_1477",0.719978836216043,"Subpopulation_1"
"NGS_Nanog_KO_Rep3","Read_1478",0.720702255097867,"Subpopulation_1"
"NGS_Nanog_KO_Rep3","Read_1479",0.726709839911257,"Subpopulation_1"
"NGS_Nanog_KO_Rep3","Read_1480",0.718639716062333,"Subpopulation_1"
"NGS_Nanog_KO_Rep3","Read_1481",0.714110232937034,"Subpopulation_1"
"NGS_Nanog_KO_Rep3","Read_1482",0.726103016130602,"Subpopulation_1"
"NGS_Nanog_KO_Rep3","Read_1483",0.724785099540359,"Subpopulation_1"
"NGS_Nanog_KO_Rep3","Read_1484",0.720891469755525,"Subpopulation_1"
"NGS_Nanog_KO_Rep3","Read_1485",0.714923978407523,"Subpopulation_1"
"NGS_Nanog_KO_Rep3","Read_1486",0.724769090922459,"Subpopulation_1"
"NGS_Nanog_KO_Rep3","Read_1487",0.723584355845552,"Subpopulation_1"
"NGS_Nanog_KO_Rep3","Read_1488",0.720736621155407,"Subpopulation_1"
"NGS_Nanog_KO_Rep3","Read_1489",0.719112796306294,"Subpopulation_1"
"NGS_Nanog_KO_Rep3","Read_1490",0.714272990495688,"Subpopulation_1"
"NGS_Nanog_KO_Rep3","Read_1491",0.726090925969171,"Subpopulation_1"
"NGS_Nanog_KO_Rep3","Read_1492",0.718762986572213,"Subpopulation_1"
"NGS_Nanog_KO_Rep3","Read_1493",0.711486536552938,"Subpopulation_1"
"NGS_Nanog_KO_Rep3","Read_1494",0.709139971581211,"Subpopulation_1"
"NGS_Nanog_KO_Rep3","Read_1495",0.719640494212288,"Subpopulation_1"
"NGS_Nanog_KO_Rep3","Read_1496",0.705059975509173,"Subpopulation_1"
"NGS_Nanog_KO_Rep3","Read_1497",0.723094694740455,"Subpopulation_1"
"NGS_Nanog_KO_Rep3","Read_1498",0.723846470341489,"Subpopulation_1"
"NGS_Nanog_KO_Rep3","Read_1499",0.720656711793988,"Subpopulation_1"
"NGS_Nanog_KO_Rep3","Read_1500",0.709029445840838,"Subpopulation_1"
"NGS_Nanog_KO_Rep3","Read_1501",0.727787409269753,"Subpopulation_1"
"NGS_Nanog_KO_Rep3","Read_1502",0.705501473539014,"Subpopulation_1"
"NGS_Nanog_KO_Rep3","Read_1503",0.708466623122869,"Subpopulation_1"
"NGS_Nanog_KO_Rep3","Read_1504",0.707687833146037,"Subpopulation_1"
"NGS_Nanog_KO_Rep3","Read_1505",0.722197119864499,"Subpopulation_1"
"NGS_Nanog_KO_Rep3","Read_1506",0.712667749587497,"Subpopulation_1"
"NGS_Nanog_KO_Rep3","Read_1507",0.713269520427433,"Subpopulation_1"
"NGS_Nanog_KO_Rep3","Read_1508",0.713838119744617,"Subpopulation_1"
"NGS_Nanog_KO_Rep3","Read_1509",0.723469659527699,"Subpopulation_1"
"NGS_Nanog_KO_Rep3","Read_1510",0.716956724259723,"Subpopulation_1"
"NGS_Nanog_KO_Rep3","Read_1511",0.701512183950203,"Subpopulation_1"
"NGS_Nanog_KO_Rep3","Read_1512",0.726498034132957,"Subpopulation_1"
"NGS_Nanog_KO_Rep3","Read_1513",0.723333624294322,"Subpopulation_1"
"NGS_Nanog_KO_Rep3","Read_1514",0.727418364369577,"Subpopulation_1"
"NGS_Nanog_KO_Rep3","Read_1515",0.731818959851041,"Subpopulation_1"
"NGS_Nanog_KO_Rep3","Read_1516",0.717078218403077,"Subpopulation_1"
"NGS_Nanog_KO_Rep3","Read_1517",0.723638632852228,"Subpopulation_1"
"NGS_Nanog_KO_Rep3","Read_1518",0.71636417347367,"Subpopulation_1"
"NGS_Nanog_KO_Rep3","Read_1519",0.705919440891434,"Subpopulation_1"
"NGS_Nanog_KO_Rep3","Read_1520",0.709269427992379,"Subpopulation_1"
"NGS_Nanog_KO_Rep3","Read_1521",0.721195286478239,"Subpopulation_1"
"NGS_Nanog_KO_Rep3","Read_1522",0.718304953134343,"Subpopulation_1"
"NGS_Nanog_KO_Rep3","Read_1523",0.705303376619111,"Subpopulation_1"
"NGS_Nanog_KO_Rep3","Read_1524",0.708578118063962,"Subpopulation_1"
"NGS_Nanog_KO_Rep3","Read_1525",0.719907113522042,"Subpopulation_1"
"NGS_Nanog_KO_Rep3","Read_1526",0.721149783012902,"Subpopulation_1"
"NGS_Nanog_KO_Rep3","Read_1527",0.728221156200014,"Subpopulation_1"
"NGS_Nanog_KO_Rep3","Read_1528",0.713373209251491,"Subpopulation_1"
"NGS_Nanog_KO_Rep3","Read_1529",0.720160317644111,"Subpopulation_1"
"NGS_Nanog_KO_Rep3","Read_1530",0.724757016845967,"Subpopulation_1"
"NGS_Nanog_KO_Rep3","Read_1531",0.719334512792717,"Subpopulation_1"
"NGS_Nanog_KO_Rep3","Read_1532",0.710843267876248,"Subpopulation_1"
"NGS_Nanog_KO_Rep3","Read_1533",0.72319105021751,"Subpopulation_1"
"NGS_Nanog_KO_Rep3","Read_1534",0.712002703576099,"Subpopulation_1"
"NGS_Nanog_KO_Rep3","Read_1535",0.72618239495122,"Subpopulation_1"
"NGS_Nanog_KO_Rep3","Read_1536",0.71475178897185,"Subpopulation_1"
"NGS_Nanog_KO_Rep3","Read_1537",0.71293772790723,"Subpopulation_1"
"NGS_Nanog_KO_Rep3","Read_1538",0.718584178236643,"Subpopulation_1"
"NGS_Nanog_KO_Rep3","Read_1539",0.721888735712964,"Subpopulation_1"
"NGS_Nanog_KO_Rep3","Read_1540",0.720801594056666,"Subpopulation_1"
"NGS_Nanog_KO_Rep3","Read_1541",0.713809270383227,"Subpopulation_1"
"NGS_Nanog_KO_Rep3","Read_1542",0.709603535190961,"Subpopulation_1"
"NGS_Nanog_KO_Rep3","Read_1543",0.729838179413521,"Subpopulation_1"
"NGS_Nanog_KO_Rep3","Read_1544",0.735551426783687,"Subpopulation_1"
"NGS_Nanog_KO_Rep3","Read_1545",0.725200551434662,"Subpopulation_1"
"NGS_Nanog_KO_Rep3","Read_1546",0.721653299866549,"Subpopulation_1"
"NGS_Nanog_KO_Rep3","Read_1547",0.725562748785433,"Subpopulation_1"
"NGS_Nanog_KO_Rep3","Read_1548",0.718221535497064,"Subpopulation_1"
"NGS_Nanog_KO_Rep3","Read_1549",0.72199871757991,"Subpopulation_1"
"NGS_Nanog_KO_Rep3","Read_1550",0.719471796984302,"Subpopulation_1"
"NGS_Nanog_KO_Rep3","Read_1551",0.724124813722248,"Subpopulation_1"
"NGS_Nanog_KO_Rep3","Read_1552",0.723518601371377,"Subpopulation_1"
"NGS_Nanog_KO_Rep3","Read_1553",0.717131164715385,"Subpopulation_1"
"NGS_Nanog_KO_Rep3","Read_1554",0.714567145949188,"Subpopulation_1"
"NGS_Nanog_KO_Rep3","Read_1555",0.70923360438894,"Subpopulation_1"
"NGS_Nanog_KO_Rep3","Read_1556",0.708665516926353,"Subpopulation_1"
"NGS_Nanog_KO_Rep3","Read_1557",0.714619526295321,"Subpopulation_1"
"NGS_Nanog_KO_Rep3","Read_1558",0.72430691847146,"Subpopulation_1"
"NGS_Nanog_KO_Rep3","Read_1559",0.712287105122838,"Subpopulation_1"
"NGS_Nanog_KO_Rep3","Read_1560",0.717953149711117,"Subpopulation_1"
"NGS_Nanog_KO_Rep3","Read_1561",0.716518880175397,"Subpopulation_1"
"NGS_Nanog_KO_Rep3","Read_1562",0.720806210071049,"Subpopulation_1"
"NGS_Nanog_KO_Rep3","Read_1563",0.716607711181736,"Subpopulation_1"
"NGS_Nanog_KO_Rep3","Read_1564",0.71009661421198,"Subpopulation_1"
"NGS_Nanog_KO_Rep3","Read_1565",0.723127937087127,"Subpopulation_1"
"NGS_Nanog_KO_Rep3","Read_1566",0.713981684992155,"Subpopulation_1"
"NGS_Nanog_KO_Rep3","Read_1567",0.723361808733988,"Subpopulation_1"
"NGS_Nanog_KO_Rep3","Read_1568",0.722739918297741,"Subpopulation_1"
"NGS_Nanog_KO_Rep3","Read_1569",0.713843141176789,"Subpopulation_1"
"NGS_Nanog_KO_Rep3","Read_1570",0.722924320139891,"Subpopulation_1"
"NGS_Nanog_KO_Rep3","Read_1571",0.717849106274614,"Subpopulation_1"
"NGS_Nanog_KO_Rep3","Read_1572",0.723687514672441,"Subpopulation_1"
"NGS_Nanog_KO_Rep3","Read_1573",0.722020664609903,"Subpopulation_1"
"NGS_Nanog_KO_Rep3","Read_1574",0.715415812816734,"Subpopulation_1"
"NGS_Nanog_KO_Rep3","Read_1575",0.710535348291139,"Subpopulation_1"
"NGS_Nanog_KO_Rep3","Read_1576",0.716715784394358,"Subpopulation_1"
"NGS_Nanog_KO_Rep3","Read_1577",0.718328564131293,"Subpopulation_1"
"NGS_Nanog_KO_Rep3","Read_1578",0.708847025157166,"Subpopulation_1"
"NGS_Nanog_KO_Rep3","Read_1579",0.712529156183836,"Subpopulation_1"
"NGS_Nanog_KO_Rep3","Read_1580",0.714001776992738,"Subpopulation_1"
"NGS_Nanog_KO_Rep3","Read_1581",0.712807264755308,"Subpopulation_1"
"NGS_Nanog_KO_Rep3","Read_1582",0.723477667845724,"Subpopulation_1"
"NGS_Nanog_KO_Rep3","Read_1583",0.710274811543421,"Subpopulation_1"
"NGS_Nanog_KO_Rep3","Read_1584",0.717500272474848,"Subpopulation_1"
"NGS_Nanog_KO_Rep3","Read_1585",0.714305689038655,"Subpopulation_1"
"NGS_Nanog_KO_Rep3","Read_1586",0.713811300025286,"Subpopulation_1"
"NGS_Nanog_KO_Rep3","Read_1587",0.728722791487846,"Subpopulation_1"
"NGS_Nanog_KO_Rep3","Read_1588",0.709679963175157,"Subpopulation_1"
"NGS_Nanog_KO_Rep3","Read_1589",0.721240735915267,"Subpopulation_1"
"NGS_Nanog_KO_Rep3","Read_1590",0.725530410657624,"Subpopulation_1"
"NGS_Nanog_KO_Rep3","Read_1591",0.718237938867435,"Subpopulation_1"
"NGS_Nanog_KO_Rep3","Read_1592",0.719603164091559,"Subpopulation_1"
"NGS_Nanog_KO_Rep3","Read_1593",0.729881024443659,"Subpopulation_1"
"NGS_Nanog_KO_Rep3","Read_1594",0.720423264849349,"Subpopulation_1"
"NGS_Nanog_KO_Rep3","Read_1595",0.709530039155871,"Subpopulation_1"
"NGS_Nanog_KO_Rep3","Read_1596",0.732138354747481,"Subpopulation_1"
"NGS_Nanog_KO_Rep3","Read_1597",0.720990476270858,"Subpopulation_1"
"NGS_Nanog_KO_Rep3","Read_1598",0.717463712293632,"Subpopulation_1"
"NGS_Nanog_KO_Rep3","Read_1599",0.717120109603812,"Subpopulation_1"
"NGS_Nanog_KO_Rep3","Read_1600",0.719853728984402,"Subpopulation_1"
"NGS_Nanog_KO_Rep3","Read_1601",0.719385899576817,"Subpopulation_1"
"NGS_Nanog_KO_Rep3","Read_1602",0.714942602218651,"Subpopulation_1"
"NGS_Nanog_KO_Rep3","Read_1603",0.724527723379897,"Subpopulation_1"
"NGS_Nanog_KO_Rep3","Read_1604",0.722121128683608,"Subpopulation_1"
"NGS_Nanog_KO_Rep3","Read_1605",0.713315171177108,"Subpopulation_1"
"NGS_Nanog_KO_Rep3","Read_1606",0.726113325325222,"Subpopulation_1"
"NGS_Nanog_KO_Rep3","Read_1607",0.713906449874791,"Subpopulation_1"
"NGS_Nanog_KO_Rep3","Read_1608",0.723687398816823,"Subpopulation_1"
"NGS_Nanog_KO_Rep3","Read_1609",0.719941583625824,"Subpopulation_1"
"NGS_Nanog_KO_Rep3","Read_1610",0.716819739477029,"Subpopulation_1"
"NGS_Nanog_KO_Rep3","Read_1611",0.718610723050614,"Subpopulation_1"
"NGS_Nanog_KO_Rep3","Read_1612",0.710947179814809,"Subpopulation_1"
"NGS_Nanog_KO_Rep3","Read_1613",0.734479416663587,"Subpopulation_1"
"NGS_Nanog_KO_Rep3","Read_1614",0.713218302559874,"Subpopulation_1"
"NGS_Nanog_KO_Rep3","Read_1615",0.720014533128458,"Subpopulation_1"
"NGS_Nanog_KO_Rep3","Read_1616",0.715793173203793,"Subpopulation_1"
"NGS_Nanog_KO_Rep3","Read_1617",0.713356623961579,"Subpopulation_1"
"NGS_Nanog_KO_Rep3","Read_1618",0.726116277034869,"Subpopulation_1"
"NGS_Nanog_KO_Rep3","Read_1619",0.713031750577582,"Subpopulation_1"
"NGS_Nanog_KO_Rep3","Read_1620",0.722456671870474,"Subpopulation_1"
"NGS_Nanog_KO_Rep3","Read_1621",0.711785583043453,"Subpopulation_1"
"NGS_Nanog_KO_Rep3","Read_1622",0.729508823757764,"Subpopulation_1"
"NGS_Nanog_KO_Rep3","Read_1623",0.716338233896857,"Subpopulation_1"
"NGS_Nanog_KO_Rep3","Read_1624",0.709957240661923,"Subpopulation_1"
"NGS_Nanog_KO_Rep3","Read_1625",0.720072863770518,"Subpopulation_1"
"NGS_Nanog_KO_Rep3","Read_1626",0.727116141505362,"Subpopulation_1"
"NGS_Nanog_KO_Rep3","Read_1627",0.722342682733813,"Subpopulation_1"
"NGS_Nanog_KO_Rep3","Read_1628",0.720701106746958,"Subpopulation_1"
"NGS_Nanog_KO_Rep3","Read_1629",0.706219310018833,"Subpopulation_1"
"NGS_Nanog_KO_Rep3","Read_1630",0.711776954936827,"Subpopulation_1"
"NGS_Nanog_KO_Rep3","Read_1631",0.715044373388001,"Subpopulation_1"
"NGS_Nanog_KO_Rep3","Read_1632",0.720686906571905,"Subpopulation_1"
"NGS_Nanog_KO_Rep3","Read_1633",0.722614574616061,"Subpopulation_1"
"NGS_Nanog_KO_Rep3","Read_1634",0.712869631682427,"Subpopulation_1"
"NGS_Nanog_KO_Rep3","Read_1635",0.723649762868695,"Subpopulation_1"
"NGS_Nanog_KO_Rep3","Read_1636",0.716134960128786,"Subpopulation_1"
"NGS_Nanog_KO_Rep3","Read_1637",0.716271416323575,"Subpopulation_1"
"NGS_Nanog_KO_Rep3","Read_1638",0.7176120519039,"Subpopulation_1"
"NGS_Nanog_KO_Rep3","Read_1639",0.706849811158385,"Subpopulation_1"
"NGS_Nanog_KO_Rep3","Read_1640",0.722958033700784,"Subpopulation_1"
"NGS_Nanog_KO_Rep3","Read_1641",0.717752430094241,"Subpopulation_1"
"NGS_Nanog_KO_Rep3","Read_1642",0.72496779612943,"Subpopulation_1"
"NGS_Nanog_KO_Rep3","Read_1643",0.710658154588017,"Subpopulation_1"
"NGS_Nanog_KO_Rep3","Read_1644",0.725309037496644,"Subpopulation_1"
"NGS_Nanog_KO_Rep3","Read_1645",0.724333588962698,"Subpopulation_1"
"NGS_Nanog_KO_Rep3","Read_1646",0.71745272786202,"Subpopulation_1"
"NGS_Nanog_KO_Rep3","Read_1647",0.718381260412007,"Subpopulation_1"
"NGS_Nanog_KO_Rep3","Read_1648",0.720466979489591,"Subpopulation_1"
"NGS_Nanog_KO_Rep3","Read_1649",0.715757367083777,"Subpopulation_1"
"NGS_Nanog_KO_Rep3","Read_1650",0.721940431266191,"Subpopulation_1"
"NGS_Nanog_KO_Rep3","Read_1651",0.717513199482465,"Subpopulation_1"
"NGS_Nanog_KO_Rep3","Read_1652",0.710509540317423,"Subpopulation_1"
"NGS_Nanog_KO_Rep3","Read_1653",0.718840833153807,"Subpopulation_1"
"NGS_Nanog_KO_Rep3","Read_1654",0.723263255792824,"Subpopulation_1"
"NGS_Nanog_KO_Rep3","Read_1655",0.710890487113608,"Subpopulation_1"
"NGS_Nanog_KO_Rep3","Read_1656",0.703683110436497,"Subpopulation_1"
"NGS_Nanog_KO_Rep3","Read_1657",0.718338116989409,"Subpopulation_1"
"NGS_Nanog_KO_Rep3","Read_1658",0.716967853561971,"Subpopulation_1"
"NGS_Nanog_KO_Rep3","Read_1659",0.717543355115613,"Subpopulation_1"
"NGS_Nanog_KO_Rep3","Read_1660",0.711737991248634,"Subpopulation_1"
"NGS_Nanog_KO_Rep3","Read_1661",0.711452082225419,"Subpopulation_1"
"NGS_Nanog_KO_Rep3","Read_1662",0.720975652952166,"Subpopulation_1"
"NGS_Nanog_KO_Rep3","Read_1663",0.720150448612712,"Subpopulation_1"
"NGS_Nanog_KO_Rep3","Read_1664",0.718658666849106,"Subpopulation_1"
"NGS_Nanog_KO_Rep3","Read_1665",0.719060821061783,"Subpopulation_1"
"NGS_Nanog_KO_Rep3","Read_1666",0.715440300747886,"Subpopulation_1"
"NGS_Nanog_KO_Rep3","Read_1667",0.714458578299449,"Subpopulation_1"
"NGS_Nanog_KO_Rep3","Read_1668",0.715867078638075,"Subpopulation_1"
"NGS_Nanog_KO_Rep3","Read_1669",0.708745358463309,"Subpopulation_1"
"NGS_Nanog_KO_Rep3","Read_1670",0.710157447086863,"Subpopulation_1"
"NGS_Nanog_KO_Rep3","Read_1671",0.718715994356019,"Subpopulation_1"
"NGS_Nanog_KO_Rep3","Read_1672",0.725201969502972,"Subpopulation_1"
"NGS_Nanog_KO_Rep3","Read_1673",0.72299037099765,"Subpopulation_1"
"NGS_Nanog_KO_Rep3","Read_1674",0.721016414169023,"Subpopulation_1"
"NGS_Nanog_KO_Rep3","Read_1675",0.724522162870717,"Subpopulation_1"
"NGS_Nanog_KO_Rep3","Read_1676",0.722919001273239,"Subpopulation_1"
"NGS_Nanog_KO_Rep3","Read_1677",0.717151238651785,"Subpopulation_1"
"NGS_Nanog_KO_Rep3","Read_1678",0.709493820401875,"Subpopulation_1"
"NGS_Nanog_KO_Rep3","Read_1679",0.72115027881781,"Subpopulation_1"
"NGS_Nanog_KO_Rep3","Read_1680",0.71001725445647,"Subpopulation_1"
"NGS_Nanog_KO_Rep3","Read_1681",0.716997228672238,"Subpopulation_1"
"NGS_Nanog_KO_Rep3","Read_1682",0.715854163648055,"Subpopulation_1"
"NGS_Nanog_KO_Rep3","Read_1683",0.716597987745844,"Subpopulation_1"
"NGS_Nanog_KO_Rep3","Read_1684",0.712498771720508,"Subpopulation_1"
"NGS_Nanog_KO_Rep3","Read_1685",0.72022248050451,"Subpopulation_1"
"NGS_Nanog_KO_Rep3","Read_1686",0.717264314552887,"Subpopulation_1"
"NGS_Nanog_KO_Rep3","Read_1687",0.735857804902926,"Subpopulation_1"
"NGS_Nanog_KO_Rep3","Read_1688",0.715659886044561,"Subpopulation_1"
"NGS_Nanog_KO_Rep3","Read_1689",0.717308837676829,"Subpopulation_1"
"NGS_Nanog_KO_Rep3","Read_1690",0.725861238722838,"Subpopulation_1"
"NGS_Nanog_KO_Rep3","Read_1691",0.705887877181806,"Subpopulation_1"
"NGS_Nanog_KO_Rep3","Read_1692",0.707144174060801,"Subpopulation_1"
"NGS_Nanog_KO_Rep3","Read_1693",0.716586336029814,"Subpopulation_1"
"NGS_Nanog_KO_Rep3","Read_1694",0.716517249652125,"Subpopulation_1"
"NGS_Nanog_KO_Rep3","Read_1695",0.722863274588764,"Subpopulation_1"
"NGS_Nanog_KO_Rep3","Read_1696",0.716818510680695,"Subpopulation_1"
"NGS_Nanog_KO_Rep3","Read_1697",0.722942357476647,"Subpopulation_1"
"NGS_Nanog_KO_Rep3","Read_1698",0.722404204219873,"Subpopulation_1"
"NGS_Nanog_KO_Rep3","Read_1699",0.715497504176676,"Subpopulation_1"
"NGS_Nanog_KO_Rep3","Read_1700",0.710200866644991,"Subpopulation_1"
"NGS_Nanog_KO_Rep3","Read_1701",0.716503082697214,"Subpopulation_1"
"NGS_Nanog_KO_Rep3","Read_1702",0.710521398719581,"Subpopulation_1"
"NGS_Nanog_KO_Rep3","Read_1703",0.718534233849889,"Subpopulation_1"
"NGS_Nanog_KO_Rep3","Read_1704",0.718654663722127,"Subpopulation_1"
"NGS_Nanog_KO_Rep3","Read_1705",0.722917106021541,"Subpopulation_1"
"NGS_Nanog_KO_Rep3","Read_1706",0.709452077188165,"Subpopulation_1"
"NGS_Nanog_KO_Rep3","Read_1707",0.707741269344451,"Subpopulation_1"
"NGS_Nanog_KO_Rep3","Read_1708",0.717787915711725,"Subpopulation_1"
"NGS_Nanog_KO_Rep3","Read_1709",0.721106339263388,"Subpopulation_1"
"NGS_Nanog_KO_Rep3","Read_1710",0.72876964192001,"Subpopulation_1"
"NGS_Nanog_KO_Rep3","Read_1711",0.722657672323937,"Subpopulation_1"
"NGS_Nanog_KO_Rep3","Read_1712",0.717964509610183,"Subpopulation_1"
"NGS_Nanog_KO_Rep3","Read_1713",0.718165921378951,"Subpopulation_1"
"NGS_Nanog_KO_Rep3","Read_1714",0.721431873886468,"Subpopulation_1"
"NGS_Nanog_KO_Rep3","Read_1715",0.726885289662629,"Subpopulation_1"
"NGS_Nanog_KO_Rep3","Read_1716",0.717733912968475,"Subpopulation_1"
"NGS_Nanog_KO_Rep3","Read_1717",0.717043206569527,"Subpopulation_1"
"NGS_Nanog_KO_Rep3","Read_1718",0.710849106218229,"Subpopulation_1"
"NGS_Nanog_KO_Rep3","Read_1719",0.714860456360588,"Subpopulation_1"
"NGS_Nanog_KO_Rep3","Read_1720",0.720056644071147,"Subpopulation_1"
"NGS_Nanog_KO_Rep3","Read_1721",0.721535549556643,"Subpopulation_1"
"NGS_Nanog_KO_Rep3","Read_1722",0.718126564414901,"Subpopulation_1"
"NGS_Nanog_KO_Rep3","Read_1723",0.70247241738541,"Subpopulation_1"
"NGS_Nanog_KO_Rep3","Read_1724",0.717083448244644,"Subpopulation_1"
"NGS_Nanog_KO_Rep3","Read_1725",0.716847390352747,"Subpopulation_1"
"NGS_Nanog_KO_Rep3","Read_1726",0.725788736380605,"Subpopulation_1"
"NGS_Nanog_KO_Rep3","Read_1727",0.715639259608294,"Subpopulation_1"
"NGS_Nanog_KO_Rep3","Read_1728",0.726550043738318,"Subpopulation_1"
"NGS_Nanog_KO_Rep3","Read_1729",0.721050469167892,"Subpopulation_1"
"NGS_Nanog_KO_Rep3","Read_1730",0.716711560883007,"Subpopulation_1"
"NGS_Nanog_KO_Rep3","Read_1731",0.716182677224223,"Subpopulation_1"
"NGS_Nanog_KO_Rep3","Read_1732",0.733052605332435,"Subpopulation_1"
"NGS_Nanog_KO_Rep3","Read_1733",0.7151198711776,"Subpopulation_1"
"NGS_Nanog_KO_Rep3","Read_1734",0.718888982543801,"Subpopulation_1"
"NGS_Nanog_KO_Rep3","Read_1735",0.715671078090916,"Subpopulation_1"
"NGS_Nanog_KO_Rep3","Read_1736",0.722488847589128,"Subpopulation_1"
"NGS_Nanog_KO_Rep3","Read_1737",0.711678323532174,"Subpopulation_1"
"NGS_Nanog_KO_Rep3","Read_1738",0.731017309150288,"Subpopulation_1"
"NGS_Nanog_KO_Rep3","Read_1739",0.722654498338465,"Subpopulation_1"
"NGS_Nanog_KO_Rep3","Read_1740",0.725725025344935,"Subpopulation_1"
"NGS_Nanog_KO_Rep3","Read_1741",0.717104291008534,"Subpopulation_1"
"NGS_Nanog_KO_Rep3","Read_1742",0.721625785621587,"Subpopulation_1"
"NGS_Nanog_KO_Rep3","Read_1743",0.715648767636775,"Subpopulation_1"
"NGS_Nanog_KO_Rep3","Read_1744",0.712690369458026,"Subpopulation_1"
"NGS_Nanog_KO_Rep3","Read_1745",0.717917215778017,"Subpopulation_1"
"NGS_Nanog_KO_Rep3","Read_1746",0.717782495507101,"Subpopulation_1"
"NGS_Nanog_KO_Rep3","Read_1747",0.714399045419171,"Subpopulation_1"
"NGS_Nanog_KO_Rep3","Read_1748",0.723952978424216,"Subpopulation_1"
"NGS_Nanog_KO_Rep3","Read_1749",0.717616079129273,"Subpopulation_1"
"NGS_Nanog_KO_Rep3","Read_1750",0.718159013486114,"Subpopulation_1"
"NGS_Nanog_KO_Rep3","Read_1751",0.708113996221609,"Subpopulation_1"
"NGS_Nanog_KO_Rep3","Read_1752",0.717472303045901,"Subpopulation_1"
"NGS_Nanog_KO_Rep3","Read_1753",0.718538764095543,"Subpopulation_1"
"NGS_Nanog_KO_Rep3","Read_1754",0.708223473675735,"Subpopulation_1"
"NGS_Nanog_KO_Rep3","Read_1755",0.719666049498326,"Subpopulation_1"
"NGS_Nanog_KO_Rep3","Read_1756",0.715170757070598,"Subpopulation_1"
"NGS_Nanog_KO_Rep3","Read_1757",0.714032127685537,"Subpopulation_1"
"NGS_Nanog_KO_Rep3","Read_1758",0.717717794826304,"Subpopulation_1"
"NGS_Nanog_KO_Rep3","Read_1759",0.715428114934172,"Subpopulation_1"
"NGS_Nanog_KO_Rep3","Read_1760",0.721411266995419,"Subpopulation_1"
"NGS_Nanog_KO_Rep3","Read_1761",0.714794014862296,"Subpopulation_1"
"NGS_Nanog_KO_Rep3","Read_1762",0.717651036133299,"Subpopulation_1"
"NGS_Nanog_KO_Rep3","Read_1763",0.718744017198062,"Subpopulation_1"
"NGS_Nanog_KO_Rep3","Read_1764",0.719247241874938,"Subpopulation_1"
"NGS_Nanog_KO_Rep3","Read_1765",0.713750908266173,"Subpopulation_1"
"NGS_Nanog_KO_Rep3","Read_1766",0.715255968137927,"Subpopulation_1"
"NGS_Nanog_KO_Rep3","Read_1767",0.722429279068378,"Subpopulation_1"
"NGS_Nanog_KO_Rep3","Read_1768",0.721372916187933,"Subpopulation_1"
"NGS_Nanog_KO_Rep3","Read_1769",0.7130286451991,"Subpopulation_1"
"NGS_Nanog_KO_Rep3","Read_1770",0.720721715994038,"Subpopulation_1"
"NGS_Nanog_KO_Rep3","Read_1771",0.70972052579786,"Subpopulation_1"
"NGS_Nanog_KO_Rep3","Read_1772",0.715031347518473,"Subpopulation_1"
"NGS_Nanog_KO_Rep3","Read_1773",0.720132923736097,"Subpopulation_1"
"NGS_Nanog_KO_Rep3","Read_1774",0.720811873843117,"Subpopulation_1"
"NGS_Nanog_KO_Rep3","Read_1775",0.717102279712898,"Subpopulation_1"
"NGS_Nanog_KO_Rep3","Read_1776",0.724088759207292,"Subpopulation_1"
"NGS_Nanog_KO_Rep3","Read_1777",0.720003788738596,"Subpopulation_1"
"NGS_Nanog_KO_Rep3","Read_1778",0.72608367947221,"Subpopulation_1"
"NGS_Nanog_KO_Rep3","Read_1779",0.719979411940728,"Subpopulation_1"
"NGS_Nanog_KO_Rep3","Read_1780",0.726180437799081,"Subpopulation_1"
"NGS_Nanog_KO_Rep3","Read_1781",0.711805513169126,"Subpopulation_1"
"NGS_Nanog_KO_Rep3","Read_1782",0.722589138525531,"Subpopulation_1"
"NGS_Nanog_KO_Rep3","Read_1783",0.717528333268399,"Subpopulation_1"
"NGS_Nanog_KO_Rep3","Read_1784",0.72224013794766,"Subpopulation_1"
"NGS_Nanog_KO_Rep3","Read_1785",0.720814078341795,"Subpopulation_1"
"NGS_Nanog_KO_Rep3","Read_1786",0.729018255040369,"Subpopulation_1"
"NGS_Nanog_KO_Rep3","Read_1787",0.715596464994649,"Subpopulation_1"
"NGS_Nanog_KO_Rep3","Read_1788",0.723408686926368,"Subpopulation_1"
"NGS_Nanog_KO_Rep3","Read_1789",0.713881372102053,"Subpopulation_1"
"NGS_Nanog_KO_Rep3","Read_1790",0.719136646891042,"Subpopulation_1"
"NGS_Nanog_KO_Rep3","Read_1791",0.714925804748491,"Subpopulation_1"
"NGS_Nanog_KO_Rep3","Read_1792",0.719743769556203,"Subpopulation_1"
"NGS_Nanog_KO_Rep3","Read_1793",0.722678146355071,"Subpopulation_1"
"NGS_Nanog_KO_Rep3","Read_1794",0.718646635953412,"Subpopulation_1"
"NGS_Nanog_KO_Rep3","Read_1795",0.707774981004439,"Subpopulation_1"
"NGS_Nanog_KO_Rep3","Read_1796",0.715839582659955,"Subpopulation_1"
"NGS_Nanog_KO_Rep3","Read_1797",0.710281789840391,"Subpopulation_1"
"NGS_Nanog_KO_Rep3","Read_1798",0.720963716352773,"Subpopulation_1"
"NGS_Nanog_KO_Rep3","Read_1799",0.717455979985951,"Subpopulation_1"
"NGS_Nanog_KO_Rep3","Read_1800",0.72262842841595,"Subpopulation_1"
"NGS_Nanog_KO_Rep3","Read_1801",0.720700602884557,"Subpopulation_1"
"NGS_Nanog_KO_Rep3","Read_1802",0.718274736200332,"Subpopulation_1"
"NGS_Nanog_KO_Rep3","Read_1803",0.714078288635313,"Subpopulation_1"
"NGS_Nanog_KO_Rep3","Read_1804",0.721471372357995,"Subpopulation_1"
"NGS_Nanog_KO_Rep3","Read_1805",0.72397653825942,"Subpopulation_1"
"NGS_Nanog_KO_Rep3","Read_1806",0.720851359447402,"Subpopulation_1"
"NGS_Nanog_KO_Rep3","Read_1807",0.717031458389537,"Subpopulation_1"
"NGS_Nanog_KO_Rep3","Read_1808",0.720361749262987,"Subpopulation_1"
"NGS_Nanog_KO_Rep3","Read_1809",0.716388466862072,"Subpopulation_1"
"NGS_Nanog_KO_Rep3","Read_1810",0.72331531710701,"Subpopulation_1"
"NGS_Nanog_KO_Rep3","Read_1811",0.715218293396916,"Subpopulation_1"
"NGS_Nanog_KO_Rep3","Read_1812",0.712387120317417,"Subpopulation_1"
"NGS_Nanog_KO_Rep3","Read_1813",0.730232094060272,"Subpopulation_1"
"NGS_Nanog_KO_Rep3","Read_1814",0.713010397885428,"Subpopulation_1"
"NGS_Nanog_KO_Rep3","Read_1815",0.721609763936754,"Subpopulation_1"
"NGS_Nanog_KO_Rep3","Read_1816",0.718889131162853,"Subpopulation_1"
"NGS_Nanog_KO_Rep3","Read_1817",0.72478591276541,"Subpopulation_1"
"NGS_Nanog_KO_Rep3","Read_1818",0.719274196097526,"Subpopulation_1"
"NGS_Nanog_KO_Rep3","Read_1819",0.700512510303784,"Subpopulation_1"
"NGS_Nanog_KO_Rep3","Read_1820",0.719928518738471,"Subpopulation_1"
"NGS_Nanog_KO_Rep3","Read_1821",0.704424404100986,"Subpopulation_1"
"NGS_Nanog_KO_Rep3","Read_1822",0.723621481320511,"Subpopulation_1"
"NGS_Nanog_KO_Rep3","Read_1823",0.725510078107803,"Subpopulation_1"
"NGS_Nanog_KO_Rep3","Read_1824",0.717067399511843,"Subpopulation_1"
"NGS_Nanog_KO_Rep3","Read_1825",0.724919246525923,"Subpopulation_1"
"NGS_Nanog_KO_Rep3","Read_1826",0.724444780718958,"Subpopulation_1"
"NGS_Nanog_KO_Rep3","Read_1827",0.719031347801606,"Subpopulation_1"
"NGS_Nanog_KO_Rep3","Read_1828",0.716158878604828,"Subpopulation_1"
"NGS_Nanog_KO_Rep3","Read_1829",0.719390978380391,"Subpopulation_1"
"NGS_Nanog_KO_Rep3","Read_1830",0.71757138954398,"Subpopulation_1"
"NGS_Nanog_KO_Rep3","Read_1831",0.716804934489852,"Subpopulation_1"
"NGS_Nanog_KO_Rep3","Read_1832",0.714645240361534,"Subpopulation_1"
"NGS_Nanog_KO_Rep3","Read_1833",0.723388020726524,"Subpopulation_1"
"NGS_Nanog_KO_Rep3","Read_1834",0.71772144040233,"Subpopulation_1"
"NGS_Nanog_KO_Rep3","Read_1835",0.716641009368111,"Subpopulation_1"
"NGS_Nanog_KO_Rep3","Read_1836",0.714756659573937,"Subpopulation_1"
"NGS_Nanog_KO_Rep3","Read_1837",0.71637236575765,"Subpopulation_1"
"NGS_Nanog_KO_Rep3","Read_1838",0.707386380138305,"Subpopulation_1"
"NGS_Nanog_KO_Rep3","Read_1839",0.716471552124581,"Subpopulation_1"
"NGS_Nanog_KO_Rep3","Read_1840",0.71486845346951,"Subpopulation_1"
"NGS_Nanog_KO_Rep3","Read_1841",0.716462525045584,"Subpopulation_1"
"NGS_Nanog_KO_Rep3","Read_1842",0.72335475355321,"Subpopulation_1"
"NGS_Nanog_KO_Rep3","Read_1843",0.71963565419032,"Subpopulation_1"
"NGS_Nanog_KO_Rep3","Read_1844",0.709864693215947,"Subpopulation_1"
"NGS_Nanog_KO_Rep3","Read_1845",0.722178220449872,"Subpopulation_1"
"NGS_Nanog_KO_Rep3","Read_1846",0.720423431429532,"Subpopulation_1"
"NGS_Nanog_KO_Rep3","Read_1847",0.703148458194849,"Subpopulation_1"
"NGS_Nanog_KO_Rep3","Read_1848",0.70730581118643,"Subpopulation_1"
"NGS_Nanog_KO_Rep3","Read_1849",0.713824854383513,"Subpopulation_1"
"NGS_Nanog_KO_Rep3","Read_1850",0.718328036972582,"Subpopulation_1"
"NGS_Nanog_KO_Rep3","Read_1851",0.722569315556245,"Subpopulation_1"
"NGS_Nanog_KO_Rep3","Read_1852",0.722588996232194,"Subpopulation_1"
"NGS_Nanog_KO_Rep3","Read_1853",0.723450787998087,"Subpopulation_1"
"NGS_Nanog_KO_Rep3","Read_1854",0.724902032690124,"Subpopulation_1"
"NGS_Nanog_KO_Rep3","Read_1855",0.720140303467868,"Subpopulation_1"
"NGS_Nanog_KO_Rep3","Read_1856",0.721069643225412,"Subpopulation_1"
"NGS_Nanog_KO_Rep3","Read_1857",0.713289530865814,"Subpopulation_1"
"NGS_Nanog_KO_Rep3","Read_1858",0.709105145649673,"Subpopulation_1"
"NGS_Nanog_KO_Rep3","Read_1859",0.722018746726161,"Subpopulation_1"
"NGS_Nanog_KO_Rep3","Read_1860",0.709597892427815,"Subpopulation_1"
"NGS_Nanog_KO_Rep3","Read_1861",0.726503152703996,"Subpopulation_1"
"NGS_Nanog_KO_Rep3","Read_1862",0.708013572660863,"Subpopulation_1"
"NGS_Nanog_KO_Rep3","Read_1863",0.726764435588438,"Subpopulation_1"
"NGS_Nanog_KO_Rep3","Read_1864",0.710708112924719,"Subpopulation_1"
"NGS_Nanog_KO_Rep3","Read_1865",0.707915165410063,"Subpopulation_1"
"NGS_Nanog_KO_Rep3","Read_1866",0.710710355582596,"Subpopulation_1"
"NGS_Nanog_KO_Rep3","Read_1867",0.722786716426173,"Subpopulation_1"
"NGS_Nanog_KO_Rep3","Read_1868",0.726930358362665,"Subpopulation_1"
"NGS_Nanog_KO_Rep3","Read_1869",0.713553459535781,"Subpopulation_1"
"NGS_Nanog_KO_Rep3","Read_1870",0.718551755816401,"Subpopulation_1"
"NGS_Nanog_KO_Rep3","Read_1871",0.723814541044697,"Subpopulation_1"
"NGS_Nanog_KO_Rep3","Read_1872",0.714480006320911,"Subpopulation_1"
"NGS_Nanog_KO_Rep3","Read_1873",0.718448945096896,"Subpopulation_1"
"NGS_Nanog_KO_Rep3","Read_1874",0.725182506317088,"Subpopulation_1"
"NGS_Nanog_KO_Rep3","Read_1875",0.717202781887858,"Subpopulation_1"
"NGS_Nanog_KO_Rep3","Read_1876",0.717856107618636,"Subpopulation_1"
"NGS_Nanog_KO_Rep3","Read_1877",0.717421455149548,"Subpopulation_1"
"NGS_Nanog_KO_Rep3","Read_1878",0.724867580776975,"Subpopulation_1"
"NGS_Nanog_KO_Rep3","Read_1879",0.721725498807178,"Subpopulation_1"
"NGS_Nanog_KO_Rep3","Read_1880",0.719208805040964,"Subpopulation_1"
"NGS_Nanog_KO_Rep3","Read_1881",0.710657534750039,"Subpopulation_1"
"NGS_Nanog_KO_Rep3","Read_1882",0.712414003829542,"Subpopulation_1"
"NGS_Nanog_KO_Rep3","Read_1883",0.70668932333533,"Subpopulation_1"
"NGS_Nanog_KO_Rep3","Read_1884",0.714572907903793,"Subpopulation_1"
"NGS_Nanog_KO_Rep3","Read_1885",0.72586284395155,"Subpopulation_1"
"NGS_Nanog_KO_Rep3","Read_1886",0.720911845823874,"Subpopulation_1"
"NGS_Nanog_KO_Rep3","Read_1887",0.717270279594674,"Subpopulation_1"
"NGS_Nanog_KO_Rep3","Read_1888",0.721016688469592,"Subpopulation_1"
"NGS_Nanog_KO_Rep3","Read_1889",0.727644895663572,"Subpopulation_1"
"NGS_Nanog_KO_Rep3","Read_1890",0.710355729896951,"Subpopulation_1"
"NGS_Nanog_KO_Rep3","Read_1891",0.703411477604213,"Subpopulation_1"
"NGS_Nanog_KO_Rep3","Read_1892",0.715100382996862,"Subpopulation_1"
"NGS_Nanog_KO_Rep3","Read_1893",0.725556319857085,"Subpopulation_1"
"NGS_Nanog_KO_Rep3","Read_1894",0.71007875655358,"Subpopulation_1"
"NGS_Nanog_KO_Rep3","Read_1895",0.715904151437117,"Subpopulation_1"
"NGS_Nanog_KO_Rep3","Read_1896",0.714189199872436,"Subpopulation_1"
"NGS_Nanog_KO_Rep3","Read_1897",0.714503697520134,"Subpopulation_1"
"NGS_Nanog_KO_Rep3","Read_1898",0.721449436755322,"Subpopulation_1"
"NGS_Nanog_KO_Rep3","Read_1899",0.717502549850894,"Subpopulation_1"
"NGS_Nanog_KO_Rep3","Read_1900",0.716550575716381,"Subpopulation_1"
"NGS_Nanog_KO_Rep3","Read_1901",0.722585139504268,"Subpopulation_1"
"NGS_Nanog_KO_Rep3","Read_1902",0.719758638415943,"Subpopulation_1"
"NGS_Nanog_KO_Rep3","Read_1903",0.722249961384503,"Subpopulation_1"
"NGS_Nanog_KO_Rep3","Read_1904",0.721903895208652,"Subpopulation_1"
"NGS_Nanog_KO_Rep3","Read_1905",0.702212470507056,"Subpopulation_1"
"NGS_Nanog_KO_Rep3","Read_1906",0.721810934037555,"Subpopulation_1"
"NGS_Nanog_KO_Rep3","Read_1907",0.710313766339463,"Subpopulation_1"
"NGS_Nanog_KO_Rep3","Read_1908",0.7205562057054,"Subpopulation_1"
"NGS_Nanog_KO_Rep3","Read_1909",0.70460976212607,"Subpopulation_1"
"NGS_Nanog_KO_Rep3","Read_1910",0.7118327775348,"Subpopulation_1"
"NGS_Nanog_KO_Rep3","Read_1911",0.719472456234663,"Subpopulation_1"
"NGS_Nanog_KO_Rep3","Read_1912",0.711294807649992,"Subpopulation_1"
"NGS_Nanog_KO_Rep3","Read_1913",0.709256936479973,"Subpopulation_1"
"NGS_Nanog_KO_Rep3","Read_1914",0.71492628196966,"Subpopulation_1"
"NGS_Nanog_KO_Rep3","Read_1915",0.72220458263258,"Subpopulation_1"
"NGS_Nanog_KO_Rep3","Read_1916",0.718459450102354,"Subpopulation_1"
"NGS_Nanog_KO_Rep3","Read_1917",0.717462406888074,"Subpopulation_1"
"NGS_Nanog_KO_Rep3","Read_1918",0.710526841349132,"Subpopulation_1"
"NGS_Nanog_KO_Rep3","Read_1919",0.727472393313896,"Subpopulation_1"
"NGS_Nanog_KO_Rep3","Read_1920",0.713259181132288,"Subpopulation_1"
"NGS_Nanog_KO_Rep3","Read_1921",0.717168608332065,"Subpopulation_1"
"NGS_Nanog_KO_Rep3","Read_1922",0.721487692246117,"Subpopulation_1"
"NGS_Nanog_KO_Rep3","Read_1923",0.718951744171254,"Subpopulation_1"
"NGS_Nanog_KO_Rep3","Read_1924",0.716880108933875,"Subpopulation_1"
"NGS_Nanog_KO_Rep3","Read_1925",0.715439741933086,"Subpopulation_1"
"NGS_Nanog_KO_Rep3","Read_1926",0.702886048541325,"Subpopulation_1"
"NGS_Nanog_KO_Rep3","Read_1927",0.716171933342802,"Subpopulation_1"
"NGS_Nanog_KO_Rep3","Read_1928",0.709892665105262,"Subpopulation_1"
"NGS_Nanog_KO_Rep3","Read_1929",0.724145140258511,"Subpopulation_1"
"NGS_Nanog_KO_Rep3","Read_1930",0.709167753557874,"Subpopulation_1"
"NGS_Nanog_KO_Rep3","Read_1931",0.718734331682852,"Subpopulation_1"
"NGS_Nanog_KO_Rep3","Read_1932",0.716524626926497,"Subpopulation_1"
"NGS_Nanog_KO_Rep3","Read_1933",0.723226164905497,"Subpopulation_1"
"NGS_Nanog_KO_Rep3","Read_1934",0.726186834811098,"Subpopulation_1"
"NGS_Nanog_KO_Rep3","Read_1935",0.713646913387164,"Subpopulation_1"
"NGS_Nanog_KO_Rep3","Read_1936",0.712038826630404,"Subpopulation_1"
"NGS_Nanog_KO_Rep3","Read_1937",0.71619874612766,"Subpopulation_1"
"NGS_Nanog_KO_Rep3","Read_1938",0.699213814396399,"Subpopulation_1"
"NGS_Nanog_KO_Rep3","Read_1939",0.729977612658893,"Subpopulation_1"
"NGS_Nanog_KO_Rep3","Read_1940",0.719300558227056,"Subpopulation_1"
"NGS_Nanog_KO_Rep3","Read_1941",0.718484912301889,"Subpopulation_1"
"NGS_Nanog_KO_Rep3","Read_1942",0.720145878228457,"Subpopulation_1"
"NGS_Nanog_KO_Rep3","Read_1943",0.720067513051335,"Subpopulation_1"
"NGS_Nanog_KO_Rep3","Read_1944",0.718834363728551,"Subpopulation_1"
"NGS_Nanog_KO_Rep3","Read_1945",0.702167492364378,"Subpopulation_1"
"NGS_Nanog_KO_Rep3","Read_1946",0.713836393129121,"Subpopulation_1"
"NGS_Nanog_KO_Rep3","Read_1947",0.722049345109202,"Subpopulation_1"
"NGS_Nanog_KO_Rep3","Read_1948",0.722467362364688,"Subpopulation_1"
"NGS_Nanog_KO_Rep3","Read_1949",0.72579174585088,"Subpopulation_1"
"NGS_Nanog_KO_Rep3","Read_1950",0.71989050533954,"Subpopulation_1"
"NGS_Nanog_KO_Rep3","Read_1951",0.728128024398932,"Subpopulation_1"
"NGS_Nanog_KO_Rep3","Read_1952",0.719218797038922,"Subpopulation_1"
"NGS_Nanog_KO_Rep3","Read_1953",0.720383019834422,"Subpopulation_1"
"NGS_Nanog_KO_Rep3","Read_1954",0.720850000138445,"Subpopulation_1"
"NGS_Nanog_KO_Rep3","Read_1955",0.711576016952607,"Subpopulation_1"
"NGS_Nanog_KO_Rep3","Read_1956",0.714565520669716,"Subpopulation_1"
"NGS_Nanog_KO_Rep3","Read_1957",0.716640008968279,"Subpopulation_1"
"NGS_Nanog_KO_Rep3","Read_1958",0.723579161584289,"Subpopulation_1"
"NGS_Nanog_KO_Rep3","Read_1959",0.722047157046082,"Subpopulation_1"
"NGS_Nanog_KO_Rep3","Read_1960",0.708407349997235,"Subpopulation_1"
"NGS_Nanog_KO_Rep3","Read_1961",0.717644681297084,"Subpopulation_1"
"NGS_Nanog_KO_Rep3","Read_1962",0.716083966301754,"Subpopulation_1"
"NGS_Nanog_KO_Rep3","Read_1963",0.716063281572977,"Subpopulation_1"
"NGS_Nanog_KO_Rep3","Read_1964",0.718398296644956,"Subpopulation_1"
"NGS_Nanog_KO_Rep3","Read_1965",0.71572839929637,"Subpopulation_1"
"NGS_Nanog_KO_Rep3","Read_1966",0.727698330319757,"Subpopulation_1"
"NGS_Nanog_KO_Rep3","Read_1967",0.717203210943885,"Subpopulation_1"
"NGS_Nanog_KO_Rep3","Read_1968",0.717754460098487,"Subpopulation_1"
"NGS_Nanog_KO_Rep3","Read_1969",0.71884229881485,"Subpopulation_1"
"NGS_Nanog_KO_Rep3","Read_1970",0.708455240662471,"Subpopulation_1"
"NGS_Nanog_KO_Rep3","Read_1971",0.724146379883647,"Subpopulation_1"
"NGS_Nanog_KO_Rep3","Read_1972",0.717126457078542,"Subpopulation_1"
"NGS_Nanog_KO_Rep3","Read_1973",0.716627146457442,"Subpopulation_1"
"NGS_Nanog_KO_Rep3","Read_1974",0.711489364499844,"Subpopulation_1"
"NGS_Nanog_KO_Rep3","Read_1975",0.727444912031146,"Subpopulation_1"
"NGS_Nanog_KO_Rep3","Read_1976",0.727614631075208,"Subpopulation_1"
"NGS_Nanog_KO_Rep3","Read_1977",0.70930346067421,"Subpopulation_1"
"NGS_Nanog_KO_Rep3","Read_1978",0.70557563376571,"Subpopulation_1"
"NGS_Nanog_KO_Rep3","Read_1979",0.714081800504761,"Subpopulation_1"
"NGS_Nanog_KO_Rep3","Read_1980",0.715157451102415,"Subpopulation_1"
"NGS_Nanog_KO_Rep3","Read_1981",0.713422827853065,"Subpopulation_1"
"NGS_Nanog_KO_Rep3","Read_1982",0.712680414087061,"Subpopulation_1"
"NGS_Nanog_KO_Rep3","Read_1983",0.725041322575088,"Subpopulation_1"
"NGS_Nanog_KO_Rep3","Read_1984",0.714696721021252,"Subpopulation_1"
"NGS_Nanog_KO_Rep3","Read_1985",0.714033678043149,"Subpopulation_1"
"NGS_Nanog_KO_Rep3","Read_1986",0.726804533407198,"Subpopulation_1"
"NGS_Nanog_KO_Rep3","Read_1987",0.714559571344087,"Subpopulation_1"
"NGS_Nanog_KO_Rep3","Read_1988",0.720327386648977,"Subpopulation_1"
"NGS_Nanog_KO_Rep3","Read_1989",0.718069541561143,"Subpopulation_1"
"NGS_Nanog_KO_Rep3","Read_1990",0.71455847412224,"Subpopulation_1"
"NGS_Nanog_KO_Rep3","Read_1991",0.724778072500339,"Subpopulation_1"
"NGS_Nanog_KO_Rep3","Read_1992",0.702555126935607,"Subpopulation_1"
"NGS_Nanog_KO_Rep3","Read_1993",0.721560736260078,"Subpopulation_1"
"NGS_Nanog_KO_Rep3","Read_1994",0.720342170150407,"Subpopulation_1"
"NGS_Nanog_KO_Rep3","Read_1995",0.729812102593283,"Subpopulation_1"
"NGS_Nanog_KO_Rep3","Read_1996",0.726554715468377,"Subpopulation_1"
"NGS_Nanog_KO_Rep3","Read_1997",0.728412017025788,"Subpopulation_1"
"NGS_Nanog_KO_Rep3","Read_1998",0.715261639660578,"Subpopulation_1"
"NGS_Nanog_KO_Rep3","Read_1999",0.716956603821058,"Subpopulation_1"
"NGS_Nanog_KO_Rep3","Read_2000",0.721132218835712,"Subpopulation_1"
"NGS_Nanog_KO_Rep3","Read_2001",0.715751587212165,"Subpopulation_1"
"NGS_Nanog_KO_Rep3","Read_2002",0.72403039449578,"Subpopulation_1"
"NGS_Nanog_KO_Rep3","Read_2003",0.710954371749292,"Subpopulation_1"
"NGS_Nanog_KO_Rep3","Read_2004",0.715311115612977,"Subpopulation_1"
"NGS_Nanog_KO_Rep3","Read_2005",0.715481938746203,"Subpopulation_1"
"NGS_Nanog_KO_Rep3","Read_2006",0.730378010246158,"Subpopulation_1"
"NGS_Nanog_KO_Rep3","Read_2007",0.717399467340807,"Subpopulation_1"
"NGS_Nanog_KO_Rep3","Read_2008",0.715703554532986,"Subpopulation_1"
"NGS_Nanog_KO_Rep3","Read_2009",0.725142938838693,"Subpopulation_1"
"NGS_Nanog_KO_Rep3","Read_2010",0.727778225584064,"Subpopulation_1"
"NGS_Nanog_KO_Rep3","Read_2011",0.705971911576047,"Subpopulation_1"
"NGS_Nanog_KO_Rep3","Read_2012",0.717076739747217,"Subpopulation_1"
"NGS_Nanog_KO_Rep3","Read_2013",0.721514775158797,"Subpopulation_1"
"NGS_Nanog_KO_Rep3","Read_2014",0.721726222169015,"Subpopulation_1"
"NGS_Nanog_KO_Rep3","Read_2015",0.71847336043421,"Subpopulation_1"
"NGS_Nanog_KO_Rep3","Read_2016",0.721699532839913,"Subpopulation_1"
"NGS_Nanog_KO_Rep3","Read_2017",0.7175422472659,"Subpopulation_1"
"NGS_Nanog_KO_Rep3","Read_2018",0.727375148024604,"Subpopulation_1"
"NGS_Nanog_KO_Rep3","Read_2019",0.724073413842908,"Subpopulation_1"
"NGS_Nanog_KO_Rep3","Read_2020",0.728038251838675,"Subpopulation_1"
"NGS_Nanog_KO_Rep3","Read_2021",0.710356720341691,"Subpopulation_1"
"NGS_Nanog_KO_Rep3","Read_2022",0.72642655379989,"Subpopulation_1"
"NGS_Nanog_KO_Rep3","Read_2023",0.729461949755531,"Subpopulation_1"
"NGS_Nanog_KO_Rep3","Read_2024",0.715636082636616,"Subpopulation_1"
"NGS_Nanog_KO_Rep3","Read_2025",0.717849341432425,"Subpopulation_1"
"NGS_Nanog_KO_Rep3","Read_2026",0.720649343917453,"Subpopulation_1"
"NGS_Nanog_KO_Rep3","Read_2027",0.725368406868302,"Subpopulation_1"
"NGS_Nanog_KO_Rep3","Read_2028",0.717466262232684,"Subpopulation_1"
"NGS_Nanog_KO_Rep3","Read_2029",0.719171189395358,"Subpopulation_1"
"NGS_Nanog_KO_Rep3","Read_2030",0.723891714697915,"Subpopulation_1"
"NGS_Nanog_KO_Rep3","Read_2031",0.707207914282623,"Subpopulation_1"
"NGS_Nanog_KO_Rep3","Read_2032",0.720233404971297,"Subpopulation_1"
"NGS_Nanog_KO_Rep3","Read_2033",0.707229489625775,"Subpopulation_1"
"NGS_Nanog_KO_Rep3","Read_2034",0.717439400204747,"Subpopulation_1"
"NGS_Nanog_KO_Rep3","Read_2035",0.727564221174311,"Subpopulation_1"
"NGS_Nanog_KO_Rep3","Read_2036",0.721156610277064,"Subpopulation_1"
"NGS_Nanog_KO_Rep3","Read_2037",0.719835970088306,"Subpopulation_1"
"NGS_Nanog_KO_Rep3","Read_2038",0.716098147750394,"Subpopulation_1"
"NGS_Nanog_KO_Rep3","Read_2039",0.725824139020626,"Subpopulation_1"
"NGS_Nanog_KO_Rep3","Read_2040",0.736693373879345,"Subpopulation_1"
"NGS_Nanog_KO_Rep3","Read_2041",0.718316492363428,"Subpopulation_1"
"NGS_Nanog_KO_Rep3","Read_2042",0.714043410459967,"Subpopulation_1"
"NGS_Nanog_KO_Rep3","Read_2043",0.715046148343819,"Subpopulation_1"
"NGS_Nanog_KO_Rep3","Read_2044",0.722081638774616,"Subpopulation_1"
"NGS_Nanog_KO_Rep3","Read_2045",0.72023109810896,"Subpopulation_1"
"NGS_Nanog_KO_Rep3","Read_2046",0.712095255109665,"Subpopulation_1"
"NGS_Nanog_KO_Rep3","Read_2047",0.711367776090024,"Subpopulation_1"
"NGS_Nanog_KO_Rep3","Read_2048",0.722497522368652,"Subpopulation_1"
"NGS_Nanog_KO_Rep3","Read_2049",0.702589773921175,"Subpopulation_1"
"NGS_Nanog_KO_Rep3","Read_2050",0.719794057240362,"Subpopulation_1"
"NGS_Nanog_KO_Rep3","Read_2051",0.720071789441233,"Subpopulation_1"
"NGS_Nanog_KO_Rep3","Read_2052",0.717246507461485,"Subpopulation_1"
"NGS_Nanog_KO_Rep3","Read_2053",0.720810674717635,"Subpopulation_1"
"NGS_Nanog_KO_Rep3","Read_2054",0.725969467002648,"Subpopulation_1"
"NGS_Nanog_KO_Rep3","Read_2055",0.716638819251634,"Subpopulation_1"
"NGS_Nanog_KO_Rep3","Read_2056",0.718358136891208,"Subpopulation_1"
"NGS_Nanog_KO_Rep3","Read_2057",0.720399578017796,"Subpopulation_1"
"NGS_Nanog_KO_Rep3","Read_2058",0.722151220253888,"Subpopulation_1"
"NGS_Nanog_KO_Rep3","Read_2059",0.725246274517995,"Subpopulation_1"
"NGS_Nanog_KO_Rep3","Read_2060",0.712208232237123,"Subpopulation_1"
"NGS_Nanog_KO_Rep3","Read_2061",0.716185551374097,"Subpopulation_1"
"NGS_Nanog_KO_Rep3","Read_2062",0.714648089618494,"Subpopulation_1"
"NGS_Nanog_KO_Rep3","Read_2063",0.725378528227578,"Subpopulation_1"
"NGS_Nanog_KO_Rep3","Read_2064",0.720045416321423,"Subpopulation_1"
"NGS_Nanog_KO_Rep3","Read_2065",0.715083404330527,"Subpopulation_1"
"NGS_Nanog_KO_Rep3","Read_2066",0.715542641151926,"Subpopulation_1"
"NGS_Nanog_KO_Rep3","Read_2067",0.72113101835671,"Subpopulation_1"
"NGS_Nanog_KO_Rep3","Read_2068",0.711230936021284,"Subpopulation_1"
"NGS_Nanog_KO_Rep3","Read_2069",0.721597502783572,"Subpopulation_1"
"NGS_Nanog_KO_Rep3","Read_2070",0.719387101311532,"Subpopulation_1"
"NGS_Nanog_KO_Rep3","Read_2071",0.709658221455321,"Subpopulation_1"
"NGS_Nanog_KO_Rep3","Read_2072",0.717475815961584,"Subpopulation_1"
"NGS_Nanog_KO_Rep3","Read_2073",0.718376817871992,"Subpopulation_1"
"NGS_Nanog_KO_Rep3","Read_2074",0.713062003992261,"Subpopulation_1"
"NGS_Nanog_KO_Rep3","Read_2075",0.72268925363651,"Subpopulation_1"
"NGS_Nanog_KO_Rep3","Read_2076",0.726586410947282,"Subpopulation_1"
"NGS_Nanog_KO_Rep3","Read_2077",0.722728327549524,"Subpopulation_1"
"NGS_Nanog_KO_Rep3","Read_2078",0.719614062777786,"Subpopulation_1"
"NGS_Nanog_KO_Rep3","Read_2079",0.724962513768285,"Subpopulation_1"
"NGS_Nanog_KO_Rep3","Read_2080",0.714667058487403,"Subpopulation_1"
"NGS_Nanog_KO_Rep3","Read_2081",0.721103205743384,"Subpopulation_1"
"NGS_Nanog_KO_Rep3","Read_2082",0.704886266414639,"Subpopulation_1"
"NGS_Nanog_KO_Rep3","Read_2083",0.725146866800882,"Subpopulation_1"
"NGS_Nanog_KO_Rep3","Read_2084",0.708936402239878,"Subpopulation_1"
"NGS_Nanog_KO_Rep3","Read_2085",0.710115385987876,"Subpopulation_1"
"NGS_Nanog_KO_Rep3","Read_2086",0.724786237437218,"Subpopulation_1"
"NGS_Nanog_KO_Rep3","Read_2087",0.720438127287067,"Subpopulation_1"
"NGS_Nanog_KO_Rep3","Read_2088",0.722327397882462,"Subpopulation_1"
"NGS_Nanog_KO_Rep3","Read_2089",0.729462281333384,"Subpopulation_1"
"NGS_Nanog_KO_Rep3","Read_2090",0.710204517266624,"Subpopulation_1"
"NGS_Nanog_KO_Rep3","Read_2091",0.720607188090032,"Subpopulation_1"
"NGS_Nanog_KO_Rep3","Read_2092",0.72185737031768,"Subpopulation_1"
"NGS_Nanog_KO_Rep3","Read_2093",0.712987808604288,"Subpopulation_1"
"NGS_Nanog_KO_Rep3","Read_2094",0.724088836304902,"Subpopulation_1"
"NGS_Nanog_KO_Rep3","Read_2095",0.72582594943268,"Subpopulation_1"
"NGS_Nanog_KO_Rep3","Read_2096",0.721711231132031,"Subpopulation_1"
"NGS_Nanog_KO_Rep3","Read_2097",0.71628679442893,"Subpopulation_1"
"NGS_Nanog_KO_Rep3","Read_2098",0.716916386764349,"Subpopulation_1"
"NGS_Nanog_KO_Rep3","Read_2099",0.710042903636902,"Subpopulation_1"
"NGS_Nanog_KO_Rep3","Read_2100",0.714328697331417,"Subpopulation_1"
"NGS_Nanog_KO_Rep3","Read_2101",0.712975960522853,"Subpopulation_1"
"NGS_Nanog_KO_Rep3","Read_2102",0.717199783101563,"Subpopulation_1"
"NGS_Nanog_KO_Rep3","Read_2103",0.724277243656755,"Subpopulation_1"
"NGS_Nanog_KO_Rep3","Read_2104",0.718808857860141,"Subpopulation_1"
"NGS_Nanog_KO_Rep3","Read_2105",0.718929623691641,"Subpopulation_1"
"NGS_Nanog_KO_Rep3","Read_2106",0.717527315444459,"Subpopulation_1"
"NGS_Nanog_KO_Rep3","Read_2107",0.713826419086452,"Subpopulation_1"
"NGS_Nanog_KO_Rep3","Read_2108",0.718812924457543,"Subpopulation_1"
"NGS_Nanog_KO_Rep3","Read_2109",0.720829307901645,"Subpopulation_1"
"NGS_Nanog_KO_Rep3","Read_2110",0.725165670110852,"Subpopulation_1"
"NGS_Nanog_KO_Rep3","Read_2111",0.726473550393118,"Subpopulation_1"
"NGS_Nanog_KO_Rep3","Read_2112",0.714497139806103,"Subpopulation_1"
"NGS_Nanog_KO_Rep3","Read_2113",0.72094572879791,"Subpopulation_1"
"NGS_Nanog_KO_Rep3","Read_2114",0.713700311896957,"Subpopulation_1"
"NGS_Nanog_KO_Rep3","Read_2115",0.711322803521307,"Subpopulation_1"
"NGS_Nanog_KO_Rep3","Read_2116",0.719319588204179,"Subpopulation_1"
"NGS_Nanog_KO_Rep3","Read_2117",0.709172030640013,"Subpopulation_1"
"NGS_Nanog_KO_Rep3","Read_2118",0.719815065332042,"Subpopulation_1"
"NGS_Nanog_KO_Rep3","Read_2119",0.717353949535435,"Subpopulation_1"
"NGS_Nanog_KO_Rep3","Read_2120",0.711699476203211,"Subpopulation_1"
"NGS_Nanog_KO_Rep3","Read_2121",0.713265474495431,"Subpopulation_1"
"NGS_Nanog_KO_Rep3","Read_2122",0.727928286803761,"Subpopulation_1"
"NGS_Nanog_KO_Rep3","Read_2123",0.711926977486533,"Subpopulation_1"
"NGS_Nanog_KO_Rep3","Read_2124",0.719144297638493,"Subpopulation_1"
"NGS_Nanog_KO_Rep3","Read_2125",0.721929793342789,"Subpopulation_1"
"NGS_Nanog_KO_Rep3","Read_2126",0.709007502377667,"Subpopulation_1"
"NGS_Nanog_KO_Rep3","Read_2127",0.71923861217549,"Subpopulation_1"
"NGS_Nanog_KO_Rep3","Read_2128",0.715548404744121,"Subpopulation_1"
"NGS_Nanog_KO_Rep3","Read_2129",0.708922046363573,"Subpopulation_1"
"NGS_Nanog_KO_Rep3","Read_2130",0.723014303082805,"Subpopulation_1"
"NGS_Nanog_KO_Rep3","Read_2131",0.713594009569252,"Subpopulation_1"
"NGS_Nanog_KO_Rep3","Read_2132",0.72868192514567,"Subpopulation_1"
"NGS_Nanog_KO_Rep3","Read_2133",0.714649685257089,"Subpopulation_1"
"NGS_Nanog_KO_Rep3","Read_2134",0.717179146329723,"Subpopulation_1"
"NGS_Nanog_KO_Rep3","Read_2135",0.727445732268025,"Subpopulation_1"
"NGS_Nanog_KO_Rep3","Read_2136",0.721313866141279,"Subpopulation_1"
"NGS_Nanog_KO_Rep3","Read_2137",0.721876761630239,"Subpopulation_1"
"NGS_Nanog_KO_Rep3","Read_2138",0.724533481497583,"Subpopulation_1"
"NGS_Nanog_KO_Rep3","Read_2139",0.716880316466822,"Subpopulation_1"
"NGS_Nanog_KO_Rep3","Read_2140",0.716517310581251,"Subpopulation_1"
"NGS_Nanog_KO_Rep3","Read_2141",0.714594536978789,"Subpopulation_1"
"NGS_Nanog_KO_Rep3","Read_2142",0.714057226785248,"Subpopulation_1"
"NGS_Nanog_KO_Rep3","Read_2143",0.720806650364652,"Subpopulation_1"
"NGS_Nanog_KO_Rep3","Read_2144",0.710235089989828,"Subpopulation_1"
"NGS_Nanog_KO_Rep3","Read_2145",0.725582400487862,"Subpopulation_1"
"NGS_Nanog_KO_Rep3","Read_2146",0.713369329836497,"Subpopulation_1"
"NGS_Nanog_KO_Rep3","Read_2147",0.717660972733136,"Subpopulation_1"
"NGS_Nanog_KO_Rep3","Read_2148",0.719791732934332,"Subpopulation_1"
"NGS_Nanog_KO_Rep3","Read_2149",0.720960124138277,"Subpopulation_1"
"NGS_Nanog_KO_Rep3","Read_2150",0.711352622647418,"Subpopulation_1"
"NGS_Nanog_KO_Rep3","Read_2151",0.720142703809662,"Subpopulation_1"
"NGS_Nanog_KO_Rep3","Read_2152",0.697876873170925,"Subpopulation_1"
"NGS_Nanog_KO_Rep3","Read_2153",0.704338046850509,"Subpopulation_1"
"NGS_Nanog_KO_Rep3","Read_2154",0.716225212965231,"Subpopulation_1"
"NGS_Nanog_KO_Rep3","Read_2155",0.717095785655006,"Subpopulation_1"
"NGS_Nanog_KO_Rep3","Read_2156",0.717577649119643,"Subpopulation_1"
"NGS_Nanog_KO_Rep3","Read_2157",0.730083245673996,"Subpopulation_1"
"NGS_Nanog_KO_Rep3","Read_2158",0.726112845043242,"Subpopulation_1"
"NGS_Nanog_KO_Rep3","Read_2159",0.718162300079813,"Subpopulation_1"
"NGS_Nanog_KO_Rep3","Read_2160",0.720945728206104,"Subpopulation_1"
"NGS_Nanog_KO_Rep3","Read_2161",0.709820155516482,"Subpopulation_1"
"NGS_Nanog_KO_Rep3","Read_2162",0.718083739921509,"Subpopulation_1"
"NGS_Nanog_KO_Rep3","Read_2163",0.715517900313811,"Subpopulation_1"
"NGS_Nanog_KO_Rep3","Read_2164",0.717017835312282,"Subpopulation_1"
"NGS_Nanog_KO_Rep3","Read_2165",0.7198887502918,"Subpopulation_1"
"NGS_Nanog_KO_Rep3","Read_2166",0.71403938505193,"Subpopulation_1"
"NGS_Nanog_KO_Rep3","Read_2167",0.71710716323245,"Subpopulation_1"
"NGS_Nanog_KO_Rep3","Read_2168",0.722601064917253,"Subpopulation_1"
"NGS_Nanog_KO_Rep3","Read_2169",0.716712292009891,"Subpopulation_1"
"NGS_Nanog_KO_Rep3","Read_2170",0.714190187644051,"Subpopulation_1"
"NGS_Nanog_KO_Rep3","Read_2171",0.713320211820121,"Subpopulation_1"
"NGS_Nanog_KO_Rep3","Read_2172",0.71754481475209,"Subpopulation_1"
"NGS_Nanog_KO_Rep3","Read_2173",0.729688983085651,"Subpopulation_1"
"NGS_Nanog_KO_Rep3","Read_2174",0.720220187174128,"Subpopulation_1"
"NGS_Nanog_KO_Rep3","Read_2175",0.723993240597678,"Subpopulation_1"
"NGS_Nanog_KO_Rep3","Read_2176",0.73608679098381,"Subpopulation_1"
"NGS_Nanog_KO_Rep3","Read_2177",0.716495574224046,"Subpopulation_1"
"NGS_Nanog_KO_Rep3","Read_2178",0.717591284854985,"Subpopulation_1"
"NGS_Nanog_KO_Rep3","Read_2179",0.708673506644057,"Subpopulation_1"
"NGS_Nanog_KO_Rep3","Read_2180",0.719452258948672,"Subpopulation_1"
"NGS_Nanog_KO_Rep3","Read_2181",0.717519207779347,"Subpopulation_1"
"NGS_Nanog_KO_Rep3","Read_2182",0.724487102612625,"Subpopulation_1"
"NGS_Nanog_KO_Rep3","Read_2183",0.725489602382931,"Subpopulation_1"
"NGS_Nanog_KO_Rep3","Read_2184",0.724744526095999,"Subpopulation_1"
"NGS_Nanog_KO_Rep3","Read_2185",0.719883768338062,"Subpopulation_1"
"NGS_Nanog_KO_Rep3","Read_2186",0.718908312905749,"Subpopulation_1"
"NGS_Nanog_KO_Rep3","Read_2187",0.720280521749126,"Subpopulation_1"
"NGS_Nanog_KO_Rep3","Read_2188",0.714649455189472,"Subpopulation_1"
"NGS_Nanog_KO_Rep3","Read_2189",0.721047458174493,"Subpopulation_1"
"NGS_Nanog_KO_Rep3","Read_2190",0.721605852795602,"Subpopulation_1"
"NGS_Nanog_KO_Rep3","Read_2191",0.727177807905147,"Subpopulation_1"
"NGS_Nanog_KO_Rep3","Read_2192",0.713911728107316,"Subpopulation_1"
"NGS_Nanog_KO_Rep3","Read_2193",0.716290084055309,"Subpopulation_1"
"NGS_Nanog_KO_Rep3","Read_2194",0.719527765750071,"Subpopulation_1"
"NGS_Nanog_KO_Rep3","Read_2195",0.717397886729347,"Subpopulation_1"
"NGS_Nanog_KO_Rep3","Read_2196",0.714883937075579,"Subpopulation_1"
"NGS_Nanog_KO_Rep3","Read_2197",0.714895043603396,"Subpopulation_1"
"NGS_Nanog_KO_Rep3","Read_2198",0.718579159369208,"Subpopulation_1"
"NGS_Nanog_KO_Rep3","Read_2199",0.713603068824411,"Subpopulation_1"
"NGS_Nanog_KO_Rep3","Read_2200",0.717869905184486,"Subpopulation_1"
"NGS_Nanog_KO_Rep3","Read_2201",0.717199353268576,"Subpopulation_1"
"NGS_Nanog_KO_Rep3","Read_2202",0.71903565209125,"Subpopulation_1"
"NGS_Nanog_KO_Rep3","Read_2203",0.716752387314167,"Subpopulation_1"
"NGS_Nanog_KO_Rep3","Read_2204",0.716047128259871,"Subpopulation_1"
"NGS_Nanog_KO_Rep3","Read_2205",0.718295357377395,"Subpopulation_1"
"NGS_Nanog_KO_Rep3","Read_2206",0.717369774754384,"Subpopulation_1"
"NGS_Nanog_KO_Rep3","Read_2207",0.713779368629268,"Subpopulation_1"
"NGS_Nanog_KO_Rep3","Read_2208",0.71116268512266,"Subpopulation_1"
"NGS_Nanog_KO_Rep3","Read_2209",0.722850248423111,"Subpopulation_1"
"NGS_Nanog_KO_Rep3","Read_2210",0.716332390322892,"Subpopulation_1"
"NGS_Nanog_KO_Rep3","Read_2211",0.720176301986107,"Subpopulation_1"
"NGS_Nanog_KO_Rep3","Read_2212",0.710995798506167,"Subpopulation_1"
"NGS_Nanog_KO_Rep3","Read_2213",0.719099709895885,"Subpopulation_1"
"NGS_Nanog_KO_Rep3","Read_2214",0.709949308557688,"Subpopulation_1"
"NGS_Nanog_KO_Rep3","Read_2215",0.712581817848445,"Subpopulation_1"
"NGS_Nanog_KO_Rep3","Read_2216",0.718156820443126,"Subpopulation_1"
"NGS_Nanog_KO_Rep3","Read_2217",0.728539848484645,"Subpopulation_1"
"NGS_Nanog_KO_Rep3","Read_2218",0.716372211317304,"Subpopulation_1"
"NGS_Nanog_KO_Rep3","Read_2219",0.714165703704239,"Subpopulation_1"
"NGS_Nanog_KO_Rep3","Read_2220",0.721026995661744,"Subpopulation_1"
"NGS_Nanog_KO_Rep3","Read_2221",0.727423794058761,"Subpopulation_1"
"NGS_Nanog_KO_Rep3","Read_2222",0.716617694122767,"Subpopulation_1"
"NGS_Nanog_KO_Rep3","Read_2223",0.719403234894764,"Subpopulation_1"
"NGS_Nanog_KO_Rep3","Read_2224",0.717591566788491,"Subpopulation_1"
"NGS_Nanog_KO_Rep3","Read_2225",0.720139371023412,"Subpopulation_1"
"NGS_Nanog_KO_Rep3","Read_2226",0.717865796239632,"Subpopulation_1"
"NGS_Nanog_KO_Rep3","Read_2227",0.707790427283706,"Subpopulation_1"
"NGS_Nanog_KO_Rep3","Read_2228",0.714903214473391,"Subpopulation_1"
"NGS_Nanog_KO_Rep3","Read_2229",0.715615288117191,"Subpopulation_1"
"NGS_Nanog_KO_Rep3","Read_2230",0.716319375417942,"Subpopulation_1"
"NGS_Nanog_KO_Rep3","Read_2231",0.719828533758977,"Subpopulation_1"
"NGS_Nanog_KO_Rep3","Read_2232",0.723615465715315,"Subpopulation_1"
"NGS_Nanog_KO_Rep3","Read_2233",0.719685235603069,"Subpopulation_1"
"NGS_Nanog_KO_Rep3","Read_2234",0.72386023611607,"Subpopulation_1"
"NGS_Nanog_KO_Rep3","Read_2235",0.723237246404041,"Subpopulation_1"
"NGS_Nanog_KO_Rep3","Read_2236",0.705497749002488,"Subpopulation_1"
"NGS_Nanog_KO_Rep3","Read_2237",0.718429069460632,"Subpopulation_1"
"NGS_Nanog_KO_Rep3","Read_2238",0.724529350573978,"Subpopulation_1"
"NGS_Nanog_KO_Rep3","Read_2239",0.710085142998099,"Subpopulation_1"
"NGS_Nanog_KO_Rep3","Read_2240",0.732021766023872,"Subpopulation_1"
"NGS_Nanog_KO_Rep3","Read_2241",0.71698641670548,"Subpopulation_1"
"NGS_Nanog_KO_Rep3","Read_2242",0.710626012030386,"Subpopulation_1"
"NGS_Nanog_KO_Rep3","Read_2243",0.729499805432031,"Subpopulation_1"
"NGS_Nanog_KO_Rep3","Read_2244",0.724581898307081,"Subpopulation_1"
"NGS_Nanog_KO_Rep3","Read_2245",0.712057500737662,"Subpopulation_1"
"NGS_Nanog_KO_Rep3","Read_2246",0.708689050149143,"Subpopulation_1"
"NGS_Nanog_KO_Rep3","Read_2247",0.727174888478647,"Subpopulation_1"
"NGS_Nanog_KO_Rep3","Read_2248",0.714779109543669,"Subpopulation_1"
"NGS_Nanog_KO_Rep3","Read_2249",0.724317096795054,"Subpopulation_1"
"NGS_Nanog_KO_Rep3","Read_2250",0.716398177084649,"Subpopulation_1"
"NGS_Nanog_KO_Rep3","Read_2251",0.720514617617993,"Subpopulation_1"
"NGS_Nanog_KO_Rep3","Read_2252",0.717059201373373,"Subpopulation_1"
"NGS_Nanog_KO_Rep3","Read_2253",0.720268513914029,"Subpopulation_1"
"NGS_Nanog_KO_Rep3","Read_2254",0.712178572879451,"Subpopulation_1"
"NGS_Nanog_KO_Rep3","Read_2255",0.714853929038054,"Subpopulation_1"
"NGS_Nanog_KO_Rep3","Read_2256",0.713305667790051,"Subpopulation_1"
"NGS_Nanog_KO_Rep3","Read_2257",0.724397044230316,"Subpopulation_1"
"NGS_Nanog_KO_Rep3","Read_2258",0.725322384783441,"Subpopulation_1"
"NGS_Nanog_KO_Rep3","Read_2259",0.721384852142904,"Subpopulation_1"
"NGS_Nanog_KO_Rep3","Read_2260",0.715836203176012,"Subpopulation_1"
"NGS_Nanog_KO_Rep3","Read_2261",0.724659295330029,"Subpopulation_1"
"NGS_Nanog_KO_Rep3","Read_2262",0.716544047210998,"Subpopulation_1"
"NGS_Nanog_KO_Rep3","Read_2263",0.718069439493682,"Subpopulation_1"
"NGS_Nanog_KO_Rep3","Read_2264",0.713715349359914,"Subpopulation_1"
"NGS_Nanog_KO_Rep3","Read_2265",0.720870351888693,"Subpopulation_1"
"NGS_Nanog_KO_Rep3","Read_2266",0.725329852712844,"Subpopulation_1"
"NGS_Nanog_KO_Rep3","Read_2267",0.697120368559175,"Subpopulation_1"
"NGS_Nanog_KO_Rep3","Read_2268",0.711196965265401,"Subpopulation_1"
"NGS_Nanog_KO_Rep3","Read_2269",0.719799147355073,"Subpopulation_1"
"NGS_Nanog_KO_Rep3","Read_2270",0.719739451114199,"Subpopulation_1"
"NGS_Nanog_KO_Rep3","Read_2271",0.716296976352511,"Subpopulation_1"
"NGS_Nanog_KO_Rep3","Read_2272",0.7137392213016,"Subpopulation_1"
"NGS_Nanog_KO_Rep3","Read_2273",0.707326872952285,"Subpopulation_1"
"NGS_Nanog_KO_Rep3","Read_2274",0.719406970224941,"Subpopulation_1"
"NGS_Nanog_KO_Rep3","Read_2275",0.722052902301123,"Subpopulation_1"
"NGS_Nanog_KO_Rep3","Read_2276",0.715108000421852,"Subpopulation_1"
"NGS_Nanog_KO_Rep3","Read_2277",0.716412463380942,"Subpopulation_1"
"NGS_Nanog_KO_Rep3","Read_2278",0.721929519836506,"Subpopulation_1"
"NGS_Nanog_KO_Rep3","Read_2279",0.725172486644254,"Subpopulation_1"
"NGS_Nanog_KO_Rep3","Read_2280",0.716145706236186,"Subpopulation_1"
"NGS_Nanog_KO_Rep3","Read_2281",0.720262087722785,"Subpopulation_1"
"NGS_Nanog_KO_Rep3","Read_2282",0.713598729828719,"Subpopulation_1"
"NGS_Nanog_KO_Rep3","Read_2283",0.719819888934777,"Subpopulation_1"
"NGS_Nanog_KO_Rep3","Read_2284",0.706190334907677,"Subpopulation_1"
"NGS_Nanog_KO_Rep3","Read_2285",0.718262331115545,"Subpopulation_1"
"NGS_Nanog_KO_Rep3","Read_2286",0.718369018618084,"Subpopulation_1"
"NGS_Nanog_KO_Rep3","Read_2287",0.717068331319023,"Subpopulation_1"
"NGS_Nanog_KO_Rep3","Read_2288",0.709949318187628,"Subpopulation_1"
"NGS_Nanog_KO_Rep3","Read_2289",0.719759001243473,"Subpopulation_1"
"NGS_Nanog_KO_Rep3","Read_2290",0.719418070266668,"Subpopulation_1"
"NGS_Nanog_KO_Rep3","Read_2291",0.714911057828548,"Subpopulation_1"
"NGS_Nanog_KO_Rep3","Read_2292",0.719089741539277,"Subpopulation_1"
"NGS_Nanog_KO_Rep3","Read_2293",0.71767487920806,"Subpopulation_1"
"NGS_Nanog_KO_Rep3","Read_2294",0.71693024163297,"Subpopulation_1"
"NGS_Nanog_KO_Rep3","Read_2295",0.719153742791207,"Subpopulation_1"
"NGS_Nanog_KO_Rep3","Read_2296",0.721734567697705,"Subpopulation_1"
"NGS_Nanog_KO_Rep3","Read_2297",0.727253623060194,"Subpopulation_1"
"NGS_Nanog_KO_Rep3","Read_2298",0.720821923375255,"Subpopulation_1"
"NGS_Nanog_KO_Rep3","Read_2299",0.714540050338232,"Subpopulation_1"
"NGS_Nanog_KO_Rep3","Read_2300",0.714218534432566,"Subpopulation_1"
"NGS_Nanog_KO_Rep3","Read_2301",0.717932069076528,"Subpopulation_1"
"NGS_Nanog_KO_Rep3","Read_2302",0.716398015440804,"Subpopulation_1"
"NGS_Nanog_KO_Rep3","Read_2303",0.712652284445317,"Subpopulation_1"
"NGS_Nanog_KO_Rep3","Read_2304",0.704468654391664,"Subpopulation_1"
"NGS_Nanog_KO_Rep3","Read_2305",0.71114985559103,"Subpopulation_1"
"NGS_Nanog_KO_Rep3","Read_2306",0.714403246358271,"Subpopulation_1"
"NGS_Nanog_KO_Rep3","Read_2307",0.724112250989852,"Subpopulation_1"
"NGS_Nanog_KO_Rep3","Read_2308",0.71767740846569,"Subpopulation_1"
"NGS_Nanog_KO_Rep3","Read_2309",0.712546850357811,"Subpopulation_1"
"NGS_Nanog_KO_Rep3","Read_2310",0.726132063869245,"Subpopulation_1"
"NGS_Nanog_KO_Rep3","Read_2311",0.718596339008592,"Subpopulation_1"
"NGS_Nanog_KO_Rep3","Read_2312",0.711240166898458,"Subpopulation_1"
"NGS_Nanog_KO_Rep3","Read_2313",0.72122955732731,"Subpopulation_1"
"NGS_Nanog_KO_Rep3","Read_2314",0.722787530565152,"Subpopulation_1"
"NGS_Nanog_KO_Rep3","Read_2315",0.713269505233365,"Subpopulation_1"
"NGS_Nanog_KO_Rep3","Read_2316",0.720933698997014,"Subpopulation_1"
"NGS_Nanog_KO_Rep3","Read_2317",0.723665713774931,"Subpopulation_1"
"NGS_Nanog_KO_Rep3","Read_2318",0.726020121239732,"Subpopulation_1"
"NGS_Nanog_KO_Rep3","Read_2319",0.716227763215897,"Subpopulation_1"
"NGS_Nanog_KO_Rep3","Read_2320",0.723705534625503,"Subpopulation_1"
"NGS_Nanog_KO_Rep3","Read_2321",0.709467647290378,"Subpopulation_1"
"NGS_Nanog_KO_Rep3","Read_2322",0.72063711101237,"Subpopulation_1"
"NGS_Nanog_KO_Rep3","Read_2323",0.721282442188907,"Subpopulation_1"
"NGS_Nanog_KO_Rep3","Read_2324",0.729782211095204,"Subpopulation_1"
"NGS_Nanog_KO_Rep3","Read_2325",0.720082098425253,"Subpopulation_1"
"NGS_Nanog_KO_Rep3","Read_2326",0.724834058724565,"Subpopulation_1"
"NGS_Nanog_KO_Rep3","Read_2327",0.716336197708612,"Subpopulation_1"
"NGS_Nanog_KO_Rep3","Read_2328",0.731063312889773,"Subpopulation_1"
"NGS_Nanog_KO_Rep3","Read_2329",0.716009305671324,"Subpopulation_1"
"NGS_Nanog_KO_Rep3","Read_2330",0.71686151595054,"Subpopulation_1"
"NGS_Nanog_KO_Rep3","Read_2331",0.710681688749642,"Subpopulation_1"
"NGS_Nanog_KO_Rep3","Read_2332",0.710384430780593,"Subpopulation_1"
"NGS_Nanog_KO_Rep3","Read_2333",0.727714675618803,"Subpopulation_1"
"NGS_Nanog_KO_Rep3","Read_2334",0.718242689275811,"Subpopulation_1"
"NGS_Nanog_KO_Rep3","Read_2335",0.719190488976238,"Subpopulation_1"
"NGS_Nanog_KO_Rep3","Read_2336",0.716738807228193,"Subpopulation_1"
"NGS_Nanog_KO_Rep3","Read_2337",0.714968169866613,"Subpopulation_1"
"NGS_Nanog_KO_Rep3","Read_2338",0.718249487217828,"Subpopulation_1"
"NGS_Nanog_KO_Rep3","Read_2339",0.720544724204988,"Subpopulation_1"
"NGS_Nanog_KO_Rep3","Read_2340",0.710028974687753,"Subpopulation_1"
"NGS_Nanog_KO_Rep3","Read_2341",0.714121154616816,"Subpopulation_1"
"NGS_Nanog_KO_Rep3","Read_2342",0.717898335170811,"Subpopulation_1"
"NGS_Nanog_KO_Rep3","Read_2343",0.720261084087185,"Subpopulation_1"
"NGS_Nanog_KO_Rep3","Read_2344",0.723560182347981,"Subpopulation_1"
"NGS_Nanog_KO_Rep3","Read_2345",0.718040894546393,"Subpopulation_1"
"NGS_Nanog_KO_Rep3","Read_2346",0.724524211599642,"Subpopulation_1"
"NGS_Nanog_KO_Rep3","Read_2347",0.716438881635064,"Subpopulation_1"
"NGS_Nanog_KO_Rep3","Read_2348",0.721216121495658,"Subpopulation_1"
"NGS_Nanog_KO_Rep3","Read_2349",0.714090854289434,"Subpopulation_1"
"NGS_Nanog_KO_Rep3","Read_2350",0.726537645608901,"Subpopulation_1"
"NGS_Nanog_KO_Rep3","Read_2351",0.717047456167435,"Subpopulation_1"
"NGS_Nanog_KO_Rep3","Read_2352",0.717492637429053,"Subpopulation_1"
"NGS_Nanog_KO_Rep3","Read_2353",0.721664278393869,"Subpopulation_1"
"NGS_Nanog_KO_Rep3","Read_2354",0.723920340050524,"Subpopulation_1"
"NGS_Nanog_KO_Rep3","Read_2355",0.724090782590573,"Subpopulation_1"
"NGS_Nanog_KO_Rep3","Read_2356",0.722993624742643,"Subpopulation_1"
"NGS_Nanog_KO_Rep3","Read_2357",0.722907914796905,"Subpopulation_1"
"NGS_Nanog_KO_Rep3","Read_2358",0.721610857874511,"Subpopulation_1"
"NGS_Nanog_KO_Rep3","Read_2359",0.721451696433121,"Subpopulation_1"
"NGS_Nanog_KO_Rep3","Read_2360",0.727006930043398,"Subpopulation_1"
"NGS_Nanog_KO_Rep3","Read_2361",0.718548950803319,"Subpopulation_1"
"NGS_Nanog_KO_Rep3","Read_2362",0.71340875038229,"Subpopulation_1"
"NGS_Nanog_KO_Rep3","Read_2363",0.721978413264899,"Subpopulation_1"
"NGS_Nanog_KO_Rep3","Read_2364",0.720289614862326,"Subpopulation_1"
"NGS_Nanog_KO_Rep3","Read_2365",0.718333932575996,"Subpopulation_1"
"NGS_Nanog_KO_Rep3","Read_2366",0.722035962937792,"Subpopulation_1"
"NGS_Nanog_KO_Rep3","Read_2367",0.718643279859558,"Subpopulation_1"
"NGS_Nanog_KO_Rep3","Read_2368",0.71104182452275,"Subpopulation_1"
"NGS_Nanog_KO_Rep3","Read_2369",0.717862630838586,"Subpopulation_1"
"NGS_Nanog_KO_Rep3","Read_2370",0.723013791745073,"Subpopulation_1"
"NGS_Nanog_KO_Rep3","Read_2371",0.720784215893366,"Subpopulation_1"
"NGS_Nanog_KO_Rep3","Read_2372",0.709562685514414,"Subpopulation_1"
"NGS_Nanog_KO_Rep3","Read_2373",0.716129475938637,"Subpopulation_1"
"NGS_Nanog_KO_Rep3","Read_2374",0.718804607470831,"Subpopulation_1"
"NGS_Nanog_KO_Rep3","Read_2375",0.71606507634395,"Subpopulation_1"
"NGS_Nanog_KO_Rep3","Read_2376",0.721870529448169,"Subpopulation_1"
"NGS_Nanog_KO_Rep3","Read_2377",0.723131082156231,"Subpopulation_1"
"NGS_Nanog_KO_Rep3","Read_2378",0.730157115069719,"Subpopulation_1"
"NGS_Nanog_KO_Rep3","Read_2379",0.707934280194409,"Subpopulation_1"
"NGS_Nanog_KO_Rep3","Read_2380",0.710957045134139,"Subpopulation_1"
"NGS_Nanog_KO_Rep3","Read_2381",0.723718039370987,"Subpopulation_1"
"NGS_Nanog_KO_Rep3","Read_2382",0.723979871616367,"Subpopulation_1"
"NGS_Nanog_KO_Rep3","Read_2383",0.728055048126249,"Subpopulation_1"
"NGS_Nanog_KO_Rep3","Read_2384",0.718825108675414,"Subpopulation_1"
"NGS_Nanog_KO_Rep3","Read_2385",0.714934616449622,"Subpopulation_1"
"NGS_Nanog_KO_Rep3","Read_2386",0.724226122864472,"Subpopulation_1"
"NGS_Nanog_KO_Rep3","Read_2387",0.724334440422473,"Subpopulation_1"
"NGS_Nanog_KO_Rep3","Read_2388",0.716253324993887,"Subpopulation_1"
"NGS_Nanog_KO_Rep3","Read_2389",0.714978982820733,"Subpopulation_1"
"NGS_Nanog_KO_Rep3","Read_2390",0.71740830714261,"Subpopulation_1"
"NGS_Nanog_KO_Rep3","Read_2391",0.720166184236291,"Subpopulation_1"
"NGS_Nanog_KO_Rep3","Read_2392",0.722009981895305,"Subpopulation_1"
"NGS_Nanog_KO_Rep3","Read_2393",0.721937165163386,"Subpopulation_1"
"NGS_Nanog_KO_Rep3","Read_2394",0.704788647208179,"Subpopulation_1"
"NGS_Nanog_KO_Rep3","Read_2395",0.723404094848733,"Subpopulation_1"
"NGS_Nanog_KO_Rep3","Read_2396",0.717520051830251,"Subpopulation_1"
"NGS_Nanog_KO_Rep3","Read_2397",0.715489557420324,"Subpopulation_1"
"NGS_Nanog_KO_Rep3","Read_2398",0.712116043343275,"Subpopulation_1"
"NGS_Nanog_KO_Rep3","Read_2399",0.724885502257939,"Subpopulation_1"
"NGS_Nanog_KO_Rep3","Read_2400",0.726183164045021,"Subpopulation_1"
"NGS_Nanog_KO_Rep3","Read_2401",0.723428428300163,"Subpopulation_1"
"NGS_Nanog_KO_Rep3","Read_2402",0.717730564321532,"Subpopulation_1"
"NGS_Nanog_KO_Rep3","Read_2403",0.71326361279642,"Subpopulation_1"
"NGS_Nanog_KO_Rep3","Read_2404",0.720021542857508,"Subpopulation_1"
"NGS_Nanog_KO_Rep3","Read_2405",0.721750978919984,"Subpopulation_1"
"NGS_Nanog_KO_Rep3","Read_2406",0.711924282867255,"Subpopulation_1"
"NGS_Nanog_KO_Rep3","Read_2407",0.709967590409772,"Subpopulation_1"
"NGS_Nanog_KO_Rep3","Read_2408",0.713935018729129,"Subpopulation_1"
"NGS_Nanog_KO_Rep3","Read_2409",0.721961009999696,"Subpopulation_1"
"NGS_Nanog_KO_Rep3","Read_2410",0.723144158097697,"Subpopulation_1"
"NGS_Nanog_KO_Rep3","Read_2411",0.719142779665538,"Subpopulation_1"
"NGS_Nanog_KO_Rep3","Read_2412",0.724030017949637,"Subpopulation_1"
"NGS_Nanog_KO_Rep3","Read_2413",0.723957324423862,"Subpopulation_1"
"NGS_Nanog_KO_Rep3","Read_2414",0.717922743491494,"Subpopulation_1"
"NGS_Nanog_KO_Rep3","Read_2415",0.720645932034049,"Subpopulation_1"
"NGS_Nanog_KO_Rep3","Read_2416",0.726938748828451,"Subpopulation_1"
"NGS_Nanog_KO_Rep3","Read_2417",0.7166145661995,"Subpopulation_1"
"NGS_Nanog_KO_Rep3","Read_2418",0.711519442629468,"Subpopulation_1"
"NGS_Nanog_KO_Rep3","Read_2419",0.712606319439847,"Subpopulation_1"
"NGS_Nanog_KO_Rep3","Read_2420",0.718301132271958,"Subpopulation_1"
"NGS_Nanog_KO_Rep3","Read_2421",0.706060014523826,"Subpopulation_1"
"NGS_Nanog_KO_Rep3","Read_2422",0.713455454396647,"Subpopulation_1"
"NGS_Nanog_KO_Rep3","Read_2423",0.722191224742838,"Subpopulation_1"
"NGS_Nanog_KO_Rep3","Read_2424",0.721144300673078,"Subpopulation_1"
"NGS_Nanog_KO_Rep3","Read_2425",0.731110576755584,"Subpopulation_1"
"NGS_Nanog_KO_Rep3","Read_2426",0.714829408426893,"Subpopulation_1"
"NGS_Nanog_KO_Rep3","Read_2427",0.718464052534267,"Subpopulation_1"
"NGS_Nanog_KO_Rep3","Read_2428",0.722859291493945,"Subpopulation_1"
"NGS_Nanog_KO_Rep3","Read_2429",0.724524601952616,"Subpopulation_1"
"NGS_Nanog_KO_Rep3","Read_2430",0.722506545141191,"Subpopulation_1"
"NGS_Nanog_KO_Rep3","Read_2431",0.719709754572648,"Subpopulation_1"
"NGS_Nanog_KO_Rep3","Read_2432",0.722937130447369,"Subpopulation_1"
"NGS_Nanog_KO_Rep3","Read_2433",0.717617003195377,"Subpopulation_1"
"NGS_Nanog_KO_Rep3","Read_2434",0.712018344462345,"Subpopulation_1"
"NGS_Nanog_KO_Rep3","Read_2435",0.710524036670026,"Subpopulation_1"
"NGS_Nanog_KO_Rep3","Read_2436",0.721774118412926,"Subpopulation_1"
"NGS_Nanog_KO_Rep3","Read_2437",0.711667245238816,"Subpopulation_1"
"NGS_Nanog_KO_Rep3","Read_2438",0.718830551221456,"Subpopulation_1"
"NGS_Nanog_KO_Rep3","Read_2439",0.716628955441432,"Subpopulation_1"
"NGS_Nanog_KO_Rep3","Read_2440",0.712756706725631,"Subpopulation_1"
"NGS_Nanog_KO_Rep3","Read_2441",0.715467843996388,"Subpopulation_1"
"NGS_Nanog_KO_Rep3","Read_2442",0.705179761799673,"Subpopulation_1"
"NGS_Nanog_KO_Rep3","Read_2443",0.718151320762697,"Subpopulation_1"
"NGS_Nanog_KO_Rep3","Read_2444",0.71273558732587,"Subpopulation_1"
"NGS_Nanog_KO_Rep3","Read_2445",0.710338486344591,"Subpopulation_1"
"NGS_Nanog_KO_Rep3","Read_2446",0.719377658854071,"Subpopulation_1"
"NGS_Nanog_KO_Rep3","Read_2447",0.713256385176034,"Subpopulation_1"
"NGS_Nanog_KO_Rep3","Read_2448",0.700086914621337,"Subpopulation_1"
"NGS_Nanog_KO_Rep3","Read_2449",0.719470652778104,"Subpopulation_1"
"NGS_Nanog_KO_Rep3","Read_2450",0.719076832453425,"Subpopulation_1"
"NGS_Nanog_KO_Rep3","Read_2451",0.72292856391784,"Subpopulation_1"
"NGS_Nanog_KO_Rep3","Read_2452",0.712095159824079,"Subpopulation_1"
"NGS_Nanog_KO_Rep3","Read_2453",0.711623372280005,"Subpopulation_1"
"NGS_Nanog_KO_Rep3","Read_2454",0.717193784994546,"Subpopulation_1"
"NGS_Nanog_KO_Rep3","Read_2455",0.719813464901045,"Subpopulation_1"
"NGS_Nanog_KO_Rep3","Read_2456",0.714601185530761,"Subpopulation_1"
"NGS_Nanog_KO_Rep3","Read_2457",0.717835726437316,"Subpopulation_1"
"NGS_Nanog_KO_Rep3","Read_2458",0.71276912959324,"Subpopulation_1"
"NGS_Nanog_KO_Rep3","Read_2459",0.714298766769812,"Subpopulation_1"
"NGS_Nanog_KO_Rep3","Read_2460",0.717548446089956,"Subpopulation_1"
"NGS_Nanog_KO_Rep3","Read_2461",0.69730933203207,"Subpopulation_1"
"NGS_Nanog_KO_Rep3","Read_2462",0.718298423939698,"Subpopulation_1"
"NGS_Nanog_KO_Rep3","Read_2463",0.723403743796315,"Subpopulation_1"
"NGS_Nanog_KO_Rep3","Read_2464",0.729294773370222,"Subpopulation_1"
"NGS_Nanog_KO_Rep3","Read_2465",0.72395044308742,"Subpopulation_1"
"NGS_Nanog_KO_Rep3","Read_2466",0.717556739676589,"Subpopulation_1"
"NGS_Nanog_KO_Rep3","Read_2467",0.721748201468883,"Subpopulation_1"
"NGS_Nanog_KO_Rep3","Read_2468",0.72077508009798,"Subpopulation_1"
"NGS_Nanog_KO_Rep3","Read_2469",0.725233363434064,"Subpopulation_1"
"NGS_Nanog_KO_Rep3","Read_2470",0.719376703646904,"Subpopulation_1"
"NGS_Nanog_KO_Rep3","Read_2471",0.698001058357838,"Subpopulation_1"
"NGS_Nanog_KO_Rep3","Read_2472",0.706596331260377,"Subpopulation_1"
"NGS_Nanog_KO_Rep3","Read_2473",0.717812439798423,"Subpopulation_1"
"NGS_Nanog_KO_Rep3","Read_2474",0.714406072341934,"Subpopulation_1"
"NGS_Nanog_KO_Rep3","Read_2475",0.714046734732627,"Subpopulation_1"
"NGS_Nanog_KO_Rep3","Read_2476",0.715057039597246,"Subpopulation_1"
"NGS_Nanog_KO_Rep3","Read_2477",0.720773593155343,"Subpopulation_1"
"NGS_Nanog_KO_Rep3","Read_2478",0.71895289694906,"Subpopulation_1"
"NGS_Nanog_KO_Rep3","Read_2479",0.712232138864865,"Subpopulation_1"
"NGS_Nanog_KO_Rep3","Read_2480",0.711744002054574,"Subpopulation_1"
"NGS_Nanog_KO_Rep3","Read_2481",0.723219347895082,"Subpopulation_1"
"NGS_Nanog_KO_Rep3","Read_2482",0.725949260435853,"Subpopulation_1"
"NGS_Nanog_KO_Rep3","Read_2483",0.725258457293022,"Subpopulation_1"
"NGS_Nanog_KO_Rep3","Read_2484",0.712662185993299,"Subpopulation_1"
"NGS_Nanog_KO_Rep3","Read_2485",0.71388853753484,"Subpopulation_1"
"NGS_Nanog_KO_Rep3","Read_2486",0.704225131641248,"Subpopulation_1"
"NGS_Nanog_KO_Rep3","Read_2487",0.715423574779491,"Subpopulation_1"
"NGS_Nanog_KO_Rep3","Read_2488",0.719794945077908,"Subpopulation_1"
"NGS_Nanog_KO_Rep3","Read_2489",0.713445406099551,"Subpopulation_1"
"NGS_Nanog_KO_Rep3","Read_2490",0.718818944044104,"Subpopulation_1"
"NGS_Nanog_KO_Rep3","Read_2491",0.721982046964995,"Subpopulation_1"
"NGS_Nanog_KO_Rep3","Read_2492",0.725066704320347,"Subpopulation_1"
"NGS_Nanog_KO_Rep3","Read_2493",0.711491851318618,"Subpopulation_1"
"NGS_Nanog_KO_Rep3","Read_2494",0.712467023806417,"Subpopulation_1"
"NGS_Nanog_KO_Rep3","Read_2495",0.724856506773738,"Subpopulation_1"
"NGS_Nanog_KO_Rep3","Read_2496",0.712864764713987,"Subpopulation_1"
"NGS_Nanog_KO_Rep3","Read_2497",0.714508231064315,"Subpopulation_1"
"NGS_Nanog_KO_Rep3","Read_2498",0.720890113037416,"Subpopulation_1"
"NGS_Nanog_KO_Rep3","Read_2499",0.721440757457434,"Subpopulation_1"
"NGS_Nanog_KO_Rep3","Read_2500",0.715119809981286,"Subpopulation_1"
"NGS_Nanog_KO_Rep3","Read_2501",0.712880765504208,"Subpopulation_1"
"NGS_Nanog_KO_Rep3","Read_2502",0.710374989215189,"Subpopulation_1"
"NGS_Nanog_KO_Rep3","Read_2503",0.716528446525808,"Subpopulation_1"
"NGS_Nanog_KO_Rep3","Read_2504",0.706236045649165,"Subpopulation_1"
"NGS_Nanog_KO_Rep3","Read_2505",0.709473630831055,"Subpopulation_1"
"NGS_Nanog_KO_Rep3","Read_2506",0.71146836261078,"Subpopulation_1"
"NGS_Nanog_KO_Rep3","Read_2507",0.718360097325255,"Subpopulation_1"
"NGS_Nanog_KO_Rep3","Read_2508",0.717916195182392,"Subpopulation_1"
"NGS_Nanog_KO_Rep3","Read_2509",0.729109656513391,"Subpopulation_1"
"NGS_Nanog_KO_Rep3","Read_2510",0.72175854923528,"Subpopulation_1"
"NGS_Nanog_KO_Rep3","Read_2511",0.722657051815859,"Subpopulation_1"
"NGS_Nanog_KO_Rep3","Read_2512",0.711733006258184,"Subpopulation_1"
"NGS_Nanog_KO_Rep3","Read_2513",0.723445695385351,"Subpopulation_1"
"NGS_Nanog_KO_Rep3","Read_2514",0.723403365527317,"Subpopulation_1"
"NGS_Nanog_KO_Rep3","Read_2515",0.72501541568707,"Subpopulation_1"
"NGS_Nanog_KO_Rep3","Read_2516",0.726580865022235,"Subpopulation_1"
"NGS_Nanog_KO_Rep3","Read_2517",0.728301928193798,"Subpopulation_1"
"NGS_Nanog_KO_Rep3","Read_2518",0.721629560393707,"Subpopulation_1"
"NGS_Nanog_KO_Rep3","Read_2519",0.721317315227667,"Subpopulation_1"
"NGS_Nanog_KO_Rep3","Read_2520",0.728817415196744,"Subpopulation_1"
"NGS_Nanog_KO_Rep3","Read_2521",0.710887871336975,"Subpopulation_1"
"NGS_Nanog_KO_Rep3","Read_2522",0.716636883752015,"Subpopulation_1"
"NGS_Nanog_KO_Rep3","Read_2523",0.717155319448354,"Subpopulation_1"
"NGS_Nanog_KO_Rep3","Read_2524",0.720533011751789,"Subpopulation_1"
"NGS_Nanog_KO_Rep3","Read_2525",0.714589574143896,"Subpopulation_1"
"NGS_Nanog_KO_Rep3","Read_2526",0.717256645622941,"Subpopulation_1"
"NGS_Nanog_KO_Rep3","Read_2527",0.726452279641771,"Subpopulation_1"
"NGS_Nanog_KO_Rep3","Read_2528",0.710669699543022,"Subpopulation_1"
"NGS_Nanog_KO_Rep3","Read_2529",0.722120701346345,"Subpopulation_1"
"NGS_Nanog_KO_Rep3","Read_2530",0.722341486342009,"Subpopulation_1"
"NGS_Nanog_KO_Rep3","Read_2531",0.722854062286156,"Subpopulation_1"
"NGS_Nanog_KO_Rep3","Read_2532",0.724305410278396,"Subpopulation_1"
"NGS_Nanog_KO_Rep3","Read_2533",0.719878216187162,"Subpopulation_1"
"NGS_Nanog_KO_Rep3","Read_2534",0.716859661983081,"Subpopulation_1"
"NGS_Nanog_KO_Rep3","Read_2535",0.727102135619379,"Subpopulation_1"
"NGS_Nanog_KO_Rep3","Read_2536",0.719215143504024,"Subpopulation_1"
"NGS_Nanog_KO_Rep3","Read_2537",0.71008160452721,"Subpopulation_1"
"NGS_Nanog_KO_Rep3","Read_2538",0.719402072949228,"Subpopulation_1"
"NGS_Nanog_KO_Rep3","Read_2539",0.712756757107381,"Subpopulation_1"
"NGS_Nanog_KO_Rep3","Read_2540",0.730062346174015,"Subpopulation_1"
"NGS_Nanog_KO_Rep3","Read_2541",0.722821988426643,"Subpopulation_1"
"NGS_Nanog_KO_Rep3","Read_2542",0.724247095574467,"Subpopulation_1"
"NGS_Nanog_KO_Rep3","Read_2543",0.708641151292052,"Subpopulation_1"
"NGS_Nanog_KO_Rep3","Read_2544",0.720136156350958,"Subpopulation_1"
"NGS_Nanog_KO_Rep3","Read_2545",0.716066967161751,"Subpopulation_1"
"NGS_Nanog_KO_Rep3","Read_2546",0.716909836407484,"Subpopulation_1"
"NGS_Nanog_KO_Rep3","Read_2547",0.720430645784104,"Subpopulation_1"
"NGS_Nanog_KO_Rep3","Read_2548",0.718313326793362,"Subpopulation_1"
"NGS_Nanog_KO_Rep3","Read_2549",0.711957163694324,"Subpopulation_1"
"NGS_Nanog_KO_Rep3","Read_2550",0.715981329332572,"Subpopulation_1"
"NGS_Nanog_KO_Rep3","Read_2551",0.719716263670044,"Subpopulation_1"
"NGS_Nanog_KO_Rep3","Read_2552",0.723780544340557,"Subpopulation_1"
"NGS_Nanog_KO_Rep3","Read_2553",0.712746305381588,"Subpopulation_1"
"NGS_Nanog_KO_Rep3","Read_2554",0.721478340856215,"Subpopulation_1"
"NGS_Nanog_KO_Rep3","Read_2555",0.719909318882321,"Subpopulation_1"
"NGS_Nanog_KO_Rep3","Read_2556",0.725377874109201,"Subpopulation_1"
"NGS_Nanog_KO_Rep3","Read_2557",0.717786986440049,"Subpopulation_1"
"NGS_Nanog_KO_Rep3","Read_2558",0.72067019723425,"Subpopulation_1"
"NGS_Nanog_KO_Rep3","Read_2559",0.712598795338993,"Subpopulation_1"
"NGS_Nanog_KO_Rep3","Read_2560",0.726964331883118,"Subpopulation_1"
"NGS_Nanog_KO_Rep3","Read_2561",0.714391609470291,"Subpopulation_1"
"NGS_Nanog_KO_Rep3","Read_2562",0.71692649457972,"Subpopulation_1"
"NGS_Nanog_KO_Rep3","Read_2563",0.719353584547459,"Subpopulation_1"
"NGS_Nanog_KO_Rep3","Read_2564",0.710454399092574,"Subpopulation_1"
"NGS_Nanog_KO_Rep3","Read_2565",0.726108767594137,"Subpopulation_1"
"NGS_Nanog_KO_Rep3","Read_2566",0.714807044343911,"Subpopulation_1"
"NGS_Nanog_KO_Rep3","Read_2567",0.711216408714331,"Subpopulation_1"
"NGS_Nanog_KO_Rep3","Read_2568",0.723537912685011,"Subpopulation_1"
"NGS_Nanog_KO_Rep3","Read_2569",0.709322236666975,"Subpopulation_1"
"NGS_Nanog_KO_Rep3","Read_2570",0.711044791239459,"Subpopulation_1"
"NGS_Nanog_KO_Rep3","Read_2571",0.716744849877119,"Subpopulation_1"
"NGS_Nanog_KO_Rep3","Read_2572",0.710492109942398,"Subpopulation_1"
"NGS_Nanog_KO_Rep3","Read_2573",0.713424106565895,"Subpopulation_1"
"NGS_Nanog_KO_Rep3","Read_2574",0.712313086422581,"Subpopulation_1"
"NGS_Nanog_KO_Rep3","Read_2575",0.713106288133193,"Subpopulation_1"
"NGS_Nanog_KO_Rep3","Read_2576",0.714445592476526,"Subpopulation_1"
"NGS_Nanog_KO_Rep3","Read_2577",0.707464091684151,"Subpopulation_1"
"NGS_Nanog_KO_Rep3","Read_2578",0.717071318950188,"Subpopulation_1"
"NGS_Nanog_KO_Rep3","Read_2579",0.73168355393738,"Subpopulation_1"
"NGS_Nanog_KO_Rep3","Read_2580",0.716634342266218,"Subpopulation_1"
"NGS_Nanog_KO_Rep3","Read_2581",0.715651341733022,"Subpopulation_1"
"NGS_Nanog_KO_Rep3","Read_2582",0.715267180057532,"Subpopulation_1"
"NGS_Nanog_KO_Rep3","Read_2583",0.72011730056255,"Subpopulation_1"
"NGS_Nanog_KO_Rep3","Read_2584",0.72031044850704,"Subpopulation_1"
"NGS_Nanog_KO_Rep3","Read_2585",0.717667234223479,"Subpopulation_1"
"NGS_Nanog_KO_Rep3","Read_2586",0.711005859356077,"Subpopulation_1"
"NGS_Nanog_KO_Rep3","Read_2587",0.712168531380813,"Subpopulation_1"
"NGS_Nanog_KO_Rep3","Read_2588",0.721412640479652,"Subpopulation_1"
"NGS_Nanog_KO_Rep3","Read_2589",0.7189717966469,"Subpopulation_1"
"NGS_Nanog_KO_Rep3","Read_2590",0.712710569148002,"Subpopulation_1"
"NGS_Nanog_KO_Rep3","Read_2591",0.706923454004809,"Subpopulation_1"
"NGS_Nanog_KO_Rep3","Read_2592",0.732995434626636,"Subpopulation_1"
"NGS_Nanog_KO_Rep3","Read_2593",0.726464522215967,"Subpopulation_1"
"NGS_Nanog_KO_Rep3","Read_2594",0.726613465110768,"Subpopulation_1"
"NGS_Nanog_KO_Rep3","Read_2595",0.719432058530499,"Subpopulation_1"
"NGS_Nanog_KO_Rep3","Read_2596",0.715156614559586,"Subpopulation_1"
"NGS_Nanog_KO_Rep3","Read_2597",0.717168076531227,"Subpopulation_1"
"NGS_Nanog_KO_Rep3","Read_2598",0.721969278716634,"Subpopulation_1"
"NGS_Nanog_KO_Rep3","Read_2599",0.722546920415355,"Subpopulation_1"
"NGS_Nanog_KO_Rep3","Read_2600",0.713768365940323,"Subpopulation_1"
"NGS_Nanog_KO_Rep3","Read_2601",0.721938463118495,"Subpopulation_1"
"NGS_Nanog_KO_Rep3","Read_2602",0.713664971006872,"Subpopulation_1"
"NGS_Nanog_KO_Rep3","Read_2603",0.7100912828612,"Subpopulation_1"
"NGS_Nanog_KO_Rep3","Read_2604",0.711003139568856,"Subpopulation_1"
"NGS_Nanog_KO_Rep3","Read_2605",0.718659336823278,"Subpopulation_1"
"NGS_Nanog_KO_Rep3","Read_2606",0.71677460596574,"Subpopulation_1"
"NGS_Nanog_KO_Rep3","Read_2607",0.720174184277883,"Subpopulation_1"
"NGS_Nanog_KO_Rep3","Read_2608",0.722222452160427,"Subpopulation_1"
"NGS_Nanog_KO_Rep3","Read_2609",0.71825681081488,"Subpopulation_1"
"NGS_Nanog_KO_Rep3","Read_2610",0.725218720651855,"Subpopulation_1"
"NGS_Nanog_KO_Rep3","Read_2611",0.714821955067976,"Subpopulation_1"
"NGS_Nanog_KO_Rep3","Read_2612",0.709965588947982,"Subpopulation_1"
"NGS_Nanog_KO_Rep3","Read_2613",0.719376285877792,"Subpopulation_1"
"NGS_Nanog_KO_Rep3","Read_2614",0.722635246818249,"Subpopulation_1"
"NGS_Nanog_KO_Rep3","Read_2615",0.714954186623579,"Subpopulation_1"
"NGS_Nanog_KO_Rep3","Read_2616",0.716154075854982,"Subpopulation_1"
"NGS_Nanog_KO_Rep3","Read_2617",0.727837782126038,"Subpopulation_1"
"NGS_Nanog_KO_Rep3","Read_2618",0.709890450236726,"Subpopulation_1"
"NGS_Nanog_KO_Rep3","Read_2619",0.716751286165276,"Subpopulation_1"
"NGS_Nanog_KO_Rep3","Read_2620",0.721901285752244,"Subpopulation_1"
"NGS_Nanog_KO_Rep3","Read_2621",0.718794944232395,"Subpopulation_1"
"NGS_Nanog_KO_Rep3","Read_2622",0.701247809076741,"Subpopulation_1"
"NGS_Nanog_KO_Rep3","Read_2623",0.715595103455056,"Subpopulation_1"
"NGS_Nanog_KO_Rep3","Read_2624",0.730168326396504,"Subpopulation_1"
"NGS_Nanog_KO_Rep3","Read_2625",0.712102403741952,"Subpopulation_1"
"NGS_Nanog_KO_Rep3","Read_2626",0.717315369841911,"Subpopulation_1"
"NGS_Nanog_KO_Rep3","Read_2627",0.718296092103427,"Subpopulation_1"
"NGS_Nanog_KO_Rep3","Read_2628",0.714664706992698,"Subpopulation_1"
"NGS_Nanog_KO_Rep3","Read_2629",0.717312724457387,"Subpopulation_1"
"NGS_Nanog_KO_Rep3","Read_2630",0.716721123158843,"Subpopulation_1"
"NGS_Nanog_KO_Rep3","Read_2631",0.713325752764286,"Subpopulation_1"
"NGS_Nanog_KO_Rep3","Read_2632",0.715689485932693,"Subpopulation_1"
"NGS_Nanog_KO_Rep3","Read_2633",0.715736980686963,"Subpopulation_1"
"NGS_Nanog_KO_Rep3","Read_2634",0.721876796993422,"Subpopulation_1"
"NGS_Nanog_KO_Rep3","Read_2635",0.71068714207126,"Subpopulation_1"
"NGS_Nanog_KO_Rep3","Read_2636",0.732260784594224,"Subpopulation_1"
"NGS_Nanog_KO_Rep3","Read_2637",0.719741374218878,"Subpopulation_1"
"NGS_Nanog_KO_Rep3","Read_2638",0.718488778177741,"Subpopulation_1"
"NGS_Nanog_KO_Rep3","Read_2639",0.711473929417001,"Subpopulation_1"
"NGS_Nanog_KO_Rep3","Read_2640",0.71882602913061,"Subpopulation_1"
"NGS_Nanog_KO_Rep3","Read_2641",0.721195690930756,"Subpopulation_1"
"NGS_Nanog_KO_Rep3","Read_2642",0.718520747569215,"Subpopulation_1"
"NGS_Nanog_KO_Rep3","Read_2643",0.717148887962115,"Subpopulation_1"
"NGS_Nanog_KO_Rep3","Read_2644",0.712101425179568,"Subpopulation_1"
"NGS_Nanog_KO_Rep3","Read_2645",0.713269102939543,"Subpopulation_1"
"NGS_Nanog_KO_Rep3","Read_2646",0.709264193511878,"Subpopulation_1"
"NGS_Nanog_KO_Rep3","Read_2647",0.713756950362069,"Subpopulation_1"
"NGS_Nanog_KO_Rep3","Read_2648",0.702778028732556,"Subpopulation_1"
"NGS_Nanog_KO_Rep3","Read_2649",0.715229277969098,"Subpopulation_1"
"NGS_Nanog_KO_Rep3","Read_2650",0.717916652498389,"Subpopulation_1"
"NGS_Nanog_KO_Rep3","Read_2651",0.729862163361096,"Subpopulation_1"
"NGS_Nanog_KO_Rep3","Read_2652",0.715691145463448,"Subpopulation_1"
"NGS_Nanog_KO_Rep3","Read_2653",0.728808201970297,"Subpopulation_1"
"NGS_Nanog_KO_Rep3","Read_2654",0.717725217953205,"Subpopulation_1"
"NGS_Nanog_KO_Rep3","Read_2655",0.725432591291059,"Subpopulation_1"
"NGS_Nanog_KO_Rep3","Read_2656",0.720753161039818,"Subpopulation_1"
"NGS_Nanog_KO_Rep3","Read_2657",0.72236629458634,"Subpopulation_1"
"NGS_Nanog_KO_Rep3","Read_2658",0.715309523591806,"Subpopulation_1"
"NGS_Nanog_KO_Rep3","Read_2659",0.713850302252418,"Subpopulation_1"
"NGS_Nanog_KO_Rep3","Read_2660",0.710075467237524,"Subpopulation_1"
"NGS_Nanog_KO_Rep3","Read_2661",0.706037090903513,"Subpopulation_1"
"NGS_Nanog_KO_Rep3","Read_2662",0.719902478079223,"Subpopulation_1"
"NGS_Nanog_KO_Rep3","Read_2663",0.723305546836894,"Subpopulation_1"
"NGS_Nanog_KO_Rep3","Read_2664",0.730764835175794,"Subpopulation_1"
"NGS_Nanog_KO_Rep3","Read_2665",0.720299824366952,"Subpopulation_1"
"NGS_Nanog_KO_Rep3","Read_2666",0.717798260541565,"Subpopulation_1"
"NGS_Nanog_KO_Rep3","Read_2667",0.697419675006123,"Subpopulation_1"
"NGS_Nanog_KO_Rep3","Read_2668",0.721852742247971,"Subpopulation_1"
"NGS_Nanog_KO_Rep3","Read_2669",0.723635892231682,"Subpopulation_1"
"NGS_Nanog_KO_Rep3","Read_2670",0.725631004187781,"Subpopulation_1"
"NGS_Nanog_KO_Rep3","Read_2671",0.710645844703413,"Subpopulation_1"
"NGS_Nanog_KO_Rep3","Read_2672",0.709797420235648,"Subpopulation_1"
"NGS_Nanog_KO_Rep3","Read_2673",0.721847109048712,"Subpopulation_1"
"NGS_Nanog_KO_Rep3","Read_2674",0.718040546510187,"Subpopulation_1"
"NGS_Nanog_KO_Rep3","Read_2675",0.722249758086012,"Subpopulation_1"
"NGS_Nanog_KO_Rep3","Read_2676",0.716872699737293,"Subpopulation_1"
"NGS_Nanog_KO_Rep3","Read_2677",0.714207538051761,"Subpopulation_1"
"NGS_Nanog_KO_Rep3","Read_2678",0.718898186042584,"Subpopulation_1"
"NGS_Nanog_KO_Rep3","Read_2679",0.714367942040765,"Subpopulation_1"
"NGS_Nanog_KO_Rep3","Read_2680",0.716549345674386,"Subpopulation_1"
"NGS_Nanog_KO_Rep3","Read_2681",0.707587913770704,"Subpopulation_1"
"NGS_Nanog_KO_Rep3","Read_2682",0.726917795589517,"Subpopulation_1"
"NGS_Nanog_KO_Rep3","Read_2683",0.703003454554789,"Subpopulation_1"
"NGS_Nanog_KO_Rep3","Read_2684",0.718508473845127,"Subpopulation_1"
"NGS_Nanog_KO_Rep3","Read_2685",0.721807673519783,"Subpopulation_1"
"NGS_Nanog_KO_Rep3","Read_2686",0.717440566211619,"Subpopulation_1"
"NGS_Nanog_KO_Rep3","Read_2687",0.717314406250478,"Subpopulation_1"
"NGS_Nanog_KO_Rep3","Read_2688",0.716984053356921,"Subpopulation_1"
"NGS_Nanog_KO_Rep3","Read_2689",0.709323056441496,"Subpopulation_1"
"NGS_Nanog_KO_Rep3","Read_2690",0.725766334869379,"Subpopulation_1"
"NGS_Nanog_KO_Rep3","Read_2691",0.718285613623572,"Subpopulation_1"
"NGS_Nanog_KO_Rep3","Read_2692",0.721630966291827,"Subpopulation_1"
"NGS_Nanog_KO_Rep3","Read_2693",0.724976397695803,"Subpopulation_1"
"NGS_Nanog_KO_Rep3","Read_2694",0.729743449041578,"Subpopulation_1"
"NGS_Nanog_KO_Rep3","Read_2695",0.72475485710853,"Subpopulation_1"
"NGS_Nanog_KO_Rep3","Read_2696",0.715733850764329,"Subpopulation_1"
"NGS_Nanog_KO_Rep3","Read_2697",0.711577276533589,"Subpopulation_1"
"NGS_Nanog_KO_Rep3","Read_2698",0.715091473392325,"Subpopulation_1"
"NGS_Nanog_KO_Rep3","Read_2699",0.729169826129986,"Subpopulation_1"
"NGS_Nanog_KO_Rep3","Read_2700",0.717047795167464,"Subpopulation_1"
"NGS_Nanog_KO_Rep3","Read_2701",0.716957734819032,"Subpopulation_1"
"NGS_Nanog_KO_Rep3","Read_2702",0.718016738510972,"Subpopulation_1"
"NGS_Nanog_KO_Rep3","Read_2703",0.725419575701351,"Subpopulation_1"
"NGS_Nanog_KO_Rep3","Read_2704",0.723207547808912,"Subpopulation_1"
"NGS_Nanog_KO_Rep3","Read_2705",0.709128957026034,"Subpopulation_1"
"NGS_Nanog_KO_Rep3","Read_2706",0.720815530878453,"Subpopulation_1"
"NGS_Nanog_KO_Rep3","Read_2707",0.720514142129327,"Subpopulation_1"
"NGS_Nanog_KO_Rep3","Read_2708",0.716715372648263,"Subpopulation_1"
"NGS_Nanog_KO_Rep3","Read_2709",0.721057179077973,"Subpopulation_1"
"NGS_Nanog_KO_Rep3","Read_2710",0.715288991614978,"Subpopulation_1"
"NGS_Nanog_KO_Rep3","Read_2711",0.715392782874677,"Subpopulation_1"
"NGS_Nanog_KO_Rep3","Read_2712",0.721629444192542,"Subpopulation_1"
"NGS_Nanog_KO_Rep3","Read_2713",0.717800219151273,"Subpopulation_1"
"NGS_Nanog_KO_Rep3","Read_2714",0.72207801256709,"Subpopulation_1"
"NGS_Nanog_KO_Rep3","Read_2715",0.72326729403136,"Subpopulation_1"
"NGS_Nanog_KO_Rep3","Read_2716",0.723670281715112,"Subpopulation_1"
"NGS_Nanog_KO_Rep3","Read_2717",0.713311430319536,"Subpopulation_1"
"NGS_Nanog_KO_Rep3","Read_2718",0.724821525005624,"Subpopulation_1"
"NGS_Nanog_KO_Rep3","Read_2719",0.715693843236504,"Subpopulation_1"
"NGS_Nanog_KO_Rep3","Read_2720",0.731052928727551,"Subpopulation_1"
"NGS_Nanog_KO_Rep3","Read_2721",0.714043510616371,"Subpopulation_1"
"NGS_Nanog_KO_Rep3","Read_2722",0.715200433817895,"Subpopulation_1"
"NGS_Nanog_KO_Rep3","Read_2723",0.718590864082316,"Subpopulation_1"
"NGS_Nanog_KO_Rep3","Read_2724",0.707483405544031,"Subpopulation_1"
"NGS_Nanog_KO_Rep3","Read_2725",0.718133293854628,"Subpopulation_1"
"NGS_Nanog_KO_Rep3","Read_2726",0.714519793969674,"Subpopulation_1"
"NGS_Nanog_KO_Rep3","Read_2727",0.719907750003992,"Subpopulation_1"
"NGS_Nanog_KO_Rep3","Read_2728",0.722800327116424,"Subpopulation_1"
"NGS_Nanog_KO_Rep3","Read_2729",0.726561259441971,"Subpopulation_1"
"NGS_Nanog_KO_Rep3","Read_2730",0.715678901317139,"Subpopulation_1"
"NGS_Nanog_KO_Rep3","Read_2731",0.719705641114199,"Subpopulation_1"
"NGS_Nanog_KO_Rep3","Read_2732",0.716061281368401,"Subpopulation_1"
"NGS_Nanog_KO_Rep3","Read_2733",0.720976336223037,"Subpopulation_1"
"NGS_Nanog_KO_Rep3","Read_2734",0.714908693133899,"Subpopulation_1"
"NGS_Nanog_KO_Rep3","Read_2735",0.712623026219628,"Subpopulation_1"
"NGS_Nanog_KO_Rep3","Read_2736",0.714770314113216,"Subpopulation_1"
"NGS_Nanog_KO_Rep3","Read_2737",0.713166175061021,"Subpopulation_1"
"NGS_Nanog_KO_Rep3","Read_2738",0.719547073177981,"Subpopulation_1"
"NGS_Nanog_KO_Rep3","Read_2739",0.723562473578365,"Subpopulation_1"
"NGS_Nanog_KO_Rep3","Read_2740",0.719132253113113,"Subpopulation_1"
"NGS_Nanog_KO_Rep3","Read_2741",0.719825402014843,"Subpopulation_1"
"NGS_Nanog_KO_Rep3","Read_2742",0.715592215078537,"Subpopulation_1"
"NGS_Nanog_KO_Rep3","Read_2743",0.706812512824729,"Subpopulation_1"
"NGS_Nanog_KO_Rep3","Read_2744",0.713484265059636,"Subpopulation_1"
"NGS_Nanog_KO_Rep3","Read_2745",0.713902145214951,"Subpopulation_1"
"NGS_Nanog_KO_Rep3","Read_2746",0.715108468495916,"Subpopulation_1"
"NGS_Nanog_KO_Rep3","Read_2747",0.715777277242212,"Subpopulation_1"
"NGS_Nanog_KO_Rep3","Read_2748",0.718921834854278,"Subpopulation_1"
"NGS_Nanog_KO_Rep3","Read_2749",0.720686690457047,"Subpopulation_1"
"NGS_Nanog_KO_Rep3","Read_2750",0.713540150998968,"Subpopulation_1"
"NGS_Nanog_KO_Rep3","Read_2751",0.726161621514905,"Subpopulation_1"
"NGS_Nanog_KO_Rep3","Read_2752",0.722690894335616,"Subpopulation_1"
"NGS_Nanog_KO_Rep3","Read_2753",0.710296500772649,"Subpopulation_1"
"NGS_Nanog_KO_Rep3","Read_2754",0.721837373644683,"Subpopulation_1"
"NGS_Nanog_KO_Rep3","Read_2755",0.719719434282936,"Subpopulation_1"
"NGS_Nanog_KO_Rep3","Read_2756",0.718845506399814,"Subpopulation_1"
"NGS_Nanog_KO_Rep3","Read_2757",0.71028633834931,"Subpopulation_1"
"NGS_Nanog_KO_Rep3","Read_2758",0.71386993685343,"Subpopulation_1"
"NGS_Nanog_KO_Rep3","Read_2759",0.707561028333844,"Subpopulation_1"
"NGS_Nanog_KO_Rep3","Read_2760",0.721803512648665,"Subpopulation_1"
"NGS_Nanog_KO_Rep3","Read_2761",0.721575319971005,"Subpopulation_1"
"NGS_Nanog_KO_Rep3","Read_2762",0.726653069307174,"Subpopulation_1"
"NGS_Nanog_KO_Rep3","Read_2763",0.719476640914065,"Subpopulation_1"
"NGS_Nanog_KO_Rep3","Read_2764",0.712971858469083,"Subpopulation_1"
"NGS_Nanog_KO_Rep3","Read_2765",0.714801390770166,"Subpopulation_1"
"NGS_Nanog_KO_Rep3","Read_2766",0.715388339554727,"Subpopulation_1"
"NGS_Nanog_KO_Rep3","Read_2767",0.71574832960757,"Subpopulation_1"
"NGS_Nanog_KO_Rep3","Read_2768",0.709467147787733,"Subpopulation_1"
"NGS_Nanog_KO_Rep3","Read_2769",0.715775820305902,"Subpopulation_1"
"NGS_Nanog_KO_Rep3","Read_2770",0.722974109196617,"Subpopulation_1"
"NGS_Nanog_KO_Rep3","Read_2771",0.71382116778525,"Subpopulation_1"
"NGS_Nanog_KO_Rep3","Read_2772",0.71285380158555,"Subpopulation_1"
"NGS_Nanog_KO_Rep3","Read_2773",0.714295739867126,"Subpopulation_1"
"NGS_Nanog_KO_Rep3","Read_2774",0.733641422514346,"Subpopulation_1"
"NGS_Nanog_KO_Rep3","Read_2775",0.720107609828818,"Subpopulation_1"
"NGS_Nanog_KO_Rep3","Read_2776",0.724333860738931,"Subpopulation_1"
"NGS_Nanog_KO_Rep3","Read_2777",0.711359123847465,"Subpopulation_1"
"NGS_Nanog_KO_Rep3","Read_2778",0.728552067049599,"Subpopulation_1"
"NGS_Nanog_KO_Rep3","Read_2779",0.718879592500994,"Subpopulation_1"
"NGS_Nanog_KO_Rep3","Read_2780",0.715480593739429,"Subpopulation_1"
"NGS_Nanog_KO_Rep3","Read_2781",0.720662308977282,"Subpopulation_1"
"NGS_Nanog_KO_Rep3","Read_2782",0.720140809225984,"Subpopulation_1"
"NGS_Nanog_KO_Rep3","Read_2783",0.717282360849016,"Subpopulation_1"
"NGS_Nanog_KO_Rep3","Read_2784",0.728120779949774,"Subpopulation_1"
"NGS_Nanog_KO_Rep3","Read_2785",0.719499939550672,"Subpopulation_1"
"NGS_Nanog_KO_Rep3","Read_2786",0.718583998932699,"Subpopulation_1"
"NGS_Nanog_KO_Rep3","Read_2787",0.704127430050436,"Subpopulation_1"
"NGS_Nanog_KO_Rep3","Read_2788",0.721752945574733,"Subpopulation_1"
"NGS_Nanog_KO_Rep3","Read_2789",0.723552926428788,"Subpopulation_1"
"NGS_Nanog_KO_Rep3","Read_2790",0.723501351950202,"Subpopulation_1"
"NGS_Nanog_KO_Rep3","Read_2791",0.719315995922873,"Subpopulation_1"
"NGS_Nanog_KO_Rep3","Read_2792",0.720507502348262,"Subpopulation_1"
"NGS_Nanog_KO_Rep3","Read_2793",0.713411953508101,"Subpopulation_1"
"NGS_Nanog_KO_Rep3","Read_2794",0.719138924368867,"Subpopulation_1"
"NGS_Nanog_KO_Rep3","Read_2795",0.717381964007833,"Subpopulation_1"
"NGS_Nanog_KO_Rep3","Read_2796",0.717333446068497,"Subpopulation_1"
"NGS_Nanog_KO_Rep3","Read_2797",0.717072114439511,"Subpopulation_1"
"NGS_Nanog_KO_Rep3","Read_2798",0.71232111783712,"Subpopulation_1"
"NGS_Nanog_KO_Rep3","Read_2799",0.711993386815078,"Subpopulation_1"
"NGS_Nanog_KO_Rep3","Read_2800",0.732535652861913,"Subpopulation_1"
"NGS_Nanog_KO_Rep3","Read_2801",0.720758447429027,"Subpopulation_1"
"NGS_Nanog_KO_Rep3","Read_2802",0.708889218895026,"Subpopulation_1"
"NGS_Nanog_KO_Rep3","Read_2803",0.717073212847213,"Subpopulation_1"
"NGS_Nanog_KO_Rep3","Read_2804",0.715851193849242,"Subpopulation_1"
"NGS_Nanog_KO_Rep3","Read_2805",0.722965793579315,"Subpopulation_1"
"NGS_Nanog_KO_Rep3","Read_2806",0.725021127240101,"Subpopulation_1"
"NGS_Nanog_KO_Rep3","Read_2807",0.712102219678138,"Subpopulation_1"
"NGS_Nanog_KO_Rep3","Read_2808",0.713883214162238,"Subpopulation_1"
"NGS_Nanog_KO_Rep3","Read_2809",0.721553680936599,"Subpopulation_1"
"NGS_Nanog_KO_Rep3","Read_2810",0.713395137795909,"Subpopulation_1"
"NGS_Nanog_KO_Rep3","Read_2811",0.720836589517145,"Subpopulation_1"
"NGS_Nanog_KO_Rep3","Read_2812",0.711832406745655,"Subpopulation_1"
"NGS_Nanog_KO_Rep3","Read_2813",0.728373948300424,"Subpopulation_1"
"NGS_Nanog_KO_Rep3","Read_2814",0.722734300766314,"Subpopulation_1"
"NGS_Nanog_KO_Rep3","Read_2815",0.718480559329633,"Subpopulation_1"
"NGS_Nanog_KO_Rep3","Read_2816",0.717170446151381,"Subpopulation_1"
"NGS_Nanog_KO_Rep3","Read_2817",0.714281693543909,"Subpopulation_1"
"NGS_Nanog_KO_Rep3","Read_2818",0.709843218743251,"Subpopulation_1"
"NGS_Nanog_KO_Rep3","Read_2819",0.719786070006118,"Subpopulation_1"
"NGS_Nanog_KO_Rep3","Read_2820",0.731895694518295,"Subpopulation_1"
"NGS_Nanog_KO_Rep3","Read_2821",0.71634535158903,"Subpopulation_1"
"NGS_Nanog_KO_Rep3","Read_2822",0.724306140458237,"Subpopulation_1"
"NGS_Nanog_KO_Rep3","Read_2823",0.714338719344608,"Subpopulation_1"
"NGS_Nanog_KO_Rep3","Read_2824",0.715690321198367,"Subpopulation_1"
"NGS_Nanog_KO_Rep3","Read_2825",0.720944196265885,"Subpopulation_1"
"NGS_Nanog_KO_Rep3","Read_2826",0.718280756698479,"Subpopulation_1"
"NGS_Nanog_KO_Rep3","Read_2827",0.720034896316496,"Subpopulation_1"
"NGS_Nanog_KO_Rep3","Read_2828",0.705911414447565,"Subpopulation_1"
"NGS_Nanog_KO_Rep3","Read_2829",0.721690497029507,"Subpopulation_1"
"NGS_Nanog_KO_Rep3","Read_2830",0.713044419225109,"Subpopulation_1"
"NGS_Nanog_KO_Rep3","Read_2831",0.711150442506253,"Subpopulation_1"
"NGS_Nanog_KO_Rep3","Read_2832",0.711410581281888,"Subpopulation_1"
"NGS_Nanog_KO_Rep3","Read_2833",0.71539774361889,"Subpopulation_1"
"NGS_Nanog_KO_Rep3","Read_2834",0.729243992578344,"Subpopulation_1"
"NGS_Nanog_KO_Rep3","Read_2835",0.715155747711875,"Subpopulation_1"
"NGS_Nanog_KO_Rep3","Read_2836",0.704523140767955,"Subpopulation_1"
"NGS_Nanog_KO_Rep3","Read_2837",0.725258973534049,"Subpopulation_1"
"NGS_Nanog_KO_Rep3","Read_2838",0.717967972096596,"Subpopulation_1"
"NGS_Nanog_KO_Rep3","Read_2839",0.718871893933821,"Subpopulation_1"
"NGS_Nanog_KO_Rep3","Read_2840",0.709972404781233,"Subpopulation_1"
"NGS_Nanog_KO_Rep3","Read_2841",0.705507301718039,"Subpopulation_1"
"NGS_Nanog_KO_Rep3","Read_2842",0.712164119776963,"Subpopulation_1"
"NGS_Nanog_KO_Rep3","Read_2843",0.714783405173994,"Subpopulation_1"
"NGS_Nanog_KO_Rep3","Read_2844",0.712897940233297,"Subpopulation_1"
"NGS_Nanog_KO_Rep3","Read_2845",0.715448740841852,"Subpopulation_1"
"NGS_Nanog_KO_Rep3","Read_2846",0.725926923832077,"Subpopulation_1"
"NGS_Nanog_KO_Rep3","Read_2847",0.723018845707003,"Subpopulation_1"
"NGS_Nanog_KO_Rep3","Read_2848",0.718651695234895,"Subpopulation_1"
"NGS_Nanog_KO_Rep3","Read_2849",0.715241787266527,"Subpopulation_1"
"NGS_Nanog_KO_Rep3","Read_2850",0.726748745231035,"Subpopulation_1"
"NGS_Nanog_KO_Rep3","Read_2851",0.713474987394166,"Subpopulation_1"
"NGS_Nanog_KO_Rep3","Read_2852",0.709407648885143,"Subpopulation_1"
"NGS_Nanog_KO_Rep3","Read_2853",0.72059467138669,"Subpopulation_1"
"NGS_Nanog_KO_Rep3","Read_2854",0.719070142813503,"Subpopulation_1"
"NGS_Nanog_KO_Rep3","Read_2855",0.71286424365582,"Subpopulation_1"
"NGS_Nanog_KO_Rep3","Read_2856",0.711422359247729,"Subpopulation_1"
"NGS_Nanog_KO_Rep3","Read_2857",0.70915934873426,"Subpopulation_1"
"NGS_Nanog_KO_Rep3","Read_2858",0.718383148975624,"Subpopulation_1"
"NGS_Nanog_KO_Rep3","Read_2859",0.713673904405167,"Subpopulation_1"
"NGS_Nanog_KO_Rep3","Read_2860",0.73229277261746,"Subpopulation_1"
"NGS_Nanog_KO_Rep3","Read_2861",0.725065773735849,"Subpopulation_1"
"NGS_Nanog_KO_Rep3","Read_2862",0.71848000348629,"Subpopulation_1"
"NGS_Nanog_KO_Rep3","Read_2863",0.72089542109128,"Subpopulation_1"
"NGS_Nanog_KO_Rep3","Read_2864",0.721596173884597,"Subpopulation_1"
"NGS_Nanog_KO_Rep3","Read_2865",0.708539557135877,"Subpopulation_1"
"NGS_Nanog_KO_Rep3","Read_2866",0.719327022142552,"Subpopulation_1"
"NGS_Nanog_KO_Rep3","Read_2867",0.722695026000893,"Subpopulation_1"
"NGS_Nanog_KO_Rep3","Read_2868",0.714794311496826,"Subpopulation_1"
"NGS_Nanog_KO_Rep3","Read_2869",0.720363209184955,"Subpopulation_1"
"NGS_Nanog_KO_Rep3","Read_2870",0.717377766987343,"Subpopulation_1"
"NGS_Nanog_KO_Rep3","Read_2871",0.71078782040255,"Subpopulation_1"
"NGS_Nanog_KO_Rep3","Read_2872",0.721719604373127,"Subpopulation_1"
"NGS_Nanog_KO_Rep3","Read_2873",0.723299110770997,"Subpopulation_1"
"NGS_Nanog_KO_Rep3","Read_2874",0.730705528091017,"Subpopulation_1"
"NGS_Nanog_KO_Rep3","Read_2875",0.717220455861747,"Subpopulation_1"
"NGS_Nanog_KO_Rep3","Read_2876",0.727528067522979,"Subpopulation_1"
"NGS_Nanog_KO_Rep3","Read_2877",0.711548634560568,"Subpopulation_1"
"NGS_Nanog_KO_Rep3","Read_2878",0.723902571666818,"Subpopulation_1"
"NGS_Nanog_KO_Rep3","Read_2879",0.719983797437078,"Subpopulation_1"
"NGS_Nanog_KO_Rep3","Read_2880",0.708734759625892,"Subpopulation_1"
"NGS_Nanog_KO_Rep3","Read_2881",0.719403132695242,"Subpopulation_1"
"NGS_Nanog_KO_Rep3","Read_2882",0.719700510352184,"Subpopulation_1"
"NGS_Nanog_KO_Rep3","Read_2883",0.717209052135598,"Subpopulation_1"
"NGS_Nanog_KO_Rep3","Read_2884",0.7162962068227,"Subpopulation_1"
"NGS_Nanog_KO_Rep3","Read_2885",0.720503127852402,"Subpopulation_1"
"NGS_Nanog_KO_Rep3","Read_2886",0.726384846586529,"Subpopulation_1"
"NGS_Nanog_KO_Rep3","Read_2887",0.708522586583867,"Subpopulation_1"
"NGS_Nanog_KO_Rep3","Read_2888",0.713735186037286,"Subpopulation_1"
"NGS_Nanog_KO_Rep3","Read_2889",0.712927783408652,"Subpopulation_1"
"NGS_Nanog_KO_Rep3","Read_2890",0.722774173298618,"Subpopulation_1"
"NGS_Nanog_KO_Rep3","Read_2891",0.723713915041095,"Subpopulation_1"
"NGS_Nanog_KO_Rep3","Read_2892",0.724452772298074,"Subpopulation_1"
"NGS_Nanog_KO_Rep3","Read_2893",0.721386745026446,"Subpopulation_1"
"NGS_Nanog_KO_Rep3","Read_2894",0.734252551389415,"Subpopulation_1"
"NGS_Nanog_KO_Rep3","Read_2895",0.727298529970929,"Subpopulation_1"
"NGS_Nanog_KO_Rep3","Read_2896",0.715616350528164,"Subpopulation_1"
"NGS_Nanog_KO_Rep3","Read_2897",0.71539207683589,"Subpopulation_1"
"NGS_Nanog_KO_Rep3","Read_2898",0.717143770063421,"Subpopulation_1"
"NGS_Nanog_KO_Rep3","Read_2899",0.719399932435884,"Subpopulation_1"
"NGS_Nanog_KO_Rep3","Read_2900",0.716433528571238,"Subpopulation_1"
"NGS_Nanog_KO_Rep3","Read_2901",0.723381353969642,"Subpopulation_1"
"NGS_Nanog_KO_Rep3","Read_2902",0.721741528148405,"Subpopulation_1"
"NGS_Nanog_KO_Rep3","Read_2903",0.704251475493915,"Subpopulation_1"
"NGS_Nanog_KO_Rep3","Read_2904",0.704359177412253,"Subpopulation_1"
"NGS_Nanog_KO_Rep3","Read_2905",0.719034096909114,"Subpopulation_1"
"NGS_Nanog_KO_Rep3","Read_2906",0.718683281166829,"Subpopulation_1"
"NGS_Nanog_KO_Rep3","Read_2907",0.726479637469541,"Subpopulation_1"
"NGS_Nanog_KO_Rep3","Read_2908",0.730438093739884,"Subpopulation_1"
"NGS_Nanog_KO_Rep3","Read_2909",0.717006705750036,"Subpopulation_1"
"NGS_Nanog_KO_Rep3","Read_2910",0.725184815211031,"Subpopulation_1"
"NGS_Nanog_KO_Rep3","Read_2911",0.709477993733583,"Subpopulation_1"
"NGS_Nanog_KO_Rep3","Read_2912",0.720475904513402,"Subpopulation_1"
"NGS_Nanog_KO_Rep3","Read_2913",0.728128946831963,"Subpopulation_1"
"NGS_Nanog_KO_Rep3","Read_2914",0.719941752885671,"Subpopulation_1"
"NGS_Nanog_KO_Rep3","Read_2915",0.721779403533328,"Subpopulation_1"
"NGS_Nanog_KO_Rep3","Read_2916",0.71905846971621,"Subpopulation_1"
"NGS_Nanog_KO_Rep3","Read_2917",0.720713439249591,"Subpopulation_1"
"NGS_Nanog_KO_Rep3","Read_2918",0.720244388946784,"Subpopulation_1"
"NGS_Nanog_KO_Rep3","Read_2919",0.726121843216769,"Subpopulation_1"
"NGS_Nanog_KO_Rep3","Read_2920",0.722950678192747,"Subpopulation_1"
"NGS_Nanog_KO_Rep3","Read_2921",0.720914457760947,"Subpopulation_1"
"NGS_Nanog_KO_Rep3","Read_2922",0.709328327907361,"Subpopulation_1"
"NGS_Nanog_KO_Rep3","Read_2923",0.714585795108864,"Subpopulation_1"
"NGS_Nanog_KO_Rep3","Read_2924",0.722417848696785,"Subpopulation_1"
"NGS_Nanog_KO_Rep3","Read_2925",0.711024615435554,"Subpopulation_1"
"NGS_Nanog_KO_Rep3","Read_2926",0.721575707508317,"Subpopulation_1"
"NGS_Nanog_KO_Rep3","Read_2927",0.706066433075168,"Subpopulation_1"
"NGS_Nanog_KO_Rep3","Read_2928",0.725798613235933,"Subpopulation_1"
"NGS_Nanog_KO_Rep3","Read_2929",0.712962763421913,"Subpopulation_1"
"NGS_Nanog_KO_Rep3","Read_2930",0.72028862138871,"Subpopulation_1"
"NGS_Nanog_KO_Rep3","Read_2931",0.70990848169612,"Subpopulation_1"
"NGS_Nanog_KO_Rep3","Read_2932",0.726193630776019,"Subpopulation_1"
"NGS_Nanog_KO_Rep3","Read_2933",0.720329510562404,"Subpopulation_1"
"NGS_Nanog_KO_Rep3","Read_2934",0.71289819803255,"Subpopulation_1"
"NGS_Nanog_KO_Rep3","Read_2935",0.728905938791315,"Subpopulation_1"
"NGS_Nanog_KO_Rep3","Read_2936",0.713592284899764,"Subpopulation_1"
"NGS_Nanog_KO_Rep3","Read_2937",0.708590283499818,"Subpopulation_1"
"NGS_Nanog_KO_Rep3","Read_2938",0.721735997624518,"Subpopulation_1"
"NGS_Nanog_KO_Rep3","Read_2939",0.711508836528439,"Subpopulation_1"
"NGS_Nanog_KO_Rep3","Read_2940",0.714056081069895,"Subpopulation_1"
"NGS_Nanog_KO_Rep3","Read_2941",0.715421027793829,"Subpopulation_1"
"NGS_Nanog_KO_Rep3","Read_2942",0.713576929168147,"Subpopulation_1"
"NGS_Nanog_KO_Rep3","Read_2943",0.720571899046431,"Subpopulation_1"
"NGS_Nanog_KO_Rep3","Read_2944",0.718493567965537,"Subpopulation_1"
"NGS_Nanog_KO_Rep3","Read_2945",0.713809723645612,"Subpopulation_1"
"NGS_Nanog_KO_Rep3","Read_2946",0.721407350959937,"Subpopulation_1"
"NGS_Nanog_KO_Rep3","Read_2947",0.713934717593409,"Subpopulation_1"
"NGS_Nanog_KO_Rep3","Read_2948",0.726090414776579,"Subpopulation_1"
"NGS_Nanog_KO_Rep3","Read_2949",0.714853834681139,"Subpopulation_1"
"NGS_Nanog_KO_Rep3","Read_2950",0.713830042348225,"Subpopulation_1"
"NGS_Nanog_KO_Rep3","Read_2951",0.729009571981987,"Subpopulation_1"
"NGS_Nanog_KO_Rep3","Read_2952",0.730183387842609,"Subpopulation_1"
"NGS_Nanog_KO_Rep3","Read_2953",0.717179946706221,"Subpopulation_1"
"NGS_Nanog_KO_Rep3","Read_2954",0.722910805286831,"Subpopulation_1"
"NGS_Nanog_KO_Rep3","Read_2955",0.710506219191976,"Subpopulation_1"
"NGS_Nanog_KO_Rep3","Read_2956",0.722739568993965,"Subpopulation_1"
"NGS_Nanog_KO_Rep3","Read_2957",0.720078780203386,"Subpopulation_1"
"NGS_Nanog_KO_Rep3","Read_2958",0.718399985770352,"Subpopulation_1"
"NGS_Nanog_KO_Rep3","Read_2959",0.714462744337054,"Subpopulation_1"
"NGS_Nanog_KO_Rep3","Read_2960",0.727905618813564,"Subpopulation_1"
"NGS_Nanog_KO_Rep3","Read_2961",0.713731719359219,"Subpopulation_1"
"NGS_Nanog_KO_Rep3","Read_2962",0.721107292212486,"Subpopulation_1"
"NGS_Nanog_KO_Rep3","Read_2963",0.712877639074306,"Subpopulation_1"
"NGS_Nanog_KO_Rep3","Read_2964",0.705248697829712,"Subpopulation_1"
"NGS_Nanog_KO_Rep3","Read_2965",0.714573928894883,"Subpopulation_1"
"NGS_Nanog_KO_Rep3","Read_2966",0.715467232107244,"Subpopulation_1"
"NGS_Nanog_KO_Rep3","Read_2967",0.723013451556041,"Subpopulation_1"
"NGS_Nanog_KO_Rep3","Read_2968",0.713853406523443,"Subpopulation_1"
"NGS_Nanog_KO_Rep3","Read_2969",0.736310075300711,"Subpopulation_1"
"NGS_Nanog_KO_Rep3","Read_2970",0.718208389712463,"Subpopulation_1"
"NGS_Nanog_KO_Rep3","Read_2971",0.712150004478983,"Subpopulation_1"
"NGS_Nanog_KO_Rep3","Read_2972",0.723411927799292,"Subpopulation_1"
"NGS_Nanog_KO_Rep3","Read_2973",0.722230100108574,"Subpopulation_1"
"NGS_Nanog_KO_Rep3","Read_2974",0.724090827021277,"Subpopulation_1"
"NGS_Nanog_KO_Rep3","Read_2975",0.715514531237863,"Subpopulation_1"
"NGS_Nanog_KO_Rep3","Read_2976",0.723873263220522,"Subpopulation_1"
"NGS_Nanog_KO_Rep3","Read_2977",0.726812534781096,"Subpopulation_1"
"NGS_Nanog_KO_Rep3","Read_2978",0.706106800143329,"Subpopulation_1"
"NGS_Nanog_KO_Rep3","Read_2979",0.727215320451221,"Subpopulation_1"
"NGS_Nanog_KO_Rep3","Read_2980",0.710039247466501,"Subpopulation_1"
"NGS_Nanog_KO_Rep3","Read_2981",0.718878478592687,"Subpopulation_1"
"NGS_Nanog_KO_Rep3","Read_2982",0.721211075934645,"Subpopulation_1"
"NGS_Nanog_KO_Rep3","Read_2983",0.720518413874582,"Subpopulation_1"
"NGS_Nanog_KO_Rep3","Read_2984",0.725403408753119,"Subpopulation_1"
"NGS_Nanog_KO_Rep3","Read_2985",0.711526734514642,"Subpopulation_1"
"NGS_Nanog_KO_Rep3","Read_2986",0.721172107403303,"Subpopulation_1"
"NGS_Nanog_KO_Rep3","Read_2987",0.721057317466051,"Subpopulation_1"
"NGS_Nanog_KO_Rep3","Read_2988",0.715878374476204,"Subpopulation_1"
"NGS_Nanog_KO_Rep3","Read_2989",0.710414297530281,"Subpopulation_1"
"NGS_Nanog_KO_Rep3","Read_2990",0.722565626489494,"Subpopulation_1"
"NGS_Nanog_KO_Rep3","Read_2991",0.710869720352462,"Subpopulation_1"
"NGS_Nanog_KO_Rep3","Read_2992",0.713754161233622,"Subpopulation_1"
"NGS_Nanog_KO_Rep3","Read_2993",0.716386981505304,"Subpopulation_1"
"NGS_Nanog_KO_Rep3","Read_2994",0.716707018884813,"Subpopulation_1"
"NGS_Nanog_KO_Rep3","Read_2995",0.729254615431718,"Subpopulation_1"
"NGS_Nanog_KO_Rep3","Read_2996",0.72945021009532,"Subpopulation_1"
"NGS_Nanog_KO_Rep3","Read_2997",0.715344995219308,"Subpopulation_1"
"NGS_Nanog_KO_Rep3","Read_2998",0.720620904651633,"Subpopulation_1"
"NGS_Nanog_KO_Rep3","Read_2999",0.709858060106986,"Subpopulation_1"
"NGS_Nanog_KO_Rep3","Read_3000",0.722121027772878,"Subpopulation_1"
