"Sample","ReadID","sampled_methylation","allele"
"NGS_Nanog_KO_Rep2","Read_1",0.71820228323724,"Subpopulation_1"
"NGS_Nanog_KO_Rep2","Read_2",0.715799855038665,"Subpopulation_1"
"NGS_Nanog_KO_Rep2","Read_3",0.71301118627601,"Subpopulation_1"
"NGS_Nanog_KO_Rep2","Read_4",0.717044837840759,"Subpopulation_1"
"NGS_Nanog_KO_Rep2","Read_5",0.71535398068601,"Subpopulation_1"
"NGS_Nanog_KO_Rep2","Read_6",0.725772009009348,"Subpopulation_1"
"NGS_Nanog_KO_Rep2","Read_7",0.720107557207736,"Subpopulation_1"
"NGS_Nanog_KO_Rep2","Read_8",0.709974485752364,"Subpopulation_1"
"NGS_Nanog_KO_Rep2","Read_9",0.718415949360867,"Subpopulation_1"
"NGS_Nanog_KO_Rep2","Read_10",0.713064805308034,"Subpopulation_1"
"NGS_Nanog_KO_Rep2","Read_11",0.726649305816016,"Subpopulation_1"
"NGS_Nanog_KO_Rep2","Read_12",0.713680396081193,"Subpopulation_1"
"NGS_Nanog_KO_Rep2","Read_13",0.706946664691795,"Subpopulation_1"
"NGS_Nanog_KO_Rep2","Read_14",0.709833142862632,"Subpopulation_1"
"NGS_Nanog_KO_Rep2","Read_15",0.711641109703243,"Subpopulation_1"
"NGS_Nanog_KO_Rep2","Read_16",0.709116421478751,"Subpopulation_1"
"NGS_Nanog_KO_Rep2","Read_17",0.721047898209519,"Subpopulation_1"
"NGS_Nanog_KO_Rep2","Read_18",0.710054766128846,"Subpopulation_1"
"NGS_Nanog_KO_Rep2","Read_19",0.716586041790914,"Subpopulation_1"
"NGS_Nanog_KO_Rep2","Read_20",0.714800724702614,"Subpopulation_1"
"NGS_Nanog_KO_Rep2","Read_21",0.727772560656827,"Subpopulation_1"
"NGS_Nanog_KO_Rep2","Read_22",0.716911353741423,"Subpopulation_1"
"NGS_Nanog_KO_Rep2","Read_23",0.713086580106267,"Subpopulation_1"
"NGS_Nanog_KO_Rep2","Read_24",0.719492568468722,"Subpopulation_1"
"NGS_Nanog_KO_Rep2","Read_25",0.716678791121088,"Subpopulation_1"
"NGS_Nanog_KO_Rep2","Read_26",0.716715065794165,"Subpopulation_1"
"NGS_Nanog_KO_Rep2","Read_27",0.723214542666921,"Subpopulation_1"
"NGS_Nanog_KO_Rep2","Read_28",0.721148544966138,"Subpopulation_1"
"NGS_Nanog_KO_Rep2","Read_29",0.712915806556608,"Subpopulation_1"
"NGS_Nanog_KO_Rep2","Read_30",0.724140186825507,"Subpopulation_1"
"NGS_Nanog_KO_Rep2","Read_31",0.721793643638935,"Subpopulation_1"
"NGS_Nanog_KO_Rep2","Read_32",0.723106529941282,"Subpopulation_1"
"NGS_Nanog_KO_Rep2","Read_33",0.714442833226029,"Subpopulation_1"
"NGS_Nanog_KO_Rep2","Read_34",0.716253859534809,"Subpopulation_1"
"NGS_Nanog_KO_Rep2","Read_35",0.713263851314223,"Subpopulation_1"
"NGS_Nanog_KO_Rep2","Read_36",0.715346869490541,"Subpopulation_1"
"NGS_Nanog_KO_Rep2","Read_37",0.723112646962674,"Subpopulation_1"
"NGS_Nanog_KO_Rep2","Read_38",0.724961264812822,"Subpopulation_1"
"NGS_Nanog_KO_Rep2","Read_39",0.709418953007648,"Subpopulation_1"
"NGS_Nanog_KO_Rep2","Read_40",0.719991241033889,"Subpopulation_1"
"NGS_Nanog_KO_Rep2","Read_41",0.714151219420448,"Subpopulation_1"
"NGS_Nanog_KO_Rep2","Read_42",0.706283977265486,"Subpopulation_1"
"NGS_Nanog_KO_Rep2","Read_43",0.70508797138675,"Subpopulation_1"
"NGS_Nanog_KO_Rep2","Read_44",0.719214825256192,"Subpopulation_1"
"NGS_Nanog_KO_Rep2","Read_45",0.71524517704868,"Subpopulation_1"
"NGS_Nanog_KO_Rep2","Read_46",0.719130792530822,"Subpopulation_1"
"NGS_Nanog_KO_Rep2","Read_47",0.713507649736006,"Subpopulation_1"
"NGS_Nanog_KO_Rep2","Read_48",0.725052497949442,"Subpopulation_1"
"NGS_Nanog_KO_Rep2","Read_49",0.708158257951403,"Subpopulation_1"
"NGS_Nanog_KO_Rep2","Read_50",0.736096912734598,"Subpopulation_1"
"NGS_Nanog_KO_Rep2","Read_51",0.728340944721298,"Subpopulation_1"
"NGS_Nanog_KO_Rep2","Read_52",0.71910537701251,"Subpopulation_1"
"NGS_Nanog_KO_Rep2","Read_53",0.71482296658283,"Subpopulation_1"
"NGS_Nanog_KO_Rep2","Read_54",0.715261925642545,"Subpopulation_1"
"NGS_Nanog_KO_Rep2","Read_55",0.719462125004845,"Subpopulation_1"
"NGS_Nanog_KO_Rep2","Read_56",0.709695052485975,"Subpopulation_1"
"NGS_Nanog_KO_Rep2","Read_57",0.710391814687263,"Subpopulation_1"
"NGS_Nanog_KO_Rep2","Read_58",0.725702609631049,"Subpopulation_1"
"NGS_Nanog_KO_Rep2","Read_59",0.721182582395685,"Subpopulation_1"
"NGS_Nanog_KO_Rep2","Read_60",0.71420190506379,"Subpopulation_1"
"NGS_Nanog_KO_Rep2","Read_61",0.715830667559757,"Subpopulation_1"
"NGS_Nanog_KO_Rep2","Read_62",0.718987585845998,"Subpopulation_1"
"NGS_Nanog_KO_Rep2","Read_63",0.723731530481461,"Subpopulation_1"
"NGS_Nanog_KO_Rep2","Read_64",0.721294842903936,"Subpopulation_1"
"NGS_Nanog_KO_Rep2","Read_65",0.721217761707439,"Subpopulation_1"
"NGS_Nanog_KO_Rep2","Read_66",0.715410646507392,"Subpopulation_1"
"NGS_Nanog_KO_Rep2","Read_67",0.722386505240662,"Subpopulation_1"
"NGS_Nanog_KO_Rep2","Read_68",0.712708883675486,"Subpopulation_1"
"NGS_Nanog_KO_Rep2","Read_69",0.705133220245145,"Subpopulation_1"
"NGS_Nanog_KO_Rep2","Read_70",0.720229566117348,"Subpopulation_1"
"NGS_Nanog_KO_Rep2","Read_71",0.725780300067984,"Subpopulation_1"
"NGS_Nanog_KO_Rep2","Read_72",0.726310725218857,"Subpopulation_1"
"NGS_Nanog_KO_Rep2","Read_73",0.722530674594391,"Subpopulation_1"
"NGS_Nanog_KO_Rep2","Read_74",0.722159142557799,"Subpopulation_1"
"NGS_Nanog_KO_Rep2","Read_75",0.716015718718388,"Subpopulation_1"
"NGS_Nanog_KO_Rep2","Read_76",0.727994040332895,"Subpopulation_1"
"NGS_Nanog_KO_Rep2","Read_77",0.716305936354642,"Subpopulation_1"
"NGS_Nanog_KO_Rep2","Read_78",0.719441031224564,"Subpopulation_1"
"NGS_Nanog_KO_Rep2","Read_79",0.714610902006251,"Subpopulation_1"
"NGS_Nanog_KO_Rep2","Read_80",0.725236380950751,"Subpopulation_1"
"NGS_Nanog_KO_Rep2","Read_81",0.708670143778847,"Subpopulation_1"
"NGS_Nanog_KO_Rep2","Read_82",0.715052317693795,"Subpopulation_1"
"NGS_Nanog_KO_Rep2","Read_83",0.715710554090551,"Subpopulation_1"
"NGS_Nanog_KO_Rep2","Read_84",0.714177242543147,"Subpopulation_1"
"NGS_Nanog_KO_Rep2","Read_85",0.714539344279414,"Subpopulation_1"
"NGS_Nanog_KO_Rep2","Read_86",0.712771534878681,"Subpopulation_1"
"NGS_Nanog_KO_Rep2","Read_87",0.719845686187221,"Subpopulation_1"
"NGS_Nanog_KO_Rep2","Read_88",0.719058418849505,"Subpopulation_1"
"NGS_Nanog_KO_Rep2","Read_89",0.704660927563882,"Subpopulation_1"
"NGS_Nanog_KO_Rep2","Read_90",0.718864927661591,"Subpopulation_1"
"NGS_Nanog_KO_Rep2","Read_91",0.72264673023777,"Subpopulation_1"
"NGS_Nanog_KO_Rep2","Read_92",0.716771483576891,"Subpopulation_1"
"NGS_Nanog_KO_Rep2","Read_93",0.727165610677506,"Subpopulation_1"
"NGS_Nanog_KO_Rep2","Read_94",0.735057699019777,"Subpopulation_1"
"NGS_Nanog_KO_Rep2","Read_95",0.715097987797358,"Subpopulation_1"
"NGS_Nanog_KO_Rep2","Read_96",0.715458694587695,"Subpopulation_1"
"NGS_Nanog_KO_Rep2","Read_97",0.724856698307348,"Subpopulation_1"
"NGS_Nanog_KO_Rep2","Read_98",0.72706551272419,"Subpopulation_1"
"NGS_Nanog_KO_Rep2","Read_99",0.723939951788479,"Subpopulation_1"
"NGS_Nanog_KO_Rep2","Read_100",0.72616949958483,"Subpopulation_1"
"NGS_Nanog_KO_Rep2","Read_101",0.726483658795721,"Subpopulation_1"
"NGS_Nanog_KO_Rep2","Read_102",0.702755752606264,"Subpopulation_1"
"NGS_Nanog_KO_Rep2","Read_103",0.717272868112429,"Subpopulation_1"
"NGS_Nanog_KO_Rep2","Read_104",0.716417434492626,"Subpopulation_1"
"NGS_Nanog_KO_Rep2","Read_105",0.713662286189148,"Subpopulation_1"
"NGS_Nanog_KO_Rep2","Read_106",0.70681199845469,"Subpopulation_1"
"NGS_Nanog_KO_Rep2","Read_107",0.709153076829633,"Subpopulation_1"
"NGS_Nanog_KO_Rep2","Read_108",0.714437727522331,"Subpopulation_1"
"NGS_Nanog_KO_Rep2","Read_109",0.714929465783111,"Subpopulation_1"
"NGS_Nanog_KO_Rep2","Read_110",0.709878211235774,"Subpopulation_1"
"NGS_Nanog_KO_Rep2","Read_111",0.713676460595181,"Subpopulation_1"
"NGS_Nanog_KO_Rep2","Read_112",0.722912157269544,"Subpopulation_1"
"NGS_Nanog_KO_Rep2","Read_113",0.713981514459975,"Subpopulation_1"
"NGS_Nanog_KO_Rep2","Read_114",0.719934146772786,"Subpopulation_1"
"NGS_Nanog_KO_Rep2","Read_115",0.715216254409124,"Subpopulation_1"
"NGS_Nanog_KO_Rep2","Read_116",0.722910014240967,"Subpopulation_1"
"NGS_Nanog_KO_Rep2","Read_117",0.717556911956311,"Subpopulation_1"
"NGS_Nanog_KO_Rep2","Read_118",0.718715804832996,"Subpopulation_1"
"NGS_Nanog_KO_Rep2","Read_119",0.718743841537695,"Subpopulation_1"
"NGS_Nanog_KO_Rep2","Read_120",0.717016586440242,"Subpopulation_1"
"NGS_Nanog_KO_Rep2","Read_121",0.716344994750525,"Subpopulation_1"
"NGS_Nanog_KO_Rep2","Read_122",0.723527114442185,"Subpopulation_1"
"NGS_Nanog_KO_Rep2","Read_123",0.716942906860491,"Subpopulation_1"
"NGS_Nanog_KO_Rep2","Read_124",0.716131106737493,"Subpopulation_1"
"NGS_Nanog_KO_Rep2","Read_125",0.717255225703692,"Subpopulation_1"
"NGS_Nanog_KO_Rep2","Read_126",0.738749890940003,"Subpopulation_1"
"NGS_Nanog_KO_Rep2","Read_127",0.710374940424563,"Subpopulation_1"
"NGS_Nanog_KO_Rep2","Read_128",0.720672226763393,"Subpopulation_1"
"NGS_Nanog_KO_Rep2","Read_129",0.707730989498817,"Subpopulation_1"
"NGS_Nanog_KO_Rep2","Read_130",0.726309090987941,"Subpopulation_1"
"NGS_Nanog_KO_Rep2","Read_131",0.721433715796631,"Subpopulation_1"
"NGS_Nanog_KO_Rep2","Read_132",0.721483778118667,"Subpopulation_1"
"NGS_Nanog_KO_Rep2","Read_133",0.712820487232539,"Subpopulation_1"
"NGS_Nanog_KO_Rep2","Read_134",0.727515407413258,"Subpopulation_1"
"NGS_Nanog_KO_Rep2","Read_135",0.708522864236538,"Subpopulation_1"
"NGS_Nanog_KO_Rep2","Read_136",0.717963524153812,"Subpopulation_1"
"NGS_Nanog_KO_Rep2","Read_137",0.718892613523255,"Subpopulation_1"
"NGS_Nanog_KO_Rep2","Read_138",0.716669140251338,"Subpopulation_1"
"NGS_Nanog_KO_Rep2","Read_139",0.717212981284381,"Subpopulation_1"
"NGS_Nanog_KO_Rep2","Read_140",0.722468137327984,"Subpopulation_1"
"NGS_Nanog_KO_Rep2","Read_141",0.715202474825922,"Subpopulation_1"
"NGS_Nanog_KO_Rep2","Read_142",0.717528161256776,"Subpopulation_1"
"NGS_Nanog_KO_Rep2","Read_143",0.719144715331052,"Subpopulation_1"
"NGS_Nanog_KO_Rep2","Read_144",0.708883751576693,"Subpopulation_1"
"NGS_Nanog_KO_Rep2","Read_145",0.724424989960965,"Subpopulation_1"
"NGS_Nanog_KO_Rep2","Read_146",0.717801041404465,"Subpopulation_1"
"NGS_Nanog_KO_Rep2","Read_147",0.731838888753102,"Subpopulation_1"
"NGS_Nanog_KO_Rep2","Read_148",0.729242036987488,"Subpopulation_1"
"NGS_Nanog_KO_Rep2","Read_149",0.709252330155419,"Subpopulation_1"
"NGS_Nanog_KO_Rep2","Read_150",0.717378099741301,"Subpopulation_1"
"NGS_Nanog_KO_Rep2","Read_151",0.72087925157254,"Subpopulation_1"
"NGS_Nanog_KO_Rep2","Read_152",0.721348378813791,"Subpopulation_1"
"NGS_Nanog_KO_Rep2","Read_153",0.711981051498851,"Subpopulation_1"
"NGS_Nanog_KO_Rep2","Read_154",0.71293231509794,"Subpopulation_1"
"NGS_Nanog_KO_Rep2","Read_155",0.720218842167094,"Subpopulation_1"
"NGS_Nanog_KO_Rep2","Read_156",0.725550054105751,"Subpopulation_1"
"NGS_Nanog_KO_Rep2","Read_157",0.721010909401255,"Subpopulation_1"
"NGS_Nanog_KO_Rep2","Read_158",0.71337978532958,"Subpopulation_1"
"NGS_Nanog_KO_Rep2","Read_159",0.725328791643957,"Subpopulation_1"
"NGS_Nanog_KO_Rep2","Read_160",0.712519978550441,"Subpopulation_1"
"NGS_Nanog_KO_Rep2","Read_161",0.722853164298455,"Subpopulation_1"
"NGS_Nanog_KO_Rep2","Read_162",0.710627034414573,"Subpopulation_1"
"NGS_Nanog_KO_Rep2","Read_163",0.709307227816935,"Subpopulation_1"
"NGS_Nanog_KO_Rep2","Read_164",0.720300207792867,"Subpopulation_1"
"NGS_Nanog_KO_Rep2","Read_165",0.709466839823677,"Subpopulation_1"
"NGS_Nanog_KO_Rep2","Read_166",0.716363105656725,"Subpopulation_1"
"NGS_Nanog_KO_Rep2","Read_167",0.726268952852211,"Subpopulation_1"
"NGS_Nanog_KO_Rep2","Read_168",0.7174357678113,"Subpopulation_1"
"NGS_Nanog_KO_Rep2","Read_169",0.714873792444531,"Subpopulation_1"
"NGS_Nanog_KO_Rep2","Read_170",0.712913714836082,"Subpopulation_1"
"NGS_Nanog_KO_Rep2","Read_171",0.717137835829311,"Subpopulation_1"
"NGS_Nanog_KO_Rep2","Read_172",0.728409278687318,"Subpopulation_1"
"NGS_Nanog_KO_Rep2","Read_173",0.719866074788207,"Subpopulation_1"
"NGS_Nanog_KO_Rep2","Read_174",0.71994251531499,"Subpopulation_1"
"NGS_Nanog_KO_Rep2","Read_175",0.721378631834492,"Subpopulation_1"
"NGS_Nanog_KO_Rep2","Read_176",0.721098608640907,"Subpopulation_1"
"NGS_Nanog_KO_Rep2","Read_177",0.722381795549902,"Subpopulation_1"
"NGS_Nanog_KO_Rep2","Read_178",0.723116782054611,"Subpopulation_1"
"NGS_Nanog_KO_Rep2","Read_179",0.723890337423482,"Subpopulation_1"
"NGS_Nanog_KO_Rep2","Read_180",0.718129829021444,"Subpopulation_1"
"NGS_Nanog_KO_Rep2","Read_181",0.726125398126556,"Subpopulation_1"
"NGS_Nanog_KO_Rep2","Read_182",0.718073514130549,"Subpopulation_1"
"NGS_Nanog_KO_Rep2","Read_183",0.721837668599057,"Subpopulation_1"
"NGS_Nanog_KO_Rep2","Read_184",0.716323686187892,"Subpopulation_1"
"NGS_Nanog_KO_Rep2","Read_185",0.724024797971055,"Subpopulation_1"
"NGS_Nanog_KO_Rep2","Read_186",0.719554821375358,"Subpopulation_1"
"NGS_Nanog_KO_Rep2","Read_187",0.706233080842751,"Subpopulation_1"
"NGS_Nanog_KO_Rep2","Read_188",0.72920930277598,"Subpopulation_1"
"NGS_Nanog_KO_Rep2","Read_189",0.731711754858938,"Subpopulation_1"
"NGS_Nanog_KO_Rep2","Read_190",0.720245197928798,"Subpopulation_1"
"NGS_Nanog_KO_Rep2","Read_191",0.723894509738597,"Subpopulation_1"
"NGS_Nanog_KO_Rep2","Read_192",0.71486094953754,"Subpopulation_1"
"NGS_Nanog_KO_Rep2","Read_193",0.724600925884436,"Subpopulation_1"
"NGS_Nanog_KO_Rep2","Read_194",0.710992630738518,"Subpopulation_1"
"NGS_Nanog_KO_Rep2","Read_195",0.720785783012011,"Subpopulation_1"
"NGS_Nanog_KO_Rep2","Read_196",0.722335236642621,"Subpopulation_1"
"NGS_Nanog_KO_Rep2","Read_197",0.713138150355409,"Subpopulation_1"
"NGS_Nanog_KO_Rep2","Read_198",0.726833260806396,"Subpopulation_1"
"NGS_Nanog_KO_Rep2","Read_199",0.720026266325306,"Subpopulation_1"
"NGS_Nanog_KO_Rep2","Read_200",0.724539753499837,"Subpopulation_1"
"NGS_Nanog_KO_Rep2","Read_201",0.723534568187117,"Subpopulation_1"
"NGS_Nanog_KO_Rep2","Read_202",0.724212736105948,"Subpopulation_1"
"NGS_Nanog_KO_Rep2","Read_203",0.709540520849664,"Subpopulation_1"
"NGS_Nanog_KO_Rep2","Read_204",0.709646786171196,"Subpopulation_1"
"NGS_Nanog_KO_Rep2","Read_205",0.711029829251567,"Subpopulation_1"
"NGS_Nanog_KO_Rep2","Read_206",0.720613203266946,"Subpopulation_1"
"NGS_Nanog_KO_Rep2","Read_207",0.710753003115291,"Subpopulation_1"
"NGS_Nanog_KO_Rep2","Read_208",0.72522553027705,"Subpopulation_1"
"NGS_Nanog_KO_Rep2","Read_209",0.714661362634734,"Subpopulation_1"
"NGS_Nanog_KO_Rep2","Read_210",0.717569045599376,"Subpopulation_1"
"NGS_Nanog_KO_Rep2","Read_211",0.727792005091818,"Subpopulation_1"
"NGS_Nanog_KO_Rep2","Read_212",0.720811748251755,"Subpopulation_1"
"NGS_Nanog_KO_Rep2","Read_213",0.719931759165198,"Subpopulation_1"
"NGS_Nanog_KO_Rep2","Read_214",0.709371272027694,"Subpopulation_1"
"NGS_Nanog_KO_Rep2","Read_215",0.712653622621861,"Subpopulation_1"
"NGS_Nanog_KO_Rep2","Read_216",0.712315039178642,"Subpopulation_1"
"NGS_Nanog_KO_Rep2","Read_217",0.71555366881216,"Subpopulation_1"
"NGS_Nanog_KO_Rep2","Read_218",0.718512715861986,"Subpopulation_1"
"NGS_Nanog_KO_Rep2","Read_219",0.714304830353125,"Subpopulation_1"
"NGS_Nanog_KO_Rep2","Read_220",0.714236222171443,"Subpopulation_1"
"NGS_Nanog_KO_Rep2","Read_221",0.722780870692147,"Subpopulation_1"
"NGS_Nanog_KO_Rep2","Read_222",0.716843751226446,"Subpopulation_1"
"NGS_Nanog_KO_Rep2","Read_223",0.710392087422013,"Subpopulation_1"
"NGS_Nanog_KO_Rep2","Read_224",0.710686566132001,"Subpopulation_1"
"NGS_Nanog_KO_Rep2","Read_225",0.721547774703269,"Subpopulation_1"
"NGS_Nanog_KO_Rep2","Read_226",0.70918589666824,"Subpopulation_1"
"NGS_Nanog_KO_Rep2","Read_227",0.729399503032847,"Subpopulation_1"
"NGS_Nanog_KO_Rep2","Read_228",0.727662912432957,"Subpopulation_1"
"NGS_Nanog_KO_Rep2","Read_229",0.702231585480265,"Subpopulation_1"
"NGS_Nanog_KO_Rep2","Read_230",0.730381837259165,"Subpopulation_1"
"NGS_Nanog_KO_Rep2","Read_231",0.723626804615967,"Subpopulation_1"
"NGS_Nanog_KO_Rep2","Read_232",0.724583346127459,"Subpopulation_1"
"NGS_Nanog_KO_Rep2","Read_233",0.717978288345654,"Subpopulation_1"
"NGS_Nanog_KO_Rep2","Read_234",0.71404583902417,"Subpopulation_1"
"NGS_Nanog_KO_Rep2","Read_235",0.720260789456034,"Subpopulation_1"
"NGS_Nanog_KO_Rep2","Read_236",0.718593220868193,"Subpopulation_1"
"NGS_Nanog_KO_Rep2","Read_237",0.716895314209854,"Subpopulation_1"
"NGS_Nanog_KO_Rep2","Read_238",0.717190807855798,"Subpopulation_1"
"NGS_Nanog_KO_Rep2","Read_239",0.721024477051254,"Subpopulation_1"
"NGS_Nanog_KO_Rep2","Read_240",0.722710787761057,"Subpopulation_1"
"NGS_Nanog_KO_Rep2","Read_241",0.713328839760858,"Subpopulation_1"
"NGS_Nanog_KO_Rep2","Read_242",0.724323866508389,"Subpopulation_1"
"NGS_Nanog_KO_Rep2","Read_243",0.721384082747587,"Subpopulation_1"
"NGS_Nanog_KO_Rep2","Read_244",0.719028239414134,"Subpopulation_1"
"NGS_Nanog_KO_Rep2","Read_245",0.725993213814731,"Subpopulation_1"
"NGS_Nanog_KO_Rep2","Read_246",0.713827526458438,"Subpopulation_1"
"NGS_Nanog_KO_Rep2","Read_247",0.704881912536474,"Subpopulation_1"
"NGS_Nanog_KO_Rep2","Read_248",0.712988694411989,"Subpopulation_1"
"NGS_Nanog_KO_Rep2","Read_249",0.716523846167172,"Subpopulation_1"
"NGS_Nanog_KO_Rep2","Read_250",0.699097117702359,"Subpopulation_1"
"NGS_Nanog_KO_Rep2","Read_251",0.727200522479604,"Subpopulation_1"
"NGS_Nanog_KO_Rep2","Read_252",0.706445163439922,"Subpopulation_1"
"NGS_Nanog_KO_Rep2","Read_253",0.721092906261756,"Subpopulation_1"
"NGS_Nanog_KO_Rep2","Read_254",0.720829763118634,"Subpopulation_1"
"NGS_Nanog_KO_Rep2","Read_255",0.721478890226243,"Subpopulation_1"
"NGS_Nanog_KO_Rep2","Read_256",0.725716055868856,"Subpopulation_1"
"NGS_Nanog_KO_Rep2","Read_257",0.717731445923277,"Subpopulation_1"
"NGS_Nanog_KO_Rep2","Read_258",0.716270763765771,"Subpopulation_1"
"NGS_Nanog_KO_Rep2","Read_259",0.718035040968629,"Subpopulation_1"
"NGS_Nanog_KO_Rep2","Read_260",0.722567070567466,"Subpopulation_1"
"NGS_Nanog_KO_Rep2","Read_261",0.72177337118977,"Subpopulation_1"
"NGS_Nanog_KO_Rep2","Read_262",0.706816850412846,"Subpopulation_1"
"NGS_Nanog_KO_Rep2","Read_263",0.722833907596468,"Subpopulation_1"
"NGS_Nanog_KO_Rep2","Read_264",0.712189239151078,"Subpopulation_1"
"NGS_Nanog_KO_Rep2","Read_265",0.7065782989472,"Subpopulation_1"
"NGS_Nanog_KO_Rep2","Read_266",0.721368018134408,"Subpopulation_1"
"NGS_Nanog_KO_Rep2","Read_267",0.713423915227542,"Subpopulation_1"
"NGS_Nanog_KO_Rep2","Read_268",0.721210373587727,"Subpopulation_1"
"NGS_Nanog_KO_Rep2","Read_269",0.719432183640126,"Subpopulation_1"
"NGS_Nanog_KO_Rep2","Read_270",0.715313802954845,"Subpopulation_1"
"NGS_Nanog_KO_Rep2","Read_271",0.723019140658612,"Subpopulation_1"
"NGS_Nanog_KO_Rep2","Read_272",0.716245199833669,"Subpopulation_1"
"NGS_Nanog_KO_Rep2","Read_273",0.721635906130412,"Subpopulation_1"
"NGS_Nanog_KO_Rep2","Read_274",0.722324303789825,"Subpopulation_1"
"NGS_Nanog_KO_Rep2","Read_275",0.714429543075731,"Subpopulation_1"
"NGS_Nanog_KO_Rep2","Read_276",0.719689143725717,"Subpopulation_1"
"NGS_Nanog_KO_Rep2","Read_277",0.714242673700843,"Subpopulation_1"
"NGS_Nanog_KO_Rep2","Read_278",0.71904824424873,"Subpopulation_1"
"NGS_Nanog_KO_Rep2","Read_279",0.726435011148564,"Subpopulation_1"
"NGS_Nanog_KO_Rep2","Read_280",0.709999287743882,"Subpopulation_1"
"NGS_Nanog_KO_Rep2","Read_281",0.715861091940599,"Subpopulation_1"
"NGS_Nanog_KO_Rep2","Read_282",0.713819038434573,"Subpopulation_1"
"NGS_Nanog_KO_Rep2","Read_283",0.709921387220627,"Subpopulation_1"
"NGS_Nanog_KO_Rep2","Read_284",0.724601629047481,"Subpopulation_1"
"NGS_Nanog_KO_Rep2","Read_285",0.717364259229229,"Subpopulation_1"
"NGS_Nanog_KO_Rep2","Read_286",0.719315853736101,"Subpopulation_1"
"NGS_Nanog_KO_Rep2","Read_287",0.711459934238209,"Subpopulation_1"
"NGS_Nanog_KO_Rep2","Read_288",0.730183876372819,"Subpopulation_1"
"NGS_Nanog_KO_Rep2","Read_289",0.720657262850146,"Subpopulation_1"
"NGS_Nanog_KO_Rep2","Read_290",0.722280129965319,"Subpopulation_1"
"NGS_Nanog_KO_Rep2","Read_291",0.721106245906323,"Subpopulation_1"
"NGS_Nanog_KO_Rep2","Read_292",0.717987003567847,"Subpopulation_1"
"NGS_Nanog_KO_Rep2","Read_293",0.726245265881828,"Subpopulation_1"
"NGS_Nanog_KO_Rep2","Read_294",0.715066929091621,"Subpopulation_1"
"NGS_Nanog_KO_Rep2","Read_295",0.710452974854052,"Subpopulation_1"
"NGS_Nanog_KO_Rep2","Read_296",0.721135961510647,"Subpopulation_1"
"NGS_Nanog_KO_Rep2","Read_297",0.717777581551674,"Subpopulation_1"
"NGS_Nanog_KO_Rep2","Read_298",0.711498237698959,"Subpopulation_1"
"NGS_Nanog_KO_Rep2","Read_299",0.726450906242246,"Subpopulation_1"
"NGS_Nanog_KO_Rep2","Read_300",0.727005936614765,"Subpopulation_1"
"NGS_Nanog_KO_Rep2","Read_301",0.71489010352772,"Subpopulation_1"
"NGS_Nanog_KO_Rep2","Read_302",0.720006202142914,"Subpopulation_1"
"NGS_Nanog_KO_Rep2","Read_303",0.720705553868026,"Subpopulation_1"
"NGS_Nanog_KO_Rep2","Read_304",0.715401478023628,"Subpopulation_1"
"NGS_Nanog_KO_Rep2","Read_305",0.716278760343398,"Subpopulation_1"
"NGS_Nanog_KO_Rep2","Read_306",0.719697144584576,"Subpopulation_1"
"NGS_Nanog_KO_Rep2","Read_307",0.709461142254549,"Subpopulation_1"
"NGS_Nanog_KO_Rep2","Read_308",0.716999544833042,"Subpopulation_1"
"NGS_Nanog_KO_Rep2","Read_309",0.720024777340974,"Subpopulation_1"
"NGS_Nanog_KO_Rep2","Read_310",0.71032844100536,"Subpopulation_1"
"NGS_Nanog_KO_Rep2","Read_311",0.719912902724273,"Subpopulation_1"
"NGS_Nanog_KO_Rep2","Read_312",0.714839096257141,"Subpopulation_1"
"NGS_Nanog_KO_Rep2","Read_313",0.71632836141159,"Subpopulation_1"
"NGS_Nanog_KO_Rep2","Read_314",0.725594791461517,"Subpopulation_1"
"NGS_Nanog_KO_Rep2","Read_315",0.719620959307808,"Subpopulation_1"
"NGS_Nanog_KO_Rep2","Read_316",0.714548635894844,"Subpopulation_1"
"NGS_Nanog_KO_Rep2","Read_317",0.716022111754058,"Subpopulation_1"
"NGS_Nanog_KO_Rep2","Read_318",0.716993153717609,"Subpopulation_1"
"NGS_Nanog_KO_Rep2","Read_319",0.724208446549052,"Subpopulation_1"
"NGS_Nanog_KO_Rep2","Read_320",0.71440100457974,"Subpopulation_1"
"NGS_Nanog_KO_Rep2","Read_321",0.71756979703486,"Subpopulation_1"
"NGS_Nanog_KO_Rep2","Read_322",0.71817996819649,"Subpopulation_1"
"NGS_Nanog_KO_Rep2","Read_323",0.720627923706261,"Subpopulation_1"
"NGS_Nanog_KO_Rep2","Read_324",0.707699777241366,"Subpopulation_1"
"NGS_Nanog_KO_Rep2","Read_325",0.718834943650909,"Subpopulation_1"
"NGS_Nanog_KO_Rep2","Read_326",0.716164448558396,"Subpopulation_1"
"NGS_Nanog_KO_Rep2","Read_327",0.710844118827848,"Subpopulation_1"
"NGS_Nanog_KO_Rep2","Read_328",0.709896292409946,"Subpopulation_1"
"NGS_Nanog_KO_Rep2","Read_329",0.722163117039813,"Subpopulation_1"
"NGS_Nanog_KO_Rep2","Read_330",0.726961304429048,"Subpopulation_1"
"NGS_Nanog_KO_Rep2","Read_331",0.725089098968133,"Subpopulation_1"
"NGS_Nanog_KO_Rep2","Read_332",0.715838954845574,"Subpopulation_1"
"NGS_Nanog_KO_Rep2","Read_333",0.730684978183551,"Subpopulation_1"
"NGS_Nanog_KO_Rep2","Read_334",0.708803524516405,"Subpopulation_1"
"NGS_Nanog_KO_Rep2","Read_335",0.71245907594526,"Subpopulation_1"
"NGS_Nanog_KO_Rep2","Read_336",0.719440959400543,"Subpopulation_1"
"NGS_Nanog_KO_Rep2","Read_337",0.714764550264926,"Subpopulation_1"
"NGS_Nanog_KO_Rep2","Read_338",0.726965999352891,"Subpopulation_1"
"NGS_Nanog_KO_Rep2","Read_339",0.707307753598874,"Subpopulation_1"
"NGS_Nanog_KO_Rep2","Read_340",0.727192604839214,"Subpopulation_1"
"NGS_Nanog_KO_Rep2","Read_341",0.719010422912426,"Subpopulation_1"
"NGS_Nanog_KO_Rep2","Read_342",0.717651026887123,"Subpopulation_1"
"NGS_Nanog_KO_Rep2","Read_343",0.721968054979665,"Subpopulation_1"
"NGS_Nanog_KO_Rep2","Read_344",0.715238434430508,"Subpopulation_1"
"NGS_Nanog_KO_Rep2","Read_345",0.709257178637764,"Subpopulation_1"
"NGS_Nanog_KO_Rep2","Read_346",0.719260243703086,"Subpopulation_1"
"NGS_Nanog_KO_Rep2","Read_347",0.721524649231117,"Subpopulation_1"
"NGS_Nanog_KO_Rep2","Read_348",0.712759818592859,"Subpopulation_1"
"NGS_Nanog_KO_Rep2","Read_349",0.715337016186002,"Subpopulation_1"
"NGS_Nanog_KO_Rep2","Read_350",0.712216440459747,"Subpopulation_1"
"NGS_Nanog_KO_Rep2","Read_351",0.727211754220075,"Subpopulation_1"
"NGS_Nanog_KO_Rep2","Read_352",0.711350960485877,"Subpopulation_1"
"NGS_Nanog_KO_Rep2","Read_353",0.720097254408873,"Subpopulation_1"
"NGS_Nanog_KO_Rep2","Read_354",0.709007589786371,"Subpopulation_1"
"NGS_Nanog_KO_Rep2","Read_355",0.714928006512376,"Subpopulation_1"
"NGS_Nanog_KO_Rep2","Read_356",0.725530921468808,"Subpopulation_1"
"NGS_Nanog_KO_Rep2","Read_357",0.713679900193983,"Subpopulation_1"
"NGS_Nanog_KO_Rep2","Read_358",0.719470570391543,"Subpopulation_1"
"NGS_Nanog_KO_Rep2","Read_359",0.724435213907876,"Subpopulation_1"
"NGS_Nanog_KO_Rep2","Read_360",0.719910932667686,"Subpopulation_1"
"NGS_Nanog_KO_Rep2","Read_361",0.702395056866457,"Subpopulation_1"
"NGS_Nanog_KO_Rep2","Read_362",0.718652594227252,"Subpopulation_1"
"NGS_Nanog_KO_Rep2","Read_363",0.715935290284233,"Subpopulation_1"
"NGS_Nanog_KO_Rep2","Read_364",0.719415571735652,"Subpopulation_1"
"NGS_Nanog_KO_Rep2","Read_365",0.732213928844088,"Subpopulation_1"
"NGS_Nanog_KO_Rep2","Read_366",0.722247983979124,"Subpopulation_1"
"NGS_Nanog_KO_Rep2","Read_367",0.729007974206482,"Subpopulation_1"
"NGS_Nanog_KO_Rep2","Read_368",0.721992777729353,"Subpopulation_1"
"NGS_Nanog_KO_Rep2","Read_369",0.705702678860467,"Subpopulation_1"
"NGS_Nanog_KO_Rep2","Read_370",0.723788581472293,"Subpopulation_1"
"NGS_Nanog_KO_Rep2","Read_371",0.726073626437252,"Subpopulation_1"
"NGS_Nanog_KO_Rep2","Read_372",0.713645788460216,"Subpopulation_1"
"NGS_Nanog_KO_Rep2","Read_373",0.710843554749492,"Subpopulation_1"
"NGS_Nanog_KO_Rep2","Read_374",0.719149566472353,"Subpopulation_1"
"NGS_Nanog_KO_Rep2","Read_375",0.721278230834911,"Subpopulation_1"
"NGS_Nanog_KO_Rep2","Read_376",0.713042355222447,"Subpopulation_1"
"NGS_Nanog_KO_Rep2","Read_377",0.724442039938041,"Subpopulation_1"
"NGS_Nanog_KO_Rep2","Read_378",0.71965827471449,"Subpopulation_1"
"NGS_Nanog_KO_Rep2","Read_379",0.713461887851667,"Subpopulation_1"
"NGS_Nanog_KO_Rep2","Read_380",0.720325087814613,"Subpopulation_1"
"NGS_Nanog_KO_Rep2","Read_381",0.713582529460067,"Subpopulation_1"
"NGS_Nanog_KO_Rep2","Read_382",0.722822255427135,"Subpopulation_1"
"NGS_Nanog_KO_Rep2","Read_383",0.712100375576181,"Subpopulation_1"
"NGS_Nanog_KO_Rep2","Read_384",0.726115829788826,"Subpopulation_1"
"NGS_Nanog_KO_Rep2","Read_385",0.722423969319202,"Subpopulation_1"
"NGS_Nanog_KO_Rep2","Read_386",0.727653850140307,"Subpopulation_1"
"NGS_Nanog_KO_Rep2","Read_387",0.719277165723428,"Subpopulation_1"
"NGS_Nanog_KO_Rep2","Read_388",0.72113548566068,"Subpopulation_1"
"NGS_Nanog_KO_Rep2","Read_389",0.719403346633685,"Subpopulation_1"
"NGS_Nanog_KO_Rep2","Read_390",0.716804367423679,"Subpopulation_1"
"NGS_Nanog_KO_Rep2","Read_391",0.715298090143153,"Subpopulation_1"
"NGS_Nanog_KO_Rep2","Read_392",0.719683010104347,"Subpopulation_1"
"NGS_Nanog_KO_Rep2","Read_393",0.723961063619291,"Subpopulation_1"
"NGS_Nanog_KO_Rep2","Read_394",0.72176741680103,"Subpopulation_1"
"NGS_Nanog_KO_Rep2","Read_395",0.715775079835833,"Subpopulation_1"
"NGS_Nanog_KO_Rep2","Read_396",0.717004017269153,"Subpopulation_1"
"NGS_Nanog_KO_Rep2","Read_397",0.708669309958149,"Subpopulation_1"
"NGS_Nanog_KO_Rep2","Read_398",0.722406933463054,"Subpopulation_1"
"NGS_Nanog_KO_Rep2","Read_399",0.722341911963534,"Subpopulation_1"
"NGS_Nanog_KO_Rep2","Read_400",0.717619788551645,"Subpopulation_1"
"NGS_Nanog_KO_Rep2","Read_401",0.726978981130795,"Subpopulation_1"
"NGS_Nanog_KO_Rep2","Read_402",0.72219675042165,"Subpopulation_1"
"NGS_Nanog_KO_Rep2","Read_403",0.720223083660771,"Subpopulation_1"
"NGS_Nanog_KO_Rep2","Read_404",0.704988755438837,"Subpopulation_1"
"NGS_Nanog_KO_Rep2","Read_405",0.716819322269461,"Subpopulation_1"
"NGS_Nanog_KO_Rep2","Read_406",0.711993941296678,"Subpopulation_1"
"NGS_Nanog_KO_Rep2","Read_407",0.728201781833381,"Subpopulation_1"
"NGS_Nanog_KO_Rep2","Read_408",0.714998807939564,"Subpopulation_1"
"NGS_Nanog_KO_Rep2","Read_409",0.738724482448726,"Subpopulation_1"
"NGS_Nanog_KO_Rep2","Read_410",0.717563047629991,"Subpopulation_1"
"NGS_Nanog_KO_Rep2","Read_411",0.717108882279688,"Subpopulation_1"
"NGS_Nanog_KO_Rep2","Read_412",0.724234289156459,"Subpopulation_1"
"NGS_Nanog_KO_Rep2","Read_413",0.723506689788132,"Subpopulation_1"
"NGS_Nanog_KO_Rep2","Read_414",0.715919335362165,"Subpopulation_1"
"NGS_Nanog_KO_Rep2","Read_415",0.717659440102693,"Subpopulation_1"
"NGS_Nanog_KO_Rep2","Read_416",0.710234971640184,"Subpopulation_1"
"NGS_Nanog_KO_Rep2","Read_417",0.700436068247126,"Subpopulation_1"
"NGS_Nanog_KO_Rep2","Read_418",0.719863558121709,"Subpopulation_1"
"NGS_Nanog_KO_Rep2","Read_419",0.714599874813804,"Subpopulation_1"
"NGS_Nanog_KO_Rep2","Read_420",0.715119195839734,"Subpopulation_1"
"NGS_Nanog_KO_Rep2","Read_421",0.710365110668781,"Subpopulation_1"
"NGS_Nanog_KO_Rep2","Read_422",0.715550485757061,"Subpopulation_1"
"NGS_Nanog_KO_Rep2","Read_423",0.718910566197484,"Subpopulation_1"
"NGS_Nanog_KO_Rep2","Read_424",0.719503310409328,"Subpopulation_1"
"NGS_Nanog_KO_Rep2","Read_425",0.712405220696925,"Subpopulation_1"
"NGS_Nanog_KO_Rep2","Read_426",0.711897652153136,"Subpopulation_1"
"NGS_Nanog_KO_Rep2","Read_427",0.714653616329962,"Subpopulation_1"
"NGS_Nanog_KO_Rep2","Read_428",0.71911410872875,"Subpopulation_1"
"NGS_Nanog_KO_Rep2","Read_429",0.715611233738936,"Subpopulation_1"
"NGS_Nanog_KO_Rep2","Read_430",0.70498538037474,"Subpopulation_1"
"NGS_Nanog_KO_Rep2","Read_431",0.714167416123462,"Subpopulation_1"
"NGS_Nanog_KO_Rep2","Read_432",0.717506275388431,"Subpopulation_1"
"NGS_Nanog_KO_Rep2","Read_433",0.721591958778709,"Subpopulation_1"
"NGS_Nanog_KO_Rep2","Read_434",0.72545567011332,"Subpopulation_1"
"NGS_Nanog_KO_Rep2","Read_435",0.714284961927223,"Subpopulation_1"
"NGS_Nanog_KO_Rep2","Read_436",0.71769994099549,"Subpopulation_1"
"NGS_Nanog_KO_Rep2","Read_437",0.71487546287754,"Subpopulation_1"
"NGS_Nanog_KO_Rep2","Read_438",0.720522109943012,"Subpopulation_1"
"NGS_Nanog_KO_Rep2","Read_439",0.726189634162394,"Subpopulation_1"
"NGS_Nanog_KO_Rep2","Read_440",0.724166460038469,"Subpopulation_1"
"NGS_Nanog_KO_Rep2","Read_441",0.712139622996009,"Subpopulation_1"
"NGS_Nanog_KO_Rep2","Read_442",0.714221961735077,"Subpopulation_1"
"NGS_Nanog_KO_Rep2","Read_443",0.717432838306255,"Subpopulation_1"
"NGS_Nanog_KO_Rep2","Read_444",0.720733826980147,"Subpopulation_1"
"NGS_Nanog_KO_Rep2","Read_445",0.717229003174415,"Subpopulation_1"
"NGS_Nanog_KO_Rep2","Read_446",0.723418985869303,"Subpopulation_1"
"NGS_Nanog_KO_Rep2","Read_447",0.715017496450439,"Subpopulation_1"
"NGS_Nanog_KO_Rep2","Read_448",0.722920763089853,"Subpopulation_1"
"NGS_Nanog_KO_Rep2","Read_449",0.716583054036362,"Subpopulation_1"
"NGS_Nanog_KO_Rep2","Read_450",0.734534947800679,"Subpopulation_1"
"NGS_Nanog_KO_Rep2","Read_451",0.725235086827839,"Subpopulation_1"
"NGS_Nanog_KO_Rep2","Read_452",0.715749004246016,"Subpopulation_1"
"NGS_Nanog_KO_Rep2","Read_453",0.716976140373903,"Subpopulation_1"
"NGS_Nanog_KO_Rep2","Read_454",0.724407143692002,"Subpopulation_1"
"NGS_Nanog_KO_Rep2","Read_455",0.711274909405196,"Subpopulation_1"
"NGS_Nanog_KO_Rep2","Read_456",0.724867214304349,"Subpopulation_1"
"NGS_Nanog_KO_Rep2","Read_457",0.720967198272968,"Subpopulation_1"
"NGS_Nanog_KO_Rep2","Read_458",0.714008165050869,"Subpopulation_1"
"NGS_Nanog_KO_Rep2","Read_459",0.722353391298134,"Subpopulation_1"
"NGS_Nanog_KO_Rep2","Read_460",0.71495611267256,"Subpopulation_1"
"NGS_Nanog_KO_Rep2","Read_461",0.716340677632979,"Subpopulation_1"
"NGS_Nanog_KO_Rep2","Read_462",0.71783252479732,"Subpopulation_1"
"NGS_Nanog_KO_Rep2","Read_463",0.717183835879106,"Subpopulation_1"
"NGS_Nanog_KO_Rep2","Read_464",0.721862672008878,"Subpopulation_1"
"NGS_Nanog_KO_Rep2","Read_465",0.717021130240996,"Subpopulation_1"
"NGS_Nanog_KO_Rep2","Read_466",0.716117628749711,"Subpopulation_1"
"NGS_Nanog_KO_Rep2","Read_467",0.717168550486132,"Subpopulation_1"
"NGS_Nanog_KO_Rep2","Read_468",0.72426112008364,"Subpopulation_1"
"NGS_Nanog_KO_Rep2","Read_469",0.718835938535946,"Subpopulation_1"
"NGS_Nanog_KO_Rep2","Read_470",0.723694756694322,"Subpopulation_1"
"NGS_Nanog_KO_Rep2","Read_471",0.716650886931629,"Subpopulation_1"
"NGS_Nanog_KO_Rep2","Read_472",0.722870366036005,"Subpopulation_1"
"NGS_Nanog_KO_Rep2","Read_473",0.725990896757315,"Subpopulation_1"
"NGS_Nanog_KO_Rep2","Read_474",0.71626721217094,"Subpopulation_1"
"NGS_Nanog_KO_Rep2","Read_475",0.722703234875143,"Subpopulation_1"
"NGS_Nanog_KO_Rep2","Read_476",0.726077615276378,"Subpopulation_1"
"NGS_Nanog_KO_Rep2","Read_477",0.723265420201023,"Subpopulation_1"
"NGS_Nanog_KO_Rep2","Read_478",0.713466977295919,"Subpopulation_1"
"NGS_Nanog_KO_Rep2","Read_479",0.727564481711926,"Subpopulation_1"
"NGS_Nanog_KO_Rep2","Read_480",0.725894169479858,"Subpopulation_1"
"NGS_Nanog_KO_Rep2","Read_481",0.712005432159931,"Subpopulation_1"
"NGS_Nanog_KO_Rep2","Read_482",0.71284473037638,"Subpopulation_1"
"NGS_Nanog_KO_Rep2","Read_483",0.724630355409332,"Subpopulation_1"
"NGS_Nanog_KO_Rep2","Read_484",0.716400855512841,"Subpopulation_1"
"NGS_Nanog_KO_Rep2","Read_485",0.7136942146271,"Subpopulation_1"
"NGS_Nanog_KO_Rep2","Read_486",0.717942915223458,"Subpopulation_1"
"NGS_Nanog_KO_Rep2","Read_487",0.713296979975701,"Subpopulation_1"
"NGS_Nanog_KO_Rep2","Read_488",0.714176003157599,"Subpopulation_1"
"NGS_Nanog_KO_Rep2","Read_489",0.721032704704843,"Subpopulation_1"
"NGS_Nanog_KO_Rep2","Read_490",0.720733719238454,"Subpopulation_1"
"NGS_Nanog_KO_Rep2","Read_491",0.719208922018454,"Subpopulation_1"
"NGS_Nanog_KO_Rep2","Read_492",0.71606961535666,"Subpopulation_1"
"NGS_Nanog_KO_Rep2","Read_493",0.723852281480872,"Subpopulation_1"
"NGS_Nanog_KO_Rep2","Read_494",0.722955117730123,"Subpopulation_1"
"NGS_Nanog_KO_Rep2","Read_495",0.720617265043291,"Subpopulation_1"
"NGS_Nanog_KO_Rep2","Read_496",0.721543029658143,"Subpopulation_1"
"NGS_Nanog_KO_Rep2","Read_497",0.707758363170836,"Subpopulation_1"
"NGS_Nanog_KO_Rep2","Read_498",0.71217603963883,"Subpopulation_1"
"NGS_Nanog_KO_Rep2","Read_499",0.723552665697764,"Subpopulation_1"
"NGS_Nanog_KO_Rep2","Read_500",0.717995775890309,"Subpopulation_1"
"NGS_Nanog_KO_Rep2","Read_501",0.726636765588157,"Subpopulation_1"
"NGS_Nanog_KO_Rep2","Read_502",0.719564141321651,"Subpopulation_1"
"NGS_Nanog_KO_Rep2","Read_503",0.714516771473845,"Subpopulation_1"
"NGS_Nanog_KO_Rep2","Read_504",0.715690533921088,"Subpopulation_1"
"NGS_Nanog_KO_Rep2","Read_505",0.706305875081689,"Subpopulation_1"
"NGS_Nanog_KO_Rep2","Read_506",0.720980159340053,"Subpopulation_1"
"NGS_Nanog_KO_Rep2","Read_507",0.718579820248821,"Subpopulation_1"
"NGS_Nanog_KO_Rep2","Read_508",0.721867131048069,"Subpopulation_1"
"NGS_Nanog_KO_Rep2","Read_509",0.716444914436741,"Subpopulation_1"
"NGS_Nanog_KO_Rep2","Read_510",0.723190759445813,"Subpopulation_1"
"NGS_Nanog_KO_Rep2","Read_511",0.720355026282893,"Subpopulation_1"
"NGS_Nanog_KO_Rep2","Read_512",0.71426920107437,"Subpopulation_1"
"NGS_Nanog_KO_Rep2","Read_513",0.71163069038209,"Subpopulation_1"
"NGS_Nanog_KO_Rep2","Read_514",0.707261158861394,"Subpopulation_1"
"NGS_Nanog_KO_Rep2","Read_515",0.720761681676825,"Subpopulation_1"
"NGS_Nanog_KO_Rep2","Read_516",0.71177821480853,"Subpopulation_1"
"NGS_Nanog_KO_Rep2","Read_517",0.716240063779136,"Subpopulation_1"
"NGS_Nanog_KO_Rep2","Read_518",0.718801094406179,"Subpopulation_1"
"NGS_Nanog_KO_Rep2","Read_519",0.725532243148747,"Subpopulation_1"
"NGS_Nanog_KO_Rep2","Read_520",0.722531941919839,"Subpopulation_1"
"NGS_Nanog_KO_Rep2","Read_521",0.717343330732482,"Subpopulation_1"
"NGS_Nanog_KO_Rep2","Read_522",0.726830754984684,"Subpopulation_1"
"NGS_Nanog_KO_Rep2","Read_523",0.717914091792457,"Subpopulation_1"
"NGS_Nanog_KO_Rep2","Read_524",0.708376868225858,"Subpopulation_1"
"NGS_Nanog_KO_Rep2","Read_525",0.718147765664112,"Subpopulation_1"
"NGS_Nanog_KO_Rep2","Read_526",0.719136095807343,"Subpopulation_1"
"NGS_Nanog_KO_Rep2","Read_527",0.721485145213683,"Subpopulation_1"
"NGS_Nanog_KO_Rep2","Read_528",0.720714035021924,"Subpopulation_1"
"NGS_Nanog_KO_Rep2","Read_529",0.713440115825447,"Subpopulation_1"
"NGS_Nanog_KO_Rep2","Read_530",0.713982414832444,"Subpopulation_1"
"NGS_Nanog_KO_Rep2","Read_531",0.72075599665253,"Subpopulation_1"
"NGS_Nanog_KO_Rep2","Read_532",0.725585983416328,"Subpopulation_1"
"NGS_Nanog_KO_Rep2","Read_533",0.721861257954834,"Subpopulation_1"
"NGS_Nanog_KO_Rep2","Read_534",0.724938625361328,"Subpopulation_1"
"NGS_Nanog_KO_Rep2","Read_535",0.721012682586081,"Subpopulation_1"
"NGS_Nanog_KO_Rep2","Read_536",0.715430325192049,"Subpopulation_1"
"NGS_Nanog_KO_Rep2","Read_537",0.723985148033174,"Subpopulation_1"
"NGS_Nanog_KO_Rep2","Read_538",0.711764112432833,"Subpopulation_1"
"NGS_Nanog_KO_Rep2","Read_539",0.722917275640875,"Subpopulation_1"
"NGS_Nanog_KO_Rep2","Read_540",0.721479706337519,"Subpopulation_1"
"NGS_Nanog_KO_Rep2","Read_541",0.70851016017136,"Subpopulation_1"
"NGS_Nanog_KO_Rep2","Read_542",0.709799145758968,"Subpopulation_1"
"NGS_Nanog_KO_Rep2","Read_543",0.712153568841164,"Subpopulation_1"
"NGS_Nanog_KO_Rep2","Read_544",0.722983716326058,"Subpopulation_1"
"NGS_Nanog_KO_Rep2","Read_545",0.71664380237276,"Subpopulation_1"
"NGS_Nanog_KO_Rep2","Read_546",0.721646781333183,"Subpopulation_1"
"NGS_Nanog_KO_Rep2","Read_547",0.716374871342282,"Subpopulation_1"
"NGS_Nanog_KO_Rep2","Read_548",0.715855237215489,"Subpopulation_1"
"NGS_Nanog_KO_Rep2","Read_549",0.717742986540045,"Subpopulation_1"
"NGS_Nanog_KO_Rep2","Read_550",0.721768326767553,"Subpopulation_1"
"NGS_Nanog_KO_Rep2","Read_551",0.718540123826991,"Subpopulation_1"
"NGS_Nanog_KO_Rep2","Read_552",0.713674199916279,"Subpopulation_1"
"NGS_Nanog_KO_Rep2","Read_553",0.725866036169623,"Subpopulation_1"
"NGS_Nanog_KO_Rep2","Read_554",0.720471114317594,"Subpopulation_1"
"NGS_Nanog_KO_Rep2","Read_555",0.719789722004971,"Subpopulation_1"
"NGS_Nanog_KO_Rep2","Read_556",0.715697508945414,"Subpopulation_1"
"NGS_Nanog_KO_Rep2","Read_557",0.715951057686532,"Subpopulation_1"
"NGS_Nanog_KO_Rep2","Read_558",0.708853179087509,"Subpopulation_1"
"NGS_Nanog_KO_Rep2","Read_559",0.727404072022456,"Subpopulation_1"
"NGS_Nanog_KO_Rep2","Read_560",0.702565839700781,"Subpopulation_1"
"NGS_Nanog_KO_Rep2","Read_561",0.720423826268294,"Subpopulation_1"
"NGS_Nanog_KO_Rep2","Read_562",0.710209308254117,"Subpopulation_1"
"NGS_Nanog_KO_Rep2","Read_563",0.717437862800791,"Subpopulation_1"
"NGS_Nanog_KO_Rep2","Read_564",0.710992047208995,"Subpopulation_1"
"NGS_Nanog_KO_Rep2","Read_565",0.731303555374285,"Subpopulation_1"
"NGS_Nanog_KO_Rep2","Read_566",0.716841181911212,"Subpopulation_1"
"NGS_Nanog_KO_Rep2","Read_567",0.712077706595129,"Subpopulation_1"
"NGS_Nanog_KO_Rep2","Read_568",0.717199028752905,"Subpopulation_1"
"NGS_Nanog_KO_Rep2","Read_569",0.721926482338032,"Subpopulation_1"
"NGS_Nanog_KO_Rep2","Read_570",0.723751279226297,"Subpopulation_1"
"NGS_Nanog_KO_Rep2","Read_571",0.728364608698047,"Subpopulation_1"
"NGS_Nanog_KO_Rep2","Read_572",0.71149891054053,"Subpopulation_1"
"NGS_Nanog_KO_Rep2","Read_573",0.716623255770223,"Subpopulation_1"
"NGS_Nanog_KO_Rep2","Read_574",0.714197465220263,"Subpopulation_1"
"NGS_Nanog_KO_Rep2","Read_575",0.713809441442538,"Subpopulation_1"
"NGS_Nanog_KO_Rep2","Read_576",0.71846064055071,"Subpopulation_1"
"NGS_Nanog_KO_Rep2","Read_577",0.71685349427335,"Subpopulation_1"
"NGS_Nanog_KO_Rep2","Read_578",0.713034317798096,"Subpopulation_1"
"NGS_Nanog_KO_Rep2","Read_579",0.719694104510228,"Subpopulation_1"
"NGS_Nanog_KO_Rep2","Read_580",0.720686330039858,"Subpopulation_1"
"NGS_Nanog_KO_Rep2","Read_581",0.723360842602749,"Subpopulation_1"
"NGS_Nanog_KO_Rep2","Read_582",0.719419145595043,"Subpopulation_1"
"NGS_Nanog_KO_Rep2","Read_583",0.71928079986178,"Subpopulation_1"
"NGS_Nanog_KO_Rep2","Read_584",0.716453224233378,"Subpopulation_1"
"NGS_Nanog_KO_Rep2","Read_585",0.718688192578669,"Subpopulation_1"
"NGS_Nanog_KO_Rep2","Read_586",0.707580994392449,"Subpopulation_1"
"NGS_Nanog_KO_Rep2","Read_587",0.728844770975862,"Subpopulation_1"
"NGS_Nanog_KO_Rep2","Read_588",0.711536230995835,"Subpopulation_1"
"NGS_Nanog_KO_Rep2","Read_589",0.731143446564917,"Subpopulation_1"
"NGS_Nanog_KO_Rep2","Read_590",0.714460233264267,"Subpopulation_1"
"NGS_Nanog_KO_Rep2","Read_591",0.714780016982851,"Subpopulation_1"
"NGS_Nanog_KO_Rep2","Read_592",0.704526209890328,"Subpopulation_1"
"NGS_Nanog_KO_Rep2","Read_593",0.711483785093097,"Subpopulation_1"
"NGS_Nanog_KO_Rep2","Read_594",0.716621191318772,"Subpopulation_1"
"NGS_Nanog_KO_Rep2","Read_595",0.72039526137394,"Subpopulation_1"
"NGS_Nanog_KO_Rep2","Read_596",0.72048925928024,"Subpopulation_1"
"NGS_Nanog_KO_Rep2","Read_597",0.716673792268274,"Subpopulation_1"
"NGS_Nanog_KO_Rep2","Read_598",0.72069571313456,"Subpopulation_1"
"NGS_Nanog_KO_Rep2","Read_599",0.724877791139775,"Subpopulation_1"
"NGS_Nanog_KO_Rep2","Read_600",0.712208964613845,"Subpopulation_1"
"NGS_Nanog_KO_Rep2","Read_601",0.717404964998262,"Subpopulation_1"
"NGS_Nanog_KO_Rep2","Read_602",0.719524048914989,"Subpopulation_1"
"NGS_Nanog_KO_Rep2","Read_603",0.707605505270809,"Subpopulation_1"
"NGS_Nanog_KO_Rep2","Read_604",0.720028485152032,"Subpopulation_1"
"NGS_Nanog_KO_Rep2","Read_605",0.726193140696826,"Subpopulation_1"
"NGS_Nanog_KO_Rep2","Read_606",0.715390365971995,"Subpopulation_1"
"NGS_Nanog_KO_Rep2","Read_607",0.71444964803512,"Subpopulation_1"
"NGS_Nanog_KO_Rep2","Read_608",0.717063648241433,"Subpopulation_1"
"NGS_Nanog_KO_Rep2","Read_609",0.716218548023187,"Subpopulation_1"
"NGS_Nanog_KO_Rep2","Read_610",0.724631902993392,"Subpopulation_1"
"NGS_Nanog_KO_Rep2","Read_611",0.715974061247404,"Subpopulation_1"
"NGS_Nanog_KO_Rep2","Read_612",0.720366115892906,"Subpopulation_1"
"NGS_Nanog_KO_Rep2","Read_613",0.718035540423922,"Subpopulation_1"
"NGS_Nanog_KO_Rep2","Read_614",0.719145457746056,"Subpopulation_1"
"NGS_Nanog_KO_Rep2","Read_615",0.728424657839104,"Subpopulation_1"
"NGS_Nanog_KO_Rep2","Read_616",0.720224049707278,"Subpopulation_1"
"NGS_Nanog_KO_Rep2","Read_617",0.713185559351918,"Subpopulation_1"
"NGS_Nanog_KO_Rep2","Read_618",0.718907772886255,"Subpopulation_1"
"NGS_Nanog_KO_Rep2","Read_619",0.71792925138011,"Subpopulation_1"
"NGS_Nanog_KO_Rep2","Read_620",0.715935980867506,"Subpopulation_1"
"NGS_Nanog_KO_Rep2","Read_621",0.725449183697508,"Subpopulation_1"
"NGS_Nanog_KO_Rep2","Read_622",0.720001186193252,"Subpopulation_1"
"NGS_Nanog_KO_Rep2","Read_623",0.721718722583304,"Subpopulation_1"
"NGS_Nanog_KO_Rep2","Read_624",0.695489043088109,"Subpopulation_1"
"NGS_Nanog_KO_Rep2","Read_625",0.727224223291735,"Subpopulation_1"
"NGS_Nanog_KO_Rep2","Read_626",0.732938700075397,"Subpopulation_1"
"NGS_Nanog_KO_Rep2","Read_627",0.706219766747928,"Subpopulation_1"
"NGS_Nanog_KO_Rep2","Read_628",0.717581619035177,"Subpopulation_1"
"NGS_Nanog_KO_Rep2","Read_629",0.71982504733884,"Subpopulation_1"
"NGS_Nanog_KO_Rep2","Read_630",0.715820901816652,"Subpopulation_1"
"NGS_Nanog_KO_Rep2","Read_631",0.727581530982216,"Subpopulation_1"
"NGS_Nanog_KO_Rep2","Read_632",0.716569058791996,"Subpopulation_1"
"NGS_Nanog_KO_Rep2","Read_633",0.723186981379502,"Subpopulation_1"
"NGS_Nanog_KO_Rep2","Read_634",0.718340266942941,"Subpopulation_1"
"NGS_Nanog_KO_Rep2","Read_635",0.718737726020942,"Subpopulation_1"
"NGS_Nanog_KO_Rep2","Read_636",0.716583614990611,"Subpopulation_1"
"NGS_Nanog_KO_Rep2","Read_637",0.71657025033013,"Subpopulation_1"
"NGS_Nanog_KO_Rep2","Read_638",0.723369438336824,"Subpopulation_1"
"NGS_Nanog_KO_Rep2","Read_639",0.710075161539479,"Subpopulation_1"
"NGS_Nanog_KO_Rep2","Read_640",0.725646558577867,"Subpopulation_1"
"NGS_Nanog_KO_Rep2","Read_641",0.721903939456317,"Subpopulation_1"
"NGS_Nanog_KO_Rep2","Read_642",0.716993331850971,"Subpopulation_1"
"NGS_Nanog_KO_Rep2","Read_643",0.719960787003375,"Subpopulation_1"
"NGS_Nanog_KO_Rep2","Read_644",0.713634937130022,"Subpopulation_1"
"NGS_Nanog_KO_Rep2","Read_645",0.718822320415081,"Subpopulation_1"
"NGS_Nanog_KO_Rep2","Read_646",0.717392207966416,"Subpopulation_1"
"NGS_Nanog_KO_Rep2","Read_647",0.713586955945812,"Subpopulation_1"
"NGS_Nanog_KO_Rep2","Read_648",0.717778004822785,"Subpopulation_1"
"NGS_Nanog_KO_Rep2","Read_649",0.71855610417977,"Subpopulation_1"
"NGS_Nanog_KO_Rep2","Read_650",0.716795411595313,"Subpopulation_1"
"NGS_Nanog_KO_Rep2","Read_651",0.716966895861495,"Subpopulation_1"
"NGS_Nanog_KO_Rep2","Read_652",0.716208712452985,"Subpopulation_1"
"NGS_Nanog_KO_Rep2","Read_653",0.718403424384152,"Subpopulation_1"
"NGS_Nanog_KO_Rep2","Read_654",0.716056858259602,"Subpopulation_1"
"NGS_Nanog_KO_Rep2","Read_655",0.723112259363366,"Subpopulation_1"
"NGS_Nanog_KO_Rep2","Read_656",0.723768218431972,"Subpopulation_1"
"NGS_Nanog_KO_Rep2","Read_657",0.718505407108621,"Subpopulation_1"
"NGS_Nanog_KO_Rep2","Read_658",0.720686812348942,"Subpopulation_1"
"NGS_Nanog_KO_Rep2","Read_659",0.717150870777079,"Subpopulation_1"
"NGS_Nanog_KO_Rep2","Read_660",0.72890779693355,"Subpopulation_1"
"NGS_Nanog_KO_Rep2","Read_661",0.721943573905467,"Subpopulation_1"
"NGS_Nanog_KO_Rep2","Read_662",0.708901271355923,"Subpopulation_1"
"NGS_Nanog_KO_Rep2","Read_663",0.724316978430381,"Subpopulation_1"
"NGS_Nanog_KO_Rep2","Read_664",0.719084728224623,"Subpopulation_1"
"NGS_Nanog_KO_Rep2","Read_665",0.715284565306025,"Subpopulation_1"
"NGS_Nanog_KO_Rep2","Read_666",0.716689370073359,"Subpopulation_1"
"NGS_Nanog_KO_Rep2","Read_667",0.718994441800165,"Subpopulation_1"
"NGS_Nanog_KO_Rep2","Read_668",0.731765910053596,"Subpopulation_1"
"NGS_Nanog_KO_Rep2","Read_669",0.711738039711364,"Subpopulation_1"
"NGS_Nanog_KO_Rep2","Read_670",0.721549907228323,"Subpopulation_1"
"NGS_Nanog_KO_Rep2","Read_671",0.713241039024111,"Subpopulation_1"
"NGS_Nanog_KO_Rep2","Read_672",0.710688832784335,"Subpopulation_1"
"NGS_Nanog_KO_Rep2","Read_673",0.720083489581382,"Subpopulation_1"
"NGS_Nanog_KO_Rep2","Read_674",0.715663901092218,"Subpopulation_1"
"NGS_Nanog_KO_Rep2","Read_675",0.723191511975258,"Subpopulation_1"
"NGS_Nanog_KO_Rep2","Read_676",0.727399784466936,"Subpopulation_1"
"NGS_Nanog_KO_Rep2","Read_677",0.720981559938154,"Subpopulation_1"
"NGS_Nanog_KO_Rep2","Read_678",0.713904220936476,"Subpopulation_1"
"NGS_Nanog_KO_Rep2","Read_679",0.714771398119323,"Subpopulation_1"
"NGS_Nanog_KO_Rep2","Read_680",0.72072157022068,"Subpopulation_1"
"NGS_Nanog_KO_Rep2","Read_681",0.726496286073085,"Subpopulation_1"
"NGS_Nanog_KO_Rep2","Read_682",0.726137094773827,"Subpopulation_1"
"NGS_Nanog_KO_Rep2","Read_683",0.718083437543339,"Subpopulation_1"
"NGS_Nanog_KO_Rep2","Read_684",0.714820926950628,"Subpopulation_1"
"NGS_Nanog_KO_Rep2","Read_685",0.716243103928269,"Subpopulation_1"
"NGS_Nanog_KO_Rep2","Read_686",0.721361522864675,"Subpopulation_1"
"NGS_Nanog_KO_Rep2","Read_687",0.714176394809619,"Subpopulation_1"
"NGS_Nanog_KO_Rep2","Read_688",0.715845886748927,"Subpopulation_1"
"NGS_Nanog_KO_Rep2","Read_689",0.721119567937577,"Subpopulation_1"
"NGS_Nanog_KO_Rep2","Read_690",0.722906514439185,"Subpopulation_1"
"NGS_Nanog_KO_Rep2","Read_691",0.724479685219996,"Subpopulation_1"
"NGS_Nanog_KO_Rep2","Read_692",0.715283134818722,"Subpopulation_1"
"NGS_Nanog_KO_Rep2","Read_693",0.714321094554787,"Subpopulation_1"
"NGS_Nanog_KO_Rep2","Read_694",0.72097194336248,"Subpopulation_1"
"NGS_Nanog_KO_Rep2","Read_695",0.721347635223943,"Subpopulation_1"
"NGS_Nanog_KO_Rep2","Read_696",0.728822841631576,"Subpopulation_1"
"NGS_Nanog_KO_Rep2","Read_697",0.721467583942643,"Subpopulation_1"
"NGS_Nanog_KO_Rep2","Read_698",0.720903416403793,"Subpopulation_1"
"NGS_Nanog_KO_Rep2","Read_699",0.703955491185625,"Subpopulation_1"
"NGS_Nanog_KO_Rep2","Read_700",0.707172042073479,"Subpopulation_1"
"NGS_Nanog_KO_Rep2","Read_701",0.717157800867868,"Subpopulation_1"
"NGS_Nanog_KO_Rep2","Read_702",0.713411408981714,"Subpopulation_1"
"NGS_Nanog_KO_Rep2","Read_703",0.711711638306012,"Subpopulation_1"
"NGS_Nanog_KO_Rep2","Read_704",0.718686541077863,"Subpopulation_1"
"NGS_Nanog_KO_Rep2","Read_705",0.720118266147333,"Subpopulation_1"
"NGS_Nanog_KO_Rep2","Read_706",0.720319903351574,"Subpopulation_1"
"NGS_Nanog_KO_Rep2","Read_707",0.720315423694027,"Subpopulation_1"
"NGS_Nanog_KO_Rep2","Read_708",0.709131578174379,"Subpopulation_1"
"NGS_Nanog_KO_Rep2","Read_709",0.719387364602591,"Subpopulation_1"
"NGS_Nanog_KO_Rep2","Read_710",0.730291691644202,"Subpopulation_1"
"NGS_Nanog_KO_Rep2","Read_711",0.721135630415257,"Subpopulation_1"
"NGS_Nanog_KO_Rep2","Read_712",0.709759519574455,"Subpopulation_1"
"NGS_Nanog_KO_Rep2","Read_713",0.722926242876076,"Subpopulation_1"
"NGS_Nanog_KO_Rep2","Read_714",0.731422808562662,"Subpopulation_1"
"NGS_Nanog_KO_Rep2","Read_715",0.710284421702263,"Subpopulation_1"
"NGS_Nanog_KO_Rep2","Read_716",0.724965877742213,"Subpopulation_1"
"NGS_Nanog_KO_Rep2","Read_717",0.719698160665895,"Subpopulation_1"
"NGS_Nanog_KO_Rep2","Read_718",0.719416249090479,"Subpopulation_1"
"NGS_Nanog_KO_Rep2","Read_719",0.715683966857528,"Subpopulation_1"
"NGS_Nanog_KO_Rep2","Read_720",0.71849825385414,"Subpopulation_1"
"NGS_Nanog_KO_Rep2","Read_721",0.730587303359043,"Subpopulation_1"
"NGS_Nanog_KO_Rep2","Read_722",0.725357815667317,"Subpopulation_1"
"NGS_Nanog_KO_Rep2","Read_723",0.724500030518577,"Subpopulation_1"
"NGS_Nanog_KO_Rep2","Read_724",0.729837072549858,"Subpopulation_1"
"NGS_Nanog_KO_Rep2","Read_725",0.716907268530436,"Subpopulation_1"
"NGS_Nanog_KO_Rep2","Read_726",0.712522140573291,"Subpopulation_1"
"NGS_Nanog_KO_Rep2","Read_727",0.723196640285427,"Subpopulation_1"
"NGS_Nanog_KO_Rep2","Read_728",0.702679113609198,"Subpopulation_1"
"NGS_Nanog_KO_Rep2","Read_729",0.714245678043805,"Subpopulation_1"
"NGS_Nanog_KO_Rep2","Read_730",0.719543841235541,"Subpopulation_1"
"NGS_Nanog_KO_Rep2","Read_731",0.706848998458968,"Subpopulation_1"
"NGS_Nanog_KO_Rep2","Read_732",0.710181013681758,"Subpopulation_1"
"NGS_Nanog_KO_Rep2","Read_733",0.706456273416063,"Subpopulation_1"
"NGS_Nanog_KO_Rep2","Read_734",0.722071724011164,"Subpopulation_1"
"NGS_Nanog_KO_Rep2","Read_735",0.72014673271637,"Subpopulation_1"
"NGS_Nanog_KO_Rep2","Read_736",0.720636704665276,"Subpopulation_1"
"NGS_Nanog_KO_Rep2","Read_737",0.728960355636676,"Subpopulation_1"
"NGS_Nanog_KO_Rep2","Read_738",0.713083374860466,"Subpopulation_1"
"NGS_Nanog_KO_Rep2","Read_739",0.722181124539809,"Subpopulation_1"
"NGS_Nanog_KO_Rep2","Read_740",0.717870854835372,"Subpopulation_1"
"NGS_Nanog_KO_Rep2","Read_741",0.702157122673879,"Subpopulation_1"
"NGS_Nanog_KO_Rep2","Read_742",0.729273967009227,"Subpopulation_1"
"NGS_Nanog_KO_Rep2","Read_743",0.72723240329795,"Subpopulation_1"
"NGS_Nanog_KO_Rep2","Read_744",0.724117560402589,"Subpopulation_1"
"NGS_Nanog_KO_Rep2","Read_745",0.724015030372894,"Subpopulation_1"
"NGS_Nanog_KO_Rep2","Read_746",0.710066811596223,"Subpopulation_1"
"NGS_Nanog_KO_Rep2","Read_747",0.710460882569747,"Subpopulation_1"
"NGS_Nanog_KO_Rep2","Read_748",0.716071003505386,"Subpopulation_1"
"NGS_Nanog_KO_Rep2","Read_749",0.715170959184173,"Subpopulation_1"
"NGS_Nanog_KO_Rep2","Read_750",0.723544623922698,"Subpopulation_1"
"NGS_Nanog_KO_Rep2","Read_751",0.719090943417599,"Subpopulation_1"
"NGS_Nanog_KO_Rep2","Read_752",0.723550982312545,"Subpopulation_1"
"NGS_Nanog_KO_Rep2","Read_753",0.721872278989988,"Subpopulation_1"
"NGS_Nanog_KO_Rep2","Read_754",0.722667261523864,"Subpopulation_1"
"NGS_Nanog_KO_Rep2","Read_755",0.723873329319163,"Subpopulation_1"
"NGS_Nanog_KO_Rep2","Read_756",0.718582692451162,"Subpopulation_1"
"NGS_Nanog_KO_Rep2","Read_757",0.716873209521965,"Subpopulation_1"
"NGS_Nanog_KO_Rep2","Read_758",0.716371295346452,"Subpopulation_1"
"NGS_Nanog_KO_Rep2","Read_759",0.715797819233968,"Subpopulation_1"
"NGS_Nanog_KO_Rep2","Read_760",0.715128857074618,"Subpopulation_1"
"NGS_Nanog_KO_Rep2","Read_761",0.724524406389195,"Subpopulation_1"
"NGS_Nanog_KO_Rep2","Read_762",0.715587898361445,"Subpopulation_1"
"NGS_Nanog_KO_Rep2","Read_763",0.715503073653608,"Subpopulation_1"
"NGS_Nanog_KO_Rep2","Read_764",0.719020606936827,"Subpopulation_1"
"NGS_Nanog_KO_Rep2","Read_765",0.722616916367986,"Subpopulation_1"
"NGS_Nanog_KO_Rep2","Read_766",0.718369662295664,"Subpopulation_1"
"NGS_Nanog_KO_Rep2","Read_767",0.714555000702738,"Subpopulation_1"
"NGS_Nanog_KO_Rep2","Read_768",0.725583591651643,"Subpopulation_1"
"NGS_Nanog_KO_Rep2","Read_769",0.725147276144349,"Subpopulation_1"
"NGS_Nanog_KO_Rep2","Read_770",0.727620448687068,"Subpopulation_1"
"NGS_Nanog_KO_Rep2","Read_771",0.726580536714012,"Subpopulation_1"
"NGS_Nanog_KO_Rep2","Read_772",0.721472446628215,"Subpopulation_1"
"NGS_Nanog_KO_Rep2","Read_773",0.715232394304914,"Subpopulation_1"
"NGS_Nanog_KO_Rep2","Read_774",0.724817740482929,"Subpopulation_1"
"NGS_Nanog_KO_Rep2","Read_775",0.715245874213553,"Subpopulation_1"
"NGS_Nanog_KO_Rep2","Read_776",0.71274037402524,"Subpopulation_1"
"NGS_Nanog_KO_Rep2","Read_777",0.709807663391309,"Subpopulation_1"
"NGS_Nanog_KO_Rep2","Read_778",0.719592042593371,"Subpopulation_1"
"NGS_Nanog_KO_Rep2","Read_779",0.708397396329063,"Subpopulation_1"
"NGS_Nanog_KO_Rep2","Read_780",0.720095864724367,"Subpopulation_1"
"NGS_Nanog_KO_Rep2","Read_781",0.724758641711089,"Subpopulation_1"
"NGS_Nanog_KO_Rep2","Read_782",0.715126240811395,"Subpopulation_1"
"NGS_Nanog_KO_Rep2","Read_783",0.717021998039585,"Subpopulation_1"
"NGS_Nanog_KO_Rep2","Read_784",0.7171585524207,"Subpopulation_1"
"NGS_Nanog_KO_Rep2","Read_785",0.704947744353627,"Subpopulation_1"
"NGS_Nanog_KO_Rep2","Read_786",0.72207448354014,"Subpopulation_1"
"NGS_Nanog_KO_Rep2","Read_787",0.73184456205321,"Subpopulation_1"
"NGS_Nanog_KO_Rep2","Read_788",0.714703736141809,"Subpopulation_1"
"NGS_Nanog_KO_Rep2","Read_789",0.701881035678716,"Subpopulation_1"
"NGS_Nanog_KO_Rep2","Read_790",0.718857527551533,"Subpopulation_1"
"NGS_Nanog_KO_Rep2","Read_791",0.711231191938673,"Subpopulation_1"
"NGS_Nanog_KO_Rep2","Read_792",0.71361825731748,"Subpopulation_1"
"NGS_Nanog_KO_Rep2","Read_793",0.721695426954371,"Subpopulation_1"
"NGS_Nanog_KO_Rep2","Read_794",0.717769267985671,"Subpopulation_1"
"NGS_Nanog_KO_Rep2","Read_795",0.713837421257538,"Subpopulation_1"
"NGS_Nanog_KO_Rep2","Read_796",0.724205057543925,"Subpopulation_1"
"NGS_Nanog_KO_Rep2","Read_797",0.71674591256022,"Subpopulation_1"
"NGS_Nanog_KO_Rep2","Read_798",0.7262826743534,"Subpopulation_1"
"NGS_Nanog_KO_Rep2","Read_799",0.726099989380142,"Subpopulation_1"
"NGS_Nanog_KO_Rep2","Read_800",0.722397716839061,"Subpopulation_1"
"NGS_Nanog_KO_Rep2","Read_801",0.721765675624002,"Subpopulation_1"
"NGS_Nanog_KO_Rep2","Read_802",0.716737534749483,"Subpopulation_1"
"NGS_Nanog_KO_Rep2","Read_803",0.729222922821692,"Subpopulation_1"
"NGS_Nanog_KO_Rep2","Read_804",0.70518674554501,"Subpopulation_1"
"NGS_Nanog_KO_Rep2","Read_805",0.720144231304684,"Subpopulation_1"
"NGS_Nanog_KO_Rep2","Read_806",0.712286939237227,"Subpopulation_1"
"NGS_Nanog_KO_Rep2","Read_807",0.72313998626881,"Subpopulation_1"
"NGS_Nanog_KO_Rep2","Read_808",0.719015327933281,"Subpopulation_1"
"NGS_Nanog_KO_Rep2","Read_809",0.727147115954714,"Subpopulation_1"
"NGS_Nanog_KO_Rep2","Read_810",0.70805788342326,"Subpopulation_1"
"NGS_Nanog_KO_Rep2","Read_811",0.708655654072973,"Subpopulation_1"
"NGS_Nanog_KO_Rep2","Read_812",0.727758730762664,"Subpopulation_1"
"NGS_Nanog_KO_Rep2","Read_813",0.720031523143721,"Subpopulation_1"
"NGS_Nanog_KO_Rep2","Read_814",0.717247525528233,"Subpopulation_1"
"NGS_Nanog_KO_Rep2","Read_815",0.721289012119948,"Subpopulation_1"
"NGS_Nanog_KO_Rep2","Read_816",0.718633444573657,"Subpopulation_1"
"NGS_Nanog_KO_Rep2","Read_817",0.713285155507582,"Subpopulation_1"
"NGS_Nanog_KO_Rep2","Read_818",0.719400927616609,"Subpopulation_1"
"NGS_Nanog_KO_Rep2","Read_819",0.722200866420031,"Subpopulation_1"
"NGS_Nanog_KO_Rep2","Read_820",0.713101485066272,"Subpopulation_1"
"NGS_Nanog_KO_Rep2","Read_821",0.718638336643858,"Subpopulation_1"
"NGS_Nanog_KO_Rep2","Read_822",0.727584063330659,"Subpopulation_1"
"NGS_Nanog_KO_Rep2","Read_823",0.720190282807789,"Subpopulation_1"
"NGS_Nanog_KO_Rep2","Read_824",0.720812636321463,"Subpopulation_1"
"NGS_Nanog_KO_Rep2","Read_825",0.72378960882301,"Subpopulation_1"
"NGS_Nanog_KO_Rep2","Read_826",0.723003458015125,"Subpopulation_1"
"NGS_Nanog_KO_Rep2","Read_827",0.722867398699049,"Subpopulation_1"
"NGS_Nanog_KO_Rep2","Read_828",0.717716827130574,"Subpopulation_1"
"NGS_Nanog_KO_Rep2","Read_829",0.721562523440088,"Subpopulation_1"
"NGS_Nanog_KO_Rep2","Read_830",0.724606593187793,"Subpopulation_1"
"NGS_Nanog_KO_Rep2","Read_831",0.725889418451904,"Subpopulation_1"
"NGS_Nanog_KO_Rep2","Read_832",0.703639317862182,"Subpopulation_1"
"NGS_Nanog_KO_Rep2","Read_833",0.719693108409886,"Subpopulation_1"
"NGS_Nanog_KO_Rep2","Read_834",0.710621783212311,"Subpopulation_1"
"NGS_Nanog_KO_Rep2","Read_835",0.717614074778916,"Subpopulation_1"
"NGS_Nanog_KO_Rep2","Read_836",0.719279038060391,"Subpopulation_1"
"NGS_Nanog_KO_Rep2","Read_837",0.715709804502226,"Subpopulation_1"
"NGS_Nanog_KO_Rep2","Read_838",0.720268719232637,"Subpopulation_1"
"NGS_Nanog_KO_Rep2","Read_839",0.717287834902885,"Subpopulation_1"
"NGS_Nanog_KO_Rep2","Read_840",0.714174178834865,"Subpopulation_1"
"NGS_Nanog_KO_Rep2","Read_841",0.721479903855256,"Subpopulation_1"
"NGS_Nanog_KO_Rep2","Read_842",0.717552764397136,"Subpopulation_1"
"NGS_Nanog_KO_Rep2","Read_843",0.713667520805574,"Subpopulation_1"
"NGS_Nanog_KO_Rep2","Read_844",0.709600281478293,"Subpopulation_1"
"NGS_Nanog_KO_Rep2","Read_845",0.713787268337504,"Subpopulation_1"
"NGS_Nanog_KO_Rep2","Read_846",0.702374401846426,"Subpopulation_1"
"NGS_Nanog_KO_Rep2","Read_847",0.71969143519007,"Subpopulation_1"
"NGS_Nanog_KO_Rep2","Read_848",0.71913137174232,"Subpopulation_1"
"NGS_Nanog_KO_Rep2","Read_849",0.718212004026677,"Subpopulation_1"
"NGS_Nanog_KO_Rep2","Read_850",0.71626841886478,"Subpopulation_1"
"NGS_Nanog_KO_Rep2","Read_851",0.721562633818621,"Subpopulation_1"
"NGS_Nanog_KO_Rep2","Read_852",0.722109650691227,"Subpopulation_1"
"NGS_Nanog_KO_Rep2","Read_853",0.712307423287184,"Subpopulation_1"
"NGS_Nanog_KO_Rep2","Read_854",0.711476821732853,"Subpopulation_1"
"NGS_Nanog_KO_Rep2","Read_855",0.714477615503617,"Subpopulation_1"
"NGS_Nanog_KO_Rep2","Read_856",0.710783928540857,"Subpopulation_1"
"NGS_Nanog_KO_Rep2","Read_857",0.710039595460541,"Subpopulation_1"
"NGS_Nanog_KO_Rep2","Read_858",0.709683158739029,"Subpopulation_1"
"NGS_Nanog_KO_Rep2","Read_859",0.72011191154634,"Subpopulation_1"
"NGS_Nanog_KO_Rep2","Read_860",0.719089983334791,"Subpopulation_1"
"NGS_Nanog_KO_Rep2","Read_861",0.722827160763282,"Subpopulation_1"
"NGS_Nanog_KO_Rep2","Read_862",0.71767555277301,"Subpopulation_1"
"NGS_Nanog_KO_Rep2","Read_863",0.701100373963893,"Subpopulation_1"
"NGS_Nanog_KO_Rep2","Read_864",0.721860030891493,"Subpopulation_1"
"NGS_Nanog_KO_Rep2","Read_865",0.716847360319295,"Subpopulation_1"
"NGS_Nanog_KO_Rep2","Read_866",0.717187584758773,"Subpopulation_1"
"NGS_Nanog_KO_Rep2","Read_867",0.742743275079547,"Subpopulation_1"
"NGS_Nanog_KO_Rep2","Read_868",0.718941628165224,"Subpopulation_1"
"NGS_Nanog_KO_Rep2","Read_869",0.721636508581472,"Subpopulation_1"
"NGS_Nanog_KO_Rep2","Read_870",0.70971113511778,"Subpopulation_1"
"NGS_Nanog_KO_Rep2","Read_871",0.719282265389699,"Subpopulation_1"
"NGS_Nanog_KO_Rep2","Read_872",0.710929320376283,"Subpopulation_1"
"NGS_Nanog_KO_Rep2","Read_873",0.717487290470377,"Subpopulation_1"
"NGS_Nanog_KO_Rep2","Read_874",0.719297526605475,"Subpopulation_1"
"NGS_Nanog_KO_Rep2","Read_875",0.716004649926656,"Subpopulation_1"
"NGS_Nanog_KO_Rep2","Read_876",0.721277560809729,"Subpopulation_1"
"NGS_Nanog_KO_Rep2","Read_877",0.719166552539658,"Subpopulation_1"
"NGS_Nanog_KO_Rep2","Read_878",0.722028859346753,"Subpopulation_1"
"NGS_Nanog_KO_Rep2","Read_879",0.720838538162988,"Subpopulation_1"
"NGS_Nanog_KO_Rep2","Read_880",0.713676381871914,"Subpopulation_1"
"NGS_Nanog_KO_Rep2","Read_881",0.719687782335696,"Subpopulation_1"
"NGS_Nanog_KO_Rep2","Read_882",0.724295857815114,"Subpopulation_1"
"NGS_Nanog_KO_Rep2","Read_883",0.718097679834576,"Subpopulation_1"
"NGS_Nanog_KO_Rep2","Read_884",0.725699117201889,"Subpopulation_1"
"NGS_Nanog_KO_Rep2","Read_885",0.698208849694271,"Subpopulation_1"
"NGS_Nanog_KO_Rep2","Read_886",0.721639499490376,"Subpopulation_1"
"NGS_Nanog_KO_Rep2","Read_887",0.719665698158534,"Subpopulation_1"
"NGS_Nanog_KO_Rep2","Read_888",0.72424671720571,"Subpopulation_1"
"NGS_Nanog_KO_Rep2","Read_889",0.721971069054506,"Subpopulation_1"
"NGS_Nanog_KO_Rep2","Read_890",0.714532278837525,"Subpopulation_1"
"NGS_Nanog_KO_Rep2","Read_891",0.71486652340462,"Subpopulation_1"
"NGS_Nanog_KO_Rep2","Read_892",0.706493881614177,"Subpopulation_1"
"NGS_Nanog_KO_Rep2","Read_893",0.709826909127291,"Subpopulation_1"
"NGS_Nanog_KO_Rep2","Read_894",0.711221566302944,"Subpopulation_1"
"NGS_Nanog_KO_Rep2","Read_895",0.727251982409736,"Subpopulation_1"
"NGS_Nanog_KO_Rep2","Read_896",0.717098686708968,"Subpopulation_1"
"NGS_Nanog_KO_Rep2","Read_897",0.721384510263216,"Subpopulation_1"
"NGS_Nanog_KO_Rep2","Read_898",0.714692372186909,"Subpopulation_1"
"NGS_Nanog_KO_Rep2","Read_899",0.722246327869581,"Subpopulation_1"
"NGS_Nanog_KO_Rep2","Read_900",0.721971443201337,"Subpopulation_1"
"NGS_Nanog_KO_Rep2","Read_901",0.716652517420549,"Subpopulation_1"
"NGS_Nanog_KO_Rep2","Read_902",0.718116448802839,"Subpopulation_1"
"NGS_Nanog_KO_Rep2","Read_903",0.725718240072276,"Subpopulation_1"
"NGS_Nanog_KO_Rep2","Read_904",0.715242449300336,"Subpopulation_1"
"NGS_Nanog_KO_Rep2","Read_905",0.723910091612086,"Subpopulation_1"
"NGS_Nanog_KO_Rep2","Read_906",0.72183701593304,"Subpopulation_1"
"NGS_Nanog_KO_Rep2","Read_907",0.71748578653146,"Subpopulation_1"
"NGS_Nanog_KO_Rep2","Read_908",0.724195347708419,"Subpopulation_1"
"NGS_Nanog_KO_Rep2","Read_909",0.715859073112847,"Subpopulation_1"
"NGS_Nanog_KO_Rep2","Read_910",0.71709231239236,"Subpopulation_1"
"NGS_Nanog_KO_Rep2","Read_911",0.72029901414956,"Subpopulation_1"
"NGS_Nanog_KO_Rep2","Read_912",0.715511046726558,"Subpopulation_1"
"NGS_Nanog_KO_Rep2","Read_913",0.719129550267054,"Subpopulation_1"
"NGS_Nanog_KO_Rep2","Read_914",0.715514095123025,"Subpopulation_1"
"NGS_Nanog_KO_Rep2","Read_915",0.726170848840709,"Subpopulation_1"
"NGS_Nanog_KO_Rep2","Read_916",0.726475973128217,"Subpopulation_1"
"NGS_Nanog_KO_Rep2","Read_917",0.716297371949906,"Subpopulation_1"
"NGS_Nanog_KO_Rep2","Read_918",0.726746029120119,"Subpopulation_1"
"NGS_Nanog_KO_Rep2","Read_919",0.722118797533474,"Subpopulation_1"
"NGS_Nanog_KO_Rep2","Read_920",0.720138608612408,"Subpopulation_1"
"NGS_Nanog_KO_Rep2","Read_921",0.711155802439033,"Subpopulation_1"
"NGS_Nanog_KO_Rep2","Read_922",0.725108918162669,"Subpopulation_1"
"NGS_Nanog_KO_Rep2","Read_923",0.722882486316191,"Subpopulation_1"
"NGS_Nanog_KO_Rep2","Read_924",0.715745424284235,"Subpopulation_1"
"NGS_Nanog_KO_Rep2","Read_925",0.717154946034115,"Subpopulation_1"
"NGS_Nanog_KO_Rep2","Read_926",0.71650540537771,"Subpopulation_1"
"NGS_Nanog_KO_Rep2","Read_927",0.721516134193279,"Subpopulation_1"
"NGS_Nanog_KO_Rep2","Read_928",0.722686371840332,"Subpopulation_1"
"NGS_Nanog_KO_Rep2","Read_929",0.720419616578639,"Subpopulation_1"
"NGS_Nanog_KO_Rep2","Read_930",0.718741084720129,"Subpopulation_1"
"NGS_Nanog_KO_Rep2","Read_931",0.723446052924614,"Subpopulation_1"
"NGS_Nanog_KO_Rep2","Read_932",0.713363585995202,"Subpopulation_1"
"NGS_Nanog_KO_Rep2","Read_933",0.730289189651124,"Subpopulation_1"
"NGS_Nanog_KO_Rep2","Read_934",0.723672970616919,"Subpopulation_1"
"NGS_Nanog_KO_Rep2","Read_935",0.712844105512488,"Subpopulation_1"
"NGS_Nanog_KO_Rep2","Read_936",0.719676889615551,"Subpopulation_1"
"NGS_Nanog_KO_Rep2","Read_937",0.717758082097846,"Subpopulation_1"
"NGS_Nanog_KO_Rep2","Read_938",0.709102870142326,"Subpopulation_1"
"NGS_Nanog_KO_Rep2","Read_939",0.712550182151557,"Subpopulation_1"
"NGS_Nanog_KO_Rep2","Read_940",0.719847990982566,"Subpopulation_1"
"NGS_Nanog_KO_Rep2","Read_941",0.708079039962329,"Subpopulation_1"
"NGS_Nanog_KO_Rep2","Read_942",0.717576446970029,"Subpopulation_1"
"NGS_Nanog_KO_Rep2","Read_943",0.716981011767374,"Subpopulation_1"
"NGS_Nanog_KO_Rep2","Read_944",0.709790053012797,"Subpopulation_1"
"NGS_Nanog_KO_Rep2","Read_945",0.71584805858081,"Subpopulation_1"
"NGS_Nanog_KO_Rep2","Read_946",0.71758814132662,"Subpopulation_1"
"NGS_Nanog_KO_Rep2","Read_947",0.706888369983456,"Subpopulation_1"
"NGS_Nanog_KO_Rep2","Read_948",0.708895372473858,"Subpopulation_1"
"NGS_Nanog_KO_Rep2","Read_949",0.714852368115327,"Subpopulation_1"
"NGS_Nanog_KO_Rep2","Read_950",0.709543831534107,"Subpopulation_1"
"NGS_Nanog_KO_Rep2","Read_951",0.713297406880145,"Subpopulation_1"
"NGS_Nanog_KO_Rep2","Read_952",0.724936231143963,"Subpopulation_1"
"NGS_Nanog_KO_Rep2","Read_953",0.709606731078997,"Subpopulation_1"
"NGS_Nanog_KO_Rep2","Read_954",0.711812975172339,"Subpopulation_1"
"NGS_Nanog_KO_Rep2","Read_955",0.716078995939415,"Subpopulation_1"
"NGS_Nanog_KO_Rep2","Read_956",0.717551303412201,"Subpopulation_1"
"NGS_Nanog_KO_Rep2","Read_957",0.725397853059498,"Subpopulation_1"
"NGS_Nanog_KO_Rep2","Read_958",0.7303302939335,"Subpopulation_1"
"NGS_Nanog_KO_Rep2","Read_959",0.715467815139658,"Subpopulation_1"
"NGS_Nanog_KO_Rep2","Read_960",0.719402498840579,"Subpopulation_1"
"NGS_Nanog_KO_Rep2","Read_961",0.724972743149317,"Subpopulation_1"
"NGS_Nanog_KO_Rep2","Read_962",0.717147798465089,"Subpopulation_1"
"NGS_Nanog_KO_Rep2","Read_963",0.712050256454999,"Subpopulation_1"
"NGS_Nanog_KO_Rep2","Read_964",0.718143184714423,"Subpopulation_1"
"NGS_Nanog_KO_Rep2","Read_965",0.72194770431031,"Subpopulation_1"
"NGS_Nanog_KO_Rep2","Read_966",0.713830152766804,"Subpopulation_1"
"NGS_Nanog_KO_Rep2","Read_967",0.719532208620557,"Subpopulation_1"
"NGS_Nanog_KO_Rep2","Read_968",0.722354259169666,"Subpopulation_1"
"NGS_Nanog_KO_Rep2","Read_969",0.715207603419562,"Subpopulation_1"
"NGS_Nanog_KO_Rep2","Read_970",0.714082712387596,"Subpopulation_1"
"NGS_Nanog_KO_Rep2","Read_971",0.720162108584026,"Subpopulation_1"
"NGS_Nanog_KO_Rep2","Read_972",0.715366312487206,"Subpopulation_1"
"NGS_Nanog_KO_Rep2","Read_973",0.722304459240896,"Subpopulation_1"
"NGS_Nanog_KO_Rep2","Read_974",0.714029706640874,"Subpopulation_1"
"NGS_Nanog_KO_Rep2","Read_975",0.723909673588492,"Subpopulation_1"
"NGS_Nanog_KO_Rep2","Read_976",0.716973134611681,"Subpopulation_1"
"NGS_Nanog_KO_Rep2","Read_977",0.710680964397117,"Subpopulation_1"
"NGS_Nanog_KO_Rep2","Read_978",0.722320312680545,"Subpopulation_1"
"NGS_Nanog_KO_Rep2","Read_979",0.72485426166132,"Subpopulation_1"
"NGS_Nanog_KO_Rep2","Read_980",0.718015705294096,"Subpopulation_1"
"NGS_Nanog_KO_Rep2","Read_981",0.714637535779009,"Subpopulation_1"
"NGS_Nanog_KO_Rep2","Read_982",0.711208698813888,"Subpopulation_1"
"NGS_Nanog_KO_Rep2","Read_983",0.726212527966883,"Subpopulation_1"
"NGS_Nanog_KO_Rep2","Read_984",0.724337507208688,"Subpopulation_1"
"NGS_Nanog_KO_Rep2","Read_985",0.711541050357107,"Subpopulation_1"
"NGS_Nanog_KO_Rep2","Read_986",0.725519550162458,"Subpopulation_1"
"NGS_Nanog_KO_Rep2","Read_987",0.721302104414064,"Subpopulation_1"
"NGS_Nanog_KO_Rep2","Read_988",0.727633452348236,"Subpopulation_1"
"NGS_Nanog_KO_Rep2","Read_989",0.719615684131595,"Subpopulation_1"
"NGS_Nanog_KO_Rep2","Read_990",0.717552172922105,"Subpopulation_1"
"NGS_Nanog_KO_Rep2","Read_991",0.709995654194226,"Subpopulation_1"
"NGS_Nanog_KO_Rep2","Read_992",0.720248086356078,"Subpopulation_1"
"NGS_Nanog_KO_Rep2","Read_993",0.719531364944056,"Subpopulation_1"
"NGS_Nanog_KO_Rep2","Read_994",0.721444593090204,"Subpopulation_1"
"NGS_Nanog_KO_Rep2","Read_995",0.718122523578125,"Subpopulation_1"
"NGS_Nanog_KO_Rep2","Read_996",0.718024817009897,"Subpopulation_1"
"NGS_Nanog_KO_Rep2","Read_997",0.715857977686791,"Subpopulation_1"
"NGS_Nanog_KO_Rep2","Read_998",0.712613617263591,"Subpopulation_1"
"NGS_Nanog_KO_Rep2","Read_999",0.712352034128247,"Subpopulation_1"
"NGS_Nanog_KO_Rep2","Read_1000",0.724880781351917,"Subpopulation_1"
"NGS_Nanog_KO_Rep2","Read_1001",0.717799909736512,"Subpopulation_1"
"NGS_Nanog_KO_Rep2","Read_1002",0.718175936506788,"Subpopulation_1"
"NGS_Nanog_KO_Rep2","Read_1003",0.72519223520037,"Subpopulation_1"
"NGS_Nanog_KO_Rep2","Read_1004",0.72039498292178,"Subpopulation_1"
"NGS_Nanog_KO_Rep2","Read_1005",0.722612731279221,"Subpopulation_1"
"NGS_Nanog_KO_Rep2","Read_1006",0.708154089408956,"Subpopulation_1"
"NGS_Nanog_KO_Rep2","Read_1007",0.720581585146794,"Subpopulation_1"
"NGS_Nanog_KO_Rep2","Read_1008",0.719117998001045,"Subpopulation_1"
"NGS_Nanog_KO_Rep2","Read_1009",0.712924710670394,"Subpopulation_1"
"NGS_Nanog_KO_Rep2","Read_1010",0.712457280518456,"Subpopulation_1"
"NGS_Nanog_KO_Rep2","Read_1011",0.721725955348547,"Subpopulation_1"
"NGS_Nanog_KO_Rep2","Read_1012",0.721087064909049,"Subpopulation_1"
"NGS_Nanog_KO_Rep2","Read_1013",0.711322648645322,"Subpopulation_1"
"NGS_Nanog_KO_Rep2","Read_1014",0.718813182335151,"Subpopulation_1"
"NGS_Nanog_KO_Rep2","Read_1015",0.721743925042826,"Subpopulation_1"
"NGS_Nanog_KO_Rep2","Read_1016",0.714135871781593,"Subpopulation_1"
"NGS_Nanog_KO_Rep2","Read_1017",0.709270354044708,"Subpopulation_1"
"NGS_Nanog_KO_Rep2","Read_1018",0.713800693951816,"Subpopulation_1"
"NGS_Nanog_KO_Rep2","Read_1019",0.709179650031371,"Subpopulation_1"
"NGS_Nanog_KO_Rep2","Read_1020",0.714003061137777,"Subpopulation_1"
"NGS_Nanog_KO_Rep2","Read_1021",0.718644445141903,"Subpopulation_1"
"NGS_Nanog_KO_Rep2","Read_1022",0.717398349016212,"Subpopulation_1"
"NGS_Nanog_KO_Rep2","Read_1023",0.714213608864998,"Subpopulation_1"
"NGS_Nanog_KO_Rep2","Read_1024",0.719877593359045,"Subpopulation_1"
"NGS_Nanog_KO_Rep2","Read_1025",0.721349485188098,"Subpopulation_1"
"NGS_Nanog_KO_Rep2","Read_1026",0.717663758358697,"Subpopulation_1"
"NGS_Nanog_KO_Rep2","Read_1027",0.718214124060852,"Subpopulation_1"
"NGS_Nanog_KO_Rep2","Read_1028",0.713751890424229,"Subpopulation_1"
"NGS_Nanog_KO_Rep2","Read_1029",0.705366477203972,"Subpopulation_1"
"NGS_Nanog_KO_Rep2","Read_1030",0.706902197469907,"Subpopulation_1"
"NGS_Nanog_KO_Rep2","Read_1031",0.713256691159012,"Subpopulation_1"
"NGS_Nanog_KO_Rep2","Read_1032",0.714726290739109,"Subpopulation_1"
"NGS_Nanog_KO_Rep2","Read_1033",0.716277857674073,"Subpopulation_1"
"NGS_Nanog_KO_Rep2","Read_1034",0.723171778768903,"Subpopulation_1"
"NGS_Nanog_KO_Rep2","Read_1035",0.719163235214338,"Subpopulation_1"
"NGS_Nanog_KO_Rep2","Read_1036",0.725075169228791,"Subpopulation_1"
"NGS_Nanog_KO_Rep2","Read_1037",0.721675280519626,"Subpopulation_1"
"NGS_Nanog_KO_Rep2","Read_1038",0.723217429599861,"Subpopulation_1"
"NGS_Nanog_KO_Rep2","Read_1039",0.72130431391711,"Subpopulation_1"
"NGS_Nanog_KO_Rep2","Read_1040",0.720395963773104,"Subpopulation_1"
"NGS_Nanog_KO_Rep2","Read_1041",0.710244734385138,"Subpopulation_1"
"NGS_Nanog_KO_Rep2","Read_1042",0.720235615627712,"Subpopulation_1"
"NGS_Nanog_KO_Rep2","Read_1043",0.721841311436514,"Subpopulation_1"
"NGS_Nanog_KO_Rep2","Read_1044",0.722069060311953,"Subpopulation_1"
"NGS_Nanog_KO_Rep2","Read_1045",0.723353351921853,"Subpopulation_1"
"NGS_Nanog_KO_Rep2","Read_1046",0.721551854699521,"Subpopulation_1"
"NGS_Nanog_KO_Rep2","Read_1047",0.711632437098974,"Subpopulation_1"
"NGS_Nanog_KO_Rep2","Read_1048",0.717720867140879,"Subpopulation_1"
"NGS_Nanog_KO_Rep2","Read_1049",0.706673031150885,"Subpopulation_1"
"NGS_Nanog_KO_Rep2","Read_1050",0.723719670031523,"Subpopulation_1"
"NGS_Nanog_KO_Rep2","Read_1051",0.716667770691775,"Subpopulation_1"
"NGS_Nanog_KO_Rep2","Read_1052",0.712904641208189,"Subpopulation_1"
"NGS_Nanog_KO_Rep2","Read_1053",0.721143681828401,"Subpopulation_1"
"NGS_Nanog_KO_Rep2","Read_1054",0.712583637887561,"Subpopulation_1"
"NGS_Nanog_KO_Rep2","Read_1055",0.714223767535389,"Subpopulation_1"
"NGS_Nanog_KO_Rep2","Read_1056",0.718974451175621,"Subpopulation_1"
"NGS_Nanog_KO_Rep2","Read_1057",0.71502540030797,"Subpopulation_1"
"NGS_Nanog_KO_Rep2","Read_1058",0.725196403149467,"Subpopulation_1"
"NGS_Nanog_KO_Rep2","Read_1059",0.72549137291275,"Subpopulation_1"
"NGS_Nanog_KO_Rep2","Read_1060",0.721688470339405,"Subpopulation_1"
"NGS_Nanog_KO_Rep2","Read_1061",0.711372977434637,"Subpopulation_1"
"NGS_Nanog_KO_Rep2","Read_1062",0.717504019349021,"Subpopulation_1"
"NGS_Nanog_KO_Rep2","Read_1063",0.725041355667883,"Subpopulation_1"
"NGS_Nanog_KO_Rep2","Read_1064",0.720513868423205,"Subpopulation_1"
"NGS_Nanog_KO_Rep2","Read_1065",0.72185686870448,"Subpopulation_1"
"NGS_Nanog_KO_Rep2","Read_1066",0.718023720508558,"Subpopulation_1"
"NGS_Nanog_KO_Rep2","Read_1067",0.713059727360072,"Subpopulation_1"
"NGS_Nanog_KO_Rep2","Read_1068",0.708591563392367,"Subpopulation_1"
"NGS_Nanog_KO_Rep2","Read_1069",0.715116456421891,"Subpopulation_1"
"NGS_Nanog_KO_Rep2","Read_1070",0.723879059588164,"Subpopulation_1"
"NGS_Nanog_KO_Rep2","Read_1071",0.710155699189158,"Subpopulation_1"
"NGS_Nanog_KO_Rep2","Read_1072",0.725359556433214,"Subpopulation_1"
"NGS_Nanog_KO_Rep2","Read_1073",0.70518551359398,"Subpopulation_1"
"NGS_Nanog_KO_Rep2","Read_1074",0.718630230081782,"Subpopulation_1"
"NGS_Nanog_KO_Rep2","Read_1075",0.716831792949493,"Subpopulation_1"
"NGS_Nanog_KO_Rep2","Read_1076",0.716532443961811,"Subpopulation_1"
"NGS_Nanog_KO_Rep2","Read_1077",0.719888526875262,"Subpopulation_1"
"NGS_Nanog_KO_Rep2","Read_1078",0.713852338143983,"Subpopulation_1"
"NGS_Nanog_KO_Rep2","Read_1079",0.726575271625222,"Subpopulation_1"
"NGS_Nanog_KO_Rep2","Read_1080",0.719052700365334,"Subpopulation_1"
"NGS_Nanog_KO_Rep2","Read_1081",0.715935008636954,"Subpopulation_1"
"NGS_Nanog_KO_Rep2","Read_1082",0.716566706869114,"Subpopulation_1"
"NGS_Nanog_KO_Rep2","Read_1083",0.713176039875685,"Subpopulation_1"
"NGS_Nanog_KO_Rep2","Read_1084",0.715711758007664,"Subpopulation_1"
"NGS_Nanog_KO_Rep2","Read_1085",0.733502335261058,"Subpopulation_1"
"NGS_Nanog_KO_Rep2","Read_1086",0.714662159065178,"Subpopulation_1"
"NGS_Nanog_KO_Rep2","Read_1087",0.730036861581282,"Subpopulation_1"
"NGS_Nanog_KO_Rep2","Read_1088",0.71963023796007,"Subpopulation_1"
"NGS_Nanog_KO_Rep2","Read_1089",0.710797621951918,"Subpopulation_1"
"NGS_Nanog_KO_Rep2","Read_1090",0.715426742270349,"Subpopulation_1"
"NGS_Nanog_KO_Rep2","Read_1091",0.730490822499798,"Subpopulation_1"
"NGS_Nanog_KO_Rep2","Read_1092",0.715161509657886,"Subpopulation_1"
"NGS_Nanog_KO_Rep2","Read_1093",0.716535784872643,"Subpopulation_1"
"NGS_Nanog_KO_Rep2","Read_1094",0.712613855017052,"Subpopulation_1"
"NGS_Nanog_KO_Rep2","Read_1095",0.719589866384809,"Subpopulation_1"
"NGS_Nanog_KO_Rep2","Read_1096",0.705549529434244,"Subpopulation_1"
"NGS_Nanog_KO_Rep2","Read_1097",0.726473729315031,"Subpopulation_1"
"NGS_Nanog_KO_Rep2","Read_1098",0.723422763552591,"Subpopulation_1"
"NGS_Nanog_KO_Rep2","Read_1099",0.720978282263964,"Subpopulation_1"
"NGS_Nanog_KO_Rep2","Read_1100",0.717940632883651,"Subpopulation_1"
"NGS_Nanog_KO_Rep2","Read_1101",0.726219908775668,"Subpopulation_1"
"NGS_Nanog_KO_Rep2","Read_1102",0.71763577610127,"Subpopulation_1"
"NGS_Nanog_KO_Rep2","Read_1103",0.720285399189107,"Subpopulation_1"
"NGS_Nanog_KO_Rep2","Read_1104",0.719426317367875,"Subpopulation_1"
"NGS_Nanog_KO_Rep2","Read_1105",0.719091971671383,"Subpopulation_1"
"NGS_Nanog_KO_Rep2","Read_1106",0.715733240928123,"Subpopulation_1"
"NGS_Nanog_KO_Rep2","Read_1107",0.717951278701824,"Subpopulation_1"
"NGS_Nanog_KO_Rep2","Read_1108",0.709899849889728,"Subpopulation_1"
"NGS_Nanog_KO_Rep2","Read_1109",0.729265144947956,"Subpopulation_1"
"NGS_Nanog_KO_Rep2","Read_1110",0.716030013238009,"Subpopulation_1"
"NGS_Nanog_KO_Rep2","Read_1111",0.706162659623051,"Subpopulation_1"
"NGS_Nanog_KO_Rep2","Read_1112",0.716489731356945,"Subpopulation_1"
"NGS_Nanog_KO_Rep2","Read_1113",0.708797149052612,"Subpopulation_1"
"NGS_Nanog_KO_Rep2","Read_1114",0.719956702307272,"Subpopulation_1"
"NGS_Nanog_KO_Rep2","Read_1115",0.718493355696041,"Subpopulation_1"
"NGS_Nanog_KO_Rep2","Read_1116",0.725570171972271,"Subpopulation_1"
"NGS_Nanog_KO_Rep2","Read_1117",0.722939295999839,"Subpopulation_1"
"NGS_Nanog_KO_Rep2","Read_1118",0.714360588739773,"Subpopulation_1"
"NGS_Nanog_KO_Rep2","Read_1119",0.714619780710597,"Subpopulation_1"
"NGS_Nanog_KO_Rep2","Read_1120",0.709075696295598,"Subpopulation_1"
"NGS_Nanog_KO_Rep2","Read_1121",0.724603251314669,"Subpopulation_1"
"NGS_Nanog_KO_Rep2","Read_1122",0.726731658495703,"Subpopulation_1"
"NGS_Nanog_KO_Rep2","Read_1123",0.72187693535464,"Subpopulation_1"
"NGS_Nanog_KO_Rep2","Read_1124",0.722442521003261,"Subpopulation_1"
"NGS_Nanog_KO_Rep2","Read_1125",0.714159023602221,"Subpopulation_1"
"NGS_Nanog_KO_Rep2","Read_1126",0.725485585907555,"Subpopulation_1"
"NGS_Nanog_KO_Rep2","Read_1127",0.71885347817804,"Subpopulation_1"
"NGS_Nanog_KO_Rep2","Read_1128",0.71243936494088,"Subpopulation_1"
"NGS_Nanog_KO_Rep2","Read_1129",0.733948317639965,"Subpopulation_1"
"NGS_Nanog_KO_Rep2","Read_1130",0.706372278350764,"Subpopulation_1"
"NGS_Nanog_KO_Rep2","Read_1131",0.719788721319648,"Subpopulation_1"
"NGS_Nanog_KO_Rep2","Read_1132",0.712922402625409,"Subpopulation_1"
"NGS_Nanog_KO_Rep2","Read_1133",0.713866142502975,"Subpopulation_1"
"NGS_Nanog_KO_Rep2","Read_1134",0.697595829839711,"Subpopulation_1"
"NGS_Nanog_KO_Rep2","Read_1135",0.724008007462579,"Subpopulation_1"
"NGS_Nanog_KO_Rep2","Read_1136",0.718604422425313,"Subpopulation_1"
"NGS_Nanog_KO_Rep2","Read_1137",0.726398814268165,"Subpopulation_1"
"NGS_Nanog_KO_Rep2","Read_1138",0.719836362870765,"Subpopulation_1"
"NGS_Nanog_KO_Rep2","Read_1139",0.7276443519483,"Subpopulation_1"
"NGS_Nanog_KO_Rep2","Read_1140",0.712484561199319,"Subpopulation_1"
"NGS_Nanog_KO_Rep2","Read_1141",0.718821381322142,"Subpopulation_1"
"NGS_Nanog_KO_Rep2","Read_1142",0.723718838353084,"Subpopulation_1"
"NGS_Nanog_KO_Rep2","Read_1143",0.714656138672157,"Subpopulation_1"
"NGS_Nanog_KO_Rep2","Read_1144",0.713275830589541,"Subpopulation_1"
"NGS_Nanog_KO_Rep2","Read_1145",0.710408087879674,"Subpopulation_1"
"NGS_Nanog_KO_Rep2","Read_1146",0.722657854460266,"Subpopulation_1"
"NGS_Nanog_KO_Rep2","Read_1147",0.723032935123733,"Subpopulation_1"
"NGS_Nanog_KO_Rep2","Read_1148",0.717725880145101,"Subpopulation_1"
"NGS_Nanog_KO_Rep2","Read_1149",0.72476254005612,"Subpopulation_1"
"NGS_Nanog_KO_Rep2","Read_1150",0.715736487108638,"Subpopulation_1"
"NGS_Nanog_KO_Rep2","Read_1151",0.721944403841027,"Subpopulation_1"
"NGS_Nanog_KO_Rep2","Read_1152",0.70986524469757,"Subpopulation_1"
"NGS_Nanog_KO_Rep2","Read_1153",0.705573050268829,"Subpopulation_1"
"NGS_Nanog_KO_Rep2","Read_1154",0.724151046673395,"Subpopulation_1"
"NGS_Nanog_KO_Rep2","Read_1155",0.721475869168705,"Subpopulation_1"
"NGS_Nanog_KO_Rep2","Read_1156",0.719921638901723,"Subpopulation_1"
"NGS_Nanog_KO_Rep2","Read_1157",0.720754890924993,"Subpopulation_1"
"NGS_Nanog_KO_Rep2","Read_1158",0.715121795820242,"Subpopulation_1"
"NGS_Nanog_KO_Rep2","Read_1159",0.701903262097822,"Subpopulation_1"
"NGS_Nanog_KO_Rep2","Read_1160",0.716890428960495,"Subpopulation_1"
"NGS_Nanog_KO_Rep2","Read_1161",0.719186306978958,"Subpopulation_1"
"NGS_Nanog_KO_Rep2","Read_1162",0.712198415516647,"Subpopulation_1"
"NGS_Nanog_KO_Rep2","Read_1163",0.717921548430812,"Subpopulation_1"
"NGS_Nanog_KO_Rep2","Read_1164",0.706849364629547,"Subpopulation_1"
"NGS_Nanog_KO_Rep2","Read_1165",0.717870556071876,"Subpopulation_1"
"NGS_Nanog_KO_Rep2","Read_1166",0.721549666482836,"Subpopulation_1"
"NGS_Nanog_KO_Rep2","Read_1167",0.720729500327413,"Subpopulation_1"
"NGS_Nanog_KO_Rep2","Read_1168",0.713302942998242,"Subpopulation_1"
"NGS_Nanog_KO_Rep2","Read_1169",0.715895152853785,"Subpopulation_1"
"NGS_Nanog_KO_Rep2","Read_1170",0.72686513967735,"Subpopulation_1"
"NGS_Nanog_KO_Rep2","Read_1171",0.718344739982835,"Subpopulation_1"
"NGS_Nanog_KO_Rep2","Read_1172",0.723586951686856,"Subpopulation_1"
"NGS_Nanog_KO_Rep2","Read_1173",0.721534499669346,"Subpopulation_1"
"NGS_Nanog_KO_Rep2","Read_1174",0.719293278693531,"Subpopulation_1"
"NGS_Nanog_KO_Rep2","Read_1175",0.715431356190989,"Subpopulation_1"
"NGS_Nanog_KO_Rep2","Read_1176",0.7185603361439,"Subpopulation_1"
"NGS_Nanog_KO_Rep2","Read_1177",0.72315706625941,"Subpopulation_1"
"NGS_Nanog_KO_Rep2","Read_1178",0.717748888040568,"Subpopulation_1"
"NGS_Nanog_KO_Rep2","Read_1179",0.715967552164567,"Subpopulation_1"
"NGS_Nanog_KO_Rep2","Read_1180",0.713596843448921,"Subpopulation_1"
"NGS_Nanog_KO_Rep2","Read_1181",0.727792947325433,"Subpopulation_1"
"NGS_Nanog_KO_Rep2","Read_1182",0.718588113943867,"Subpopulation_1"
"NGS_Nanog_KO_Rep2","Read_1183",0.714013969559395,"Subpopulation_1"
"NGS_Nanog_KO_Rep2","Read_1184",0.719392751532036,"Subpopulation_1"
"NGS_Nanog_KO_Rep2","Read_1185",0.726790058016295,"Subpopulation_1"
"NGS_Nanog_KO_Rep2","Read_1186",0.710611364375522,"Subpopulation_1"
"NGS_Nanog_KO_Rep2","Read_1187",0.712147964938943,"Subpopulation_1"
"NGS_Nanog_KO_Rep2","Read_1188",0.731583389022323,"Subpopulation_1"
"NGS_Nanog_KO_Rep2","Read_1189",0.717078040170481,"Subpopulation_1"
"NGS_Nanog_KO_Rep2","Read_1190",0.720944432918372,"Subpopulation_1"
"NGS_Nanog_KO_Rep2","Read_1191",0.715269637569894,"Subpopulation_1"
"NGS_Nanog_KO_Rep2","Read_1192",0.725553669709948,"Subpopulation_1"
"NGS_Nanog_KO_Rep2","Read_1193",0.726287110831114,"Subpopulation_1"
"NGS_Nanog_KO_Rep2","Read_1194",0.721330326367162,"Subpopulation_1"
"NGS_Nanog_KO_Rep2","Read_1195",0.718025414352112,"Subpopulation_1"
"NGS_Nanog_KO_Rep2","Read_1196",0.718626290913208,"Subpopulation_1"
"NGS_Nanog_KO_Rep2","Read_1197",0.711666204058255,"Subpopulation_1"
"NGS_Nanog_KO_Rep2","Read_1198",0.71306219880206,"Subpopulation_1"
"NGS_Nanog_KO_Rep2","Read_1199",0.710956866888382,"Subpopulation_1"
"NGS_Nanog_KO_Rep2","Read_1200",0.719500178823463,"Subpopulation_1"
"NGS_Nanog_KO_Rep2","Read_1201",0.721136500873353,"Subpopulation_1"
"NGS_Nanog_KO_Rep2","Read_1202",0.725253616154921,"Subpopulation_1"
"NGS_Nanog_KO_Rep2","Read_1203",0.729336740336094,"Subpopulation_1"
"NGS_Nanog_KO_Rep2","Read_1204",0.711948593015712,"Subpopulation_1"
"NGS_Nanog_KO_Rep2","Read_1205",0.713852492049808,"Subpopulation_1"
"NGS_Nanog_KO_Rep2","Read_1206",0.717178511069368,"Subpopulation_1"
"NGS_Nanog_KO_Rep2","Read_1207",0.711432131542936,"Subpopulation_1"
"NGS_Nanog_KO_Rep2","Read_1208",0.717676777063994,"Subpopulation_1"
"NGS_Nanog_KO_Rep2","Read_1209",0.719264250857953,"Subpopulation_1"
"NGS_Nanog_KO_Rep2","Read_1210",0.717664705513982,"Subpopulation_1"
"NGS_Nanog_KO_Rep2","Read_1211",0.72205884135404,"Subpopulation_1"
"NGS_Nanog_KO_Rep2","Read_1212",0.720013367465121,"Subpopulation_1"
"NGS_Nanog_KO_Rep2","Read_1213",0.727976922320135,"Subpopulation_1"
"NGS_Nanog_KO_Rep2","Read_1214",0.716668695897965,"Subpopulation_1"
"NGS_Nanog_KO_Rep2","Read_1215",0.716022574229009,"Subpopulation_1"
"NGS_Nanog_KO_Rep2","Read_1216",0.722205412992633,"Subpopulation_1"
"NGS_Nanog_KO_Rep2","Read_1217",0.713509644519837,"Subpopulation_1"
"NGS_Nanog_KO_Rep2","Read_1218",0.718069756132927,"Subpopulation_1"
"NGS_Nanog_KO_Rep2","Read_1219",0.720464401307382,"Subpopulation_1"
"NGS_Nanog_KO_Rep2","Read_1220",0.713647933401007,"Subpopulation_1"
"NGS_Nanog_KO_Rep2","Read_1221",0.730156153116138,"Subpopulation_1"
"NGS_Nanog_KO_Rep2","Read_1222",0.722237840024913,"Subpopulation_1"
"NGS_Nanog_KO_Rep2","Read_1223",0.716314779122372,"Subpopulation_1"
"NGS_Nanog_KO_Rep2","Read_1224",0.72619226072936,"Subpopulation_1"
"NGS_Nanog_KO_Rep2","Read_1225",0.722700980473294,"Subpopulation_1"
"NGS_Nanog_KO_Rep2","Read_1226",0.728928713210558,"Subpopulation_1"
"NGS_Nanog_KO_Rep2","Read_1227",0.727512274854175,"Subpopulation_1"
"NGS_Nanog_KO_Rep2","Read_1228",0.706287221070437,"Subpopulation_1"
"NGS_Nanog_KO_Rep2","Read_1229",0.722849769680737,"Subpopulation_1"
"NGS_Nanog_KO_Rep2","Read_1230",0.721058979934169,"Subpopulation_1"
"NGS_Nanog_KO_Rep2","Read_1231",0.71261347305634,"Subpopulation_1"
"NGS_Nanog_KO_Rep2","Read_1232",0.72331060942085,"Subpopulation_1"
"NGS_Nanog_KO_Rep2","Read_1233",0.717333449999126,"Subpopulation_1"
"NGS_Nanog_KO_Rep2","Read_1234",0.715748502272639,"Subpopulation_1"
"NGS_Nanog_KO_Rep2","Read_1235",0.723197294281899,"Subpopulation_1"
"NGS_Nanog_KO_Rep2","Read_1236",0.714408950160983,"Subpopulation_1"
"NGS_Nanog_KO_Rep2","Read_1237",0.727061747040925,"Subpopulation_1"
"NGS_Nanog_KO_Rep2","Read_1238",0.721095523496355,"Subpopulation_1"
"NGS_Nanog_KO_Rep2","Read_1239",0.720190078103685,"Subpopulation_1"
"NGS_Nanog_KO_Rep2","Read_1240",0.702768408980761,"Subpopulation_1"
"NGS_Nanog_KO_Rep2","Read_1241",0.714080518034478,"Subpopulation_1"
"NGS_Nanog_KO_Rep2","Read_1242",0.722590705230424,"Subpopulation_1"
"NGS_Nanog_KO_Rep2","Read_1243",0.707905050352129,"Subpopulation_1"
"NGS_Nanog_KO_Rep2","Read_1244",0.718119949343952,"Subpopulation_1"
"NGS_Nanog_KO_Rep2","Read_1245",0.716636037485399,"Subpopulation_1"
"NGS_Nanog_KO_Rep2","Read_1246",0.716153789130285,"Subpopulation_1"
"NGS_Nanog_KO_Rep2","Read_1247",0.720556735846618,"Subpopulation_1"
"NGS_Nanog_KO_Rep2","Read_1248",0.722123395821152,"Subpopulation_1"
"NGS_Nanog_KO_Rep2","Read_1249",0.720956581279817,"Subpopulation_1"
"NGS_Nanog_KO_Rep2","Read_1250",0.721665494672478,"Subpopulation_1"
"NGS_Nanog_KO_Rep2","Read_1251",0.706348398493163,"Subpopulation_1"
"NGS_Nanog_KO_Rep2","Read_1252",0.720805910886709,"Subpopulation_1"
"NGS_Nanog_KO_Rep2","Read_1253",0.705782966139892,"Subpopulation_1"
"NGS_Nanog_KO_Rep2","Read_1254",0.711794050776234,"Subpopulation_1"
"NGS_Nanog_KO_Rep2","Read_1255",0.717018645280093,"Subpopulation_1"
"NGS_Nanog_KO_Rep2","Read_1256",0.706772647519416,"Subpopulation_1"
"NGS_Nanog_KO_Rep2","Read_1257",0.717063670343485,"Subpopulation_1"
"NGS_Nanog_KO_Rep2","Read_1258",0.721765486133856,"Subpopulation_1"
"NGS_Nanog_KO_Rep2","Read_1259",0.72120859646842,"Subpopulation_1"
"NGS_Nanog_KO_Rep2","Read_1260",0.71971451827292,"Subpopulation_1"
"NGS_Nanog_KO_Rep2","Read_1261",0.709662192484683,"Subpopulation_1"
"NGS_Nanog_KO_Rep2","Read_1262",0.705803999137974,"Subpopulation_1"
"NGS_Nanog_KO_Rep2","Read_1263",0.717931518172675,"Subpopulation_1"
"NGS_Nanog_KO_Rep2","Read_1264",0.719221438969954,"Subpopulation_1"
"NGS_Nanog_KO_Rep2","Read_1265",0.716749496679969,"Subpopulation_1"
"NGS_Nanog_KO_Rep2","Read_1266",0.722867786102154,"Subpopulation_1"
"NGS_Nanog_KO_Rep2","Read_1267",0.722189098252666,"Subpopulation_1"
"NGS_Nanog_KO_Rep2","Read_1268",0.725280913171355,"Subpopulation_1"
"NGS_Nanog_KO_Rep2","Read_1269",0.728900064085161,"Subpopulation_1"
"NGS_Nanog_KO_Rep2","Read_1270",0.72059737186796,"Subpopulation_1"
"NGS_Nanog_KO_Rep2","Read_1271",0.721671617177031,"Subpopulation_1"
"NGS_Nanog_KO_Rep2","Read_1272",0.715610984610981,"Subpopulation_1"
"NGS_Nanog_KO_Rep2","Read_1273",0.712294613579236,"Subpopulation_1"
"NGS_Nanog_KO_Rep2","Read_1274",0.71952893422967,"Subpopulation_1"
"NGS_Nanog_KO_Rep2","Read_1275",0.718819120945174,"Subpopulation_1"
"NGS_Nanog_KO_Rep2","Read_1276",0.724549170249153,"Subpopulation_1"
"NGS_Nanog_KO_Rep2","Read_1277",0.719875496633833,"Subpopulation_1"
"NGS_Nanog_KO_Rep2","Read_1278",0.716966451930464,"Subpopulation_1"
"NGS_Nanog_KO_Rep2","Read_1279",0.721720754111011,"Subpopulation_1"
"NGS_Nanog_KO_Rep2","Read_1280",0.720882150991097,"Subpopulation_1"
"NGS_Nanog_KO_Rep2","Read_1281",0.698436487162077,"Subpopulation_1"
"NGS_Nanog_KO_Rep2","Read_1282",0.709945579081615,"Subpopulation_1"
"NGS_Nanog_KO_Rep2","Read_1283",0.712314957943634,"Subpopulation_1"
"NGS_Nanog_KO_Rep2","Read_1284",0.726192316325612,"Subpopulation_1"
"NGS_Nanog_KO_Rep2","Read_1285",0.71423020883203,"Subpopulation_1"
"NGS_Nanog_KO_Rep2","Read_1286",0.710128200745545,"Subpopulation_1"
"NGS_Nanog_KO_Rep2","Read_1287",0.718221344116497,"Subpopulation_1"
"NGS_Nanog_KO_Rep2","Read_1288",0.716321863874049,"Subpopulation_1"
"NGS_Nanog_KO_Rep2","Read_1289",0.723094507400234,"Subpopulation_1"
"NGS_Nanog_KO_Rep2","Read_1290",0.719478259406346,"Subpopulation_1"
"NGS_Nanog_KO_Rep2","Read_1291",0.717967514600755,"Subpopulation_1"
"NGS_Nanog_KO_Rep2","Read_1292",0.712391902037467,"Subpopulation_1"
"NGS_Nanog_KO_Rep2","Read_1293",0.706450909055925,"Subpopulation_1"
"NGS_Nanog_KO_Rep2","Read_1294",0.721659329896447,"Subpopulation_1"
"NGS_Nanog_KO_Rep2","Read_1295",0.713731288662178,"Subpopulation_1"
"NGS_Nanog_KO_Rep2","Read_1296",0.72928885017623,"Subpopulation_1"
"NGS_Nanog_KO_Rep2","Read_1297",0.716882274050702,"Subpopulation_1"
"NGS_Nanog_KO_Rep2","Read_1298",0.720093544793743,"Subpopulation_1"
"NGS_Nanog_KO_Rep2","Read_1299",0.720729896308048,"Subpopulation_1"
"NGS_Nanog_KO_Rep2","Read_1300",0.72247552357789,"Subpopulation_1"
"NGS_Nanog_KO_Rep2","Read_1301",0.706650253025125,"Subpopulation_1"
"NGS_Nanog_KO_Rep2","Read_1302",0.719184930773706,"Subpopulation_1"
"NGS_Nanog_KO_Rep2","Read_1303",0.721563666356599,"Subpopulation_1"
"NGS_Nanog_KO_Rep2","Read_1304",0.718054207962544,"Subpopulation_1"
"NGS_Nanog_KO_Rep2","Read_1305",0.724342251495812,"Subpopulation_1"
"NGS_Nanog_KO_Rep2","Read_1306",0.708278642067378,"Subpopulation_1"
"NGS_Nanog_KO_Rep2","Read_1307",0.717664254140512,"Subpopulation_1"
"NGS_Nanog_KO_Rep2","Read_1308",0.718219860769653,"Subpopulation_1"
"NGS_Nanog_KO_Rep2","Read_1309",0.72197740360192,"Subpopulation_1"
"NGS_Nanog_KO_Rep2","Read_1310",0.711448109983501,"Subpopulation_1"
"NGS_Nanog_KO_Rep2","Read_1311",0.713312337490123,"Subpopulation_1"
"NGS_Nanog_KO_Rep2","Read_1312",0.718170233818168,"Subpopulation_1"
"NGS_Nanog_KO_Rep2","Read_1313",0.711769946980151,"Subpopulation_1"
"NGS_Nanog_KO_Rep2","Read_1314",0.717759966505886,"Subpopulation_1"
"NGS_Nanog_KO_Rep2","Read_1315",0.717064549061055,"Subpopulation_1"
"NGS_Nanog_KO_Rep2","Read_1316",0.726899222583087,"Subpopulation_1"
"NGS_Nanog_KO_Rep2","Read_1317",0.704942795651071,"Subpopulation_1"
"NGS_Nanog_KO_Rep2","Read_1318",0.718440109076138,"Subpopulation_1"
"NGS_Nanog_KO_Rep2","Read_1319",0.718822958343372,"Subpopulation_1"
"NGS_Nanog_KO_Rep2","Read_1320",0.721291795455013,"Subpopulation_1"
"NGS_Nanog_KO_Rep2","Read_1321",0.721874245906132,"Subpopulation_1"
"NGS_Nanog_KO_Rep2","Read_1322",0.715216076457351,"Subpopulation_1"
"NGS_Nanog_KO_Rep2","Read_1323",0.716850688504053,"Subpopulation_1"
"NGS_Nanog_KO_Rep2","Read_1324",0.70811517855584,"Subpopulation_1"
"NGS_Nanog_KO_Rep2","Read_1325",0.708039280975501,"Subpopulation_1"
"NGS_Nanog_KO_Rep2","Read_1326",0.715021223620914,"Subpopulation_1"
"NGS_Nanog_KO_Rep2","Read_1327",0.726522232471145,"Subpopulation_1"
"NGS_Nanog_KO_Rep2","Read_1328",0.704864782006807,"Subpopulation_1"
"NGS_Nanog_KO_Rep2","Read_1329",0.718528912612278,"Subpopulation_1"
"NGS_Nanog_KO_Rep2","Read_1330",0.723788794790245,"Subpopulation_1"
"NGS_Nanog_KO_Rep2","Read_1331",0.732035212665697,"Subpopulation_1"
"NGS_Nanog_KO_Rep2","Read_1332",0.715585009532741,"Subpopulation_1"
"NGS_Nanog_KO_Rep2","Read_1333",0.7178377823803,"Subpopulation_1"
"NGS_Nanog_KO_Rep2","Read_1334",0.719680727349583,"Subpopulation_1"
"NGS_Nanog_KO_Rep2","Read_1335",0.716400718043097,"Subpopulation_1"
"NGS_Nanog_KO_Rep2","Read_1336",0.714958372555757,"Subpopulation_1"
"NGS_Nanog_KO_Rep2","Read_1337",0.713173579364882,"Subpopulation_1"
"NGS_Nanog_KO_Rep2","Read_1338",0.715677037073715,"Subpopulation_1"
"NGS_Nanog_KO_Rep2","Read_1339",0.711672974464243,"Subpopulation_1"
"NGS_Nanog_KO_Rep2","Read_1340",0.723666037495118,"Subpopulation_1"
"NGS_Nanog_KO_Rep2","Read_1341",0.724715936850296,"Subpopulation_1"
"NGS_Nanog_KO_Rep2","Read_1342",0.722172477728456,"Subpopulation_1"
"NGS_Nanog_KO_Rep2","Read_1343",0.712697326856772,"Subpopulation_1"
"NGS_Nanog_KO_Rep2","Read_1344",0.716182456470114,"Subpopulation_1"
"NGS_Nanog_KO_Rep2","Read_1345",0.722860970709339,"Subpopulation_1"
"NGS_Nanog_KO_Rep2","Read_1346",0.712813967382058,"Subpopulation_1"
"NGS_Nanog_KO_Rep2","Read_1347",0.709250082109203,"Subpopulation_1"
"NGS_Nanog_KO_Rep2","Read_1348",0.710817808326543,"Subpopulation_1"
"NGS_Nanog_KO_Rep2","Read_1349",0.723571314743305,"Subpopulation_1"
"NGS_Nanog_KO_Rep2","Read_1350",0.721730210408919,"Subpopulation_1"
"NGS_Nanog_KO_Rep2","Read_1351",0.713016967607101,"Subpopulation_1"
"NGS_Nanog_KO_Rep2","Read_1352",0.713022950339166,"Subpopulation_1"
"NGS_Nanog_KO_Rep2","Read_1353",0.718413712376369,"Subpopulation_1"
"NGS_Nanog_KO_Rep2","Read_1354",0.718978771855141,"Subpopulation_1"
"NGS_Nanog_KO_Rep2","Read_1355",0.716887467977537,"Subpopulation_1"
"NGS_Nanog_KO_Rep2","Read_1356",0.728197013431171,"Subpopulation_1"
"NGS_Nanog_KO_Rep2","Read_1357",0.710954024285228,"Subpopulation_1"
"NGS_Nanog_KO_Rep2","Read_1358",0.719510768083899,"Subpopulation_1"
"NGS_Nanog_KO_Rep2","Read_1359",0.719950890429205,"Subpopulation_1"
"NGS_Nanog_KO_Rep2","Read_1360",0.724294603309854,"Subpopulation_1"
"NGS_Nanog_KO_Rep2","Read_1361",0.714676131061423,"Subpopulation_1"
"NGS_Nanog_KO_Rep2","Read_1362",0.710022650796612,"Subpopulation_1"
"NGS_Nanog_KO_Rep2","Read_1363",0.715840739530643,"Subpopulation_1"
"NGS_Nanog_KO_Rep2","Read_1364",0.717393976705656,"Subpopulation_1"
"NGS_Nanog_KO_Rep2","Read_1365",0.706935330839206,"Subpopulation_1"
"NGS_Nanog_KO_Rep2","Read_1366",0.72230085137093,"Subpopulation_1"
"NGS_Nanog_KO_Rep2","Read_1367",0.720082567959534,"Subpopulation_1"
"NGS_Nanog_KO_Rep2","Read_1368",0.724696457547707,"Subpopulation_1"
"NGS_Nanog_KO_Rep2","Read_1369",0.725963006269647,"Subpopulation_1"
"NGS_Nanog_KO_Rep2","Read_1370",0.719443498751085,"Subpopulation_1"
"NGS_Nanog_KO_Rep2","Read_1371",0.71378706262946,"Subpopulation_1"
"NGS_Nanog_KO_Rep2","Read_1372",0.717805259179389,"Subpopulation_1"
"NGS_Nanog_KO_Rep2","Read_1373",0.716913524171966,"Subpopulation_1"
"NGS_Nanog_KO_Rep2","Read_1374",0.716124629939947,"Subpopulation_1"
"NGS_Nanog_KO_Rep2","Read_1375",0.709411153587352,"Subpopulation_1"
"NGS_Nanog_KO_Rep2","Read_1376",0.719659761909069,"Subpopulation_1"
"NGS_Nanog_KO_Rep2","Read_1377",0.718784265570863,"Subpopulation_1"
"NGS_Nanog_KO_Rep2","Read_1378",0.728267933256574,"Subpopulation_1"
"NGS_Nanog_KO_Rep2","Read_1379",0.727874671253133,"Subpopulation_1"
"NGS_Nanog_KO_Rep2","Read_1380",0.721516704163643,"Subpopulation_1"
"NGS_Nanog_KO_Rep2","Read_1381",0.726937193006701,"Subpopulation_1"
"NGS_Nanog_KO_Rep2","Read_1382",0.722527873744818,"Subpopulation_1"
"NGS_Nanog_KO_Rep2","Read_1383",0.716247738436587,"Subpopulation_1"
"NGS_Nanog_KO_Rep2","Read_1384",0.719603503197297,"Subpopulation_1"
"NGS_Nanog_KO_Rep2","Read_1385",0.726068285609302,"Subpopulation_1"
"NGS_Nanog_KO_Rep2","Read_1386",0.715430716052371,"Subpopulation_1"
"NGS_Nanog_KO_Rep2","Read_1387",0.708985314077555,"Subpopulation_1"
"NGS_Nanog_KO_Rep2","Read_1388",0.719122342924186,"Subpopulation_1"
"NGS_Nanog_KO_Rep2","Read_1389",0.726317200468361,"Subpopulation_1"
"NGS_Nanog_KO_Rep2","Read_1390",0.725412545877819,"Subpopulation_1"
"NGS_Nanog_KO_Rep2","Read_1391",0.714916293278551,"Subpopulation_1"
"NGS_Nanog_KO_Rep2","Read_1392",0.715662086963638,"Subpopulation_1"
"NGS_Nanog_KO_Rep2","Read_1393",0.720170274260841,"Subpopulation_1"
"NGS_Nanog_KO_Rep2","Read_1394",0.720429763024689,"Subpopulation_1"
"NGS_Nanog_KO_Rep2","Read_1395",0.727262594594799,"Subpopulation_1"
"NGS_Nanog_KO_Rep2","Read_1396",0.716986773969507,"Subpopulation_1"
"NGS_Nanog_KO_Rep2","Read_1397",0.717295200214815,"Subpopulation_1"
"NGS_Nanog_KO_Rep2","Read_1398",0.721269213898279,"Subpopulation_1"
"NGS_Nanog_KO_Rep2","Read_1399",0.7177610644562,"Subpopulation_1"
"NGS_Nanog_KO_Rep2","Read_1400",0.709632562993224,"Subpopulation_1"
"NGS_Nanog_KO_Rep2","Read_1401",0.714138519813816,"Subpopulation_1"
"NGS_Nanog_KO_Rep2","Read_1402",0.71801408536564,"Subpopulation_1"
"NGS_Nanog_KO_Rep2","Read_1403",0.721138707198398,"Subpopulation_1"
"NGS_Nanog_KO_Rep2","Read_1404",0.713633950216061,"Subpopulation_1"
"NGS_Nanog_KO_Rep2","Read_1405",0.716665512821772,"Subpopulation_1"
"NGS_Nanog_KO_Rep2","Read_1406",0.719239755758528,"Subpopulation_1"
"NGS_Nanog_KO_Rep2","Read_1407",0.718636456699889,"Subpopulation_1"
"NGS_Nanog_KO_Rep2","Read_1408",0.720186746216307,"Subpopulation_1"
"NGS_Nanog_KO_Rep2","Read_1409",0.7032314705877,"Subpopulation_1"
"NGS_Nanog_KO_Rep2","Read_1410",0.719087178458722,"Subpopulation_1"
"NGS_Nanog_KO_Rep2","Read_1411",0.715409126574009,"Subpopulation_1"
"NGS_Nanog_KO_Rep2","Read_1412",0.723963181207916,"Subpopulation_1"
"NGS_Nanog_KO_Rep2","Read_1413",0.710206178878116,"Subpopulation_1"
"NGS_Nanog_KO_Rep2","Read_1414",0.714559901749771,"Subpopulation_1"
"NGS_Nanog_KO_Rep2","Read_1415",0.717587433165483,"Subpopulation_1"
"NGS_Nanog_KO_Rep2","Read_1416",0.72433684826865,"Subpopulation_1"
"NGS_Nanog_KO_Rep2","Read_1417",0.70377977240947,"Subpopulation_1"
"NGS_Nanog_KO_Rep2","Read_1418",0.727609930274151,"Subpopulation_1"
"NGS_Nanog_KO_Rep2","Read_1419",0.714201221987995,"Subpopulation_1"
"NGS_Nanog_KO_Rep2","Read_1420",0.718901671337469,"Subpopulation_1"
"NGS_Nanog_KO_Rep2","Read_1421",0.721897720220511,"Subpopulation_1"
"NGS_Nanog_KO_Rep2","Read_1422",0.720662479385049,"Subpopulation_1"
"NGS_Nanog_KO_Rep2","Read_1423",0.720685525238115,"Subpopulation_1"
"NGS_Nanog_KO_Rep2","Read_1424",0.725132060101292,"Subpopulation_1"
"NGS_Nanog_KO_Rep2","Read_1425",0.716999571324511,"Subpopulation_1"
"NGS_Nanog_KO_Rep2","Read_1426",0.722846050433186,"Subpopulation_1"
"NGS_Nanog_KO_Rep2","Read_1427",0.716813680742363,"Subpopulation_1"
"NGS_Nanog_KO_Rep2","Read_1428",0.72083229946849,"Subpopulation_1"
"NGS_Nanog_KO_Rep2","Read_1429",0.725708070957131,"Subpopulation_1"
"NGS_Nanog_KO_Rep2","Read_1430",0.713664673848214,"Subpopulation_1"
"NGS_Nanog_KO_Rep2","Read_1431",0.722555921695678,"Subpopulation_1"
"NGS_Nanog_KO_Rep2","Read_1432",0.714815984469996,"Subpopulation_1"
"NGS_Nanog_KO_Rep2","Read_1433",0.714128271876958,"Subpopulation_1"
"NGS_Nanog_KO_Rep2","Read_1434",0.723905746443079,"Subpopulation_1"
"NGS_Nanog_KO_Rep2","Read_1435",0.711113052101195,"Subpopulation_1"
"NGS_Nanog_KO_Rep2","Read_1436",0.71147533418731,"Subpopulation_1"
"NGS_Nanog_KO_Rep2","Read_1437",0.711131922648138,"Subpopulation_1"
"NGS_Nanog_KO_Rep2","Read_1438",0.710184866101856,"Subpopulation_1"
"NGS_Nanog_KO_Rep2","Read_1439",0.711022046200516,"Subpopulation_1"
"NGS_Nanog_KO_Rep2","Read_1440",0.712658547969492,"Subpopulation_1"
"NGS_Nanog_KO_Rep2","Read_1441",0.723741634231083,"Subpopulation_1"
"NGS_Nanog_KO_Rep2","Read_1442",0.716278275654341,"Subpopulation_1"
"NGS_Nanog_KO_Rep2","Read_1443",0.713262587528591,"Subpopulation_1"
"NGS_Nanog_KO_Rep2","Read_1444",0.717615519596784,"Subpopulation_1"
"NGS_Nanog_KO_Rep2","Read_1445",0.712111939483185,"Subpopulation_1"
"NGS_Nanog_KO_Rep2","Read_1446",0.725390115398015,"Subpopulation_1"
"NGS_Nanog_KO_Rep2","Read_1447",0.719092108304436,"Subpopulation_1"
"NGS_Nanog_KO_Rep2","Read_1448",0.713275820082212,"Subpopulation_1"
"NGS_Nanog_KO_Rep2","Read_1449",0.720155490163468,"Subpopulation_1"
"NGS_Nanog_KO_Rep2","Read_1450",0.715545065858185,"Subpopulation_1"
"NGS_Nanog_KO_Rep2","Read_1451",0.71903870488744,"Subpopulation_1"
"NGS_Nanog_KO_Rep2","Read_1452",0.709413734489681,"Subpopulation_1"
"NGS_Nanog_KO_Rep2","Read_1453",0.727931081722812,"Subpopulation_1"
"NGS_Nanog_KO_Rep2","Read_1454",0.715762310688267,"Subpopulation_1"
"NGS_Nanog_KO_Rep2","Read_1455",0.720577939471329,"Subpopulation_1"
"NGS_Nanog_KO_Rep2","Read_1456",0.721081901791247,"Subpopulation_1"
"NGS_Nanog_KO_Rep2","Read_1457",0.720992594970693,"Subpopulation_1"
"NGS_Nanog_KO_Rep2","Read_1458",0.71507305098603,"Subpopulation_1"
"NGS_Nanog_KO_Rep2","Read_1459",0.713832252992426,"Subpopulation_1"
"NGS_Nanog_KO_Rep2","Read_1460",0.718326509617253,"Subpopulation_1"
"NGS_Nanog_KO_Rep2","Read_1461",0.719075670956593,"Subpopulation_1"
"NGS_Nanog_KO_Rep2","Read_1462",0.722678552441256,"Subpopulation_1"
"NGS_Nanog_KO_Rep2","Read_1463",0.722199299087954,"Subpopulation_1"
"NGS_Nanog_KO_Rep2","Read_1464",0.715191273836809,"Subpopulation_1"
"NGS_Nanog_KO_Rep2","Read_1465",0.721307050060934,"Subpopulation_1"
"NGS_Nanog_KO_Rep2","Read_1466",0.724620359270152,"Subpopulation_1"
"NGS_Nanog_KO_Rep2","Read_1467",0.714472833606948,"Subpopulation_1"
"NGS_Nanog_KO_Rep2","Read_1468",0.716061279142753,"Subpopulation_1"
"NGS_Nanog_KO_Rep2","Read_1469",0.727442961962368,"Subpopulation_1"
"NGS_Nanog_KO_Rep2","Read_1470",0.716599490126285,"Subpopulation_1"
"NGS_Nanog_KO_Rep2","Read_1471",0.720803299609717,"Subpopulation_1"
"NGS_Nanog_KO_Rep2","Read_1472",0.714356350798389,"Subpopulation_1"
"NGS_Nanog_KO_Rep2","Read_1473",0.726474858978491,"Subpopulation_1"
"NGS_Nanog_KO_Rep2","Read_1474",0.72379013897892,"Subpopulation_1"
"NGS_Nanog_KO_Rep2","Read_1475",0.712070855245666,"Subpopulation_1"
"NGS_Nanog_KO_Rep2","Read_1476",0.709965814626784,"Subpopulation_1"
"NGS_Nanog_KO_Rep2","Read_1477",0.719659644224014,"Subpopulation_1"
"NGS_Nanog_KO_Rep2","Read_1478",0.716644241089095,"Subpopulation_1"
"NGS_Nanog_KO_Rep2","Read_1479",0.738384043333868,"Subpopulation_1"
"NGS_Nanog_KO_Rep2","Read_1480",0.710888566487719,"Subpopulation_1"
"NGS_Nanog_KO_Rep2","Read_1481",0.723829026615662,"Subpopulation_1"
"NGS_Nanog_KO_Rep2","Read_1482",0.717528060813318,"Subpopulation_1"
"NGS_Nanog_KO_Rep2","Read_1483",0.70413726136536,"Subpopulation_1"
"NGS_Nanog_KO_Rep2","Read_1484",0.717317894155144,"Subpopulation_1"
"NGS_Nanog_KO_Rep2","Read_1485",0.720728547915967,"Subpopulation_1"
"NGS_Nanog_KO_Rep2","Read_1486",0.716400539568531,"Subpopulation_1"
"NGS_Nanog_KO_Rep2","Read_1487",0.72407986016363,"Subpopulation_1"
"NGS_Nanog_KO_Rep2","Read_1488",0.726095765197313,"Subpopulation_1"
"NGS_Nanog_KO_Rep2","Read_1489",0.727535721409052,"Subpopulation_1"
"NGS_Nanog_KO_Rep2","Read_1490",0.715911001788751,"Subpopulation_1"
"NGS_Nanog_KO_Rep2","Read_1491",0.717499937257902,"Subpopulation_1"
"NGS_Nanog_KO_Rep2","Read_1492",0.712803384939707,"Subpopulation_1"
"NGS_Nanog_KO_Rep2","Read_1493",0.71671332410656,"Subpopulation_1"
"NGS_Nanog_KO_Rep2","Read_1494",0.720217783090508,"Subpopulation_1"
"NGS_Nanog_KO_Rep2","Read_1495",0.705330048383785,"Subpopulation_1"
"NGS_Nanog_KO_Rep2","Read_1496",0.721726882730778,"Subpopulation_1"
"NGS_Nanog_KO_Rep2","Read_1497",0.720300323066669,"Subpopulation_1"
"NGS_Nanog_KO_Rep2","Read_1498",0.725060080010231,"Subpopulation_1"
"NGS_Nanog_KO_Rep2","Read_1499",0.719154025008463,"Subpopulation_1"
"NGS_Nanog_KO_Rep2","Read_1500",0.718851349572753,"Subpopulation_1"
"NGS_Nanog_KO_Rep2","Read_1501",0.722751468574005,"Subpopulation_1"
"NGS_Nanog_KO_Rep2","Read_1502",0.715229804937594,"Subpopulation_1"
"NGS_Nanog_KO_Rep2","Read_1503",0.707101713836153,"Subpopulation_1"
"NGS_Nanog_KO_Rep2","Read_1504",0.713973399738369,"Subpopulation_1"
"NGS_Nanog_KO_Rep2","Read_1505",0.715078961988206,"Subpopulation_1"
"NGS_Nanog_KO_Rep2","Read_1506",0.720628460672838,"Subpopulation_1"
"NGS_Nanog_KO_Rep2","Read_1507",0.717641523526433,"Subpopulation_1"
"NGS_Nanog_KO_Rep2","Read_1508",0.718968998744517,"Subpopulation_1"
"NGS_Nanog_KO_Rep2","Read_1509",0.711173129280485,"Subpopulation_1"
"NGS_Nanog_KO_Rep2","Read_1510",0.719145623846356,"Subpopulation_1"
"NGS_Nanog_KO_Rep2","Read_1511",0.717628601481619,"Subpopulation_1"
"NGS_Nanog_KO_Rep2","Read_1512",0.714756041454845,"Subpopulation_1"
"NGS_Nanog_KO_Rep2","Read_1513",0.714557053476774,"Subpopulation_1"
"NGS_Nanog_KO_Rep2","Read_1514",0.725828157564877,"Subpopulation_1"
"NGS_Nanog_KO_Rep2","Read_1515",0.71946496860722,"Subpopulation_1"
"NGS_Nanog_KO_Rep2","Read_1516",0.724077531677271,"Subpopulation_1"
"NGS_Nanog_KO_Rep2","Read_1517",0.719691943379366,"Subpopulation_1"
"NGS_Nanog_KO_Rep2","Read_1518",0.714426256154255,"Subpopulation_1"
"NGS_Nanog_KO_Rep2","Read_1519",0.714994537435667,"Subpopulation_1"
"NGS_Nanog_KO_Rep2","Read_1520",0.727485868643774,"Subpopulation_1"
"NGS_Nanog_KO_Rep2","Read_1521",0.718928475114992,"Subpopulation_1"
"NGS_Nanog_KO_Rep2","Read_1522",0.718334667791486,"Subpopulation_1"
"NGS_Nanog_KO_Rep2","Read_1523",0.721637943655366,"Subpopulation_1"
"NGS_Nanog_KO_Rep2","Read_1524",0.717728237423204,"Subpopulation_1"
"NGS_Nanog_KO_Rep2","Read_1525",0.722157216321811,"Subpopulation_1"
"NGS_Nanog_KO_Rep2","Read_1526",0.71228575893353,"Subpopulation_1"
"NGS_Nanog_KO_Rep2","Read_1527",0.713373585799461,"Subpopulation_1"
"NGS_Nanog_KO_Rep2","Read_1528",0.720775321691767,"Subpopulation_1"
"NGS_Nanog_KO_Rep2","Read_1529",0.702788491786454,"Subpopulation_1"
"NGS_Nanog_KO_Rep2","Read_1530",0.708496170740257,"Subpopulation_1"
"NGS_Nanog_KO_Rep2","Read_1531",0.711559671897038,"Subpopulation_1"
"NGS_Nanog_KO_Rep2","Read_1532",0.719589444870748,"Subpopulation_1"
"NGS_Nanog_KO_Rep2","Read_1533",0.718517915200323,"Subpopulation_1"
"NGS_Nanog_KO_Rep2","Read_1534",0.722529604478272,"Subpopulation_1"
"NGS_Nanog_KO_Rep2","Read_1535",0.717219140863129,"Subpopulation_1"
"NGS_Nanog_KO_Rep2","Read_1536",0.716349459210067,"Subpopulation_1"
"NGS_Nanog_KO_Rep2","Read_1537",0.714976260241306,"Subpopulation_1"
"NGS_Nanog_KO_Rep2","Read_1538",0.71851740451422,"Subpopulation_1"
"NGS_Nanog_KO_Rep2","Read_1539",0.70903217542671,"Subpopulation_1"
"NGS_Nanog_KO_Rep2","Read_1540",0.713532783891282,"Subpopulation_1"
"NGS_Nanog_KO_Rep2","Read_1541",0.723665619933469,"Subpopulation_1"
"NGS_Nanog_KO_Rep2","Read_1542",0.709615635423965,"Subpopulation_1"
"NGS_Nanog_KO_Rep2","Read_1543",0.726751573521279,"Subpopulation_1"
"NGS_Nanog_KO_Rep2","Read_1544",0.699586133121575,"Subpopulation_1"
"NGS_Nanog_KO_Rep2","Read_1545",0.715342306634287,"Subpopulation_1"
"NGS_Nanog_KO_Rep2","Read_1546",0.717220490519712,"Subpopulation_1"
"NGS_Nanog_KO_Rep2","Read_1547",0.719998298163068,"Subpopulation_1"
"NGS_Nanog_KO_Rep2","Read_1548",0.726616966711925,"Subpopulation_1"
"NGS_Nanog_KO_Rep2","Read_1549",0.71540581491333,"Subpopulation_1"
"NGS_Nanog_KO_Rep2","Read_1550",0.715057736519626,"Subpopulation_1"
"NGS_Nanog_KO_Rep2","Read_1551",0.721915448438808,"Subpopulation_1"
"NGS_Nanog_KO_Rep2","Read_1552",0.719532034102512,"Subpopulation_1"
"NGS_Nanog_KO_Rep2","Read_1553",0.717631345382914,"Subpopulation_1"
"NGS_Nanog_KO_Rep2","Read_1554",0.716708223407602,"Subpopulation_1"
"NGS_Nanog_KO_Rep2","Read_1555",0.724724654661555,"Subpopulation_1"
"NGS_Nanog_KO_Rep2","Read_1556",0.723407611974221,"Subpopulation_1"
"NGS_Nanog_KO_Rep2","Read_1557",0.725122630408333,"Subpopulation_1"
"NGS_Nanog_KO_Rep2","Read_1558",0.720886343453048,"Subpopulation_1"
"NGS_Nanog_KO_Rep2","Read_1559",0.72098349743661,"Subpopulation_1"
"NGS_Nanog_KO_Rep2","Read_1560",0.718200784412994,"Subpopulation_1"
"NGS_Nanog_KO_Rep2","Read_1561",0.724093865572813,"Subpopulation_1"
"NGS_Nanog_KO_Rep2","Read_1562",0.723954672871587,"Subpopulation_1"
"NGS_Nanog_KO_Rep2","Read_1563",0.719848648257401,"Subpopulation_1"
"NGS_Nanog_KO_Rep2","Read_1564",0.717780505041494,"Subpopulation_1"
"NGS_Nanog_KO_Rep2","Read_1565",0.719937773954673,"Subpopulation_1"
"NGS_Nanog_KO_Rep2","Read_1566",0.714717418784873,"Subpopulation_1"
"NGS_Nanog_KO_Rep2","Read_1567",0.721001295379588,"Subpopulation_1"
"NGS_Nanog_KO_Rep2","Read_1568",0.72507905442299,"Subpopulation_1"
"NGS_Nanog_KO_Rep2","Read_1569",0.725069866122773,"Subpopulation_1"
"NGS_Nanog_KO_Rep2","Read_1570",0.715456346328975,"Subpopulation_1"
"NGS_Nanog_KO_Rep2","Read_1571",0.707216949955468,"Subpopulation_1"
"NGS_Nanog_KO_Rep2","Read_1572",0.720181822303625,"Subpopulation_1"
"NGS_Nanog_KO_Rep2","Read_1573",0.714268232099617,"Subpopulation_1"
"NGS_Nanog_KO_Rep2","Read_1574",0.713752768095513,"Subpopulation_1"
"NGS_Nanog_KO_Rep2","Read_1575",0.720178810688487,"Subpopulation_1"
"NGS_Nanog_KO_Rep2","Read_1576",0.717874374924705,"Subpopulation_1"
"NGS_Nanog_KO_Rep2","Read_1577",0.72248397438013,"Subpopulation_1"
"NGS_Nanog_KO_Rep2","Read_1578",0.718221847182255,"Subpopulation_1"
"NGS_Nanog_KO_Rep2","Read_1579",0.719176857448888,"Subpopulation_1"
"NGS_Nanog_KO_Rep2","Read_1580",0.72344468412853,"Subpopulation_1"
"NGS_Nanog_KO_Rep2","Read_1581",0.721413455987516,"Subpopulation_1"
"NGS_Nanog_KO_Rep2","Read_1582",0.713386734943495,"Subpopulation_1"
"NGS_Nanog_KO_Rep2","Read_1583",0.716126517611979,"Subpopulation_1"
"NGS_Nanog_KO_Rep2","Read_1584",0.715044328042795,"Subpopulation_1"
"NGS_Nanog_KO_Rep2","Read_1585",0.722674879660391,"Subpopulation_1"
"NGS_Nanog_KO_Rep2","Read_1586",0.728521901005923,"Subpopulation_1"
"NGS_Nanog_KO_Rep2","Read_1587",0.716955825977153,"Subpopulation_1"
"NGS_Nanog_KO_Rep2","Read_1588",0.724708558529714,"Subpopulation_1"
"NGS_Nanog_KO_Rep2","Read_1589",0.722218752089829,"Subpopulation_1"
"NGS_Nanog_KO_Rep2","Read_1590",0.710377699547689,"Subpopulation_1"
"NGS_Nanog_KO_Rep2","Read_1591",0.730663276570328,"Subpopulation_1"
"NGS_Nanog_KO_Rep2","Read_1592",0.71651294015569,"Subpopulation_1"
"NGS_Nanog_KO_Rep2","Read_1593",0.708971863310987,"Subpopulation_1"
"NGS_Nanog_KO_Rep2","Read_1594",0.726783460503503,"Subpopulation_1"
"NGS_Nanog_KO_Rep2","Read_1595",0.713411193445157,"Subpopulation_1"
"NGS_Nanog_KO_Rep2","Read_1596",0.724487345437186,"Subpopulation_1"
"NGS_Nanog_KO_Rep2","Read_1597",0.725585125475963,"Subpopulation_1"
"NGS_Nanog_KO_Rep2","Read_1598",0.716073161656735,"Subpopulation_1"
"NGS_Nanog_KO_Rep2","Read_1599",0.717425114775046,"Subpopulation_1"
"NGS_Nanog_KO_Rep2","Read_1600",0.712357950639467,"Subpopulation_1"
"NGS_Nanog_KO_Rep2","Read_1601",0.711036653686905,"Subpopulation_1"
"NGS_Nanog_KO_Rep2","Read_1602",0.713449106647161,"Subpopulation_1"
"NGS_Nanog_KO_Rep2","Read_1603",0.716581124571833,"Subpopulation_1"
"NGS_Nanog_KO_Rep2","Read_1604",0.712209499328116,"Subpopulation_1"
"NGS_Nanog_KO_Rep2","Read_1605",0.718620639961802,"Subpopulation_1"
"NGS_Nanog_KO_Rep2","Read_1606",0.722304429507676,"Subpopulation_1"
"NGS_Nanog_KO_Rep2","Read_1607",0.710071528209252,"Subpopulation_1"
"NGS_Nanog_KO_Rep2","Read_1608",0.719536740118272,"Subpopulation_1"
"NGS_Nanog_KO_Rep2","Read_1609",0.708210500994628,"Subpopulation_1"
"NGS_Nanog_KO_Rep2","Read_1610",0.704251028769623,"Subpopulation_1"
"NGS_Nanog_KO_Rep2","Read_1611",0.733435827226835,"Subpopulation_1"
"NGS_Nanog_KO_Rep2","Read_1612",0.701787051750703,"Subpopulation_1"
"NGS_Nanog_KO_Rep2","Read_1613",0.709813588177982,"Subpopulation_1"
"NGS_Nanog_KO_Rep2","Read_1614",0.712176437388986,"Subpopulation_1"
"NGS_Nanog_KO_Rep2","Read_1615",0.71772947805613,"Subpopulation_1"
"NGS_Nanog_KO_Rep2","Read_1616",0.724364977427943,"Subpopulation_1"
"NGS_Nanog_KO_Rep2","Read_1617",0.723303428880269,"Subpopulation_1"
"NGS_Nanog_KO_Rep2","Read_1618",0.708398811246982,"Subpopulation_1"
"NGS_Nanog_KO_Rep2","Read_1619",0.719278552359618,"Subpopulation_1"
"NGS_Nanog_KO_Rep2","Read_1620",0.719244642365259,"Subpopulation_1"
"NGS_Nanog_KO_Rep2","Read_1621",0.715425692538616,"Subpopulation_1"
"NGS_Nanog_KO_Rep2","Read_1622",0.71548312793414,"Subpopulation_1"
"NGS_Nanog_KO_Rep2","Read_1623",0.724513096694084,"Subpopulation_1"
"NGS_Nanog_KO_Rep2","Read_1624",0.72429542236685,"Subpopulation_1"
"NGS_Nanog_KO_Rep2","Read_1625",0.715563553915666,"Subpopulation_1"
"NGS_Nanog_KO_Rep2","Read_1626",0.723789563199072,"Subpopulation_1"
"NGS_Nanog_KO_Rep2","Read_1627",0.715642400177246,"Subpopulation_1"
"NGS_Nanog_KO_Rep2","Read_1628",0.719355468690217,"Subpopulation_1"
"NGS_Nanog_KO_Rep2","Read_1629",0.699812669173549,"Subpopulation_1"
"NGS_Nanog_KO_Rep2","Read_1630",0.718152805395225,"Subpopulation_1"
"NGS_Nanog_KO_Rep2","Read_1631",0.716449484831998,"Subpopulation_1"
"NGS_Nanog_KO_Rep2","Read_1632",0.722432266420662,"Subpopulation_1"
"NGS_Nanog_KO_Rep2","Read_1633",0.719320059432325,"Subpopulation_1"
"NGS_Nanog_KO_Rep2","Read_1634",0.720060779770362,"Subpopulation_1"
"NGS_Nanog_KO_Rep2","Read_1635",0.711357031452033,"Subpopulation_1"
"NGS_Nanog_KO_Rep2","Read_1636",0.721845937388027,"Subpopulation_1"
"NGS_Nanog_KO_Rep2","Read_1637",0.713061145063501,"Subpopulation_1"
"NGS_Nanog_KO_Rep2","Read_1638",0.728170821391403,"Subpopulation_1"
"NGS_Nanog_KO_Rep2","Read_1639",0.717262168342131,"Subpopulation_1"
"NGS_Nanog_KO_Rep2","Read_1640",0.711657823776874,"Subpopulation_1"
"NGS_Nanog_KO_Rep2","Read_1641",0.723736959659669,"Subpopulation_1"
"NGS_Nanog_KO_Rep2","Read_1642",0.717932201955218,"Subpopulation_1"
"NGS_Nanog_KO_Rep2","Read_1643",0.715842183010799,"Subpopulation_1"
"NGS_Nanog_KO_Rep2","Read_1644",0.717812050351904,"Subpopulation_1"
"NGS_Nanog_KO_Rep2","Read_1645",0.722846826095792,"Subpopulation_1"
"NGS_Nanog_KO_Rep2","Read_1646",0.719304839604726,"Subpopulation_1"
"NGS_Nanog_KO_Rep2","Read_1647",0.720893327008587,"Subpopulation_1"
"NGS_Nanog_KO_Rep2","Read_1648",0.716493456991267,"Subpopulation_1"
"NGS_Nanog_KO_Rep2","Read_1649",0.716569475914993,"Subpopulation_1"
"NGS_Nanog_KO_Rep2","Read_1650",0.721754873322256,"Subpopulation_1"
"NGS_Nanog_KO_Rep2","Read_1651",0.726310826289801,"Subpopulation_1"
"NGS_Nanog_KO_Rep2","Read_1652",0.721300748607032,"Subpopulation_1"
"NGS_Nanog_KO_Rep2","Read_1653",0.71432068178049,"Subpopulation_1"
"NGS_Nanog_KO_Rep2","Read_1654",0.703485134413074,"Subpopulation_1"
"NGS_Nanog_KO_Rep2","Read_1655",0.710798433475209,"Subpopulation_1"
"NGS_Nanog_KO_Rep2","Read_1656",0.707498935916865,"Subpopulation_1"
"NGS_Nanog_KO_Rep2","Read_1657",0.714235419273661,"Subpopulation_1"
"NGS_Nanog_KO_Rep2","Read_1658",0.722638554649437,"Subpopulation_1"
"NGS_Nanog_KO_Rep2","Read_1659",0.716529998170856,"Subpopulation_1"
"NGS_Nanog_KO_Rep2","Read_1660",0.711532875846474,"Subpopulation_1"
"NGS_Nanog_KO_Rep2","Read_1661",0.718487772773631,"Subpopulation_1"
"NGS_Nanog_KO_Rep2","Read_1662",0.713836858312721,"Subpopulation_1"
"NGS_Nanog_KO_Rep2","Read_1663",0.713723180309344,"Subpopulation_1"
"NGS_Nanog_KO_Rep2","Read_1664",0.717597334843926,"Subpopulation_1"
"NGS_Nanog_KO_Rep2","Read_1665",0.717447379434239,"Subpopulation_1"
"NGS_Nanog_KO_Rep2","Read_1666",0.714998848794443,"Subpopulation_1"
"NGS_Nanog_KO_Rep2","Read_1667",0.717783713407214,"Subpopulation_1"
"NGS_Nanog_KO_Rep2","Read_1668",0.720114729050525,"Subpopulation_1"
"NGS_Nanog_KO_Rep2","Read_1669",0.717134810238466,"Subpopulation_1"
"NGS_Nanog_KO_Rep2","Read_1670",0.720020876959538,"Subpopulation_1"
"NGS_Nanog_KO_Rep2","Read_1671",0.71478565320815,"Subpopulation_1"
"NGS_Nanog_KO_Rep2","Read_1672",0.724017885612571,"Subpopulation_1"
"NGS_Nanog_KO_Rep2","Read_1673",0.716930314843988,"Subpopulation_1"
"NGS_Nanog_KO_Rep2","Read_1674",0.720403613247833,"Subpopulation_1"
"NGS_Nanog_KO_Rep2","Read_1675",0.7211885394488,"Subpopulation_1"
"NGS_Nanog_KO_Rep2","Read_1676",0.72460268789341,"Subpopulation_1"
"NGS_Nanog_KO_Rep2","Read_1677",0.715908052266108,"Subpopulation_1"
"NGS_Nanog_KO_Rep2","Read_1678",0.721568965269989,"Subpopulation_1"
"NGS_Nanog_KO_Rep2","Read_1679",0.717379765357515,"Subpopulation_1"
"NGS_Nanog_KO_Rep2","Read_1680",0.719097092254092,"Subpopulation_1"
"NGS_Nanog_KO_Rep2","Read_1681",0.711049237924748,"Subpopulation_1"
"NGS_Nanog_KO_Rep2","Read_1682",0.704123561624795,"Subpopulation_1"
"NGS_Nanog_KO_Rep2","Read_1683",0.711913372853784,"Subpopulation_1"
"NGS_Nanog_KO_Rep2","Read_1684",0.716543819705994,"Subpopulation_1"
"NGS_Nanog_KO_Rep2","Read_1685",0.716102003011515,"Subpopulation_1"
"NGS_Nanog_KO_Rep2","Read_1686",0.722000628510465,"Subpopulation_1"
"NGS_Nanog_KO_Rep2","Read_1687",0.721351986314812,"Subpopulation_1"
"NGS_Nanog_KO_Rep2","Read_1688",0.714269581974367,"Subpopulation_1"
"NGS_Nanog_KO_Rep2","Read_1689",0.719280404973421,"Subpopulation_1"
"NGS_Nanog_KO_Rep2","Read_1690",0.720349245141801,"Subpopulation_1"
"NGS_Nanog_KO_Rep2","Read_1691",0.703390005444089,"Subpopulation_1"
"NGS_Nanog_KO_Rep2","Read_1692",0.721544028705573,"Subpopulation_1"
"NGS_Nanog_KO_Rep2","Read_1693",0.712104853367847,"Subpopulation_1"
"NGS_Nanog_KO_Rep2","Read_1694",0.72453051301672,"Subpopulation_1"
"NGS_Nanog_KO_Rep2","Read_1695",0.72251356421592,"Subpopulation_1"
"NGS_Nanog_KO_Rep2","Read_1696",0.724607065608124,"Subpopulation_1"
"NGS_Nanog_KO_Rep2","Read_1697",0.719080697481808,"Subpopulation_1"
"NGS_Nanog_KO_Rep2","Read_1698",0.714561007788633,"Subpopulation_1"
"NGS_Nanog_KO_Rep2","Read_1699",0.723955338403109,"Subpopulation_1"
"NGS_Nanog_KO_Rep2","Read_1700",0.71600324901065,"Subpopulation_1"
"NGS_Nanog_KO_Rep2","Read_1701",0.718647861278305,"Subpopulation_1"
"NGS_Nanog_KO_Rep2","Read_1702",0.723677347111444,"Subpopulation_1"
"NGS_Nanog_KO_Rep2","Read_1703",0.717089185613659,"Subpopulation_1"
"NGS_Nanog_KO_Rep2","Read_1704",0.722836889716359,"Subpopulation_1"
"NGS_Nanog_KO_Rep2","Read_1705",0.720377283524604,"Subpopulation_1"
"NGS_Nanog_KO_Rep2","Read_1706",0.723209995065906,"Subpopulation_1"
"NGS_Nanog_KO_Rep2","Read_1707",0.715757477877747,"Subpopulation_1"
"NGS_Nanog_KO_Rep2","Read_1708",0.716853087538825,"Subpopulation_1"
"NGS_Nanog_KO_Rep2","Read_1709",0.713269618605865,"Subpopulation_1"
"NGS_Nanog_KO_Rep2","Read_1710",0.726769358368616,"Subpopulation_1"
"NGS_Nanog_KO_Rep2","Read_1711",0.721753260096224,"Subpopulation_1"
"NGS_Nanog_KO_Rep2","Read_1712",0.721728614230666,"Subpopulation_1"
"NGS_Nanog_KO_Rep2","Read_1713",0.717257581756144,"Subpopulation_1"
"NGS_Nanog_KO_Rep2","Read_1714",0.722262247876757,"Subpopulation_1"
"NGS_Nanog_KO_Rep2","Read_1715",0.714770866234835,"Subpopulation_1"
"NGS_Nanog_KO_Rep2","Read_1716",0.719880949610675,"Subpopulation_1"
"NGS_Nanog_KO_Rep2","Read_1717",0.724370106498065,"Subpopulation_1"
"NGS_Nanog_KO_Rep2","Read_1718",0.718868090483811,"Subpopulation_1"
"NGS_Nanog_KO_Rep2","Read_1719",0.720598805962462,"Subpopulation_1"
"NGS_Nanog_KO_Rep2","Read_1720",0.713335804317894,"Subpopulation_1"
"NGS_Nanog_KO_Rep2","Read_1721",0.716883796832149,"Subpopulation_1"
"NGS_Nanog_KO_Rep2","Read_1722",0.719082371900059,"Subpopulation_1"
"NGS_Nanog_KO_Rep2","Read_1723",0.712997299861047,"Subpopulation_1"
"NGS_Nanog_KO_Rep2","Read_1724",0.721739075744855,"Subpopulation_1"
"NGS_Nanog_KO_Rep2","Read_1725",0.71875024470234,"Subpopulation_1"
"NGS_Nanog_KO_Rep2","Read_1726",0.716424709911428,"Subpopulation_1"
"NGS_Nanog_KO_Rep2","Read_1727",0.719286601279419,"Subpopulation_1"
"NGS_Nanog_KO_Rep2","Read_1728",0.717605542148008,"Subpopulation_1"
"NGS_Nanog_KO_Rep2","Read_1729",0.727221088045634,"Subpopulation_1"
"NGS_Nanog_KO_Rep2","Read_1730",0.72554535581883,"Subpopulation_1"
"NGS_Nanog_KO_Rep2","Read_1731",0.714714937350298,"Subpopulation_1"
"NGS_Nanog_KO_Rep2","Read_1732",0.715032102059607,"Subpopulation_1"
"NGS_Nanog_KO_Rep2","Read_1733",0.723168019239272,"Subpopulation_1"
"NGS_Nanog_KO_Rep2","Read_1734",0.706251174434956,"Subpopulation_1"
"NGS_Nanog_KO_Rep2","Read_1735",0.709660683154822,"Subpopulation_1"
"NGS_Nanog_KO_Rep2","Read_1736",0.719472415529788,"Subpopulation_1"
"NGS_Nanog_KO_Rep2","Read_1737",0.721589360168969,"Subpopulation_1"
"NGS_Nanog_KO_Rep2","Read_1738",0.728107929773443,"Subpopulation_1"
"NGS_Nanog_KO_Rep2","Read_1739",0.714287948630195,"Subpopulation_1"
"NGS_Nanog_KO_Rep2","Read_1740",0.718747665282435,"Subpopulation_1"
"NGS_Nanog_KO_Rep2","Read_1741",0.71893973898761,"Subpopulation_1"
"NGS_Nanog_KO_Rep2","Read_1742",0.713248802894524,"Subpopulation_1"
"NGS_Nanog_KO_Rep2","Read_1743",0.715729367586816,"Subpopulation_1"
"NGS_Nanog_KO_Rep2","Read_1744",0.709262781571305,"Subpopulation_1"
"NGS_Nanog_KO_Rep2","Read_1745",0.714443044439607,"Subpopulation_1"
"NGS_Nanog_KO_Rep2","Read_1746",0.726832688863659,"Subpopulation_1"
"NGS_Nanog_KO_Rep2","Read_1747",0.71471869818479,"Subpopulation_1"
"NGS_Nanog_KO_Rep2","Read_1748",0.733990465884284,"Subpopulation_1"
"NGS_Nanog_KO_Rep2","Read_1749",0.718153818846485,"Subpopulation_1"
"NGS_Nanog_KO_Rep2","Read_1750",0.718818161373245,"Subpopulation_1"
"NGS_Nanog_KO_Rep2","Read_1751",0.708746205252962,"Subpopulation_1"
"NGS_Nanog_KO_Rep2","Read_1752",0.723779300472095,"Subpopulation_1"
"NGS_Nanog_KO_Rep2","Read_1753",0.723498478926831,"Subpopulation_1"
"NGS_Nanog_KO_Rep2","Read_1754",0.709770571113175,"Subpopulation_1"
"NGS_Nanog_KO_Rep2","Read_1755",0.725511068985771,"Subpopulation_1"
"NGS_Nanog_KO_Rep2","Read_1756",0.723888456926772,"Subpopulation_1"
"NGS_Nanog_KO_Rep2","Read_1757",0.724077945890846,"Subpopulation_1"
"NGS_Nanog_KO_Rep2","Read_1758",0.72665259384954,"Subpopulation_1"
"NGS_Nanog_KO_Rep2","Read_1759",0.701486693543468,"Subpopulation_1"
"NGS_Nanog_KO_Rep2","Read_1760",0.718289909972306,"Subpopulation_1"
"NGS_Nanog_KO_Rep2","Read_1761",0.70660925137732,"Subpopulation_1"
"NGS_Nanog_KO_Rep2","Read_1762",0.718585696054245,"Subpopulation_1"
"NGS_Nanog_KO_Rep2","Read_1763",0.721791575511846,"Subpopulation_1"
"NGS_Nanog_KO_Rep2","Read_1764",0.717853340384386,"Subpopulation_1"
"NGS_Nanog_KO_Rep2","Read_1765",0.723854562117407,"Subpopulation_1"
"NGS_Nanog_KO_Rep2","Read_1766",0.712885562472795,"Subpopulation_1"
"NGS_Nanog_KO_Rep2","Read_1767",0.720398187781315,"Subpopulation_1"
"NGS_Nanog_KO_Rep2","Read_1768",0.722061415368112,"Subpopulation_1"
"NGS_Nanog_KO_Rep2","Read_1769",0.719905744626104,"Subpopulation_1"
"NGS_Nanog_KO_Rep2","Read_1770",0.717471042845923,"Subpopulation_1"
"NGS_Nanog_KO_Rep2","Read_1771",0.702803731825159,"Subpopulation_1"
"NGS_Nanog_KO_Rep2","Read_1772",0.715011771634149,"Subpopulation_1"
"NGS_Nanog_KO_Rep2","Read_1773",0.721102260536579,"Subpopulation_1"
"NGS_Nanog_KO_Rep2","Read_1774",0.714835909642986,"Subpopulation_1"
"NGS_Nanog_KO_Rep2","Read_1775",0.720049373053336,"Subpopulation_1"
"NGS_Nanog_KO_Rep2","Read_1776",0.716963624917567,"Subpopulation_1"
"NGS_Nanog_KO_Rep2","Read_1777",0.718000350911166,"Subpopulation_1"
"NGS_Nanog_KO_Rep2","Read_1778",0.726697395662055,"Subpopulation_1"
"NGS_Nanog_KO_Rep2","Read_1779",0.725725256705841,"Subpopulation_1"
"NGS_Nanog_KO_Rep2","Read_1780",0.722892982593949,"Subpopulation_1"
"NGS_Nanog_KO_Rep2","Read_1781",0.715455785942511,"Subpopulation_1"
"NGS_Nanog_KO_Rep2","Read_1782",0.726784004540279,"Subpopulation_1"
"NGS_Nanog_KO_Rep2","Read_1783",0.71924192561396,"Subpopulation_1"
"NGS_Nanog_KO_Rep2","Read_1784",0.717111641490155,"Subpopulation_1"
"NGS_Nanog_KO_Rep2","Read_1785",0.708947523827059,"Subpopulation_1"
"NGS_Nanog_KO_Rep2","Read_1786",0.712799751144108,"Subpopulation_1"
"NGS_Nanog_KO_Rep2","Read_1787",0.717388854505162,"Subpopulation_1"
"NGS_Nanog_KO_Rep2","Read_1788",0.72182647406361,"Subpopulation_1"
"NGS_Nanog_KO_Rep2","Read_1789",0.73200383898994,"Subpopulation_1"
"NGS_Nanog_KO_Rep2","Read_1790",0.722886318257907,"Subpopulation_1"
"NGS_Nanog_KO_Rep2","Read_1791",0.711277679438759,"Subpopulation_1"
"NGS_Nanog_KO_Rep2","Read_1792",0.718103310959678,"Subpopulation_1"
"NGS_Nanog_KO_Rep2","Read_1793",0.7242890247068,"Subpopulation_1"
"NGS_Nanog_KO_Rep2","Read_1794",0.721624368127009,"Subpopulation_1"
"NGS_Nanog_KO_Rep2","Read_1795",0.724846493041449,"Subpopulation_1"
"NGS_Nanog_KO_Rep2","Read_1796",0.719962254276968,"Subpopulation_1"
"NGS_Nanog_KO_Rep2","Read_1797",0.715831046109292,"Subpopulation_1"
"NGS_Nanog_KO_Rep2","Read_1798",0.70627146977769,"Subpopulation_1"
"NGS_Nanog_KO_Rep2","Read_1799",0.714768589806463,"Subpopulation_1"
"NGS_Nanog_KO_Rep2","Read_1800",0.724411761170285,"Subpopulation_1"
"NGS_Nanog_KO_Rep2","Read_1801",0.718602901158519,"Subpopulation_1"
"NGS_Nanog_KO_Rep2","Read_1802",0.71592972786435,"Subpopulation_1"
"NGS_Nanog_KO_Rep2","Read_1803",0.714865451599695,"Subpopulation_1"
"NGS_Nanog_KO_Rep2","Read_1804",0.724028723359868,"Subpopulation_1"
"NGS_Nanog_KO_Rep2","Read_1805",0.72230691738588,"Subpopulation_1"
"NGS_Nanog_KO_Rep2","Read_1806",0.715810959819974,"Subpopulation_1"
"NGS_Nanog_KO_Rep2","Read_1807",0.710943702684696,"Subpopulation_1"
"NGS_Nanog_KO_Rep2","Read_1808",0.723855829158057,"Subpopulation_1"
"NGS_Nanog_KO_Rep2","Read_1809",0.711886382411255,"Subpopulation_1"
"NGS_Nanog_KO_Rep2","Read_1810",0.719196083362113,"Subpopulation_1"
"NGS_Nanog_KO_Rep2","Read_1811",0.718321629728754,"Subpopulation_1"
"NGS_Nanog_KO_Rep2","Read_1812",0.716910937096329,"Subpopulation_1"
"NGS_Nanog_KO_Rep2","Read_1813",0.709216081393573,"Subpopulation_1"
"NGS_Nanog_KO_Rep2","Read_1814",0.715184158569972,"Subpopulation_1"
"NGS_Nanog_KO_Rep2","Read_1815",0.724529907582901,"Subpopulation_1"
"NGS_Nanog_KO_Rep2","Read_1816",0.715485046248375,"Subpopulation_1"
"NGS_Nanog_KO_Rep2","Read_1817",0.716252809685747,"Subpopulation_1"
"NGS_Nanog_KO_Rep2","Read_1818",0.714455967294356,"Subpopulation_1"
"NGS_Nanog_KO_Rep2","Read_1819",0.717882058047567,"Subpopulation_1"
"NGS_Nanog_KO_Rep2","Read_1820",0.702695124233923,"Subpopulation_1"
"NGS_Nanog_KO_Rep2","Read_1821",0.720950859304444,"Subpopulation_1"
"NGS_Nanog_KO_Rep2","Read_1822",0.713294967772712,"Subpopulation_1"
"NGS_Nanog_KO_Rep2","Read_1823",0.723466676479552,"Subpopulation_1"
"NGS_Nanog_KO_Rep2","Read_1824",0.719533670767348,"Subpopulation_1"
"NGS_Nanog_KO_Rep2","Read_1825",0.721673610822679,"Subpopulation_1"
"NGS_Nanog_KO_Rep2","Read_1826",0.719547717379472,"Subpopulation_1"
"NGS_Nanog_KO_Rep2","Read_1827",0.72076647865379,"Subpopulation_1"
"NGS_Nanog_KO_Rep2","Read_1828",0.713461697351202,"Subpopulation_1"
"NGS_Nanog_KO_Rep2","Read_1829",0.724011310602683,"Subpopulation_1"
"NGS_Nanog_KO_Rep2","Read_1830",0.716892191147928,"Subpopulation_1"
"NGS_Nanog_KO_Rep2","Read_1831",0.721892631600166,"Subpopulation_1"
"NGS_Nanog_KO_Rep2","Read_1832",0.696879154290671,"Subpopulation_1"
"NGS_Nanog_KO_Rep2","Read_1833",0.724004987893685,"Subpopulation_1"
"NGS_Nanog_KO_Rep2","Read_1834",0.708717335284088,"Subpopulation_1"
"NGS_Nanog_KO_Rep2","Read_1835",0.722679493222026,"Subpopulation_1"
"NGS_Nanog_KO_Rep2","Read_1836",0.711060833290209,"Subpopulation_1"
"NGS_Nanog_KO_Rep2","Read_1837",0.718984842250048,"Subpopulation_1"
"NGS_Nanog_KO_Rep2","Read_1838",0.726037536490435,"Subpopulation_1"
"NGS_Nanog_KO_Rep2","Read_1839",0.706726723889866,"Subpopulation_1"
"NGS_Nanog_KO_Rep2","Read_1840",0.72086992198281,"Subpopulation_1"
"NGS_Nanog_KO_Rep2","Read_1841",0.701447082904042,"Subpopulation_1"
"NGS_Nanog_KO_Rep2","Read_1842",0.714115429361012,"Subpopulation_1"
"NGS_Nanog_KO_Rep2","Read_1843",0.711301707640757,"Subpopulation_1"
"NGS_Nanog_KO_Rep2","Read_1844",0.721027497182178,"Subpopulation_1"
"NGS_Nanog_KO_Rep2","Read_1845",0.712736718598166,"Subpopulation_1"
"NGS_Nanog_KO_Rep2","Read_1846",0.72361951389829,"Subpopulation_1"
"NGS_Nanog_KO_Rep2","Read_1847",0.714549991274797,"Subpopulation_1"
"NGS_Nanog_KO_Rep2","Read_1848",0.724688605451194,"Subpopulation_1"
"NGS_Nanog_KO_Rep2","Read_1849",0.712678724315494,"Subpopulation_1"
"NGS_Nanog_KO_Rep2","Read_1850",0.715720710689953,"Subpopulation_1"
"NGS_Nanog_KO_Rep2","Read_1851",0.723731034599884,"Subpopulation_1"
"NGS_Nanog_KO_Rep2","Read_1852",0.723534497218681,"Subpopulation_1"
"NGS_Nanog_KO_Rep2","Read_1853",0.721393178773076,"Subpopulation_1"
"NGS_Nanog_KO_Rep2","Read_1854",0.720910039461093,"Subpopulation_1"
"NGS_Nanog_KO_Rep2","Read_1855",0.725066885583046,"Subpopulation_1"
"NGS_Nanog_KO_Rep2","Read_1856",0.712457650043042,"Subpopulation_1"
"NGS_Nanog_KO_Rep2","Read_1857",0.71587323175114,"Subpopulation_1"
"NGS_Nanog_KO_Rep2","Read_1858",0.708448467809098,"Subpopulation_1"
"NGS_Nanog_KO_Rep2","Read_1859",0.721127064434747,"Subpopulation_1"
"NGS_Nanog_KO_Rep2","Read_1860",0.716358708581426,"Subpopulation_1"
"NGS_Nanog_KO_Rep2","Read_1861",0.715208304006262,"Subpopulation_1"
"NGS_Nanog_KO_Rep2","Read_1862",0.723193089388431,"Subpopulation_1"
"NGS_Nanog_KO_Rep2","Read_1863",0.716942337094159,"Subpopulation_1"
"NGS_Nanog_KO_Rep2","Read_1864",0.715597710232934,"Subpopulation_1"
"NGS_Nanog_KO_Rep2","Read_1865",0.718390987935828,"Subpopulation_1"
"NGS_Nanog_KO_Rep2","Read_1866",0.718502595738844,"Subpopulation_1"
"NGS_Nanog_KO_Rep2","Read_1867",0.711181911424219,"Subpopulation_1"
"NGS_Nanog_KO_Rep2","Read_1868",0.718753884290622,"Subpopulation_1"
"NGS_Nanog_KO_Rep2","Read_1869",0.718246113542103,"Subpopulation_1"
"NGS_Nanog_KO_Rep2","Read_1870",0.722202891064606,"Subpopulation_1"
"NGS_Nanog_KO_Rep2","Read_1871",0.718862901724888,"Subpopulation_1"
"NGS_Nanog_KO_Rep2","Read_1872",0.717174107008268,"Subpopulation_1"
"NGS_Nanog_KO_Rep2","Read_1873",0.715012904038495,"Subpopulation_1"
"NGS_Nanog_KO_Rep2","Read_1874",0.714135016430791,"Subpopulation_1"
"NGS_Nanog_KO_Rep2","Read_1875",0.710436336334128,"Subpopulation_1"
"NGS_Nanog_KO_Rep2","Read_1876",0.725901882217545,"Subpopulation_1"
"NGS_Nanog_KO_Rep2","Read_1877",0.721215021197074,"Subpopulation_1"
"NGS_Nanog_KO_Rep2","Read_1878",0.718833994489649,"Subpopulation_1"
"NGS_Nanog_KO_Rep2","Read_1879",0.716254719581462,"Subpopulation_1"
"NGS_Nanog_KO_Rep2","Read_1880",0.721491863011875,"Subpopulation_1"
"NGS_Nanog_KO_Rep2","Read_1881",0.725396267151575,"Subpopulation_1"
"NGS_Nanog_KO_Rep2","Read_1882",0.718871475982014,"Subpopulation_1"
"NGS_Nanog_KO_Rep2","Read_1883",0.732936422607,"Subpopulation_1"
"NGS_Nanog_KO_Rep2","Read_1884",0.727269681821565,"Subpopulation_1"
"NGS_Nanog_KO_Rep2","Read_1885",0.71656308314068,"Subpopulation_1"
"NGS_Nanog_KO_Rep2","Read_1886",0.721360765571366,"Subpopulation_1"
"NGS_Nanog_KO_Rep2","Read_1887",0.714577281517254,"Subpopulation_1"
"NGS_Nanog_KO_Rep2","Read_1888",0.717031761136975,"Subpopulation_1"
"NGS_Nanog_KO_Rep2","Read_1889",0.720829879570372,"Subpopulation_1"
"NGS_Nanog_KO_Rep2","Read_1890",0.70521603689681,"Subpopulation_1"
"NGS_Nanog_KO_Rep2","Read_1891",0.71481008048844,"Subpopulation_1"
"NGS_Nanog_KO_Rep2","Read_1892",0.717418033035219,"Subpopulation_1"
"NGS_Nanog_KO_Rep2","Read_1893",0.717023507611888,"Subpopulation_1"
"NGS_Nanog_KO_Rep2","Read_1894",0.716454788990736,"Subpopulation_1"
"NGS_Nanog_KO_Rep2","Read_1895",0.723447481540479,"Subpopulation_1"
"NGS_Nanog_KO_Rep2","Read_1896",0.718609088442505,"Subpopulation_1"
"NGS_Nanog_KO_Rep2","Read_1897",0.725810164294218,"Subpopulation_1"
"NGS_Nanog_KO_Rep2","Read_1898",0.716693897459208,"Subpopulation_1"
"NGS_Nanog_KO_Rep2","Read_1899",0.729561409784547,"Subpopulation_1"
"NGS_Nanog_KO_Rep2","Read_1900",0.725829862552514,"Subpopulation_1"
"NGS_Nanog_KO_Rep2","Read_1901",0.708549842222962,"Subpopulation_1"
"NGS_Nanog_KO_Rep2","Read_1902",0.71607068921572,"Subpopulation_1"
"NGS_Nanog_KO_Rep2","Read_1903",0.715209456299833,"Subpopulation_1"
"NGS_Nanog_KO_Rep2","Read_1904",0.708822576750749,"Subpopulation_1"
"NGS_Nanog_KO_Rep2","Read_1905",0.712425115802472,"Subpopulation_1"
"NGS_Nanog_KO_Rep2","Read_1906",0.708619156937618,"Subpopulation_1"
"NGS_Nanog_KO_Rep2","Read_1907",0.716484163448024,"Subpopulation_1"
"NGS_Nanog_KO_Rep2","Read_1908",0.715645990110724,"Subpopulation_1"
"NGS_Nanog_KO_Rep2","Read_1909",0.721236352852827,"Subpopulation_1"
"NGS_Nanog_KO_Rep2","Read_1910",0.720995944772043,"Subpopulation_1"
"NGS_Nanog_KO_Rep2","Read_1911",0.720855225137447,"Subpopulation_1"
"NGS_Nanog_KO_Rep2","Read_1912",0.713760567825312,"Subpopulation_1"
"NGS_Nanog_KO_Rep2","Read_1913",0.716079286860574,"Subpopulation_1"
"NGS_Nanog_KO_Rep2","Read_1914",0.722097453398841,"Subpopulation_1"
"NGS_Nanog_KO_Rep2","Read_1915",0.715786609195531,"Subpopulation_1"
"NGS_Nanog_KO_Rep2","Read_1916",0.71462838782562,"Subpopulation_1"
"NGS_Nanog_KO_Rep2","Read_1917",0.719771351684365,"Subpopulation_1"
"NGS_Nanog_KO_Rep2","Read_1918",0.713985671533893,"Subpopulation_1"
"NGS_Nanog_KO_Rep2","Read_1919",0.713602229099087,"Subpopulation_1"
"NGS_Nanog_KO_Rep2","Read_1920",0.72333296117808,"Subpopulation_1"
"NGS_Nanog_KO_Rep2","Read_1921",0.713409732717538,"Subpopulation_1"
"NGS_Nanog_KO_Rep2","Read_1922",0.714218147261892,"Subpopulation_1"
"NGS_Nanog_KO_Rep2","Read_1923",0.726665797652587,"Subpopulation_1"
"NGS_Nanog_KO_Rep2","Read_1924",0.708348367338753,"Subpopulation_1"
"NGS_Nanog_KO_Rep2","Read_1925",0.716157038997856,"Subpopulation_1"
"NGS_Nanog_KO_Rep2","Read_1926",0.721342566996593,"Subpopulation_1"
"NGS_Nanog_KO_Rep2","Read_1927",0.709769294648295,"Subpopulation_1"
"NGS_Nanog_KO_Rep2","Read_1928",0.71626322103797,"Subpopulation_1"
"NGS_Nanog_KO_Rep2","Read_1929",0.709465948499286,"Subpopulation_1"
"NGS_Nanog_KO_Rep2","Read_1930",0.713945922173057,"Subpopulation_1"
"NGS_Nanog_KO_Rep2","Read_1931",0.723108571942579,"Subpopulation_1"
"NGS_Nanog_KO_Rep2","Read_1932",0.716042609094756,"Subpopulation_1"
"NGS_Nanog_KO_Rep2","Read_1933",0.712075584194547,"Subpopulation_1"
"NGS_Nanog_KO_Rep2","Read_1934",0.722892071533901,"Subpopulation_1"
"NGS_Nanog_KO_Rep2","Read_1935",0.716676815342046,"Subpopulation_1"
"NGS_Nanog_KO_Rep2","Read_1936",0.719569469922505,"Subpopulation_1"
"NGS_Nanog_KO_Rep2","Read_1937",0.716115320507616,"Subpopulation_1"
"NGS_Nanog_KO_Rep2","Read_1938",0.727518296957253,"Subpopulation_1"
"NGS_Nanog_KO_Rep2","Read_1939",0.719949978558461,"Subpopulation_1"
"NGS_Nanog_KO_Rep2","Read_1940",0.719462946874247,"Subpopulation_1"
"NGS_Nanog_KO_Rep2","Read_1941",0.717230227928264,"Subpopulation_1"
"NGS_Nanog_KO_Rep2","Read_1942",0.719775797712204,"Subpopulation_1"
"NGS_Nanog_KO_Rep2","Read_1943",0.721843483535473,"Subpopulation_1"
"NGS_Nanog_KO_Rep2","Read_1944",0.720949870858556,"Subpopulation_1"
"NGS_Nanog_KO_Rep2","Read_1945",0.712134070864243,"Subpopulation_1"
"NGS_Nanog_KO_Rep2","Read_1946",0.711827315333128,"Subpopulation_1"
"NGS_Nanog_KO_Rep2","Read_1947",0.716673621472554,"Subpopulation_1"
"NGS_Nanog_KO_Rep2","Read_1948",0.719819479706228,"Subpopulation_1"
"NGS_Nanog_KO_Rep2","Read_1949",0.706312926623337,"Subpopulation_1"
"NGS_Nanog_KO_Rep2","Read_1950",0.714160783701127,"Subpopulation_1"
"NGS_Nanog_KO_Rep2","Read_1951",0.718830326090393,"Subpopulation_1"
"NGS_Nanog_KO_Rep2","Read_1952",0.715194311715687,"Subpopulation_1"
"NGS_Nanog_KO_Rep2","Read_1953",0.718379714664047,"Subpopulation_1"
"NGS_Nanog_KO_Rep2","Read_1954",0.712730422951495,"Subpopulation_1"
"NGS_Nanog_KO_Rep2","Read_1955",0.708033473450981,"Subpopulation_1"
"NGS_Nanog_KO_Rep2","Read_1956",0.735601122368656,"Subpopulation_1"
"NGS_Nanog_KO_Rep2","Read_1957",0.708490993101361,"Subpopulation_1"
"NGS_Nanog_KO_Rep2","Read_1958",0.707597784614486,"Subpopulation_1"
"NGS_Nanog_KO_Rep2","Read_1959",0.711203320384688,"Subpopulation_1"
"NGS_Nanog_KO_Rep2","Read_1960",0.705413789795978,"Subpopulation_1"
"NGS_Nanog_KO_Rep2","Read_1961",0.699898536676236,"Subpopulation_1"
"NGS_Nanog_KO_Rep2","Read_1962",0.72061401167484,"Subpopulation_1"
"NGS_Nanog_KO_Rep2","Read_1963",0.718056172733893,"Subpopulation_1"
"NGS_Nanog_KO_Rep2","Read_1964",0.712072189507369,"Subpopulation_1"
"NGS_Nanog_KO_Rep2","Read_1965",0.714023910942336,"Subpopulation_1"
"NGS_Nanog_KO_Rep2","Read_1966",0.721639027401794,"Subpopulation_1"
"NGS_Nanog_KO_Rep2","Read_1967",0.711016822918036,"Subpopulation_1"
"NGS_Nanog_KO_Rep2","Read_1968",0.719459560538655,"Subpopulation_1"
"NGS_Nanog_KO_Rep2","Read_1969",0.720469645758988,"Subpopulation_1"
"NGS_Nanog_KO_Rep2","Read_1970",0.722221381160959,"Subpopulation_1"
"NGS_Nanog_KO_Rep2","Read_1971",0.713177862347766,"Subpopulation_1"
"NGS_Nanog_KO_Rep2","Read_1972",0.732743306262831,"Subpopulation_1"
"NGS_Nanog_KO_Rep2","Read_1973",0.71328296407909,"Subpopulation_1"
"NGS_Nanog_KO_Rep2","Read_1974",0.716004566106202,"Subpopulation_1"
"NGS_Nanog_KO_Rep2","Read_1975",0.716288147910997,"Subpopulation_1"
"NGS_Nanog_KO_Rep2","Read_1976",0.72163998266015,"Subpopulation_1"
"NGS_Nanog_KO_Rep2","Read_1977",0.713208784105569,"Subpopulation_1"
"NGS_Nanog_KO_Rep2","Read_1978",0.712433242005276,"Subpopulation_1"
"NGS_Nanog_KO_Rep2","Read_1979",0.718016678793253,"Subpopulation_1"
"NGS_Nanog_KO_Rep2","Read_1980",0.720347301133023,"Subpopulation_1"
"NGS_Nanog_KO_Rep2","Read_1981",0.705389115197509,"Subpopulation_1"
"NGS_Nanog_KO_Rep2","Read_1982",0.727279916509641,"Subpopulation_1"
"NGS_Nanog_KO_Rep2","Read_1983",0.720391851356563,"Subpopulation_1"
"NGS_Nanog_KO_Rep2","Read_1984",0.721090426420876,"Subpopulation_1"
"NGS_Nanog_KO_Rep2","Read_1985",0.728179993767853,"Subpopulation_1"
"NGS_Nanog_KO_Rep2","Read_1986",0.713717178423672,"Subpopulation_1"
"NGS_Nanog_KO_Rep2","Read_1987",0.723538201817681,"Subpopulation_1"
"NGS_Nanog_KO_Rep2","Read_1988",0.722091936607673,"Subpopulation_1"
"NGS_Nanog_KO_Rep2","Read_1989",0.714299727276074,"Subpopulation_1"
"NGS_Nanog_KO_Rep2","Read_1990",0.716093919746526,"Subpopulation_1"
"NGS_Nanog_KO_Rep2","Read_1991",0.725374138376128,"Subpopulation_1"
"NGS_Nanog_KO_Rep2","Read_1992",0.722459706312868,"Subpopulation_1"
"NGS_Nanog_KO_Rep2","Read_1993",0.715548398370177,"Subpopulation_1"
"NGS_Nanog_KO_Rep2","Read_1994",0.714094221813562,"Subpopulation_1"
"NGS_Nanog_KO_Rep2","Read_1995",0.707928590922531,"Subpopulation_1"
"NGS_Nanog_KO_Rep2","Read_1996",0.714612737606974,"Subpopulation_1"
"NGS_Nanog_KO_Rep2","Read_1997",0.717622132452909,"Subpopulation_1"
"NGS_Nanog_KO_Rep2","Read_1998",0.725325078308897,"Subpopulation_1"
"NGS_Nanog_KO_Rep2","Read_1999",0.717476131976697,"Subpopulation_1"
"NGS_Nanog_KO_Rep2","Read_2000",0.714594882474149,"Subpopulation_1"
"NGS_Nanog_KO_Rep2","Read_2001",0.720976773210299,"Subpopulation_1"
"NGS_Nanog_KO_Rep2","Read_2002",0.704376195965062,"Subpopulation_1"
"NGS_Nanog_KO_Rep2","Read_2003",0.718613547994066,"Subpopulation_1"
"NGS_Nanog_KO_Rep2","Read_2004",0.721655823622272,"Subpopulation_1"
"NGS_Nanog_KO_Rep2","Read_2005",0.717711151659604,"Subpopulation_1"
"NGS_Nanog_KO_Rep2","Read_2006",0.721266315947625,"Subpopulation_1"
"NGS_Nanog_KO_Rep2","Read_2007",0.724115660042467,"Subpopulation_1"
"NGS_Nanog_KO_Rep2","Read_2008",0.72057545391437,"Subpopulation_1"
"NGS_Nanog_KO_Rep2","Read_2009",0.722341647911282,"Subpopulation_1"
"NGS_Nanog_KO_Rep2","Read_2010",0.708616455121198,"Subpopulation_1"
"NGS_Nanog_KO_Rep2","Read_2011",0.706852766548868,"Subpopulation_1"
"NGS_Nanog_KO_Rep2","Read_2012",0.723638128732407,"Subpopulation_1"
"NGS_Nanog_KO_Rep2","Read_2013",0.715868696882841,"Subpopulation_1"
"NGS_Nanog_KO_Rep2","Read_2014",0.71090743508786,"Subpopulation_1"
"NGS_Nanog_KO_Rep2","Read_2015",0.717499834296654,"Subpopulation_1"
"NGS_Nanog_KO_Rep2","Read_2016",0.71742212208156,"Subpopulation_1"
"NGS_Nanog_KO_Rep2","Read_2017",0.728508110515339,"Subpopulation_1"
"NGS_Nanog_KO_Rep2","Read_2018",0.717436585144585,"Subpopulation_1"
"NGS_Nanog_KO_Rep2","Read_2019",0.716757607602303,"Subpopulation_1"
"NGS_Nanog_KO_Rep2","Read_2020",0.71928865667546,"Subpopulation_1"
"NGS_Nanog_KO_Rep2","Read_2021",0.70861552235237,"Subpopulation_1"
"NGS_Nanog_KO_Rep2","Read_2022",0.71408382345188,"Subpopulation_1"
"NGS_Nanog_KO_Rep2","Read_2023",0.717113826381672,"Subpopulation_1"
"NGS_Nanog_KO_Rep2","Read_2024",0.729329609671843,"Subpopulation_1"
"NGS_Nanog_KO_Rep2","Read_2025",0.730617538071961,"Subpopulation_1"
"NGS_Nanog_KO_Rep2","Read_2026",0.711002015412207,"Subpopulation_1"
"NGS_Nanog_KO_Rep2","Read_2027",0.714576186835155,"Subpopulation_1"
"NGS_Nanog_KO_Rep2","Read_2028",0.71827379443341,"Subpopulation_1"
"NGS_Nanog_KO_Rep2","Read_2029",0.720375149560903,"Subpopulation_1"
"NGS_Nanog_KO_Rep2","Read_2030",0.708895118416044,"Subpopulation_1"
"NGS_Nanog_KO_Rep2","Read_2031",0.706940002620292,"Subpopulation_1"
"NGS_Nanog_KO_Rep2","Read_2032",0.725561576415531,"Subpopulation_1"
"NGS_Nanog_KO_Rep2","Read_2033",0.715051309168253,"Subpopulation_1"
"NGS_Nanog_KO_Rep2","Read_2034",0.712597558779034,"Subpopulation_1"
"NGS_Nanog_KO_Rep2","Read_2035",0.713318994590723,"Subpopulation_1"
"NGS_Nanog_KO_Rep2","Read_2036",0.716776184565841,"Subpopulation_1"
"NGS_Nanog_KO_Rep2","Read_2037",0.715730749191849,"Subpopulation_1"
"NGS_Nanog_KO_Rep2","Read_2038",0.714420210637156,"Subpopulation_1"
"NGS_Nanog_KO_Rep2","Read_2039",0.724365709456807,"Subpopulation_1"
"NGS_Nanog_KO_Rep2","Read_2040",0.70939696492713,"Subpopulation_1"
"NGS_Nanog_KO_Rep2","Read_2041",0.709954112898707,"Subpopulation_1"
"NGS_Nanog_KO_Rep2","Read_2042",0.720890667214846,"Subpopulation_1"
"NGS_Nanog_KO_Rep2","Read_2043",0.718783573249235,"Subpopulation_1"
"NGS_Nanog_KO_Rep2","Read_2044",0.704960095572471,"Subpopulation_1"
"NGS_Nanog_KO_Rep2","Read_2045",0.706360441328806,"Subpopulation_1"
"NGS_Nanog_KO_Rep2","Read_2046",0.722524303902712,"Subpopulation_1"
"NGS_Nanog_KO_Rep2","Read_2047",0.71859327477913,"Subpopulation_1"
"NGS_Nanog_KO_Rep2","Read_2048",0.713958374074218,"Subpopulation_1"
"NGS_Nanog_KO_Rep2","Read_2049",0.722445195410213,"Subpopulation_1"
"NGS_Nanog_KO_Rep2","Read_2050",0.711647426922724,"Subpopulation_1"
"NGS_Nanog_KO_Rep2","Read_2051",0.708924580982815,"Subpopulation_1"
"NGS_Nanog_KO_Rep2","Read_2052",0.721392833891638,"Subpopulation_1"
"NGS_Nanog_KO_Rep2","Read_2053",0.714509553243311,"Subpopulation_1"
"NGS_Nanog_KO_Rep2","Read_2054",0.72240487502179,"Subpopulation_1"
"NGS_Nanog_KO_Rep2","Read_2055",0.713098693834048,"Subpopulation_1"
"NGS_Nanog_KO_Rep2","Read_2056",0.714634046088662,"Subpopulation_1"
"NGS_Nanog_KO_Rep2","Read_2057",0.723055178756915,"Subpopulation_1"
"NGS_Nanog_KO_Rep2","Read_2058",0.711691346421047,"Subpopulation_1"
"NGS_Nanog_KO_Rep2","Read_2059",0.720686780548153,"Subpopulation_1"
"NGS_Nanog_KO_Rep2","Read_2060",0.715425448541759,"Subpopulation_1"
"NGS_Nanog_KO_Rep2","Read_2061",0.716109633463455,"Subpopulation_1"
"NGS_Nanog_KO_Rep2","Read_2062",0.721351480961284,"Subpopulation_1"
"NGS_Nanog_KO_Rep2","Read_2063",0.719932475916999,"Subpopulation_1"
"NGS_Nanog_KO_Rep2","Read_2064",0.711918867542575,"Subpopulation_1"
"NGS_Nanog_KO_Rep2","Read_2065",0.715611226768387,"Subpopulation_1"
"NGS_Nanog_KO_Rep2","Read_2066",0.719241311082894,"Subpopulation_1"
"NGS_Nanog_KO_Rep2","Read_2067",0.729657152202223,"Subpopulation_1"
"NGS_Nanog_KO_Rep2","Read_2068",0.710569619364806,"Subpopulation_1"
"NGS_Nanog_KO_Rep2","Read_2069",0.723667970708188,"Subpopulation_1"
"NGS_Nanog_KO_Rep2","Read_2070",0.723844051428954,"Subpopulation_1"
"NGS_Nanog_KO_Rep2","Read_2071",0.731173262057707,"Subpopulation_1"
"NGS_Nanog_KO_Rep2","Read_2072",0.715803062327207,"Subpopulation_1"
"NGS_Nanog_KO_Rep2","Read_2073",0.712566693885002,"Subpopulation_1"
"NGS_Nanog_KO_Rep2","Read_2074",0.728838076505933,"Subpopulation_1"
"NGS_Nanog_KO_Rep2","Read_2075",0.71996217452855,"Subpopulation_1"
"NGS_Nanog_KO_Rep2","Read_2076",0.726216638471124,"Subpopulation_1"
"NGS_Nanog_KO_Rep2","Read_2077",0.710106607356654,"Subpopulation_1"
"NGS_Nanog_KO_Rep2","Read_2078",0.731774464596741,"Subpopulation_1"
"NGS_Nanog_KO_Rep2","Read_2079",0.720921669871905,"Subpopulation_1"
"NGS_Nanog_KO_Rep2","Read_2080",0.72166911122858,"Subpopulation_1"
"NGS_Nanog_KO_Rep2","Read_2081",0.71023042051662,"Subpopulation_1"
"NGS_Nanog_KO_Rep2","Read_2082",0.715007933201698,"Subpopulation_1"
"NGS_Nanog_KO_Rep2","Read_2083",0.721760957145565,"Subpopulation_1"
"NGS_Nanog_KO_Rep2","Read_2084",0.723747194034007,"Subpopulation_1"
"NGS_Nanog_KO_Rep2","Read_2085",0.725347940869997,"Subpopulation_1"
"NGS_Nanog_KO_Rep2","Read_2086",0.725229209058097,"Subpopulation_1"
"NGS_Nanog_KO_Rep2","Read_2087",0.734205953883729,"Subpopulation_1"
"NGS_Nanog_KO_Rep2","Read_2088",0.710170036866043,"Subpopulation_1"
"NGS_Nanog_KO_Rep2","Read_2089",0.71368998951933,"Subpopulation_1"
"NGS_Nanog_KO_Rep2","Read_2090",0.725739851033374,"Subpopulation_1"
"NGS_Nanog_KO_Rep2","Read_2091",0.725346565472232,"Subpopulation_1"
"NGS_Nanog_KO_Rep2","Read_2092",0.712154870040653,"Subpopulation_1"
"NGS_Nanog_KO_Rep2","Read_2093",0.719449334328004,"Subpopulation_1"
"NGS_Nanog_KO_Rep2","Read_2094",0.712401939164849,"Subpopulation_1"
"NGS_Nanog_KO_Rep2","Read_2095",0.721043318585274,"Subpopulation_1"
"NGS_Nanog_KO_Rep2","Read_2096",0.721298719236609,"Subpopulation_1"
"NGS_Nanog_KO_Rep2","Read_2097",0.709826962405041,"Subpopulation_1"
"NGS_Nanog_KO_Rep2","Read_2098",0.704287205937484,"Subpopulation_1"
"NGS_Nanog_KO_Rep2","Read_2099",0.721074989192066,"Subpopulation_1"
"NGS_Nanog_KO_Rep2","Read_2100",0.707568116043981,"Subpopulation_1"
"NGS_Nanog_KO_Rep2","Read_2101",0.71566287062411,"Subpopulation_1"
"NGS_Nanog_KO_Rep2","Read_2102",0.724701126304721,"Subpopulation_1"
"NGS_Nanog_KO_Rep2","Read_2103",0.713501653434885,"Subpopulation_1"
"NGS_Nanog_KO_Rep2","Read_2104",0.724313465670643,"Subpopulation_1"
"NGS_Nanog_KO_Rep2","Read_2105",0.713644839472913,"Subpopulation_1"
"NGS_Nanog_KO_Rep2","Read_2106",0.716180616418988,"Subpopulation_1"
"NGS_Nanog_KO_Rep2","Read_2107",0.719677854349459,"Subpopulation_1"
"NGS_Nanog_KO_Rep2","Read_2108",0.716119967404637,"Subpopulation_1"
"NGS_Nanog_KO_Rep2","Read_2109",0.716817831339998,"Subpopulation_1"
"NGS_Nanog_KO_Rep2","Read_2110",0.716785556684183,"Subpopulation_1"
"NGS_Nanog_KO_Rep2","Read_2111",0.721286427485268,"Subpopulation_1"
"NGS_Nanog_KO_Rep2","Read_2112",0.718815761663637,"Subpopulation_1"
"NGS_Nanog_KO_Rep2","Read_2113",0.717079968583218,"Subpopulation_1"
"NGS_Nanog_KO_Rep2","Read_2114",0.712358313079148,"Subpopulation_1"
"NGS_Nanog_KO_Rep2","Read_2115",0.723042001336229,"Subpopulation_1"
"NGS_Nanog_KO_Rep2","Read_2116",0.717737002253264,"Subpopulation_1"
"NGS_Nanog_KO_Rep2","Read_2117",0.704714156217573,"Subpopulation_1"
"NGS_Nanog_KO_Rep2","Read_2118",0.714974650333676,"Subpopulation_1"
"NGS_Nanog_KO_Rep2","Read_2119",0.716946215597892,"Subpopulation_1"
"NGS_Nanog_KO_Rep2","Read_2120",0.718527501344961,"Subpopulation_1"
"NGS_Nanog_KO_Rep2","Read_2121",0.726283098752984,"Subpopulation_1"
"NGS_Nanog_KO_Rep2","Read_2122",0.72560582288923,"Subpopulation_1"
"NGS_Nanog_KO_Rep2","Read_2123",0.721731308742711,"Subpopulation_1"
"NGS_Nanog_KO_Rep2","Read_2124",0.719639250462256,"Subpopulation_1"
"NGS_Nanog_KO_Rep2","Read_2125",0.702839428426579,"Subpopulation_1"
"NGS_Nanog_KO_Rep2","Read_2126",0.714406518664719,"Subpopulation_1"
"NGS_Nanog_KO_Rep2","Read_2127",0.721667258122495,"Subpopulation_1"
"NGS_Nanog_KO_Rep2","Read_2128",0.711206389009171,"Subpopulation_1"
"NGS_Nanog_KO_Rep2","Read_2129",0.727538972262548,"Subpopulation_1"
"NGS_Nanog_KO_Rep2","Read_2130",0.716827366899376,"Subpopulation_1"
"NGS_Nanog_KO_Rep2","Read_2131",0.725684126053669,"Subpopulation_1"
"NGS_Nanog_KO_Rep2","Read_2132",0.714327217146087,"Subpopulation_1"
"NGS_Nanog_KO_Rep2","Read_2133",0.716473037405689,"Subpopulation_1"
"NGS_Nanog_KO_Rep2","Read_2134",0.719810266990713,"Subpopulation_1"
"NGS_Nanog_KO_Rep2","Read_2135",0.718750177205771,"Subpopulation_1"
"NGS_Nanog_KO_Rep2","Read_2136",0.723647146208957,"Subpopulation_1"
"NGS_Nanog_KO_Rep2","Read_2137",0.713982019055425,"Subpopulation_1"
"NGS_Nanog_KO_Rep2","Read_2138",0.71616330741093,"Subpopulation_1"
"NGS_Nanog_KO_Rep2","Read_2139",0.720334916172911,"Subpopulation_1"
"NGS_Nanog_KO_Rep2","Read_2140",0.716700411965926,"Subpopulation_1"
"NGS_Nanog_KO_Rep2","Read_2141",0.73027930209164,"Subpopulation_1"
"NGS_Nanog_KO_Rep2","Read_2142",0.722574189122796,"Subpopulation_1"
"NGS_Nanog_KO_Rep2","Read_2143",0.715653969157135,"Subpopulation_1"
"NGS_Nanog_KO_Rep2","Read_2144",0.711986177466206,"Subpopulation_1"
"NGS_Nanog_KO_Rep2","Read_2145",0.716536248238848,"Subpopulation_1"
"NGS_Nanog_KO_Rep2","Read_2146",0.722782852114711,"Subpopulation_1"
"NGS_Nanog_KO_Rep2","Read_2147",0.720100489099948,"Subpopulation_1"
"NGS_Nanog_KO_Rep2","Read_2148",0.704106187556971,"Subpopulation_1"
"NGS_Nanog_KO_Rep2","Read_2149",0.721916914882301,"Subpopulation_1"
"NGS_Nanog_KO_Rep2","Read_2150",0.724849727514773,"Subpopulation_1"
"NGS_Nanog_KO_Rep2","Read_2151",0.71540484189364,"Subpopulation_1"
"NGS_Nanog_KO_Rep2","Read_2152",0.723904087656265,"Subpopulation_1"
"NGS_Nanog_KO_Rep2","Read_2153",0.721168514983531,"Subpopulation_1"
"NGS_Nanog_KO_Rep2","Read_2154",0.723070746637476,"Subpopulation_1"
"NGS_Nanog_KO_Rep2","Read_2155",0.728454724577848,"Subpopulation_1"
"NGS_Nanog_KO_Rep2","Read_2156",0.717096780867836,"Subpopulation_1"
"NGS_Nanog_KO_Rep2","Read_2157",0.715872903509768,"Subpopulation_1"
"NGS_Nanog_KO_Rep2","Read_2158",0.720501772616083,"Subpopulation_1"
"NGS_Nanog_KO_Rep2","Read_2159",0.717699125429056,"Subpopulation_1"
"NGS_Nanog_KO_Rep2","Read_2160",0.721241830682897,"Subpopulation_1"
"NGS_Nanog_KO_Rep2","Read_2161",0.708162605461384,"Subpopulation_1"
"NGS_Nanog_KO_Rep2","Read_2162",0.713846495309998,"Subpopulation_1"
"NGS_Nanog_KO_Rep2","Read_2163",0.725765619153413,"Subpopulation_1"
"NGS_Nanog_KO_Rep2","Read_2164",0.721401466646068,"Subpopulation_1"
"NGS_Nanog_KO_Rep2","Read_2165",0.719014076975869,"Subpopulation_1"
"NGS_Nanog_KO_Rep2","Read_2166",0.721890060999392,"Subpopulation_1"
"NGS_Nanog_KO_Rep2","Read_2167",0.712071414071194,"Subpopulation_1"
"NGS_Nanog_KO_Rep2","Read_2168",0.71659883876265,"Subpopulation_1"
"NGS_Nanog_KO_Rep2","Read_2169",0.710461119690038,"Subpopulation_1"
"NGS_Nanog_KO_Rep2","Read_2170",0.717709622959327,"Subpopulation_1"
"NGS_Nanog_KO_Rep2","Read_2171",0.72099026984195,"Subpopulation_1"
"NGS_Nanog_KO_Rep2","Read_2172",0.713073853333782,"Subpopulation_1"
"NGS_Nanog_KO_Rep2","Read_2173",0.716222929919429,"Subpopulation_1"
"NGS_Nanog_KO_Rep2","Read_2174",0.711241503412007,"Subpopulation_1"
"NGS_Nanog_KO_Rep2","Read_2175",0.720621020190526,"Subpopulation_1"
"NGS_Nanog_KO_Rep2","Read_2176",0.723386222412105,"Subpopulation_1"
"NGS_Nanog_KO_Rep2","Read_2177",0.732211242488838,"Subpopulation_1"
"NGS_Nanog_KO_Rep2","Read_2178",0.710808651909447,"Subpopulation_1"
"NGS_Nanog_KO_Rep2","Read_2179",0.723661123753288,"Subpopulation_1"
"NGS_Nanog_KO_Rep2","Read_2180",0.715880359855986,"Subpopulation_1"
"NGS_Nanog_KO_Rep2","Read_2181",0.711591934807316,"Subpopulation_1"
"NGS_Nanog_KO_Rep2","Read_2182",0.72061748781391,"Subpopulation_1"
"NGS_Nanog_KO_Rep2","Read_2183",0.72260320738379,"Subpopulation_1"
"NGS_Nanog_KO_Rep2","Read_2184",0.723108561593456,"Subpopulation_1"
"NGS_Nanog_KO_Rep2","Read_2185",0.717915150009207,"Subpopulation_1"
"NGS_Nanog_KO_Rep2","Read_2186",0.701935622364279,"Subpopulation_1"
"NGS_Nanog_KO_Rep2","Read_2187",0.719850715798151,"Subpopulation_1"
"NGS_Nanog_KO_Rep2","Read_2188",0.714624898459078,"Subpopulation_1"
"NGS_Nanog_KO_Rep2","Read_2189",0.715066086079306,"Subpopulation_1"
"NGS_Nanog_KO_Rep2","Read_2190",0.720052793657285,"Subpopulation_1"
"NGS_Nanog_KO_Rep2","Read_2191",0.713474667955792,"Subpopulation_1"
"NGS_Nanog_KO_Rep2","Read_2192",0.725908983046958,"Subpopulation_1"
"NGS_Nanog_KO_Rep2","Read_2193",0.715636754679083,"Subpopulation_1"
"NGS_Nanog_KO_Rep2","Read_2194",0.718185347955324,"Subpopulation_1"
"NGS_Nanog_KO_Rep2","Read_2195",0.734485003221356,"Subpopulation_1"
"NGS_Nanog_KO_Rep2","Read_2196",0.718419600351162,"Subpopulation_1"
"NGS_Nanog_KO_Rep2","Read_2197",0.72032069428662,"Subpopulation_1"
"NGS_Nanog_KO_Rep2","Read_2198",0.716319291588638,"Subpopulation_1"
"NGS_Nanog_KO_Rep2","Read_2199",0.718957605371633,"Subpopulation_1"
"NGS_Nanog_KO_Rep2","Read_2200",0.716647283316621,"Subpopulation_1"
"NGS_Nanog_KO_Rep2","Read_2201",0.719017567457929,"Subpopulation_1"
"NGS_Nanog_KO_Rep2","Read_2202",0.708956000007838,"Subpopulation_1"
"NGS_Nanog_KO_Rep2","Read_2203",0.717887787697644,"Subpopulation_1"
"NGS_Nanog_KO_Rep2","Read_2204",0.72237245907248,"Subpopulation_1"
"NGS_Nanog_KO_Rep2","Read_2205",0.724561225611033,"Subpopulation_1"
"NGS_Nanog_KO_Rep2","Read_2206",0.719522158120326,"Subpopulation_1"
"NGS_Nanog_KO_Rep2","Read_2207",0.7182877209875,"Subpopulation_1"
"NGS_Nanog_KO_Rep2","Read_2208",0.726938706401595,"Subpopulation_1"
"NGS_Nanog_KO_Rep2","Read_2209",0.723902039157369,"Subpopulation_1"
"NGS_Nanog_KO_Rep2","Read_2210",0.721806903682383,"Subpopulation_1"
"NGS_Nanog_KO_Rep2","Read_2211",0.719740526029017,"Subpopulation_1"
"NGS_Nanog_KO_Rep2","Read_2212",0.70225043489902,"Subpopulation_1"
"NGS_Nanog_KO_Rep2","Read_2213",0.731551832794229,"Subpopulation_1"
"NGS_Nanog_KO_Rep2","Read_2214",0.707346123407373,"Subpopulation_1"
"NGS_Nanog_KO_Rep2","Read_2215",0.716418207709734,"Subpopulation_1"
"NGS_Nanog_KO_Rep2","Read_2216",0.728353942835357,"Subpopulation_1"
"NGS_Nanog_KO_Rep2","Read_2217",0.722218714095967,"Subpopulation_1"
"NGS_Nanog_KO_Rep2","Read_2218",0.714495567978159,"Subpopulation_1"
"NGS_Nanog_KO_Rep2","Read_2219",0.707922512958967,"Subpopulation_1"
"NGS_Nanog_KO_Rep2","Read_2220",0.723169328537984,"Subpopulation_1"
"NGS_Nanog_KO_Rep2","Read_2221",0.713429342713216,"Subpopulation_1"
"NGS_Nanog_KO_Rep2","Read_2222",0.721684818108712,"Subpopulation_1"
"NGS_Nanog_KO_Rep2","Read_2223",0.715968322993907,"Subpopulation_1"
"NGS_Nanog_KO_Rep2","Read_2224",0.71329619928714,"Subpopulation_1"
"NGS_Nanog_KO_Rep2","Read_2225",0.719250702776963,"Subpopulation_1"
"NGS_Nanog_KO_Rep2","Read_2226",0.716170182935564,"Subpopulation_1"
"NGS_Nanog_KO_Rep2","Read_2227",0.717448026776628,"Subpopulation_1"
"NGS_Nanog_KO_Rep2","Read_2228",0.724549134634141,"Subpopulation_1"
"NGS_Nanog_KO_Rep2","Read_2229",0.721436924660923,"Subpopulation_1"
"NGS_Nanog_KO_Rep2","Read_2230",0.725196937046692,"Subpopulation_1"
"NGS_Nanog_KO_Rep2","Read_2231",0.716202804000028,"Subpopulation_1"
"NGS_Nanog_KO_Rep2","Read_2232",0.713730125785449,"Subpopulation_1"
"NGS_Nanog_KO_Rep2","Read_2233",0.723845831709675,"Subpopulation_1"
"NGS_Nanog_KO_Rep2","Read_2234",0.725183071868466,"Subpopulation_1"
"NGS_Nanog_KO_Rep2","Read_2235",0.724920639963856,"Subpopulation_1"
"NGS_Nanog_KO_Rep2","Read_2236",0.72463301319679,"Subpopulation_1"
"NGS_Nanog_KO_Rep2","Read_2237",0.723773474759802,"Subpopulation_1"
"NGS_Nanog_KO_Rep2","Read_2238",0.722857860330523,"Subpopulation_1"
"NGS_Nanog_KO_Rep2","Read_2239",0.722598227542,"Subpopulation_1"
"NGS_Nanog_KO_Rep2","Read_2240",0.724656983708141,"Subpopulation_1"
"NGS_Nanog_KO_Rep2","Read_2241",0.717788388029279,"Subpopulation_1"
"NGS_Nanog_KO_Rep2","Read_2242",0.720727516933665,"Subpopulation_1"
"NGS_Nanog_KO_Rep2","Read_2243",0.723085058304536,"Subpopulation_1"
"NGS_Nanog_KO_Rep2","Read_2244",0.721235413549443,"Subpopulation_1"
"NGS_Nanog_KO_Rep2","Read_2245",0.72472552433075,"Subpopulation_1"
"NGS_Nanog_KO_Rep2","Read_2246",0.7241162482913,"Subpopulation_1"
"NGS_Nanog_KO_Rep2","Read_2247",0.722986765741041,"Subpopulation_1"
"NGS_Nanog_KO_Rep2","Read_2248",0.725375523177074,"Subpopulation_1"
"NGS_Nanog_KO_Rep2","Read_2249",0.722280470858166,"Subpopulation_1"
"NGS_Nanog_KO_Rep2","Read_2250",0.709133576429263,"Subpopulation_1"
"NGS_Nanog_KO_Rep2","Read_2251",0.716544258244426,"Subpopulation_1"
"NGS_Nanog_KO_Rep2","Read_2252",0.722748634562251,"Subpopulation_1"
"NGS_Nanog_KO_Rep2","Read_2253",0.716388671750451,"Subpopulation_1"
"NGS_Nanog_KO_Rep2","Read_2254",0.71734943245117,"Subpopulation_1"
"NGS_Nanog_KO_Rep2","Read_2255",0.725777362258779,"Subpopulation_1"
"NGS_Nanog_KO_Rep2","Read_2256",0.7212584554826,"Subpopulation_1"
"NGS_Nanog_KO_Rep2","Read_2257",0.723560915111512,"Subpopulation_1"
"NGS_Nanog_KO_Rep2","Read_2258",0.717845168185408,"Subpopulation_1"
"NGS_Nanog_KO_Rep2","Read_2259",0.714649060744299,"Subpopulation_1"
"NGS_Nanog_KO_Rep2","Read_2260",0.715449530078287,"Subpopulation_1"
"NGS_Nanog_KO_Rep2","Read_2261",0.716220880240453,"Subpopulation_1"
"NGS_Nanog_KO_Rep2","Read_2262",0.720415269112196,"Subpopulation_1"
"NGS_Nanog_KO_Rep2","Read_2263",0.705270209930009,"Subpopulation_1"
"NGS_Nanog_KO_Rep2","Read_2264",0.725038227919731,"Subpopulation_1"
"NGS_Nanog_KO_Rep2","Read_2265",0.701107302682799,"Subpopulation_1"
"NGS_Nanog_KO_Rep2","Read_2266",0.714538062279755,"Subpopulation_1"
"NGS_Nanog_KO_Rep2","Read_2267",0.723756036089953,"Subpopulation_1"
"NGS_Nanog_KO_Rep2","Read_2268",0.710836093989973,"Subpopulation_1"
"NGS_Nanog_KO_Rep2","Read_2269",0.722653483493538,"Subpopulation_1"
"NGS_Nanog_KO_Rep2","Read_2270",0.711785925217995,"Subpopulation_1"
"NGS_Nanog_KO_Rep2","Read_2271",0.708737513957413,"Subpopulation_1"
"NGS_Nanog_KO_Rep2","Read_2272",0.722651723024121,"Subpopulation_1"
"NGS_Nanog_KO_Rep2","Read_2273",0.716772485489821,"Subpopulation_1"
"NGS_Nanog_KO_Rep2","Read_2274",0.716798784200738,"Subpopulation_1"
"NGS_Nanog_KO_Rep2","Read_2275",0.728085383677291,"Subpopulation_1"
"NGS_Nanog_KO_Rep2","Read_2276",0.710329756486221,"Subpopulation_1"
"NGS_Nanog_KO_Rep2","Read_2277",0.710655816363243,"Subpopulation_1"
"NGS_Nanog_KO_Rep2","Read_2278",0.715865052289379,"Subpopulation_1"
"NGS_Nanog_KO_Rep2","Read_2279",0.723606318472384,"Subpopulation_1"
"NGS_Nanog_KO_Rep2","Read_2280",0.725717099937409,"Subpopulation_1"
"NGS_Nanog_KO_Rep2","Read_2281",0.716123196186663,"Subpopulation_1"
"NGS_Nanog_KO_Rep2","Read_2282",0.718925014281933,"Subpopulation_1"
"NGS_Nanog_KO_Rep2","Read_2283",0.720802884188936,"Subpopulation_1"
"NGS_Nanog_KO_Rep2","Read_2284",0.727224583513702,"Subpopulation_1"
"NGS_Nanog_KO_Rep2","Read_2285",0.710139665265515,"Subpopulation_1"
"NGS_Nanog_KO_Rep2","Read_2286",0.715437068332016,"Subpopulation_1"
"NGS_Nanog_KO_Rep2","Read_2287",0.719425885073964,"Subpopulation_1"
"NGS_Nanog_KO_Rep2","Read_2288",0.712650822943202,"Subpopulation_1"
"NGS_Nanog_KO_Rep2","Read_2289",0.718654803011155,"Subpopulation_1"
"NGS_Nanog_KO_Rep2","Read_2290",0.719860485663428,"Subpopulation_1"
"NGS_Nanog_KO_Rep2","Read_2291",0.710948966638374,"Subpopulation_1"
"NGS_Nanog_KO_Rep2","Read_2292",0.718285226574875,"Subpopulation_1"
"NGS_Nanog_KO_Rep2","Read_2293",0.723076925768283,"Subpopulation_1"
"NGS_Nanog_KO_Rep2","Read_2294",0.724607617753908,"Subpopulation_1"
"NGS_Nanog_KO_Rep2","Read_2295",0.716541560027988,"Subpopulation_1"
"NGS_Nanog_KO_Rep2","Read_2296",0.723115686056834,"Subpopulation_1"
"NGS_Nanog_KO_Rep2","Read_2297",0.719445309359193,"Subpopulation_1"
"NGS_Nanog_KO_Rep2","Read_2298",0.710543037321566,"Subpopulation_1"
"NGS_Nanog_KO_Rep2","Read_2299",0.725818904530722,"Subpopulation_1"
"NGS_Nanog_KO_Rep2","Read_2300",0.728575047473178,"Subpopulation_1"
"NGS_Nanog_KO_Rep2","Read_2301",0.718725239834227,"Subpopulation_1"
"NGS_Nanog_KO_Rep2","Read_2302",0.727159638058203,"Subpopulation_1"
"NGS_Nanog_KO_Rep2","Read_2303",0.724633990153007,"Subpopulation_1"
"NGS_Nanog_KO_Rep2","Read_2304",0.720253733839999,"Subpopulation_1"
"NGS_Nanog_KO_Rep2","Read_2305",0.719636777378864,"Subpopulation_1"
"NGS_Nanog_KO_Rep2","Read_2306",0.724117042151779,"Subpopulation_1"
"NGS_Nanog_KO_Rep2","Read_2307",0.722729409440706,"Subpopulation_1"
"NGS_Nanog_KO_Rep2","Read_2308",0.719038847177299,"Subpopulation_1"
"NGS_Nanog_KO_Rep2","Read_2309",0.721201073328922,"Subpopulation_1"
"NGS_Nanog_KO_Rep2","Read_2310",0.72603202764544,"Subpopulation_1"
"NGS_Nanog_KO_Rep2","Read_2311",0.720023597463038,"Subpopulation_1"
"NGS_Nanog_KO_Rep2","Read_2312",0.72690117286218,"Subpopulation_1"
"NGS_Nanog_KO_Rep2","Read_2313",0.715944950640521,"Subpopulation_1"
"NGS_Nanog_KO_Rep2","Read_2314",0.712140418900121,"Subpopulation_1"
"NGS_Nanog_KO_Rep2","Read_2315",0.717845917521408,"Subpopulation_1"
"NGS_Nanog_KO_Rep2","Read_2316",0.722284881163525,"Subpopulation_1"
"NGS_Nanog_KO_Rep2","Read_2317",0.718479179891746,"Subpopulation_1"
"NGS_Nanog_KO_Rep2","Read_2318",0.730537017843515,"Subpopulation_1"
"NGS_Nanog_KO_Rep2","Read_2319",0.722468009380636,"Subpopulation_1"
"NGS_Nanog_KO_Rep2","Read_2320",0.721281693447915,"Subpopulation_1"
"NGS_Nanog_KO_Rep2","Read_2321",0.723054630085723,"Subpopulation_1"
"NGS_Nanog_KO_Rep2","Read_2322",0.720817554029066,"Subpopulation_1"
"NGS_Nanog_KO_Rep2","Read_2323",0.722687229216098,"Subpopulation_1"
"NGS_Nanog_KO_Rep2","Read_2324",0.722736086314422,"Subpopulation_1"
"NGS_Nanog_KO_Rep2","Read_2325",0.71527023865832,"Subpopulation_1"
"NGS_Nanog_KO_Rep2","Read_2326",0.715627300779236,"Subpopulation_1"
"NGS_Nanog_KO_Rep2","Read_2327",0.71144006041146,"Subpopulation_1"
"NGS_Nanog_KO_Rep2","Read_2328",0.716293173251373,"Subpopulation_1"
"NGS_Nanog_KO_Rep2","Read_2329",0.725582142960584,"Subpopulation_1"
"NGS_Nanog_KO_Rep2","Read_2330",0.723642965344458,"Subpopulation_1"
"NGS_Nanog_KO_Rep2","Read_2331",0.721882547104533,"Subpopulation_1"
"NGS_Nanog_KO_Rep2","Read_2332",0.701501993947524,"Subpopulation_1"
"NGS_Nanog_KO_Rep2","Read_2333",0.72209290217419,"Subpopulation_1"
"NGS_Nanog_KO_Rep2","Read_2334",0.722071505681446,"Subpopulation_1"
"NGS_Nanog_KO_Rep2","Read_2335",0.721142484122169,"Subpopulation_1"
"NGS_Nanog_KO_Rep2","Read_2336",0.725875076914506,"Subpopulation_1"
"NGS_Nanog_KO_Rep2","Read_2337",0.720086588665923,"Subpopulation_1"
"NGS_Nanog_KO_Rep2","Read_2338",0.71699797748612,"Subpopulation_1"
"NGS_Nanog_KO_Rep2","Read_2339",0.719860750031611,"Subpopulation_1"
"NGS_Nanog_KO_Rep2","Read_2340",0.729557566180831,"Subpopulation_1"
"NGS_Nanog_KO_Rep2","Read_2341",0.714673006300255,"Subpopulation_1"
"NGS_Nanog_KO_Rep2","Read_2342",0.711687508992627,"Subpopulation_1"
"NGS_Nanog_KO_Rep2","Read_2343",0.721639094409175,"Subpopulation_1"
"NGS_Nanog_KO_Rep2","Read_2344",0.701376899001186,"Subpopulation_1"
"NGS_Nanog_KO_Rep2","Read_2345",0.72384169170454,"Subpopulation_1"
"NGS_Nanog_KO_Rep2","Read_2346",0.714150300702231,"Subpopulation_1"
"NGS_Nanog_KO_Rep2","Read_2347",0.715437056236642,"Subpopulation_1"
"NGS_Nanog_KO_Rep2","Read_2348",0.718263298396839,"Subpopulation_1"
"NGS_Nanog_KO_Rep2","Read_2349",0.716450874284005,"Subpopulation_1"
"NGS_Nanog_KO_Rep2","Read_2350",0.718854926240018,"Subpopulation_1"
"NGS_Nanog_KO_Rep2","Read_2351",0.723148444519888,"Subpopulation_1"
"NGS_Nanog_KO_Rep2","Read_2352",0.71702623974095,"Subpopulation_1"
"NGS_Nanog_KO_Rep2","Read_2353",0.720057997545586,"Subpopulation_1"
"NGS_Nanog_KO_Rep2","Read_2354",0.723320977943318,"Subpopulation_1"
"NGS_Nanog_KO_Rep2","Read_2355",0.713661982349267,"Subpopulation_1"
"NGS_Nanog_KO_Rep2","Read_2356",0.709196004357388,"Subpopulation_1"
"NGS_Nanog_KO_Rep2","Read_2357",0.721979450460824,"Subpopulation_1"
"NGS_Nanog_KO_Rep2","Read_2358",0.728399617798002,"Subpopulation_1"
"NGS_Nanog_KO_Rep2","Read_2359",0.708345026448719,"Subpopulation_1"
"NGS_Nanog_KO_Rep2","Read_2360",0.725984773679014,"Subpopulation_1"
"NGS_Nanog_KO_Rep2","Read_2361",0.71734761948728,"Subpopulation_1"
"NGS_Nanog_KO_Rep2","Read_2362",0.70988614800576,"Subpopulation_1"
"NGS_Nanog_KO_Rep2","Read_2363",0.725480246106266,"Subpopulation_1"
"NGS_Nanog_KO_Rep2","Read_2364",0.714218608551793,"Subpopulation_1"
"NGS_Nanog_KO_Rep2","Read_2365",0.71487689156661,"Subpopulation_1"
"NGS_Nanog_KO_Rep2","Read_2366",0.71645941765105,"Subpopulation_1"
"NGS_Nanog_KO_Rep2","Read_2367",0.710448649829886,"Subpopulation_1"
"NGS_Nanog_KO_Rep2","Read_2368",0.721050702174922,"Subpopulation_1"
"NGS_Nanog_KO_Rep2","Read_2369",0.719772143054057,"Subpopulation_1"
"NGS_Nanog_KO_Rep2","Read_2370",0.711277014545543,"Subpopulation_1"
"NGS_Nanog_KO_Rep2","Read_2371",0.720795786331723,"Subpopulation_1"
"NGS_Nanog_KO_Rep2","Read_2372",0.725171668377352,"Subpopulation_1"
"NGS_Nanog_KO_Rep2","Read_2373",0.720027428679447,"Subpopulation_1"
"NGS_Nanog_KO_Rep2","Read_2374",0.71577938919057,"Subpopulation_1"
"NGS_Nanog_KO_Rep2","Read_2375",0.713044262857689,"Subpopulation_1"
"NGS_Nanog_KO_Rep2","Read_2376",0.723786226222765,"Subpopulation_1"
"NGS_Nanog_KO_Rep2","Read_2377",0.719458368479462,"Subpopulation_1"
"NGS_Nanog_KO_Rep2","Read_2378",0.714048779525789,"Subpopulation_1"
"NGS_Nanog_KO_Rep2","Read_2379",0.722185533172188,"Subpopulation_1"
"NGS_Nanog_KO_Rep2","Read_2380",0.717686689709617,"Subpopulation_1"
"NGS_Nanog_KO_Rep2","Read_2381",0.712316096181201,"Subpopulation_1"
"NGS_Nanog_KO_Rep2","Read_2382",0.714328539425169,"Subpopulation_1"
"NGS_Nanog_KO_Rep2","Read_2383",0.71869709963359,"Subpopulation_1"
"NGS_Nanog_KO_Rep2","Read_2384",0.719085488764947,"Subpopulation_1"
"NGS_Nanog_KO_Rep2","Read_2385",0.723924935778546,"Subpopulation_1"
"NGS_Nanog_KO_Rep2","Read_2386",0.731173735469039,"Subpopulation_1"
"NGS_Nanog_KO_Rep2","Read_2387",0.727946682225229,"Subpopulation_1"
"NGS_Nanog_KO_Rep2","Read_2388",0.725675530892868,"Subpopulation_1"
"NGS_Nanog_KO_Rep2","Read_2389",0.730966118086863,"Subpopulation_1"
"NGS_Nanog_KO_Rep2","Read_2390",0.714350170223681,"Subpopulation_1"
"NGS_Nanog_KO_Rep2","Read_2391",0.714460280129966,"Subpopulation_1"
"NGS_Nanog_KO_Rep2","Read_2392",0.718109532004008,"Subpopulation_1"
"NGS_Nanog_KO_Rep2","Read_2393",0.726252788977735,"Subpopulation_1"
"NGS_Nanog_KO_Rep2","Read_2394",0.718163406439645,"Subpopulation_1"
"NGS_Nanog_KO_Rep2","Read_2395",0.72572017506026,"Subpopulation_1"
"NGS_Nanog_KO_Rep2","Read_2396",0.71754640553199,"Subpopulation_1"
"NGS_Nanog_KO_Rep2","Read_2397",0.717932026764103,"Subpopulation_1"
"NGS_Nanog_KO_Rep2","Read_2398",0.719561222437408,"Subpopulation_1"
"NGS_Nanog_KO_Rep2","Read_2399",0.708876210703976,"Subpopulation_1"
"NGS_Nanog_KO_Rep2","Read_2400",0.715008177351206,"Subpopulation_1"
"NGS_Nanog_KO_Rep2","Read_2401",0.716107000610265,"Subpopulation_1"
"NGS_Nanog_KO_Rep2","Read_2402",0.71209480641543,"Subpopulation_1"
"NGS_Nanog_KO_Rep2","Read_2403",0.716674460979307,"Subpopulation_1"
"NGS_Nanog_KO_Rep2","Read_2404",0.723487014074838,"Subpopulation_1"
"NGS_Nanog_KO_Rep2","Read_2405",0.709620830198659,"Subpopulation_1"
"NGS_Nanog_KO_Rep2","Read_2406",0.719035497853774,"Subpopulation_1"
"NGS_Nanog_KO_Rep2","Read_2407",0.710394817797892,"Subpopulation_1"
"NGS_Nanog_KO_Rep2","Read_2408",0.713198022514611,"Subpopulation_1"
"NGS_Nanog_KO_Rep2","Read_2409",0.710516475739448,"Subpopulation_1"
"NGS_Nanog_KO_Rep2","Read_2410",0.720772462803079,"Subpopulation_1"
"NGS_Nanog_KO_Rep2","Read_2411",0.709332325698321,"Subpopulation_1"
"NGS_Nanog_KO_Rep2","Read_2412",0.713593586823707,"Subpopulation_1"
"NGS_Nanog_KO_Rep2","Read_2413",0.716337808529393,"Subpopulation_1"
"NGS_Nanog_KO_Rep2","Read_2414",0.71610404604694,"Subpopulation_1"
"NGS_Nanog_KO_Rep2","Read_2415",0.715614363614082,"Subpopulation_1"
"NGS_Nanog_KO_Rep2","Read_2416",0.720822233748139,"Subpopulation_1"
"NGS_Nanog_KO_Rep2","Read_2417",0.727441040966775,"Subpopulation_1"
"NGS_Nanog_KO_Rep2","Read_2418",0.705493481962833,"Subpopulation_1"
"NGS_Nanog_KO_Rep2","Read_2419",0.717623078349551,"Subpopulation_1"
"NGS_Nanog_KO_Rep2","Read_2420",0.712243545099284,"Subpopulation_1"
"NGS_Nanog_KO_Rep2","Read_2421",0.723729525939248,"Subpopulation_1"
"NGS_Nanog_KO_Rep2","Read_2422",0.716175924598637,"Subpopulation_1"
"NGS_Nanog_KO_Rep2","Read_2423",0.722751840568518,"Subpopulation_1"
"NGS_Nanog_KO_Rep2","Read_2424",0.721192156357869,"Subpopulation_1"
"NGS_Nanog_KO_Rep2","Read_2425",0.722194354388714,"Subpopulation_1"
"NGS_Nanog_KO_Rep2","Read_2426",0.7249382559082,"Subpopulation_1"
"NGS_Nanog_KO_Rep2","Read_2427",0.725977295457667,"Subpopulation_1"
"NGS_Nanog_KO_Rep2","Read_2428",0.718579333450587,"Subpopulation_1"
"NGS_Nanog_KO_Rep2","Read_2429",0.703462234988863,"Subpopulation_1"
"NGS_Nanog_KO_Rep2","Read_2430",0.725518169597702,"Subpopulation_1"
"NGS_Nanog_KO_Rep2","Read_2431",0.719701516007299,"Subpopulation_1"
"NGS_Nanog_KO_Rep2","Read_2432",0.730729248743228,"Subpopulation_1"
"NGS_Nanog_KO_Rep2","Read_2433",0.719896923439244,"Subpopulation_1"
"NGS_Nanog_KO_Rep2","Read_2434",0.72056235387754,"Subpopulation_1"
"NGS_Nanog_KO_Rep2","Read_2435",0.716906047213515,"Subpopulation_1"
"NGS_Nanog_KO_Rep2","Read_2436",0.711046670952403,"Subpopulation_1"
"NGS_Nanog_KO_Rep2","Read_2437",0.72318251427843,"Subpopulation_1"
"NGS_Nanog_KO_Rep2","Read_2438",0.710818310122947,"Subpopulation_1"
"NGS_Nanog_KO_Rep2","Read_2439",0.711848307931831,"Subpopulation_1"
"NGS_Nanog_KO_Rep2","Read_2440",0.711029548084497,"Subpopulation_1"
"NGS_Nanog_KO_Rep2","Read_2441",0.728601090318308,"Subpopulation_1"
"NGS_Nanog_KO_Rep2","Read_2442",0.721498800113562,"Subpopulation_1"
"NGS_Nanog_KO_Rep2","Read_2443",0.710897568732684,"Subpopulation_1"
"NGS_Nanog_KO_Rep2","Read_2444",0.720404262091117,"Subpopulation_1"
"NGS_Nanog_KO_Rep2","Read_2445",0.716131755990182,"Subpopulation_1"
"NGS_Nanog_KO_Rep2","Read_2446",0.71259420245689,"Subpopulation_1"
"NGS_Nanog_KO_Rep2","Read_2447",0.717953908183998,"Subpopulation_1"
"NGS_Nanog_KO_Rep2","Read_2448",0.718083616088863,"Subpopulation_1"
"NGS_Nanog_KO_Rep2","Read_2449",0.716589194968984,"Subpopulation_1"
"NGS_Nanog_KO_Rep2","Read_2450",0.709056926812626,"Subpopulation_1"
"NGS_Nanog_KO_Rep2","Read_2451",0.713026659913365,"Subpopulation_1"
"NGS_Nanog_KO_Rep2","Read_2452",0.716156098603235,"Subpopulation_1"
"NGS_Nanog_KO_Rep2","Read_2453",0.725163403910474,"Subpopulation_1"
"NGS_Nanog_KO_Rep2","Read_2454",0.721413966355293,"Subpopulation_1"
"NGS_Nanog_KO_Rep2","Read_2455",0.728537909409217,"Subpopulation_1"
"NGS_Nanog_KO_Rep2","Read_2456",0.716193280641883,"Subpopulation_1"
"NGS_Nanog_KO_Rep2","Read_2457",0.721631863074806,"Subpopulation_1"
"NGS_Nanog_KO_Rep2","Read_2458",0.722573548382151,"Subpopulation_1"
"NGS_Nanog_KO_Rep2","Read_2459",0.701848338858123,"Subpopulation_1"
"NGS_Nanog_KO_Rep2","Read_2460",0.703585364324735,"Subpopulation_1"
"NGS_Nanog_KO_Rep2","Read_2461",0.716572684657782,"Subpopulation_1"
"NGS_Nanog_KO_Rep2","Read_2462",0.725178966479891,"Subpopulation_1"
"NGS_Nanog_KO_Rep2","Read_2463",0.723304335450723,"Subpopulation_1"
"NGS_Nanog_KO_Rep2","Read_2464",0.714326243854644,"Subpopulation_1"
"NGS_Nanog_KO_Rep2","Read_2465",0.723658235545585,"Subpopulation_1"
"NGS_Nanog_KO_Rep2","Read_2466",0.715476005925015,"Subpopulation_1"
"NGS_Nanog_KO_Rep2","Read_2467",0.711964745256794,"Subpopulation_1"
"NGS_Nanog_KO_Rep2","Read_2468",0.717233288114369,"Subpopulation_1"
"NGS_Nanog_KO_Rep2","Read_2469",0.723641072882955,"Subpopulation_1"
"NGS_Nanog_KO_Rep2","Read_2470",0.716337853249146,"Subpopulation_1"
"NGS_Nanog_KO_Rep2","Read_2471",0.726829932344192,"Subpopulation_1"
"NGS_Nanog_KO_Rep2","Read_2472",0.720426617761311,"Subpopulation_1"
"NGS_Nanog_KO_Rep2","Read_2473",0.721268980816012,"Subpopulation_1"
"NGS_Nanog_KO_Rep2","Read_2474",0.732166531078741,"Subpopulation_1"
"NGS_Nanog_KO_Rep2","Read_2475",0.72461849281009,"Subpopulation_1"
"NGS_Nanog_KO_Rep2","Read_2476",0.72605118487332,"Subpopulation_1"
"NGS_Nanog_KO_Rep2","Read_2477",0.725986388892371,"Subpopulation_1"
"NGS_Nanog_KO_Rep2","Read_2478",0.709127329853928,"Subpopulation_1"
"NGS_Nanog_KO_Rep2","Read_2479",0.714496280520639,"Subpopulation_1"
"NGS_Nanog_KO_Rep2","Read_2480",0.723136459925153,"Subpopulation_1"
"NGS_Nanog_KO_Rep2","Read_2481",0.720702966589805,"Subpopulation_1"
"NGS_Nanog_KO_Rep2","Read_2482",0.720887199604162,"Subpopulation_1"
"NGS_Nanog_KO_Rep2","Read_2483",0.706679743356336,"Subpopulation_1"
"NGS_Nanog_KO_Rep2","Read_2484",0.722239848390194,"Subpopulation_1"
"NGS_Nanog_KO_Rep2","Read_2485",0.712550614712056,"Subpopulation_1"
"NGS_Nanog_KO_Rep2","Read_2486",0.722298946278123,"Subpopulation_1"
"NGS_Nanog_KO_Rep2","Read_2487",0.713961059084024,"Subpopulation_1"
"NGS_Nanog_KO_Rep2","Read_2488",0.732960768603958,"Subpopulation_1"
"NGS_Nanog_KO_Rep2","Read_2489",0.722062715849685,"Subpopulation_1"
"NGS_Nanog_KO_Rep2","Read_2490",0.713835874988499,"Subpopulation_1"
"NGS_Nanog_KO_Rep2","Read_2491",0.723292569980819,"Subpopulation_1"
"NGS_Nanog_KO_Rep2","Read_2492",0.721833156196975,"Subpopulation_1"
"NGS_Nanog_KO_Rep2","Read_2493",0.717584418838251,"Subpopulation_1"
"NGS_Nanog_KO_Rep2","Read_2494",0.726735602346724,"Subpopulation_1"
"NGS_Nanog_KO_Rep2","Read_2495",0.713661744746289,"Subpopulation_1"
"NGS_Nanog_KO_Rep2","Read_2496",0.718212193342589,"Subpopulation_1"
"NGS_Nanog_KO_Rep2","Read_2497",0.723734869420372,"Subpopulation_1"
"NGS_Nanog_KO_Rep2","Read_2498",0.723929214928467,"Subpopulation_1"
"NGS_Nanog_KO_Rep2","Read_2499",0.715695852962961,"Subpopulation_1"
"NGS_Nanog_KO_Rep2","Read_2500",0.713439775705014,"Subpopulation_1"
"NGS_Nanog_KO_Rep2","Read_2501",0.726226335590247,"Subpopulation_1"
"NGS_Nanog_KO_Rep2","Read_2502",0.716504702242343,"Subpopulation_1"
"NGS_Nanog_KO_Rep2","Read_2503",0.715265548167427,"Subpopulation_1"
"NGS_Nanog_KO_Rep2","Read_2504",0.715955954629441,"Subpopulation_1"
"NGS_Nanog_KO_Rep2","Read_2505",0.721219014846422,"Subpopulation_1"
"NGS_Nanog_KO_Rep2","Read_2506",0.722723260852918,"Subpopulation_1"
"NGS_Nanog_KO_Rep2","Read_2507",0.723007488927904,"Subpopulation_1"
"NGS_Nanog_KO_Rep2","Read_2508",0.73144182067235,"Subpopulation_1"
"NGS_Nanog_KO_Rep2","Read_2509",0.72526218711839,"Subpopulation_1"
"NGS_Nanog_KO_Rep2","Read_2510",0.722691667363978,"Subpopulation_1"
"NGS_Nanog_KO_Rep2","Read_2511",0.704915374098587,"Subpopulation_1"
"NGS_Nanog_KO_Rep2","Read_2512",0.718913648477861,"Subpopulation_1"
"NGS_Nanog_KO_Rep2","Read_2513",0.708436370585206,"Subpopulation_1"
"NGS_Nanog_KO_Rep2","Read_2514",0.71212650248016,"Subpopulation_1"
"NGS_Nanog_KO_Rep2","Read_2515",0.721179366038037,"Subpopulation_1"
"NGS_Nanog_KO_Rep2","Read_2516",0.710999390852287,"Subpopulation_1"
"NGS_Nanog_KO_Rep2","Read_2517",0.723898522272969,"Subpopulation_1"
"NGS_Nanog_KO_Rep2","Read_2518",0.719840819473276,"Subpopulation_1"
"NGS_Nanog_KO_Rep2","Read_2519",0.711824893102455,"Subpopulation_1"
"NGS_Nanog_KO_Rep2","Read_2520",0.724546131124543,"Subpopulation_1"
"NGS_Nanog_KO_Rep2","Read_2521",0.7276667951571,"Subpopulation_1"
"NGS_Nanog_KO_Rep2","Read_2522",0.721415895958722,"Subpopulation_1"
"NGS_Nanog_KO_Rep2","Read_2523",0.725967988968276,"Subpopulation_1"
"NGS_Nanog_KO_Rep2","Read_2524",0.724520277993356,"Subpopulation_1"
"NGS_Nanog_KO_Rep2","Read_2525",0.714979371687388,"Subpopulation_1"
"NGS_Nanog_KO_Rep2","Read_2526",0.728842053459374,"Subpopulation_1"
"NGS_Nanog_KO_Rep2","Read_2527",0.718403013620402,"Subpopulation_1"
"NGS_Nanog_KO_Rep2","Read_2528",0.722793620509591,"Subpopulation_1"
"NGS_Nanog_KO_Rep2","Read_2529",0.720549856447033,"Subpopulation_1"
"NGS_Nanog_KO_Rep2","Read_2530",0.717170372709984,"Subpopulation_1"
"NGS_Nanog_KO_Rep2","Read_2531",0.719883744682848,"Subpopulation_1"
"NGS_Nanog_KO_Rep2","Read_2532",0.716759681269261,"Subpopulation_1"
"NGS_Nanog_KO_Rep2","Read_2533",0.711450587797935,"Subpopulation_1"
"NGS_Nanog_KO_Rep2","Read_2534",0.725777687108847,"Subpopulation_1"
"NGS_Nanog_KO_Rep2","Read_2535",0.697948928825751,"Subpopulation_1"
"NGS_Nanog_KO_Rep2","Read_2536",0.721386824640692,"Subpopulation_1"
"NGS_Nanog_KO_Rep2","Read_2537",0.725173046508247,"Subpopulation_1"
"NGS_Nanog_KO_Rep2","Read_2538",0.720130863487159,"Subpopulation_1"
"NGS_Nanog_KO_Rep2","Read_2539",0.714436873238136,"Subpopulation_1"
"NGS_Nanog_KO_Rep2","Read_2540",0.708983075997012,"Subpopulation_1"
"NGS_Nanog_KO_Rep2","Read_2541",0.713691875232167,"Subpopulation_1"
"NGS_Nanog_KO_Rep2","Read_2542",0.716706961726858,"Subpopulation_1"
"NGS_Nanog_KO_Rep2","Read_2543",0.719665878586474,"Subpopulation_1"
"NGS_Nanog_KO_Rep2","Read_2544",0.724644365164377,"Subpopulation_1"
"NGS_Nanog_KO_Rep2","Read_2545",0.71497386265609,"Subpopulation_1"
"NGS_Nanog_KO_Rep2","Read_2546",0.718842449669715,"Subpopulation_1"
"NGS_Nanog_KO_Rep2","Read_2547",0.717071665812289,"Subpopulation_1"
"NGS_Nanog_KO_Rep2","Read_2548",0.718301108061614,"Subpopulation_1"
"NGS_Nanog_KO_Rep2","Read_2549",0.71873905980426,"Subpopulation_1"
"NGS_Nanog_KO_Rep2","Read_2550",0.706971932638867,"Subpopulation_1"
"NGS_Nanog_KO_Rep2","Read_2551",0.699626534219649,"Subpopulation_1"
"NGS_Nanog_KO_Rep2","Read_2552",0.725293436949139,"Subpopulation_1"
"NGS_Nanog_KO_Rep2","Read_2553",0.712753319301049,"Subpopulation_1"
"NGS_Nanog_KO_Rep2","Read_2554",0.726231322557518,"Subpopulation_1"
"NGS_Nanog_KO_Rep2","Read_2555",0.717407664587659,"Subpopulation_1"
"NGS_Nanog_KO_Rep2","Read_2556",0.720421858693867,"Subpopulation_1"
"NGS_Nanog_KO_Rep2","Read_2557",0.708089975984572,"Subpopulation_1"
"NGS_Nanog_KO_Rep2","Read_2558",0.725405973928307,"Subpopulation_1"
"NGS_Nanog_KO_Rep2","Read_2559",0.71963808421024,"Subpopulation_1"
"NGS_Nanog_KO_Rep2","Read_2560",0.723789929606262,"Subpopulation_1"
"NGS_Nanog_KO_Rep2","Read_2561",0.720221565712359,"Subpopulation_1"
"NGS_Nanog_KO_Rep2","Read_2562",0.713911499891367,"Subpopulation_1"
"NGS_Nanog_KO_Rep2","Read_2563",0.716158343352797,"Subpopulation_1"
"NGS_Nanog_KO_Rep2","Read_2564",0.715446101264098,"Subpopulation_1"
"NGS_Nanog_KO_Rep2","Read_2565",0.716117011704988,"Subpopulation_1"
"NGS_Nanog_KO_Rep2","Read_2566",0.710589782090115,"Subpopulation_1"
"NGS_Nanog_KO_Rep2","Read_2567",0.723504978436326,"Subpopulation_1"
"NGS_Nanog_KO_Rep2","Read_2568",0.718011576720072,"Subpopulation_1"
"NGS_Nanog_KO_Rep2","Read_2569",0.714461635061036,"Subpopulation_1"
"NGS_Nanog_KO_Rep2","Read_2570",0.71975698473606,"Subpopulation_1"
"NGS_Nanog_KO_Rep2","Read_2571",0.709761881572824,"Subpopulation_1"
"NGS_Nanog_KO_Rep2","Read_2572",0.725122246889456,"Subpopulation_1"
"NGS_Nanog_KO_Rep2","Read_2573",0.724094935394222,"Subpopulation_1"
"NGS_Nanog_KO_Rep2","Read_2574",0.717473415148702,"Subpopulation_1"
"NGS_Nanog_KO_Rep2","Read_2575",0.719778178107612,"Subpopulation_1"
"NGS_Nanog_KO_Rep2","Read_2576",0.722448713451171,"Subpopulation_1"
"NGS_Nanog_KO_Rep2","Read_2577",0.72604727131624,"Subpopulation_1"
"NGS_Nanog_KO_Rep2","Read_2578",0.720295586238197,"Subpopulation_1"
"NGS_Nanog_KO_Rep2","Read_2579",0.720674945735964,"Subpopulation_1"
"NGS_Nanog_KO_Rep2","Read_2580",0.725959710980727,"Subpopulation_1"
"NGS_Nanog_KO_Rep2","Read_2581",0.7211058350904,"Subpopulation_1"
"NGS_Nanog_KO_Rep2","Read_2582",0.716267410442375,"Subpopulation_1"
"NGS_Nanog_KO_Rep2","Read_2583",0.730304477664897,"Subpopulation_1"
"NGS_Nanog_KO_Rep2","Read_2584",0.721765653873773,"Subpopulation_1"
"NGS_Nanog_KO_Rep2","Read_2585",0.725337812307737,"Subpopulation_1"
"NGS_Nanog_KO_Rep2","Read_2586",0.716209953436258,"Subpopulation_1"
"NGS_Nanog_KO_Rep2","Read_2587",0.722038728468838,"Subpopulation_1"
"NGS_Nanog_KO_Rep2","Read_2588",0.716328910607189,"Subpopulation_1"
"NGS_Nanog_KO_Rep2","Read_2589",0.718764293369016,"Subpopulation_1"
"NGS_Nanog_KO_Rep2","Read_2590",0.718577771826511,"Subpopulation_1"
"NGS_Nanog_KO_Rep2","Read_2591",0.717425614381689,"Subpopulation_1"
"NGS_Nanog_KO_Rep2","Read_2592",0.715987564709135,"Subpopulation_1"
"NGS_Nanog_KO_Rep2","Read_2593",0.716908913467022,"Subpopulation_1"
"NGS_Nanog_KO_Rep2","Read_2594",0.716138367418909,"Subpopulation_1"
"NGS_Nanog_KO_Rep2","Read_2595",0.720440275289416,"Subpopulation_1"
"NGS_Nanog_KO_Rep2","Read_2596",0.715915429346282,"Subpopulation_1"
"NGS_Nanog_KO_Rep2","Read_2597",0.714742234928652,"Subpopulation_1"
"NGS_Nanog_KO_Rep2","Read_2598",0.716130991191171,"Subpopulation_1"
"NGS_Nanog_KO_Rep2","Read_2599",0.715621474421083,"Subpopulation_1"
"NGS_Nanog_KO_Rep2","Read_2600",0.716878663772798,"Subpopulation_1"
"NGS_Nanog_KO_Rep2","Read_2601",0.723690697464928,"Subpopulation_1"
"NGS_Nanog_KO_Rep2","Read_2602",0.715996974203384,"Subpopulation_1"
"NGS_Nanog_KO_Rep2","Read_2603",0.71324662336219,"Subpopulation_1"
"NGS_Nanog_KO_Rep2","Read_2604",0.717511360838798,"Subpopulation_1"
"NGS_Nanog_KO_Rep2","Read_2605",0.715483807072677,"Subpopulation_1"
"NGS_Nanog_KO_Rep2","Read_2606",0.721537473365239,"Subpopulation_1"
"NGS_Nanog_KO_Rep2","Read_2607",0.720182773425673,"Subpopulation_1"
"NGS_Nanog_KO_Rep2","Read_2608",0.720867112602252,"Subpopulation_1"
"NGS_Nanog_KO_Rep2","Read_2609",0.723191858294031,"Subpopulation_1"
"NGS_Nanog_KO_Rep2","Read_2610",0.723021896251317,"Subpopulation_1"
"NGS_Nanog_KO_Rep2","Read_2611",0.715807252653109,"Subpopulation_1"
"NGS_Nanog_KO_Rep2","Read_2612",0.710185436316738,"Subpopulation_1"
"NGS_Nanog_KO_Rep2","Read_2613",0.714682151819454,"Subpopulation_1"
"NGS_Nanog_KO_Rep2","Read_2614",0.718521281627809,"Subpopulation_1"
"NGS_Nanog_KO_Rep2","Read_2615",0.720206399962116,"Subpopulation_1"
"NGS_Nanog_KO_Rep2","Read_2616",0.719927723441212,"Subpopulation_1"
"NGS_Nanog_KO_Rep2","Read_2617",0.724340332117575,"Subpopulation_1"
"NGS_Nanog_KO_Rep2","Read_2618",0.715125758477119,"Subpopulation_1"
"NGS_Nanog_KO_Rep2","Read_2619",0.714166762879887,"Subpopulation_1"
"NGS_Nanog_KO_Rep2","Read_2620",0.712761649227729,"Subpopulation_1"
"NGS_Nanog_KO_Rep2","Read_2621",0.714229077081252,"Subpopulation_1"
"NGS_Nanog_KO_Rep2","Read_2622",0.713465932613605,"Subpopulation_1"
"NGS_Nanog_KO_Rep2","Read_2623",0.720390092937614,"Subpopulation_1"
"NGS_Nanog_KO_Rep2","Read_2624",0.709675781351119,"Subpopulation_1"
"NGS_Nanog_KO_Rep2","Read_2625",0.728414195414894,"Subpopulation_1"
"NGS_Nanog_KO_Rep2","Read_2626",0.713890831878336,"Subpopulation_1"
"NGS_Nanog_KO_Rep2","Read_2627",0.710601958241131,"Subpopulation_1"
"NGS_Nanog_KO_Rep2","Read_2628",0.724240665493916,"Subpopulation_1"
"NGS_Nanog_KO_Rep2","Read_2629",0.71277716838488,"Subpopulation_1"
"NGS_Nanog_KO_Rep2","Read_2630",0.718310651334687,"Subpopulation_1"
"NGS_Nanog_KO_Rep2","Read_2631",0.721362001159158,"Subpopulation_1"
"NGS_Nanog_KO_Rep2","Read_2632",0.727318140254902,"Subpopulation_1"
"NGS_Nanog_KO_Rep2","Read_2633",0.724230497100875,"Subpopulation_1"
"NGS_Nanog_KO_Rep2","Read_2634",0.72819519015686,"Subpopulation_1"
"NGS_Nanog_KO_Rep2","Read_2635",0.712453020018844,"Subpopulation_1"
"NGS_Nanog_KO_Rep2","Read_2636",0.718522616859607,"Subpopulation_1"
"NGS_Nanog_KO_Rep2","Read_2637",0.716218825196969,"Subpopulation_1"
"NGS_Nanog_KO_Rep2","Read_2638",0.705750423394848,"Subpopulation_1"
"NGS_Nanog_KO_Rep2","Read_2639",0.719654231790984,"Subpopulation_1"
"NGS_Nanog_KO_Rep2","Read_2640",0.715364383312135,"Subpopulation_1"
"NGS_Nanog_KO_Rep2","Read_2641",0.718401067771488,"Subpopulation_1"
"NGS_Nanog_KO_Rep2","Read_2642",0.714124139426945,"Subpopulation_1"
"NGS_Nanog_KO_Rep2","Read_2643",0.724704608688076,"Subpopulation_1"
"NGS_Nanog_KO_Rep2","Read_2644",0.721582277825027,"Subpopulation_1"
"NGS_Nanog_KO_Rep2","Read_2645",0.713108095151436,"Subpopulation_1"
"NGS_Nanog_KO_Rep2","Read_2646",0.705332999268467,"Subpopulation_1"
"NGS_Nanog_KO_Rep2","Read_2647",0.719386992541008,"Subpopulation_1"
"NGS_Nanog_KO_Rep2","Read_2648",0.716386721696348,"Subpopulation_1"
"NGS_Nanog_KO_Rep2","Read_2649",0.718181415683508,"Subpopulation_1"
"NGS_Nanog_KO_Rep2","Read_2650",0.72268256635212,"Subpopulation_1"
"NGS_Nanog_KO_Rep2","Read_2651",0.716092185230069,"Subpopulation_1"
"NGS_Nanog_KO_Rep2","Read_2652",0.711452051000341,"Subpopulation_1"
"NGS_Nanog_KO_Rep2","Read_2653",0.707337711940897,"Subpopulation_1"
"NGS_Nanog_KO_Rep2","Read_2654",0.726100336963556,"Subpopulation_1"
"NGS_Nanog_KO_Rep2","Read_2655",0.721630115491108,"Subpopulation_1"
"NGS_Nanog_KO_Rep2","Read_2656",0.716125000024755,"Subpopulation_1"
"NGS_Nanog_KO_Rep2","Read_2657",0.719882628150472,"Subpopulation_1"
"NGS_Nanog_KO_Rep2","Read_2658",0.720648477168912,"Subpopulation_1"
"NGS_Nanog_KO_Rep2","Read_2659",0.725374166804545,"Subpopulation_1"
"NGS_Nanog_KO_Rep2","Read_2660",0.719679600100857,"Subpopulation_1"
"NGS_Nanog_KO_Rep2","Read_2661",0.718206483978736,"Subpopulation_1"
"NGS_Nanog_KO_Rep2","Read_2662",0.726289079692066,"Subpopulation_1"
"NGS_Nanog_KO_Rep2","Read_2663",0.716472144656446,"Subpopulation_1"
"NGS_Nanog_KO_Rep2","Read_2664",0.718159723676406,"Subpopulation_1"
"NGS_Nanog_KO_Rep2","Read_2665",0.71951188013281,"Subpopulation_1"
"NGS_Nanog_KO_Rep2","Read_2666",0.721068973835553,"Subpopulation_1"
"NGS_Nanog_KO_Rep2","Read_2667",0.718067552232449,"Subpopulation_1"
"NGS_Nanog_KO_Rep2","Read_2668",0.721078998706021,"Subpopulation_1"
"NGS_Nanog_KO_Rep2","Read_2669",0.718115882062583,"Subpopulation_1"
"NGS_Nanog_KO_Rep2","Read_2670",0.708635885552361,"Subpopulation_1"
"NGS_Nanog_KO_Rep2","Read_2671",0.724081493755785,"Subpopulation_1"
"NGS_Nanog_KO_Rep2","Read_2672",0.722280912750973,"Subpopulation_1"
"NGS_Nanog_KO_Rep2","Read_2673",0.717183331765908,"Subpopulation_1"
"NGS_Nanog_KO_Rep2","Read_2674",0.718683393140444,"Subpopulation_1"
"NGS_Nanog_KO_Rep2","Read_2675",0.717446876925772,"Subpopulation_1"
"NGS_Nanog_KO_Rep2","Read_2676",0.722256739613425,"Subpopulation_1"
"NGS_Nanog_KO_Rep2","Read_2677",0.715720763190957,"Subpopulation_1"
"NGS_Nanog_KO_Rep2","Read_2678",0.731502117941194,"Subpopulation_1"
"NGS_Nanog_KO_Rep2","Read_2679",0.721255041690763,"Subpopulation_1"
"NGS_Nanog_KO_Rep2","Read_2680",0.71531626702774,"Subpopulation_1"
"NGS_Nanog_KO_Rep2","Read_2681",0.719227587835716,"Subpopulation_1"
"NGS_Nanog_KO_Rep2","Read_2682",0.713445900339597,"Subpopulation_1"
"NGS_Nanog_KO_Rep2","Read_2683",0.719686431258948,"Subpopulation_1"
"NGS_Nanog_KO_Rep2","Read_2684",0.723744748476665,"Subpopulation_1"
"NGS_Nanog_KO_Rep2","Read_2685",0.726646733314096,"Subpopulation_1"
"NGS_Nanog_KO_Rep2","Read_2686",0.725662157120807,"Subpopulation_1"
"NGS_Nanog_KO_Rep2","Read_2687",0.714552454204377,"Subpopulation_1"
"NGS_Nanog_KO_Rep2","Read_2688",0.708173833263033,"Subpopulation_1"
"NGS_Nanog_KO_Rep2","Read_2689",0.715030940376635,"Subpopulation_1"
"NGS_Nanog_KO_Rep2","Read_2690",0.723915858324757,"Subpopulation_1"
"NGS_Nanog_KO_Rep2","Read_2691",0.71939163425926,"Subpopulation_1"
"NGS_Nanog_KO_Rep2","Read_2692",0.721607825732824,"Subpopulation_1"
"NGS_Nanog_KO_Rep2","Read_2693",0.72483712198472,"Subpopulation_1"
"NGS_Nanog_KO_Rep2","Read_2694",0.725663930727207,"Subpopulation_1"
"NGS_Nanog_KO_Rep2","Read_2695",0.717378042752848,"Subpopulation_1"
"NGS_Nanog_KO_Rep2","Read_2696",0.713523897550002,"Subpopulation_1"
"NGS_Nanog_KO_Rep2","Read_2697",0.719439508007607,"Subpopulation_1"
"NGS_Nanog_KO_Rep2","Read_2698",0.720734673818186,"Subpopulation_1"
"NGS_Nanog_KO_Rep2","Read_2699",0.720014947343169,"Subpopulation_1"
"NGS_Nanog_KO_Rep2","Read_2700",0.712877965017982,"Subpopulation_1"
"NGS_Nanog_KO_Rep2","Read_2701",0.714880783761513,"Subpopulation_1"
"NGS_Nanog_KO_Rep2","Read_2702",0.719330241533094,"Subpopulation_1"
"NGS_Nanog_KO_Rep2","Read_2703",0.738145363210281,"Subpopulation_1"
"NGS_Nanog_KO_Rep2","Read_2704",0.718978039110873,"Subpopulation_1"
"NGS_Nanog_KO_Rep2","Read_2705",0.717800142866103,"Subpopulation_1"
"NGS_Nanog_KO_Rep2","Read_2706",0.721460159230057,"Subpopulation_1"
"NGS_Nanog_KO_Rep2","Read_2707",0.713666911033997,"Subpopulation_1"
"NGS_Nanog_KO_Rep2","Read_2708",0.721534116786804,"Subpopulation_1"
"NGS_Nanog_KO_Rep2","Read_2709",0.71525831785435,"Subpopulation_1"
"NGS_Nanog_KO_Rep2","Read_2710",0.711184042399743,"Subpopulation_1"
"NGS_Nanog_KO_Rep2","Read_2711",0.716478889152964,"Subpopulation_1"
"NGS_Nanog_KO_Rep2","Read_2712",0.721585154491532,"Subpopulation_1"
"NGS_Nanog_KO_Rep2","Read_2713",0.722240269324884,"Subpopulation_1"
"NGS_Nanog_KO_Rep2","Read_2714",0.725504678669258,"Subpopulation_1"
"NGS_Nanog_KO_Rep2","Read_2715",0.725787441291664,"Subpopulation_1"
"NGS_Nanog_KO_Rep2","Read_2716",0.728326913749206,"Subpopulation_1"
"NGS_Nanog_KO_Rep2","Read_2717",0.722105552735081,"Subpopulation_1"
"NGS_Nanog_KO_Rep2","Read_2718",0.710824838458943,"Subpopulation_1"
"NGS_Nanog_KO_Rep2","Read_2719",0.720730625430639,"Subpopulation_1"
"NGS_Nanog_KO_Rep2","Read_2720",0.710175591673166,"Subpopulation_1"
"NGS_Nanog_KO_Rep2","Read_2721",0.719735155367377,"Subpopulation_1"
"NGS_Nanog_KO_Rep2","Read_2722",0.715150520005928,"Subpopulation_1"
"NGS_Nanog_KO_Rep2","Read_2723",0.722667845479153,"Subpopulation_1"
"NGS_Nanog_KO_Rep2","Read_2724",0.713103563801656,"Subpopulation_1"
"NGS_Nanog_KO_Rep2","Read_2725",0.722832512107886,"Subpopulation_1"
"NGS_Nanog_KO_Rep2","Read_2726",0.704620730836342,"Subpopulation_1"
"NGS_Nanog_KO_Rep2","Read_2727",0.717490724369948,"Subpopulation_1"
"NGS_Nanog_KO_Rep2","Read_2728",0.709132635316305,"Subpopulation_1"
"NGS_Nanog_KO_Rep2","Read_2729",0.71584877814865,"Subpopulation_1"
"NGS_Nanog_KO_Rep2","Read_2730",0.723839708369927,"Subpopulation_1"
"NGS_Nanog_KO_Rep2","Read_2731",0.717910324347288,"Subpopulation_1"
"NGS_Nanog_KO_Rep2","Read_2732",0.714204458910026,"Subpopulation_1"
"NGS_Nanog_KO_Rep2","Read_2733",0.718062405939314,"Subpopulation_1"
"NGS_Nanog_KO_Rep2","Read_2734",0.717034149051778,"Subpopulation_1"
"NGS_Nanog_KO_Rep2","Read_2735",0.72565079557645,"Subpopulation_1"
"NGS_Nanog_KO_Rep2","Read_2736",0.717116962197696,"Subpopulation_1"
"NGS_Nanog_KO_Rep2","Read_2737",0.706131728751611,"Subpopulation_1"
"NGS_Nanog_KO_Rep2","Read_2738",0.717483126668621,"Subpopulation_1"
"NGS_Nanog_KO_Rep2","Read_2739",0.710963912955918,"Subpopulation_1"
"NGS_Nanog_KO_Rep2","Read_2740",0.721230671514972,"Subpopulation_1"
"NGS_Nanog_KO_Rep2","Read_2741",0.727871528205549,"Subpopulation_1"
"NGS_Nanog_KO_Rep2","Read_2742",0.713873800419371,"Subpopulation_1"
"NGS_Nanog_KO_Rep2","Read_2743",0.726131072104057,"Subpopulation_1"
"NGS_Nanog_KO_Rep2","Read_2744",0.720349363717478,"Subpopulation_1"
"NGS_Nanog_KO_Rep2","Read_2745",0.720221323989783,"Subpopulation_1"
"NGS_Nanog_KO_Rep2","Read_2746",0.717993399859338,"Subpopulation_1"
"NGS_Nanog_KO_Rep2","Read_2747",0.717164199549923,"Subpopulation_1"
"NGS_Nanog_KO_Rep2","Read_2748",0.710154189294303,"Subpopulation_1"
"NGS_Nanog_KO_Rep2","Read_2749",0.722288985068329,"Subpopulation_1"
"NGS_Nanog_KO_Rep2","Read_2750",0.718915833060508,"Subpopulation_1"
"NGS_Nanog_KO_Rep2","Read_2751",0.717534214771895,"Subpopulation_1"
"NGS_Nanog_KO_Rep2","Read_2752",0.71685809301669,"Subpopulation_1"
"NGS_Nanog_KO_Rep2","Read_2753",0.714460925798862,"Subpopulation_1"
"NGS_Nanog_KO_Rep2","Read_2754",0.714485164964237,"Subpopulation_1"
"NGS_Nanog_KO_Rep2","Read_2755",0.71837292490798,"Subpopulation_1"
"NGS_Nanog_KO_Rep2","Read_2756",0.718252517235136,"Subpopulation_1"
"NGS_Nanog_KO_Rep2","Read_2757",0.71114965950918,"Subpopulation_1"
"NGS_Nanog_KO_Rep2","Read_2758",0.724015568002907,"Subpopulation_1"
"NGS_Nanog_KO_Rep2","Read_2759",0.716738662553717,"Subpopulation_1"
"NGS_Nanog_KO_Rep2","Read_2760",0.723729302440835,"Subpopulation_1"
"NGS_Nanog_KO_Rep2","Read_2761",0.716043692394621,"Subpopulation_1"
"NGS_Nanog_KO_Rep2","Read_2762",0.720635516441356,"Subpopulation_1"
"NGS_Nanog_KO_Rep2","Read_2763",0.718056380537703,"Subpopulation_1"
"NGS_Nanog_KO_Rep2","Read_2764",0.706894884598922,"Subpopulation_1"
"NGS_Nanog_KO_Rep2","Read_2765",0.72209506391182,"Subpopulation_1"
"NGS_Nanog_KO_Rep2","Read_2766",0.705896048043694,"Subpopulation_1"
"NGS_Nanog_KO_Rep2","Read_2767",0.712243959811198,"Subpopulation_1"
"NGS_Nanog_KO_Rep2","Read_2768",0.726212073251281,"Subpopulation_1"
"NGS_Nanog_KO_Rep2","Read_2769",0.721366435309641,"Subpopulation_1"
"NGS_Nanog_KO_Rep2","Read_2770",0.729544106314284,"Subpopulation_1"
"NGS_Nanog_KO_Rep2","Read_2771",0.72043899637794,"Subpopulation_1"
"NGS_Nanog_KO_Rep2","Read_2772",0.713752966592461,"Subpopulation_1"
"NGS_Nanog_KO_Rep2","Read_2773",0.717822728188442,"Subpopulation_1"
"NGS_Nanog_KO_Rep2","Read_2774",0.7146132834451,"Subpopulation_1"
"NGS_Nanog_KO_Rep2","Read_2775",0.713469723375271,"Subpopulation_1"
"NGS_Nanog_KO_Rep2","Read_2776",0.715980698388189,"Subpopulation_1"
"NGS_Nanog_KO_Rep2","Read_2777",0.726994043071316,"Subpopulation_1"
"NGS_Nanog_KO_Rep2","Read_2778",0.728233502530137,"Subpopulation_1"
"NGS_Nanog_KO_Rep2","Read_2779",0.716444897852543,"Subpopulation_1"
"NGS_Nanog_KO_Rep2","Read_2780",0.72253294394416,"Subpopulation_1"
"NGS_Nanog_KO_Rep2","Read_2781",0.724266080917451,"Subpopulation_1"
"NGS_Nanog_KO_Rep2","Read_2782",0.713191126141978,"Subpopulation_1"
"NGS_Nanog_KO_Rep2","Read_2783",0.716332228473175,"Subpopulation_1"
"NGS_Nanog_KO_Rep2","Read_2784",0.724998623917619,"Subpopulation_1"
"NGS_Nanog_KO_Rep2","Read_2785",0.719127936891428,"Subpopulation_1"
"NGS_Nanog_KO_Rep2","Read_2786",0.723228808862066,"Subpopulation_1"
"NGS_Nanog_KO_Rep2","Read_2787",0.722056685959565,"Subpopulation_1"
"NGS_Nanog_KO_Rep2","Read_2788",0.724261381860109,"Subpopulation_1"
"NGS_Nanog_KO_Rep2","Read_2789",0.725522267098314,"Subpopulation_1"
"NGS_Nanog_KO_Rep2","Read_2790",0.714089900347673,"Subpopulation_1"
"NGS_Nanog_KO_Rep2","Read_2791",0.710779004851746,"Subpopulation_1"
"NGS_Nanog_KO_Rep2","Read_2792",0.722513623128155,"Subpopulation_1"
"NGS_Nanog_KO_Rep2","Read_2793",0.724159927005813,"Subpopulation_1"
"NGS_Nanog_KO_Rep2","Read_2794",0.718180165936301,"Subpopulation_1"
"NGS_Nanog_KO_Rep2","Read_2795",0.706971580293075,"Subpopulation_1"
"NGS_Nanog_KO_Rep2","Read_2796",0.72882491198967,"Subpopulation_1"
"NGS_Nanog_KO_Rep2","Read_2797",0.718692295502815,"Subpopulation_1"
"NGS_Nanog_KO_Rep2","Read_2798",0.719590821877589,"Subpopulation_1"
"NGS_Nanog_KO_Rep2","Read_2799",0.72923682788021,"Subpopulation_1"
"NGS_Nanog_KO_Rep2","Read_2800",0.711209638737897,"Subpopulation_1"
"NGS_Nanog_KO_Rep2","Read_2801",0.725135472044192,"Subpopulation_1"
"NGS_Nanog_KO_Rep2","Read_2802",0.716153137474518,"Subpopulation_1"
"NGS_Nanog_KO_Rep2","Read_2803",0.718267979235512,"Subpopulation_1"
"NGS_Nanog_KO_Rep2","Read_2804",0.732832736258397,"Subpopulation_1"
"NGS_Nanog_KO_Rep2","Read_2805",0.710018660399289,"Subpopulation_1"
"NGS_Nanog_KO_Rep2","Read_2806",0.716264898978706,"Subpopulation_1"
"NGS_Nanog_KO_Rep2","Read_2807",0.719895646604537,"Subpopulation_1"
"NGS_Nanog_KO_Rep2","Read_2808",0.713431044622282,"Subpopulation_1"
"NGS_Nanog_KO_Rep2","Read_2809",0.715164492328916,"Subpopulation_1"
"NGS_Nanog_KO_Rep2","Read_2810",0.722161370907353,"Subpopulation_1"
"NGS_Nanog_KO_Rep2","Read_2811",0.718935334450566,"Subpopulation_1"
"NGS_Nanog_KO_Rep2","Read_2812",0.718266695318103,"Subpopulation_1"
"NGS_Nanog_KO_Rep2","Read_2813",0.712517729441716,"Subpopulation_1"
"NGS_Nanog_KO_Rep2","Read_2814",0.712627609492355,"Subpopulation_1"
"NGS_Nanog_KO_Rep2","Read_2815",0.711354373250786,"Subpopulation_1"
"NGS_Nanog_KO_Rep2","Read_2816",0.711441025502624,"Subpopulation_1"
"NGS_Nanog_KO_Rep2","Read_2817",0.717916725179488,"Subpopulation_1"
"NGS_Nanog_KO_Rep2","Read_2818",0.719453606011975,"Subpopulation_1"
"NGS_Nanog_KO_Rep2","Read_2819",0.726928476271658,"Subpopulation_1"
"NGS_Nanog_KO_Rep2","Read_2820",0.719513072438343,"Subpopulation_1"
"NGS_Nanog_KO_Rep2","Read_2821",0.714759207298221,"Subpopulation_1"
"NGS_Nanog_KO_Rep2","Read_2822",0.713874095434645,"Subpopulation_1"
"NGS_Nanog_KO_Rep2","Read_2823",0.723322360147169,"Subpopulation_1"
"NGS_Nanog_KO_Rep2","Read_2824",0.722538387776713,"Subpopulation_1"
"NGS_Nanog_KO_Rep2","Read_2825",0.712238098374782,"Subpopulation_1"
"NGS_Nanog_KO_Rep2","Read_2826",0.704086336251863,"Subpopulation_1"
"NGS_Nanog_KO_Rep2","Read_2827",0.719132537841411,"Subpopulation_1"
"NGS_Nanog_KO_Rep2","Read_2828",0.710261115239731,"Subpopulation_1"
"NGS_Nanog_KO_Rep2","Read_2829",0.730094076478546,"Subpopulation_1"
"NGS_Nanog_KO_Rep2","Read_2830",0.713980330435741,"Subpopulation_1"
"NGS_Nanog_KO_Rep2","Read_2831",0.714384117595279,"Subpopulation_1"
"NGS_Nanog_KO_Rep2","Read_2832",0.722041158998258,"Subpopulation_1"
"NGS_Nanog_KO_Rep2","Read_2833",0.714540695701363,"Subpopulation_1"
"NGS_Nanog_KO_Rep2","Read_2834",0.722953078870363,"Subpopulation_1"
"NGS_Nanog_KO_Rep2","Read_2835",0.720724342062424,"Subpopulation_1"
"NGS_Nanog_KO_Rep2","Read_2836",0.716759011533931,"Subpopulation_1"
"NGS_Nanog_KO_Rep2","Read_2837",0.713368150903511,"Subpopulation_1"
"NGS_Nanog_KO_Rep2","Read_2838",0.722056603757817,"Subpopulation_1"
"NGS_Nanog_KO_Rep2","Read_2839",0.723221266638046,"Subpopulation_1"
"NGS_Nanog_KO_Rep2","Read_2840",0.722863958952013,"Subpopulation_1"
"NGS_Nanog_KO_Rep2","Read_2841",0.715364842364803,"Subpopulation_1"
"NGS_Nanog_KO_Rep2","Read_2842",0.727175607970948,"Subpopulation_1"
"NGS_Nanog_KO_Rep2","Read_2843",0.713259869522439,"Subpopulation_1"
"NGS_Nanog_KO_Rep2","Read_2844",0.715486234298045,"Subpopulation_1"
"NGS_Nanog_KO_Rep2","Read_2845",0.71842818528681,"Subpopulation_1"
"NGS_Nanog_KO_Rep2","Read_2846",0.726616173533643,"Subpopulation_1"
"NGS_Nanog_KO_Rep2","Read_2847",0.71726887122728,"Subpopulation_1"
"NGS_Nanog_KO_Rep2","Read_2848",0.710027222033774,"Subpopulation_1"
"NGS_Nanog_KO_Rep2","Read_2849",0.71813835811942,"Subpopulation_1"
"NGS_Nanog_KO_Rep2","Read_2850",0.700217222677649,"Subpopulation_1"
"NGS_Nanog_KO_Rep2","Read_2851",0.727618260074397,"Subpopulation_1"
"NGS_Nanog_KO_Rep2","Read_2852",0.713671166415135,"Subpopulation_1"
"NGS_Nanog_KO_Rep2","Read_2853",0.712322037969035,"Subpopulation_1"
"NGS_Nanog_KO_Rep2","Read_2854",0.71422403426078,"Subpopulation_1"
"NGS_Nanog_KO_Rep2","Read_2855",0.724547765825019,"Subpopulation_1"
"NGS_Nanog_KO_Rep2","Read_2856",0.717730399725711,"Subpopulation_1"
"NGS_Nanog_KO_Rep2","Read_2857",0.715739601591617,"Subpopulation_1"
"NGS_Nanog_KO_Rep2","Read_2858",0.717674832643688,"Subpopulation_1"
"NGS_Nanog_KO_Rep2","Read_2859",0.719654910084505,"Subpopulation_1"
"NGS_Nanog_KO_Rep2","Read_2860",0.714244174767167,"Subpopulation_1"
"NGS_Nanog_KO_Rep2","Read_2861",0.721907812869628,"Subpopulation_1"
"NGS_Nanog_KO_Rep2","Read_2862",0.715087865749083,"Subpopulation_1"
"NGS_Nanog_KO_Rep2","Read_2863",0.712165774027195,"Subpopulation_1"
"NGS_Nanog_KO_Rep2","Read_2864",0.72206317463389,"Subpopulation_1"
"NGS_Nanog_KO_Rep2","Read_2865",0.723064426474196,"Subpopulation_1"
"NGS_Nanog_KO_Rep2","Read_2866",0.708135902174799,"Subpopulation_1"
"NGS_Nanog_KO_Rep2","Read_2867",0.715649700974217,"Subpopulation_1"
"NGS_Nanog_KO_Rep2","Read_2868",0.717491202355542,"Subpopulation_1"
"NGS_Nanog_KO_Rep2","Read_2869",0.72426805729315,"Subpopulation_1"
"NGS_Nanog_KO_Rep2","Read_2870",0.723170044224267,"Subpopulation_1"
"NGS_Nanog_KO_Rep2","Read_2871",0.715513406973711,"Subpopulation_1"
"NGS_Nanog_KO_Rep2","Read_2872",0.714598209517139,"Subpopulation_1"
"NGS_Nanog_KO_Rep2","Read_2873",0.712000244020262,"Subpopulation_1"
"NGS_Nanog_KO_Rep2","Read_2874",0.714589229475489,"Subpopulation_1"
"NGS_Nanog_KO_Rep2","Read_2875",0.717373667836184,"Subpopulation_1"
"NGS_Nanog_KO_Rep2","Read_2876",0.704439761602856,"Subpopulation_1"
"NGS_Nanog_KO_Rep2","Read_2877",0.721963477504094,"Subpopulation_1"
"NGS_Nanog_KO_Rep2","Read_2878",0.729210102533015,"Subpopulation_1"
"NGS_Nanog_KO_Rep2","Read_2879",0.725001203223789,"Subpopulation_1"
"NGS_Nanog_KO_Rep2","Read_2880",0.724990364460826,"Subpopulation_1"
"NGS_Nanog_KO_Rep2","Read_2881",0.717164941199698,"Subpopulation_1"
"NGS_Nanog_KO_Rep2","Read_2882",0.724186357544916,"Subpopulation_1"
"NGS_Nanog_KO_Rep2","Read_2883",0.713273268238748,"Subpopulation_1"
"NGS_Nanog_KO_Rep2","Read_2884",0.707273180545307,"Subpopulation_1"
"NGS_Nanog_KO_Rep2","Read_2885",0.717598375075082,"Subpopulation_1"
"NGS_Nanog_KO_Rep2","Read_2886",0.715887568603265,"Subpopulation_1"
"NGS_Nanog_KO_Rep2","Read_2887",0.717806083126713,"Subpopulation_1"
"NGS_Nanog_KO_Rep2","Read_2888",0.721510229501259,"Subpopulation_1"
"NGS_Nanog_KO_Rep2","Read_2889",0.72275719199449,"Subpopulation_1"
"NGS_Nanog_KO_Rep2","Read_2890",0.713734790625391,"Subpopulation_1"
"NGS_Nanog_KO_Rep2","Read_2891",0.723072512451175,"Subpopulation_1"
"NGS_Nanog_KO_Rep2","Read_2892",0.720083751393821,"Subpopulation_1"
"NGS_Nanog_KO_Rep2","Read_2893",0.710925742947258,"Subpopulation_1"
"NGS_Nanog_KO_Rep2","Read_2894",0.725200938370266,"Subpopulation_1"
"NGS_Nanog_KO_Rep2","Read_2895",0.724763678660507,"Subpopulation_1"
"NGS_Nanog_KO_Rep2","Read_2896",0.721557367307566,"Subpopulation_1"
"NGS_Nanog_KO_Rep2","Read_2897",0.719335949163226,"Subpopulation_1"
"NGS_Nanog_KO_Rep2","Read_2898",0.72106749692249,"Subpopulation_1"
"NGS_Nanog_KO_Rep2","Read_2899",0.714662533604916,"Subpopulation_1"
"NGS_Nanog_KO_Rep2","Read_2900",0.721498340727417,"Subpopulation_1"
"NGS_Nanog_KO_Rep2","Read_2901",0.720194316411204,"Subpopulation_1"
"NGS_Nanog_KO_Rep2","Read_2902",0.714656090333077,"Subpopulation_1"
"NGS_Nanog_KO_Rep2","Read_2903",0.709094638842679,"Subpopulation_1"
"NGS_Nanog_KO_Rep2","Read_2904",0.718283354063927,"Subpopulation_1"
"NGS_Nanog_KO_Rep2","Read_2905",0.712761277703014,"Subpopulation_1"
"NGS_Nanog_KO_Rep2","Read_2906",0.705625582570304,"Subpopulation_1"
"NGS_Nanog_KO_Rep2","Read_2907",0.718925734323912,"Subpopulation_1"
"NGS_Nanog_KO_Rep2","Read_2908",0.718281378626545,"Subpopulation_1"
"NGS_Nanog_KO_Rep2","Read_2909",0.727240421357644,"Subpopulation_1"
"NGS_Nanog_KO_Rep2","Read_2910",0.710828766222728,"Subpopulation_1"
"NGS_Nanog_KO_Rep2","Read_2911",0.716863266396918,"Subpopulation_1"
"NGS_Nanog_KO_Rep2","Read_2912",0.712726309973155,"Subpopulation_1"
"NGS_Nanog_KO_Rep2","Read_2913",0.724453807430101,"Subpopulation_1"
"NGS_Nanog_KO_Rep2","Read_2914",0.72349759387887,"Subpopulation_1"
"NGS_Nanog_KO_Rep2","Read_2915",0.719219129784777,"Subpopulation_1"
"NGS_Nanog_KO_Rep2","Read_2916",0.717139508437531,"Subpopulation_1"
"NGS_Nanog_KO_Rep2","Read_2917",0.717248412081457,"Subpopulation_1"
"NGS_Nanog_KO_Rep2","Read_2918",0.719109785480661,"Subpopulation_1"
"NGS_Nanog_KO_Rep2","Read_2919",0.719472755272396,"Subpopulation_1"
"NGS_Nanog_KO_Rep2","Read_2920",0.720105014244952,"Subpopulation_1"
"NGS_Nanog_KO_Rep2","Read_2921",0.721871709435746,"Subpopulation_1"
"NGS_Nanog_KO_Rep2","Read_2922",0.721445201591149,"Subpopulation_1"
"NGS_Nanog_KO_Rep2","Read_2923",0.714002047895614,"Subpopulation_1"
"NGS_Nanog_KO_Rep2","Read_2924",0.7169923987148,"Subpopulation_1"
"NGS_Nanog_KO_Rep2","Read_2925",0.72564931575763,"Subpopulation_1"
"NGS_Nanog_KO_Rep2","Read_2926",0.724668156200738,"Subpopulation_1"
"NGS_Nanog_KO_Rep2","Read_2927",0.722074158156151,"Subpopulation_1"
"NGS_Nanog_KO_Rep2","Read_2928",0.713879355224528,"Subpopulation_1"
"NGS_Nanog_KO_Rep2","Read_2929",0.72208509070144,"Subpopulation_1"
"NGS_Nanog_KO_Rep2","Read_2930",0.723651853058996,"Subpopulation_1"
"NGS_Nanog_KO_Rep2","Read_2931",0.724466633359164,"Subpopulation_1"
"NGS_Nanog_KO_Rep2","Read_2932",0.718879081294494,"Subpopulation_1"
"NGS_Nanog_KO_Rep2","Read_2933",0.720341249609945,"Subpopulation_1"
"NGS_Nanog_KO_Rep2","Read_2934",0.731824742361714,"Subpopulation_1"
"NGS_Nanog_KO_Rep2","Read_2935",0.716651191474276,"Subpopulation_1"
"NGS_Nanog_KO_Rep2","Read_2936",0.723472075634214,"Subpopulation_1"
"NGS_Nanog_KO_Rep2","Read_2937",0.717603648775034,"Subpopulation_1"
"NGS_Nanog_KO_Rep2","Read_2938",0.718103413462924,"Subpopulation_1"
"NGS_Nanog_KO_Rep2","Read_2939",0.711208338187656,"Subpopulation_1"
"NGS_Nanog_KO_Rep2","Read_2940",0.714163056126887,"Subpopulation_1"
"NGS_Nanog_KO_Rep2","Read_2941",0.722900217689789,"Subpopulation_1"
"NGS_Nanog_KO_Rep2","Read_2942",0.716547588347708,"Subpopulation_1"
"NGS_Nanog_KO_Rep2","Read_2943",0.722451013448226,"Subpopulation_1"
"NGS_Nanog_KO_Rep2","Read_2944",0.717397754336087,"Subpopulation_1"
"NGS_Nanog_KO_Rep2","Read_2945",0.717693538063685,"Subpopulation_1"
"NGS_Nanog_KO_Rep2","Read_2946",0.719311030782676,"Subpopulation_1"
"NGS_Nanog_KO_Rep2","Read_2947",0.711535401453524,"Subpopulation_1"
"NGS_Nanog_KO_Rep2","Read_2948",0.719279017462298,"Subpopulation_1"
"NGS_Nanog_KO_Rep2","Read_2949",0.726350622997065,"Subpopulation_1"
"NGS_Nanog_KO_Rep2","Read_2950",0.715565900100195,"Subpopulation_1"
"NGS_Nanog_KO_Rep2","Read_2951",0.721950559544339,"Subpopulation_1"
"NGS_Nanog_KO_Rep2","Read_2952",0.72782115015084,"Subpopulation_1"
"NGS_Nanog_KO_Rep2","Read_2953",0.720437606680491,"Subpopulation_1"
"NGS_Nanog_KO_Rep2","Read_2954",0.721415671503763,"Subpopulation_1"
"NGS_Nanog_KO_Rep2","Read_2955",0.708317742746622,"Subpopulation_1"
"NGS_Nanog_KO_Rep2","Read_2956",0.713124921712499,"Subpopulation_1"
"NGS_Nanog_KO_Rep2","Read_2957",0.721555429443799,"Subpopulation_1"
"NGS_Nanog_KO_Rep2","Read_2958",0.722401745291914,"Subpopulation_1"
"NGS_Nanog_KO_Rep2","Read_2959",0.721690131005502,"Subpopulation_1"
"NGS_Nanog_KO_Rep2","Read_2960",0.721207943388636,"Subpopulation_1"
"NGS_Nanog_KO_Rep2","Read_2961",0.723449910772762,"Subpopulation_1"
"NGS_Nanog_KO_Rep2","Read_2962",0.711898665843542,"Subpopulation_1"
"NGS_Nanog_KO_Rep2","Read_2963",0.71042599505455,"Subpopulation_1"
"NGS_Nanog_KO_Rep2","Read_2964",0.723743545169946,"Subpopulation_1"
"NGS_Nanog_KO_Rep2","Read_2965",0.715145282952325,"Subpopulation_1"
"NGS_Nanog_KO_Rep2","Read_2966",0.714308356761903,"Subpopulation_1"
"NGS_Nanog_KO_Rep2","Read_2967",0.729320225091575,"Subpopulation_1"
"NGS_Nanog_KO_Rep2","Read_2968",0.718856120153471,"Subpopulation_1"
"NGS_Nanog_KO_Rep2","Read_2969",0.720567452815757,"Subpopulation_1"
"NGS_Nanog_KO_Rep2","Read_2970",0.712550372523896,"Subpopulation_1"
"NGS_Nanog_KO_Rep2","Read_2971",0.723353550178159,"Subpopulation_1"
"NGS_Nanog_KO_Rep2","Read_2972",0.719633791548482,"Subpopulation_1"
"NGS_Nanog_KO_Rep2","Read_2973",0.724022498190148,"Subpopulation_1"
"NGS_Nanog_KO_Rep2","Read_2974",0.731830017121331,"Subpopulation_1"
"NGS_Nanog_KO_Rep2","Read_2975",0.721548035192447,"Subpopulation_1"
"NGS_Nanog_KO_Rep2","Read_2976",0.712888166052402,"Subpopulation_1"
"NGS_Nanog_KO_Rep2","Read_2977",0.708650042292033,"Subpopulation_1"
"NGS_Nanog_KO_Rep2","Read_2978",0.719735484616186,"Subpopulation_1"
"NGS_Nanog_KO_Rep2","Read_2979",0.713406640999472,"Subpopulation_1"
"NGS_Nanog_KO_Rep2","Read_2980",0.708112967771184,"Subpopulation_1"
"NGS_Nanog_KO_Rep2","Read_2981",0.713865329634811,"Subpopulation_1"
"NGS_Nanog_KO_Rep2","Read_2982",0.724612615540475,"Subpopulation_1"
"NGS_Nanog_KO_Rep2","Read_2983",0.712048811542532,"Subpopulation_1"
"NGS_Nanog_KO_Rep2","Read_2984",0.720030409517084,"Subpopulation_1"
"NGS_Nanog_KO_Rep2","Read_2985",0.722156143331928,"Subpopulation_1"
"NGS_Nanog_KO_Rep2","Read_2986",0.714389583141519,"Subpopulation_1"
"NGS_Nanog_KO_Rep2","Read_2987",0.721637783569077,"Subpopulation_1"
"NGS_Nanog_KO_Rep2","Read_2988",0.72305604772473,"Subpopulation_1"
"NGS_Nanog_KO_Rep2","Read_2989",0.714183573019399,"Subpopulation_1"
"NGS_Nanog_KO_Rep2","Read_2990",0.711900482037569,"Subpopulation_1"
"NGS_Nanog_KO_Rep2","Read_2991",0.705901993106256,"Subpopulation_1"
"NGS_Nanog_KO_Rep2","Read_2992",0.714483209256135,"Subpopulation_1"
"NGS_Nanog_KO_Rep2","Read_2993",0.71809370838291,"Subpopulation_1"
"NGS_Nanog_KO_Rep2","Read_2994",0.720310935372075,"Subpopulation_1"
"NGS_Nanog_KO_Rep2","Read_2995",0.711557704989595,"Subpopulation_1"
"NGS_Nanog_KO_Rep2","Read_2996",0.714744659418926,"Subpopulation_1"
"NGS_Nanog_KO_Rep2","Read_2997",0.724479590482298,"Subpopulation_1"
"NGS_Nanog_KO_Rep2","Read_2998",0.718412514115667,"Subpopulation_1"
"NGS_Nanog_KO_Rep2","Read_2999",0.723404210667512,"Subpopulation_1"
"NGS_Nanog_KO_Rep2","Read_3000",0.714198669881312,"Subpopulation_1"
