"Sample","ReadID","sampled_methylation","allele"
"NGS_H19_Hetero_Phased_Rep2","Read_1",0.0159556603201247,"Haplotype_A_Unmeth"
"NGS_H19_Hetero_Phased_Rep2","Read_2",0.0229041678623686,"Haplotype_A_Unmeth"
"NGS_H19_Hetero_Phased_Rep2","Read_3",0.984222733142082,"Haplotype_B_Meth"
"NGS_H19_Hetero_Phased_Rep2","Read_4",0.0197356360463455,"Haplotype_A_Unmeth"
"NGS_H19_Hetero_Phased_Rep2","Read_5",0.982226752128327,"Haplotype_B_Meth"
"NGS_H19_Hetero_Phased_Rep2","Read_6",0.0149767680035787,"Haplotype_A_Unmeth"
"NGS_H19_Hetero_Phased_Rep2","Read_7",0.987550230124832,"Haplotype_B_Meth"
"NGS_H19_Hetero_Phased_Rep2","Read_8",0.0146681650515837,"Haplotype_A_Unmeth"
"NGS_H19_Hetero_Phased_Rep2","Read_9",0.0151171303081055,"Haplotype_A_Unmeth"
"NGS_H19_Hetero_Phased_Rep2","Read_10",0.0161064722870999,"Haplotype_A_Unmeth"
"NGS_H19_Hetero_Phased_Rep2","Read_11",0.0160828200105467,"Haplotype_A_Unmeth"
"NGS_H19_Hetero_Phased_Rep2","Read_12",0.982279541614112,"Haplotype_B_Meth"
"NGS_H19_Hetero_Phased_Rep2","Read_13",0.0205999827689528,"Haplotype_A_Unmeth"
"NGS_H19_Hetero_Phased_Rep2","Read_14",0.0194962956308208,"Haplotype_A_Unmeth"
"NGS_H19_Hetero_Phased_Rep2","Read_15",0.984765672001053,"Haplotype_B_Meth"
"NGS_H19_Hetero_Phased_Rep2","Read_16",0.97604504606333,"Haplotype_B_Meth"
"NGS_H19_Hetero_Phased_Rep2","Read_17",0.984141331030102,"Haplotype_B_Meth"
"NGS_H19_Hetero_Phased_Rep2","Read_18",0.0174268800073996,"Haplotype_A_Unmeth"
"NGS_H19_Hetero_Phased_Rep2","Read_19",0.0235503641078175,"Haplotype_A_Unmeth"
"NGS_H19_Hetero_Phased_Rep2","Read_20",0.0203599533665773,"Haplotype_A_Unmeth"
"NGS_H19_Hetero_Phased_Rep2","Read_21",0.976822221213802,"Haplotype_B_Meth"
"NGS_H19_Hetero_Phased_Rep2","Read_22",0.0268780707593344,"Haplotype_A_Unmeth"
"NGS_H19_Hetero_Phased_Rep2","Read_23",0.98285345475569,"Haplotype_B_Meth"
"NGS_H19_Hetero_Phased_Rep2","Read_24",0.982232424574567,"Haplotype_B_Meth"
"NGS_H19_Hetero_Phased_Rep2","Read_25",0.967769240504365,"Haplotype_B_Meth"
"NGS_H19_Hetero_Phased_Rep2","Read_26",0.982313033669302,"Haplotype_B_Meth"
"NGS_H19_Hetero_Phased_Rep2","Read_27",0.0252734236054514,"Haplotype_A_Unmeth"
"NGS_H19_Hetero_Phased_Rep2","Read_28",0.0277682671381993,"Haplotype_A_Unmeth"
"NGS_H19_Hetero_Phased_Rep2","Read_29",0.0240252655796649,"Haplotype_A_Unmeth"
"NGS_H19_Hetero_Phased_Rep2","Read_30",0.986463179282965,"Haplotype_B_Meth"
"NGS_H19_Hetero_Phased_Rep2","Read_31",0.0169756799631128,"Haplotype_A_Unmeth"
"NGS_H19_Hetero_Phased_Rep2","Read_32",0.01797281195841,"Haplotype_A_Unmeth"
"NGS_H19_Hetero_Phased_Rep2","Read_33",0.0230440784184716,"Haplotype_A_Unmeth"
"NGS_H19_Hetero_Phased_Rep2","Read_34",0.0239471303777123,"Haplotype_A_Unmeth"
"NGS_H19_Hetero_Phased_Rep2","Read_35",0.983941911962348,"Haplotype_B_Meth"
"NGS_H19_Hetero_Phased_Rep2","Read_36",0.988522152997894,"Haplotype_B_Meth"
"NGS_H19_Hetero_Phased_Rep2","Read_37",0.979163972857803,"Haplotype_B_Meth"
"NGS_H19_Hetero_Phased_Rep2","Read_38",0.0208853634614376,"Haplotype_A_Unmeth"
"NGS_H19_Hetero_Phased_Rep2","Read_39",0.984148926719737,"Haplotype_B_Meth"
"NGS_H19_Hetero_Phased_Rep2","Read_40",0.0189877647478487,"Haplotype_A_Unmeth"
"NGS_H19_Hetero_Phased_Rep2","Read_41",0.977838043089774,"Haplotype_B_Meth"
"NGS_H19_Hetero_Phased_Rep2","Read_42",0.9702313408504,"Haplotype_B_Meth"
"NGS_H19_Hetero_Phased_Rep2","Read_43",0.0139426222900851,"Haplotype_A_Unmeth"
"NGS_H19_Hetero_Phased_Rep2","Read_44",0.0140703679273737,"Haplotype_A_Unmeth"
"NGS_H19_Hetero_Phased_Rep2","Read_45",0.982313940171648,"Haplotype_B_Meth"
"NGS_H19_Hetero_Phased_Rep2","Read_46",0.974412926400172,"Haplotype_B_Meth"
"NGS_H19_Hetero_Phased_Rep2","Read_47",0.0248967774923738,"Haplotype_A_Unmeth"
"NGS_H19_Hetero_Phased_Rep2","Read_48",0.972667673517081,"Haplotype_B_Meth"
"NGS_H19_Hetero_Phased_Rep2","Read_49",0.0153046799924597,"Haplotype_A_Unmeth"
"NGS_H19_Hetero_Phased_Rep2","Read_50",0.982524075485558,"Haplotype_B_Meth"
"NGS_H19_Hetero_Phased_Rep2","Read_51",0.984968546899127,"Haplotype_B_Meth"
"NGS_H19_Hetero_Phased_Rep2","Read_52",0.0204730446845968,"Haplotype_A_Unmeth"
"NGS_H19_Hetero_Phased_Rep2","Read_53",0.984019402525075,"Haplotype_B_Meth"
"NGS_H19_Hetero_Phased_Rep2","Read_54",0.979201921732824,"Haplotype_B_Meth"
"NGS_H19_Hetero_Phased_Rep2","Read_55",0.0191383297444267,"Haplotype_A_Unmeth"
"NGS_H19_Hetero_Phased_Rep2","Read_56",0.978168326122946,"Haplotype_B_Meth"
"NGS_H19_Hetero_Phased_Rep2","Read_57",0.980792447948696,"Haplotype_B_Meth"
"NGS_H19_Hetero_Phased_Rep2","Read_58",0.985076099531304,"Haplotype_B_Meth"
"NGS_H19_Hetero_Phased_Rep2","Read_59",0.973812685718249,"Haplotype_B_Meth"
"NGS_H19_Hetero_Phased_Rep2","Read_60",0.0259332622129668,"Haplotype_A_Unmeth"
"NGS_H19_Hetero_Phased_Rep2","Read_61",0.988804929042129,"Haplotype_B_Meth"
"NGS_H19_Hetero_Phased_Rep2","Read_62",0.0249585707443206,"Haplotype_A_Unmeth"
"NGS_H19_Hetero_Phased_Rep2","Read_63",0.980766532386456,"Haplotype_B_Meth"
"NGS_H19_Hetero_Phased_Rep2","Read_64",0.018338162964603,"Haplotype_A_Unmeth"
"NGS_H19_Hetero_Phased_Rep2","Read_65",0.0174022679053701,"Haplotype_A_Unmeth"
"NGS_H19_Hetero_Phased_Rep2","Read_66",0.0248490769304071,"Haplotype_A_Unmeth"
"NGS_H19_Hetero_Phased_Rep2","Read_67",0.96983370268332,"Haplotype_B_Meth"
"NGS_H19_Hetero_Phased_Rep2","Read_68",0.975961427671645,"Haplotype_B_Meth"
"NGS_H19_Hetero_Phased_Rep2","Read_69",0.977045042025672,"Haplotype_B_Meth"
"NGS_H19_Hetero_Phased_Rep2","Read_70",0.0234469351200393,"Haplotype_A_Unmeth"
"NGS_H19_Hetero_Phased_Rep2","Read_71",0.975924745189582,"Haplotype_B_Meth"
"NGS_H19_Hetero_Phased_Rep2","Read_72",0.0207294754562467,"Haplotype_A_Unmeth"
"NGS_H19_Hetero_Phased_Rep2","Read_73",0.976848767571366,"Haplotype_B_Meth"
"NGS_H19_Hetero_Phased_Rep2","Read_74",0.982844421254195,"Haplotype_B_Meth"
"NGS_H19_Hetero_Phased_Rep2","Read_75",0.0179680951014767,"Haplotype_A_Unmeth"
"NGS_H19_Hetero_Phased_Rep2","Read_76",0.0231648683712333,"Haplotype_A_Unmeth"
"NGS_H19_Hetero_Phased_Rep2","Read_77",0.0218952335763709,"Haplotype_A_Unmeth"
"NGS_H19_Hetero_Phased_Rep2","Read_78",0.978435259598857,"Haplotype_B_Meth"
"NGS_H19_Hetero_Phased_Rep2","Read_79",0.988734705055848,"Haplotype_B_Meth"
"NGS_H19_Hetero_Phased_Rep2","Read_80",0.0121898954977858,"Haplotype_A_Unmeth"
"NGS_H19_Hetero_Phased_Rep2","Read_81",0.0157986329982057,"Haplotype_A_Unmeth"
"NGS_H19_Hetero_Phased_Rep2","Read_82",0.0227835565787408,"Haplotype_A_Unmeth"
"NGS_H19_Hetero_Phased_Rep2","Read_83",0.973713088952767,"Haplotype_B_Meth"
"NGS_H19_Hetero_Phased_Rep2","Read_84",0.0190260074409347,"Haplotype_A_Unmeth"
"NGS_H19_Hetero_Phased_Rep2","Read_85",0.977994614479896,"Haplotype_B_Meth"
"NGS_H19_Hetero_Phased_Rep2","Read_86",0.0227910588235674,"Haplotype_A_Unmeth"
"NGS_H19_Hetero_Phased_Rep2","Read_87",0.979637478845279,"Haplotype_B_Meth"
"NGS_H19_Hetero_Phased_Rep2","Read_88",0.982637020637809,"Haplotype_B_Meth"
"NGS_H19_Hetero_Phased_Rep2","Read_89",0.0240047662151273,"Haplotype_A_Unmeth"
"NGS_H19_Hetero_Phased_Rep2","Read_90",0.0316515063500799,"Haplotype_A_Unmeth"
"NGS_H19_Hetero_Phased_Rep2","Read_91",0.0218532486689258,"Haplotype_A_Unmeth"
"NGS_H19_Hetero_Phased_Rep2","Read_92",0.0166512297001589,"Haplotype_A_Unmeth"
"NGS_H19_Hetero_Phased_Rep2","Read_93",0.0148005734490255,"Haplotype_A_Unmeth"
"NGS_H19_Hetero_Phased_Rep2","Read_94",0.983444823982415,"Haplotype_B_Meth"
"NGS_H19_Hetero_Phased_Rep2","Read_95",0.0158367064749349,"Haplotype_A_Unmeth"
"NGS_H19_Hetero_Phased_Rep2","Read_96",0.973540770807228,"Haplotype_B_Meth"
"NGS_H19_Hetero_Phased_Rep2","Read_97",0.0184963562631569,"Haplotype_A_Unmeth"
"NGS_H19_Hetero_Phased_Rep2","Read_98",0.975043169691663,"Haplotype_B_Meth"
"NGS_H19_Hetero_Phased_Rep2","Read_99",0.0310836552565196,"Haplotype_A_Unmeth"
"NGS_H19_Hetero_Phased_Rep2","Read_100",0.978255525220214,"Haplotype_B_Meth"
"NGS_H19_Hetero_Phased_Rep2","Read_101",0.975190550381541,"Haplotype_B_Meth"
"NGS_H19_Hetero_Phased_Rep2","Read_102",0.0198275681475906,"Haplotype_A_Unmeth"
"NGS_H19_Hetero_Phased_Rep2","Read_103",0.0132004544465417,"Haplotype_A_Unmeth"
"NGS_H19_Hetero_Phased_Rep2","Read_104",0.0155801664665524,"Haplotype_A_Unmeth"
"NGS_H19_Hetero_Phased_Rep2","Read_105",0.981602687491953,"Haplotype_B_Meth"
"NGS_H19_Hetero_Phased_Rep2","Read_106",0.986268131372444,"Haplotype_B_Meth"
"NGS_H19_Hetero_Phased_Rep2","Read_107",0.0199100273366505,"Haplotype_A_Unmeth"
"NGS_H19_Hetero_Phased_Rep2","Read_108",0.982512108996844,"Haplotype_B_Meth"
"NGS_H19_Hetero_Phased_Rep2","Read_109",0.0243714537334554,"Haplotype_A_Unmeth"
"NGS_H19_Hetero_Phased_Rep2","Read_110",0.0270775072729918,"Haplotype_A_Unmeth"
"NGS_H19_Hetero_Phased_Rep2","Read_111",0.971276662567405,"Haplotype_B_Meth"
"NGS_H19_Hetero_Phased_Rep2","Read_112",0.0175055462858459,"Haplotype_A_Unmeth"
"NGS_H19_Hetero_Phased_Rep2","Read_113",0.985509034552169,"Haplotype_B_Meth"
"NGS_H19_Hetero_Phased_Rep2","Read_114",0.0233874509742322,"Haplotype_A_Unmeth"
"NGS_H19_Hetero_Phased_Rep2","Read_115",0.0188793465188656,"Haplotype_A_Unmeth"
"NGS_H19_Hetero_Phased_Rep2","Read_116",0.971663301421631,"Haplotype_B_Meth"
"NGS_H19_Hetero_Phased_Rep2","Read_117",0.971731114500792,"Haplotype_B_Meth"
"NGS_H19_Hetero_Phased_Rep2","Read_118",0.0195028829234779,"Haplotype_A_Unmeth"
"NGS_H19_Hetero_Phased_Rep2","Read_119",0.0183251015521784,"Haplotype_A_Unmeth"
"NGS_H19_Hetero_Phased_Rep2","Read_120",0.982241297463031,"Haplotype_B_Meth"
"NGS_H19_Hetero_Phased_Rep2","Read_121",0.973679257980015,"Haplotype_B_Meth"
"NGS_H19_Hetero_Phased_Rep2","Read_122",0.985193885387073,"Haplotype_B_Meth"
"NGS_H19_Hetero_Phased_Rep2","Read_123",0.0239208727152649,"Haplotype_A_Unmeth"
"NGS_H19_Hetero_Phased_Rep2","Read_124",0.0205681505015027,"Haplotype_A_Unmeth"
"NGS_H19_Hetero_Phased_Rep2","Read_125",0.0155004114620859,"Haplotype_A_Unmeth"
"NGS_H19_Hetero_Phased_Rep2","Read_126",0.97322742528608,"Haplotype_B_Meth"
"NGS_H19_Hetero_Phased_Rep2","Read_127",0.982933290726631,"Haplotype_B_Meth"
"NGS_H19_Hetero_Phased_Rep2","Read_128",0.0158831707588404,"Haplotype_A_Unmeth"
"NGS_H19_Hetero_Phased_Rep2","Read_129",0.976325958616389,"Haplotype_B_Meth"
"NGS_H19_Hetero_Phased_Rep2","Read_130",0.0141703674615127,"Haplotype_A_Unmeth"
"NGS_H19_Hetero_Phased_Rep2","Read_131",0.980914965499849,"Haplotype_B_Meth"
"NGS_H19_Hetero_Phased_Rep2","Read_132",0.0266656931149252,"Haplotype_A_Unmeth"
"NGS_H19_Hetero_Phased_Rep2","Read_133",0.97242643022765,"Haplotype_B_Meth"
"NGS_H19_Hetero_Phased_Rep2","Read_134",0.985648249177895,"Haplotype_B_Meth"
"NGS_H19_Hetero_Phased_Rep2","Read_135",0.987793192628815,"Haplotype_B_Meth"
"NGS_H19_Hetero_Phased_Rep2","Read_136",0.979916487589501,"Haplotype_B_Meth"
"NGS_H19_Hetero_Phased_Rep2","Read_137",0.976432345325009,"Haplotype_B_Meth"
"NGS_H19_Hetero_Phased_Rep2","Read_138",0.970588069054665,"Haplotype_B_Meth"
"NGS_H19_Hetero_Phased_Rep2","Read_139",0.0205135408726054,"Haplotype_A_Unmeth"
"NGS_H19_Hetero_Phased_Rep2","Read_140",0.974663875711908,"Haplotype_B_Meth"
"NGS_H19_Hetero_Phased_Rep2","Read_141",0.980390324421142,"Haplotype_B_Meth"
"NGS_H19_Hetero_Phased_Rep2","Read_142",0.984664004428448,"Haplotype_B_Meth"
"NGS_H19_Hetero_Phased_Rep2","Read_143",0.0141603422630406,"Haplotype_A_Unmeth"
"NGS_H19_Hetero_Phased_Rep2","Read_144",0.984557232131503,"Haplotype_B_Meth"
"NGS_H19_Hetero_Phased_Rep2","Read_145",0.0226759638944226,"Haplotype_A_Unmeth"
"NGS_H19_Hetero_Phased_Rep2","Read_146",0.0220070761429862,"Haplotype_A_Unmeth"
"NGS_H19_Hetero_Phased_Rep2","Read_147",0.971681635340575,"Haplotype_B_Meth"
"NGS_H19_Hetero_Phased_Rep2","Read_148",0.0163863246122982,"Haplotype_A_Unmeth"
"NGS_H19_Hetero_Phased_Rep2","Read_149",0.0174247484986578,"Haplotype_A_Unmeth"
"NGS_H19_Hetero_Phased_Rep2","Read_150",0.984958819417561,"Haplotype_B_Meth"
"NGS_H19_Hetero_Phased_Rep2","Read_151",0.0246054658683574,"Haplotype_A_Unmeth"
"NGS_H19_Hetero_Phased_Rep2","Read_152",0.978028599943809,"Haplotype_B_Meth"
"NGS_H19_Hetero_Phased_Rep2","Read_153",0.0161909345403025,"Haplotype_A_Unmeth"
"NGS_H19_Hetero_Phased_Rep2","Read_154",0.978055155258425,"Haplotype_B_Meth"
"NGS_H19_Hetero_Phased_Rep2","Read_155",0.0201341244941778,"Haplotype_A_Unmeth"
"NGS_H19_Hetero_Phased_Rep2","Read_156",0.983462972313242,"Haplotype_B_Meth"
"NGS_H19_Hetero_Phased_Rep2","Read_157",0.0139740398820194,"Haplotype_A_Unmeth"
"NGS_H19_Hetero_Phased_Rep2","Read_158",0.0170212063739118,"Haplotype_A_Unmeth"
"NGS_H19_Hetero_Phased_Rep2","Read_159",0.0269990835159028,"Haplotype_A_Unmeth"
"NGS_H19_Hetero_Phased_Rep2","Read_160",0.0179523665338481,"Haplotype_A_Unmeth"
"NGS_H19_Hetero_Phased_Rep2","Read_161",0.0197301529060172,"Haplotype_A_Unmeth"
"NGS_H19_Hetero_Phased_Rep2","Read_162",0.0187177915035283,"Haplotype_A_Unmeth"
"NGS_H19_Hetero_Phased_Rep2","Read_163",0.983860083911292,"Haplotype_B_Meth"
"NGS_H19_Hetero_Phased_Rep2","Read_164",0.982046633785104,"Haplotype_B_Meth"
"NGS_H19_Hetero_Phased_Rep2","Read_165",0.985194524371378,"Haplotype_B_Meth"
"NGS_H19_Hetero_Phased_Rep2","Read_166",0.975763049355904,"Haplotype_B_Meth"
"NGS_H19_Hetero_Phased_Rep2","Read_167",0.974552426763275,"Haplotype_B_Meth"
"NGS_H19_Hetero_Phased_Rep2","Read_168",0.0148304532303981,"Haplotype_A_Unmeth"
"NGS_H19_Hetero_Phased_Rep2","Read_169",0.0200576136133391,"Haplotype_A_Unmeth"
"NGS_H19_Hetero_Phased_Rep2","Read_170",0.979473022179508,"Haplotype_B_Meth"
"NGS_H19_Hetero_Phased_Rep2","Read_171",0.986252858056274,"Haplotype_B_Meth"
"NGS_H19_Hetero_Phased_Rep2","Read_172",0.968381803383617,"Haplotype_B_Meth"
"NGS_H19_Hetero_Phased_Rep2","Read_173",0.0214970475849535,"Haplotype_A_Unmeth"
"NGS_H19_Hetero_Phased_Rep2","Read_174",0.98255934455146,"Haplotype_B_Meth"
"NGS_H19_Hetero_Phased_Rep2","Read_175",0.977017867365252,"Haplotype_B_Meth"
"NGS_H19_Hetero_Phased_Rep2","Read_176",0.978195527236664,"Haplotype_B_Meth"
"NGS_H19_Hetero_Phased_Rep2","Read_177",0.985474241277208,"Haplotype_B_Meth"
"NGS_H19_Hetero_Phased_Rep2","Read_178",0.0189088371388478,"Haplotype_A_Unmeth"
"NGS_H19_Hetero_Phased_Rep2","Read_179",0.979605059052246,"Haplotype_B_Meth"
"NGS_H19_Hetero_Phased_Rep2","Read_180",0.984487113637805,"Haplotype_B_Meth"
"NGS_H19_Hetero_Phased_Rep2","Read_181",0.0220946197006655,"Haplotype_A_Unmeth"
"NGS_H19_Hetero_Phased_Rep2","Read_182",0.974857095563238,"Haplotype_B_Meth"
"NGS_H19_Hetero_Phased_Rep2","Read_183",0.981933883582316,"Haplotype_B_Meth"
"NGS_H19_Hetero_Phased_Rep2","Read_184",0.978784398196957,"Haplotype_B_Meth"
"NGS_H19_Hetero_Phased_Rep2","Read_185",0.97601324131825,"Haplotype_B_Meth"
"NGS_H19_Hetero_Phased_Rep2","Read_186",0.0250255184335465,"Haplotype_A_Unmeth"
"NGS_H19_Hetero_Phased_Rep2","Read_187",0.98277874151274,"Haplotype_B_Meth"
"NGS_H19_Hetero_Phased_Rep2","Read_188",0.021064927285283,"Haplotype_A_Unmeth"
"NGS_H19_Hetero_Phased_Rep2","Read_189",0.0146590098274593,"Haplotype_A_Unmeth"
"NGS_H19_Hetero_Phased_Rep2","Read_190",0.0119946642367749,"Haplotype_A_Unmeth"
"NGS_H19_Hetero_Phased_Rep2","Read_191",0.975573885059177,"Haplotype_B_Meth"
"NGS_H19_Hetero_Phased_Rep2","Read_192",0.0152868218732463,"Haplotype_A_Unmeth"
"NGS_H19_Hetero_Phased_Rep2","Read_193",0.0219925270520902,"Haplotype_A_Unmeth"
"NGS_H19_Hetero_Phased_Rep2","Read_194",0.0261331448161511,"Haplotype_A_Unmeth"
"NGS_H19_Hetero_Phased_Rep2","Read_195",0.982253849058212,"Haplotype_B_Meth"
"NGS_H19_Hetero_Phased_Rep2","Read_196",0.981267492624106,"Haplotype_B_Meth"
"NGS_H19_Hetero_Phased_Rep2","Read_197",0.0164189995575862,"Haplotype_A_Unmeth"
"NGS_H19_Hetero_Phased_Rep2","Read_198",0.981104656603242,"Haplotype_B_Meth"
"NGS_H19_Hetero_Phased_Rep2","Read_199",0.0267756816641676,"Haplotype_A_Unmeth"
"NGS_H19_Hetero_Phased_Rep2","Read_200",0.983702839772408,"Haplotype_B_Meth"
"NGS_H19_Hetero_Phased_Rep2","Read_201",0.977759504544547,"Haplotype_B_Meth"
"NGS_H19_Hetero_Phased_Rep2","Read_202",0.0179049081858906,"Haplotype_A_Unmeth"
"NGS_H19_Hetero_Phased_Rep2","Read_203",0.0159641452336495,"Haplotype_A_Unmeth"
"NGS_H19_Hetero_Phased_Rep2","Read_204",0.977418771901099,"Haplotype_B_Meth"
"NGS_H19_Hetero_Phased_Rep2","Read_205",0.0237866609584588,"Haplotype_A_Unmeth"
"NGS_H19_Hetero_Phased_Rep2","Read_206",0.979826978152083,"Haplotype_B_Meth"
"NGS_H19_Hetero_Phased_Rep2","Read_207",0.974792153222756,"Haplotype_B_Meth"
"NGS_H19_Hetero_Phased_Rep2","Read_208",0.977279724077862,"Haplotype_B_Meth"
"NGS_H19_Hetero_Phased_Rep2","Read_209",0.978246191647204,"Haplotype_B_Meth"
"NGS_H19_Hetero_Phased_Rep2","Read_210",0.0241159058867136,"Haplotype_A_Unmeth"
"NGS_H19_Hetero_Phased_Rep2","Read_211",0.985954651281389,"Haplotype_B_Meth"
"NGS_H19_Hetero_Phased_Rep2","Read_212",0.981170939091037,"Haplotype_B_Meth"
"NGS_H19_Hetero_Phased_Rep2","Read_213",0.0136676415000014,"Haplotype_A_Unmeth"
"NGS_H19_Hetero_Phased_Rep2","Read_214",0.982911799921489,"Haplotype_B_Meth"
"NGS_H19_Hetero_Phased_Rep2","Read_215",0.980868079701905,"Haplotype_B_Meth"
"NGS_H19_Hetero_Phased_Rep2","Read_216",0.0214802921610106,"Haplotype_A_Unmeth"
"NGS_H19_Hetero_Phased_Rep2","Read_217",0.98356629548157,"Haplotype_B_Meth"
"NGS_H19_Hetero_Phased_Rep2","Read_218",0.0348918282406221,"Haplotype_A_Unmeth"
"NGS_H19_Hetero_Phased_Rep2","Read_219",0.0185715670002657,"Haplotype_A_Unmeth"
"NGS_H19_Hetero_Phased_Rep2","Read_220",0.973022990243148,"Haplotype_B_Meth"
"NGS_H19_Hetero_Phased_Rep2","Read_221",0.980021519787334,"Haplotype_B_Meth"
"NGS_H19_Hetero_Phased_Rep2","Read_222",0.983243938890176,"Haplotype_B_Meth"
"NGS_H19_Hetero_Phased_Rep2","Read_223",0.0129519435451125,"Haplotype_A_Unmeth"
"NGS_H19_Hetero_Phased_Rep2","Read_224",0.0185631098092455,"Haplotype_A_Unmeth"
"NGS_H19_Hetero_Phased_Rep2","Read_225",0.0150344459363574,"Haplotype_A_Unmeth"
"NGS_H19_Hetero_Phased_Rep2","Read_226",0.976987761166088,"Haplotype_B_Meth"
"NGS_H19_Hetero_Phased_Rep2","Read_227",0.0152959613554443,"Haplotype_A_Unmeth"
"NGS_H19_Hetero_Phased_Rep2","Read_228",0.980795265127659,"Haplotype_B_Meth"
"NGS_H19_Hetero_Phased_Rep2","Read_229",0.01100485132866,"Haplotype_A_Unmeth"
"NGS_H19_Hetero_Phased_Rep2","Read_230",0.0178329868799517,"Haplotype_A_Unmeth"
"NGS_H19_Hetero_Phased_Rep2","Read_231",0.963310202667909,"Haplotype_B_Meth"
"NGS_H19_Hetero_Phased_Rep2","Read_232",0.984301008387747,"Haplotype_B_Meth"
"NGS_H19_Hetero_Phased_Rep2","Read_233",0.0131680801682973,"Haplotype_A_Unmeth"
"NGS_H19_Hetero_Phased_Rep2","Read_234",0.0152707832091699,"Haplotype_A_Unmeth"
"NGS_H19_Hetero_Phased_Rep2","Read_235",0.0177845355404274,"Haplotype_A_Unmeth"
"NGS_H19_Hetero_Phased_Rep2","Read_236",0.986850374962714,"Haplotype_B_Meth"
"NGS_H19_Hetero_Phased_Rep2","Read_237",0.984406336255895,"Haplotype_B_Meth"
"NGS_H19_Hetero_Phased_Rep2","Read_238",0.0253021313882629,"Haplotype_A_Unmeth"
"NGS_H19_Hetero_Phased_Rep2","Read_239",0.0188216190190204,"Haplotype_A_Unmeth"
"NGS_H19_Hetero_Phased_Rep2","Read_240",0.02336532479403,"Haplotype_A_Unmeth"
"NGS_H19_Hetero_Phased_Rep2","Read_241",0.982051254058535,"Haplotype_B_Meth"
"NGS_H19_Hetero_Phased_Rep2","Read_242",0.973686193315595,"Haplotype_B_Meth"
"NGS_H19_Hetero_Phased_Rep2","Read_243",0.0218507549081023,"Haplotype_A_Unmeth"
"NGS_H19_Hetero_Phased_Rep2","Read_244",0.971308920355722,"Haplotype_B_Meth"
"NGS_H19_Hetero_Phased_Rep2","Read_245",0.982666623238969,"Haplotype_B_Meth"
"NGS_H19_Hetero_Phased_Rep2","Read_246",0.98573665259507,"Haplotype_B_Meth"
"NGS_H19_Hetero_Phased_Rep2","Read_247",0.0153799871680941,"Haplotype_A_Unmeth"
"NGS_H19_Hetero_Phased_Rep2","Read_248",0.0222094958457616,"Haplotype_A_Unmeth"
"NGS_H19_Hetero_Phased_Rep2","Read_249",0.0179285373741524,"Haplotype_A_Unmeth"
"NGS_H19_Hetero_Phased_Rep2","Read_250",0.0140721368175166,"Haplotype_A_Unmeth"
"NGS_H19_Hetero_Phased_Rep2","Read_251",0.988439497422551,"Haplotype_B_Meth"
"NGS_H19_Hetero_Phased_Rep2","Read_252",0.9825859699584,"Haplotype_B_Meth"
"NGS_H19_Hetero_Phased_Rep2","Read_253",0.0196136296611959,"Haplotype_A_Unmeth"
"NGS_H19_Hetero_Phased_Rep2","Read_254",0.019197160989384,"Haplotype_A_Unmeth"
"NGS_H19_Hetero_Phased_Rep2","Read_255",0.978614899802399,"Haplotype_B_Meth"
"NGS_H19_Hetero_Phased_Rep2","Read_256",0.9715105495356,"Haplotype_B_Meth"
"NGS_H19_Hetero_Phased_Rep2","Read_257",0.0189733465666812,"Haplotype_A_Unmeth"
"NGS_H19_Hetero_Phased_Rep2","Read_258",0.0162641296846121,"Haplotype_A_Unmeth"
"NGS_H19_Hetero_Phased_Rep2","Read_259",0.0234812568585707,"Haplotype_A_Unmeth"
"NGS_H19_Hetero_Phased_Rep2","Read_260",0.0123412410390443,"Haplotype_A_Unmeth"
"NGS_H19_Hetero_Phased_Rep2","Read_261",0.978495047899297,"Haplotype_B_Meth"
"NGS_H19_Hetero_Phased_Rep2","Read_262",0.0195191086006082,"Haplotype_A_Unmeth"
"NGS_H19_Hetero_Phased_Rep2","Read_263",0.98127192258109,"Haplotype_B_Meth"
"NGS_H19_Hetero_Phased_Rep2","Read_264",0.980628468697644,"Haplotype_B_Meth"
"NGS_H19_Hetero_Phased_Rep2","Read_265",0.983130580402633,"Haplotype_B_Meth"
"NGS_H19_Hetero_Phased_Rep2","Read_266",0.0159752478231224,"Haplotype_A_Unmeth"
"NGS_H19_Hetero_Phased_Rep2","Read_267",0.0244469214158292,"Haplotype_A_Unmeth"
"NGS_H19_Hetero_Phased_Rep2","Read_268",0.979754198907354,"Haplotype_B_Meth"
"NGS_H19_Hetero_Phased_Rep2","Read_269",0.0138880913584137,"Haplotype_A_Unmeth"
"NGS_H19_Hetero_Phased_Rep2","Read_270",0.0258004987157989,"Haplotype_A_Unmeth"
"NGS_H19_Hetero_Phased_Rep2","Read_271",0.028675335749253,"Haplotype_A_Unmeth"
"NGS_H19_Hetero_Phased_Rep2","Read_272",0.0168754718938442,"Haplotype_A_Unmeth"
"NGS_H19_Hetero_Phased_Rep2","Read_273",0.0191217710690908,"Haplotype_A_Unmeth"
"NGS_H19_Hetero_Phased_Rep2","Read_274",0.984091021339044,"Haplotype_B_Meth"
"NGS_H19_Hetero_Phased_Rep2","Read_275",0.978211020103931,"Haplotype_B_Meth"
"NGS_H19_Hetero_Phased_Rep2","Read_276",0.0259692624141415,"Haplotype_A_Unmeth"
"NGS_H19_Hetero_Phased_Rep2","Read_277",0.976006462932224,"Haplotype_B_Meth"
"NGS_H19_Hetero_Phased_Rep2","Read_278",0.0158389470374731,"Haplotype_A_Unmeth"
"NGS_H19_Hetero_Phased_Rep2","Read_279",0.0238243495489144,"Haplotype_A_Unmeth"
"NGS_H19_Hetero_Phased_Rep2","Read_280",0.980100864078957,"Haplotype_B_Meth"
"NGS_H19_Hetero_Phased_Rep2","Read_281",0.0232257813983986,"Haplotype_A_Unmeth"
"NGS_H19_Hetero_Phased_Rep2","Read_282",0.0261910337925244,"Haplotype_A_Unmeth"
"NGS_H19_Hetero_Phased_Rep2","Read_283",0.980679264041527,"Haplotype_B_Meth"
"NGS_H19_Hetero_Phased_Rep2","Read_284",0.0149958115388249,"Haplotype_A_Unmeth"
"NGS_H19_Hetero_Phased_Rep2","Read_285",0.0164817398332575,"Haplotype_A_Unmeth"
"NGS_H19_Hetero_Phased_Rep2","Read_286",0.0248977318568552,"Haplotype_A_Unmeth"
"NGS_H19_Hetero_Phased_Rep2","Read_287",0.0235086070910358,"Haplotype_A_Unmeth"
"NGS_H19_Hetero_Phased_Rep2","Read_288",0.978284214435851,"Haplotype_B_Meth"
"NGS_H19_Hetero_Phased_Rep2","Read_289",0.0174475028755346,"Haplotype_A_Unmeth"
"NGS_H19_Hetero_Phased_Rep2","Read_290",0.0132548390739713,"Haplotype_A_Unmeth"
"NGS_H19_Hetero_Phased_Rep2","Read_291",0.0187243089162423,"Haplotype_A_Unmeth"
"NGS_H19_Hetero_Phased_Rep2","Read_292",0.982589986955338,"Haplotype_B_Meth"
"NGS_H19_Hetero_Phased_Rep2","Read_293",0.0196193866669806,"Haplotype_A_Unmeth"
"NGS_H19_Hetero_Phased_Rep2","Read_294",0.987300253520331,"Haplotype_B_Meth"
"NGS_H19_Hetero_Phased_Rep2","Read_295",0.0263393970102094,"Haplotype_A_Unmeth"
"NGS_H19_Hetero_Phased_Rep2","Read_296",0.982675940560087,"Haplotype_B_Meth"
"NGS_H19_Hetero_Phased_Rep2","Read_297",0.0170162820409608,"Haplotype_A_Unmeth"
"NGS_H19_Hetero_Phased_Rep2","Read_298",0.0254049112686632,"Haplotype_A_Unmeth"
"NGS_H19_Hetero_Phased_Rep2","Read_299",0.980492724012242,"Haplotype_B_Meth"
"NGS_H19_Hetero_Phased_Rep2","Read_300",0.981740175753494,"Haplotype_B_Meth"
"NGS_H19_Hetero_Phased_Rep2","Read_301",0.0218452978709795,"Haplotype_A_Unmeth"
"NGS_H19_Hetero_Phased_Rep2","Read_302",0.979865845756628,"Haplotype_B_Meth"
"NGS_H19_Hetero_Phased_Rep2","Read_303",0.976124212540543,"Haplotype_B_Meth"
"NGS_H19_Hetero_Phased_Rep2","Read_304",0.980524300327702,"Haplotype_B_Meth"
"NGS_H19_Hetero_Phased_Rep2","Read_305",0.970434255684561,"Haplotype_B_Meth"
"NGS_H19_Hetero_Phased_Rep2","Read_306",0.990253316839448,"Haplotype_B_Meth"
"NGS_H19_Hetero_Phased_Rep2","Read_307",0.980082043783581,"Haplotype_B_Meth"
"NGS_H19_Hetero_Phased_Rep2","Read_308",0.982813442101391,"Haplotype_B_Meth"
"NGS_H19_Hetero_Phased_Rep2","Read_309",0.0167550600822142,"Haplotype_A_Unmeth"
"NGS_H19_Hetero_Phased_Rep2","Read_310",0.0138501942956976,"Haplotype_A_Unmeth"
"NGS_H19_Hetero_Phased_Rep2","Read_311",0.0215459764640477,"Haplotype_A_Unmeth"
"NGS_H19_Hetero_Phased_Rep2","Read_312",0.0172189036158494,"Haplotype_A_Unmeth"
"NGS_H19_Hetero_Phased_Rep2","Read_313",0.025892116714238,"Haplotype_A_Unmeth"
"NGS_H19_Hetero_Phased_Rep2","Read_314",0.0238731364098465,"Haplotype_A_Unmeth"
"NGS_H19_Hetero_Phased_Rep2","Read_315",0.980479901244336,"Haplotype_B_Meth"
"NGS_H19_Hetero_Phased_Rep2","Read_316",0.0198493810885933,"Haplotype_A_Unmeth"
"NGS_H19_Hetero_Phased_Rep2","Read_317",0.0251969772650326,"Haplotype_A_Unmeth"
"NGS_H19_Hetero_Phased_Rep2","Read_318",0.0238009973753388,"Haplotype_A_Unmeth"
"NGS_H19_Hetero_Phased_Rep2","Read_319",0.986324017403437,"Haplotype_B_Meth"
"NGS_H19_Hetero_Phased_Rep2","Read_320",0.0171082554728307,"Haplotype_A_Unmeth"
"NGS_H19_Hetero_Phased_Rep2","Read_321",0.0197179905014879,"Haplotype_A_Unmeth"
"NGS_H19_Hetero_Phased_Rep2","Read_322",0.982372249369622,"Haplotype_B_Meth"
"NGS_H19_Hetero_Phased_Rep2","Read_323",0.0147701183862817,"Haplotype_A_Unmeth"
"NGS_H19_Hetero_Phased_Rep2","Read_324",0.0254349503046881,"Haplotype_A_Unmeth"
"NGS_H19_Hetero_Phased_Rep2","Read_325",0.0178659521992454,"Haplotype_A_Unmeth"
"NGS_H19_Hetero_Phased_Rep2","Read_326",0.0199577240863098,"Haplotype_A_Unmeth"
"NGS_H19_Hetero_Phased_Rep2","Read_327",0.0174062351822175,"Haplotype_A_Unmeth"
"NGS_H19_Hetero_Phased_Rep2","Read_328",0.0246506350351427,"Haplotype_A_Unmeth"
"NGS_H19_Hetero_Phased_Rep2","Read_329",0.976024452177177,"Haplotype_B_Meth"
"NGS_H19_Hetero_Phased_Rep2","Read_330",0.986155553662702,"Haplotype_B_Meth"
"NGS_H19_Hetero_Phased_Rep2","Read_331",0.0188778355507781,"Haplotype_A_Unmeth"
"NGS_H19_Hetero_Phased_Rep2","Read_332",0.0286645144207296,"Haplotype_A_Unmeth"
"NGS_H19_Hetero_Phased_Rep2","Read_333",0.979974040283984,"Haplotype_B_Meth"
"NGS_H19_Hetero_Phased_Rep2","Read_334",0.0263786111154051,"Haplotype_A_Unmeth"
"NGS_H19_Hetero_Phased_Rep2","Read_335",0.0258172344367984,"Haplotype_A_Unmeth"
"NGS_H19_Hetero_Phased_Rep2","Read_336",0.0200721508733325,"Haplotype_A_Unmeth"
"NGS_H19_Hetero_Phased_Rep2","Read_337",0.976342552952853,"Haplotype_B_Meth"
"NGS_H19_Hetero_Phased_Rep2","Read_338",0.977022493784035,"Haplotype_B_Meth"
"NGS_H19_Hetero_Phased_Rep2","Read_339",0.0224563376387912,"Haplotype_A_Unmeth"
"NGS_H19_Hetero_Phased_Rep2","Read_340",0.983030252502395,"Haplotype_B_Meth"
"NGS_H19_Hetero_Phased_Rep2","Read_341",0.0144992049118034,"Haplotype_A_Unmeth"
"NGS_H19_Hetero_Phased_Rep2","Read_342",0.0149410492539887,"Haplotype_A_Unmeth"
"NGS_H19_Hetero_Phased_Rep2","Read_343",0.979962089931706,"Haplotype_B_Meth"
"NGS_H19_Hetero_Phased_Rep2","Read_344",0.967975387088872,"Haplotype_B_Meth"
"NGS_H19_Hetero_Phased_Rep2","Read_345",0.0221888545704746,"Haplotype_A_Unmeth"
"NGS_H19_Hetero_Phased_Rep2","Read_346",0.019464211628197,"Haplotype_A_Unmeth"
"NGS_H19_Hetero_Phased_Rep2","Read_347",0.982986031975504,"Haplotype_B_Meth"
"NGS_H19_Hetero_Phased_Rep2","Read_348",0.983120036077157,"Haplotype_B_Meth"
"NGS_H19_Hetero_Phased_Rep2","Read_349",0.976497680203512,"Haplotype_B_Meth"
"NGS_H19_Hetero_Phased_Rep2","Read_350",0.97975009928738,"Haplotype_B_Meth"
"NGS_H19_Hetero_Phased_Rep2","Read_351",0.977297730877329,"Haplotype_B_Meth"
"NGS_H19_Hetero_Phased_Rep2","Read_352",0.0264686452618438,"Haplotype_A_Unmeth"
"NGS_H19_Hetero_Phased_Rep2","Read_353",0.976634412953613,"Haplotype_B_Meth"
"NGS_H19_Hetero_Phased_Rep2","Read_354",0.0215735619183268,"Haplotype_A_Unmeth"
"NGS_H19_Hetero_Phased_Rep2","Read_355",0.975850139464283,"Haplotype_B_Meth"
"NGS_H19_Hetero_Phased_Rep2","Read_356",0.0218185443328225,"Haplotype_A_Unmeth"
"NGS_H19_Hetero_Phased_Rep2","Read_357",0.0155333815031324,"Haplotype_A_Unmeth"
"NGS_H19_Hetero_Phased_Rep2","Read_358",0.021292796058963,"Haplotype_A_Unmeth"
"NGS_H19_Hetero_Phased_Rep2","Read_359",0.979881861572413,"Haplotype_B_Meth"
"NGS_H19_Hetero_Phased_Rep2","Read_360",0.0293484196447209,"Haplotype_A_Unmeth"
"NGS_H19_Hetero_Phased_Rep2","Read_361",0.976795294424136,"Haplotype_B_Meth"
"NGS_H19_Hetero_Phased_Rep2","Read_362",0.019545675025501,"Haplotype_A_Unmeth"
"NGS_H19_Hetero_Phased_Rep2","Read_363",0.986577497907211,"Haplotype_B_Meth"
"NGS_H19_Hetero_Phased_Rep2","Read_364",0.0233562366967312,"Haplotype_A_Unmeth"
"NGS_H19_Hetero_Phased_Rep2","Read_365",0.0168811146742734,"Haplotype_A_Unmeth"
"NGS_H19_Hetero_Phased_Rep2","Read_366",0.982991132635096,"Haplotype_B_Meth"
"NGS_H19_Hetero_Phased_Rep2","Read_367",0.016889542140961,"Haplotype_A_Unmeth"
"NGS_H19_Hetero_Phased_Rep2","Read_368",0.0223161383992988,"Haplotype_A_Unmeth"
"NGS_H19_Hetero_Phased_Rep2","Read_369",0.0127667507484298,"Haplotype_A_Unmeth"
"NGS_H19_Hetero_Phased_Rep2","Read_370",0.977849789174028,"Haplotype_B_Meth"
"NGS_H19_Hetero_Phased_Rep2","Read_371",0.023347147167311,"Haplotype_A_Unmeth"
"NGS_H19_Hetero_Phased_Rep2","Read_372",0.0190055255888253,"Haplotype_A_Unmeth"
"NGS_H19_Hetero_Phased_Rep2","Read_373",0.0199501946240431,"Haplotype_A_Unmeth"
"NGS_H19_Hetero_Phased_Rep2","Read_374",0.0245886738903394,"Haplotype_A_Unmeth"
"NGS_H19_Hetero_Phased_Rep2","Read_375",0.0145929929153201,"Haplotype_A_Unmeth"
"NGS_H19_Hetero_Phased_Rep2","Read_376",0.978992736311958,"Haplotype_B_Meth"
"NGS_H19_Hetero_Phased_Rep2","Read_377",0.0229163016539419,"Haplotype_A_Unmeth"
"NGS_H19_Hetero_Phased_Rep2","Read_378",0.0172238149321054,"Haplotype_A_Unmeth"
"NGS_H19_Hetero_Phased_Rep2","Read_379",0.976638339239995,"Haplotype_B_Meth"
"NGS_H19_Hetero_Phased_Rep2","Read_380",0.0220654808708861,"Haplotype_A_Unmeth"
"NGS_H19_Hetero_Phased_Rep2","Read_381",0.976928213055136,"Haplotype_B_Meth"
"NGS_H19_Hetero_Phased_Rep2","Read_382",0.974175214321351,"Haplotype_B_Meth"
"NGS_H19_Hetero_Phased_Rep2","Read_383",0.976108147813794,"Haplotype_B_Meth"
"NGS_H19_Hetero_Phased_Rep2","Read_384",0.0255900426794115,"Haplotype_A_Unmeth"
"NGS_H19_Hetero_Phased_Rep2","Read_385",0.0162201710361071,"Haplotype_A_Unmeth"
"NGS_H19_Hetero_Phased_Rep2","Read_386",0.983067544904567,"Haplotype_B_Meth"
"NGS_H19_Hetero_Phased_Rep2","Read_387",0.0191419568987464,"Haplotype_A_Unmeth"
"NGS_H19_Hetero_Phased_Rep2","Read_388",0.0227803845561806,"Haplotype_A_Unmeth"
"NGS_H19_Hetero_Phased_Rep2","Read_389",0.0164070189455241,"Haplotype_A_Unmeth"
"NGS_H19_Hetero_Phased_Rep2","Read_390",0.0224325147703428,"Haplotype_A_Unmeth"
"NGS_H19_Hetero_Phased_Rep2","Read_391",0.984045639050596,"Haplotype_B_Meth"
"NGS_H19_Hetero_Phased_Rep2","Read_392",0.97793726316093,"Haplotype_B_Meth"
"NGS_H19_Hetero_Phased_Rep2","Read_393",0.978893127632474,"Haplotype_B_Meth"
"NGS_H19_Hetero_Phased_Rep2","Read_394",0.0238954095375185,"Haplotype_A_Unmeth"
"NGS_H19_Hetero_Phased_Rep2","Read_395",0.0231980915301119,"Haplotype_A_Unmeth"
"NGS_H19_Hetero_Phased_Rep2","Read_396",0.0169934473272324,"Haplotype_A_Unmeth"
"NGS_H19_Hetero_Phased_Rep2","Read_397",0.984706436524055,"Haplotype_B_Meth"
"NGS_H19_Hetero_Phased_Rep2","Read_398",0.98209089639015,"Haplotype_B_Meth"
"NGS_H19_Hetero_Phased_Rep2","Read_399",0.0166731712013749,"Haplotype_A_Unmeth"
"NGS_H19_Hetero_Phased_Rep2","Read_400",0.014707421325997,"Haplotype_A_Unmeth"
"NGS_H19_Hetero_Phased_Rep2","Read_401",0.97868465086127,"Haplotype_B_Meth"
"NGS_H19_Hetero_Phased_Rep2","Read_402",0.981665324770507,"Haplotype_B_Meth"
"NGS_H19_Hetero_Phased_Rep2","Read_403",0.0192708373804713,"Haplotype_A_Unmeth"
"NGS_H19_Hetero_Phased_Rep2","Read_404",0.018452988547644,"Haplotype_A_Unmeth"
"NGS_H19_Hetero_Phased_Rep2","Read_405",0.978461026930322,"Haplotype_B_Meth"
"NGS_H19_Hetero_Phased_Rep2","Read_406",0.0258164911591725,"Haplotype_A_Unmeth"
"NGS_H19_Hetero_Phased_Rep2","Read_407",0.0160879545801449,"Haplotype_A_Unmeth"
"NGS_H19_Hetero_Phased_Rep2","Read_408",0.982828166469829,"Haplotype_B_Meth"
"NGS_H19_Hetero_Phased_Rep2","Read_409",0.018369410050207,"Haplotype_A_Unmeth"
"NGS_H19_Hetero_Phased_Rep2","Read_410",0.0195080805052004,"Haplotype_A_Unmeth"
"NGS_H19_Hetero_Phased_Rep2","Read_411",0.982607435210287,"Haplotype_B_Meth"
"NGS_H19_Hetero_Phased_Rep2","Read_412",0.0112505625084596,"Haplotype_A_Unmeth"
"NGS_H19_Hetero_Phased_Rep2","Read_413",0.0223509143840152,"Haplotype_A_Unmeth"
"NGS_H19_Hetero_Phased_Rep2","Read_414",0.0237181615630805,"Haplotype_A_Unmeth"
"NGS_H19_Hetero_Phased_Rep2","Read_415",0.0163200743025142,"Haplotype_A_Unmeth"
"NGS_H19_Hetero_Phased_Rep2","Read_416",0.0167924480514573,"Haplotype_A_Unmeth"
"NGS_H19_Hetero_Phased_Rep2","Read_417",0.022773395586367,"Haplotype_A_Unmeth"
"NGS_H19_Hetero_Phased_Rep2","Read_418",0.985027044724034,"Haplotype_B_Meth"
"NGS_H19_Hetero_Phased_Rep2","Read_419",0.0244886101923107,"Haplotype_A_Unmeth"
"NGS_H19_Hetero_Phased_Rep2","Read_420",0.023280355013187,"Haplotype_A_Unmeth"
"NGS_H19_Hetero_Phased_Rep2","Read_421",0.0223958662823346,"Haplotype_A_Unmeth"
"NGS_H19_Hetero_Phased_Rep2","Read_422",0.0238340529850916,"Haplotype_A_Unmeth"
"NGS_H19_Hetero_Phased_Rep2","Read_423",0.980079463353859,"Haplotype_B_Meth"
"NGS_H19_Hetero_Phased_Rep2","Read_424",0.974469229049669,"Haplotype_B_Meth"
"NGS_H19_Hetero_Phased_Rep2","Read_425",0.97444020152652,"Haplotype_B_Meth"
"NGS_H19_Hetero_Phased_Rep2","Read_426",0.0194361657941048,"Haplotype_A_Unmeth"
"NGS_H19_Hetero_Phased_Rep2","Read_427",0.985270423907333,"Haplotype_B_Meth"
"NGS_H19_Hetero_Phased_Rep2","Read_428",0.981580552608813,"Haplotype_B_Meth"
"NGS_H19_Hetero_Phased_Rep2","Read_429",0.981950297391087,"Haplotype_B_Meth"
"NGS_H19_Hetero_Phased_Rep2","Read_430",0.020626757419049,"Haplotype_A_Unmeth"
"NGS_H19_Hetero_Phased_Rep2","Read_431",0.0149780571768997,"Haplotype_A_Unmeth"
"NGS_H19_Hetero_Phased_Rep2","Read_432",0.97923976043138,"Haplotype_B_Meth"
"NGS_H19_Hetero_Phased_Rep2","Read_433",0.0248183840574017,"Haplotype_A_Unmeth"
"NGS_H19_Hetero_Phased_Rep2","Read_434",0.985064719518799,"Haplotype_B_Meth"
"NGS_H19_Hetero_Phased_Rep2","Read_435",0.0246189637463065,"Haplotype_A_Unmeth"
"NGS_H19_Hetero_Phased_Rep2","Read_436",0.0142836811745464,"Haplotype_A_Unmeth"
"NGS_H19_Hetero_Phased_Rep2","Read_437",0.0253572157332591,"Haplotype_A_Unmeth"
"NGS_H19_Hetero_Phased_Rep2","Read_438",0.981812922930843,"Haplotype_B_Meth"
"NGS_H19_Hetero_Phased_Rep2","Read_439",0.0252458063652336,"Haplotype_A_Unmeth"
"NGS_H19_Hetero_Phased_Rep2","Read_440",0.0228420020775029,"Haplotype_A_Unmeth"
"NGS_H19_Hetero_Phased_Rep2","Read_441",0.979314569944373,"Haplotype_B_Meth"
"NGS_H19_Hetero_Phased_Rep2","Read_442",0.978338506267404,"Haplotype_B_Meth"
"NGS_H19_Hetero_Phased_Rep2","Read_443",0.986011063517792,"Haplotype_B_Meth"
"NGS_H19_Hetero_Phased_Rep2","Read_444",0.984035729678216,"Haplotype_B_Meth"
"NGS_H19_Hetero_Phased_Rep2","Read_445",0.974837777520658,"Haplotype_B_Meth"
"NGS_H19_Hetero_Phased_Rep2","Read_446",0.982262936004917,"Haplotype_B_Meth"
"NGS_H19_Hetero_Phased_Rep2","Read_447",0.975579509196927,"Haplotype_B_Meth"
"NGS_H19_Hetero_Phased_Rep2","Read_448",0.978989599221731,"Haplotype_B_Meth"
"NGS_H19_Hetero_Phased_Rep2","Read_449",0.976463923764187,"Haplotype_B_Meth"
"NGS_H19_Hetero_Phased_Rep2","Read_450",0.980767004237584,"Haplotype_B_Meth"
"NGS_H19_Hetero_Phased_Rep2","Read_451",0.979827284400468,"Haplotype_B_Meth"
"NGS_H19_Hetero_Phased_Rep2","Read_452",0.019143774871891,"Haplotype_A_Unmeth"
"NGS_H19_Hetero_Phased_Rep2","Read_453",0.011594334606988,"Haplotype_A_Unmeth"
"NGS_H19_Hetero_Phased_Rep2","Read_454",0.021990412864193,"Haplotype_A_Unmeth"
"NGS_H19_Hetero_Phased_Rep2","Read_455",0.974354234852012,"Haplotype_B_Meth"
"NGS_H19_Hetero_Phased_Rep2","Read_456",0.0136271447925289,"Haplotype_A_Unmeth"
"NGS_H19_Hetero_Phased_Rep2","Read_457",0.977488925543993,"Haplotype_B_Meth"
"NGS_H19_Hetero_Phased_Rep2","Read_458",0.0104601998791288,"Haplotype_A_Unmeth"
"NGS_H19_Hetero_Phased_Rep2","Read_459",0.986816477102849,"Haplotype_B_Meth"
"NGS_H19_Hetero_Phased_Rep2","Read_460",0.0176813323616639,"Haplotype_A_Unmeth"
"NGS_H19_Hetero_Phased_Rep2","Read_461",0.0176811867308254,"Haplotype_A_Unmeth"
"NGS_H19_Hetero_Phased_Rep2","Read_462",0.984031557270408,"Haplotype_B_Meth"
"NGS_H19_Hetero_Phased_Rep2","Read_463",0.0240373452509432,"Haplotype_A_Unmeth"
"NGS_H19_Hetero_Phased_Rep2","Read_464",0.983009360146608,"Haplotype_B_Meth"
"NGS_H19_Hetero_Phased_Rep2","Read_465",0.0222184455202435,"Haplotype_A_Unmeth"
"NGS_H19_Hetero_Phased_Rep2","Read_466",0.019275531176834,"Haplotype_A_Unmeth"
"NGS_H19_Hetero_Phased_Rep2","Read_467",0.0185366717115382,"Haplotype_A_Unmeth"
"NGS_H19_Hetero_Phased_Rep2","Read_468",0.982017297432275,"Haplotype_B_Meth"
"NGS_H19_Hetero_Phased_Rep2","Read_469",0.0195113527341904,"Haplotype_A_Unmeth"
"NGS_H19_Hetero_Phased_Rep2","Read_470",0.0187300607204732,"Haplotype_A_Unmeth"
"NGS_H19_Hetero_Phased_Rep2","Read_471",0.0190418120316864,"Haplotype_A_Unmeth"
"NGS_H19_Hetero_Phased_Rep2","Read_472",0.0236664877751551,"Haplotype_A_Unmeth"
"NGS_H19_Hetero_Phased_Rep2","Read_473",0.978458340190542,"Haplotype_B_Meth"
"NGS_H19_Hetero_Phased_Rep2","Read_474",0.9721758054343,"Haplotype_B_Meth"
"NGS_H19_Hetero_Phased_Rep2","Read_475",0.979533783480585,"Haplotype_B_Meth"
"NGS_H19_Hetero_Phased_Rep2","Read_476",0.983257032186372,"Haplotype_B_Meth"
"NGS_H19_Hetero_Phased_Rep2","Read_477",0.0195125390696214,"Haplotype_A_Unmeth"
"NGS_H19_Hetero_Phased_Rep2","Read_478",0.982032723402447,"Haplotype_B_Meth"
"NGS_H19_Hetero_Phased_Rep2","Read_479",0.0135688402543143,"Haplotype_A_Unmeth"
"NGS_H19_Hetero_Phased_Rep2","Read_480",0.0211119216075813,"Haplotype_A_Unmeth"
"NGS_H19_Hetero_Phased_Rep2","Read_481",0.0247895372574573,"Haplotype_A_Unmeth"
"NGS_H19_Hetero_Phased_Rep2","Read_482",0.981691573386386,"Haplotype_B_Meth"
"NGS_H19_Hetero_Phased_Rep2","Read_483",0.0250164376484408,"Haplotype_A_Unmeth"
"NGS_H19_Hetero_Phased_Rep2","Read_484",0.982180574891147,"Haplotype_B_Meth"
"NGS_H19_Hetero_Phased_Rep2","Read_485",0.978485597383747,"Haplotype_B_Meth"
"NGS_H19_Hetero_Phased_Rep2","Read_486",0.985096218505957,"Haplotype_B_Meth"
"NGS_H19_Hetero_Phased_Rep2","Read_487",0.0230131147610152,"Haplotype_A_Unmeth"
"NGS_H19_Hetero_Phased_Rep2","Read_488",0.981220601972186,"Haplotype_B_Meth"
"NGS_H19_Hetero_Phased_Rep2","Read_489",0.0205267839915378,"Haplotype_A_Unmeth"
"NGS_H19_Hetero_Phased_Rep2","Read_490",0.984297693821404,"Haplotype_B_Meth"
"NGS_H19_Hetero_Phased_Rep2","Read_491",0.979163715792448,"Haplotype_B_Meth"
"NGS_H19_Hetero_Phased_Rep2","Read_492",0.977675394187472,"Haplotype_B_Meth"
"NGS_H19_Hetero_Phased_Rep2","Read_493",0.974580464616331,"Haplotype_B_Meth"
"NGS_H19_Hetero_Phased_Rep2","Read_494",0.0219592538391599,"Haplotype_A_Unmeth"
"NGS_H19_Hetero_Phased_Rep2","Read_495",0.0175751827446787,"Haplotype_A_Unmeth"
"NGS_H19_Hetero_Phased_Rep2","Read_496",0.0164984304651521,"Haplotype_A_Unmeth"
"NGS_H19_Hetero_Phased_Rep2","Read_497",0.979984769754127,"Haplotype_B_Meth"
"NGS_H19_Hetero_Phased_Rep2","Read_498",0.0209577268796359,"Haplotype_A_Unmeth"
"NGS_H19_Hetero_Phased_Rep2","Read_499",0.985428421329832,"Haplotype_B_Meth"
"NGS_H19_Hetero_Phased_Rep2","Read_500",0.0229531974478415,"Haplotype_A_Unmeth"
"NGS_H19_Hetero_Phased_Rep2","Read_501",0.980034836554013,"Haplotype_B_Meth"
"NGS_H19_Hetero_Phased_Rep2","Read_502",0.022023502567787,"Haplotype_A_Unmeth"
"NGS_H19_Hetero_Phased_Rep2","Read_503",0.97979999523657,"Haplotype_B_Meth"
"NGS_H19_Hetero_Phased_Rep2","Read_504",0.977558837761439,"Haplotype_B_Meth"
"NGS_H19_Hetero_Phased_Rep2","Read_505",0.982162863826461,"Haplotype_B_Meth"
"NGS_H19_Hetero_Phased_Rep2","Read_506",0.984664959014793,"Haplotype_B_Meth"
"NGS_H19_Hetero_Phased_Rep2","Read_507",0.0314374824156139,"Haplotype_A_Unmeth"
"NGS_H19_Hetero_Phased_Rep2","Read_508",0.978203952923793,"Haplotype_B_Meth"
"NGS_H19_Hetero_Phased_Rep2","Read_509",0.0187118771151664,"Haplotype_A_Unmeth"
"NGS_H19_Hetero_Phased_Rep2","Read_510",0.0137919196920428,"Haplotype_A_Unmeth"
"NGS_H19_Hetero_Phased_Rep2","Read_511",0.976989791995472,"Haplotype_B_Meth"
"NGS_H19_Hetero_Phased_Rep2","Read_512",0.0173832201123749,"Haplotype_A_Unmeth"
"NGS_H19_Hetero_Phased_Rep2","Read_513",0.982200219947163,"Haplotype_B_Meth"
"NGS_H19_Hetero_Phased_Rep2","Read_514",0.977530344912887,"Haplotype_B_Meth"
"NGS_H19_Hetero_Phased_Rep2","Read_515",0.982171682777798,"Haplotype_B_Meth"
"NGS_H19_Hetero_Phased_Rep2","Read_516",0.977383516617572,"Haplotype_B_Meth"
"NGS_H19_Hetero_Phased_Rep2","Read_517",0.0232432082777219,"Haplotype_A_Unmeth"
"NGS_H19_Hetero_Phased_Rep2","Read_518",0.0144179032324582,"Haplotype_A_Unmeth"
"NGS_H19_Hetero_Phased_Rep2","Read_519",0.982580659897574,"Haplotype_B_Meth"
"NGS_H19_Hetero_Phased_Rep2","Read_520",0.981008888361351,"Haplotype_B_Meth"
"NGS_H19_Hetero_Phased_Rep2","Read_521",0.0176594423526342,"Haplotype_A_Unmeth"
"NGS_H19_Hetero_Phased_Rep2","Read_522",0.0214670839004721,"Haplotype_A_Unmeth"
"NGS_H19_Hetero_Phased_Rep2","Read_523",0.0192703031611325,"Haplotype_A_Unmeth"
"NGS_H19_Hetero_Phased_Rep2","Read_524",0.0271329702404793,"Haplotype_A_Unmeth"
"NGS_H19_Hetero_Phased_Rep2","Read_525",0.977320377186419,"Haplotype_B_Meth"
"NGS_H19_Hetero_Phased_Rep2","Read_526",0.972300017073419,"Haplotype_B_Meth"
"NGS_H19_Hetero_Phased_Rep2","Read_527",0.983665270786195,"Haplotype_B_Meth"
"NGS_H19_Hetero_Phased_Rep2","Read_528",0.0143321389078339,"Haplotype_A_Unmeth"
"NGS_H19_Hetero_Phased_Rep2","Read_529",0.0115654944634617,"Haplotype_A_Unmeth"
"NGS_H19_Hetero_Phased_Rep2","Read_530",0.0242712318108448,"Haplotype_A_Unmeth"
"NGS_H19_Hetero_Phased_Rep2","Read_531",0.981913906210053,"Haplotype_B_Meth"
"NGS_H19_Hetero_Phased_Rep2","Read_532",0.982380208555978,"Haplotype_B_Meth"
"NGS_H19_Hetero_Phased_Rep2","Read_533",0.983405649260709,"Haplotype_B_Meth"
"NGS_H19_Hetero_Phased_Rep2","Read_534",0.0123114441386438,"Haplotype_A_Unmeth"
"NGS_H19_Hetero_Phased_Rep2","Read_535",0.0237858425205327,"Haplotype_A_Unmeth"
"NGS_H19_Hetero_Phased_Rep2","Read_536",0.0235026562482714,"Haplotype_A_Unmeth"
"NGS_H19_Hetero_Phased_Rep2","Read_537",0.98629729496182,"Haplotype_B_Meth"
"NGS_H19_Hetero_Phased_Rep2","Read_538",0.982308654795972,"Haplotype_B_Meth"
"NGS_H19_Hetero_Phased_Rep2","Read_539",0.968588669874112,"Haplotype_B_Meth"
"NGS_H19_Hetero_Phased_Rep2","Read_540",0.022847128974633,"Haplotype_A_Unmeth"
"NGS_H19_Hetero_Phased_Rep2","Read_541",0.0229773549664626,"Haplotype_A_Unmeth"
"NGS_H19_Hetero_Phased_Rep2","Read_542",0.973059551322976,"Haplotype_B_Meth"
"NGS_H19_Hetero_Phased_Rep2","Read_543",0.0268012949907719,"Haplotype_A_Unmeth"
"NGS_H19_Hetero_Phased_Rep2","Read_544",0.984117242172067,"Haplotype_B_Meth"
"NGS_H19_Hetero_Phased_Rep2","Read_545",0.0117817104150619,"Haplotype_A_Unmeth"
"NGS_H19_Hetero_Phased_Rep2","Read_546",0.985202544314688,"Haplotype_B_Meth"
"NGS_H19_Hetero_Phased_Rep2","Read_547",0.0128104390165435,"Haplotype_A_Unmeth"
"NGS_H19_Hetero_Phased_Rep2","Read_548",0.974836680621953,"Haplotype_B_Meth"
"NGS_H19_Hetero_Phased_Rep2","Read_549",0.0166949100810941,"Haplotype_A_Unmeth"
"NGS_H19_Hetero_Phased_Rep2","Read_550",0.0239271106284807,"Haplotype_A_Unmeth"
"NGS_H19_Hetero_Phased_Rep2","Read_551",0.0178611377367868,"Haplotype_A_Unmeth"
"NGS_H19_Hetero_Phased_Rep2","Read_552",0.964986527760465,"Haplotype_B_Meth"
"NGS_H19_Hetero_Phased_Rep2","Read_553",0.0173700581061566,"Haplotype_A_Unmeth"
"NGS_H19_Hetero_Phased_Rep2","Read_554",0.979891182580079,"Haplotype_B_Meth"
"NGS_H19_Hetero_Phased_Rep2","Read_555",0.987186432606357,"Haplotype_B_Meth"
"NGS_H19_Hetero_Phased_Rep2","Read_556",0.0134978916423914,"Haplotype_A_Unmeth"
"NGS_H19_Hetero_Phased_Rep2","Read_557",0.976741021941248,"Haplotype_B_Meth"
"NGS_H19_Hetero_Phased_Rep2","Read_558",0.0163751277514553,"Haplotype_A_Unmeth"
"NGS_H19_Hetero_Phased_Rep2","Read_559",0.0192478476948983,"Haplotype_A_Unmeth"
"NGS_H19_Hetero_Phased_Rep2","Read_560",0.985711531953123,"Haplotype_B_Meth"
"NGS_H19_Hetero_Phased_Rep2","Read_561",0.982721419300516,"Haplotype_B_Meth"
"NGS_H19_Hetero_Phased_Rep2","Read_562",0.0171330690129678,"Haplotype_A_Unmeth"
"NGS_H19_Hetero_Phased_Rep2","Read_563",0.980211856940528,"Haplotype_B_Meth"
"NGS_H19_Hetero_Phased_Rep2","Read_564",0.986112100949288,"Haplotype_B_Meth"
"NGS_H19_Hetero_Phased_Rep2","Read_565",0.982654856713476,"Haplotype_B_Meth"
"NGS_H19_Hetero_Phased_Rep2","Read_566",0.967393432951958,"Haplotype_B_Meth"
"NGS_H19_Hetero_Phased_Rep2","Read_567",0.0222702555492774,"Haplotype_A_Unmeth"
"NGS_H19_Hetero_Phased_Rep2","Read_568",0.0205929626960503,"Haplotype_A_Unmeth"
"NGS_H19_Hetero_Phased_Rep2","Read_569",0.0247354837087738,"Haplotype_A_Unmeth"
"NGS_H19_Hetero_Phased_Rep2","Read_570",0.98740918101312,"Haplotype_B_Meth"
"NGS_H19_Hetero_Phased_Rep2","Read_571",0.0170162263151447,"Haplotype_A_Unmeth"
"NGS_H19_Hetero_Phased_Rep2","Read_572",0.98320846533141,"Haplotype_B_Meth"
"NGS_H19_Hetero_Phased_Rep2","Read_573",0.0198123940356685,"Haplotype_A_Unmeth"
"NGS_H19_Hetero_Phased_Rep2","Read_574",0.0134149522316699,"Haplotype_A_Unmeth"
"NGS_H19_Hetero_Phased_Rep2","Read_575",0.978975102337913,"Haplotype_B_Meth"
"NGS_H19_Hetero_Phased_Rep2","Read_576",0.975153194421233,"Haplotype_B_Meth"
"NGS_H19_Hetero_Phased_Rep2","Read_577",0.0213319718801089,"Haplotype_A_Unmeth"
"NGS_H19_Hetero_Phased_Rep2","Read_578",0.976233867437493,"Haplotype_B_Meth"
"NGS_H19_Hetero_Phased_Rep2","Read_579",0.979201908386021,"Haplotype_B_Meth"
"NGS_H19_Hetero_Phased_Rep2","Read_580",0.975950163174619,"Haplotype_B_Meth"
"NGS_H19_Hetero_Phased_Rep2","Read_581",0.988011725869591,"Haplotype_B_Meth"
"NGS_H19_Hetero_Phased_Rep2","Read_582",0.983145580350252,"Haplotype_B_Meth"
"NGS_H19_Hetero_Phased_Rep2","Read_583",0.988402649447043,"Haplotype_B_Meth"
"NGS_H19_Hetero_Phased_Rep2","Read_584",0.986217291173446,"Haplotype_B_Meth"
"NGS_H19_Hetero_Phased_Rep2","Read_585",0.0204220293890094,"Haplotype_A_Unmeth"
"NGS_H19_Hetero_Phased_Rep2","Read_586",0.0167671936794663,"Haplotype_A_Unmeth"
"NGS_H19_Hetero_Phased_Rep2","Read_587",0.013558926373252,"Haplotype_A_Unmeth"
"NGS_H19_Hetero_Phased_Rep2","Read_588",0.978551581567657,"Haplotype_B_Meth"
"NGS_H19_Hetero_Phased_Rep2","Read_589",0.982343303336196,"Haplotype_B_Meth"
"NGS_H19_Hetero_Phased_Rep2","Read_590",0.0238214388810272,"Haplotype_A_Unmeth"
"NGS_H19_Hetero_Phased_Rep2","Read_591",0.982996960478465,"Haplotype_B_Meth"
"NGS_H19_Hetero_Phased_Rep2","Read_592",0.980026934099681,"Haplotype_B_Meth"
"NGS_H19_Hetero_Phased_Rep2","Read_593",0.973803201862437,"Haplotype_B_Meth"
"NGS_H19_Hetero_Phased_Rep2","Read_594",0.975573317383963,"Haplotype_B_Meth"
"NGS_H19_Hetero_Phased_Rep2","Read_595",0.0234787198258642,"Haplotype_A_Unmeth"
"NGS_H19_Hetero_Phased_Rep2","Read_596",0.0258075164324365,"Haplotype_A_Unmeth"
"NGS_H19_Hetero_Phased_Rep2","Read_597",0.972481731648188,"Haplotype_B_Meth"
"NGS_H19_Hetero_Phased_Rep2","Read_598",0.0179519904254829,"Haplotype_A_Unmeth"
"NGS_H19_Hetero_Phased_Rep2","Read_599",0.0244430760660738,"Haplotype_A_Unmeth"
"NGS_H19_Hetero_Phased_Rep2","Read_600",0.0220854501916421,"Haplotype_A_Unmeth"
"NGS_H19_Hetero_Phased_Rep2","Read_601",0.024310934646175,"Haplotype_A_Unmeth"
"NGS_H19_Hetero_Phased_Rep2","Read_602",0.0164368911148748,"Haplotype_A_Unmeth"
"NGS_H19_Hetero_Phased_Rep2","Read_603",0.0188799215082178,"Haplotype_A_Unmeth"
"NGS_H19_Hetero_Phased_Rep2","Read_604",0.982694866131477,"Haplotype_B_Meth"
"NGS_H19_Hetero_Phased_Rep2","Read_605",0.984588730555682,"Haplotype_B_Meth"
"NGS_H19_Hetero_Phased_Rep2","Read_606",0.0203272891477222,"Haplotype_A_Unmeth"
"NGS_H19_Hetero_Phased_Rep2","Read_607",0.977212936814953,"Haplotype_B_Meth"
"NGS_H19_Hetero_Phased_Rep2","Read_608",0.976283961183132,"Haplotype_B_Meth"
"NGS_H19_Hetero_Phased_Rep2","Read_609",0.980330172909219,"Haplotype_B_Meth"
"NGS_H19_Hetero_Phased_Rep2","Read_610",0.0132386012410269,"Haplotype_A_Unmeth"
"NGS_H19_Hetero_Phased_Rep2","Read_611",0.018709794330125,"Haplotype_A_Unmeth"
"NGS_H19_Hetero_Phased_Rep2","Read_612",0.0229392110487535,"Haplotype_A_Unmeth"
"NGS_H19_Hetero_Phased_Rep2","Read_613",0.970539984449361,"Haplotype_B_Meth"
"NGS_H19_Hetero_Phased_Rep2","Read_614",0.9795127421398,"Haplotype_B_Meth"
"NGS_H19_Hetero_Phased_Rep2","Read_615",0.0121489523851632,"Haplotype_A_Unmeth"
"NGS_H19_Hetero_Phased_Rep2","Read_616",0.97966218667318,"Haplotype_B_Meth"
"NGS_H19_Hetero_Phased_Rep2","Read_617",0.982823540034538,"Haplotype_B_Meth"
"NGS_H19_Hetero_Phased_Rep2","Read_618",0.0213139952038946,"Haplotype_A_Unmeth"
"NGS_H19_Hetero_Phased_Rep2","Read_619",0.980094939739413,"Haplotype_B_Meth"
"NGS_H19_Hetero_Phased_Rep2","Read_620",0.975957017474757,"Haplotype_B_Meth"
"NGS_H19_Hetero_Phased_Rep2","Read_621",0.968920985354214,"Haplotype_B_Meth"
"NGS_H19_Hetero_Phased_Rep2","Read_622",0.0266176058781203,"Haplotype_A_Unmeth"
"NGS_H19_Hetero_Phased_Rep2","Read_623",0.0213679534924325,"Haplotype_A_Unmeth"
"NGS_H19_Hetero_Phased_Rep2","Read_624",0.0176147159242037,"Haplotype_A_Unmeth"
"NGS_H19_Hetero_Phased_Rep2","Read_625",0.0210075597971318,"Haplotype_A_Unmeth"
"NGS_H19_Hetero_Phased_Rep2","Read_626",0.0215147415295479,"Haplotype_A_Unmeth"
"NGS_H19_Hetero_Phased_Rep2","Read_627",0.0206356274802977,"Haplotype_A_Unmeth"
"NGS_H19_Hetero_Phased_Rep2","Read_628",0.0165284063759256,"Haplotype_A_Unmeth"
"NGS_H19_Hetero_Phased_Rep2","Read_629",0.0161456228842243,"Haplotype_A_Unmeth"
"NGS_H19_Hetero_Phased_Rep2","Read_630",0.980338191859361,"Haplotype_B_Meth"
"NGS_H19_Hetero_Phased_Rep2","Read_631",0.974961982270055,"Haplotype_B_Meth"
"NGS_H19_Hetero_Phased_Rep2","Read_632",0.984110245953234,"Haplotype_B_Meth"
"NGS_H19_Hetero_Phased_Rep2","Read_633",0.0288384780987848,"Haplotype_A_Unmeth"
"NGS_H19_Hetero_Phased_Rep2","Read_634",0.0263940879668196,"Haplotype_A_Unmeth"
"NGS_H19_Hetero_Phased_Rep2","Read_635",0.978949249891864,"Haplotype_B_Meth"
"NGS_H19_Hetero_Phased_Rep2","Read_636",0.981199832619636,"Haplotype_B_Meth"
"NGS_H19_Hetero_Phased_Rep2","Read_637",0.0208487049133558,"Haplotype_A_Unmeth"
"NGS_H19_Hetero_Phased_Rep2","Read_638",0.982703612980805,"Haplotype_B_Meth"
"NGS_H19_Hetero_Phased_Rep2","Read_639",0.0148827771262431,"Haplotype_A_Unmeth"
"NGS_H19_Hetero_Phased_Rep2","Read_640",0.0211451427428659,"Haplotype_A_Unmeth"
"NGS_H19_Hetero_Phased_Rep2","Read_641",0.0173190565853477,"Haplotype_A_Unmeth"
"NGS_H19_Hetero_Phased_Rep2","Read_642",0.0273076997320775,"Haplotype_A_Unmeth"
"NGS_H19_Hetero_Phased_Rep2","Read_643",0.980518999776626,"Haplotype_B_Meth"
"NGS_H19_Hetero_Phased_Rep2","Read_644",0.970400330872059,"Haplotype_B_Meth"
"NGS_H19_Hetero_Phased_Rep2","Read_645",0.017469734256089,"Haplotype_A_Unmeth"
"NGS_H19_Hetero_Phased_Rep2","Read_646",0.0175875810644186,"Haplotype_A_Unmeth"
"NGS_H19_Hetero_Phased_Rep2","Read_647",0.985990991219293,"Haplotype_B_Meth"
"NGS_H19_Hetero_Phased_Rep2","Read_648",0.0198511494881471,"Haplotype_A_Unmeth"
"NGS_H19_Hetero_Phased_Rep2","Read_649",0.986227576649018,"Haplotype_B_Meth"
"NGS_H19_Hetero_Phased_Rep2","Read_650",0.0147636368371889,"Haplotype_A_Unmeth"
"NGS_H19_Hetero_Phased_Rep2","Read_651",0.021467110580185,"Haplotype_A_Unmeth"
"NGS_H19_Hetero_Phased_Rep2","Read_652",0.0196741431111394,"Haplotype_A_Unmeth"
"NGS_H19_Hetero_Phased_Rep2","Read_653",0.975579907001648,"Haplotype_B_Meth"
"NGS_H19_Hetero_Phased_Rep2","Read_654",0.983712194996673,"Haplotype_B_Meth"
"NGS_H19_Hetero_Phased_Rep2","Read_655",0.978550821452901,"Haplotype_B_Meth"
"NGS_H19_Hetero_Phased_Rep2","Read_656",0.023934837394386,"Haplotype_A_Unmeth"
"NGS_H19_Hetero_Phased_Rep2","Read_657",0.97536429398367,"Haplotype_B_Meth"
"NGS_H19_Hetero_Phased_Rep2","Read_658",0.0118439852458573,"Haplotype_A_Unmeth"
"NGS_H19_Hetero_Phased_Rep2","Read_659",0.978748740518968,"Haplotype_B_Meth"
"NGS_H19_Hetero_Phased_Rep2","Read_660",0.982761070999917,"Haplotype_B_Meth"
"NGS_H19_Hetero_Phased_Rep2","Read_661",0.979946300205789,"Haplotype_B_Meth"
"NGS_H19_Hetero_Phased_Rep2","Read_662",0.97905035903959,"Haplotype_B_Meth"
"NGS_H19_Hetero_Phased_Rep2","Read_663",0.98159692285268,"Haplotype_B_Meth"
"NGS_H19_Hetero_Phased_Rep2","Read_664",0.0221078466013345,"Haplotype_A_Unmeth"
"NGS_H19_Hetero_Phased_Rep2","Read_665",0.980281447671095,"Haplotype_B_Meth"
"NGS_H19_Hetero_Phased_Rep2","Read_666",0.976603093887111,"Haplotype_B_Meth"
"NGS_H19_Hetero_Phased_Rep2","Read_667",0.0174196118694448,"Haplotype_A_Unmeth"
"NGS_H19_Hetero_Phased_Rep2","Read_668",0.977342438156601,"Haplotype_B_Meth"
"NGS_H19_Hetero_Phased_Rep2","Read_669",0.0151367358566303,"Haplotype_A_Unmeth"
"NGS_H19_Hetero_Phased_Rep2","Read_670",0.0178950766457179,"Haplotype_A_Unmeth"
"NGS_H19_Hetero_Phased_Rep2","Read_671",0.0203961308347364,"Haplotype_A_Unmeth"
"NGS_H19_Hetero_Phased_Rep2","Read_672",0.979758589295843,"Haplotype_B_Meth"
"NGS_H19_Hetero_Phased_Rep2","Read_673",0.974715092347375,"Haplotype_B_Meth"
"NGS_H19_Hetero_Phased_Rep2","Read_674",0.976671449784657,"Haplotype_B_Meth"
"NGS_H19_Hetero_Phased_Rep2","Read_675",0.0202360702361119,"Haplotype_A_Unmeth"
"NGS_H19_Hetero_Phased_Rep2","Read_676",0.982279445052689,"Haplotype_B_Meth"
"NGS_H19_Hetero_Phased_Rep2","Read_677",0.0166478214664888,"Haplotype_A_Unmeth"
"NGS_H19_Hetero_Phased_Rep2","Read_678",0.980787051323437,"Haplotype_B_Meth"
"NGS_H19_Hetero_Phased_Rep2","Read_679",0.986861793449872,"Haplotype_B_Meth"
"NGS_H19_Hetero_Phased_Rep2","Read_680",0.0196315861740234,"Haplotype_A_Unmeth"
"NGS_H19_Hetero_Phased_Rep2","Read_681",0.973558598982828,"Haplotype_B_Meth"
"NGS_H19_Hetero_Phased_Rep2","Read_682",0.0140502381106147,"Haplotype_A_Unmeth"
"NGS_H19_Hetero_Phased_Rep2","Read_683",0.0163713283002084,"Haplotype_A_Unmeth"
"NGS_H19_Hetero_Phased_Rep2","Read_684",0.979866348400926,"Haplotype_B_Meth"
"NGS_H19_Hetero_Phased_Rep2","Read_685",0.0128539563763749,"Haplotype_A_Unmeth"
"NGS_H19_Hetero_Phased_Rep2","Read_686",0.0338498268723843,"Haplotype_A_Unmeth"
"NGS_H19_Hetero_Phased_Rep2","Read_687",0.983094982874148,"Haplotype_B_Meth"
"NGS_H19_Hetero_Phased_Rep2","Read_688",0.976273494852986,"Haplotype_B_Meth"
"NGS_H19_Hetero_Phased_Rep2","Read_689",0.975325929257338,"Haplotype_B_Meth"
"NGS_H19_Hetero_Phased_Rep2","Read_690",0.0180964879140464,"Haplotype_A_Unmeth"
"NGS_H19_Hetero_Phased_Rep2","Read_691",0.978079906437352,"Haplotype_B_Meth"
"NGS_H19_Hetero_Phased_Rep2","Read_692",0.0292217639049819,"Haplotype_A_Unmeth"
"NGS_H19_Hetero_Phased_Rep2","Read_693",0.0202052626771788,"Haplotype_A_Unmeth"
"NGS_H19_Hetero_Phased_Rep2","Read_694",0.962462526164989,"Haplotype_B_Meth"
"NGS_H19_Hetero_Phased_Rep2","Read_695",0.0240838619852578,"Haplotype_A_Unmeth"
"NGS_H19_Hetero_Phased_Rep2","Read_696",0.978517561965784,"Haplotype_B_Meth"
"NGS_H19_Hetero_Phased_Rep2","Read_697",0.982564981090952,"Haplotype_B_Meth"
"NGS_H19_Hetero_Phased_Rep2","Read_698",0.0209958533526515,"Haplotype_A_Unmeth"
"NGS_H19_Hetero_Phased_Rep2","Read_699",0.0248211903772916,"Haplotype_A_Unmeth"
"NGS_H19_Hetero_Phased_Rep2","Read_700",0.989697031849332,"Haplotype_B_Meth"
"NGS_H19_Hetero_Phased_Rep2","Read_701",0.982686949934045,"Haplotype_B_Meth"
"NGS_H19_Hetero_Phased_Rep2","Read_702",0.976363295232971,"Haplotype_B_Meth"
"NGS_H19_Hetero_Phased_Rep2","Read_703",0.979630488729097,"Haplotype_B_Meth"
"NGS_H19_Hetero_Phased_Rep2","Read_704",0.98243565912793,"Haplotype_B_Meth"
"NGS_H19_Hetero_Phased_Rep2","Read_705",0.0140084008872234,"Haplotype_A_Unmeth"
"NGS_H19_Hetero_Phased_Rep2","Read_706",0.982033323147654,"Haplotype_B_Meth"
"NGS_H19_Hetero_Phased_Rep2","Read_707",0.977162590366149,"Haplotype_B_Meth"
"NGS_H19_Hetero_Phased_Rep2","Read_708",0.981209437329957,"Haplotype_B_Meth"
"NGS_H19_Hetero_Phased_Rep2","Read_709",0.971484358865489,"Haplotype_B_Meth"
"NGS_H19_Hetero_Phased_Rep2","Read_710",0.984471556680415,"Haplotype_B_Meth"
"NGS_H19_Hetero_Phased_Rep2","Read_711",0.0205521685031965,"Haplotype_A_Unmeth"
"NGS_H19_Hetero_Phased_Rep2","Read_712",0.0181775529886716,"Haplotype_A_Unmeth"
"NGS_H19_Hetero_Phased_Rep2","Read_713",0.0219469471708539,"Haplotype_A_Unmeth"
"NGS_H19_Hetero_Phased_Rep2","Read_714",0.984262893130221,"Haplotype_B_Meth"
"NGS_H19_Hetero_Phased_Rep2","Read_715",0.0193901777308013,"Haplotype_A_Unmeth"
"NGS_H19_Hetero_Phased_Rep2","Read_716",0.974862241975858,"Haplotype_B_Meth"
"NGS_H19_Hetero_Phased_Rep2","Read_717",0.0222457213499125,"Haplotype_A_Unmeth"
"NGS_H19_Hetero_Phased_Rep2","Read_718",0.984580367259519,"Haplotype_B_Meth"
"NGS_H19_Hetero_Phased_Rep2","Read_719",0.980802104116966,"Haplotype_B_Meth"
"NGS_H19_Hetero_Phased_Rep2","Read_720",0.969597344098821,"Haplotype_B_Meth"
"NGS_H19_Hetero_Phased_Rep2","Read_721",0.981501536146909,"Haplotype_B_Meth"
"NGS_H19_Hetero_Phased_Rep2","Read_722",0.0312828922097118,"Haplotype_A_Unmeth"
"NGS_H19_Hetero_Phased_Rep2","Read_723",0.985099962108849,"Haplotype_B_Meth"
"NGS_H19_Hetero_Phased_Rep2","Read_724",0.98112248571912,"Haplotype_B_Meth"
"NGS_H19_Hetero_Phased_Rep2","Read_725",0.980697801619032,"Haplotype_B_Meth"
"NGS_H19_Hetero_Phased_Rep2","Read_726",0.973482873728721,"Haplotype_B_Meth"
"NGS_H19_Hetero_Phased_Rep2","Read_727",0.0147912142530181,"Haplotype_A_Unmeth"
"NGS_H19_Hetero_Phased_Rep2","Read_728",0.982053385721019,"Haplotype_B_Meth"
"NGS_H19_Hetero_Phased_Rep2","Read_729",0.0237963158517458,"Haplotype_A_Unmeth"
"NGS_H19_Hetero_Phased_Rep2","Read_730",0.981133696613687,"Haplotype_B_Meth"
"NGS_H19_Hetero_Phased_Rep2","Read_731",0.967186562603181,"Haplotype_B_Meth"
"NGS_H19_Hetero_Phased_Rep2","Read_732",0.0154890776915952,"Haplotype_A_Unmeth"
"NGS_H19_Hetero_Phased_Rep2","Read_733",0.0145083159257856,"Haplotype_A_Unmeth"
"NGS_H19_Hetero_Phased_Rep2","Read_734",0.978467200919213,"Haplotype_B_Meth"
"NGS_H19_Hetero_Phased_Rep2","Read_735",0.0147538978656671,"Haplotype_A_Unmeth"
"NGS_H19_Hetero_Phased_Rep2","Read_736",0.018272726473994,"Haplotype_A_Unmeth"
"NGS_H19_Hetero_Phased_Rep2","Read_737",0.0260731234281233,"Haplotype_A_Unmeth"
"NGS_H19_Hetero_Phased_Rep2","Read_738",0.972924457183171,"Haplotype_B_Meth"
"NGS_H19_Hetero_Phased_Rep2","Read_739",0.0200160481590977,"Haplotype_A_Unmeth"
"NGS_H19_Hetero_Phased_Rep2","Read_740",0.027740612091148,"Haplotype_A_Unmeth"
"NGS_H19_Hetero_Phased_Rep2","Read_741",0.981615720777441,"Haplotype_B_Meth"
"NGS_H19_Hetero_Phased_Rep2","Read_742",0.981724110486253,"Haplotype_B_Meth"
"NGS_H19_Hetero_Phased_Rep2","Read_743",0.0188903386514708,"Haplotype_A_Unmeth"
"NGS_H19_Hetero_Phased_Rep2","Read_744",0.0145852742155201,"Haplotype_A_Unmeth"
"NGS_H19_Hetero_Phased_Rep2","Read_745",0.0240905918596754,"Haplotype_A_Unmeth"
"NGS_H19_Hetero_Phased_Rep2","Read_746",0.0199552512020268,"Haplotype_A_Unmeth"
"NGS_H19_Hetero_Phased_Rep2","Read_747",0.0131974105404264,"Haplotype_A_Unmeth"
"NGS_H19_Hetero_Phased_Rep2","Read_748",0.976283855292712,"Haplotype_B_Meth"
"NGS_H19_Hetero_Phased_Rep2","Read_749",0.0203943712439341,"Haplotype_A_Unmeth"
"NGS_H19_Hetero_Phased_Rep2","Read_750",0.97793498314635,"Haplotype_B_Meth"
"NGS_H19_Hetero_Phased_Rep2","Read_751",0.97861125697485,"Haplotype_B_Meth"
"NGS_H19_Hetero_Phased_Rep2","Read_752",0.0191740305420299,"Haplotype_A_Unmeth"
"NGS_H19_Hetero_Phased_Rep2","Read_753",0.988070622842853,"Haplotype_B_Meth"
"NGS_H19_Hetero_Phased_Rep2","Read_754",0.0223548803872155,"Haplotype_A_Unmeth"
"NGS_H19_Hetero_Phased_Rep2","Read_755",0.0321678339265727,"Haplotype_A_Unmeth"
"NGS_H19_Hetero_Phased_Rep2","Read_756",0.982963007763513,"Haplotype_B_Meth"
"NGS_H19_Hetero_Phased_Rep2","Read_757",0.981589846365112,"Haplotype_B_Meth"
"NGS_H19_Hetero_Phased_Rep2","Read_758",0.015946997498442,"Haplotype_A_Unmeth"
"NGS_H19_Hetero_Phased_Rep2","Read_759",0.0224404280023129,"Haplotype_A_Unmeth"
"NGS_H19_Hetero_Phased_Rep2","Read_760",0.0212963644673915,"Haplotype_A_Unmeth"
"NGS_H19_Hetero_Phased_Rep2","Read_761",0.0213629135559401,"Haplotype_A_Unmeth"
"NGS_H19_Hetero_Phased_Rep2","Read_762",0.981224997815174,"Haplotype_B_Meth"
"NGS_H19_Hetero_Phased_Rep2","Read_763",0.0138158442924576,"Haplotype_A_Unmeth"
"NGS_H19_Hetero_Phased_Rep2","Read_764",0.979001771360614,"Haplotype_B_Meth"
"NGS_H19_Hetero_Phased_Rep2","Read_765",0.982063128348452,"Haplotype_B_Meth"
"NGS_H19_Hetero_Phased_Rep2","Read_766",0.021456001153028,"Haplotype_A_Unmeth"
"NGS_H19_Hetero_Phased_Rep2","Read_767",0.0311202602126113,"Haplotype_A_Unmeth"
"NGS_H19_Hetero_Phased_Rep2","Read_768",0.0233049343769678,"Haplotype_A_Unmeth"
"NGS_H19_Hetero_Phased_Rep2","Read_769",0.975153089005961,"Haplotype_B_Meth"
"NGS_H19_Hetero_Phased_Rep2","Read_770",0.0222496676407271,"Haplotype_A_Unmeth"
"NGS_H19_Hetero_Phased_Rep2","Read_771",0.979771978015836,"Haplotype_B_Meth"
"NGS_H19_Hetero_Phased_Rep2","Read_772",0.0119702978972767,"Haplotype_A_Unmeth"
"NGS_H19_Hetero_Phased_Rep2","Read_773",0.0170412407793378,"Haplotype_A_Unmeth"
"NGS_H19_Hetero_Phased_Rep2","Read_774",0.975173223262006,"Haplotype_B_Meth"
"NGS_H19_Hetero_Phased_Rep2","Read_775",0.0138839113835694,"Haplotype_A_Unmeth"
"NGS_H19_Hetero_Phased_Rep2","Read_776",0.0192886506290632,"Haplotype_A_Unmeth"
"NGS_H19_Hetero_Phased_Rep2","Read_777",0.979225183785779,"Haplotype_B_Meth"
"NGS_H19_Hetero_Phased_Rep2","Read_778",0.0293803938654697,"Haplotype_A_Unmeth"
"NGS_H19_Hetero_Phased_Rep2","Read_779",0.975503291536619,"Haplotype_B_Meth"
"NGS_H19_Hetero_Phased_Rep2","Read_780",0.0156766856238696,"Haplotype_A_Unmeth"
"NGS_H19_Hetero_Phased_Rep2","Read_781",0.981160519321259,"Haplotype_B_Meth"
"NGS_H19_Hetero_Phased_Rep2","Read_782",0.980100130111489,"Haplotype_B_Meth"
"NGS_H19_Hetero_Phased_Rep2","Read_783",0.983559383441451,"Haplotype_B_Meth"
"NGS_H19_Hetero_Phased_Rep2","Read_784",0.977826795933002,"Haplotype_B_Meth"
"NGS_H19_Hetero_Phased_Rep2","Read_785",0.0205665371000071,"Haplotype_A_Unmeth"
"NGS_H19_Hetero_Phased_Rep2","Read_786",0.0158985287567433,"Haplotype_A_Unmeth"
"NGS_H19_Hetero_Phased_Rep2","Read_787",0.0161851634389548,"Haplotype_A_Unmeth"
"NGS_H19_Hetero_Phased_Rep2","Read_788",0.975327081090925,"Haplotype_B_Meth"
"NGS_H19_Hetero_Phased_Rep2","Read_789",0.0186854905078375,"Haplotype_A_Unmeth"
"NGS_H19_Hetero_Phased_Rep2","Read_790",0.0182259879533837,"Haplotype_A_Unmeth"
"NGS_H19_Hetero_Phased_Rep2","Read_791",0.979733000427047,"Haplotype_B_Meth"
"NGS_H19_Hetero_Phased_Rep2","Read_792",0.0140323111306566,"Haplotype_A_Unmeth"
"NGS_H19_Hetero_Phased_Rep2","Read_793",0.0180356018300226,"Haplotype_A_Unmeth"
"NGS_H19_Hetero_Phased_Rep2","Read_794",0.977156234888966,"Haplotype_B_Meth"
"NGS_H19_Hetero_Phased_Rep2","Read_795",0.978481167353727,"Haplotype_B_Meth"
"NGS_H19_Hetero_Phased_Rep2","Read_796",0.982330791763129,"Haplotype_B_Meth"
"NGS_H19_Hetero_Phased_Rep2","Read_797",0.0163383534739182,"Haplotype_A_Unmeth"
"NGS_H19_Hetero_Phased_Rep2","Read_798",0.972611008199632,"Haplotype_B_Meth"
"NGS_H19_Hetero_Phased_Rep2","Read_799",0.983355068540574,"Haplotype_B_Meth"
"NGS_H19_Hetero_Phased_Rep2","Read_800",0.0151586094800151,"Haplotype_A_Unmeth"
"NGS_H19_Hetero_Phased_Rep2","Read_801",0.0220327029836266,"Haplotype_A_Unmeth"
"NGS_H19_Hetero_Phased_Rep2","Read_802",0.975037576358095,"Haplotype_B_Meth"
"NGS_H19_Hetero_Phased_Rep2","Read_803",0.977085191196519,"Haplotype_B_Meth"
"NGS_H19_Hetero_Phased_Rep2","Read_804",0.0129758443560855,"Haplotype_A_Unmeth"
"NGS_H19_Hetero_Phased_Rep2","Read_805",0.0227476280713361,"Haplotype_A_Unmeth"
"NGS_H19_Hetero_Phased_Rep2","Read_806",0.969027963935669,"Haplotype_B_Meth"
"NGS_H19_Hetero_Phased_Rep2","Read_807",0.0162542689430793,"Haplotype_A_Unmeth"
"NGS_H19_Hetero_Phased_Rep2","Read_808",0.0191445284990263,"Haplotype_A_Unmeth"
"NGS_H19_Hetero_Phased_Rep2","Read_809",0.9875569760784,"Haplotype_B_Meth"
"NGS_H19_Hetero_Phased_Rep2","Read_810",0.0230137140088239,"Haplotype_A_Unmeth"
"NGS_H19_Hetero_Phased_Rep2","Read_811",0.0168806916191015,"Haplotype_A_Unmeth"
"NGS_H19_Hetero_Phased_Rep2","Read_812",0.0209601345129182,"Haplotype_A_Unmeth"
"NGS_H19_Hetero_Phased_Rep2","Read_813",0.985380347357689,"Haplotype_B_Meth"
"NGS_H19_Hetero_Phased_Rep2","Read_814",0.986943552291446,"Haplotype_B_Meth"
"NGS_H19_Hetero_Phased_Rep2","Read_815",0.975260230816852,"Haplotype_B_Meth"
"NGS_H19_Hetero_Phased_Rep2","Read_816",0.0252895621088282,"Haplotype_A_Unmeth"
"NGS_H19_Hetero_Phased_Rep2","Read_817",0.980955478292431,"Haplotype_B_Meth"
"NGS_H19_Hetero_Phased_Rep2","Read_818",0.0248213846202634,"Haplotype_A_Unmeth"
"NGS_H19_Hetero_Phased_Rep2","Read_819",0.0161824100627896,"Haplotype_A_Unmeth"
"NGS_H19_Hetero_Phased_Rep2","Read_820",0.0235741475431545,"Haplotype_A_Unmeth"
"NGS_H19_Hetero_Phased_Rep2","Read_821",0.0294266789793834,"Haplotype_A_Unmeth"
"NGS_H19_Hetero_Phased_Rep2","Read_822",0.976532401664101,"Haplotype_B_Meth"
"NGS_H19_Hetero_Phased_Rep2","Read_823",0.0272764827800963,"Haplotype_A_Unmeth"
"NGS_H19_Hetero_Phased_Rep2","Read_824",0.975594859882602,"Haplotype_B_Meth"
"NGS_H19_Hetero_Phased_Rep2","Read_825",0.0161334005925107,"Haplotype_A_Unmeth"
"NGS_H19_Hetero_Phased_Rep2","Read_826",0.979612097147907,"Haplotype_B_Meth"
"NGS_H19_Hetero_Phased_Rep2","Read_827",0.977270852507814,"Haplotype_B_Meth"
"NGS_H19_Hetero_Phased_Rep2","Read_828",0.982854672537938,"Haplotype_B_Meth"
"NGS_H19_Hetero_Phased_Rep2","Read_829",0.968576492432502,"Haplotype_B_Meth"
"NGS_H19_Hetero_Phased_Rep2","Read_830",0.979936492690745,"Haplotype_B_Meth"
"NGS_H19_Hetero_Phased_Rep2","Read_831",0.0166168029723486,"Haplotype_A_Unmeth"
"NGS_H19_Hetero_Phased_Rep2","Read_832",0.98289820883417,"Haplotype_B_Meth"
"NGS_H19_Hetero_Phased_Rep2","Read_833",0.970485266795383,"Haplotype_B_Meth"
"NGS_H19_Hetero_Phased_Rep2","Read_834",0.0117924433483798,"Haplotype_A_Unmeth"
"NGS_H19_Hetero_Phased_Rep2","Read_835",0.987380062204481,"Haplotype_B_Meth"
"NGS_H19_Hetero_Phased_Rep2","Read_836",0.975893790913331,"Haplotype_B_Meth"
"NGS_H19_Hetero_Phased_Rep2","Read_837",0.022478442854848,"Haplotype_A_Unmeth"
"NGS_H19_Hetero_Phased_Rep2","Read_838",0.0218560519155558,"Haplotype_A_Unmeth"
"NGS_H19_Hetero_Phased_Rep2","Read_839",0.982754425149388,"Haplotype_B_Meth"
"NGS_H19_Hetero_Phased_Rep2","Read_840",0.981677704599741,"Haplotype_B_Meth"
"NGS_H19_Hetero_Phased_Rep2","Read_841",0.0112556258398355,"Haplotype_A_Unmeth"
"NGS_H19_Hetero_Phased_Rep2","Read_842",0.0254146011346939,"Haplotype_A_Unmeth"
"NGS_H19_Hetero_Phased_Rep2","Read_843",0.0196833294512995,"Haplotype_A_Unmeth"
"NGS_H19_Hetero_Phased_Rep2","Read_844",0.981061638579937,"Haplotype_B_Meth"
"NGS_H19_Hetero_Phased_Rep2","Read_845",0.0203527128804099,"Haplotype_A_Unmeth"
"NGS_H19_Hetero_Phased_Rep2","Read_846",0.0152479056600081,"Haplotype_A_Unmeth"
"NGS_H19_Hetero_Phased_Rep2","Read_847",0.0180188309565049,"Haplotype_A_Unmeth"
"NGS_H19_Hetero_Phased_Rep2","Read_848",0.021894401378036,"Haplotype_A_Unmeth"
"NGS_H19_Hetero_Phased_Rep2","Read_849",0.0178891811574337,"Haplotype_A_Unmeth"
"NGS_H19_Hetero_Phased_Rep2","Read_850",0.0240757262902935,"Haplotype_A_Unmeth"
"NGS_H19_Hetero_Phased_Rep2","Read_851",0.971995554687623,"Haplotype_B_Meth"
"NGS_H19_Hetero_Phased_Rep2","Read_852",0.0316593569105227,"Haplotype_A_Unmeth"
"NGS_H19_Hetero_Phased_Rep2","Read_853",0.985273698757053,"Haplotype_B_Meth"
"NGS_H19_Hetero_Phased_Rep2","Read_854",0.971274499799063,"Haplotype_B_Meth"
"NGS_H19_Hetero_Phased_Rep2","Read_855",0.981630707635282,"Haplotype_B_Meth"
"NGS_H19_Hetero_Phased_Rep2","Read_856",0.0119124399302278,"Haplotype_A_Unmeth"
"NGS_H19_Hetero_Phased_Rep2","Read_857",0.0185715788838214,"Haplotype_A_Unmeth"
"NGS_H19_Hetero_Phased_Rep2","Read_858",0.0216247785364253,"Haplotype_A_Unmeth"
"NGS_H19_Hetero_Phased_Rep2","Read_859",0.975619717059119,"Haplotype_B_Meth"
"NGS_H19_Hetero_Phased_Rep2","Read_860",0.983521553696387,"Haplotype_B_Meth"
"NGS_H19_Hetero_Phased_Rep2","Read_861",0.978367709726737,"Haplotype_B_Meth"
"NGS_H19_Hetero_Phased_Rep2","Read_862",0.9720738508837,"Haplotype_B_Meth"
"NGS_H19_Hetero_Phased_Rep2","Read_863",0.0191670643694786,"Haplotype_A_Unmeth"
"NGS_H19_Hetero_Phased_Rep2","Read_864",0.983815415715636,"Haplotype_B_Meth"
"NGS_H19_Hetero_Phased_Rep2","Read_865",0.0269701256281071,"Haplotype_A_Unmeth"
"NGS_H19_Hetero_Phased_Rep2","Read_866",0.0247261544343519,"Haplotype_A_Unmeth"
"NGS_H19_Hetero_Phased_Rep2","Read_867",0.0254695674371802,"Haplotype_A_Unmeth"
"NGS_H19_Hetero_Phased_Rep2","Read_868",0.980606336868092,"Haplotype_B_Meth"
"NGS_H19_Hetero_Phased_Rep2","Read_869",0.0277847409202889,"Haplotype_A_Unmeth"
"NGS_H19_Hetero_Phased_Rep2","Read_870",0.0113058867237804,"Haplotype_A_Unmeth"
"NGS_H19_Hetero_Phased_Rep2","Read_871",0.981004955527649,"Haplotype_B_Meth"
"NGS_H19_Hetero_Phased_Rep2","Read_872",0.0205501217296592,"Haplotype_A_Unmeth"
"NGS_H19_Hetero_Phased_Rep2","Read_873",0.978889269611016,"Haplotype_B_Meth"
"NGS_H19_Hetero_Phased_Rep2","Read_874",0.0119515874949787,"Haplotype_A_Unmeth"
"NGS_H19_Hetero_Phased_Rep2","Read_875",0.984933372689312,"Haplotype_B_Meth"
"NGS_H19_Hetero_Phased_Rep2","Read_876",0.978796779821534,"Haplotype_B_Meth"
"NGS_H19_Hetero_Phased_Rep2","Read_877",0.0274652584808414,"Haplotype_A_Unmeth"
"NGS_H19_Hetero_Phased_Rep2","Read_878",0.972165463246753,"Haplotype_B_Meth"
"NGS_H19_Hetero_Phased_Rep2","Read_879",0.983248937522541,"Haplotype_B_Meth"
"NGS_H19_Hetero_Phased_Rep2","Read_880",0.0234585706900248,"Haplotype_A_Unmeth"
"NGS_H19_Hetero_Phased_Rep2","Read_881",0.0327887425198097,"Haplotype_A_Unmeth"
"NGS_H19_Hetero_Phased_Rep2","Read_882",0.0154921384326625,"Haplotype_A_Unmeth"
"NGS_H19_Hetero_Phased_Rep2","Read_883",0.017830270197572,"Haplotype_A_Unmeth"
"NGS_H19_Hetero_Phased_Rep2","Read_884",0.020964738159992,"Haplotype_A_Unmeth"
"NGS_H19_Hetero_Phased_Rep2","Read_885",0.987278604872955,"Haplotype_B_Meth"
"NGS_H19_Hetero_Phased_Rep2","Read_886",0.0180213706319768,"Haplotype_A_Unmeth"
"NGS_H19_Hetero_Phased_Rep2","Read_887",0.982438250696916,"Haplotype_B_Meth"
"NGS_H19_Hetero_Phased_Rep2","Read_888",0.0138931408706385,"Haplotype_A_Unmeth"
"NGS_H19_Hetero_Phased_Rep2","Read_889",0.976365190980112,"Haplotype_B_Meth"
"NGS_H19_Hetero_Phased_Rep2","Read_890",0.976436067727045,"Haplotype_B_Meth"
"NGS_H19_Hetero_Phased_Rep2","Read_891",0.984101612304404,"Haplotype_B_Meth"
"NGS_H19_Hetero_Phased_Rep2","Read_892",0.0324477123450181,"Haplotype_A_Unmeth"
"NGS_H19_Hetero_Phased_Rep2","Read_893",0.971102552457365,"Haplotype_B_Meth"
"NGS_H19_Hetero_Phased_Rep2","Read_894",0.0113810448177454,"Haplotype_A_Unmeth"
"NGS_H19_Hetero_Phased_Rep2","Read_895",0.979475095931254,"Haplotype_B_Meth"
"NGS_H19_Hetero_Phased_Rep2","Read_896",0.0286028674331863,"Haplotype_A_Unmeth"
"NGS_H19_Hetero_Phased_Rep2","Read_897",0.0147927039435522,"Haplotype_A_Unmeth"
"NGS_H19_Hetero_Phased_Rep2","Read_898",0.0184186618921259,"Haplotype_A_Unmeth"
"NGS_H19_Hetero_Phased_Rep2","Read_899",0.980140325638487,"Haplotype_B_Meth"
"NGS_H19_Hetero_Phased_Rep2","Read_900",0.97993917938874,"Haplotype_B_Meth"
"NGS_H19_Hetero_Phased_Rep2","Read_901",0.978391207708326,"Haplotype_B_Meth"
"NGS_H19_Hetero_Phased_Rep2","Read_902",0.978825722247693,"Haplotype_B_Meth"
"NGS_H19_Hetero_Phased_Rep2","Read_903",0.980333377408878,"Haplotype_B_Meth"
"NGS_H19_Hetero_Phased_Rep2","Read_904",0.982860647751818,"Haplotype_B_Meth"
"NGS_H19_Hetero_Phased_Rep2","Read_905",0.985487196905089,"Haplotype_B_Meth"
"NGS_H19_Hetero_Phased_Rep2","Read_906",0.0267337835725425,"Haplotype_A_Unmeth"
"NGS_H19_Hetero_Phased_Rep2","Read_907",0.979583900650979,"Haplotype_B_Meth"
"NGS_H19_Hetero_Phased_Rep2","Read_908",0.0149822867857057,"Haplotype_A_Unmeth"
"NGS_H19_Hetero_Phased_Rep2","Read_909",0.981560445385524,"Haplotype_B_Meth"
"NGS_H19_Hetero_Phased_Rep2","Read_910",0.0232308923876909,"Haplotype_A_Unmeth"
"NGS_H19_Hetero_Phased_Rep2","Read_911",0.975863438700547,"Haplotype_B_Meth"
"NGS_H19_Hetero_Phased_Rep2","Read_912",0.977515234589073,"Haplotype_B_Meth"
"NGS_H19_Hetero_Phased_Rep2","Read_913",0.0201101981328033,"Haplotype_A_Unmeth"
"NGS_H19_Hetero_Phased_Rep2","Read_914",0.978516884007252,"Haplotype_B_Meth"
"NGS_H19_Hetero_Phased_Rep2","Read_915",0.983484841105776,"Haplotype_B_Meth"
"NGS_H19_Hetero_Phased_Rep2","Read_916",0.97436813671563,"Haplotype_B_Meth"
"NGS_H19_Hetero_Phased_Rep2","Read_917",0.988406853200575,"Haplotype_B_Meth"
"NGS_H19_Hetero_Phased_Rep2","Read_918",0.983236933214243,"Haplotype_B_Meth"
"NGS_H19_Hetero_Phased_Rep2","Read_919",0.98556248693154,"Haplotype_B_Meth"
"NGS_H19_Hetero_Phased_Rep2","Read_920",0.982240156076626,"Haplotype_B_Meth"
"NGS_H19_Hetero_Phased_Rep2","Read_921",0.0156240767074269,"Haplotype_A_Unmeth"
"NGS_H19_Hetero_Phased_Rep2","Read_922",0.97479341890092,"Haplotype_B_Meth"
"NGS_H19_Hetero_Phased_Rep2","Read_923",0.0168242857663696,"Haplotype_A_Unmeth"
"NGS_H19_Hetero_Phased_Rep2","Read_924",0.0118331080207419,"Haplotype_A_Unmeth"
"NGS_H19_Hetero_Phased_Rep2","Read_925",0.0182956532908276,"Haplotype_A_Unmeth"
"NGS_H19_Hetero_Phased_Rep2","Read_926",0.0155381873435906,"Haplotype_A_Unmeth"
"NGS_H19_Hetero_Phased_Rep2","Read_927",0.0151135226204655,"Haplotype_A_Unmeth"
"NGS_H19_Hetero_Phased_Rep2","Read_928",0.0109668179002675,"Haplotype_A_Unmeth"
"NGS_H19_Hetero_Phased_Rep2","Read_929",0.0220671402827099,"Haplotype_A_Unmeth"
"NGS_H19_Hetero_Phased_Rep2","Read_930",0.971517618830521,"Haplotype_B_Meth"
"NGS_H19_Hetero_Phased_Rep2","Read_931",0.0202648715436912,"Haplotype_A_Unmeth"
"NGS_H19_Hetero_Phased_Rep2","Read_932",0.979315272899481,"Haplotype_B_Meth"
"NGS_H19_Hetero_Phased_Rep2","Read_933",0.01743241013319,"Haplotype_A_Unmeth"
"NGS_H19_Hetero_Phased_Rep2","Read_934",0.984431609056617,"Haplotype_B_Meth"
"NGS_H19_Hetero_Phased_Rep2","Read_935",0.976834982059554,"Haplotype_B_Meth"
"NGS_H19_Hetero_Phased_Rep2","Read_936",0.978412389852519,"Haplotype_B_Meth"
"NGS_H19_Hetero_Phased_Rep2","Read_937",0.981157111385077,"Haplotype_B_Meth"
"NGS_H19_Hetero_Phased_Rep2","Read_938",0.981506948957826,"Haplotype_B_Meth"
"NGS_H19_Hetero_Phased_Rep2","Read_939",0.0260692251171305,"Haplotype_A_Unmeth"
"NGS_H19_Hetero_Phased_Rep2","Read_940",0.976375325778921,"Haplotype_B_Meth"
"NGS_H19_Hetero_Phased_Rep2","Read_941",0.982210812966192,"Haplotype_B_Meth"
"NGS_H19_Hetero_Phased_Rep2","Read_942",0.0220032330500605,"Haplotype_A_Unmeth"
"NGS_H19_Hetero_Phased_Rep2","Read_943",0.0122689440068544,"Haplotype_A_Unmeth"
"NGS_H19_Hetero_Phased_Rep2","Read_944",0.982090513304028,"Haplotype_B_Meth"
"NGS_H19_Hetero_Phased_Rep2","Read_945",0.984739597137907,"Haplotype_B_Meth"
"NGS_H19_Hetero_Phased_Rep2","Read_946",0.983108776756595,"Haplotype_B_Meth"
"NGS_H19_Hetero_Phased_Rep2","Read_947",0.985090159162843,"Haplotype_B_Meth"
"NGS_H19_Hetero_Phased_Rep2","Read_948",0.97589117795764,"Haplotype_B_Meth"
"NGS_H19_Hetero_Phased_Rep2","Read_949",0.0189999253378191,"Haplotype_A_Unmeth"
"NGS_H19_Hetero_Phased_Rep2","Read_950",0.0171228600204568,"Haplotype_A_Unmeth"
"NGS_H19_Hetero_Phased_Rep2","Read_951",0.98341701446146,"Haplotype_B_Meth"
"NGS_H19_Hetero_Phased_Rep2","Read_952",0.982276271745937,"Haplotype_B_Meth"
"NGS_H19_Hetero_Phased_Rep2","Read_953",0.0116802242988219,"Haplotype_A_Unmeth"
"NGS_H19_Hetero_Phased_Rep2","Read_954",0.0224206711809316,"Haplotype_A_Unmeth"
"NGS_H19_Hetero_Phased_Rep2","Read_955",0.0224206078208087,"Haplotype_A_Unmeth"
"NGS_H19_Hetero_Phased_Rep2","Read_956",0.985568744396954,"Haplotype_B_Meth"
"NGS_H19_Hetero_Phased_Rep2","Read_957",0.0290680575282303,"Haplotype_A_Unmeth"
"NGS_H19_Hetero_Phased_Rep2","Read_958",0.975357639462466,"Haplotype_B_Meth"
"NGS_H19_Hetero_Phased_Rep2","Read_959",0.977896920282727,"Haplotype_B_Meth"
"NGS_H19_Hetero_Phased_Rep2","Read_960",0.0212983302677848,"Haplotype_A_Unmeth"
"NGS_H19_Hetero_Phased_Rep2","Read_961",0.0111565253176213,"Haplotype_A_Unmeth"
"NGS_H19_Hetero_Phased_Rep2","Read_962",0.975449299185841,"Haplotype_B_Meth"
"NGS_H19_Hetero_Phased_Rep2","Read_963",0.981369447364088,"Haplotype_B_Meth"
"NGS_H19_Hetero_Phased_Rep2","Read_964",0.982722203687849,"Haplotype_B_Meth"
"NGS_H19_Hetero_Phased_Rep2","Read_965",0.976018845945712,"Haplotype_B_Meth"
"NGS_H19_Hetero_Phased_Rep2","Read_966",0.0140325482229924,"Haplotype_A_Unmeth"
"NGS_H19_Hetero_Phased_Rep2","Read_967",0.0212832464612634,"Haplotype_A_Unmeth"
"NGS_H19_Hetero_Phased_Rep2","Read_968",0.976756392761106,"Haplotype_B_Meth"
"NGS_H19_Hetero_Phased_Rep2","Read_969",0.0295489048487141,"Haplotype_A_Unmeth"
"NGS_H19_Hetero_Phased_Rep2","Read_970",0.011573637933154,"Haplotype_A_Unmeth"
"NGS_H19_Hetero_Phased_Rep2","Read_971",0.987187409461313,"Haplotype_B_Meth"
"NGS_H19_Hetero_Phased_Rep2","Read_972",0.0158029765731803,"Haplotype_A_Unmeth"
"NGS_H19_Hetero_Phased_Rep2","Read_973",0.0241400823321894,"Haplotype_A_Unmeth"
"NGS_H19_Hetero_Phased_Rep2","Read_974",0.0229225209210968,"Haplotype_A_Unmeth"
"NGS_H19_Hetero_Phased_Rep2","Read_975",0.984349714844724,"Haplotype_B_Meth"
"NGS_H19_Hetero_Phased_Rep2","Read_976",0.0215812535724884,"Haplotype_A_Unmeth"
"NGS_H19_Hetero_Phased_Rep2","Read_977",0.986408054747902,"Haplotype_B_Meth"
"NGS_H19_Hetero_Phased_Rep2","Read_978",0.98011074463221,"Haplotype_B_Meth"
"NGS_H19_Hetero_Phased_Rep2","Read_979",0.977990315951143,"Haplotype_B_Meth"
"NGS_H19_Hetero_Phased_Rep2","Read_980",0.981875410506504,"Haplotype_B_Meth"
"NGS_H19_Hetero_Phased_Rep2","Read_981",0.0175447576985435,"Haplotype_A_Unmeth"
"NGS_H19_Hetero_Phased_Rep2","Read_982",0.972068377130788,"Haplotype_B_Meth"
"NGS_H19_Hetero_Phased_Rep2","Read_983",0.0151256427387096,"Haplotype_A_Unmeth"
"NGS_H19_Hetero_Phased_Rep2","Read_984",0.0155527252774906,"Haplotype_A_Unmeth"
"NGS_H19_Hetero_Phased_Rep2","Read_985",0.972455537649959,"Haplotype_B_Meth"
"NGS_H19_Hetero_Phased_Rep2","Read_986",0.0294389586372342,"Haplotype_A_Unmeth"
"NGS_H19_Hetero_Phased_Rep2","Read_987",0.0174285238434666,"Haplotype_A_Unmeth"
"NGS_H19_Hetero_Phased_Rep2","Read_988",0.016040737405671,"Haplotype_A_Unmeth"
"NGS_H19_Hetero_Phased_Rep2","Read_989",0.978690255639168,"Haplotype_B_Meth"
"NGS_H19_Hetero_Phased_Rep2","Read_990",0.0144953935332476,"Haplotype_A_Unmeth"
"NGS_H19_Hetero_Phased_Rep2","Read_991",0.0136739124477502,"Haplotype_A_Unmeth"
"NGS_H19_Hetero_Phased_Rep2","Read_992",0.963927574328591,"Haplotype_B_Meth"
"NGS_H19_Hetero_Phased_Rep2","Read_993",0.0183545523218536,"Haplotype_A_Unmeth"
"NGS_H19_Hetero_Phased_Rep2","Read_994",0.980419550039446,"Haplotype_B_Meth"
"NGS_H19_Hetero_Phased_Rep2","Read_995",0.983195675883351,"Haplotype_B_Meth"
"NGS_H19_Hetero_Phased_Rep2","Read_996",0.983604778163947,"Haplotype_B_Meth"
"NGS_H19_Hetero_Phased_Rep2","Read_997",0.0164531305498899,"Haplotype_A_Unmeth"
"NGS_H19_Hetero_Phased_Rep2","Read_998",0.982736419813157,"Haplotype_B_Meth"
"NGS_H19_Hetero_Phased_Rep2","Read_999",0.982215446342327,"Haplotype_B_Meth"
"NGS_H19_Hetero_Phased_Rep2","Read_1000",0.984330878102058,"Haplotype_B_Meth"
"NGS_H19_Hetero_Phased_Rep2","Read_1001",0.977002257099014,"Haplotype_B_Meth"
"NGS_H19_Hetero_Phased_Rep2","Read_1002",0.977930903731751,"Haplotype_B_Meth"
"NGS_H19_Hetero_Phased_Rep2","Read_1003",0.0174935443231293,"Haplotype_A_Unmeth"
"NGS_H19_Hetero_Phased_Rep2","Read_1004",0.0259138836439419,"Haplotype_A_Unmeth"
"NGS_H19_Hetero_Phased_Rep2","Read_1005",0.0177688676310106,"Haplotype_A_Unmeth"
"NGS_H19_Hetero_Phased_Rep2","Read_1006",0.0185783434755071,"Haplotype_A_Unmeth"
"NGS_H19_Hetero_Phased_Rep2","Read_1007",0.977062066992618,"Haplotype_B_Meth"
"NGS_H19_Hetero_Phased_Rep2","Read_1008",0.0180235804744803,"Haplotype_A_Unmeth"
"NGS_H19_Hetero_Phased_Rep2","Read_1009",0.0195510462505868,"Haplotype_A_Unmeth"
"NGS_H19_Hetero_Phased_Rep2","Read_1010",0.979263800046862,"Haplotype_B_Meth"
"NGS_H19_Hetero_Phased_Rep2","Read_1011",0.0266266799023778,"Haplotype_A_Unmeth"
"NGS_H19_Hetero_Phased_Rep2","Read_1012",0.0216436242860443,"Haplotype_A_Unmeth"
"NGS_H19_Hetero_Phased_Rep2","Read_1013",0.981850589758306,"Haplotype_B_Meth"
"NGS_H19_Hetero_Phased_Rep2","Read_1014",0.984594820840512,"Haplotype_B_Meth"
"NGS_H19_Hetero_Phased_Rep2","Read_1015",0.0291847815069024,"Haplotype_A_Unmeth"
"NGS_H19_Hetero_Phased_Rep2","Read_1016",0.981417225558854,"Haplotype_B_Meth"
"NGS_H19_Hetero_Phased_Rep2","Read_1017",0.0188243928042998,"Haplotype_A_Unmeth"
"NGS_H19_Hetero_Phased_Rep2","Read_1018",0.0254497554071417,"Haplotype_A_Unmeth"
"NGS_H19_Hetero_Phased_Rep2","Read_1019",0.0199458241097593,"Haplotype_A_Unmeth"
"NGS_H19_Hetero_Phased_Rep2","Read_1020",0.981492500848645,"Haplotype_B_Meth"
"NGS_H19_Hetero_Phased_Rep2","Read_1021",0.978548306322098,"Haplotype_B_Meth"
"NGS_H19_Hetero_Phased_Rep2","Read_1022",0.976516991232505,"Haplotype_B_Meth"
"NGS_H19_Hetero_Phased_Rep2","Read_1023",0.0183574966364796,"Haplotype_A_Unmeth"
"NGS_H19_Hetero_Phased_Rep2","Read_1024",0.0183097986806902,"Haplotype_A_Unmeth"
"NGS_H19_Hetero_Phased_Rep2","Read_1025",0.97561439844461,"Haplotype_B_Meth"
"NGS_H19_Hetero_Phased_Rep2","Read_1026",0.0226606136974618,"Haplotype_A_Unmeth"
"NGS_H19_Hetero_Phased_Rep2","Read_1027",0.980875087405285,"Haplotype_B_Meth"
"NGS_H19_Hetero_Phased_Rep2","Read_1028",0.981610776326054,"Haplotype_B_Meth"
"NGS_H19_Hetero_Phased_Rep2","Read_1029",0.0197113817787357,"Haplotype_A_Unmeth"
"NGS_H19_Hetero_Phased_Rep2","Read_1030",0.0188752672225761,"Haplotype_A_Unmeth"
"NGS_H19_Hetero_Phased_Rep2","Read_1031",0.987160236334548,"Haplotype_B_Meth"
"NGS_H19_Hetero_Phased_Rep2","Read_1032",0.977102001201301,"Haplotype_B_Meth"
"NGS_H19_Hetero_Phased_Rep2","Read_1033",0.977486421360595,"Haplotype_B_Meth"
"NGS_H19_Hetero_Phased_Rep2","Read_1034",0.984687951256266,"Haplotype_B_Meth"
"NGS_H19_Hetero_Phased_Rep2","Read_1035",0.97698359687829,"Haplotype_B_Meth"
"NGS_H19_Hetero_Phased_Rep2","Read_1036",0.984208131132903,"Haplotype_B_Meth"
"NGS_H19_Hetero_Phased_Rep2","Read_1037",0.0133681686968659,"Haplotype_A_Unmeth"
"NGS_H19_Hetero_Phased_Rep2","Read_1038",0.98238258522027,"Haplotype_B_Meth"
"NGS_H19_Hetero_Phased_Rep2","Read_1039",0.0168285040375767,"Haplotype_A_Unmeth"
"NGS_H19_Hetero_Phased_Rep2","Read_1040",0.0171565428211266,"Haplotype_A_Unmeth"
"NGS_H19_Hetero_Phased_Rep2","Read_1041",0.976299536635174,"Haplotype_B_Meth"
"NGS_H19_Hetero_Phased_Rep2","Read_1042",0.0132365279388515,"Haplotype_A_Unmeth"
"NGS_H19_Hetero_Phased_Rep2","Read_1043",0.0182748535293474,"Haplotype_A_Unmeth"
"NGS_H19_Hetero_Phased_Rep2","Read_1044",0.0112009641401174,"Haplotype_A_Unmeth"
"NGS_H19_Hetero_Phased_Rep2","Read_1045",0.0221972855307355,"Haplotype_A_Unmeth"
"NGS_H19_Hetero_Phased_Rep2","Read_1046",0.984100524812403,"Haplotype_B_Meth"
"NGS_H19_Hetero_Phased_Rep2","Read_1047",0.0178082401758983,"Haplotype_A_Unmeth"
"NGS_H19_Hetero_Phased_Rep2","Read_1048",0.980623628160613,"Haplotype_B_Meth"
"NGS_H19_Hetero_Phased_Rep2","Read_1049",0.0166218652463845,"Haplotype_A_Unmeth"
"NGS_H19_Hetero_Phased_Rep2","Read_1050",0.0176817950895233,"Haplotype_A_Unmeth"
"NGS_H19_Hetero_Phased_Rep2","Read_1051",0.0182925663133673,"Haplotype_A_Unmeth"
"NGS_H19_Hetero_Phased_Rep2","Read_1052",0.0170360207244326,"Haplotype_A_Unmeth"
"NGS_H19_Hetero_Phased_Rep2","Read_1053",0.0150694992355626,"Haplotype_A_Unmeth"
"NGS_H19_Hetero_Phased_Rep2","Read_1054",0.98378419807476,"Haplotype_B_Meth"
"NGS_H19_Hetero_Phased_Rep2","Read_1055",0.979492707735171,"Haplotype_B_Meth"
"NGS_H19_Hetero_Phased_Rep2","Read_1056",0.020207470027481,"Haplotype_A_Unmeth"
"NGS_H19_Hetero_Phased_Rep2","Read_1057",0.972177404869947,"Haplotype_B_Meth"
"NGS_H19_Hetero_Phased_Rep2","Read_1058",0.0216704630253276,"Haplotype_A_Unmeth"
"NGS_H19_Hetero_Phased_Rep2","Read_1059",0.976001675281885,"Haplotype_B_Meth"
"NGS_H19_Hetero_Phased_Rep2","Read_1060",0.976428282860295,"Haplotype_B_Meth"
"NGS_H19_Hetero_Phased_Rep2","Read_1061",0.0124810114362647,"Haplotype_A_Unmeth"
"NGS_H19_Hetero_Phased_Rep2","Read_1062",0.982135066969189,"Haplotype_B_Meth"
"NGS_H19_Hetero_Phased_Rep2","Read_1063",0.981400910011506,"Haplotype_B_Meth"
"NGS_H19_Hetero_Phased_Rep2","Read_1064",0.981925765418008,"Haplotype_B_Meth"
"NGS_H19_Hetero_Phased_Rep2","Read_1065",0.0220238297430973,"Haplotype_A_Unmeth"
"NGS_H19_Hetero_Phased_Rep2","Read_1066",0.0207804132470567,"Haplotype_A_Unmeth"
"NGS_H19_Hetero_Phased_Rep2","Read_1067",0.0210972836326145,"Haplotype_A_Unmeth"
"NGS_H19_Hetero_Phased_Rep2","Read_1068",0.974705513898002,"Haplotype_B_Meth"
"NGS_H19_Hetero_Phased_Rep2","Read_1069",0.0165738195436033,"Haplotype_A_Unmeth"
"NGS_H19_Hetero_Phased_Rep2","Read_1070",0.021699150914337,"Haplotype_A_Unmeth"
"NGS_H19_Hetero_Phased_Rep2","Read_1071",0.0258964589507334,"Haplotype_A_Unmeth"
"NGS_H19_Hetero_Phased_Rep2","Read_1072",0.980308498300097,"Haplotype_B_Meth"
"NGS_H19_Hetero_Phased_Rep2","Read_1073",0.977918518200691,"Haplotype_B_Meth"
"NGS_H19_Hetero_Phased_Rep2","Read_1074",0.0213197208762238,"Haplotype_A_Unmeth"
"NGS_H19_Hetero_Phased_Rep2","Read_1075",0.0210411692130407,"Haplotype_A_Unmeth"
"NGS_H19_Hetero_Phased_Rep2","Read_1076",0.0282053377926157,"Haplotype_A_Unmeth"
"NGS_H19_Hetero_Phased_Rep2","Read_1077",0.0140943679841366,"Haplotype_A_Unmeth"
"NGS_H19_Hetero_Phased_Rep2","Read_1078",0.0142772724938589,"Haplotype_A_Unmeth"
"NGS_H19_Hetero_Phased_Rep2","Read_1079",0.973007851228492,"Haplotype_B_Meth"
"NGS_H19_Hetero_Phased_Rep2","Read_1080",0.0190633365638204,"Haplotype_A_Unmeth"
"NGS_H19_Hetero_Phased_Rep2","Read_1081",0.0306492830901096,"Haplotype_A_Unmeth"
"NGS_H19_Hetero_Phased_Rep2","Read_1082",0.0140364754236724,"Haplotype_A_Unmeth"
"NGS_H19_Hetero_Phased_Rep2","Read_1083",0.973019433410008,"Haplotype_B_Meth"
"NGS_H19_Hetero_Phased_Rep2","Read_1084",0.976099943440846,"Haplotype_B_Meth"
"NGS_H19_Hetero_Phased_Rep2","Read_1085",0.982875670790061,"Haplotype_B_Meth"
"NGS_H19_Hetero_Phased_Rep2","Read_1086",0.972124390991215,"Haplotype_B_Meth"
"NGS_H19_Hetero_Phased_Rep2","Read_1087",0.977243284106292,"Haplotype_B_Meth"
"NGS_H19_Hetero_Phased_Rep2","Read_1088",0.0262421262189654,"Haplotype_A_Unmeth"
"NGS_H19_Hetero_Phased_Rep2","Read_1089",0.0123425495422936,"Haplotype_A_Unmeth"
"NGS_H19_Hetero_Phased_Rep2","Read_1090",0.976786029686042,"Haplotype_B_Meth"
"NGS_H19_Hetero_Phased_Rep2","Read_1091",0.976714905868697,"Haplotype_B_Meth"
"NGS_H19_Hetero_Phased_Rep2","Read_1092",0.981432383543206,"Haplotype_B_Meth"
"NGS_H19_Hetero_Phased_Rep2","Read_1093",0.967654581910607,"Haplotype_B_Meth"
"NGS_H19_Hetero_Phased_Rep2","Read_1094",0.0165629094963953,"Haplotype_A_Unmeth"
"NGS_H19_Hetero_Phased_Rep2","Read_1095",0.981005415580322,"Haplotype_B_Meth"
"NGS_H19_Hetero_Phased_Rep2","Read_1096",0.0198338453869295,"Haplotype_A_Unmeth"
"NGS_H19_Hetero_Phased_Rep2","Read_1097",0.989076762538691,"Haplotype_B_Meth"
"NGS_H19_Hetero_Phased_Rep2","Read_1098",0.0192209477113232,"Haplotype_A_Unmeth"
"NGS_H19_Hetero_Phased_Rep2","Read_1099",0.025261469426851,"Haplotype_A_Unmeth"
"NGS_H19_Hetero_Phased_Rep2","Read_1100",0.0217264356858995,"Haplotype_A_Unmeth"
"NGS_H19_Hetero_Phased_Rep2","Read_1101",0.0144909340098258,"Haplotype_A_Unmeth"
"NGS_H19_Hetero_Phased_Rep2","Read_1102",0.0165171946119636,"Haplotype_A_Unmeth"
"NGS_H19_Hetero_Phased_Rep2","Read_1103",0.0174784072048247,"Haplotype_A_Unmeth"
"NGS_H19_Hetero_Phased_Rep2","Read_1104",0.0167166409971341,"Haplotype_A_Unmeth"
"NGS_H19_Hetero_Phased_Rep2","Read_1105",0.0128964554195622,"Haplotype_A_Unmeth"
"NGS_H19_Hetero_Phased_Rep2","Read_1106",0.0253523816472623,"Haplotype_A_Unmeth"
"NGS_H19_Hetero_Phased_Rep2","Read_1107",0.0207275041319532,"Haplotype_A_Unmeth"
"NGS_H19_Hetero_Phased_Rep2","Read_1108",0.974848034312961,"Haplotype_B_Meth"
"NGS_H19_Hetero_Phased_Rep2","Read_1109",0.978133809386486,"Haplotype_B_Meth"
"NGS_H19_Hetero_Phased_Rep2","Read_1110",0.982768223769294,"Haplotype_B_Meth"
"NGS_H19_Hetero_Phased_Rep2","Read_1111",0.020107846699207,"Haplotype_A_Unmeth"
"NGS_H19_Hetero_Phased_Rep2","Read_1112",0.0222972409392443,"Haplotype_A_Unmeth"
"NGS_H19_Hetero_Phased_Rep2","Read_1113",0.977612929273437,"Haplotype_B_Meth"
"NGS_H19_Hetero_Phased_Rep2","Read_1114",0.0130082918739772,"Haplotype_A_Unmeth"
"NGS_H19_Hetero_Phased_Rep2","Read_1115",0.0255172357403383,"Haplotype_A_Unmeth"
"NGS_H19_Hetero_Phased_Rep2","Read_1116",0.0181176497421037,"Haplotype_A_Unmeth"
"NGS_H19_Hetero_Phased_Rep2","Read_1117",0.0183457106730885,"Haplotype_A_Unmeth"
"NGS_H19_Hetero_Phased_Rep2","Read_1118",0.981604159698432,"Haplotype_B_Meth"
"NGS_H19_Hetero_Phased_Rep2","Read_1119",0.982100933785771,"Haplotype_B_Meth"
"NGS_H19_Hetero_Phased_Rep2","Read_1120",0.0248358723771248,"Haplotype_A_Unmeth"
"NGS_H19_Hetero_Phased_Rep2","Read_1121",0.0257825182885755,"Haplotype_A_Unmeth"
"NGS_H19_Hetero_Phased_Rep2","Read_1122",0.978343310759176,"Haplotype_B_Meth"
"NGS_H19_Hetero_Phased_Rep2","Read_1123",0.978767724724266,"Haplotype_B_Meth"
"NGS_H19_Hetero_Phased_Rep2","Read_1124",0.985126999143338,"Haplotype_B_Meth"
"NGS_H19_Hetero_Phased_Rep2","Read_1125",0.981371129514273,"Haplotype_B_Meth"
"NGS_H19_Hetero_Phased_Rep2","Read_1126",0.982459912260232,"Haplotype_B_Meth"
"NGS_H19_Hetero_Phased_Rep2","Read_1127",0.974962891941607,"Haplotype_B_Meth"
"NGS_H19_Hetero_Phased_Rep2","Read_1128",0.0217205977845906,"Haplotype_A_Unmeth"
"NGS_H19_Hetero_Phased_Rep2","Read_1129",0.978553285338121,"Haplotype_B_Meth"
"NGS_H19_Hetero_Phased_Rep2","Read_1130",0.0215032170170572,"Haplotype_A_Unmeth"
"NGS_H19_Hetero_Phased_Rep2","Read_1131",0.024102449657423,"Haplotype_A_Unmeth"
"NGS_H19_Hetero_Phased_Rep2","Read_1132",0.976143978360063,"Haplotype_B_Meth"
"NGS_H19_Hetero_Phased_Rep2","Read_1133",0.0226987190988488,"Haplotype_A_Unmeth"
"NGS_H19_Hetero_Phased_Rep2","Read_1134",0.0106963766777737,"Haplotype_A_Unmeth"
"NGS_H19_Hetero_Phased_Rep2","Read_1135",0.0189421146376819,"Haplotype_A_Unmeth"
"NGS_H19_Hetero_Phased_Rep2","Read_1136",0.97119673228958,"Haplotype_B_Meth"
"NGS_H19_Hetero_Phased_Rep2","Read_1137",0.967488838172289,"Haplotype_B_Meth"
"NGS_H19_Hetero_Phased_Rep2","Read_1138",0.0236157330556453,"Haplotype_A_Unmeth"
"NGS_H19_Hetero_Phased_Rep2","Read_1139",0.0219092200682703,"Haplotype_A_Unmeth"
"NGS_H19_Hetero_Phased_Rep2","Read_1140",0.0266499456577607,"Haplotype_A_Unmeth"
"NGS_H19_Hetero_Phased_Rep2","Read_1141",0.970722982877807,"Haplotype_B_Meth"
"NGS_H19_Hetero_Phased_Rep2","Read_1142",0.0186965593456606,"Haplotype_A_Unmeth"
"NGS_H19_Hetero_Phased_Rep2","Read_1143",0.0220512428804822,"Haplotype_A_Unmeth"
"NGS_H19_Hetero_Phased_Rep2","Read_1144",0.0152835266717386,"Haplotype_A_Unmeth"
"NGS_H19_Hetero_Phased_Rep2","Read_1145",0.975373636570991,"Haplotype_B_Meth"
"NGS_H19_Hetero_Phased_Rep2","Read_1146",0.980857429572434,"Haplotype_B_Meth"
"NGS_H19_Hetero_Phased_Rep2","Read_1147",0.984137183228588,"Haplotype_B_Meth"
"NGS_H19_Hetero_Phased_Rep2","Read_1148",0.0198145244524482,"Haplotype_A_Unmeth"
"NGS_H19_Hetero_Phased_Rep2","Read_1149",0.0218234725031402,"Haplotype_A_Unmeth"
"NGS_H19_Hetero_Phased_Rep2","Read_1150",0.0150206743466735,"Haplotype_A_Unmeth"
"NGS_H19_Hetero_Phased_Rep2","Read_1151",0.986018293875269,"Haplotype_B_Meth"
"NGS_H19_Hetero_Phased_Rep2","Read_1152",0.976954892063577,"Haplotype_B_Meth"
"NGS_H19_Hetero_Phased_Rep2","Read_1153",0.0125060796474139,"Haplotype_A_Unmeth"
"NGS_H19_Hetero_Phased_Rep2","Read_1154",0.0170398245035991,"Haplotype_A_Unmeth"
"NGS_H19_Hetero_Phased_Rep2","Read_1155",0.0240203822272382,"Haplotype_A_Unmeth"
"NGS_H19_Hetero_Phased_Rep2","Read_1156",0.0249819668651026,"Haplotype_A_Unmeth"
"NGS_H19_Hetero_Phased_Rep2","Read_1157",0.973075376505568,"Haplotype_B_Meth"
"NGS_H19_Hetero_Phased_Rep2","Read_1158",0.978856913601943,"Haplotype_B_Meth"
"NGS_H19_Hetero_Phased_Rep2","Read_1159",0.0234288300032278,"Haplotype_A_Unmeth"
"NGS_H19_Hetero_Phased_Rep2","Read_1160",0.983986499475334,"Haplotype_B_Meth"
"NGS_H19_Hetero_Phased_Rep2","Read_1161",0.983036862227595,"Haplotype_B_Meth"
"NGS_H19_Hetero_Phased_Rep2","Read_1162",0.0231171939227493,"Haplotype_A_Unmeth"
"NGS_H19_Hetero_Phased_Rep2","Read_1163",0.0155990387525676,"Haplotype_A_Unmeth"
"NGS_H19_Hetero_Phased_Rep2","Read_1164",0.981817391292368,"Haplotype_B_Meth"
"NGS_H19_Hetero_Phased_Rep2","Read_1165",0.0211315186973345,"Haplotype_A_Unmeth"
"NGS_H19_Hetero_Phased_Rep2","Read_1166",0.983054754251048,"Haplotype_B_Meth"
"NGS_H19_Hetero_Phased_Rep2","Read_1167",0.0148129531638004,"Haplotype_A_Unmeth"
"NGS_H19_Hetero_Phased_Rep2","Read_1168",0.971635398708508,"Haplotype_B_Meth"
"NGS_H19_Hetero_Phased_Rep2","Read_1169",0.98377142526212,"Haplotype_B_Meth"
"NGS_H19_Hetero_Phased_Rep2","Read_1170",0.021209888979117,"Haplotype_A_Unmeth"
"NGS_H19_Hetero_Phased_Rep2","Read_1171",0.0227132469415756,"Haplotype_A_Unmeth"
"NGS_H19_Hetero_Phased_Rep2","Read_1172",0.0141709979281423,"Haplotype_A_Unmeth"
"NGS_H19_Hetero_Phased_Rep2","Read_1173",0.0227535713296487,"Haplotype_A_Unmeth"
"NGS_H19_Hetero_Phased_Rep2","Read_1174",0.0150087499427097,"Haplotype_A_Unmeth"
"NGS_H19_Hetero_Phased_Rep2","Read_1175",0.0264558795870055,"Haplotype_A_Unmeth"
"NGS_H19_Hetero_Phased_Rep2","Read_1176",0.981626999807088,"Haplotype_B_Meth"
"NGS_H19_Hetero_Phased_Rep2","Read_1177",0.0193621459480478,"Haplotype_A_Unmeth"
"NGS_H19_Hetero_Phased_Rep2","Read_1178",0.977742088335902,"Haplotype_B_Meth"
"NGS_H19_Hetero_Phased_Rep2","Read_1179",0.977210264142357,"Haplotype_B_Meth"
"NGS_H19_Hetero_Phased_Rep2","Read_1180",0.0255624556201632,"Haplotype_A_Unmeth"
"NGS_H19_Hetero_Phased_Rep2","Read_1181",0.981136459783003,"Haplotype_B_Meth"
"NGS_H19_Hetero_Phased_Rep2","Read_1182",0.982862501527837,"Haplotype_B_Meth"
"NGS_H19_Hetero_Phased_Rep2","Read_1183",0.983601131051594,"Haplotype_B_Meth"
"NGS_H19_Hetero_Phased_Rep2","Read_1184",0.982406878436031,"Haplotype_B_Meth"
"NGS_H19_Hetero_Phased_Rep2","Read_1185",0.980767785955252,"Haplotype_B_Meth"
"NGS_H19_Hetero_Phased_Rep2","Read_1186",0.0143109914765184,"Haplotype_A_Unmeth"
"NGS_H19_Hetero_Phased_Rep2","Read_1187",0.979043370634988,"Haplotype_B_Meth"
"NGS_H19_Hetero_Phased_Rep2","Read_1188",0.980947194190833,"Haplotype_B_Meth"
"NGS_H19_Hetero_Phased_Rep2","Read_1189",0.981799990035405,"Haplotype_B_Meth"
"NGS_H19_Hetero_Phased_Rep2","Read_1190",0.984636151371179,"Haplotype_B_Meth"
"NGS_H19_Hetero_Phased_Rep2","Read_1191",0.978702560859208,"Haplotype_B_Meth"
"NGS_H19_Hetero_Phased_Rep2","Read_1192",0.980838004570087,"Haplotype_B_Meth"
"NGS_H19_Hetero_Phased_Rep2","Read_1193",0.0168539056539826,"Haplotype_A_Unmeth"
"NGS_H19_Hetero_Phased_Rep2","Read_1194",0.981442271026949,"Haplotype_B_Meth"
"NGS_H19_Hetero_Phased_Rep2","Read_1195",0.0172542913056796,"Haplotype_A_Unmeth"
"NGS_H19_Hetero_Phased_Rep2","Read_1196",0.0195252064770812,"Haplotype_A_Unmeth"
"NGS_H19_Hetero_Phased_Rep2","Read_1197",0.986915022724058,"Haplotype_B_Meth"
"NGS_H19_Hetero_Phased_Rep2","Read_1198",0.974938938749637,"Haplotype_B_Meth"
"NGS_H19_Hetero_Phased_Rep2","Read_1199",0.0244861959290017,"Haplotype_A_Unmeth"
"NGS_H19_Hetero_Phased_Rep2","Read_1200",0.983654898851706,"Haplotype_B_Meth"
"NGS_H19_Hetero_Phased_Rep2","Read_1201",0.0153261459615659,"Haplotype_A_Unmeth"
"NGS_H19_Hetero_Phased_Rep2","Read_1202",0.984176562281762,"Haplotype_B_Meth"
"NGS_H19_Hetero_Phased_Rep2","Read_1203",0.984582107503865,"Haplotype_B_Meth"
"NGS_H19_Hetero_Phased_Rep2","Read_1204",0.0272409869304958,"Haplotype_A_Unmeth"
"NGS_H19_Hetero_Phased_Rep2","Read_1205",0.0171597251859611,"Haplotype_A_Unmeth"
"NGS_H19_Hetero_Phased_Rep2","Read_1206",0.0233069393707792,"Haplotype_A_Unmeth"
"NGS_H19_Hetero_Phased_Rep2","Read_1207",0.981626367764615,"Haplotype_B_Meth"
"NGS_H19_Hetero_Phased_Rep2","Read_1208",0.983304446655183,"Haplotype_B_Meth"
"NGS_H19_Hetero_Phased_Rep2","Read_1209",0.0152170623378196,"Haplotype_A_Unmeth"
"NGS_H19_Hetero_Phased_Rep2","Read_1210",0.0328742013788894,"Haplotype_A_Unmeth"
"NGS_H19_Hetero_Phased_Rep2","Read_1211",0.0193140817984961,"Haplotype_A_Unmeth"
"NGS_H19_Hetero_Phased_Rep2","Read_1212",0.0127616647201308,"Haplotype_A_Unmeth"
"NGS_H19_Hetero_Phased_Rep2","Read_1213",0.982783259584753,"Haplotype_B_Meth"
"NGS_H19_Hetero_Phased_Rep2","Read_1214",0.974449646514368,"Haplotype_B_Meth"
"NGS_H19_Hetero_Phased_Rep2","Read_1215",0.979312010808844,"Haplotype_B_Meth"
"NGS_H19_Hetero_Phased_Rep2","Read_1216",0.977848103916075,"Haplotype_B_Meth"
"NGS_H19_Hetero_Phased_Rep2","Read_1217",0.982123628672481,"Haplotype_B_Meth"
"NGS_H19_Hetero_Phased_Rep2","Read_1218",0.980707912483624,"Haplotype_B_Meth"
"NGS_H19_Hetero_Phased_Rep2","Read_1219",0.980573987262849,"Haplotype_B_Meth"
"NGS_H19_Hetero_Phased_Rep2","Read_1220",0.981833441944837,"Haplotype_B_Meth"
"NGS_H19_Hetero_Phased_Rep2","Read_1221",0.0143266325402447,"Haplotype_A_Unmeth"
"NGS_H19_Hetero_Phased_Rep2","Read_1222",0.0271626475290836,"Haplotype_A_Unmeth"
"NGS_H19_Hetero_Phased_Rep2","Read_1223",0.983230317230087,"Haplotype_B_Meth"
"NGS_H19_Hetero_Phased_Rep2","Read_1224",0.977355269798242,"Haplotype_B_Meth"
"NGS_H19_Hetero_Phased_Rep2","Read_1225",0.982322578544062,"Haplotype_B_Meth"
"NGS_H19_Hetero_Phased_Rep2","Read_1226",0.0154412743761919,"Haplotype_A_Unmeth"
"NGS_H19_Hetero_Phased_Rep2","Read_1227",0.968483013007528,"Haplotype_B_Meth"
"NGS_H19_Hetero_Phased_Rep2","Read_1228",0.972436067526833,"Haplotype_B_Meth"
"NGS_H19_Hetero_Phased_Rep2","Read_1229",0.979997397468106,"Haplotype_B_Meth"
"NGS_H19_Hetero_Phased_Rep2","Read_1230",0.0179094258268383,"Haplotype_A_Unmeth"
"NGS_H19_Hetero_Phased_Rep2","Read_1231",0.979040382437772,"Haplotype_B_Meth"
"NGS_H19_Hetero_Phased_Rep2","Read_1232",0.984655981508487,"Haplotype_B_Meth"
"NGS_H19_Hetero_Phased_Rep2","Read_1233",0.0234781802310439,"Haplotype_A_Unmeth"
"NGS_H19_Hetero_Phased_Rep2","Read_1234",0.984434187250256,"Haplotype_B_Meth"
"NGS_H19_Hetero_Phased_Rep2","Read_1235",0.0183780662127295,"Haplotype_A_Unmeth"
"NGS_H19_Hetero_Phased_Rep2","Read_1236",0.982166186055128,"Haplotype_B_Meth"
"NGS_H19_Hetero_Phased_Rep2","Read_1237",0.974023530084643,"Haplotype_B_Meth"
"NGS_H19_Hetero_Phased_Rep2","Read_1238",0.97031898723099,"Haplotype_B_Meth"
"NGS_H19_Hetero_Phased_Rep2","Read_1239",0.977597049200708,"Haplotype_B_Meth"
"NGS_H19_Hetero_Phased_Rep2","Read_1240",0.978644865936979,"Haplotype_B_Meth"
"NGS_H19_Hetero_Phased_Rep2","Read_1241",0.0256621569092293,"Haplotype_A_Unmeth"
"NGS_H19_Hetero_Phased_Rep2","Read_1242",0.0114519645686867,"Haplotype_A_Unmeth"
"NGS_H19_Hetero_Phased_Rep2","Read_1243",0.0270069427751034,"Haplotype_A_Unmeth"
"NGS_H19_Hetero_Phased_Rep2","Read_1244",0.0190891554287602,"Haplotype_A_Unmeth"
"NGS_H19_Hetero_Phased_Rep2","Read_1245",0.981764742985244,"Haplotype_B_Meth"
"NGS_H19_Hetero_Phased_Rep2","Read_1246",0.0167358823196843,"Haplotype_A_Unmeth"
"NGS_H19_Hetero_Phased_Rep2","Read_1247",0.0217897626670473,"Haplotype_A_Unmeth"
"NGS_H19_Hetero_Phased_Rep2","Read_1248",0.0162854255093934,"Haplotype_A_Unmeth"
"NGS_H19_Hetero_Phased_Rep2","Read_1249",0.976220489726687,"Haplotype_B_Meth"
"NGS_H19_Hetero_Phased_Rep2","Read_1250",0.980771833209425,"Haplotype_B_Meth"
"NGS_H19_Hetero_Phased_Rep2","Read_1251",0.976727724389354,"Haplotype_B_Meth"
"NGS_H19_Hetero_Phased_Rep2","Read_1252",0.0226244922282189,"Haplotype_A_Unmeth"
"NGS_H19_Hetero_Phased_Rep2","Read_1253",0.980039815901236,"Haplotype_B_Meth"
"NGS_H19_Hetero_Phased_Rep2","Read_1254",0.983628769088697,"Haplotype_B_Meth"
"NGS_H19_Hetero_Phased_Rep2","Read_1255",0.0139047257615023,"Haplotype_A_Unmeth"
"NGS_H19_Hetero_Phased_Rep2","Read_1256",0.0238193986961804,"Haplotype_A_Unmeth"
"NGS_H19_Hetero_Phased_Rep2","Read_1257",0.0197867783555649,"Haplotype_A_Unmeth"
"NGS_H19_Hetero_Phased_Rep2","Read_1258",0.97946958264852,"Haplotype_B_Meth"
"NGS_H19_Hetero_Phased_Rep2","Read_1259",0.0222591727668795,"Haplotype_A_Unmeth"
"NGS_H19_Hetero_Phased_Rep2","Read_1260",0.973931336616109,"Haplotype_B_Meth"
"NGS_H19_Hetero_Phased_Rep2","Read_1261",0.0287867979534998,"Haplotype_A_Unmeth"
"NGS_H19_Hetero_Phased_Rep2","Read_1262",0.019729976780949,"Haplotype_A_Unmeth"
"NGS_H19_Hetero_Phased_Rep2","Read_1263",0.976353646743432,"Haplotype_B_Meth"
"NGS_H19_Hetero_Phased_Rep2","Read_1264",0.0267940951937266,"Haplotype_A_Unmeth"
"NGS_H19_Hetero_Phased_Rep2","Read_1265",0.983264206782138,"Haplotype_B_Meth"
"NGS_H19_Hetero_Phased_Rep2","Read_1266",0.977755161380787,"Haplotype_B_Meth"
"NGS_H19_Hetero_Phased_Rep2","Read_1267",0.973222124503441,"Haplotype_B_Meth"
"NGS_H19_Hetero_Phased_Rep2","Read_1268",0.0178994426358285,"Haplotype_A_Unmeth"
"NGS_H19_Hetero_Phased_Rep2","Read_1269",0.981284631023078,"Haplotype_B_Meth"
"NGS_H19_Hetero_Phased_Rep2","Read_1270",0.978620763841182,"Haplotype_B_Meth"
"NGS_H19_Hetero_Phased_Rep2","Read_1271",0.015801378002444,"Haplotype_A_Unmeth"
"NGS_H19_Hetero_Phased_Rep2","Read_1272",0.0163077910769365,"Haplotype_A_Unmeth"
"NGS_H19_Hetero_Phased_Rep2","Read_1273",0.977740427461674,"Haplotype_B_Meth"
"NGS_H19_Hetero_Phased_Rep2","Read_1274",0.0118657035801752,"Haplotype_A_Unmeth"
"NGS_H19_Hetero_Phased_Rep2","Read_1275",0.0188599023047117,"Haplotype_A_Unmeth"
"NGS_H19_Hetero_Phased_Rep2","Read_1276",0.0189750103570595,"Haplotype_A_Unmeth"
"NGS_H19_Hetero_Phased_Rep2","Read_1277",0.0130204473198573,"Haplotype_A_Unmeth"
"NGS_H19_Hetero_Phased_Rep2","Read_1278",0.983310729445495,"Haplotype_B_Meth"
"NGS_H19_Hetero_Phased_Rep2","Read_1279",0.979068390377428,"Haplotype_B_Meth"
"NGS_H19_Hetero_Phased_Rep2","Read_1280",0.972420982814736,"Haplotype_B_Meth"
"NGS_H19_Hetero_Phased_Rep2","Read_1281",0.0149876366110517,"Haplotype_A_Unmeth"
"NGS_H19_Hetero_Phased_Rep2","Read_1282",0.985505400920377,"Haplotype_B_Meth"
"NGS_H19_Hetero_Phased_Rep2","Read_1283",0.973418796608783,"Haplotype_B_Meth"
"NGS_H19_Hetero_Phased_Rep2","Read_1284",0.017950814816281,"Haplotype_A_Unmeth"
"NGS_H19_Hetero_Phased_Rep2","Read_1285",0.977411604117539,"Haplotype_B_Meth"
"NGS_H19_Hetero_Phased_Rep2","Read_1286",0.019547099322015,"Haplotype_A_Unmeth"
"NGS_H19_Hetero_Phased_Rep2","Read_1287",0.977646962224489,"Haplotype_B_Meth"
"NGS_H19_Hetero_Phased_Rep2","Read_1288",0.982945104341169,"Haplotype_B_Meth"
"NGS_H19_Hetero_Phased_Rep2","Read_1289",0.0159207001264551,"Haplotype_A_Unmeth"
"NGS_H19_Hetero_Phased_Rep2","Read_1290",0.020810050122849,"Haplotype_A_Unmeth"
"NGS_H19_Hetero_Phased_Rep2","Read_1291",0.0235794437295788,"Haplotype_A_Unmeth"
"NGS_H19_Hetero_Phased_Rep2","Read_1292",0.0207862238845553,"Haplotype_A_Unmeth"
"NGS_H19_Hetero_Phased_Rep2","Read_1293",0.974748519778622,"Haplotype_B_Meth"
"NGS_H19_Hetero_Phased_Rep2","Read_1294",0.984962740135781,"Haplotype_B_Meth"
"NGS_H19_Hetero_Phased_Rep2","Read_1295",0.0269410504332412,"Haplotype_A_Unmeth"
"NGS_H19_Hetero_Phased_Rep2","Read_1296",0.979721084772266,"Haplotype_B_Meth"
"NGS_H19_Hetero_Phased_Rep2","Read_1297",0.978795704638452,"Haplotype_B_Meth"
"NGS_H19_Hetero_Phased_Rep2","Read_1298",0.984901622572806,"Haplotype_B_Meth"
"NGS_H19_Hetero_Phased_Rep2","Read_1299",0.983197053208115,"Haplotype_B_Meth"
"NGS_H19_Hetero_Phased_Rep2","Read_1300",0.0226121502456942,"Haplotype_A_Unmeth"
"NGS_H19_Hetero_Phased_Rep2","Read_1301",0.0270363390651967,"Haplotype_A_Unmeth"
"NGS_H19_Hetero_Phased_Rep2","Read_1302",0.0252170493247141,"Haplotype_A_Unmeth"
"NGS_H19_Hetero_Phased_Rep2","Read_1303",0.0176707382343056,"Haplotype_A_Unmeth"
"NGS_H19_Hetero_Phased_Rep2","Read_1304",0.0238727335095714,"Haplotype_A_Unmeth"
"NGS_H19_Hetero_Phased_Rep2","Read_1305",0.97137321294427,"Haplotype_B_Meth"
"NGS_H19_Hetero_Phased_Rep2","Read_1306",0.0211156017662578,"Haplotype_A_Unmeth"
"NGS_H19_Hetero_Phased_Rep2","Read_1307",0.980227334116443,"Haplotype_B_Meth"
"NGS_H19_Hetero_Phased_Rep2","Read_1308",0.0154009775937737,"Haplotype_A_Unmeth"
"NGS_H19_Hetero_Phased_Rep2","Read_1309",0.0131844957286618,"Haplotype_A_Unmeth"
"NGS_H19_Hetero_Phased_Rep2","Read_1310",0.0174543452102354,"Haplotype_A_Unmeth"
"NGS_H19_Hetero_Phased_Rep2","Read_1311",0.0246816640368486,"Haplotype_A_Unmeth"
"NGS_H19_Hetero_Phased_Rep2","Read_1312",0.979565534104617,"Haplotype_B_Meth"
"NGS_H19_Hetero_Phased_Rep2","Read_1313",0.0113299250184476,"Haplotype_A_Unmeth"
"NGS_H19_Hetero_Phased_Rep2","Read_1314",0.981466415003114,"Haplotype_B_Meth"
"NGS_H19_Hetero_Phased_Rep2","Read_1315",0.0268888146586934,"Haplotype_A_Unmeth"
"NGS_H19_Hetero_Phased_Rep2","Read_1316",0.0204983473185228,"Haplotype_A_Unmeth"
"NGS_H19_Hetero_Phased_Rep2","Read_1317",0.0226046741775115,"Haplotype_A_Unmeth"
"NGS_H19_Hetero_Phased_Rep2","Read_1318",0.975138697808435,"Haplotype_B_Meth"
"NGS_H19_Hetero_Phased_Rep2","Read_1319",0.0160362477815165,"Haplotype_A_Unmeth"
"NGS_H19_Hetero_Phased_Rep2","Read_1320",0.9744124538487,"Haplotype_B_Meth"
"NGS_H19_Hetero_Phased_Rep2","Read_1321",0.0214161978519733,"Haplotype_A_Unmeth"
"NGS_H19_Hetero_Phased_Rep2","Read_1322",0.980482711640513,"Haplotype_B_Meth"
"NGS_H19_Hetero_Phased_Rep2","Read_1323",0.0225957199697081,"Haplotype_A_Unmeth"
"NGS_H19_Hetero_Phased_Rep2","Read_1324",0.983893269668261,"Haplotype_B_Meth"
"NGS_H19_Hetero_Phased_Rep2","Read_1325",0.0240798718520405,"Haplotype_A_Unmeth"
"NGS_H19_Hetero_Phased_Rep2","Read_1326",0.982884370854367,"Haplotype_B_Meth"
"NGS_H19_Hetero_Phased_Rep2","Read_1327",0.0263279381804047,"Haplotype_A_Unmeth"
"NGS_H19_Hetero_Phased_Rep2","Read_1328",0.991344328062558,"Haplotype_B_Meth"
"NGS_H19_Hetero_Phased_Rep2","Read_1329",0.976314741002153,"Haplotype_B_Meth"
"NGS_H19_Hetero_Phased_Rep2","Read_1330",0.978747136437055,"Haplotype_B_Meth"
"NGS_H19_Hetero_Phased_Rep2","Read_1331",0.0225152449563167,"Haplotype_A_Unmeth"
"NGS_H19_Hetero_Phased_Rep2","Read_1332",0.0199178837991146,"Haplotype_A_Unmeth"
"NGS_H19_Hetero_Phased_Rep2","Read_1333",0.977008993142055,"Haplotype_B_Meth"
"NGS_H19_Hetero_Phased_Rep2","Read_1334",0.0205258315717543,"Haplotype_A_Unmeth"
"NGS_H19_Hetero_Phased_Rep2","Read_1335",0.975045687597862,"Haplotype_B_Meth"
"NGS_H19_Hetero_Phased_Rep2","Read_1336",0.982011522329832,"Haplotype_B_Meth"
"NGS_H19_Hetero_Phased_Rep2","Read_1337",0.985047941226559,"Haplotype_B_Meth"
"NGS_H19_Hetero_Phased_Rep2","Read_1338",0.0240560250001093,"Haplotype_A_Unmeth"
"NGS_H19_Hetero_Phased_Rep2","Read_1339",0.983667006935147,"Haplotype_B_Meth"
"NGS_H19_Hetero_Phased_Rep2","Read_1340",0.0205855464632913,"Haplotype_A_Unmeth"
"NGS_H19_Hetero_Phased_Rep2","Read_1341",0.981275696205546,"Haplotype_B_Meth"
"NGS_H19_Hetero_Phased_Rep2","Read_1342",0.976981218725746,"Haplotype_B_Meth"
"NGS_H19_Hetero_Phased_Rep2","Read_1343",0.0194208463696867,"Haplotype_A_Unmeth"
"NGS_H19_Hetero_Phased_Rep2","Read_1344",0.984296687932564,"Haplotype_B_Meth"
"NGS_H19_Hetero_Phased_Rep2","Read_1345",0.0158640740167439,"Haplotype_A_Unmeth"
"NGS_H19_Hetero_Phased_Rep2","Read_1346",0.0226068796246398,"Haplotype_A_Unmeth"
"NGS_H19_Hetero_Phased_Rep2","Read_1347",0.0184848248140651,"Haplotype_A_Unmeth"
"NGS_H19_Hetero_Phased_Rep2","Read_1348",0.020214789028673,"Haplotype_A_Unmeth"
"NGS_H19_Hetero_Phased_Rep2","Read_1349",0.98104478323137,"Haplotype_B_Meth"
"NGS_H19_Hetero_Phased_Rep2","Read_1350",0.98351374570863,"Haplotype_B_Meth"
"NGS_H19_Hetero_Phased_Rep2","Read_1351",0.0173716759208691,"Haplotype_A_Unmeth"
"NGS_H19_Hetero_Phased_Rep2","Read_1352",0.031709653247293,"Haplotype_A_Unmeth"
"NGS_H19_Hetero_Phased_Rep2","Read_1353",0.0165935066228523,"Haplotype_A_Unmeth"
"NGS_H19_Hetero_Phased_Rep2","Read_1354",0.977429841566321,"Haplotype_B_Meth"
"NGS_H19_Hetero_Phased_Rep2","Read_1355",0.0141251855826112,"Haplotype_A_Unmeth"
"NGS_H19_Hetero_Phased_Rep2","Read_1356",0.0194602575898872,"Haplotype_A_Unmeth"
"NGS_H19_Hetero_Phased_Rep2","Read_1357",0.982242993462548,"Haplotype_B_Meth"
"NGS_H19_Hetero_Phased_Rep2","Read_1358",0.0173196271050573,"Haplotype_A_Unmeth"
"NGS_H19_Hetero_Phased_Rep2","Read_1359",0.98476476480478,"Haplotype_B_Meth"
"NGS_H19_Hetero_Phased_Rep2","Read_1360",0.974789814425766,"Haplotype_B_Meth"
"NGS_H19_Hetero_Phased_Rep2","Read_1361",0.980777800701442,"Haplotype_B_Meth"
"NGS_H19_Hetero_Phased_Rep2","Read_1362",0.018565117577553,"Haplotype_A_Unmeth"
"NGS_H19_Hetero_Phased_Rep2","Read_1363",0.0188598123143424,"Haplotype_A_Unmeth"
"NGS_H19_Hetero_Phased_Rep2","Read_1364",0.0120498387230923,"Haplotype_A_Unmeth"
"NGS_H19_Hetero_Phased_Rep2","Read_1365",0.971839077941893,"Haplotype_B_Meth"
"NGS_H19_Hetero_Phased_Rep2","Read_1366",0.972982407542187,"Haplotype_B_Meth"
"NGS_H19_Hetero_Phased_Rep2","Read_1367",0.987042157280067,"Haplotype_B_Meth"
"NGS_H19_Hetero_Phased_Rep2","Read_1368",0.982346311141977,"Haplotype_B_Meth"
"NGS_H19_Hetero_Phased_Rep2","Read_1369",0.0169043435091167,"Haplotype_A_Unmeth"
"NGS_H19_Hetero_Phased_Rep2","Read_1370",0.981107033247194,"Haplotype_B_Meth"
"NGS_H19_Hetero_Phased_Rep2","Read_1371",0.0214711730723112,"Haplotype_A_Unmeth"
"NGS_H19_Hetero_Phased_Rep2","Read_1372",0.0181200664943755,"Haplotype_A_Unmeth"
"NGS_H19_Hetero_Phased_Rep2","Read_1373",0.988855736909025,"Haplotype_B_Meth"
"NGS_H19_Hetero_Phased_Rep2","Read_1374",0.976084916426925,"Haplotype_B_Meth"
"NGS_H19_Hetero_Phased_Rep2","Read_1375",0.0126909955896205,"Haplotype_A_Unmeth"
"NGS_H19_Hetero_Phased_Rep2","Read_1376",0.987009336683032,"Haplotype_B_Meth"
"NGS_H19_Hetero_Phased_Rep2","Read_1377",0.982030512494354,"Haplotype_B_Meth"
"NGS_H19_Hetero_Phased_Rep2","Read_1378",0.981200554675213,"Haplotype_B_Meth"
"NGS_H19_Hetero_Phased_Rep2","Read_1379",0.977707495266316,"Haplotype_B_Meth"
"NGS_H19_Hetero_Phased_Rep2","Read_1380",0.0226226766092521,"Haplotype_A_Unmeth"
"NGS_H19_Hetero_Phased_Rep2","Read_1381",0.0271786532700748,"Haplotype_A_Unmeth"
"NGS_H19_Hetero_Phased_Rep2","Read_1382",0.98145955230751,"Haplotype_B_Meth"
"NGS_H19_Hetero_Phased_Rep2","Read_1383",0.0203332929225775,"Haplotype_A_Unmeth"
"NGS_H19_Hetero_Phased_Rep2","Read_1384",0.980998825476011,"Haplotype_B_Meth"
"NGS_H19_Hetero_Phased_Rep2","Read_1385",0.986076747950571,"Haplotype_B_Meth"
"NGS_H19_Hetero_Phased_Rep2","Read_1386",0.0106909465811869,"Haplotype_A_Unmeth"
"NGS_H19_Hetero_Phased_Rep2","Read_1387",0.0230215518584096,"Haplotype_A_Unmeth"
"NGS_H19_Hetero_Phased_Rep2","Read_1388",0.983110414859035,"Haplotype_B_Meth"
"NGS_H19_Hetero_Phased_Rep2","Read_1389",0.0178522186741404,"Haplotype_A_Unmeth"
"NGS_H19_Hetero_Phased_Rep2","Read_1390",0.0233177654787551,"Haplotype_A_Unmeth"
"NGS_H19_Hetero_Phased_Rep2","Read_1391",0.0167540086766811,"Haplotype_A_Unmeth"
"NGS_H19_Hetero_Phased_Rep2","Read_1392",0.975479109447786,"Haplotype_B_Meth"
"NGS_H19_Hetero_Phased_Rep2","Read_1393",0.985676589693147,"Haplotype_B_Meth"
"NGS_H19_Hetero_Phased_Rep2","Read_1394",0.0152002638870494,"Haplotype_A_Unmeth"
"NGS_H19_Hetero_Phased_Rep2","Read_1395",0.983242553520297,"Haplotype_B_Meth"
"NGS_H19_Hetero_Phased_Rep2","Read_1396",0.0189599505026437,"Haplotype_A_Unmeth"
"NGS_H19_Hetero_Phased_Rep2","Read_1397",0.0202210004571655,"Haplotype_A_Unmeth"
"NGS_H19_Hetero_Phased_Rep2","Read_1398",0.985072220650038,"Haplotype_B_Meth"
"NGS_H19_Hetero_Phased_Rep2","Read_1399",0.0254447117714608,"Haplotype_A_Unmeth"
"NGS_H19_Hetero_Phased_Rep2","Read_1400",0.0253081033136583,"Haplotype_A_Unmeth"
"NGS_H19_Hetero_Phased_Rep2","Read_1401",0.0201752005089528,"Haplotype_A_Unmeth"
"NGS_H19_Hetero_Phased_Rep2","Read_1402",0.974498011287219,"Haplotype_B_Meth"
"NGS_H19_Hetero_Phased_Rep2","Read_1403",0.978070353381299,"Haplotype_B_Meth"
"NGS_H19_Hetero_Phased_Rep2","Read_1404",0.0239066346565473,"Haplotype_A_Unmeth"
"NGS_H19_Hetero_Phased_Rep2","Read_1405",0.0184428416067667,"Haplotype_A_Unmeth"
"NGS_H19_Hetero_Phased_Rep2","Read_1406",0.021271227066054,"Haplotype_A_Unmeth"
"NGS_H19_Hetero_Phased_Rep2","Read_1407",0.986299064420388,"Haplotype_B_Meth"
"NGS_H19_Hetero_Phased_Rep2","Read_1408",0.0230271378453456,"Haplotype_A_Unmeth"
"NGS_H19_Hetero_Phased_Rep2","Read_1409",0.016689779555766,"Haplotype_A_Unmeth"
"NGS_H19_Hetero_Phased_Rep2","Read_1410",0.975790530150382,"Haplotype_B_Meth"
"NGS_H19_Hetero_Phased_Rep2","Read_1411",0.978509996493362,"Haplotype_B_Meth"
"NGS_H19_Hetero_Phased_Rep2","Read_1412",0.0214055498731809,"Haplotype_A_Unmeth"
"NGS_H19_Hetero_Phased_Rep2","Read_1413",0.0176531609086793,"Haplotype_A_Unmeth"
"NGS_H19_Hetero_Phased_Rep2","Read_1414",0.981532346986786,"Haplotype_B_Meth"
"NGS_H19_Hetero_Phased_Rep2","Read_1415",0.0239182728095713,"Haplotype_A_Unmeth"
"NGS_H19_Hetero_Phased_Rep2","Read_1416",0.0152447611114774,"Haplotype_A_Unmeth"
"NGS_H19_Hetero_Phased_Rep2","Read_1417",0.0177539582630205,"Haplotype_A_Unmeth"
"NGS_H19_Hetero_Phased_Rep2","Read_1418",0.987049087998465,"Haplotype_B_Meth"
"NGS_H19_Hetero_Phased_Rep2","Read_1419",0.980613211896375,"Haplotype_B_Meth"
"NGS_H19_Hetero_Phased_Rep2","Read_1420",0.97346562943971,"Haplotype_B_Meth"
"NGS_H19_Hetero_Phased_Rep2","Read_1421",0.0153275984586463,"Haplotype_A_Unmeth"
"NGS_H19_Hetero_Phased_Rep2","Read_1422",0.969600865298091,"Haplotype_B_Meth"
"NGS_H19_Hetero_Phased_Rep2","Read_1423",0.0201796259210487,"Haplotype_A_Unmeth"
"NGS_H19_Hetero_Phased_Rep2","Read_1424",0.0213212676103586,"Haplotype_A_Unmeth"
"NGS_H19_Hetero_Phased_Rep2","Read_1425",0.0205834238005112,"Haplotype_A_Unmeth"
"NGS_H19_Hetero_Phased_Rep2","Read_1426",0.979340203950257,"Haplotype_B_Meth"
"NGS_H19_Hetero_Phased_Rep2","Read_1427",0.986534601890724,"Haplotype_B_Meth"
"NGS_H19_Hetero_Phased_Rep2","Read_1428",0.0113305843496615,"Haplotype_A_Unmeth"
"NGS_H19_Hetero_Phased_Rep2","Read_1429",0.01298195577728,"Haplotype_A_Unmeth"
"NGS_H19_Hetero_Phased_Rep2","Read_1430",0.0193548910851621,"Haplotype_A_Unmeth"
"NGS_H19_Hetero_Phased_Rep2","Read_1431",0.0228826300499916,"Haplotype_A_Unmeth"
"NGS_H19_Hetero_Phased_Rep2","Read_1432",0.985332827040334,"Haplotype_B_Meth"
"NGS_H19_Hetero_Phased_Rep2","Read_1433",0.983230173513551,"Haplotype_B_Meth"
"NGS_H19_Hetero_Phased_Rep2","Read_1434",0.978810122662163,"Haplotype_B_Meth"
"NGS_H19_Hetero_Phased_Rep2","Read_1435",0.97740187466024,"Haplotype_B_Meth"
"NGS_H19_Hetero_Phased_Rep2","Read_1436",0.0178161625521699,"Haplotype_A_Unmeth"
"NGS_H19_Hetero_Phased_Rep2","Read_1437",0.016020236871957,"Haplotype_A_Unmeth"
"NGS_H19_Hetero_Phased_Rep2","Read_1438",0.0228434614689792,"Haplotype_A_Unmeth"
"NGS_H19_Hetero_Phased_Rep2","Read_1439",0.975976603054582,"Haplotype_B_Meth"
"NGS_H19_Hetero_Phased_Rep2","Read_1440",0.0236055000227689,"Haplotype_A_Unmeth"
"NGS_H19_Hetero_Phased_Rep2","Read_1441",0.981115326758935,"Haplotype_B_Meth"
"NGS_H19_Hetero_Phased_Rep2","Read_1442",0.0127223156579146,"Haplotype_A_Unmeth"
"NGS_H19_Hetero_Phased_Rep2","Read_1443",0.97406976786464,"Haplotype_B_Meth"
"NGS_H19_Hetero_Phased_Rep2","Read_1444",0.0176477946192503,"Haplotype_A_Unmeth"
"NGS_H19_Hetero_Phased_Rep2","Read_1445",0.975148678226383,"Haplotype_B_Meth"
"NGS_H19_Hetero_Phased_Rep2","Read_1446",0.987808938157139,"Haplotype_B_Meth"
"NGS_H19_Hetero_Phased_Rep2","Read_1447",0.981494061813205,"Haplotype_B_Meth"
"NGS_H19_Hetero_Phased_Rep2","Read_1448",0.986126912068302,"Haplotype_B_Meth"
"NGS_H19_Hetero_Phased_Rep2","Read_1449",0.0264767991591572,"Haplotype_A_Unmeth"
"NGS_H19_Hetero_Phased_Rep2","Read_1450",0.972372528590126,"Haplotype_B_Meth"
"NGS_H19_Hetero_Phased_Rep2","Read_1451",0.0203185957384616,"Haplotype_A_Unmeth"
"NGS_H19_Hetero_Phased_Rep2","Read_1452",0.0171483482926707,"Haplotype_A_Unmeth"
"NGS_H19_Hetero_Phased_Rep2","Read_1453",0.0269746540406602,"Haplotype_A_Unmeth"
"NGS_H19_Hetero_Phased_Rep2","Read_1454",0.017420820832168,"Haplotype_A_Unmeth"
"NGS_H19_Hetero_Phased_Rep2","Read_1455",0.978226985220811,"Haplotype_B_Meth"
"NGS_H19_Hetero_Phased_Rep2","Read_1456",0.0181353815519419,"Haplotype_A_Unmeth"
"NGS_H19_Hetero_Phased_Rep2","Read_1457",0.0207748044373935,"Haplotype_A_Unmeth"
"NGS_H19_Hetero_Phased_Rep2","Read_1458",0.0157966541776886,"Haplotype_A_Unmeth"
"NGS_H19_Hetero_Phased_Rep2","Read_1459",0.013632160898892,"Haplotype_A_Unmeth"
"NGS_H19_Hetero_Phased_Rep2","Read_1460",0.984098944499894,"Haplotype_B_Meth"
"NGS_H19_Hetero_Phased_Rep2","Read_1461",0.98147313513772,"Haplotype_B_Meth"
"NGS_H19_Hetero_Phased_Rep2","Read_1462",0.972541439484635,"Haplotype_B_Meth"
"NGS_H19_Hetero_Phased_Rep2","Read_1463",0.0183257923990572,"Haplotype_A_Unmeth"
"NGS_H19_Hetero_Phased_Rep2","Read_1464",0.986702278646057,"Haplotype_B_Meth"
"NGS_H19_Hetero_Phased_Rep2","Read_1465",0.0237556623061847,"Haplotype_A_Unmeth"
"NGS_H19_Hetero_Phased_Rep2","Read_1466",0.0210007428846593,"Haplotype_A_Unmeth"
"NGS_H19_Hetero_Phased_Rep2","Read_1467",0.973793654421809,"Haplotype_B_Meth"
"NGS_H19_Hetero_Phased_Rep2","Read_1468",0.0156023877097589,"Haplotype_A_Unmeth"
"NGS_H19_Hetero_Phased_Rep2","Read_1469",0.0197639990606403,"Haplotype_A_Unmeth"
"NGS_H19_Hetero_Phased_Rep2","Read_1470",0.022026988744318,"Haplotype_A_Unmeth"
"NGS_H19_Hetero_Phased_Rep2","Read_1471",0.982944993816317,"Haplotype_B_Meth"
"NGS_H19_Hetero_Phased_Rep2","Read_1472",0.987502182017762,"Haplotype_B_Meth"
"NGS_H19_Hetero_Phased_Rep2","Read_1473",0.0157884139983395,"Haplotype_A_Unmeth"
"NGS_H19_Hetero_Phased_Rep2","Read_1474",0.0188867511184446,"Haplotype_A_Unmeth"
"NGS_H19_Hetero_Phased_Rep2","Read_1475",0.0172662444283655,"Haplotype_A_Unmeth"
"NGS_H19_Hetero_Phased_Rep2","Read_1476",0.0098037811318681,"Haplotype_A_Unmeth"
"NGS_H19_Hetero_Phased_Rep2","Read_1477",0.980037674924821,"Haplotype_B_Meth"
"NGS_H19_Hetero_Phased_Rep2","Read_1478",0.0295959146750249,"Haplotype_A_Unmeth"
"NGS_H19_Hetero_Phased_Rep2","Read_1479",0.983633452788842,"Haplotype_B_Meth"
"NGS_H19_Hetero_Phased_Rep2","Read_1480",0.0195944777958047,"Haplotype_A_Unmeth"
"NGS_H19_Hetero_Phased_Rep2","Read_1481",0.985619122496623,"Haplotype_B_Meth"
"NGS_H19_Hetero_Phased_Rep2","Read_1482",0.98196825082126,"Haplotype_B_Meth"
"NGS_H19_Hetero_Phased_Rep2","Read_1483",0.981903200497278,"Haplotype_B_Meth"
"NGS_H19_Hetero_Phased_Rep2","Read_1484",0.0164994769349547,"Haplotype_A_Unmeth"
"NGS_H19_Hetero_Phased_Rep2","Read_1485",0.0281024521210882,"Haplotype_A_Unmeth"
"NGS_H19_Hetero_Phased_Rep2","Read_1486",0.0178621721959585,"Haplotype_A_Unmeth"
"NGS_H19_Hetero_Phased_Rep2","Read_1487",0.97596757268998,"Haplotype_B_Meth"
"NGS_H19_Hetero_Phased_Rep2","Read_1488",0.98078130593147,"Haplotype_B_Meth"
"NGS_H19_Hetero_Phased_Rep2","Read_1489",0.0159219197043862,"Haplotype_A_Unmeth"
"NGS_H19_Hetero_Phased_Rep2","Read_1490",0.0203728861431843,"Haplotype_A_Unmeth"
"NGS_H19_Hetero_Phased_Rep2","Read_1491",0.0201877933243519,"Haplotype_A_Unmeth"
"NGS_H19_Hetero_Phased_Rep2","Read_1492",0.0151393426825417,"Haplotype_A_Unmeth"
"NGS_H19_Hetero_Phased_Rep2","Read_1493",0.0262436575471477,"Haplotype_A_Unmeth"
"NGS_H19_Hetero_Phased_Rep2","Read_1494",0.978950001632784,"Haplotype_B_Meth"
"NGS_H19_Hetero_Phased_Rep2","Read_1495",0.0221047161071669,"Haplotype_A_Unmeth"
"NGS_H19_Hetero_Phased_Rep2","Read_1496",0.978034765585616,"Haplotype_B_Meth"
"NGS_H19_Hetero_Phased_Rep2","Read_1497",0.0187887795402347,"Haplotype_A_Unmeth"
"NGS_H19_Hetero_Phased_Rep2","Read_1498",0.0202009019982963,"Haplotype_A_Unmeth"
"NGS_H19_Hetero_Phased_Rep2","Read_1499",0.014904311705419,"Haplotype_A_Unmeth"
"NGS_H19_Hetero_Phased_Rep2","Read_1500",0.9816792748643,"Haplotype_B_Meth"
"NGS_H19_Hetero_Phased_Rep2","Read_1501",0.974484555182051,"Haplotype_B_Meth"
"NGS_H19_Hetero_Phased_Rep2","Read_1502",0.987240225519417,"Haplotype_B_Meth"
"NGS_H19_Hetero_Phased_Rep2","Read_1503",0.978733776238246,"Haplotype_B_Meth"
"NGS_H19_Hetero_Phased_Rep2","Read_1504",0.979823506133086,"Haplotype_B_Meth"
"NGS_H19_Hetero_Phased_Rep2","Read_1505",0.0187314676070632,"Haplotype_A_Unmeth"
"NGS_H19_Hetero_Phased_Rep2","Read_1506",0.983065360396145,"Haplotype_B_Meth"
"NGS_H19_Hetero_Phased_Rep2","Read_1507",0.0234587322945972,"Haplotype_A_Unmeth"
"NGS_H19_Hetero_Phased_Rep2","Read_1508",0.98590522560652,"Haplotype_B_Meth"
"NGS_H19_Hetero_Phased_Rep2","Read_1509",0.0230942429358885,"Haplotype_A_Unmeth"
"NGS_H19_Hetero_Phased_Rep2","Read_1510",0.974755996402694,"Haplotype_B_Meth"
"NGS_H19_Hetero_Phased_Rep2","Read_1511",0.984082951232865,"Haplotype_B_Meth"
"NGS_H19_Hetero_Phased_Rep2","Read_1512",0.979626043868321,"Haplotype_B_Meth"
"NGS_H19_Hetero_Phased_Rep2","Read_1513",0.0135134129618388,"Haplotype_A_Unmeth"
"NGS_H19_Hetero_Phased_Rep2","Read_1514",0.979150878342116,"Haplotype_B_Meth"
"NGS_H19_Hetero_Phased_Rep2","Read_1515",0.0189899249736196,"Haplotype_A_Unmeth"
"NGS_H19_Hetero_Phased_Rep2","Read_1516",0.0265096613228781,"Haplotype_A_Unmeth"
"NGS_H19_Hetero_Phased_Rep2","Read_1517",0.982724141907791,"Haplotype_B_Meth"
"NGS_H19_Hetero_Phased_Rep2","Read_1518",0.0130392069307189,"Haplotype_A_Unmeth"
"NGS_H19_Hetero_Phased_Rep2","Read_1519",0.972982916631512,"Haplotype_B_Meth"
"NGS_H19_Hetero_Phased_Rep2","Read_1520",0.0138802568726675,"Haplotype_A_Unmeth"
"NGS_H19_Hetero_Phased_Rep2","Read_1521",0.984393632495229,"Haplotype_B_Meth"
"NGS_H19_Hetero_Phased_Rep2","Read_1522",0.0238034346478513,"Haplotype_A_Unmeth"
"NGS_H19_Hetero_Phased_Rep2","Read_1523",0.0242641037607854,"Haplotype_A_Unmeth"
"NGS_H19_Hetero_Phased_Rep2","Read_1524",0.0228626006555743,"Haplotype_A_Unmeth"
"NGS_H19_Hetero_Phased_Rep2","Read_1525",0.0261365842105315,"Haplotype_A_Unmeth"
"NGS_H19_Hetero_Phased_Rep2","Read_1526",0.0230183442882075,"Haplotype_A_Unmeth"
"NGS_H19_Hetero_Phased_Rep2","Read_1527",0.982108094660455,"Haplotype_B_Meth"
"NGS_H19_Hetero_Phased_Rep2","Read_1528",0.981736964304371,"Haplotype_B_Meth"
"NGS_H19_Hetero_Phased_Rep2","Read_1529",0.989276494635607,"Haplotype_B_Meth"
"NGS_H19_Hetero_Phased_Rep2","Read_1530",0.980676579286897,"Haplotype_B_Meth"
"NGS_H19_Hetero_Phased_Rep2","Read_1531",0.0286191847116676,"Haplotype_A_Unmeth"
"NGS_H19_Hetero_Phased_Rep2","Read_1532",0.0279210877571069,"Haplotype_A_Unmeth"
"NGS_H19_Hetero_Phased_Rep2","Read_1533",0.0228105496602306,"Haplotype_A_Unmeth"
"NGS_H19_Hetero_Phased_Rep2","Read_1534",0.0208110529865017,"Haplotype_A_Unmeth"
"NGS_H19_Hetero_Phased_Rep2","Read_1535",0.985376626204716,"Haplotype_B_Meth"
"NGS_H19_Hetero_Phased_Rep2","Read_1536",0.984659575166319,"Haplotype_B_Meth"
"NGS_H19_Hetero_Phased_Rep2","Read_1537",0.0175216685155428,"Haplotype_A_Unmeth"
"NGS_H19_Hetero_Phased_Rep2","Read_1538",0.978768387612366,"Haplotype_B_Meth"
"NGS_H19_Hetero_Phased_Rep2","Read_1539",0.976701868602445,"Haplotype_B_Meth"
"NGS_H19_Hetero_Phased_Rep2","Read_1540",0.0243802858665881,"Haplotype_A_Unmeth"
"NGS_H19_Hetero_Phased_Rep2","Read_1541",0.976709846304133,"Haplotype_B_Meth"
"NGS_H19_Hetero_Phased_Rep2","Read_1542",0.0225609981700964,"Haplotype_A_Unmeth"
"NGS_H19_Hetero_Phased_Rep2","Read_1543",0.972923930953389,"Haplotype_B_Meth"
"NGS_H19_Hetero_Phased_Rep2","Read_1544",0.0191809471850425,"Haplotype_A_Unmeth"
"NGS_H19_Hetero_Phased_Rep2","Read_1545",0.987205652997062,"Haplotype_B_Meth"
"NGS_H19_Hetero_Phased_Rep2","Read_1546",0.982487179480228,"Haplotype_B_Meth"
"NGS_H19_Hetero_Phased_Rep2","Read_1547",0.0240868409518444,"Haplotype_A_Unmeth"
"NGS_H19_Hetero_Phased_Rep2","Read_1548",0.0233949877700442,"Haplotype_A_Unmeth"
"NGS_H19_Hetero_Phased_Rep2","Read_1549",0.0166046426941435,"Haplotype_A_Unmeth"
"NGS_H19_Hetero_Phased_Rep2","Read_1550",0.981935285941665,"Haplotype_B_Meth"
"NGS_H19_Hetero_Phased_Rep2","Read_1551",0.0193622391087332,"Haplotype_A_Unmeth"
"NGS_H19_Hetero_Phased_Rep2","Read_1552",0.983932550772048,"Haplotype_B_Meth"
"NGS_H19_Hetero_Phased_Rep2","Read_1553",0.985735484706643,"Haplotype_B_Meth"
"NGS_H19_Hetero_Phased_Rep2","Read_1554",0.0186230044757631,"Haplotype_A_Unmeth"
"NGS_H19_Hetero_Phased_Rep2","Read_1555",0.0219770885942761,"Haplotype_A_Unmeth"
"NGS_H19_Hetero_Phased_Rep2","Read_1556",0.976914265955989,"Haplotype_B_Meth"
"NGS_H19_Hetero_Phased_Rep2","Read_1557",0.0213789811638404,"Haplotype_A_Unmeth"
"NGS_H19_Hetero_Phased_Rep2","Read_1558",0.982099323220568,"Haplotype_B_Meth"
"NGS_H19_Hetero_Phased_Rep2","Read_1559",0.0368569291058237,"Haplotype_A_Unmeth"
"NGS_H19_Hetero_Phased_Rep2","Read_1560",0.0202200548316025,"Haplotype_A_Unmeth"
"NGS_H19_Hetero_Phased_Rep2","Read_1561",0.985825679666436,"Haplotype_B_Meth"
"NGS_H19_Hetero_Phased_Rep2","Read_1562",0.981831009893351,"Haplotype_B_Meth"
"NGS_H19_Hetero_Phased_Rep2","Read_1563",0.0191525834624458,"Haplotype_A_Unmeth"
"NGS_H19_Hetero_Phased_Rep2","Read_1564",0.977964667222076,"Haplotype_B_Meth"
"NGS_H19_Hetero_Phased_Rep2","Read_1565",0.976332273482781,"Haplotype_B_Meth"
"NGS_H19_Hetero_Phased_Rep2","Read_1566",0.978986081042632,"Haplotype_B_Meth"
"NGS_H19_Hetero_Phased_Rep2","Read_1567",0.983353055466508,"Haplotype_B_Meth"
"NGS_H19_Hetero_Phased_Rep2","Read_1568",0.980554001506129,"Haplotype_B_Meth"
"NGS_H19_Hetero_Phased_Rep2","Read_1569",0.0182969060193325,"Haplotype_A_Unmeth"
"NGS_H19_Hetero_Phased_Rep2","Read_1570",0.0236401793382951,"Haplotype_A_Unmeth"
"NGS_H19_Hetero_Phased_Rep2","Read_1571",0.0170066763918462,"Haplotype_A_Unmeth"
"NGS_H19_Hetero_Phased_Rep2","Read_1572",0.0199741335358528,"Haplotype_A_Unmeth"
"NGS_H19_Hetero_Phased_Rep2","Read_1573",0.0210547731817705,"Haplotype_A_Unmeth"
"NGS_H19_Hetero_Phased_Rep2","Read_1574",0.982245346260431,"Haplotype_B_Meth"
"NGS_H19_Hetero_Phased_Rep2","Read_1575",0.0147471505737068,"Haplotype_A_Unmeth"
"NGS_H19_Hetero_Phased_Rep2","Read_1576",0.0193959979418121,"Haplotype_A_Unmeth"
"NGS_H19_Hetero_Phased_Rep2","Read_1577",0.97761559011265,"Haplotype_B_Meth"
"NGS_H19_Hetero_Phased_Rep2","Read_1578",0.989177037704465,"Haplotype_B_Meth"
"NGS_H19_Hetero_Phased_Rep2","Read_1579",0.0205771466652202,"Haplotype_A_Unmeth"
"NGS_H19_Hetero_Phased_Rep2","Read_1580",0.0180112857689299,"Haplotype_A_Unmeth"
"NGS_H19_Hetero_Phased_Rep2","Read_1581",0.984540846978293,"Haplotype_B_Meth"
"NGS_H19_Hetero_Phased_Rep2","Read_1582",0.986305677291135,"Haplotype_B_Meth"
"NGS_H19_Hetero_Phased_Rep2","Read_1583",0.979774223578596,"Haplotype_B_Meth"
"NGS_H19_Hetero_Phased_Rep2","Read_1584",0.0160821836736809,"Haplotype_A_Unmeth"
"NGS_H19_Hetero_Phased_Rep2","Read_1585",0.0215924546955317,"Haplotype_A_Unmeth"
"NGS_H19_Hetero_Phased_Rep2","Read_1586",0.0232283176116485,"Haplotype_A_Unmeth"
"NGS_H19_Hetero_Phased_Rep2","Read_1587",0.0163526280764181,"Haplotype_A_Unmeth"
"NGS_H19_Hetero_Phased_Rep2","Read_1588",0.974738488509675,"Haplotype_B_Meth"
"NGS_H19_Hetero_Phased_Rep2","Read_1589",0.0281909141115496,"Haplotype_A_Unmeth"
"NGS_H19_Hetero_Phased_Rep2","Read_1590",0.0256415587892718,"Haplotype_A_Unmeth"
"NGS_H19_Hetero_Phased_Rep2","Read_1591",0.980457878152745,"Haplotype_B_Meth"
"NGS_H19_Hetero_Phased_Rep2","Read_1592",0.9801695164651,"Haplotype_B_Meth"
"NGS_H19_Hetero_Phased_Rep2","Read_1593",0.0143987436219928,"Haplotype_A_Unmeth"
"NGS_H19_Hetero_Phased_Rep2","Read_1594",0.0171106416676061,"Haplotype_A_Unmeth"
"NGS_H19_Hetero_Phased_Rep2","Read_1595",0.0189597593016039,"Haplotype_A_Unmeth"
"NGS_H19_Hetero_Phased_Rep2","Read_1596",0.97879786591783,"Haplotype_B_Meth"
"NGS_H19_Hetero_Phased_Rep2","Read_1597",0.980836765355321,"Haplotype_B_Meth"
"NGS_H19_Hetero_Phased_Rep2","Read_1598",0.988535164460739,"Haplotype_B_Meth"
"NGS_H19_Hetero_Phased_Rep2","Read_1599",0.979623252945164,"Haplotype_B_Meth"
"NGS_H19_Hetero_Phased_Rep2","Read_1600",0.0242744974768667,"Haplotype_A_Unmeth"
"NGS_H19_Hetero_Phased_Rep2","Read_1601",0.01890354493633,"Haplotype_A_Unmeth"
"NGS_H19_Hetero_Phased_Rep2","Read_1602",0.970404925995431,"Haplotype_B_Meth"
"NGS_H19_Hetero_Phased_Rep2","Read_1603",0.981223871801448,"Haplotype_B_Meth"
"NGS_H19_Hetero_Phased_Rep2","Read_1604",0.0131727238868441,"Haplotype_A_Unmeth"
"NGS_H19_Hetero_Phased_Rep2","Read_1605",0.0161661016967779,"Haplotype_A_Unmeth"
"NGS_H19_Hetero_Phased_Rep2","Read_1606",0.0213081679842522,"Haplotype_A_Unmeth"
"NGS_H19_Hetero_Phased_Rep2","Read_1607",0.972888518364663,"Haplotype_B_Meth"
"NGS_H19_Hetero_Phased_Rep2","Read_1608",0.0206142231108514,"Haplotype_A_Unmeth"
"NGS_H19_Hetero_Phased_Rep2","Read_1609",0.983678695514919,"Haplotype_B_Meth"
"NGS_H19_Hetero_Phased_Rep2","Read_1610",0.0221455613644195,"Haplotype_A_Unmeth"
"NGS_H19_Hetero_Phased_Rep2","Read_1611",0.982489853091145,"Haplotype_B_Meth"
"NGS_H19_Hetero_Phased_Rep2","Read_1612",0.0140480211205242,"Haplotype_A_Unmeth"
"NGS_H19_Hetero_Phased_Rep2","Read_1613",0.986837761237682,"Haplotype_B_Meth"
"NGS_H19_Hetero_Phased_Rep2","Read_1614",0.981989789122033,"Haplotype_B_Meth"
"NGS_H19_Hetero_Phased_Rep2","Read_1615",0.015839803324643,"Haplotype_A_Unmeth"
"NGS_H19_Hetero_Phased_Rep2","Read_1616",0.0175456589604642,"Haplotype_A_Unmeth"
"NGS_H19_Hetero_Phased_Rep2","Read_1617",0.979354397313367,"Haplotype_B_Meth"
"NGS_H19_Hetero_Phased_Rep2","Read_1618",0.981153620051699,"Haplotype_B_Meth"
"NGS_H19_Hetero_Phased_Rep2","Read_1619",0.0184413280909827,"Haplotype_A_Unmeth"
"NGS_H19_Hetero_Phased_Rep2","Read_1620",0.0140769811569971,"Haplotype_A_Unmeth"
"NGS_H19_Hetero_Phased_Rep2","Read_1621",0.991474591436069,"Haplotype_B_Meth"
"NGS_H19_Hetero_Phased_Rep2","Read_1622",0.0179689079328153,"Haplotype_A_Unmeth"
"NGS_H19_Hetero_Phased_Rep2","Read_1623",0.0121900497476491,"Haplotype_A_Unmeth"
"NGS_H19_Hetero_Phased_Rep2","Read_1624",0.975809746900313,"Haplotype_B_Meth"
"NGS_H19_Hetero_Phased_Rep2","Read_1625",0.0177956658341474,"Haplotype_A_Unmeth"
"NGS_H19_Hetero_Phased_Rep2","Read_1626",0.0189071005846672,"Haplotype_A_Unmeth"
"NGS_H19_Hetero_Phased_Rep2","Read_1627",0.0273487013274951,"Haplotype_A_Unmeth"
"NGS_H19_Hetero_Phased_Rep2","Read_1628",0.981117322337223,"Haplotype_B_Meth"
"NGS_H19_Hetero_Phased_Rep2","Read_1629",0.0293087401016141,"Haplotype_A_Unmeth"
"NGS_H19_Hetero_Phased_Rep2","Read_1630",0.977336024745738,"Haplotype_B_Meth"
"NGS_H19_Hetero_Phased_Rep2","Read_1631",0.978724708513028,"Haplotype_B_Meth"
"NGS_H19_Hetero_Phased_Rep2","Read_1632",0.020354533587277,"Haplotype_A_Unmeth"
"NGS_H19_Hetero_Phased_Rep2","Read_1633",0.982149038561466,"Haplotype_B_Meth"
"NGS_H19_Hetero_Phased_Rep2","Read_1634",0.0145457208972877,"Haplotype_A_Unmeth"
"NGS_H19_Hetero_Phased_Rep2","Read_1635",0.0121398043571563,"Haplotype_A_Unmeth"
"NGS_H19_Hetero_Phased_Rep2","Read_1636",0.981432077780627,"Haplotype_B_Meth"
"NGS_H19_Hetero_Phased_Rep2","Read_1637",0.979674126236977,"Haplotype_B_Meth"
"NGS_H19_Hetero_Phased_Rep2","Read_1638",0.978717181115277,"Haplotype_B_Meth"
"NGS_H19_Hetero_Phased_Rep2","Read_1639",0.979154290603916,"Haplotype_B_Meth"
"NGS_H19_Hetero_Phased_Rep2","Read_1640",0.985903610739838,"Haplotype_B_Meth"
"NGS_H19_Hetero_Phased_Rep2","Read_1641",0.983297600439511,"Haplotype_B_Meth"
"NGS_H19_Hetero_Phased_Rep2","Read_1642",0.0164836185356441,"Haplotype_A_Unmeth"
"NGS_H19_Hetero_Phased_Rep2","Read_1643",0.0171851414224478,"Haplotype_A_Unmeth"
"NGS_H19_Hetero_Phased_Rep2","Read_1644",0.0204530015774097,"Haplotype_A_Unmeth"
"NGS_H19_Hetero_Phased_Rep2","Read_1645",0.014901410461685,"Haplotype_A_Unmeth"
"NGS_H19_Hetero_Phased_Rep2","Read_1646",0.0196102752298384,"Haplotype_A_Unmeth"
"NGS_H19_Hetero_Phased_Rep2","Read_1647",0.976945533447097,"Haplotype_B_Meth"
"NGS_H19_Hetero_Phased_Rep2","Read_1648",0.977780064318688,"Haplotype_B_Meth"
"NGS_H19_Hetero_Phased_Rep2","Read_1649",0.975384932374223,"Haplotype_B_Meth"
"NGS_H19_Hetero_Phased_Rep2","Read_1650",0.0177410609670492,"Haplotype_A_Unmeth"
"NGS_H19_Hetero_Phased_Rep2","Read_1651",0.0192725564014359,"Haplotype_A_Unmeth"
"NGS_H19_Hetero_Phased_Rep2","Read_1652",0.97109483337918,"Haplotype_B_Meth"
"NGS_H19_Hetero_Phased_Rep2","Read_1653",0.975089693711731,"Haplotype_B_Meth"
"NGS_H19_Hetero_Phased_Rep2","Read_1654",0.0185082313281513,"Haplotype_A_Unmeth"
"NGS_H19_Hetero_Phased_Rep2","Read_1655",0.977720490315185,"Haplotype_B_Meth"
"NGS_H19_Hetero_Phased_Rep2","Read_1656",0.987977611735175,"Haplotype_B_Meth"
"NGS_H19_Hetero_Phased_Rep2","Read_1657",0.978779471186361,"Haplotype_B_Meth"
"NGS_H19_Hetero_Phased_Rep2","Read_1658",0.984744990627477,"Haplotype_B_Meth"
"NGS_H19_Hetero_Phased_Rep2","Read_1659",0.0217442332188689,"Haplotype_A_Unmeth"
"NGS_H19_Hetero_Phased_Rep2","Read_1660",0.9869508753181,"Haplotype_B_Meth"
"NGS_H19_Hetero_Phased_Rep2","Read_1661",0.983218043721621,"Haplotype_B_Meth"
"NGS_H19_Hetero_Phased_Rep2","Read_1662",0.0157914926404879,"Haplotype_A_Unmeth"
"NGS_H19_Hetero_Phased_Rep2","Read_1663",0.0186840050825728,"Haplotype_A_Unmeth"
"NGS_H19_Hetero_Phased_Rep2","Read_1664",0.983944885465859,"Haplotype_B_Meth"
"NGS_H19_Hetero_Phased_Rep2","Read_1665",0.98122127552125,"Haplotype_B_Meth"
"NGS_H19_Hetero_Phased_Rep2","Read_1666",0.019949690220898,"Haplotype_A_Unmeth"
"NGS_H19_Hetero_Phased_Rep2","Read_1667",0.97606532289861,"Haplotype_B_Meth"
"NGS_H19_Hetero_Phased_Rep2","Read_1668",0.0265307165592071,"Haplotype_A_Unmeth"
"NGS_H19_Hetero_Phased_Rep2","Read_1669",0.0191788331814109,"Haplotype_A_Unmeth"
"NGS_H19_Hetero_Phased_Rep2","Read_1670",0.0189119811892919,"Haplotype_A_Unmeth"
"NGS_H19_Hetero_Phased_Rep2","Read_1671",0.986398377612695,"Haplotype_B_Meth"
"NGS_H19_Hetero_Phased_Rep2","Read_1672",0.0195500437826804,"Haplotype_A_Unmeth"
"NGS_H19_Hetero_Phased_Rep2","Read_1673",0.970772710441769,"Haplotype_B_Meth"
"NGS_H19_Hetero_Phased_Rep2","Read_1674",0.976120847951493,"Haplotype_B_Meth"
"NGS_H19_Hetero_Phased_Rep2","Read_1675",0.0144916737148892,"Haplotype_A_Unmeth"
"NGS_H19_Hetero_Phased_Rep2","Read_1676",0.0197525885170432,"Haplotype_A_Unmeth"
"NGS_H19_Hetero_Phased_Rep2","Read_1677",0.985487616414093,"Haplotype_B_Meth"
"NGS_H19_Hetero_Phased_Rep2","Read_1678",0.984384218024357,"Haplotype_B_Meth"
"NGS_H19_Hetero_Phased_Rep2","Read_1679",0.97955620421358,"Haplotype_B_Meth"
"NGS_H19_Hetero_Phased_Rep2","Read_1680",0.0261041885161281,"Haplotype_A_Unmeth"
"NGS_H19_Hetero_Phased_Rep2","Read_1681",0.987003365288841,"Haplotype_B_Meth"
"NGS_H19_Hetero_Phased_Rep2","Read_1682",0.0204119711244386,"Haplotype_A_Unmeth"
"NGS_H19_Hetero_Phased_Rep2","Read_1683",0.981726038508504,"Haplotype_B_Meth"
"NGS_H19_Hetero_Phased_Rep2","Read_1684",0.023563392560997,"Haplotype_A_Unmeth"
"NGS_H19_Hetero_Phased_Rep2","Read_1685",0.0124114246754297,"Haplotype_A_Unmeth"
"NGS_H19_Hetero_Phased_Rep2","Read_1686",0.984852824728698,"Haplotype_B_Meth"
"NGS_H19_Hetero_Phased_Rep2","Read_1687",0.0122169324727295,"Haplotype_A_Unmeth"
"NGS_H19_Hetero_Phased_Rep2","Read_1688",0.980604252659331,"Haplotype_B_Meth"
"NGS_H19_Hetero_Phased_Rep2","Read_1689",0.0203136841039096,"Haplotype_A_Unmeth"
"NGS_H19_Hetero_Phased_Rep2","Read_1690",0.987172652972591,"Haplotype_B_Meth"
"NGS_H19_Hetero_Phased_Rep2","Read_1691",0.0193229497153045,"Haplotype_A_Unmeth"
"NGS_H19_Hetero_Phased_Rep2","Read_1692",0.0200707883029212,"Haplotype_A_Unmeth"
"NGS_H19_Hetero_Phased_Rep2","Read_1693",0.977861242984383,"Haplotype_B_Meth"
"NGS_H19_Hetero_Phased_Rep2","Read_1694",0.976675730079221,"Haplotype_B_Meth"
"NGS_H19_Hetero_Phased_Rep2","Read_1695",0.980091479710917,"Haplotype_B_Meth"
"NGS_H19_Hetero_Phased_Rep2","Read_1696",0.983315758029009,"Haplotype_B_Meth"
"NGS_H19_Hetero_Phased_Rep2","Read_1697",0.984878866646013,"Haplotype_B_Meth"
"NGS_H19_Hetero_Phased_Rep2","Read_1698",0.983431568309775,"Haplotype_B_Meth"
"NGS_H19_Hetero_Phased_Rep2","Read_1699",0.0276006779736589,"Haplotype_A_Unmeth"
"NGS_H19_Hetero_Phased_Rep2","Read_1700",0.984979851505187,"Haplotype_B_Meth"
"NGS_H19_Hetero_Phased_Rep2","Read_1701",0.0192135032373661,"Haplotype_A_Unmeth"
"NGS_H19_Hetero_Phased_Rep2","Read_1702",0.983553254358256,"Haplotype_B_Meth"
"NGS_H19_Hetero_Phased_Rep2","Read_1703",0.0281201075052458,"Haplotype_A_Unmeth"
"NGS_H19_Hetero_Phased_Rep2","Read_1704",0.967021382037007,"Haplotype_B_Meth"
"NGS_H19_Hetero_Phased_Rep2","Read_1705",0.978339830375058,"Haplotype_B_Meth"
"NGS_H19_Hetero_Phased_Rep2","Read_1706",0.0132112430225609,"Haplotype_A_Unmeth"
"NGS_H19_Hetero_Phased_Rep2","Read_1707",0.02474412235785,"Haplotype_A_Unmeth"
"NGS_H19_Hetero_Phased_Rep2","Read_1708",0.0186068847212558,"Haplotype_A_Unmeth"
"NGS_H19_Hetero_Phased_Rep2","Read_1709",0.980514678016716,"Haplotype_B_Meth"
"NGS_H19_Hetero_Phased_Rep2","Read_1710",0.0207275567141103,"Haplotype_A_Unmeth"
"NGS_H19_Hetero_Phased_Rep2","Read_1711",0.0192250319403732,"Haplotype_A_Unmeth"
"NGS_H19_Hetero_Phased_Rep2","Read_1712",0.984560221777832,"Haplotype_B_Meth"
"NGS_H19_Hetero_Phased_Rep2","Read_1713",0.0212875499880397,"Haplotype_A_Unmeth"
"NGS_H19_Hetero_Phased_Rep2","Read_1714",0.014740870873137,"Haplotype_A_Unmeth"
"NGS_H19_Hetero_Phased_Rep2","Read_1715",0.0235935231494601,"Haplotype_A_Unmeth"
"NGS_H19_Hetero_Phased_Rep2","Read_1716",0.0166398019988127,"Haplotype_A_Unmeth"
"NGS_H19_Hetero_Phased_Rep2","Read_1717",0.975484758376155,"Haplotype_B_Meth"
"NGS_H19_Hetero_Phased_Rep2","Read_1718",0.0203492983039417,"Haplotype_A_Unmeth"
"NGS_H19_Hetero_Phased_Rep2","Read_1719",0.974747327159891,"Haplotype_B_Meth"
"NGS_H19_Hetero_Phased_Rep2","Read_1720",0.020516001819731,"Haplotype_A_Unmeth"
"NGS_H19_Hetero_Phased_Rep2","Read_1721",0.0138974497375014,"Haplotype_A_Unmeth"
"NGS_H19_Hetero_Phased_Rep2","Read_1722",0.975690154126828,"Haplotype_B_Meth"
"NGS_H19_Hetero_Phased_Rep2","Read_1723",0.979836842317722,"Haplotype_B_Meth"
"NGS_H19_Hetero_Phased_Rep2","Read_1724",0.988906627888794,"Haplotype_B_Meth"
"NGS_H19_Hetero_Phased_Rep2","Read_1725",0.984257437009276,"Haplotype_B_Meth"
"NGS_H19_Hetero_Phased_Rep2","Read_1726",0.984176925877637,"Haplotype_B_Meth"
"NGS_H19_Hetero_Phased_Rep2","Read_1727",0.0224195609017716,"Haplotype_A_Unmeth"
"NGS_H19_Hetero_Phased_Rep2","Read_1728",0.979120094451541,"Haplotype_B_Meth"
"NGS_H19_Hetero_Phased_Rep2","Read_1729",0.0242950536040475,"Haplotype_A_Unmeth"
"NGS_H19_Hetero_Phased_Rep2","Read_1730",0.97821711409395,"Haplotype_B_Meth"
"NGS_H19_Hetero_Phased_Rep2","Read_1731",0.0288651373411467,"Haplotype_A_Unmeth"
"NGS_H19_Hetero_Phased_Rep2","Read_1732",0.973853671349441,"Haplotype_B_Meth"
"NGS_H19_Hetero_Phased_Rep2","Read_1733",0.981212908789633,"Haplotype_B_Meth"
"NGS_H19_Hetero_Phased_Rep2","Read_1734",0.97709749940537,"Haplotype_B_Meth"
"NGS_H19_Hetero_Phased_Rep2","Read_1735",0.0236144245295042,"Haplotype_A_Unmeth"
"NGS_H19_Hetero_Phased_Rep2","Read_1736",0.0126070406569678,"Haplotype_A_Unmeth"
"NGS_H19_Hetero_Phased_Rep2","Read_1737",0.0184611818830236,"Haplotype_A_Unmeth"
"NGS_H19_Hetero_Phased_Rep2","Read_1738",0.972605180533888,"Haplotype_B_Meth"
"NGS_H19_Hetero_Phased_Rep2","Read_1739",0.976987328350987,"Haplotype_B_Meth"
"NGS_H19_Hetero_Phased_Rep2","Read_1740",0.0268648768428846,"Haplotype_A_Unmeth"
"NGS_H19_Hetero_Phased_Rep2","Read_1741",0.0256183805397232,"Haplotype_A_Unmeth"
"NGS_H19_Hetero_Phased_Rep2","Read_1742",0.0162485323483925,"Haplotype_A_Unmeth"
"NGS_H19_Hetero_Phased_Rep2","Read_1743",0.980899159236295,"Haplotype_B_Meth"
"NGS_H19_Hetero_Phased_Rep2","Read_1744",0.0149782460502301,"Haplotype_A_Unmeth"
"NGS_H19_Hetero_Phased_Rep2","Read_1745",0.0227879125997166,"Haplotype_A_Unmeth"
"NGS_H19_Hetero_Phased_Rep2","Read_1746",0.98213576487397,"Haplotype_B_Meth"
"NGS_H19_Hetero_Phased_Rep2","Read_1747",0.974187667735295,"Haplotype_B_Meth"
"NGS_H19_Hetero_Phased_Rep2","Read_1748",0.0234155718056037,"Haplotype_A_Unmeth"
"NGS_H19_Hetero_Phased_Rep2","Read_1749",0.983286138384813,"Haplotype_B_Meth"
"NGS_H19_Hetero_Phased_Rep2","Read_1750",0.98187990339393,"Haplotype_B_Meth"
"NGS_H19_Hetero_Phased_Rep2","Read_1751",0.968544584431764,"Haplotype_B_Meth"
"NGS_H19_Hetero_Phased_Rep2","Read_1752",0.98267385004336,"Haplotype_B_Meth"
"NGS_H19_Hetero_Phased_Rep2","Read_1753",0.0254533866745485,"Haplotype_A_Unmeth"
"NGS_H19_Hetero_Phased_Rep2","Read_1754",0.013517649761015,"Haplotype_A_Unmeth"
"NGS_H19_Hetero_Phased_Rep2","Read_1755",0.0169258752283063,"Haplotype_A_Unmeth"
"NGS_H19_Hetero_Phased_Rep2","Read_1756",0.98273248948266,"Haplotype_B_Meth"
"NGS_H19_Hetero_Phased_Rep2","Read_1757",0.0155321886836674,"Haplotype_A_Unmeth"
"NGS_H19_Hetero_Phased_Rep2","Read_1758",0.0191201614268443,"Haplotype_A_Unmeth"
"NGS_H19_Hetero_Phased_Rep2","Read_1759",0.015497648703688,"Haplotype_A_Unmeth"
"NGS_H19_Hetero_Phased_Rep2","Read_1760",0.979921507687333,"Haplotype_B_Meth"
"NGS_H19_Hetero_Phased_Rep2","Read_1761",0.0140812585915033,"Haplotype_A_Unmeth"
"NGS_H19_Hetero_Phased_Rep2","Read_1762",0.0179209498251688,"Haplotype_A_Unmeth"
"NGS_H19_Hetero_Phased_Rep2","Read_1763",0.971430447107348,"Haplotype_B_Meth"
"NGS_H19_Hetero_Phased_Rep2","Read_1764",0.0194550680502615,"Haplotype_A_Unmeth"
"NGS_H19_Hetero_Phased_Rep2","Read_1765",0.979273327729777,"Haplotype_B_Meth"
"NGS_H19_Hetero_Phased_Rep2","Read_1766",0.978584860982283,"Haplotype_B_Meth"
"NGS_H19_Hetero_Phased_Rep2","Read_1767",0.974504451878434,"Haplotype_B_Meth"
"NGS_H19_Hetero_Phased_Rep2","Read_1768",0.0169470214296611,"Haplotype_A_Unmeth"
"NGS_H19_Hetero_Phased_Rep2","Read_1769",0.973199766049262,"Haplotype_B_Meth"
"NGS_H19_Hetero_Phased_Rep2","Read_1770",0.981311366840941,"Haplotype_B_Meth"
"NGS_H19_Hetero_Phased_Rep2","Read_1771",0.0287596508542122,"Haplotype_A_Unmeth"
"NGS_H19_Hetero_Phased_Rep2","Read_1772",0.0198163071500508,"Haplotype_A_Unmeth"
"NGS_H19_Hetero_Phased_Rep2","Read_1773",0.976803750584189,"Haplotype_B_Meth"
"NGS_H19_Hetero_Phased_Rep2","Read_1774",0.0224795675253833,"Haplotype_A_Unmeth"
"NGS_H19_Hetero_Phased_Rep2","Read_1775",0.98268886700375,"Haplotype_B_Meth"
"NGS_H19_Hetero_Phased_Rep2","Read_1776",0.0208627152708446,"Haplotype_A_Unmeth"
"NGS_H19_Hetero_Phased_Rep2","Read_1777",0.986109279785852,"Haplotype_B_Meth"
"NGS_H19_Hetero_Phased_Rep2","Read_1778",0.0218193869194796,"Haplotype_A_Unmeth"
"NGS_H19_Hetero_Phased_Rep2","Read_1779",0.0237343015602864,"Haplotype_A_Unmeth"
"NGS_H19_Hetero_Phased_Rep2","Read_1780",0.0154694440757871,"Haplotype_A_Unmeth"
"NGS_H19_Hetero_Phased_Rep2","Read_1781",0.9826656000757,"Haplotype_B_Meth"
"NGS_H19_Hetero_Phased_Rep2","Read_1782",0.0248081695072059,"Haplotype_A_Unmeth"
"NGS_H19_Hetero_Phased_Rep2","Read_1783",0.978942733056791,"Haplotype_B_Meth"
"NGS_H19_Hetero_Phased_Rep2","Read_1784",0.975675943013813,"Haplotype_B_Meth"
"NGS_H19_Hetero_Phased_Rep2","Read_1785",0.973207623539697,"Haplotype_B_Meth"
"NGS_H19_Hetero_Phased_Rep2","Read_1786",0.978938347210318,"Haplotype_B_Meth"
"NGS_H19_Hetero_Phased_Rep2","Read_1787",0.0142689545916603,"Haplotype_A_Unmeth"
"NGS_H19_Hetero_Phased_Rep2","Read_1788",0.0232267295032451,"Haplotype_A_Unmeth"
"NGS_H19_Hetero_Phased_Rep2","Read_1789",0.982705232003843,"Haplotype_B_Meth"
"NGS_H19_Hetero_Phased_Rep2","Read_1790",0.98423857335396,"Haplotype_B_Meth"
"NGS_H19_Hetero_Phased_Rep2","Read_1791",0.984450816719328,"Haplotype_B_Meth"
"NGS_H19_Hetero_Phased_Rep2","Read_1792",0.978316064178146,"Haplotype_B_Meth"
"NGS_H19_Hetero_Phased_Rep2","Read_1793",0.0235958486760016,"Haplotype_A_Unmeth"
"NGS_H19_Hetero_Phased_Rep2","Read_1794",0.0199964643594003,"Haplotype_A_Unmeth"
"NGS_H19_Hetero_Phased_Rep2","Read_1795",0.975655380558075,"Haplotype_B_Meth"
"NGS_H19_Hetero_Phased_Rep2","Read_1796",0.983236718121046,"Haplotype_B_Meth"
"NGS_H19_Hetero_Phased_Rep2","Read_1797",0.0183869570904861,"Haplotype_A_Unmeth"
"NGS_H19_Hetero_Phased_Rep2","Read_1798",0.0140955480867609,"Haplotype_A_Unmeth"
"NGS_H19_Hetero_Phased_Rep2","Read_1799",0.0141253032271944,"Haplotype_A_Unmeth"
"NGS_H19_Hetero_Phased_Rep2","Read_1800",0.0183988656034677,"Haplotype_A_Unmeth"
"NGS_H19_Hetero_Phased_Rep2","Read_1801",0.0174344674604869,"Haplotype_A_Unmeth"
"NGS_H19_Hetero_Phased_Rep2","Read_1802",0.979103111375644,"Haplotype_B_Meth"
"NGS_H19_Hetero_Phased_Rep2","Read_1803",0.0197362938003359,"Haplotype_A_Unmeth"
"NGS_H19_Hetero_Phased_Rep2","Read_1804",0.984351860005291,"Haplotype_B_Meth"
"NGS_H19_Hetero_Phased_Rep2","Read_1805",0.974939069868619,"Haplotype_B_Meth"
"NGS_H19_Hetero_Phased_Rep2","Read_1806",0.0213856663734802,"Haplotype_A_Unmeth"
"NGS_H19_Hetero_Phased_Rep2","Read_1807",0.985003257456979,"Haplotype_B_Meth"
"NGS_H19_Hetero_Phased_Rep2","Read_1808",0.973551460368069,"Haplotype_B_Meth"
"NGS_H19_Hetero_Phased_Rep2","Read_1809",0.0153832783056614,"Haplotype_A_Unmeth"
"NGS_H19_Hetero_Phased_Rep2","Read_1810",0.982722367699086,"Haplotype_B_Meth"
"NGS_H19_Hetero_Phased_Rep2","Read_1811",0.0167514347448776,"Haplotype_A_Unmeth"
"NGS_H19_Hetero_Phased_Rep2","Read_1812",0.986396440118325,"Haplotype_B_Meth"
"NGS_H19_Hetero_Phased_Rep2","Read_1813",0.978364968351367,"Haplotype_B_Meth"
"NGS_H19_Hetero_Phased_Rep2","Read_1814",0.975730222050406,"Haplotype_B_Meth"
"NGS_H19_Hetero_Phased_Rep2","Read_1815",0.979652556672006,"Haplotype_B_Meth"
"NGS_H19_Hetero_Phased_Rep2","Read_1816",0.980774987701953,"Haplotype_B_Meth"
"NGS_H19_Hetero_Phased_Rep2","Read_1817",0.0197504644173024,"Haplotype_A_Unmeth"
"NGS_H19_Hetero_Phased_Rep2","Read_1818",0.0203478611274836,"Haplotype_A_Unmeth"
"NGS_H19_Hetero_Phased_Rep2","Read_1819",0.0159306585592613,"Haplotype_A_Unmeth"
"NGS_H19_Hetero_Phased_Rep2","Read_1820",0.0147639733456063,"Haplotype_A_Unmeth"
"NGS_H19_Hetero_Phased_Rep2","Read_1821",0.0224838376097175,"Haplotype_A_Unmeth"
"NGS_H19_Hetero_Phased_Rep2","Read_1822",0.978330248260904,"Haplotype_B_Meth"
"NGS_H19_Hetero_Phased_Rep2","Read_1823",0.028020306759749,"Haplotype_A_Unmeth"
"NGS_H19_Hetero_Phased_Rep2","Read_1824",0.0166183992537652,"Haplotype_A_Unmeth"
"NGS_H19_Hetero_Phased_Rep2","Read_1825",0.98598091845469,"Haplotype_B_Meth"
"NGS_H19_Hetero_Phased_Rep2","Read_1826",0.0211810473148212,"Haplotype_A_Unmeth"
"NGS_H19_Hetero_Phased_Rep2","Read_1827",0.980142625701652,"Haplotype_B_Meth"
"NGS_H19_Hetero_Phased_Rep2","Read_1828",0.0259444710721878,"Haplotype_A_Unmeth"
"NGS_H19_Hetero_Phased_Rep2","Read_1829",0.0133026668782616,"Haplotype_A_Unmeth"
"NGS_H19_Hetero_Phased_Rep2","Read_1830",0.980992764924324,"Haplotype_B_Meth"
"NGS_H19_Hetero_Phased_Rep2","Read_1831",0.0171369354571929,"Haplotype_A_Unmeth"
"NGS_H19_Hetero_Phased_Rep2","Read_1832",0.983359421881597,"Haplotype_B_Meth"
"NGS_H19_Hetero_Phased_Rep2","Read_1833",0.985676506582611,"Haplotype_B_Meth"
"NGS_H19_Hetero_Phased_Rep2","Read_1834",0.985760453103017,"Haplotype_B_Meth"
"NGS_H19_Hetero_Phased_Rep2","Read_1835",0.0216180356801352,"Haplotype_A_Unmeth"
"NGS_H19_Hetero_Phased_Rep2","Read_1836",0.0239823933477433,"Haplotype_A_Unmeth"
"NGS_H19_Hetero_Phased_Rep2","Read_1837",0.983856727425548,"Haplotype_B_Meth"
"NGS_H19_Hetero_Phased_Rep2","Read_1838",0.020816526216507,"Haplotype_A_Unmeth"
"NGS_H19_Hetero_Phased_Rep2","Read_1839",0.0151717120572504,"Haplotype_A_Unmeth"
"NGS_H19_Hetero_Phased_Rep2","Read_1840",0.0207980352349358,"Haplotype_A_Unmeth"
"NGS_H19_Hetero_Phased_Rep2","Read_1841",0.0242875241481499,"Haplotype_A_Unmeth"
"NGS_H19_Hetero_Phased_Rep2","Read_1842",0.973917902750015,"Haplotype_B_Meth"
"NGS_H19_Hetero_Phased_Rep2","Read_1843",0.024964043338172,"Haplotype_A_Unmeth"
"NGS_H19_Hetero_Phased_Rep2","Read_1844",0.0210026600852347,"Haplotype_A_Unmeth"
"NGS_H19_Hetero_Phased_Rep2","Read_1845",0.0135870875256493,"Haplotype_A_Unmeth"
"NGS_H19_Hetero_Phased_Rep2","Read_1846",0.97487312830337,"Haplotype_B_Meth"
"NGS_H19_Hetero_Phased_Rep2","Read_1847",0.0162864137418479,"Haplotype_A_Unmeth"
"NGS_H19_Hetero_Phased_Rep2","Read_1848",0.0155200537629193,"Haplotype_A_Unmeth"
"NGS_H19_Hetero_Phased_Rep2","Read_1849",0.0146834851374872,"Haplotype_A_Unmeth"
"NGS_H19_Hetero_Phased_Rep2","Read_1850",0.0258401764842929,"Haplotype_A_Unmeth"
"NGS_H19_Hetero_Phased_Rep2","Read_1851",0.0189559012018412,"Haplotype_A_Unmeth"
"NGS_H19_Hetero_Phased_Rep2","Read_1852",0.0183462181657353,"Haplotype_A_Unmeth"
"NGS_H19_Hetero_Phased_Rep2","Read_1853",0.983642291385557,"Haplotype_B_Meth"
"NGS_H19_Hetero_Phased_Rep2","Read_1854",0.979953376558555,"Haplotype_B_Meth"
"NGS_H19_Hetero_Phased_Rep2","Read_1855",0.0225734835776591,"Haplotype_A_Unmeth"
"NGS_H19_Hetero_Phased_Rep2","Read_1856",0.019965709263125,"Haplotype_A_Unmeth"
"NGS_H19_Hetero_Phased_Rep2","Read_1857",0.983972594332248,"Haplotype_B_Meth"
"NGS_H19_Hetero_Phased_Rep2","Read_1858",0.972182267457611,"Haplotype_B_Meth"
"NGS_H19_Hetero_Phased_Rep2","Read_1859",0.98563979264078,"Haplotype_B_Meth"
"NGS_H19_Hetero_Phased_Rep2","Read_1860",0.0270238676107485,"Haplotype_A_Unmeth"
"NGS_H19_Hetero_Phased_Rep2","Read_1861",0.014741362073042,"Haplotype_A_Unmeth"
"NGS_H19_Hetero_Phased_Rep2","Read_1862",0.982204914437868,"Haplotype_B_Meth"
"NGS_H19_Hetero_Phased_Rep2","Read_1863",0.0194884200709171,"Haplotype_A_Unmeth"
"NGS_H19_Hetero_Phased_Rep2","Read_1864",0.0278277494703183,"Haplotype_A_Unmeth"
"NGS_H19_Hetero_Phased_Rep2","Read_1865",0.985845947403881,"Haplotype_B_Meth"
"NGS_H19_Hetero_Phased_Rep2","Read_1866",0.979974194921234,"Haplotype_B_Meth"
"NGS_H19_Hetero_Phased_Rep2","Read_1867",0.0186121801748298,"Haplotype_A_Unmeth"
"NGS_H19_Hetero_Phased_Rep2","Read_1868",0.0190230903605202,"Haplotype_A_Unmeth"
"NGS_H19_Hetero_Phased_Rep2","Read_1869",0.975968648700815,"Haplotype_B_Meth"
"NGS_H19_Hetero_Phased_Rep2","Read_1870",0.0155505321157329,"Haplotype_A_Unmeth"
"NGS_H19_Hetero_Phased_Rep2","Read_1871",0.0243205618800737,"Haplotype_A_Unmeth"
"NGS_H19_Hetero_Phased_Rep2","Read_1872",0.978420727815587,"Haplotype_B_Meth"
"NGS_H19_Hetero_Phased_Rep2","Read_1873",0.97490225632096,"Haplotype_B_Meth"
"NGS_H19_Hetero_Phased_Rep2","Read_1874",0.0226247406986624,"Haplotype_A_Unmeth"
"NGS_H19_Hetero_Phased_Rep2","Read_1875",0.973600579944602,"Haplotype_B_Meth"
"NGS_H19_Hetero_Phased_Rep2","Read_1876",0.978701108442891,"Haplotype_B_Meth"
"NGS_H19_Hetero_Phased_Rep2","Read_1877",0.0166613448594562,"Haplotype_A_Unmeth"
"NGS_H19_Hetero_Phased_Rep2","Read_1878",0.975745210895403,"Haplotype_B_Meth"
"NGS_H19_Hetero_Phased_Rep2","Read_1879",0.0150378282703133,"Haplotype_A_Unmeth"
"NGS_H19_Hetero_Phased_Rep2","Read_1880",0.0151589769099965,"Haplotype_A_Unmeth"
"NGS_H19_Hetero_Phased_Rep2","Read_1881",0.981027917646633,"Haplotype_B_Meth"
"NGS_H19_Hetero_Phased_Rep2","Read_1882",0.980448443468834,"Haplotype_B_Meth"
"NGS_H19_Hetero_Phased_Rep2","Read_1883",0.983923207514981,"Haplotype_B_Meth"
"NGS_H19_Hetero_Phased_Rep2","Read_1884",0.968184149894577,"Haplotype_B_Meth"
"NGS_H19_Hetero_Phased_Rep2","Read_1885",0.980987712472409,"Haplotype_B_Meth"
"NGS_H19_Hetero_Phased_Rep2","Read_1886",0.0196947354778189,"Haplotype_A_Unmeth"
"NGS_H19_Hetero_Phased_Rep2","Read_1887",0.975048842470864,"Haplotype_B_Meth"
"NGS_H19_Hetero_Phased_Rep2","Read_1888",0.0153497447335108,"Haplotype_A_Unmeth"
"NGS_H19_Hetero_Phased_Rep2","Read_1889",0.984048896768766,"Haplotype_B_Meth"
"NGS_H19_Hetero_Phased_Rep2","Read_1890",0.0224401336960387,"Haplotype_A_Unmeth"
"NGS_H19_Hetero_Phased_Rep2","Read_1891",0.980532198063222,"Haplotype_B_Meth"
"NGS_H19_Hetero_Phased_Rep2","Read_1892",0.979663897402542,"Haplotype_B_Meth"
"NGS_H19_Hetero_Phased_Rep2","Read_1893",0.975218027331234,"Haplotype_B_Meth"
"NGS_H19_Hetero_Phased_Rep2","Read_1894",0.974737907968586,"Haplotype_B_Meth"
"NGS_H19_Hetero_Phased_Rep2","Read_1895",0.984662026876295,"Haplotype_B_Meth"
"NGS_H19_Hetero_Phased_Rep2","Read_1896",0.976027310337695,"Haplotype_B_Meth"
"NGS_H19_Hetero_Phased_Rep2","Read_1897",0.0198334433894659,"Haplotype_A_Unmeth"
"NGS_H19_Hetero_Phased_Rep2","Read_1898",0.980603443542324,"Haplotype_B_Meth"
"NGS_H19_Hetero_Phased_Rep2","Read_1899",0.977508368403295,"Haplotype_B_Meth"
"NGS_H19_Hetero_Phased_Rep2","Read_1900",0.0216535483357107,"Haplotype_A_Unmeth"
"NGS_H19_Hetero_Phased_Rep2","Read_1901",0.0157029217279215,"Haplotype_A_Unmeth"
"NGS_H19_Hetero_Phased_Rep2","Read_1902",0.969969323303099,"Haplotype_B_Meth"
"NGS_H19_Hetero_Phased_Rep2","Read_1903",0.0180601587675059,"Haplotype_A_Unmeth"
"NGS_H19_Hetero_Phased_Rep2","Read_1904",0.00903693061492742,"Haplotype_A_Unmeth"
"NGS_H19_Hetero_Phased_Rep2","Read_1905",0.018131528871718,"Haplotype_A_Unmeth"
"NGS_H19_Hetero_Phased_Rep2","Read_1906",0.0223317193888065,"Haplotype_A_Unmeth"
"NGS_H19_Hetero_Phased_Rep2","Read_1907",0.98407577716014,"Haplotype_B_Meth"
"NGS_H19_Hetero_Phased_Rep2","Read_1908",0.0205841523666034,"Haplotype_A_Unmeth"
"NGS_H19_Hetero_Phased_Rep2","Read_1909",0.977395723013622,"Haplotype_B_Meth"
"NGS_H19_Hetero_Phased_Rep2","Read_1910",0.0178070365848639,"Haplotype_A_Unmeth"
"NGS_H19_Hetero_Phased_Rep2","Read_1911",0.978856100152173,"Haplotype_B_Meth"
"NGS_H19_Hetero_Phased_Rep2","Read_1912",0.972317634112218,"Haplotype_B_Meth"
"NGS_H19_Hetero_Phased_Rep2","Read_1913",0.0211891629564727,"Haplotype_A_Unmeth"
"NGS_H19_Hetero_Phased_Rep2","Read_1914",0.0185934758862425,"Haplotype_A_Unmeth"
"NGS_H19_Hetero_Phased_Rep2","Read_1915",0.0238603378495277,"Haplotype_A_Unmeth"
"NGS_H19_Hetero_Phased_Rep2","Read_1916",0.97403285915471,"Haplotype_B_Meth"
"NGS_H19_Hetero_Phased_Rep2","Read_1917",0.0205349050485025,"Haplotype_A_Unmeth"
"NGS_H19_Hetero_Phased_Rep2","Read_1918",0.0252366655965558,"Haplotype_A_Unmeth"
"NGS_H19_Hetero_Phased_Rep2","Read_1919",0.0205522063160165,"Haplotype_A_Unmeth"
"NGS_H19_Hetero_Phased_Rep2","Read_1920",0.981984070270641,"Haplotype_B_Meth"
"NGS_H19_Hetero_Phased_Rep2","Read_1921",0.0176526931795346,"Haplotype_A_Unmeth"
"NGS_H19_Hetero_Phased_Rep2","Read_1922",0.0211426334021589,"Haplotype_A_Unmeth"
"NGS_H19_Hetero_Phased_Rep2","Read_1923",0.985381004707601,"Haplotype_B_Meth"
"NGS_H19_Hetero_Phased_Rep2","Read_1924",0.0168156005806271,"Haplotype_A_Unmeth"
"NGS_H19_Hetero_Phased_Rep2","Read_1925",0.0256607714127696,"Haplotype_A_Unmeth"
"NGS_H19_Hetero_Phased_Rep2","Read_1926",0.0138464827078363,"Haplotype_A_Unmeth"
"NGS_H19_Hetero_Phased_Rep2","Read_1927",0.0198897127164454,"Haplotype_A_Unmeth"
"NGS_H19_Hetero_Phased_Rep2","Read_1928",0.982020092039967,"Haplotype_B_Meth"
"NGS_H19_Hetero_Phased_Rep2","Read_1929",0.975531663346008,"Haplotype_B_Meth"
"NGS_H19_Hetero_Phased_Rep2","Read_1930",0.0188774637225524,"Haplotype_A_Unmeth"
"NGS_H19_Hetero_Phased_Rep2","Read_1931",0.0189029347417554,"Haplotype_A_Unmeth"
"NGS_H19_Hetero_Phased_Rep2","Read_1932",0.017387040004715,"Haplotype_A_Unmeth"
"NGS_H19_Hetero_Phased_Rep2","Read_1933",0.018028234618718,"Haplotype_A_Unmeth"
"NGS_H19_Hetero_Phased_Rep2","Read_1934",0.978947672654074,"Haplotype_B_Meth"
"NGS_H19_Hetero_Phased_Rep2","Read_1935",0.981243902288721,"Haplotype_B_Meth"
"NGS_H19_Hetero_Phased_Rep2","Read_1936",0.979537708982718,"Haplotype_B_Meth"
"NGS_H19_Hetero_Phased_Rep2","Read_1937",0.984724538865779,"Haplotype_B_Meth"
"NGS_H19_Hetero_Phased_Rep2","Read_1938",0.974223387599495,"Haplotype_B_Meth"
"NGS_H19_Hetero_Phased_Rep2","Read_1939",0.0191916515133464,"Haplotype_A_Unmeth"
"NGS_H19_Hetero_Phased_Rep2","Read_1940",0.978598741487931,"Haplotype_B_Meth"
"NGS_H19_Hetero_Phased_Rep2","Read_1941",0.988813544100137,"Haplotype_B_Meth"
"NGS_H19_Hetero_Phased_Rep2","Read_1942",0.0232354730986876,"Haplotype_A_Unmeth"
"NGS_H19_Hetero_Phased_Rep2","Read_1943",0.0195966137415288,"Haplotype_A_Unmeth"
"NGS_H19_Hetero_Phased_Rep2","Read_1944",0.972644437182513,"Haplotype_B_Meth"
"NGS_H19_Hetero_Phased_Rep2","Read_1945",0.0184921039576823,"Haplotype_A_Unmeth"
"NGS_H19_Hetero_Phased_Rep2","Read_1946",0.0231689415693584,"Haplotype_A_Unmeth"
"NGS_H19_Hetero_Phased_Rep2","Read_1947",0.981511577040383,"Haplotype_B_Meth"
"NGS_H19_Hetero_Phased_Rep2","Read_1948",0.0231958542912412,"Haplotype_A_Unmeth"
"NGS_H19_Hetero_Phased_Rep2","Read_1949",0.0151319839552777,"Haplotype_A_Unmeth"
"NGS_H19_Hetero_Phased_Rep2","Read_1950",0.0230743983066157,"Haplotype_A_Unmeth"
"NGS_H19_Hetero_Phased_Rep2","Read_1951",0.978349385430498,"Haplotype_B_Meth"
"NGS_H19_Hetero_Phased_Rep2","Read_1952",0.0145807709789677,"Haplotype_A_Unmeth"
"NGS_H19_Hetero_Phased_Rep2","Read_1953",0.0230196058384987,"Haplotype_A_Unmeth"
"NGS_H19_Hetero_Phased_Rep2","Read_1954",0.975480517128454,"Haplotype_B_Meth"
"NGS_H19_Hetero_Phased_Rep2","Read_1955",0.0160019325086116,"Haplotype_A_Unmeth"
"NGS_H19_Hetero_Phased_Rep2","Read_1956",0.0264131366447719,"Haplotype_A_Unmeth"
"NGS_H19_Hetero_Phased_Rep2","Read_1957",0.0245722401171931,"Haplotype_A_Unmeth"
"NGS_H19_Hetero_Phased_Rep2","Read_1958",0.0169675248940008,"Haplotype_A_Unmeth"
"NGS_H19_Hetero_Phased_Rep2","Read_1959",0.0151312745420817,"Haplotype_A_Unmeth"
"NGS_H19_Hetero_Phased_Rep2","Read_1960",0.0181815125122065,"Haplotype_A_Unmeth"
"NGS_H19_Hetero_Phased_Rep2","Read_1961",0.970678939781429,"Haplotype_B_Meth"
"NGS_H19_Hetero_Phased_Rep2","Read_1962",0.9849818541783,"Haplotype_B_Meth"
"NGS_H19_Hetero_Phased_Rep2","Read_1963",0.974857965560747,"Haplotype_B_Meth"
"NGS_H19_Hetero_Phased_Rep2","Read_1964",0.0193633661791385,"Haplotype_A_Unmeth"
"NGS_H19_Hetero_Phased_Rep2","Read_1965",0.986707593370414,"Haplotype_B_Meth"
"NGS_H19_Hetero_Phased_Rep2","Read_1966",0.969708329282064,"Haplotype_B_Meth"
"NGS_H19_Hetero_Phased_Rep2","Read_1967",0.979171433408105,"Haplotype_B_Meth"
"NGS_H19_Hetero_Phased_Rep2","Read_1968",0.980061335758128,"Haplotype_B_Meth"
"NGS_H19_Hetero_Phased_Rep2","Read_1969",0.0200661937621894,"Haplotype_A_Unmeth"
"NGS_H19_Hetero_Phased_Rep2","Read_1970",0.986150068048597,"Haplotype_B_Meth"
"NGS_H19_Hetero_Phased_Rep2","Read_1971",0.981182217059886,"Haplotype_B_Meth"
"NGS_H19_Hetero_Phased_Rep2","Read_1972",0.980554452294333,"Haplotype_B_Meth"
"NGS_H19_Hetero_Phased_Rep2","Read_1973",0.974041063325328,"Haplotype_B_Meth"
"NGS_H19_Hetero_Phased_Rep2","Read_1974",0.982832609658702,"Haplotype_B_Meth"
"NGS_H19_Hetero_Phased_Rep2","Read_1975",0.982844299480548,"Haplotype_B_Meth"
"NGS_H19_Hetero_Phased_Rep2","Read_1976",0.981255366097587,"Haplotype_B_Meth"
"NGS_H19_Hetero_Phased_Rep2","Read_1977",0.0201855013472655,"Haplotype_A_Unmeth"
"NGS_H19_Hetero_Phased_Rep2","Read_1978",0.976422080638571,"Haplotype_B_Meth"
"NGS_H19_Hetero_Phased_Rep2","Read_1979",0.0262558691980816,"Haplotype_A_Unmeth"
"NGS_H19_Hetero_Phased_Rep2","Read_1980",0.027923090726995,"Haplotype_A_Unmeth"
"NGS_H19_Hetero_Phased_Rep2","Read_1981",0.976151589396727,"Haplotype_B_Meth"
"NGS_H19_Hetero_Phased_Rep2","Read_1982",0.0180150619845031,"Haplotype_A_Unmeth"
"NGS_H19_Hetero_Phased_Rep2","Read_1983",0.986847401804633,"Haplotype_B_Meth"
"NGS_H19_Hetero_Phased_Rep2","Read_1984",0.0167681048228925,"Haplotype_A_Unmeth"
"NGS_H19_Hetero_Phased_Rep2","Read_1985",0.982263930403185,"Haplotype_B_Meth"
"NGS_H19_Hetero_Phased_Rep2","Read_1986",0.0264089653368325,"Haplotype_A_Unmeth"
"NGS_H19_Hetero_Phased_Rep2","Read_1987",0.986840839417226,"Haplotype_B_Meth"
"NGS_H19_Hetero_Phased_Rep2","Read_1988",0.0128437729392486,"Haplotype_A_Unmeth"
"NGS_H19_Hetero_Phased_Rep2","Read_1989",0.0217898517276367,"Haplotype_A_Unmeth"
"NGS_H19_Hetero_Phased_Rep2","Read_1990",0.0163818917717208,"Haplotype_A_Unmeth"
"NGS_H19_Hetero_Phased_Rep2","Read_1991",0.0222454746033963,"Haplotype_A_Unmeth"
"NGS_H19_Hetero_Phased_Rep2","Read_1992",0.975445741777099,"Haplotype_B_Meth"
"NGS_H19_Hetero_Phased_Rep2","Read_1993",0.978816345626698,"Haplotype_B_Meth"
"NGS_H19_Hetero_Phased_Rep2","Read_1994",0.025356300469002,"Haplotype_A_Unmeth"
"NGS_H19_Hetero_Phased_Rep2","Read_1995",0.0202425563962309,"Haplotype_A_Unmeth"
"NGS_H19_Hetero_Phased_Rep2","Read_1996",0.981271091936437,"Haplotype_B_Meth"
"NGS_H19_Hetero_Phased_Rep2","Read_1997",0.983192358529672,"Haplotype_B_Meth"
"NGS_H19_Hetero_Phased_Rep2","Read_1998",0.978146010068314,"Haplotype_B_Meth"
"NGS_H19_Hetero_Phased_Rep2","Read_1999",0.977374711032845,"Haplotype_B_Meth"
"NGS_H19_Hetero_Phased_Rep2","Read_2000",0.986858932503011,"Haplotype_B_Meth"
"NGS_H19_Hetero_Phased_Rep2","Read_2001",0.0268722829427613,"Haplotype_A_Unmeth"
"NGS_H19_Hetero_Phased_Rep2","Read_2002",0.982930569626914,"Haplotype_B_Meth"
"NGS_H19_Hetero_Phased_Rep2","Read_2003",0.983616134070185,"Haplotype_B_Meth"
"NGS_H19_Hetero_Phased_Rep2","Read_2004",0.0197250627028772,"Haplotype_A_Unmeth"
"NGS_H19_Hetero_Phased_Rep2","Read_2005",0.0178914665571248,"Haplotype_A_Unmeth"
"NGS_H19_Hetero_Phased_Rep2","Read_2006",0.02708112662722,"Haplotype_A_Unmeth"
"NGS_H19_Hetero_Phased_Rep2","Read_2007",0.984075462960981,"Haplotype_B_Meth"
"NGS_H19_Hetero_Phased_Rep2","Read_2008",0.0180877165444421,"Haplotype_A_Unmeth"
"NGS_H19_Hetero_Phased_Rep2","Read_2009",0.0159560978528054,"Haplotype_A_Unmeth"
"NGS_H19_Hetero_Phased_Rep2","Read_2010",0.0204134628294621,"Haplotype_A_Unmeth"
"NGS_H19_Hetero_Phased_Rep2","Read_2011",0.984529457734121,"Haplotype_B_Meth"
"NGS_H19_Hetero_Phased_Rep2","Read_2012",0.0218591269678683,"Haplotype_A_Unmeth"
"NGS_H19_Hetero_Phased_Rep2","Read_2013",0.0165187458969853,"Haplotype_A_Unmeth"
"NGS_H19_Hetero_Phased_Rep2","Read_2014",0.0178414017685233,"Haplotype_A_Unmeth"
"NGS_H19_Hetero_Phased_Rep2","Read_2015",0.982815593754565,"Haplotype_B_Meth"
"NGS_H19_Hetero_Phased_Rep2","Read_2016",0.0153272774515402,"Haplotype_A_Unmeth"
"NGS_H19_Hetero_Phased_Rep2","Read_2017",0.0175463187590827,"Haplotype_A_Unmeth"
"NGS_H19_Hetero_Phased_Rep2","Read_2018",0.981700576520702,"Haplotype_B_Meth"
"NGS_H19_Hetero_Phased_Rep2","Read_2019",0.988308414309592,"Haplotype_B_Meth"
"NGS_H19_Hetero_Phased_Rep2","Read_2020",0.980989275561445,"Haplotype_B_Meth"
"NGS_H19_Hetero_Phased_Rep2","Read_2021",0.0253903471621174,"Haplotype_A_Unmeth"
"NGS_H19_Hetero_Phased_Rep2","Read_2022",0.0137772655052179,"Haplotype_A_Unmeth"
"NGS_H19_Hetero_Phased_Rep2","Read_2023",0.984868750485976,"Haplotype_B_Meth"
"NGS_H19_Hetero_Phased_Rep2","Read_2024",0.977471536683766,"Haplotype_B_Meth"
"NGS_H19_Hetero_Phased_Rep2","Read_2025",0.0168795665792547,"Haplotype_A_Unmeth"
"NGS_H19_Hetero_Phased_Rep2","Read_2026",0.0208166385567949,"Haplotype_A_Unmeth"
"NGS_H19_Hetero_Phased_Rep2","Read_2027",0.0169109478884316,"Haplotype_A_Unmeth"
"NGS_H19_Hetero_Phased_Rep2","Read_2028",0.0245925185073826,"Haplotype_A_Unmeth"
"NGS_H19_Hetero_Phased_Rep2","Read_2029",0.980227872845765,"Haplotype_B_Meth"
"NGS_H19_Hetero_Phased_Rep2","Read_2030",0.972480050119215,"Haplotype_B_Meth"
"NGS_H19_Hetero_Phased_Rep2","Read_2031",0.975942362408296,"Haplotype_B_Meth"
"NGS_H19_Hetero_Phased_Rep2","Read_2032",0.0260625460364104,"Haplotype_A_Unmeth"
"NGS_H19_Hetero_Phased_Rep2","Read_2033",0.0160301923891617,"Haplotype_A_Unmeth"
"NGS_H19_Hetero_Phased_Rep2","Read_2034",0.980965193943605,"Haplotype_B_Meth"
"NGS_H19_Hetero_Phased_Rep2","Read_2035",0.0281944401332977,"Haplotype_A_Unmeth"
"NGS_H19_Hetero_Phased_Rep2","Read_2036",0.971841355820418,"Haplotype_B_Meth"
"NGS_H19_Hetero_Phased_Rep2","Read_2037",0.972530851772485,"Haplotype_B_Meth"
"NGS_H19_Hetero_Phased_Rep2","Read_2038",0.0220726005204329,"Haplotype_A_Unmeth"
"NGS_H19_Hetero_Phased_Rep2","Read_2039",0.987313601576534,"Haplotype_B_Meth"
"NGS_H19_Hetero_Phased_Rep2","Read_2040",0.983109378104884,"Haplotype_B_Meth"
"NGS_H19_Hetero_Phased_Rep2","Read_2041",0.020010241143322,"Haplotype_A_Unmeth"
"NGS_H19_Hetero_Phased_Rep2","Read_2042",0.0215836558709758,"Haplotype_A_Unmeth"
"NGS_H19_Hetero_Phased_Rep2","Read_2043",0.0140250176974386,"Haplotype_A_Unmeth"
"NGS_H19_Hetero_Phased_Rep2","Read_2044",0.0239819291315855,"Haplotype_A_Unmeth"
"NGS_H19_Hetero_Phased_Rep2","Read_2045",0.976986731684296,"Haplotype_B_Meth"
"NGS_H19_Hetero_Phased_Rep2","Read_2046",0.981606124861785,"Haplotype_B_Meth"
"NGS_H19_Hetero_Phased_Rep2","Read_2047",0.0196814227624231,"Haplotype_A_Unmeth"
"NGS_H19_Hetero_Phased_Rep2","Read_2048",0.977185107292309,"Haplotype_B_Meth"
"NGS_H19_Hetero_Phased_Rep2","Read_2049",0.978723864962024,"Haplotype_B_Meth"
"NGS_H19_Hetero_Phased_Rep2","Read_2050",0.0143704010282881,"Haplotype_A_Unmeth"
"NGS_H19_Hetero_Phased_Rep2","Read_2051",0.976324971852124,"Haplotype_B_Meth"
"NGS_H19_Hetero_Phased_Rep2","Read_2052",0.0133903285886779,"Haplotype_A_Unmeth"
"NGS_H19_Hetero_Phased_Rep2","Read_2053",0.985148803529935,"Haplotype_B_Meth"
"NGS_H19_Hetero_Phased_Rep2","Read_2054",0.980577241393828,"Haplotype_B_Meth"
"NGS_H19_Hetero_Phased_Rep2","Read_2055",0.981253130092926,"Haplotype_B_Meth"
"NGS_H19_Hetero_Phased_Rep2","Read_2056",0.980278061791165,"Haplotype_B_Meth"
"NGS_H19_Hetero_Phased_Rep2","Read_2057",0.980486095842739,"Haplotype_B_Meth"
"NGS_H19_Hetero_Phased_Rep2","Read_2058",0.977215947584508,"Haplotype_B_Meth"
"NGS_H19_Hetero_Phased_Rep2","Read_2059",0.980388194727158,"Haplotype_B_Meth"
"NGS_H19_Hetero_Phased_Rep2","Read_2060",0.97945146785427,"Haplotype_B_Meth"
"NGS_H19_Hetero_Phased_Rep2","Read_2061",0.0213991314162098,"Haplotype_A_Unmeth"
"NGS_H19_Hetero_Phased_Rep2","Read_2062",0.9813446885458,"Haplotype_B_Meth"
"NGS_H19_Hetero_Phased_Rep2","Read_2063",0.0226650365134464,"Haplotype_A_Unmeth"
"NGS_H19_Hetero_Phased_Rep2","Read_2064",0.0183689214888581,"Haplotype_A_Unmeth"
"NGS_H19_Hetero_Phased_Rep2","Read_2065",0.975732724561135,"Haplotype_B_Meth"
"NGS_H19_Hetero_Phased_Rep2","Read_2066",0.975364828032022,"Haplotype_B_Meth"
"NGS_H19_Hetero_Phased_Rep2","Read_2067",0.985089706998712,"Haplotype_B_Meth"
"NGS_H19_Hetero_Phased_Rep2","Read_2068",0.0160276515276152,"Haplotype_A_Unmeth"
"NGS_H19_Hetero_Phased_Rep2","Read_2069",0.0153871640617197,"Haplotype_A_Unmeth"
"NGS_H19_Hetero_Phased_Rep2","Read_2070",0.979424414110618,"Haplotype_B_Meth"
"NGS_H19_Hetero_Phased_Rep2","Read_2071",0.0218906962078638,"Haplotype_A_Unmeth"
"NGS_H19_Hetero_Phased_Rep2","Read_2072",0.98408391996512,"Haplotype_B_Meth"
"NGS_H19_Hetero_Phased_Rep2","Read_2073",0.981350904467889,"Haplotype_B_Meth"
"NGS_H19_Hetero_Phased_Rep2","Read_2074",0.0185217080116189,"Haplotype_A_Unmeth"
"NGS_H19_Hetero_Phased_Rep2","Read_2075",0.983154979378737,"Haplotype_B_Meth"
"NGS_H19_Hetero_Phased_Rep2","Read_2076",0.0207211105858478,"Haplotype_A_Unmeth"
"NGS_H19_Hetero_Phased_Rep2","Read_2077",0.982944502549309,"Haplotype_B_Meth"
"NGS_H19_Hetero_Phased_Rep2","Read_2078",0.0234103981115912,"Haplotype_A_Unmeth"
"NGS_H19_Hetero_Phased_Rep2","Read_2079",0.982547444549384,"Haplotype_B_Meth"
"NGS_H19_Hetero_Phased_Rep2","Read_2080",0.978944534780166,"Haplotype_B_Meth"
"NGS_H19_Hetero_Phased_Rep2","Read_2081",0.0182329666099496,"Haplotype_A_Unmeth"
"NGS_H19_Hetero_Phased_Rep2","Read_2082",0.0180956222728932,"Haplotype_A_Unmeth"
"NGS_H19_Hetero_Phased_Rep2","Read_2083",0.976304153302845,"Haplotype_B_Meth"
"NGS_H19_Hetero_Phased_Rep2","Read_2084",0.984417739144035,"Haplotype_B_Meth"
"NGS_H19_Hetero_Phased_Rep2","Read_2085",0.979085973234772,"Haplotype_B_Meth"
"NGS_H19_Hetero_Phased_Rep2","Read_2086",0.0297701398908594,"Haplotype_A_Unmeth"
"NGS_H19_Hetero_Phased_Rep2","Read_2087",0.974011803344707,"Haplotype_B_Meth"
"NGS_H19_Hetero_Phased_Rep2","Read_2088",0.981501853966689,"Haplotype_B_Meth"
"NGS_H19_Hetero_Phased_Rep2","Read_2089",0.986843177211424,"Haplotype_B_Meth"
"NGS_H19_Hetero_Phased_Rep2","Read_2090",0.0179907243133134,"Haplotype_A_Unmeth"
"NGS_H19_Hetero_Phased_Rep2","Read_2091",0.0306118241469826,"Haplotype_A_Unmeth"
"NGS_H19_Hetero_Phased_Rep2","Read_2092",0.972735428625412,"Haplotype_B_Meth"
"NGS_H19_Hetero_Phased_Rep2","Read_2093",0.0175985346265948,"Haplotype_A_Unmeth"
"NGS_H19_Hetero_Phased_Rep2","Read_2094",0.984820093598131,"Haplotype_B_Meth"
"NGS_H19_Hetero_Phased_Rep2","Read_2095",0.0183610723460108,"Haplotype_A_Unmeth"
"NGS_H19_Hetero_Phased_Rep2","Read_2096",0.0118167262350381,"Haplotype_A_Unmeth"
"NGS_H19_Hetero_Phased_Rep2","Read_2097",0.98015773545603,"Haplotype_B_Meth"
"NGS_H19_Hetero_Phased_Rep2","Read_2098",0.973719352131907,"Haplotype_B_Meth"
"NGS_H19_Hetero_Phased_Rep2","Read_2099",0.97848288503383,"Haplotype_B_Meth"
"NGS_H19_Hetero_Phased_Rep2","Read_2100",0.025912217823998,"Haplotype_A_Unmeth"
"NGS_H19_Hetero_Phased_Rep2","Read_2101",0.0205033892962191,"Haplotype_A_Unmeth"
"NGS_H19_Hetero_Phased_Rep2","Read_2102",0.978628251188031,"Haplotype_B_Meth"
"NGS_H19_Hetero_Phased_Rep2","Read_2103",0.978982254181745,"Haplotype_B_Meth"
"NGS_H19_Hetero_Phased_Rep2","Read_2104",0.981831666936235,"Haplotype_B_Meth"
"NGS_H19_Hetero_Phased_Rep2","Read_2105",0.0179458667525508,"Haplotype_A_Unmeth"
"NGS_H19_Hetero_Phased_Rep2","Read_2106",0.975844140729546,"Haplotype_B_Meth"
"NGS_H19_Hetero_Phased_Rep2","Read_2107",0.02386162573476,"Haplotype_A_Unmeth"
"NGS_H19_Hetero_Phased_Rep2","Read_2108",0.0195952833115032,"Haplotype_A_Unmeth"
"NGS_H19_Hetero_Phased_Rep2","Read_2109",0.973635575381758,"Haplotype_B_Meth"
"NGS_H19_Hetero_Phased_Rep2","Read_2110",0.982230149310055,"Haplotype_B_Meth"
"NGS_H19_Hetero_Phased_Rep2","Read_2111",0.0154237511370379,"Haplotype_A_Unmeth"
"NGS_H19_Hetero_Phased_Rep2","Read_2112",0.0218457104709993,"Haplotype_A_Unmeth"
"NGS_H19_Hetero_Phased_Rep2","Read_2113",0.980679805150411,"Haplotype_B_Meth"
"NGS_H19_Hetero_Phased_Rep2","Read_2114",0.0182768288551369,"Haplotype_A_Unmeth"
"NGS_H19_Hetero_Phased_Rep2","Read_2115",0.0260130795916647,"Haplotype_A_Unmeth"
"NGS_H19_Hetero_Phased_Rep2","Read_2116",0.0182207104078508,"Haplotype_A_Unmeth"
"NGS_H19_Hetero_Phased_Rep2","Read_2117",0.980223490436972,"Haplotype_B_Meth"
"NGS_H19_Hetero_Phased_Rep2","Read_2118",0.0192732990344256,"Haplotype_A_Unmeth"
"NGS_H19_Hetero_Phased_Rep2","Read_2119",0.977496194023835,"Haplotype_B_Meth"
"NGS_H19_Hetero_Phased_Rep2","Read_2120",0.0220044068573557,"Haplotype_A_Unmeth"
"NGS_H19_Hetero_Phased_Rep2","Read_2121",0.0305947940170839,"Haplotype_A_Unmeth"
"NGS_H19_Hetero_Phased_Rep2","Read_2122",0.987298268484799,"Haplotype_B_Meth"
"NGS_H19_Hetero_Phased_Rep2","Read_2123",0.019481004002453,"Haplotype_A_Unmeth"
"NGS_H19_Hetero_Phased_Rep2","Read_2124",0.0181858167053036,"Haplotype_A_Unmeth"
"NGS_H19_Hetero_Phased_Rep2","Read_2125",0.0222926573821419,"Haplotype_A_Unmeth"
"NGS_H19_Hetero_Phased_Rep2","Read_2126",0.977207591387288,"Haplotype_B_Meth"
"NGS_H19_Hetero_Phased_Rep2","Read_2127",0.0207051984172721,"Haplotype_A_Unmeth"
"NGS_H19_Hetero_Phased_Rep2","Read_2128",0.0185105930386388,"Haplotype_A_Unmeth"
"NGS_H19_Hetero_Phased_Rep2","Read_2129",0.974613849811472,"Haplotype_B_Meth"
"NGS_H19_Hetero_Phased_Rep2","Read_2130",0.978188386467423,"Haplotype_B_Meth"
"NGS_H19_Hetero_Phased_Rep2","Read_2131",0.989267853094972,"Haplotype_B_Meth"
"NGS_H19_Hetero_Phased_Rep2","Read_2132",0.019959965785133,"Haplotype_A_Unmeth"
"NGS_H19_Hetero_Phased_Rep2","Read_2133",0.981137438624654,"Haplotype_B_Meth"
"NGS_H19_Hetero_Phased_Rep2","Read_2134",0.0207198202476402,"Haplotype_A_Unmeth"
"NGS_H19_Hetero_Phased_Rep2","Read_2135",0.984047640685303,"Haplotype_B_Meth"
"NGS_H19_Hetero_Phased_Rep2","Read_2136",0.984303746211311,"Haplotype_B_Meth"
"NGS_H19_Hetero_Phased_Rep2","Read_2137",0.0174681774532146,"Haplotype_A_Unmeth"
"NGS_H19_Hetero_Phased_Rep2","Read_2138",0.019705658458272,"Haplotype_A_Unmeth"
"NGS_H19_Hetero_Phased_Rep2","Read_2139",0.0285571960189908,"Haplotype_A_Unmeth"
"NGS_H19_Hetero_Phased_Rep2","Read_2140",0.975029942738345,"Haplotype_B_Meth"
"NGS_H19_Hetero_Phased_Rep2","Read_2141",0.019066700285485,"Haplotype_A_Unmeth"
"NGS_H19_Hetero_Phased_Rep2","Read_2142",0.0218467564889883,"Haplotype_A_Unmeth"
"NGS_H19_Hetero_Phased_Rep2","Read_2143",0.0223367262110541,"Haplotype_A_Unmeth"
"NGS_H19_Hetero_Phased_Rep2","Read_2144",0.017209034250367,"Haplotype_A_Unmeth"
"NGS_H19_Hetero_Phased_Rep2","Read_2145",0.980279351489578,"Haplotype_B_Meth"
"NGS_H19_Hetero_Phased_Rep2","Read_2146",0.981100158501092,"Haplotype_B_Meth"
"NGS_H19_Hetero_Phased_Rep2","Read_2147",0.0259334187002388,"Haplotype_A_Unmeth"
"NGS_H19_Hetero_Phased_Rep2","Read_2148",0.0231367542864781,"Haplotype_A_Unmeth"
"NGS_H19_Hetero_Phased_Rep2","Read_2149",0.983782426257984,"Haplotype_B_Meth"
"NGS_H19_Hetero_Phased_Rep2","Read_2150",0.983085192237427,"Haplotype_B_Meth"
"NGS_H19_Hetero_Phased_Rep2","Read_2151",0.021501593360618,"Haplotype_A_Unmeth"
"NGS_H19_Hetero_Phased_Rep2","Read_2152",0.983252383660697,"Haplotype_B_Meth"
"NGS_H19_Hetero_Phased_Rep2","Read_2153",0.979747222761605,"Haplotype_B_Meth"
"NGS_H19_Hetero_Phased_Rep2","Read_2154",0.986303014785995,"Haplotype_B_Meth"
"NGS_H19_Hetero_Phased_Rep2","Read_2155",0.0214991922059716,"Haplotype_A_Unmeth"
"NGS_H19_Hetero_Phased_Rep2","Read_2156",0.0188457316262973,"Haplotype_A_Unmeth"
"NGS_H19_Hetero_Phased_Rep2","Read_2157",0.974285405645013,"Haplotype_B_Meth"
"NGS_H19_Hetero_Phased_Rep2","Read_2158",0.0139708449954744,"Haplotype_A_Unmeth"
"NGS_H19_Hetero_Phased_Rep2","Read_2159",0.981820285344197,"Haplotype_B_Meth"
"NGS_H19_Hetero_Phased_Rep2","Read_2160",0.982910857946029,"Haplotype_B_Meth"
"NGS_H19_Hetero_Phased_Rep2","Read_2161",0.983216620195042,"Haplotype_B_Meth"
"NGS_H19_Hetero_Phased_Rep2","Read_2162",0.978587191236997,"Haplotype_B_Meth"
"NGS_H19_Hetero_Phased_Rep2","Read_2163",0.0232672262704614,"Haplotype_A_Unmeth"
"NGS_H19_Hetero_Phased_Rep2","Read_2164",0.985273333796529,"Haplotype_B_Meth"
"NGS_H19_Hetero_Phased_Rep2","Read_2165",0.972130579741096,"Haplotype_B_Meth"
"NGS_H19_Hetero_Phased_Rep2","Read_2166",0.984220535776042,"Haplotype_B_Meth"
"NGS_H19_Hetero_Phased_Rep2","Read_2167",0.0292514897754543,"Haplotype_A_Unmeth"
"NGS_H19_Hetero_Phased_Rep2","Read_2168",0.0134597319176924,"Haplotype_A_Unmeth"
"NGS_H19_Hetero_Phased_Rep2","Read_2169",0.0152773984249923,"Haplotype_A_Unmeth"
"NGS_H19_Hetero_Phased_Rep2","Read_2170",0.0168389278395795,"Haplotype_A_Unmeth"
"NGS_H19_Hetero_Phased_Rep2","Read_2171",0.0215457404717441,"Haplotype_A_Unmeth"
"NGS_H19_Hetero_Phased_Rep2","Read_2172",0.0201046452584863,"Haplotype_A_Unmeth"
"NGS_H19_Hetero_Phased_Rep2","Read_2173",0.023010987770956,"Haplotype_A_Unmeth"
"NGS_H19_Hetero_Phased_Rep2","Read_2174",0.0268279366545204,"Haplotype_A_Unmeth"
"NGS_H19_Hetero_Phased_Rep2","Read_2175",0.972428247781857,"Haplotype_B_Meth"
"NGS_H19_Hetero_Phased_Rep2","Read_2176",0.979195762304225,"Haplotype_B_Meth"
"NGS_H19_Hetero_Phased_Rep2","Read_2177",0.982266516019277,"Haplotype_B_Meth"
"NGS_H19_Hetero_Phased_Rep2","Read_2178",0.0123029495673539,"Haplotype_A_Unmeth"
"NGS_H19_Hetero_Phased_Rep2","Read_2179",0.975614612759232,"Haplotype_B_Meth"
"NGS_H19_Hetero_Phased_Rep2","Read_2180",0.97038411748407,"Haplotype_B_Meth"
"NGS_H19_Hetero_Phased_Rep2","Read_2181",0.981027535681551,"Haplotype_B_Meth"
"NGS_H19_Hetero_Phased_Rep2","Read_2182",0.976963437236169,"Haplotype_B_Meth"
"NGS_H19_Hetero_Phased_Rep2","Read_2183",0.983226057229284,"Haplotype_B_Meth"
"NGS_H19_Hetero_Phased_Rep2","Read_2184",0.0228111811883187,"Haplotype_A_Unmeth"
"NGS_H19_Hetero_Phased_Rep2","Read_2185",0.984210049505073,"Haplotype_B_Meth"
"NGS_H19_Hetero_Phased_Rep2","Read_2186",0.0194299081196436,"Haplotype_A_Unmeth"
"NGS_H19_Hetero_Phased_Rep2","Read_2187",0.974013725877733,"Haplotype_B_Meth"
"NGS_H19_Hetero_Phased_Rep2","Read_2188",0.0229207028398852,"Haplotype_A_Unmeth"
"NGS_H19_Hetero_Phased_Rep2","Read_2189",0.0258019665972926,"Haplotype_A_Unmeth"
"NGS_H19_Hetero_Phased_Rep2","Read_2190",0.0140257305260044,"Haplotype_A_Unmeth"
"NGS_H19_Hetero_Phased_Rep2","Read_2191",0.977120800062609,"Haplotype_B_Meth"
"NGS_H19_Hetero_Phased_Rep2","Read_2192",0.0132181365204508,"Haplotype_A_Unmeth"
"NGS_H19_Hetero_Phased_Rep2","Read_2193",0.974306210133437,"Haplotype_B_Meth"
"NGS_H19_Hetero_Phased_Rep2","Read_2194",0.979944743768785,"Haplotype_B_Meth"
"NGS_H19_Hetero_Phased_Rep2","Read_2195",0.990011687894275,"Haplotype_B_Meth"
"NGS_H19_Hetero_Phased_Rep2","Read_2196",0.983350407497075,"Haplotype_B_Meth"
"NGS_H19_Hetero_Phased_Rep2","Read_2197",0.984344210046768,"Haplotype_B_Meth"
"NGS_H19_Hetero_Phased_Rep2","Read_2198",0.976474948282366,"Haplotype_B_Meth"
"NGS_H19_Hetero_Phased_Rep2","Read_2199",0.0242586781861116,"Haplotype_A_Unmeth"
"NGS_H19_Hetero_Phased_Rep2","Read_2200",0.990265214074997,"Haplotype_B_Meth"
"NGS_H19_Hetero_Phased_Rep2","Read_2201",0.982471715023867,"Haplotype_B_Meth"
"NGS_H19_Hetero_Phased_Rep2","Read_2202",0.0242830684997988,"Haplotype_A_Unmeth"
"NGS_H19_Hetero_Phased_Rep2","Read_2203",0.0160258144796459,"Haplotype_A_Unmeth"
"NGS_H19_Hetero_Phased_Rep2","Read_2204",0.98161887353658,"Haplotype_B_Meth"
"NGS_H19_Hetero_Phased_Rep2","Read_2205",0.978587346772269,"Haplotype_B_Meth"
"NGS_H19_Hetero_Phased_Rep2","Read_2206",0.983720984819502,"Haplotype_B_Meth"
"NGS_H19_Hetero_Phased_Rep2","Read_2207",0.985486044540158,"Haplotype_B_Meth"
"NGS_H19_Hetero_Phased_Rep2","Read_2208",0.021852056543031,"Haplotype_A_Unmeth"
"NGS_H19_Hetero_Phased_Rep2","Read_2209",0.987902765922551,"Haplotype_B_Meth"
"NGS_H19_Hetero_Phased_Rep2","Read_2210",0.0128736111472398,"Haplotype_A_Unmeth"
"NGS_H19_Hetero_Phased_Rep2","Read_2211",0.972451268899225,"Haplotype_B_Meth"
"NGS_H19_Hetero_Phased_Rep2","Read_2212",0.97618394725898,"Haplotype_B_Meth"
"NGS_H19_Hetero_Phased_Rep2","Read_2213",0.987369407498104,"Haplotype_B_Meth"
"NGS_H19_Hetero_Phased_Rep2","Read_2214",0.985122691686852,"Haplotype_B_Meth"
"NGS_H19_Hetero_Phased_Rep2","Read_2215",0.980163237062299,"Haplotype_B_Meth"
"NGS_H19_Hetero_Phased_Rep2","Read_2216",0.979577652713681,"Haplotype_B_Meth"
"NGS_H19_Hetero_Phased_Rep2","Read_2217",0.0180018127001715,"Haplotype_A_Unmeth"
"NGS_H19_Hetero_Phased_Rep2","Read_2218",0.0288814722008881,"Haplotype_A_Unmeth"
"NGS_H19_Hetero_Phased_Rep2","Read_2219",0.980171000592768,"Haplotype_B_Meth"
"NGS_H19_Hetero_Phased_Rep2","Read_2220",0.976716364986319,"Haplotype_B_Meth"
"NGS_H19_Hetero_Phased_Rep2","Read_2221",0.97621488998853,"Haplotype_B_Meth"
"NGS_H19_Hetero_Phased_Rep2","Read_2222",0.974709218198074,"Haplotype_B_Meth"
"NGS_H19_Hetero_Phased_Rep2","Read_2223",0.979724735997261,"Haplotype_B_Meth"
"NGS_H19_Hetero_Phased_Rep2","Read_2224",0.981906637734105,"Haplotype_B_Meth"
"NGS_H19_Hetero_Phased_Rep2","Read_2225",0.979055531945017,"Haplotype_B_Meth"
"NGS_H19_Hetero_Phased_Rep2","Read_2226",0.0172589422029816,"Haplotype_A_Unmeth"
"NGS_H19_Hetero_Phased_Rep2","Read_2227",0.0132602704087894,"Haplotype_A_Unmeth"
"NGS_H19_Hetero_Phased_Rep2","Read_2228",0.0127443308396185,"Haplotype_A_Unmeth"
"NGS_H19_Hetero_Phased_Rep2","Read_2229",0.0181135833177567,"Haplotype_A_Unmeth"
"NGS_H19_Hetero_Phased_Rep2","Read_2230",0.0229095255020918,"Haplotype_A_Unmeth"
"NGS_H19_Hetero_Phased_Rep2","Read_2231",0.980770906238107,"Haplotype_B_Meth"
"NGS_H19_Hetero_Phased_Rep2","Read_2232",0.979753672722783,"Haplotype_B_Meth"
"NGS_H19_Hetero_Phased_Rep2","Read_2233",0.0230988958343335,"Haplotype_A_Unmeth"
"NGS_H19_Hetero_Phased_Rep2","Read_2234",0.0135382171145488,"Haplotype_A_Unmeth"
"NGS_H19_Hetero_Phased_Rep2","Read_2235",0.0196247318312375,"Haplotype_A_Unmeth"
"NGS_H19_Hetero_Phased_Rep2","Read_2236",0.977824631981954,"Haplotype_B_Meth"
"NGS_H19_Hetero_Phased_Rep2","Read_2237",0.0280712463385148,"Haplotype_A_Unmeth"
"NGS_H19_Hetero_Phased_Rep2","Read_2238",0.98296671913667,"Haplotype_B_Meth"
"NGS_H19_Hetero_Phased_Rep2","Read_2239",0.983874657972132,"Haplotype_B_Meth"
"NGS_H19_Hetero_Phased_Rep2","Read_2240",0.976236012226325,"Haplotype_B_Meth"
"NGS_H19_Hetero_Phased_Rep2","Read_2241",0.975233645940917,"Haplotype_B_Meth"
"NGS_H19_Hetero_Phased_Rep2","Read_2242",0.983338214140813,"Haplotype_B_Meth"
"NGS_H19_Hetero_Phased_Rep2","Read_2243",0.0173166362705917,"Haplotype_A_Unmeth"
"NGS_H19_Hetero_Phased_Rep2","Read_2244",0.0152602673095598,"Haplotype_A_Unmeth"
"NGS_H19_Hetero_Phased_Rep2","Read_2245",0.0295693692519253,"Haplotype_A_Unmeth"
"NGS_H19_Hetero_Phased_Rep2","Read_2246",0.976480961807101,"Haplotype_B_Meth"
"NGS_H19_Hetero_Phased_Rep2","Read_2247",0.0180853333540399,"Haplotype_A_Unmeth"
"NGS_H19_Hetero_Phased_Rep2","Read_2248",0.980415355886218,"Haplotype_B_Meth"
"NGS_H19_Hetero_Phased_Rep2","Read_2249",0.982468310729403,"Haplotype_B_Meth"
"NGS_H19_Hetero_Phased_Rep2","Read_2250",0.981183689945239,"Haplotype_B_Meth"
"NGS_H19_Hetero_Phased_Rep2","Read_2251",0.0145979272800379,"Haplotype_A_Unmeth"
"NGS_H19_Hetero_Phased_Rep2","Read_2252",0.984498000012845,"Haplotype_B_Meth"
"NGS_H19_Hetero_Phased_Rep2","Read_2253",0.970376925764186,"Haplotype_B_Meth"
"NGS_H19_Hetero_Phased_Rep2","Read_2254",0.982061618567071,"Haplotype_B_Meth"
"NGS_H19_Hetero_Phased_Rep2","Read_2255",0.0216735572513016,"Haplotype_A_Unmeth"
"NGS_H19_Hetero_Phased_Rep2","Read_2256",0.0166387724211033,"Haplotype_A_Unmeth"
"NGS_H19_Hetero_Phased_Rep2","Read_2257",0.0212925293279216,"Haplotype_A_Unmeth"
"NGS_H19_Hetero_Phased_Rep2","Read_2258",0.0197431929840137,"Haplotype_A_Unmeth"
"NGS_H19_Hetero_Phased_Rep2","Read_2259",0.981280854907052,"Haplotype_B_Meth"
"NGS_H19_Hetero_Phased_Rep2","Read_2260",0.980670658185338,"Haplotype_B_Meth"
"NGS_H19_Hetero_Phased_Rep2","Read_2261",0.981076617177064,"Haplotype_B_Meth"
"NGS_H19_Hetero_Phased_Rep2","Read_2262",0.988028780213857,"Haplotype_B_Meth"
"NGS_H19_Hetero_Phased_Rep2","Read_2263",0.970893781074766,"Haplotype_B_Meth"
"NGS_H19_Hetero_Phased_Rep2","Read_2264",0.0125883880627715,"Haplotype_A_Unmeth"
"NGS_H19_Hetero_Phased_Rep2","Read_2265",0.975744266269045,"Haplotype_B_Meth"
"NGS_H19_Hetero_Phased_Rep2","Read_2266",0.0206723187549747,"Haplotype_A_Unmeth"
"NGS_H19_Hetero_Phased_Rep2","Read_2267",0.979819172112243,"Haplotype_B_Meth"
"NGS_H19_Hetero_Phased_Rep2","Read_2268",0.975294399126342,"Haplotype_B_Meth"
"NGS_H19_Hetero_Phased_Rep2","Read_2269",0.0260177696151004,"Haplotype_A_Unmeth"
"NGS_H19_Hetero_Phased_Rep2","Read_2270",0.0191854816063221,"Haplotype_A_Unmeth"
"NGS_H19_Hetero_Phased_Rep2","Read_2271",0.978576729401411,"Haplotype_B_Meth"
"NGS_H19_Hetero_Phased_Rep2","Read_2272",0.0271226299872041,"Haplotype_A_Unmeth"
"NGS_H19_Hetero_Phased_Rep2","Read_2273",0.983260492852358,"Haplotype_B_Meth"
"NGS_H19_Hetero_Phased_Rep2","Read_2274",0.978428587005444,"Haplotype_B_Meth"
"NGS_H19_Hetero_Phased_Rep2","Read_2275",0.970363600342246,"Haplotype_B_Meth"
"NGS_H19_Hetero_Phased_Rep2","Read_2276",0.0162727549546082,"Haplotype_A_Unmeth"
"NGS_H19_Hetero_Phased_Rep2","Read_2277",0.0255137142647452,"Haplotype_A_Unmeth"
"NGS_H19_Hetero_Phased_Rep2","Read_2278",0.0145115545277472,"Haplotype_A_Unmeth"
"NGS_H19_Hetero_Phased_Rep2","Read_2279",0.982313278138897,"Haplotype_B_Meth"
"NGS_H19_Hetero_Phased_Rep2","Read_2280",0.0108847767774629,"Haplotype_A_Unmeth"
"NGS_H19_Hetero_Phased_Rep2","Read_2281",0.973858627254587,"Haplotype_B_Meth"
"NGS_H19_Hetero_Phased_Rep2","Read_2282",0.979666043906933,"Haplotype_B_Meth"
"NGS_H19_Hetero_Phased_Rep2","Read_2283",0.985356305037428,"Haplotype_B_Meth"
"NGS_H19_Hetero_Phased_Rep2","Read_2284",0.0256300317229168,"Haplotype_A_Unmeth"
"NGS_H19_Hetero_Phased_Rep2","Read_2285",0.978512174198776,"Haplotype_B_Meth"
"NGS_H19_Hetero_Phased_Rep2","Read_2286",0.0172810091229966,"Haplotype_A_Unmeth"
"NGS_H19_Hetero_Phased_Rep2","Read_2287",0.0188043232624499,"Haplotype_A_Unmeth"
"NGS_H19_Hetero_Phased_Rep2","Read_2288",0.02038963186034,"Haplotype_A_Unmeth"
"NGS_H19_Hetero_Phased_Rep2","Read_2289",0.0292762930571055,"Haplotype_A_Unmeth"
"NGS_H19_Hetero_Phased_Rep2","Read_2290",0.972293425360102,"Haplotype_B_Meth"
"NGS_H19_Hetero_Phased_Rep2","Read_2291",0.0164458207860089,"Haplotype_A_Unmeth"
"NGS_H19_Hetero_Phased_Rep2","Read_2292",0.980470306870344,"Haplotype_B_Meth"
"NGS_H19_Hetero_Phased_Rep2","Read_2293",0.0202426000083959,"Haplotype_A_Unmeth"
"NGS_H19_Hetero_Phased_Rep2","Read_2294",0.978577173839004,"Haplotype_B_Meth"
"NGS_H19_Hetero_Phased_Rep2","Read_2295",0.97995393511614,"Haplotype_B_Meth"
"NGS_H19_Hetero_Phased_Rep2","Read_2296",0.0149379394829677,"Haplotype_A_Unmeth"
"NGS_H19_Hetero_Phased_Rep2","Read_2297",0.983001792052369,"Haplotype_B_Meth"
"NGS_H19_Hetero_Phased_Rep2","Read_2298",0.962835635433517,"Haplotype_B_Meth"
"NGS_H19_Hetero_Phased_Rep2","Read_2299",0.0233055697721475,"Haplotype_A_Unmeth"
"NGS_H19_Hetero_Phased_Rep2","Read_2300",0.980455874419611,"Haplotype_B_Meth"
"NGS_H19_Hetero_Phased_Rep2","Read_2301",0.985784075977961,"Haplotype_B_Meth"
"NGS_H19_Hetero_Phased_Rep2","Read_2302",0.977510153097793,"Haplotype_B_Meth"
"NGS_H19_Hetero_Phased_Rep2","Read_2303",0.0155055029724024,"Haplotype_A_Unmeth"
"NGS_H19_Hetero_Phased_Rep2","Read_2304",0.980728161929951,"Haplotype_B_Meth"
"NGS_H19_Hetero_Phased_Rep2","Read_2305",0.020091367324512,"Haplotype_A_Unmeth"
"NGS_H19_Hetero_Phased_Rep2","Read_2306",0.980559987886362,"Haplotype_B_Meth"
"NGS_H19_Hetero_Phased_Rep2","Read_2307",0.982457653602312,"Haplotype_B_Meth"
"NGS_H19_Hetero_Phased_Rep2","Read_2308",0.023159973081048,"Haplotype_A_Unmeth"
"NGS_H19_Hetero_Phased_Rep2","Read_2309",0.985086037771806,"Haplotype_B_Meth"
"NGS_H19_Hetero_Phased_Rep2","Read_2310",0.986488905901193,"Haplotype_B_Meth"
"NGS_H19_Hetero_Phased_Rep2","Read_2311",0.982327900269984,"Haplotype_B_Meth"
"NGS_H19_Hetero_Phased_Rep2","Read_2312",0.0196989997981047,"Haplotype_A_Unmeth"
"NGS_H19_Hetero_Phased_Rep2","Read_2313",0.0173937911677924,"Haplotype_A_Unmeth"
"NGS_H19_Hetero_Phased_Rep2","Read_2314",0.979286354742099,"Haplotype_B_Meth"
"NGS_H19_Hetero_Phased_Rep2","Read_2315",0.0338610554940219,"Haplotype_A_Unmeth"
"NGS_H19_Hetero_Phased_Rep2","Read_2316",0.986802169465407,"Haplotype_B_Meth"
"NGS_H19_Hetero_Phased_Rep2","Read_2317",0.0159255963417682,"Haplotype_A_Unmeth"
"NGS_H19_Hetero_Phased_Rep2","Read_2318",0.0148115825812072,"Haplotype_A_Unmeth"
"NGS_H19_Hetero_Phased_Rep2","Read_2319",0.980696319624876,"Haplotype_B_Meth"
"NGS_H19_Hetero_Phased_Rep2","Read_2320",0.979079773629873,"Haplotype_B_Meth"
"NGS_H19_Hetero_Phased_Rep2","Read_2321",0.0169318034585759,"Haplotype_A_Unmeth"
"NGS_H19_Hetero_Phased_Rep2","Read_2322",0.98182021188299,"Haplotype_B_Meth"
"NGS_H19_Hetero_Phased_Rep2","Read_2323",0.0120819857807209,"Haplotype_A_Unmeth"
"NGS_H19_Hetero_Phased_Rep2","Read_2324",0.978896669125834,"Haplotype_B_Meth"
"NGS_H19_Hetero_Phased_Rep2","Read_2325",0.983983715769592,"Haplotype_B_Meth"
"NGS_H19_Hetero_Phased_Rep2","Read_2326",0.0199983589804495,"Haplotype_A_Unmeth"
"NGS_H19_Hetero_Phased_Rep2","Read_2327",0.976734342216736,"Haplotype_B_Meth"
"NGS_H19_Hetero_Phased_Rep2","Read_2328",0.0208155656435995,"Haplotype_A_Unmeth"
"NGS_H19_Hetero_Phased_Rep2","Read_2329",0.0149302386689109,"Haplotype_A_Unmeth"
"NGS_H19_Hetero_Phased_Rep2","Read_2330",0.98169245026672,"Haplotype_B_Meth"
"NGS_H19_Hetero_Phased_Rep2","Read_2331",0.979422303172209,"Haplotype_B_Meth"
"NGS_H19_Hetero_Phased_Rep2","Read_2332",0.978191651601863,"Haplotype_B_Meth"
"NGS_H19_Hetero_Phased_Rep2","Read_2333",0.022210271360717,"Haplotype_A_Unmeth"
"NGS_H19_Hetero_Phased_Rep2","Read_2334",0.0143057297536964,"Haplotype_A_Unmeth"
"NGS_H19_Hetero_Phased_Rep2","Read_2335",0.0177268801322878,"Haplotype_A_Unmeth"
"NGS_H19_Hetero_Phased_Rep2","Read_2336",0.984909365000143,"Haplotype_B_Meth"
"NGS_H19_Hetero_Phased_Rep2","Read_2337",0.0160249371219338,"Haplotype_A_Unmeth"
"NGS_H19_Hetero_Phased_Rep2","Read_2338",0.0167052246858493,"Haplotype_A_Unmeth"
"NGS_H19_Hetero_Phased_Rep2","Read_2339",0.0171592237788879,"Haplotype_A_Unmeth"
"NGS_H19_Hetero_Phased_Rep2","Read_2340",0.0111412143869181,"Haplotype_A_Unmeth"
"NGS_H19_Hetero_Phased_Rep2","Read_2341",0.0156034078653846,"Haplotype_A_Unmeth"
"NGS_H19_Hetero_Phased_Rep2","Read_2342",0.98474586718106,"Haplotype_B_Meth"
"NGS_H19_Hetero_Phased_Rep2","Read_2343",0.984398224707904,"Haplotype_B_Meth"
"NGS_H19_Hetero_Phased_Rep2","Read_2344",0.0177330985283917,"Haplotype_A_Unmeth"
"NGS_H19_Hetero_Phased_Rep2","Read_2345",0.981044723846606,"Haplotype_B_Meth"
"NGS_H19_Hetero_Phased_Rep2","Read_2346",0.0233497671470394,"Haplotype_A_Unmeth"
"NGS_H19_Hetero_Phased_Rep2","Read_2347",0.980809498376799,"Haplotype_B_Meth"
"NGS_H19_Hetero_Phased_Rep2","Read_2348",0.0217453662334605,"Haplotype_A_Unmeth"
"NGS_H19_Hetero_Phased_Rep2","Read_2349",0.981913907768426,"Haplotype_B_Meth"
"NGS_H19_Hetero_Phased_Rep2","Read_2350",0.0262921303908378,"Haplotype_A_Unmeth"
"NGS_H19_Hetero_Phased_Rep2","Read_2351",0.979093003918008,"Haplotype_B_Meth"
"NGS_H19_Hetero_Phased_Rep2","Read_2352",0.980621780156807,"Haplotype_B_Meth"
"NGS_H19_Hetero_Phased_Rep2","Read_2353",0.975612020650724,"Haplotype_B_Meth"
"NGS_H19_Hetero_Phased_Rep2","Read_2354",0.984542463894972,"Haplotype_B_Meth"
"NGS_H19_Hetero_Phased_Rep2","Read_2355",0.985947682052743,"Haplotype_B_Meth"
"NGS_H19_Hetero_Phased_Rep2","Read_2356",0.981736007895688,"Haplotype_B_Meth"
"NGS_H19_Hetero_Phased_Rep2","Read_2357",0.983148239601188,"Haplotype_B_Meth"
"NGS_H19_Hetero_Phased_Rep2","Read_2358",0.0286829917712783,"Haplotype_A_Unmeth"
"NGS_H19_Hetero_Phased_Rep2","Read_2359",0.0281306469134834,"Haplotype_A_Unmeth"
"NGS_H19_Hetero_Phased_Rep2","Read_2360",0.0178598479351756,"Haplotype_A_Unmeth"
"NGS_H19_Hetero_Phased_Rep2","Read_2361",0.0209926152062702,"Haplotype_A_Unmeth"
"NGS_H19_Hetero_Phased_Rep2","Read_2362",0.012880985729533,"Haplotype_A_Unmeth"
"NGS_H19_Hetero_Phased_Rep2","Read_2363",0.0215156866981755,"Haplotype_A_Unmeth"
"NGS_H19_Hetero_Phased_Rep2","Read_2364",0.0207369630933119,"Haplotype_A_Unmeth"
"NGS_H19_Hetero_Phased_Rep2","Read_2365",0.0176752093793521,"Haplotype_A_Unmeth"
"NGS_H19_Hetero_Phased_Rep2","Read_2366",0.97529840384544,"Haplotype_B_Meth"
"NGS_H19_Hetero_Phased_Rep2","Read_2367",0.0180623985440692,"Haplotype_A_Unmeth"
"NGS_H19_Hetero_Phased_Rep2","Read_2368",0.0200603396900511,"Haplotype_A_Unmeth"
"NGS_H19_Hetero_Phased_Rep2","Read_2369",0.981116117181503,"Haplotype_B_Meth"
"NGS_H19_Hetero_Phased_Rep2","Read_2370",0.0281893624053799,"Haplotype_A_Unmeth"
"NGS_H19_Hetero_Phased_Rep2","Read_2371",0.976742086742173,"Haplotype_B_Meth"
"NGS_H19_Hetero_Phased_Rep2","Read_2372",0.0248985644634034,"Haplotype_A_Unmeth"
"NGS_H19_Hetero_Phased_Rep2","Read_2373",0.968749903930372,"Haplotype_B_Meth"
"NGS_H19_Hetero_Phased_Rep2","Read_2374",0.980283093807142,"Haplotype_B_Meth"
"NGS_H19_Hetero_Phased_Rep2","Read_2375",0.979432026787598,"Haplotype_B_Meth"
"NGS_H19_Hetero_Phased_Rep2","Read_2376",0.0227764900602459,"Haplotype_A_Unmeth"
"NGS_H19_Hetero_Phased_Rep2","Read_2377",0.978448740443836,"Haplotype_B_Meth"
"NGS_H19_Hetero_Phased_Rep2","Read_2378",0.0301675659591435,"Haplotype_A_Unmeth"
"NGS_H19_Hetero_Phased_Rep2","Read_2379",0.01941914821064,"Haplotype_A_Unmeth"
"NGS_H19_Hetero_Phased_Rep2","Read_2380",0.977342715843274,"Haplotype_B_Meth"
"NGS_H19_Hetero_Phased_Rep2","Read_2381",0.0195366204694911,"Haplotype_A_Unmeth"
"NGS_H19_Hetero_Phased_Rep2","Read_2382",0.0241052221213724,"Haplotype_A_Unmeth"
"NGS_H19_Hetero_Phased_Rep2","Read_2383",0.0245526493829685,"Haplotype_A_Unmeth"
"NGS_H19_Hetero_Phased_Rep2","Read_2384",0.985219163938249,"Haplotype_B_Meth"
"NGS_H19_Hetero_Phased_Rep2","Read_2385",0.0258564265620575,"Haplotype_A_Unmeth"
"NGS_H19_Hetero_Phased_Rep2","Read_2386",0.976885283328474,"Haplotype_B_Meth"
"NGS_H19_Hetero_Phased_Rep2","Read_2387",0.984183853675199,"Haplotype_B_Meth"
"NGS_H19_Hetero_Phased_Rep2","Read_2388",0.984239639029161,"Haplotype_B_Meth"
"NGS_H19_Hetero_Phased_Rep2","Read_2389",0.985379808546434,"Haplotype_B_Meth"
"NGS_H19_Hetero_Phased_Rep2","Read_2390",0.98503465574322,"Haplotype_B_Meth"
"NGS_H19_Hetero_Phased_Rep2","Read_2391",0.976599567431964,"Haplotype_B_Meth"
"NGS_H19_Hetero_Phased_Rep2","Read_2392",0.0135057160094988,"Haplotype_A_Unmeth"
"NGS_H19_Hetero_Phased_Rep2","Read_2393",0.976771504246893,"Haplotype_B_Meth"
"NGS_H19_Hetero_Phased_Rep2","Read_2394",0.983959367387403,"Haplotype_B_Meth"
"NGS_H19_Hetero_Phased_Rep2","Read_2395",0.0176109923190559,"Haplotype_A_Unmeth"
"NGS_H19_Hetero_Phased_Rep2","Read_2396",0.982084603463039,"Haplotype_B_Meth"
"NGS_H19_Hetero_Phased_Rep2","Read_2397",0.0170145815137234,"Haplotype_A_Unmeth"
"NGS_H19_Hetero_Phased_Rep2","Read_2398",0.982404398635223,"Haplotype_B_Meth"
"NGS_H19_Hetero_Phased_Rep2","Read_2399",0.0115661693139638,"Haplotype_A_Unmeth"
"NGS_H19_Hetero_Phased_Rep2","Read_2400",0.98021475407857,"Haplotype_B_Meth"
"NGS_H19_Hetero_Phased_Rep2","Read_2401",0.986493217157708,"Haplotype_B_Meth"
"NGS_H19_Hetero_Phased_Rep2","Read_2402",0.987957017122675,"Haplotype_B_Meth"
"NGS_H19_Hetero_Phased_Rep2","Read_2403",0.989115327361612,"Haplotype_B_Meth"
"NGS_H19_Hetero_Phased_Rep2","Read_2404",0.983403502760876,"Haplotype_B_Meth"
"NGS_H19_Hetero_Phased_Rep2","Read_2405",0.0233695819106995,"Haplotype_A_Unmeth"
"NGS_H19_Hetero_Phased_Rep2","Read_2406",0.0205743528535757,"Haplotype_A_Unmeth"
"NGS_H19_Hetero_Phased_Rep2","Read_2407",0.977925941204902,"Haplotype_B_Meth"
"NGS_H19_Hetero_Phased_Rep2","Read_2408",0.0292237331921805,"Haplotype_A_Unmeth"
"NGS_H19_Hetero_Phased_Rep2","Read_2409",0.01909792083578,"Haplotype_A_Unmeth"
"NGS_H19_Hetero_Phased_Rep2","Read_2410",0.020638565066343,"Haplotype_A_Unmeth"
"NGS_H19_Hetero_Phased_Rep2","Read_2411",0.0203578028643272,"Haplotype_A_Unmeth"
"NGS_H19_Hetero_Phased_Rep2","Read_2412",0.0227506293194214,"Haplotype_A_Unmeth"
"NGS_H19_Hetero_Phased_Rep2","Read_2413",0.0208145173135034,"Haplotype_A_Unmeth"
"NGS_H19_Hetero_Phased_Rep2","Read_2414",0.0176143459173452,"Haplotype_A_Unmeth"
"NGS_H19_Hetero_Phased_Rep2","Read_2415",0.982054883175868,"Haplotype_B_Meth"
"NGS_H19_Hetero_Phased_Rep2","Read_2416",0.0239295987326948,"Haplotype_A_Unmeth"
"NGS_H19_Hetero_Phased_Rep2","Read_2417",0.977672313467297,"Haplotype_B_Meth"
"NGS_H19_Hetero_Phased_Rep2","Read_2418",0.974174991724609,"Haplotype_B_Meth"
"NGS_H19_Hetero_Phased_Rep2","Read_2419",0.0261179544221918,"Haplotype_A_Unmeth"
"NGS_H19_Hetero_Phased_Rep2","Read_2420",0.987567810598072,"Haplotype_B_Meth"
"NGS_H19_Hetero_Phased_Rep2","Read_2421",0.0226122962676894,"Haplotype_A_Unmeth"
"NGS_H19_Hetero_Phased_Rep2","Read_2422",0.0222078057707468,"Haplotype_A_Unmeth"
"NGS_H19_Hetero_Phased_Rep2","Read_2423",0.0171563719870908,"Haplotype_A_Unmeth"
"NGS_H19_Hetero_Phased_Rep2","Read_2424",0.0182631934526101,"Haplotype_A_Unmeth"
"NGS_H19_Hetero_Phased_Rep2","Read_2425",0.980489131708287,"Haplotype_B_Meth"
"NGS_H19_Hetero_Phased_Rep2","Read_2426",0.0208959953591432,"Haplotype_A_Unmeth"
"NGS_H19_Hetero_Phased_Rep2","Read_2427",0.983486753297693,"Haplotype_B_Meth"
"NGS_H19_Hetero_Phased_Rep2","Read_2428",0.979540776735226,"Haplotype_B_Meth"
"NGS_H19_Hetero_Phased_Rep2","Read_2429",0.978461315082845,"Haplotype_B_Meth"
"NGS_H19_Hetero_Phased_Rep2","Read_2430",0.98631687038962,"Haplotype_B_Meth"
"NGS_H19_Hetero_Phased_Rep2","Read_2431",0.976572225343919,"Haplotype_B_Meth"
"NGS_H19_Hetero_Phased_Rep2","Read_2432",0.96681672096825,"Haplotype_B_Meth"
"NGS_H19_Hetero_Phased_Rep2","Read_2433",0.0125706058285781,"Haplotype_A_Unmeth"
"NGS_H19_Hetero_Phased_Rep2","Read_2434",0.986325877844784,"Haplotype_B_Meth"
"NGS_H19_Hetero_Phased_Rep2","Read_2435",0.979968434920326,"Haplotype_B_Meth"
"NGS_H19_Hetero_Phased_Rep2","Read_2436",0.0145830624243064,"Haplotype_A_Unmeth"
"NGS_H19_Hetero_Phased_Rep2","Read_2437",0.018292188148505,"Haplotype_A_Unmeth"
"NGS_H19_Hetero_Phased_Rep2","Read_2438",0.0182928569258797,"Haplotype_A_Unmeth"
"NGS_H19_Hetero_Phased_Rep2","Read_2439",0.974558032739748,"Haplotype_B_Meth"
"NGS_H19_Hetero_Phased_Rep2","Read_2440",0.0184587665850496,"Haplotype_A_Unmeth"
"NGS_H19_Hetero_Phased_Rep2","Read_2441",0.0221489483128204,"Haplotype_A_Unmeth"
"NGS_H19_Hetero_Phased_Rep2","Read_2442",0.0241433038369104,"Haplotype_A_Unmeth"
"NGS_H19_Hetero_Phased_Rep2","Read_2443",0.0257439268506114,"Haplotype_A_Unmeth"
"NGS_H19_Hetero_Phased_Rep2","Read_2444",0.984120875347151,"Haplotype_B_Meth"
"NGS_H19_Hetero_Phased_Rep2","Read_2445",0.984302634563452,"Haplotype_B_Meth"
"NGS_H19_Hetero_Phased_Rep2","Read_2446",0.983160161191767,"Haplotype_B_Meth"
"NGS_H19_Hetero_Phased_Rep2","Read_2447",0.0187598704314486,"Haplotype_A_Unmeth"
"NGS_H19_Hetero_Phased_Rep2","Read_2448",0.0106757997567836,"Haplotype_A_Unmeth"
"NGS_H19_Hetero_Phased_Rep2","Read_2449",0.0203479178484188,"Haplotype_A_Unmeth"
"NGS_H19_Hetero_Phased_Rep2","Read_2450",0.0227492388114586,"Haplotype_A_Unmeth"
"NGS_H19_Hetero_Phased_Rep2","Read_2451",0.981534633916407,"Haplotype_B_Meth"
"NGS_H19_Hetero_Phased_Rep2","Read_2452",0.98068905083256,"Haplotype_B_Meth"
"NGS_H19_Hetero_Phased_Rep2","Read_2453",0.978481824330341,"Haplotype_B_Meth"
"NGS_H19_Hetero_Phased_Rep2","Read_2454",0.0199844988253426,"Haplotype_A_Unmeth"
"NGS_H19_Hetero_Phased_Rep2","Read_2455",0.98358230526068,"Haplotype_B_Meth"
"NGS_H19_Hetero_Phased_Rep2","Read_2456",0.0182671671338052,"Haplotype_A_Unmeth"
"NGS_H19_Hetero_Phased_Rep2","Read_2457",0.975181871253281,"Haplotype_B_Meth"
"NGS_H19_Hetero_Phased_Rep2","Read_2458",0.979335803737985,"Haplotype_B_Meth"
"NGS_H19_Hetero_Phased_Rep2","Read_2459",0.980008291907467,"Haplotype_B_Meth"
"NGS_H19_Hetero_Phased_Rep2","Read_2460",0.0158450218537412,"Haplotype_A_Unmeth"
"NGS_H19_Hetero_Phased_Rep2","Read_2461",0.0186415339046257,"Haplotype_A_Unmeth"
"NGS_H19_Hetero_Phased_Rep2","Read_2462",0.981959707825328,"Haplotype_B_Meth"
"NGS_H19_Hetero_Phased_Rep2","Read_2463",0.978806842966177,"Haplotype_B_Meth"
"NGS_H19_Hetero_Phased_Rep2","Read_2464",0.978669412215187,"Haplotype_B_Meth"
"NGS_H19_Hetero_Phased_Rep2","Read_2465",0.018710718928812,"Haplotype_A_Unmeth"
"NGS_H19_Hetero_Phased_Rep2","Read_2466",0.0156909135085397,"Haplotype_A_Unmeth"
"NGS_H19_Hetero_Phased_Rep2","Read_2467",0.986284710826394,"Haplotype_B_Meth"
"NGS_H19_Hetero_Phased_Rep2","Read_2468",0.0208386186092561,"Haplotype_A_Unmeth"
"NGS_H19_Hetero_Phased_Rep2","Read_2469",0.976829154823754,"Haplotype_B_Meth"
"NGS_H19_Hetero_Phased_Rep2","Read_2470",0.987608637547068,"Haplotype_B_Meth"
"NGS_H19_Hetero_Phased_Rep2","Read_2471",0.0247769971766352,"Haplotype_A_Unmeth"
"NGS_H19_Hetero_Phased_Rep2","Read_2472",0.0253392150629412,"Haplotype_A_Unmeth"
"NGS_H19_Hetero_Phased_Rep2","Read_2473",0.0196705819347048,"Haplotype_A_Unmeth"
"NGS_H19_Hetero_Phased_Rep2","Read_2474",0.0214986553548128,"Haplotype_A_Unmeth"
"NGS_H19_Hetero_Phased_Rep2","Read_2475",0.970742180210029,"Haplotype_B_Meth"
"NGS_H19_Hetero_Phased_Rep2","Read_2476",0.982018317891239,"Haplotype_B_Meth"
"NGS_H19_Hetero_Phased_Rep2","Read_2477",0.0208720546142308,"Haplotype_A_Unmeth"
"NGS_H19_Hetero_Phased_Rep2","Read_2478",0.0124206492444617,"Haplotype_A_Unmeth"
"NGS_H19_Hetero_Phased_Rep2","Read_2479",0.0249234091942043,"Haplotype_A_Unmeth"
"NGS_H19_Hetero_Phased_Rep2","Read_2480",0.979096962226773,"Haplotype_B_Meth"
"NGS_H19_Hetero_Phased_Rep2","Read_2481",0.0189772633181544,"Haplotype_A_Unmeth"
"NGS_H19_Hetero_Phased_Rep2","Read_2482",0.0144911519898239,"Haplotype_A_Unmeth"
"NGS_H19_Hetero_Phased_Rep2","Read_2483",0.0256947265872157,"Haplotype_A_Unmeth"
"NGS_H19_Hetero_Phased_Rep2","Read_2484",0.980977952905047,"Haplotype_B_Meth"
"NGS_H19_Hetero_Phased_Rep2","Read_2485",0.0165358427690976,"Haplotype_A_Unmeth"
"NGS_H19_Hetero_Phased_Rep2","Read_2486",0.97939340850725,"Haplotype_B_Meth"
"NGS_H19_Hetero_Phased_Rep2","Read_2487",0.0167395818828865,"Haplotype_A_Unmeth"
"NGS_H19_Hetero_Phased_Rep2","Read_2488",0.983960910437927,"Haplotype_B_Meth"
"NGS_H19_Hetero_Phased_Rep2","Read_2489",0.0252408347154327,"Haplotype_A_Unmeth"
"NGS_H19_Hetero_Phased_Rep2","Read_2490",0.982723904086357,"Haplotype_B_Meth"
"NGS_H19_Hetero_Phased_Rep2","Read_2491",0.973954335380832,"Haplotype_B_Meth"
"NGS_H19_Hetero_Phased_Rep2","Read_2492",0.975734352052306,"Haplotype_B_Meth"
"NGS_H19_Hetero_Phased_Rep2","Read_2493",0.0188101693729739,"Haplotype_A_Unmeth"
"NGS_H19_Hetero_Phased_Rep2","Read_2494",0.0155250288421108,"Haplotype_A_Unmeth"
"NGS_H19_Hetero_Phased_Rep2","Read_2495",0.983527454922742,"Haplotype_B_Meth"
"NGS_H19_Hetero_Phased_Rep2","Read_2496",0.975590223916996,"Haplotype_B_Meth"
"NGS_H19_Hetero_Phased_Rep2","Read_2497",0.989116028655794,"Haplotype_B_Meth"
"NGS_H19_Hetero_Phased_Rep2","Read_2498",0.0241460527878971,"Haplotype_A_Unmeth"
"NGS_H19_Hetero_Phased_Rep2","Read_2499",0.0263960998915973,"Haplotype_A_Unmeth"
"NGS_H19_Hetero_Phased_Rep2","Read_2500",0.0235035455848694,"Haplotype_A_Unmeth"
"NGS_H19_Hetero_Phased_Rep2","Read_2501",0.984696742410713,"Haplotype_B_Meth"
"NGS_H19_Hetero_Phased_Rep2","Read_2502",0.977179064665216,"Haplotype_B_Meth"
"NGS_H19_Hetero_Phased_Rep2","Read_2503",0.978301453696317,"Haplotype_B_Meth"
"NGS_H19_Hetero_Phased_Rep2","Read_2504",0.0221817814096757,"Haplotype_A_Unmeth"
"NGS_H19_Hetero_Phased_Rep2","Read_2505",0.020124487371205,"Haplotype_A_Unmeth"
"NGS_H19_Hetero_Phased_Rep2","Read_2506",0.017680894708848,"Haplotype_A_Unmeth"
"NGS_H19_Hetero_Phased_Rep2","Read_2507",0.0155424880084853,"Haplotype_A_Unmeth"
"NGS_H19_Hetero_Phased_Rep2","Read_2508",0.96820121757845,"Haplotype_B_Meth"
"NGS_H19_Hetero_Phased_Rep2","Read_2509",0.984430486714403,"Haplotype_B_Meth"
"NGS_H19_Hetero_Phased_Rep2","Read_2510",0.988031515355676,"Haplotype_B_Meth"
"NGS_H19_Hetero_Phased_Rep2","Read_2511",0.97848592818009,"Haplotype_B_Meth"
"NGS_H19_Hetero_Phased_Rep2","Read_2512",0.986292382383108,"Haplotype_B_Meth"
"NGS_H19_Hetero_Phased_Rep2","Read_2513",0.0204958406620989,"Haplotype_A_Unmeth"
"NGS_H19_Hetero_Phased_Rep2","Read_2514",0.985630606332208,"Haplotype_B_Meth"
"NGS_H19_Hetero_Phased_Rep2","Read_2515",0.983234049115607,"Haplotype_B_Meth"
"NGS_H19_Hetero_Phased_Rep2","Read_2516",0.982670929997824,"Haplotype_B_Meth"
"NGS_H19_Hetero_Phased_Rep2","Read_2517",0.97527143492107,"Haplotype_B_Meth"
"NGS_H19_Hetero_Phased_Rep2","Read_2518",0.980740348564085,"Haplotype_B_Meth"
"NGS_H19_Hetero_Phased_Rep2","Read_2519",0.0266643380024987,"Haplotype_A_Unmeth"
"NGS_H19_Hetero_Phased_Rep2","Read_2520",0.973469913848419,"Haplotype_B_Meth"
"NGS_H19_Hetero_Phased_Rep2","Read_2521",0.9782803306964,"Haplotype_B_Meth"
"NGS_H19_Hetero_Phased_Rep2","Read_2522",0.968469353978708,"Haplotype_B_Meth"
"NGS_H19_Hetero_Phased_Rep2","Read_2523",0.978558787923249,"Haplotype_B_Meth"
"NGS_H19_Hetero_Phased_Rep2","Read_2524",0.982582648347804,"Haplotype_B_Meth"
"NGS_H19_Hetero_Phased_Rep2","Read_2525",0.977271145978484,"Haplotype_B_Meth"
"NGS_H19_Hetero_Phased_Rep2","Read_2526",0.0169313085629759,"Haplotype_A_Unmeth"
"NGS_H19_Hetero_Phased_Rep2","Read_2527",0.97952066730731,"Haplotype_B_Meth"
"NGS_H19_Hetero_Phased_Rep2","Read_2528",0.0181690032153526,"Haplotype_A_Unmeth"
"NGS_H19_Hetero_Phased_Rep2","Read_2529",0.980332829017242,"Haplotype_B_Meth"
"NGS_H19_Hetero_Phased_Rep2","Read_2530",0.0176884893447427,"Haplotype_A_Unmeth"
"NGS_H19_Hetero_Phased_Rep2","Read_2531",0.0265726247550662,"Haplotype_A_Unmeth"
"NGS_H19_Hetero_Phased_Rep2","Read_2532",0.977072943152229,"Haplotype_B_Meth"
"NGS_H19_Hetero_Phased_Rep2","Read_2533",0.982848473680831,"Haplotype_B_Meth"
"NGS_H19_Hetero_Phased_Rep2","Read_2534",0.018317788239874,"Haplotype_A_Unmeth"
"NGS_H19_Hetero_Phased_Rep2","Read_2535",0.0171731510595618,"Haplotype_A_Unmeth"
"NGS_H19_Hetero_Phased_Rep2","Read_2536",0.0217557513640379,"Haplotype_A_Unmeth"
"NGS_H19_Hetero_Phased_Rep2","Read_2537",0.0276110636709605,"Haplotype_A_Unmeth"
"NGS_H19_Hetero_Phased_Rep2","Read_2538",0.0172937655615188,"Haplotype_A_Unmeth"
"NGS_H19_Hetero_Phased_Rep2","Read_2539",0.976192946699771,"Haplotype_B_Meth"
"NGS_H19_Hetero_Phased_Rep2","Read_2540",0.0155448561038874,"Haplotype_A_Unmeth"
"NGS_H19_Hetero_Phased_Rep2","Read_2541",0.0203352214230196,"Haplotype_A_Unmeth"
"NGS_H19_Hetero_Phased_Rep2","Read_2542",0.0287246095103373,"Haplotype_A_Unmeth"
"NGS_H19_Hetero_Phased_Rep2","Read_2543",0.984809478670944,"Haplotype_B_Meth"
"NGS_H19_Hetero_Phased_Rep2","Read_2544",0.980809833255403,"Haplotype_B_Meth"
"NGS_H19_Hetero_Phased_Rep2","Read_2545",0.0107274356019455,"Haplotype_A_Unmeth"
"NGS_H19_Hetero_Phased_Rep2","Read_2546",0.0240308441687103,"Haplotype_A_Unmeth"
"NGS_H19_Hetero_Phased_Rep2","Read_2547",0.0154168042756782,"Haplotype_A_Unmeth"
"NGS_H19_Hetero_Phased_Rep2","Read_2548",0.980737629620403,"Haplotype_B_Meth"
"NGS_H19_Hetero_Phased_Rep2","Read_2549",0.0399549494534583,"Haplotype_A_Unmeth"
"NGS_H19_Hetero_Phased_Rep2","Read_2550",0.976817076649141,"Haplotype_B_Meth"
"NGS_H19_Hetero_Phased_Rep2","Read_2551",0.0332289726615487,"Haplotype_A_Unmeth"
"NGS_H19_Hetero_Phased_Rep2","Read_2552",0.980486009522609,"Haplotype_B_Meth"
"NGS_H19_Hetero_Phased_Rep2","Read_2553",0.0190879865573595,"Haplotype_A_Unmeth"
"NGS_H19_Hetero_Phased_Rep2","Read_2554",0.97749416689874,"Haplotype_B_Meth"
"NGS_H19_Hetero_Phased_Rep2","Read_2555",0.0150923537487405,"Haplotype_A_Unmeth"
"NGS_H19_Hetero_Phased_Rep2","Read_2556",0.981452629302971,"Haplotype_B_Meth"
"NGS_H19_Hetero_Phased_Rep2","Read_2557",0.0221947280911086,"Haplotype_A_Unmeth"
"NGS_H19_Hetero_Phased_Rep2","Read_2558",0.976864993997288,"Haplotype_B_Meth"
"NGS_H19_Hetero_Phased_Rep2","Read_2559",0.985361165255428,"Haplotype_B_Meth"
"NGS_H19_Hetero_Phased_Rep2","Read_2560",0.971956836925658,"Haplotype_B_Meth"
"NGS_H19_Hetero_Phased_Rep2","Read_2561",0.0199073863218643,"Haplotype_A_Unmeth"
"NGS_H19_Hetero_Phased_Rep2","Read_2562",0.975941588122297,"Haplotype_B_Meth"
"NGS_H19_Hetero_Phased_Rep2","Read_2563",0.984780544284705,"Haplotype_B_Meth"
"NGS_H19_Hetero_Phased_Rep2","Read_2564",0.0173591229014486,"Haplotype_A_Unmeth"
"NGS_H19_Hetero_Phased_Rep2","Read_2565",0.98306529121572,"Haplotype_B_Meth"
"NGS_H19_Hetero_Phased_Rep2","Read_2566",0.0194325192624814,"Haplotype_A_Unmeth"
"NGS_H19_Hetero_Phased_Rep2","Read_2567",0.0210557090708816,"Haplotype_A_Unmeth"
"NGS_H19_Hetero_Phased_Rep2","Read_2568",0.033493341777161,"Haplotype_A_Unmeth"
"NGS_H19_Hetero_Phased_Rep2","Read_2569",0.0169392867438507,"Haplotype_A_Unmeth"
"NGS_H19_Hetero_Phased_Rep2","Read_2570",0.979982670118024,"Haplotype_B_Meth"
"NGS_H19_Hetero_Phased_Rep2","Read_2571",0.0226023351826953,"Haplotype_A_Unmeth"
"NGS_H19_Hetero_Phased_Rep2","Read_2572",0.0223411643529035,"Haplotype_A_Unmeth"
"NGS_H19_Hetero_Phased_Rep2","Read_2573",0.0201725039023091,"Haplotype_A_Unmeth"
"NGS_H19_Hetero_Phased_Rep2","Read_2574",0.0177324237317079,"Haplotype_A_Unmeth"
"NGS_H19_Hetero_Phased_Rep2","Read_2575",0.984888692061815,"Haplotype_B_Meth"
"NGS_H19_Hetero_Phased_Rep2","Read_2576",0.97838568122671,"Haplotype_B_Meth"
"NGS_H19_Hetero_Phased_Rep2","Read_2577",0.0161553912106097,"Haplotype_A_Unmeth"
"NGS_H19_Hetero_Phased_Rep2","Read_2578",0.0215492792690654,"Haplotype_A_Unmeth"
"NGS_H19_Hetero_Phased_Rep2","Read_2579",0.973955744193886,"Haplotype_B_Meth"
"NGS_H19_Hetero_Phased_Rep2","Read_2580",0.976456437100879,"Haplotype_B_Meth"
"NGS_H19_Hetero_Phased_Rep2","Read_2581",0.0205614142708297,"Haplotype_A_Unmeth"
"NGS_H19_Hetero_Phased_Rep2","Read_2582",0.979051253411694,"Haplotype_B_Meth"
"NGS_H19_Hetero_Phased_Rep2","Read_2583",0.982579373030109,"Haplotype_B_Meth"
"NGS_H19_Hetero_Phased_Rep2","Read_2584",0.985186848904767,"Haplotype_B_Meth"
"NGS_H19_Hetero_Phased_Rep2","Read_2585",0.976957853265554,"Haplotype_B_Meth"
"NGS_H19_Hetero_Phased_Rep2","Read_2586",0.973781914708834,"Haplotype_B_Meth"
"NGS_H19_Hetero_Phased_Rep2","Read_2587",0.982684275537418,"Haplotype_B_Meth"
"NGS_H19_Hetero_Phased_Rep2","Read_2588",0.0190231876428058,"Haplotype_A_Unmeth"
"NGS_H19_Hetero_Phased_Rep2","Read_2589",0.020805156625966,"Haplotype_A_Unmeth"
"NGS_H19_Hetero_Phased_Rep2","Read_2590",0.0189180793928365,"Haplotype_A_Unmeth"
"NGS_H19_Hetero_Phased_Rep2","Read_2591",0.982711547490384,"Haplotype_B_Meth"
"NGS_H19_Hetero_Phased_Rep2","Read_2592",0.968361052261853,"Haplotype_B_Meth"
"NGS_H19_Hetero_Phased_Rep2","Read_2593",0.019626134281281,"Haplotype_A_Unmeth"
"NGS_H19_Hetero_Phased_Rep2","Read_2594",0.981945192692803,"Haplotype_B_Meth"
"NGS_H19_Hetero_Phased_Rep2","Read_2595",0.0178169909124544,"Haplotype_A_Unmeth"
"NGS_H19_Hetero_Phased_Rep2","Read_2596",0.978931043484057,"Haplotype_B_Meth"
"NGS_H19_Hetero_Phased_Rep2","Read_2597",0.0161164600053054,"Haplotype_A_Unmeth"
"NGS_H19_Hetero_Phased_Rep2","Read_2598",0.977705121271621,"Haplotype_B_Meth"
"NGS_H19_Hetero_Phased_Rep2","Read_2599",0.0145370687483569,"Haplotype_A_Unmeth"
"NGS_H19_Hetero_Phased_Rep2","Read_2600",0.0163350419483777,"Haplotype_A_Unmeth"
"NGS_H19_Hetero_Phased_Rep2","Read_2601",0.975048711314263,"Haplotype_B_Meth"
"NGS_H19_Hetero_Phased_Rep2","Read_2602",0.975521416913578,"Haplotype_B_Meth"
"NGS_H19_Hetero_Phased_Rep2","Read_2603",0.974447272305694,"Haplotype_B_Meth"
"NGS_H19_Hetero_Phased_Rep2","Read_2604",0.978189675638669,"Haplotype_B_Meth"
"NGS_H19_Hetero_Phased_Rep2","Read_2605",0.974164140178827,"Haplotype_B_Meth"
"NGS_H19_Hetero_Phased_Rep2","Read_2606",0.977611987424532,"Haplotype_B_Meth"
"NGS_H19_Hetero_Phased_Rep2","Read_2607",0.981191414145218,"Haplotype_B_Meth"
"NGS_H19_Hetero_Phased_Rep2","Read_2608",0.972709555633819,"Haplotype_B_Meth"
"NGS_H19_Hetero_Phased_Rep2","Read_2609",0.0182599224886256,"Haplotype_A_Unmeth"
"NGS_H19_Hetero_Phased_Rep2","Read_2610",0.977231563889834,"Haplotype_B_Meth"
"NGS_H19_Hetero_Phased_Rep2","Read_2611",0.969470802723767,"Haplotype_B_Meth"
"NGS_H19_Hetero_Phased_Rep2","Read_2612",0.988227362774027,"Haplotype_B_Meth"
"NGS_H19_Hetero_Phased_Rep2","Read_2613",0.987060718193049,"Haplotype_B_Meth"
"NGS_H19_Hetero_Phased_Rep2","Read_2614",0.981988078163022,"Haplotype_B_Meth"
"NGS_H19_Hetero_Phased_Rep2","Read_2615",0.0185042687196146,"Haplotype_A_Unmeth"
"NGS_H19_Hetero_Phased_Rep2","Read_2616",0.0225114828388537,"Haplotype_A_Unmeth"
"NGS_H19_Hetero_Phased_Rep2","Read_2617",0.0229240427337908,"Haplotype_A_Unmeth"
"NGS_H19_Hetero_Phased_Rep2","Read_2618",0.968373258031608,"Haplotype_B_Meth"
"NGS_H19_Hetero_Phased_Rep2","Read_2619",0.0182377053986111,"Haplotype_A_Unmeth"
"NGS_H19_Hetero_Phased_Rep2","Read_2620",0.0255849759344899,"Haplotype_A_Unmeth"
"NGS_H19_Hetero_Phased_Rep2","Read_2621",0.985870438795788,"Haplotype_B_Meth"
"NGS_H19_Hetero_Phased_Rep2","Read_2622",0.980211867482642,"Haplotype_B_Meth"
"NGS_H19_Hetero_Phased_Rep2","Read_2623",0.971765757518679,"Haplotype_B_Meth"
"NGS_H19_Hetero_Phased_Rep2","Read_2624",0.0240364569185603,"Haplotype_A_Unmeth"
"NGS_H19_Hetero_Phased_Rep2","Read_2625",0.0200200921589908,"Haplotype_A_Unmeth"
"NGS_H19_Hetero_Phased_Rep2","Read_2626",0.0192267216024966,"Haplotype_A_Unmeth"
"NGS_H19_Hetero_Phased_Rep2","Read_2627",0.980783343864764,"Haplotype_B_Meth"
"NGS_H19_Hetero_Phased_Rep2","Read_2628",0.02069484735428,"Haplotype_A_Unmeth"
"NGS_H19_Hetero_Phased_Rep2","Read_2629",0.983897551823733,"Haplotype_B_Meth"
"NGS_H19_Hetero_Phased_Rep2","Read_2630",0.0127107494758209,"Haplotype_A_Unmeth"
"NGS_H19_Hetero_Phased_Rep2","Read_2631",0.0208930278097545,"Haplotype_A_Unmeth"
"NGS_H19_Hetero_Phased_Rep2","Read_2632",0.0204490465276625,"Haplotype_A_Unmeth"
"NGS_H19_Hetero_Phased_Rep2","Read_2633",0.0202927490965247,"Haplotype_A_Unmeth"
"NGS_H19_Hetero_Phased_Rep2","Read_2634",0.971759280326915,"Haplotype_B_Meth"
"NGS_H19_Hetero_Phased_Rep2","Read_2635",0.0159523110995692,"Haplotype_A_Unmeth"
"NGS_H19_Hetero_Phased_Rep2","Read_2636",0.978457263043961,"Haplotype_B_Meth"
"NGS_H19_Hetero_Phased_Rep2","Read_2637",0.972924056942204,"Haplotype_B_Meth"
"NGS_H19_Hetero_Phased_Rep2","Read_2638",0.0213755787055575,"Haplotype_A_Unmeth"
"NGS_H19_Hetero_Phased_Rep2","Read_2639",0.0237553431517368,"Haplotype_A_Unmeth"
"NGS_H19_Hetero_Phased_Rep2","Read_2640",0.0193992110792266,"Haplotype_A_Unmeth"
"NGS_H19_Hetero_Phased_Rep2","Read_2641",0.0248772257269609,"Haplotype_A_Unmeth"
"NGS_H19_Hetero_Phased_Rep2","Read_2642",0.983369311756657,"Haplotype_B_Meth"
"NGS_H19_Hetero_Phased_Rep2","Read_2643",0.980898733160538,"Haplotype_B_Meth"
"NGS_H19_Hetero_Phased_Rep2","Read_2644",0.0141167786502814,"Haplotype_A_Unmeth"
"NGS_H19_Hetero_Phased_Rep2","Read_2645",0.0158841165730076,"Haplotype_A_Unmeth"
"NGS_H19_Hetero_Phased_Rep2","Read_2646",0.0191396091501455,"Haplotype_A_Unmeth"
"NGS_H19_Hetero_Phased_Rep2","Read_2647",0.985744624413668,"Haplotype_B_Meth"
"NGS_H19_Hetero_Phased_Rep2","Read_2648",0.0192926483563821,"Haplotype_A_Unmeth"
"NGS_H19_Hetero_Phased_Rep2","Read_2649",0.0250632265248829,"Haplotype_A_Unmeth"
"NGS_H19_Hetero_Phased_Rep2","Read_2650",0.986469432392386,"Haplotype_B_Meth"
"NGS_H19_Hetero_Phased_Rep2","Read_2651",0.0185041990797556,"Haplotype_A_Unmeth"
"NGS_H19_Hetero_Phased_Rep2","Read_2652",0.98308135346526,"Haplotype_B_Meth"
"NGS_H19_Hetero_Phased_Rep2","Read_2653",0.976636904336152,"Haplotype_B_Meth"
"NGS_H19_Hetero_Phased_Rep2","Read_2654",0.0220539212553731,"Haplotype_A_Unmeth"
"NGS_H19_Hetero_Phased_Rep2","Read_2655",0.984086874742673,"Haplotype_B_Meth"
"NGS_H19_Hetero_Phased_Rep2","Read_2656",0.987340256708729,"Haplotype_B_Meth"
"NGS_H19_Hetero_Phased_Rep2","Read_2657",0.0178732507826221,"Haplotype_A_Unmeth"
"NGS_H19_Hetero_Phased_Rep2","Read_2658",0.979247010491583,"Haplotype_B_Meth"
"NGS_H19_Hetero_Phased_Rep2","Read_2659",0.022869046715714,"Haplotype_A_Unmeth"
"NGS_H19_Hetero_Phased_Rep2","Read_2660",0.0231943782099263,"Haplotype_A_Unmeth"
"NGS_H19_Hetero_Phased_Rep2","Read_2661",0.980347236044484,"Haplotype_B_Meth"
"NGS_H19_Hetero_Phased_Rep2","Read_2662",0.0160819038370307,"Haplotype_A_Unmeth"
"NGS_H19_Hetero_Phased_Rep2","Read_2663",0.970199779038591,"Haplotype_B_Meth"
"NGS_H19_Hetero_Phased_Rep2","Read_2664",0.0161867287229265,"Haplotype_A_Unmeth"
"NGS_H19_Hetero_Phased_Rep2","Read_2665",0.0127585873708312,"Haplotype_A_Unmeth"
"NGS_H19_Hetero_Phased_Rep2","Read_2666",0.982163276667906,"Haplotype_B_Meth"
"NGS_H19_Hetero_Phased_Rep2","Read_2667",0.0215580252043598,"Haplotype_A_Unmeth"
"NGS_H19_Hetero_Phased_Rep2","Read_2668",0.0156082418746492,"Haplotype_A_Unmeth"
"NGS_H19_Hetero_Phased_Rep2","Read_2669",0.97448391720286,"Haplotype_B_Meth"
"NGS_H19_Hetero_Phased_Rep2","Read_2670",0.976235631339161,"Haplotype_B_Meth"
"NGS_H19_Hetero_Phased_Rep2","Read_2671",0.980522398299522,"Haplotype_B_Meth"
"NGS_H19_Hetero_Phased_Rep2","Read_2672",0.983059471239106,"Haplotype_B_Meth"
"NGS_H19_Hetero_Phased_Rep2","Read_2673",0.0239803395764364,"Haplotype_A_Unmeth"
"NGS_H19_Hetero_Phased_Rep2","Read_2674",0.981214796255882,"Haplotype_B_Meth"
"NGS_H19_Hetero_Phased_Rep2","Read_2675",0.983057224077864,"Haplotype_B_Meth"
"NGS_H19_Hetero_Phased_Rep2","Read_2676",0.976722411602923,"Haplotype_B_Meth"
"NGS_H19_Hetero_Phased_Rep2","Read_2677",0.978137109221006,"Haplotype_B_Meth"
"NGS_H19_Hetero_Phased_Rep2","Read_2678",0.0193249762083586,"Haplotype_A_Unmeth"
"NGS_H19_Hetero_Phased_Rep2","Read_2679",0.977058812851107,"Haplotype_B_Meth"
"NGS_H19_Hetero_Phased_Rep2","Read_2680",0.982680891822039,"Haplotype_B_Meth"
"NGS_H19_Hetero_Phased_Rep2","Read_2681",0.0231597328932211,"Haplotype_A_Unmeth"
"NGS_H19_Hetero_Phased_Rep2","Read_2682",0.982826181857073,"Haplotype_B_Meth"
"NGS_H19_Hetero_Phased_Rep2","Read_2683",0.0138048894991496,"Haplotype_A_Unmeth"
"NGS_H19_Hetero_Phased_Rep2","Read_2684",0.0134829084089623,"Haplotype_A_Unmeth"
"NGS_H19_Hetero_Phased_Rep2","Read_2685",0.988500745336716,"Haplotype_B_Meth"
"NGS_H19_Hetero_Phased_Rep2","Read_2686",0.012755324352411,"Haplotype_A_Unmeth"
"NGS_H19_Hetero_Phased_Rep2","Read_2687",0.979814505549494,"Haplotype_B_Meth"
"NGS_H19_Hetero_Phased_Rep2","Read_2688",0.975449377083572,"Haplotype_B_Meth"
"NGS_H19_Hetero_Phased_Rep2","Read_2689",0.0242525909517019,"Haplotype_A_Unmeth"
"NGS_H19_Hetero_Phased_Rep2","Read_2690",0.0273204279660024,"Haplotype_A_Unmeth"
"NGS_H19_Hetero_Phased_Rep2","Read_2691",0.978156399977775,"Haplotype_B_Meth"
"NGS_H19_Hetero_Phased_Rep2","Read_2692",0.979733365472845,"Haplotype_B_Meth"
"NGS_H19_Hetero_Phased_Rep2","Read_2693",0.969865289458731,"Haplotype_B_Meth"
"NGS_H19_Hetero_Phased_Rep2","Read_2694",0.0227179536516334,"Haplotype_A_Unmeth"
"NGS_H19_Hetero_Phased_Rep2","Read_2695",0.0299885518158929,"Haplotype_A_Unmeth"
"NGS_H19_Hetero_Phased_Rep2","Read_2696",0.981652594845539,"Haplotype_B_Meth"
"NGS_H19_Hetero_Phased_Rep2","Read_2697",0.0229179339167875,"Haplotype_A_Unmeth"
"NGS_H19_Hetero_Phased_Rep2","Read_2698",0.974236015978228,"Haplotype_B_Meth"
"NGS_H19_Hetero_Phased_Rep2","Read_2699",0.0174522909721793,"Haplotype_A_Unmeth"
"NGS_H19_Hetero_Phased_Rep2","Read_2700",0.982199353136796,"Haplotype_B_Meth"
"NGS_H19_Hetero_Phased_Rep2","Read_2701",0.0229649619932753,"Haplotype_A_Unmeth"
"NGS_H19_Hetero_Phased_Rep2","Read_2702",0.0250755364695898,"Haplotype_A_Unmeth"
"NGS_H19_Hetero_Phased_Rep2","Read_2703",0.983706852652326,"Haplotype_B_Meth"
"NGS_H19_Hetero_Phased_Rep2","Read_2704",0.0219384404129186,"Haplotype_A_Unmeth"
"NGS_H19_Hetero_Phased_Rep2","Read_2705",0.0208233546645155,"Haplotype_A_Unmeth"
"NGS_H19_Hetero_Phased_Rep2","Read_2706",0.984768184362945,"Haplotype_B_Meth"
"NGS_H19_Hetero_Phased_Rep2","Read_2707",0.984859200441478,"Haplotype_B_Meth"
"NGS_H19_Hetero_Phased_Rep2","Read_2708",0.980717122214087,"Haplotype_B_Meth"
"NGS_H19_Hetero_Phased_Rep2","Read_2709",0.979558531375426,"Haplotype_B_Meth"
"NGS_H19_Hetero_Phased_Rep2","Read_2710",0.982775478696552,"Haplotype_B_Meth"
"NGS_H19_Hetero_Phased_Rep2","Read_2711",0.975238236341995,"Haplotype_B_Meth"
"NGS_H19_Hetero_Phased_Rep2","Read_2712",0.971082834284024,"Haplotype_B_Meth"
"NGS_H19_Hetero_Phased_Rep2","Read_2713",0.985714788673825,"Haplotype_B_Meth"
"NGS_H19_Hetero_Phased_Rep2","Read_2714",0.0296951322160339,"Haplotype_A_Unmeth"
"NGS_H19_Hetero_Phased_Rep2","Read_2715",0.0200506136653521,"Haplotype_A_Unmeth"
"NGS_H19_Hetero_Phased_Rep2","Read_2716",0.979021967071082,"Haplotype_B_Meth"
"NGS_H19_Hetero_Phased_Rep2","Read_2717",0.0134246733038641,"Haplotype_A_Unmeth"
"NGS_H19_Hetero_Phased_Rep2","Read_2718",0.0130542164075273,"Haplotype_A_Unmeth"
"NGS_H19_Hetero_Phased_Rep2","Read_2719",0.979555912536282,"Haplotype_B_Meth"
"NGS_H19_Hetero_Phased_Rep2","Read_2720",0.0250735443102699,"Haplotype_A_Unmeth"
"NGS_H19_Hetero_Phased_Rep2","Read_2721",0.0256446718192396,"Haplotype_A_Unmeth"
"NGS_H19_Hetero_Phased_Rep2","Read_2722",0.981486474815821,"Haplotype_B_Meth"
"NGS_H19_Hetero_Phased_Rep2","Read_2723",0.976115948918822,"Haplotype_B_Meth"
"NGS_H19_Hetero_Phased_Rep2","Read_2724",0.014831430159514,"Haplotype_A_Unmeth"
"NGS_H19_Hetero_Phased_Rep2","Read_2725",0.0144034618670485,"Haplotype_A_Unmeth"
"NGS_H19_Hetero_Phased_Rep2","Read_2726",0.0270706932476809,"Haplotype_A_Unmeth"
"NGS_H19_Hetero_Phased_Rep2","Read_2727",0.981923182856857,"Haplotype_B_Meth"
"NGS_H19_Hetero_Phased_Rep2","Read_2728",0.98088328955949,"Haplotype_B_Meth"
"NGS_H19_Hetero_Phased_Rep2","Read_2729",0.025069477729859,"Haplotype_A_Unmeth"
"NGS_H19_Hetero_Phased_Rep2","Read_2730",0.0242184229053103,"Haplotype_A_Unmeth"
"NGS_H19_Hetero_Phased_Rep2","Read_2731",0.97613468298282,"Haplotype_B_Meth"
"NGS_H19_Hetero_Phased_Rep2","Read_2732",0.979979379151865,"Haplotype_B_Meth"
"NGS_H19_Hetero_Phased_Rep2","Read_2733",0.983001566278414,"Haplotype_B_Meth"
"NGS_H19_Hetero_Phased_Rep2","Read_2734",0.0131785499493671,"Haplotype_A_Unmeth"
"NGS_H19_Hetero_Phased_Rep2","Read_2735",0.975290744304137,"Haplotype_B_Meth"
"NGS_H19_Hetero_Phased_Rep2","Read_2736",0.0221062224567937,"Haplotype_A_Unmeth"
"NGS_H19_Hetero_Phased_Rep2","Read_2737",0.986280605780633,"Haplotype_B_Meth"
"NGS_H19_Hetero_Phased_Rep2","Read_2738",0.983791814191966,"Haplotype_B_Meth"
"NGS_H19_Hetero_Phased_Rep2","Read_2739",0.981778803861394,"Haplotype_B_Meth"
"NGS_H19_Hetero_Phased_Rep2","Read_2740",0.978613536737087,"Haplotype_B_Meth"
"NGS_H19_Hetero_Phased_Rep2","Read_2741",0.0168734166000566,"Haplotype_A_Unmeth"
"NGS_H19_Hetero_Phased_Rep2","Read_2742",0.97432714071132,"Haplotype_B_Meth"
"NGS_H19_Hetero_Phased_Rep2","Read_2743",0.974270156482906,"Haplotype_B_Meth"
"NGS_H19_Hetero_Phased_Rep2","Read_2744",0.981283557262307,"Haplotype_B_Meth"
"NGS_H19_Hetero_Phased_Rep2","Read_2745",0.0254624255044828,"Haplotype_A_Unmeth"
"NGS_H19_Hetero_Phased_Rep2","Read_2746",0.0246679797065445,"Haplotype_A_Unmeth"
"NGS_H19_Hetero_Phased_Rep2","Read_2747",0.979958729448886,"Haplotype_B_Meth"
"NGS_H19_Hetero_Phased_Rep2","Read_2748",0.973108397507521,"Haplotype_B_Meth"
"NGS_H19_Hetero_Phased_Rep2","Read_2749",0.022249619847026,"Haplotype_A_Unmeth"
"NGS_H19_Hetero_Phased_Rep2","Read_2750",0.0191487933223212,"Haplotype_A_Unmeth"
"NGS_H19_Hetero_Phased_Rep2","Read_2751",0.986878918862002,"Haplotype_B_Meth"
"NGS_H19_Hetero_Phased_Rep2","Read_2752",0.0299836585842074,"Haplotype_A_Unmeth"
"NGS_H19_Hetero_Phased_Rep2","Read_2753",0.0211034944654724,"Haplotype_A_Unmeth"
"NGS_H19_Hetero_Phased_Rep2","Read_2754",0.976287848316411,"Haplotype_B_Meth"
"NGS_H19_Hetero_Phased_Rep2","Read_2755",0.0136442258184877,"Haplotype_A_Unmeth"
"NGS_H19_Hetero_Phased_Rep2","Read_2756",0.0179752168639021,"Haplotype_A_Unmeth"
"NGS_H19_Hetero_Phased_Rep2","Read_2757",0.973036105875742,"Haplotype_B_Meth"
"NGS_H19_Hetero_Phased_Rep2","Read_2758",0.0234132493274931,"Haplotype_A_Unmeth"
"NGS_H19_Hetero_Phased_Rep2","Read_2759",0.0243299249853286,"Haplotype_A_Unmeth"
"NGS_H19_Hetero_Phased_Rep2","Read_2760",0.0168855432756313,"Haplotype_A_Unmeth"
"NGS_H19_Hetero_Phased_Rep2","Read_2761",0.984686603129364,"Haplotype_B_Meth"
"NGS_H19_Hetero_Phased_Rep2","Read_2762",0.0220413786723571,"Haplotype_A_Unmeth"
"NGS_H19_Hetero_Phased_Rep2","Read_2763",0.982030447696624,"Haplotype_B_Meth"
"NGS_H19_Hetero_Phased_Rep2","Read_2764",0.0205502908303799,"Haplotype_A_Unmeth"
"NGS_H19_Hetero_Phased_Rep2","Read_2765",0.984296317296188,"Haplotype_B_Meth"
"NGS_H19_Hetero_Phased_Rep2","Read_2766",0.013572363261661,"Haplotype_A_Unmeth"
"NGS_H19_Hetero_Phased_Rep2","Read_2767",0.979389570890313,"Haplotype_B_Meth"
"NGS_H19_Hetero_Phased_Rep2","Read_2768",0.981550573457738,"Haplotype_B_Meth"
"NGS_H19_Hetero_Phased_Rep2","Read_2769",0.0361471280133934,"Haplotype_A_Unmeth"
"NGS_H19_Hetero_Phased_Rep2","Read_2770",0.0232913656232893,"Haplotype_A_Unmeth"
"NGS_H19_Hetero_Phased_Rep2","Read_2771",0.0179777929750587,"Haplotype_A_Unmeth"
"NGS_H19_Hetero_Phased_Rep2","Read_2772",0.0189807828947548,"Haplotype_A_Unmeth"
"NGS_H19_Hetero_Phased_Rep2","Read_2773",0.0190804970954814,"Haplotype_A_Unmeth"
"NGS_H19_Hetero_Phased_Rep2","Read_2774",0.016525555567191,"Haplotype_A_Unmeth"
"NGS_H19_Hetero_Phased_Rep2","Read_2775",0.0230439087205462,"Haplotype_A_Unmeth"
"NGS_H19_Hetero_Phased_Rep2","Read_2776",0.0176140677495195,"Haplotype_A_Unmeth"
"NGS_H19_Hetero_Phased_Rep2","Read_2777",0.0209145522323261,"Haplotype_A_Unmeth"
"NGS_H19_Hetero_Phased_Rep2","Read_2778",0.987724768952608,"Haplotype_B_Meth"
"NGS_H19_Hetero_Phased_Rep2","Read_2779",0.985009384757258,"Haplotype_B_Meth"
"NGS_H19_Hetero_Phased_Rep2","Read_2780",0.986758164899622,"Haplotype_B_Meth"
"NGS_H19_Hetero_Phased_Rep2","Read_2781",0.978044841352692,"Haplotype_B_Meth"
"NGS_H19_Hetero_Phased_Rep2","Read_2782",0.0242094418400581,"Haplotype_A_Unmeth"
"NGS_H19_Hetero_Phased_Rep2","Read_2783",0.0198821382806313,"Haplotype_A_Unmeth"
"NGS_H19_Hetero_Phased_Rep2","Read_2784",0.0186797960500522,"Haplotype_A_Unmeth"
"NGS_H19_Hetero_Phased_Rep2","Read_2785",0.976429426555318,"Haplotype_B_Meth"
"NGS_H19_Hetero_Phased_Rep2","Read_2786",0.983585461295223,"Haplotype_B_Meth"
"NGS_H19_Hetero_Phased_Rep2","Read_2787",0.0186902399052489,"Haplotype_A_Unmeth"
"NGS_H19_Hetero_Phased_Rep2","Read_2788",0.0253115822845074,"Haplotype_A_Unmeth"
"NGS_H19_Hetero_Phased_Rep2","Read_2789",0.976249962078656,"Haplotype_B_Meth"
"NGS_H19_Hetero_Phased_Rep2","Read_2790",0.972529971933858,"Haplotype_B_Meth"
"NGS_H19_Hetero_Phased_Rep2","Read_2791",0.984699038645974,"Haplotype_B_Meth"
"NGS_H19_Hetero_Phased_Rep2","Read_2792",0.977530021010819,"Haplotype_B_Meth"
"NGS_H19_Hetero_Phased_Rep2","Read_2793",0.021279872492095,"Haplotype_A_Unmeth"
"NGS_H19_Hetero_Phased_Rep2","Read_2794",0.0136903377859195,"Haplotype_A_Unmeth"
"NGS_H19_Hetero_Phased_Rep2","Read_2795",0.0317799630478615,"Haplotype_A_Unmeth"
"NGS_H19_Hetero_Phased_Rep2","Read_2796",0.966655557576533,"Haplotype_B_Meth"
"NGS_H19_Hetero_Phased_Rep2","Read_2797",0.985531884609239,"Haplotype_B_Meth"
"NGS_H19_Hetero_Phased_Rep2","Read_2798",0.985868470183653,"Haplotype_B_Meth"
"NGS_H19_Hetero_Phased_Rep2","Read_2799",0.984397486376614,"Haplotype_B_Meth"
"NGS_H19_Hetero_Phased_Rep2","Read_2800",0.0265149665437803,"Haplotype_A_Unmeth"
"NGS_H19_Hetero_Phased_Rep2","Read_2801",0.0185318257123552,"Haplotype_A_Unmeth"
"NGS_H19_Hetero_Phased_Rep2","Read_2802",0.971610987647125,"Haplotype_B_Meth"
"NGS_H19_Hetero_Phased_Rep2","Read_2803",0.9724072604062,"Haplotype_B_Meth"
"NGS_H19_Hetero_Phased_Rep2","Read_2804",0.0180977302405655,"Haplotype_A_Unmeth"
"NGS_H19_Hetero_Phased_Rep2","Read_2805",0.0140329559710129,"Haplotype_A_Unmeth"
"NGS_H19_Hetero_Phased_Rep2","Read_2806",0.973435020298085,"Haplotype_B_Meth"
"NGS_H19_Hetero_Phased_Rep2","Read_2807",0.981880690424404,"Haplotype_B_Meth"
"NGS_H19_Hetero_Phased_Rep2","Read_2808",0.0201942781571742,"Haplotype_A_Unmeth"
"NGS_H19_Hetero_Phased_Rep2","Read_2809",0.98188931521879,"Haplotype_B_Meth"
"NGS_H19_Hetero_Phased_Rep2","Read_2810",0.983811716225004,"Haplotype_B_Meth"
"NGS_H19_Hetero_Phased_Rep2","Read_2811",0.983869086890035,"Haplotype_B_Meth"
"NGS_H19_Hetero_Phased_Rep2","Read_2812",0.9771793603563,"Haplotype_B_Meth"
"NGS_H19_Hetero_Phased_Rep2","Read_2813",0.0159903313994459,"Haplotype_A_Unmeth"
"NGS_H19_Hetero_Phased_Rep2","Read_2814",0.983709330715593,"Haplotype_B_Meth"
"NGS_H19_Hetero_Phased_Rep2","Read_2815",0.984169288370461,"Haplotype_B_Meth"
"NGS_H19_Hetero_Phased_Rep2","Read_2816",0.0178000400386133,"Haplotype_A_Unmeth"
"NGS_H19_Hetero_Phased_Rep2","Read_2817",0.978680437010917,"Haplotype_B_Meth"
"NGS_H19_Hetero_Phased_Rep2","Read_2818",0.0264593113618795,"Haplotype_A_Unmeth"
"NGS_H19_Hetero_Phased_Rep2","Read_2819",0.986682893357156,"Haplotype_B_Meth"
"NGS_H19_Hetero_Phased_Rep2","Read_2820",0.981631019565035,"Haplotype_B_Meth"
"NGS_H19_Hetero_Phased_Rep2","Read_2821",0.980472988416254,"Haplotype_B_Meth"
"NGS_H19_Hetero_Phased_Rep2","Read_2822",0.982576772561356,"Haplotype_B_Meth"
"NGS_H19_Hetero_Phased_Rep2","Read_2823",0.0201070519235544,"Haplotype_A_Unmeth"
"NGS_H19_Hetero_Phased_Rep2","Read_2824",0.981287410939236,"Haplotype_B_Meth"
"NGS_H19_Hetero_Phased_Rep2","Read_2825",0.0215539040050581,"Haplotype_A_Unmeth"
"NGS_H19_Hetero_Phased_Rep2","Read_2826",0.0178613705478059,"Haplotype_A_Unmeth"
"NGS_H19_Hetero_Phased_Rep2","Read_2827",0.978806742476706,"Haplotype_B_Meth"
"NGS_H19_Hetero_Phased_Rep2","Read_2828",0.975806257723886,"Haplotype_B_Meth"
"NGS_H19_Hetero_Phased_Rep2","Read_2829",0.978701846806026,"Haplotype_B_Meth"
"NGS_H19_Hetero_Phased_Rep2","Read_2830",0.980189558523499,"Haplotype_B_Meth"
"NGS_H19_Hetero_Phased_Rep2","Read_2831",0.0165056532855736,"Haplotype_A_Unmeth"
"NGS_H19_Hetero_Phased_Rep2","Read_2832",0.979052760989328,"Haplotype_B_Meth"
"NGS_H19_Hetero_Phased_Rep2","Read_2833",0.0224949356251414,"Haplotype_A_Unmeth"
"NGS_H19_Hetero_Phased_Rep2","Read_2834",0.0161659536722003,"Haplotype_A_Unmeth"
"NGS_H19_Hetero_Phased_Rep2","Read_2835",0.9805925832506,"Haplotype_B_Meth"
"NGS_H19_Hetero_Phased_Rep2","Read_2836",0.0164939731890706,"Haplotype_A_Unmeth"
"NGS_H19_Hetero_Phased_Rep2","Read_2837",0.0174957518831093,"Haplotype_A_Unmeth"
"NGS_H19_Hetero_Phased_Rep2","Read_2838",0.984408551120043,"Haplotype_B_Meth"
"NGS_H19_Hetero_Phased_Rep2","Read_2839",0.0135745595821844,"Haplotype_A_Unmeth"
"NGS_H19_Hetero_Phased_Rep2","Read_2840",0.0145690176533436,"Haplotype_A_Unmeth"
"NGS_H19_Hetero_Phased_Rep2","Read_2841",0.0151627270158426,"Haplotype_A_Unmeth"
"NGS_H19_Hetero_Phased_Rep2","Read_2842",0.0164160768551166,"Haplotype_A_Unmeth"
"NGS_H19_Hetero_Phased_Rep2","Read_2843",0.0204321378648348,"Haplotype_A_Unmeth"
"NGS_H19_Hetero_Phased_Rep2","Read_2844",0.0191851306254418,"Haplotype_A_Unmeth"
"NGS_H19_Hetero_Phased_Rep2","Read_2845",0.976300264993291,"Haplotype_B_Meth"
"NGS_H19_Hetero_Phased_Rep2","Read_2846",0.976179175871039,"Haplotype_B_Meth"
"NGS_H19_Hetero_Phased_Rep2","Read_2847",0.982877629893911,"Haplotype_B_Meth"
"NGS_H19_Hetero_Phased_Rep2","Read_2848",0.0191601218192303,"Haplotype_A_Unmeth"
"NGS_H19_Hetero_Phased_Rep2","Read_2849",0.0137864082832829,"Haplotype_A_Unmeth"
"NGS_H19_Hetero_Phased_Rep2","Read_2850",0.0179571108587061,"Haplotype_A_Unmeth"
"NGS_H19_Hetero_Phased_Rep2","Read_2851",0.020572979262843,"Haplotype_A_Unmeth"
"NGS_H19_Hetero_Phased_Rep2","Read_2852",0.984474273161417,"Haplotype_B_Meth"
"NGS_H19_Hetero_Phased_Rep2","Read_2853",0.0201295432704561,"Haplotype_A_Unmeth"
"NGS_H19_Hetero_Phased_Rep2","Read_2854",0.98242988515861,"Haplotype_B_Meth"
"NGS_H19_Hetero_Phased_Rep2","Read_2855",0.0216187997382145,"Haplotype_A_Unmeth"
"NGS_H19_Hetero_Phased_Rep2","Read_2856",0.0248870287196159,"Haplotype_A_Unmeth"
"NGS_H19_Hetero_Phased_Rep2","Read_2857",0.0232833879577867,"Haplotype_A_Unmeth"
"NGS_H19_Hetero_Phased_Rep2","Read_2858",0.982543441514033,"Haplotype_B_Meth"
"NGS_H19_Hetero_Phased_Rep2","Read_2859",0.0211870237251333,"Haplotype_A_Unmeth"
"NGS_H19_Hetero_Phased_Rep2","Read_2860",0.978355275613525,"Haplotype_B_Meth"
"NGS_H19_Hetero_Phased_Rep2","Read_2861",0.0150363339734397,"Haplotype_A_Unmeth"
"NGS_H19_Hetero_Phased_Rep2","Read_2862",0.0209762680185456,"Haplotype_A_Unmeth"
"NGS_H19_Hetero_Phased_Rep2","Read_2863",0.986617297673735,"Haplotype_B_Meth"
"NGS_H19_Hetero_Phased_Rep2","Read_2864",0.983352288824534,"Haplotype_B_Meth"
"NGS_H19_Hetero_Phased_Rep2","Read_2865",0.98563971735509,"Haplotype_B_Meth"
"NGS_H19_Hetero_Phased_Rep2","Read_2866",0.980572787961054,"Haplotype_B_Meth"
"NGS_H19_Hetero_Phased_Rep2","Read_2867",0.0174616582871402,"Haplotype_A_Unmeth"
"NGS_H19_Hetero_Phased_Rep2","Read_2868",0.981892140382741,"Haplotype_B_Meth"
"NGS_H19_Hetero_Phased_Rep2","Read_2869",0.983332106880984,"Haplotype_B_Meth"
"NGS_H19_Hetero_Phased_Rep2","Read_2870",0.0220611964256387,"Haplotype_A_Unmeth"
"NGS_H19_Hetero_Phased_Rep2","Read_2871",0.978771074713666,"Haplotype_B_Meth"
"NGS_H19_Hetero_Phased_Rep2","Read_2872",0.978604523821614,"Haplotype_B_Meth"
"NGS_H19_Hetero_Phased_Rep2","Read_2873",0.0265258980014375,"Haplotype_A_Unmeth"
"NGS_H19_Hetero_Phased_Rep2","Read_2874",0.0180095831115118,"Haplotype_A_Unmeth"
"NGS_H19_Hetero_Phased_Rep2","Read_2875",0.0170598242965767,"Haplotype_A_Unmeth"
"NGS_H19_Hetero_Phased_Rep2","Read_2876",0.0154258137268802,"Haplotype_A_Unmeth"
"NGS_H19_Hetero_Phased_Rep2","Read_2877",0.976876775244709,"Haplotype_B_Meth"
"NGS_H19_Hetero_Phased_Rep2","Read_2878",0.015978914300901,"Haplotype_A_Unmeth"
"NGS_H19_Hetero_Phased_Rep2","Read_2879",0.0230370137320068,"Haplotype_A_Unmeth"
"NGS_H19_Hetero_Phased_Rep2","Read_2880",0.981258016517996,"Haplotype_B_Meth"
"NGS_H19_Hetero_Phased_Rep2","Read_2881",0.984737444565139,"Haplotype_B_Meth"
"NGS_H19_Hetero_Phased_Rep2","Read_2882",0.976563674063105,"Haplotype_B_Meth"
"NGS_H19_Hetero_Phased_Rep2","Read_2883",0.976272483664393,"Haplotype_B_Meth"
"NGS_H19_Hetero_Phased_Rep2","Read_2884",0.983671338185636,"Haplotype_B_Meth"
"NGS_H19_Hetero_Phased_Rep2","Read_2885",0.976102614605995,"Haplotype_B_Meth"
"NGS_H19_Hetero_Phased_Rep2","Read_2886",0.977434440714884,"Haplotype_B_Meth"
"NGS_H19_Hetero_Phased_Rep2","Read_2887",0.0215936490226246,"Haplotype_A_Unmeth"
"NGS_H19_Hetero_Phased_Rep2","Read_2888",0.982266569154895,"Haplotype_B_Meth"
"NGS_H19_Hetero_Phased_Rep2","Read_2889",0.9835091979736,"Haplotype_B_Meth"
"NGS_H19_Hetero_Phased_Rep2","Read_2890",0.981409142304668,"Haplotype_B_Meth"
"NGS_H19_Hetero_Phased_Rep2","Read_2891",0.983235709810108,"Haplotype_B_Meth"
"NGS_H19_Hetero_Phased_Rep2","Read_2892",0.982157580886369,"Haplotype_B_Meth"
"NGS_H19_Hetero_Phased_Rep2","Read_2893",0.0246778408454201,"Haplotype_A_Unmeth"
"NGS_H19_Hetero_Phased_Rep2","Read_2894",0.987526202506802,"Haplotype_B_Meth"
"NGS_H19_Hetero_Phased_Rep2","Read_2895",0.0122710546392169,"Haplotype_A_Unmeth"
"NGS_H19_Hetero_Phased_Rep2","Read_2896",0.019180337431186,"Haplotype_A_Unmeth"
"NGS_H19_Hetero_Phased_Rep2","Read_2897",0.0189225225635489,"Haplotype_A_Unmeth"
"NGS_H19_Hetero_Phased_Rep2","Read_2898",0.986267253265313,"Haplotype_B_Meth"
"NGS_H19_Hetero_Phased_Rep2","Read_2899",0.982507203831882,"Haplotype_B_Meth"
"NGS_H19_Hetero_Phased_Rep2","Read_2900",0.0227299673547903,"Haplotype_A_Unmeth"
"NGS_H19_Hetero_Phased_Rep2","Read_2901",0.985092088531275,"Haplotype_B_Meth"
"NGS_H19_Hetero_Phased_Rep2","Read_2902",0.0278223195156901,"Haplotype_A_Unmeth"
"NGS_H19_Hetero_Phased_Rep2","Read_2903",0.0214816648121793,"Haplotype_A_Unmeth"
"NGS_H19_Hetero_Phased_Rep2","Read_2904",0.0111995555908419,"Haplotype_A_Unmeth"
"NGS_H19_Hetero_Phased_Rep2","Read_2905",0.98088666770553,"Haplotype_B_Meth"
"NGS_H19_Hetero_Phased_Rep2","Read_2906",0.0198251630883047,"Haplotype_A_Unmeth"
"NGS_H19_Hetero_Phased_Rep2","Read_2907",0.97801479307346,"Haplotype_B_Meth"
"NGS_H19_Hetero_Phased_Rep2","Read_2908",0.969948126725114,"Haplotype_B_Meth"
"NGS_H19_Hetero_Phased_Rep2","Read_2909",0.0169505427267319,"Haplotype_A_Unmeth"
"NGS_H19_Hetero_Phased_Rep2","Read_2910",0.974657631333779,"Haplotype_B_Meth"
"NGS_H19_Hetero_Phased_Rep2","Read_2911",0.0158833202583167,"Haplotype_A_Unmeth"
"NGS_H19_Hetero_Phased_Rep2","Read_2912",0.973362361737302,"Haplotype_B_Meth"
"NGS_H19_Hetero_Phased_Rep2","Read_2913",0.0244735717364043,"Haplotype_A_Unmeth"
"NGS_H19_Hetero_Phased_Rep2","Read_2914",0.979588512132208,"Haplotype_B_Meth"
"NGS_H19_Hetero_Phased_Rep2","Read_2915",0.0241470545839037,"Haplotype_A_Unmeth"
"NGS_H19_Hetero_Phased_Rep2","Read_2916",0.0159431311516,"Haplotype_A_Unmeth"
"NGS_H19_Hetero_Phased_Rep2","Read_2917",0.0262601080277561,"Haplotype_A_Unmeth"
"NGS_H19_Hetero_Phased_Rep2","Read_2918",0.980786696750847,"Haplotype_B_Meth"
"NGS_H19_Hetero_Phased_Rep2","Read_2919",0.97941075273167,"Haplotype_B_Meth"
"NGS_H19_Hetero_Phased_Rep2","Read_2920",0.0214472107920852,"Haplotype_A_Unmeth"
"NGS_H19_Hetero_Phased_Rep2","Read_2921",0.990966148871888,"Haplotype_B_Meth"
"NGS_H19_Hetero_Phased_Rep2","Read_2922",0.0159897216909971,"Haplotype_A_Unmeth"
"NGS_H19_Hetero_Phased_Rep2","Read_2923",0.974766778489696,"Haplotype_B_Meth"
"NGS_H19_Hetero_Phased_Rep2","Read_2924",0.0203469269364494,"Haplotype_A_Unmeth"
"NGS_H19_Hetero_Phased_Rep2","Read_2925",0.982523402369631,"Haplotype_B_Meth"
"NGS_H19_Hetero_Phased_Rep2","Read_2926",0.982883970354176,"Haplotype_B_Meth"
"NGS_H19_Hetero_Phased_Rep2","Read_2927",0.01843413515436,"Haplotype_A_Unmeth"
"NGS_H19_Hetero_Phased_Rep2","Read_2928",0.987687411583506,"Haplotype_B_Meth"
"NGS_H19_Hetero_Phased_Rep2","Read_2929",0.0304946934795757,"Haplotype_A_Unmeth"
"NGS_H19_Hetero_Phased_Rep2","Read_2930",0.981333539267139,"Haplotype_B_Meth"
"NGS_H19_Hetero_Phased_Rep2","Read_2931",0.977853005697582,"Haplotype_B_Meth"
"NGS_H19_Hetero_Phased_Rep2","Read_2932",0.980767272060136,"Haplotype_B_Meth"
"NGS_H19_Hetero_Phased_Rep2","Read_2933",0.986448413859639,"Haplotype_B_Meth"
"NGS_H19_Hetero_Phased_Rep2","Read_2934",0.97705162457374,"Haplotype_B_Meth"
"NGS_H19_Hetero_Phased_Rep2","Read_2935",0.978665766731692,"Haplotype_B_Meth"
"NGS_H19_Hetero_Phased_Rep2","Read_2936",0.0212570481332496,"Haplotype_A_Unmeth"
"NGS_H19_Hetero_Phased_Rep2","Read_2937",0.976309107043809,"Haplotype_B_Meth"
"NGS_H19_Hetero_Phased_Rep2","Read_2938",0.984141809359019,"Haplotype_B_Meth"
"NGS_H19_Hetero_Phased_Rep2","Read_2939",0.0160515320686854,"Haplotype_A_Unmeth"
"NGS_H19_Hetero_Phased_Rep2","Read_2940",0.0160621472799345,"Haplotype_A_Unmeth"
"NGS_H19_Hetero_Phased_Rep2","Read_2941",0.0211630733066287,"Haplotype_A_Unmeth"
"NGS_H19_Hetero_Phased_Rep2","Read_2942",0.0156063998086629,"Haplotype_A_Unmeth"
"NGS_H19_Hetero_Phased_Rep2","Read_2943",0.972507891064211,"Haplotype_B_Meth"
"NGS_H19_Hetero_Phased_Rep2","Read_2944",0.968242610056946,"Haplotype_B_Meth"
"NGS_H19_Hetero_Phased_Rep2","Read_2945",0.0125007833129177,"Haplotype_A_Unmeth"
"NGS_H19_Hetero_Phased_Rep2","Read_2946",0.0120898578630799,"Haplotype_A_Unmeth"
"NGS_H19_Hetero_Phased_Rep2","Read_2947",0.984730059454726,"Haplotype_B_Meth"
"NGS_H19_Hetero_Phased_Rep2","Read_2948",0.0246214200937339,"Haplotype_A_Unmeth"
"NGS_H19_Hetero_Phased_Rep2","Read_2949",0.0188894048019469,"Haplotype_A_Unmeth"
"NGS_H19_Hetero_Phased_Rep2","Read_2950",0.0250351456758928,"Haplotype_A_Unmeth"
"NGS_H19_Hetero_Phased_Rep2","Read_2951",0.0130698526016133,"Haplotype_A_Unmeth"
"NGS_H19_Hetero_Phased_Rep2","Read_2952",0.981683805521617,"Haplotype_B_Meth"
"NGS_H19_Hetero_Phased_Rep2","Read_2953",0.979831837042686,"Haplotype_B_Meth"
"NGS_H19_Hetero_Phased_Rep2","Read_2954",0.983487355927362,"Haplotype_B_Meth"
"NGS_H19_Hetero_Phased_Rep2","Read_2955",0.0137855828977235,"Haplotype_A_Unmeth"
"NGS_H19_Hetero_Phased_Rep2","Read_2956",0.983586958727891,"Haplotype_B_Meth"
"NGS_H19_Hetero_Phased_Rep2","Read_2957",0.0162200668377263,"Haplotype_A_Unmeth"
"NGS_H19_Hetero_Phased_Rep2","Read_2958",0.979308774809602,"Haplotype_B_Meth"
"NGS_H19_Hetero_Phased_Rep2","Read_2959",0.0241451572647336,"Haplotype_A_Unmeth"
"NGS_H19_Hetero_Phased_Rep2","Read_2960",0.0194856445196211,"Haplotype_A_Unmeth"
"NGS_H19_Hetero_Phased_Rep2","Read_2961",0.0146632743899669,"Haplotype_A_Unmeth"
"NGS_H19_Hetero_Phased_Rep2","Read_2962",0.0166783608497813,"Haplotype_A_Unmeth"
"NGS_H19_Hetero_Phased_Rep2","Read_2963",0.0110469391603271,"Haplotype_A_Unmeth"
"NGS_H19_Hetero_Phased_Rep2","Read_2964",0.978672725037163,"Haplotype_B_Meth"
"NGS_H19_Hetero_Phased_Rep2","Read_2965",0.0203066027334308,"Haplotype_A_Unmeth"
"NGS_H19_Hetero_Phased_Rep2","Read_2966",0.0202199122773034,"Haplotype_A_Unmeth"
"NGS_H19_Hetero_Phased_Rep2","Read_2967",0.983956575780965,"Haplotype_B_Meth"
"NGS_H19_Hetero_Phased_Rep2","Read_2968",0.014436561891624,"Haplotype_A_Unmeth"
"NGS_H19_Hetero_Phased_Rep2","Read_2969",0.974328716839669,"Haplotype_B_Meth"
"NGS_H19_Hetero_Phased_Rep2","Read_2970",0.981051651162543,"Haplotype_B_Meth"
"NGS_H19_Hetero_Phased_Rep2","Read_2971",0.0236024408727709,"Haplotype_A_Unmeth"
"NGS_H19_Hetero_Phased_Rep2","Read_2972",0.976102292941318,"Haplotype_B_Meth"
"NGS_H19_Hetero_Phased_Rep2","Read_2973",0.0203022836942574,"Haplotype_A_Unmeth"
"NGS_H19_Hetero_Phased_Rep2","Read_2974",0.0196021071950134,"Haplotype_A_Unmeth"
"NGS_H19_Hetero_Phased_Rep2","Read_2975",0.0183221407507369,"Haplotype_A_Unmeth"
"NGS_H19_Hetero_Phased_Rep2","Read_2976",0.0179220710940587,"Haplotype_A_Unmeth"
"NGS_H19_Hetero_Phased_Rep2","Read_2977",0.981927342825925,"Haplotype_B_Meth"
"NGS_H19_Hetero_Phased_Rep2","Read_2978",0.983035358223451,"Haplotype_B_Meth"
"NGS_H19_Hetero_Phased_Rep2","Read_2979",0.0235422319259188,"Haplotype_A_Unmeth"
"NGS_H19_Hetero_Phased_Rep2","Read_2980",0.976845183519467,"Haplotype_B_Meth"
"NGS_H19_Hetero_Phased_Rep2","Read_2981",0.0225129935831004,"Haplotype_A_Unmeth"
"NGS_H19_Hetero_Phased_Rep2","Read_2982",0.0183627012147246,"Haplotype_A_Unmeth"
"NGS_H19_Hetero_Phased_Rep2","Read_2983",0.968249967861194,"Haplotype_B_Meth"
"NGS_H19_Hetero_Phased_Rep2","Read_2984",0.978303396462556,"Haplotype_B_Meth"
"NGS_H19_Hetero_Phased_Rep2","Read_2985",0.0199225967182412,"Haplotype_A_Unmeth"
"NGS_H19_Hetero_Phased_Rep2","Read_2986",0.0213412622863935,"Haplotype_A_Unmeth"
"NGS_H19_Hetero_Phased_Rep2","Read_2987",0.972824685258257,"Haplotype_B_Meth"
"NGS_H19_Hetero_Phased_Rep2","Read_2988",0.0182401264570313,"Haplotype_A_Unmeth"
"NGS_H19_Hetero_Phased_Rep2","Read_2989",0.0145432143419718,"Haplotype_A_Unmeth"
"NGS_H19_Hetero_Phased_Rep2","Read_2990",0.98720259181447,"Haplotype_B_Meth"
"NGS_H19_Hetero_Phased_Rep2","Read_2991",0.0240740707287811,"Haplotype_A_Unmeth"
"NGS_H19_Hetero_Phased_Rep2","Read_2992",0.022011572890753,"Haplotype_A_Unmeth"
"NGS_H19_Hetero_Phased_Rep2","Read_2993",0.976173022724263,"Haplotype_B_Meth"
"NGS_H19_Hetero_Phased_Rep2","Read_2994",0.980453432181385,"Haplotype_B_Meth"
"NGS_H19_Hetero_Phased_Rep2","Read_2995",0.981240590151524,"Haplotype_B_Meth"
"NGS_H19_Hetero_Phased_Rep2","Read_2996",0.977903090911416,"Haplotype_B_Meth"
"NGS_H19_Hetero_Phased_Rep2","Read_2997",0.0170561245203255,"Haplotype_A_Unmeth"
"NGS_H19_Hetero_Phased_Rep2","Read_2998",0.988200326683671,"Haplotype_B_Meth"
"NGS_H19_Hetero_Phased_Rep2","Read_2999",0.0376920715473628,"Haplotype_A_Unmeth"
"NGS_H19_Hetero_Phased_Rep2","Read_3000",0.979040917540959,"Haplotype_B_Meth"
